experiment_id,world_hash,seed,replicate,n_robots,n_loads,heterogeneity,demand_ratio,geometry,graph,lambda2,method,protocol,fitness_mode,step,potential
SP2_HETEROGENEOUS_GAME_v1,10094ae5a1c1d9f7cb38,340000,0,8,3,low,0.7,uniform,complete,7.999999999999991,smith__marginal_deficit,smith,marginal_deficit,0,6.9427560569930495
SP2_HETEROGENEOUS_GAME_v1,10094ae5a1c1d9f7cb38,340000,0,8,3,low,0.7,uniform,complete,7.999999999999991,smith__marginal_deficit,smith,marginal_deficit,1,6.96765563931099
SP2_HETEROGENEOUS_GAME_v1,10094ae5a1c1d9f7cb38,340000,0,8,3,low,0.7,uniform,complete,7.999999999999991,smith__marginal_deficit,smith,marginal_deficit,2,6.985595979069657
SP2_HETEROGENEOUS_GAME_v1,10094ae5a1c1d9f7cb38,340000,0,8,3,low,0.7,uniform,complete,7.999999999999991,smith__marginal_deficit,smith,marginal_deficit,3,6.999624078921141
SP2_HETEROGENEOUS_GAME_v1,10094ae5a1c1d9f7cb38,340000,0,8,3,low,0.7,uniform,complete,7.999999999999991,smith__marginal_deficit,smith,marginal_deficit,4,7.011409540996947
SP2_HETEROGENEOUS_GAME_v1,10094ae5a1c1d9f7cb38,340000,0,8,3,low,0.7,uniform,complete,7.999999999999991,smith__marginal_deficit,smith,marginal_deficit,5,7.0218797448181265
SP2_HETEROGENEOUS_GAME_v1,10094ae5a1c1d9f7cb38,340000,0,8,3,low,0.7,uniform,complete,7.999999999999991,smith__marginal_deficit,smith,marginal_deficit,6,7.031556157449959
SP2_HETEROGENEOUS_GAME_v1,10094ae5a1c1d9f7cb38,340000,0,8,3,low,0.7,uniform,complete,7.999999999999991,smith__marginal_deficit,smith,marginal_deficit,7,7.040735428804926
SP2_HETEROGENEOUS_GAME_v1,10094ae5a1c1d9f7cb38,340000,0,8,3,low,0.7,uniform,complete,7.999999999999991,smith__marginal_deficit,smith,marginal_deficit,8,7.049585653997438
SP2_HETEROGENEOUS_GAME_v1,10094ae5a1c1d9f7cb38,340000,0,8,3,low,0.7,uniform,complete,7.999999999999991,smith__marginal_deficit,smith,marginal_deficit,9,7.058180808839225
SP2_HETEROGENEOUS_GAME_v1,10094ae5a1c1d9f7cb38,340000,0,8,3,low,0.7,uniform,complete,7.999999999999991,smith__marginal_deficit,smith,marginal_deficit,10,7.06592084541042
SP2_HETEROGENEOUS_GAME_v1,10094ae5a1c1d9f7cb38,340000,0,8,3,low,0.7,uniform,complete,7.999999999999991,smith__marginal_deficit,smith,marginal_deficit,11,7.072526446845725
SP2_HETEROGENEOUS_GAME_v1,10094ae5a1c1d9f7cb38,340000,0,8,3,low,0.7,uniform,complete,7.999999999999991,smith__marginal_deficit,smith,marginal_deficit,12,7.078491524188399
SP2_HETEROGENEOUS_GAME_v1,10094ae5a1c1d9f7cb38,340000,0,8,3,low,0.7,uniform,complete,7.999999999999991,smith__marginal_deficit,smith,marginal_deficit,13,7.084041787244766
SP2_HETEROGENEOUS_GAME_v1,10094ae5a1c1d9f7cb38,340000,0,8,3,low,0.7,uniform,complete,7.999999999999991,smith__marginal_deficit,smith,marginal_deficit,14,7.08929060966152
SP2_HETEROGENEOUS_GAME_v1,10094ae5a1c1d9f7cb38,340000,0,8,3,low,0.7,uniform,complete,7.999999999999991,smith__marginal_deficit,smith,marginal_deficit,15,7.094304273359711
SP2_HETEROGENEOUS_GAME_v1,10094ae5a1c1d9f7cb38,340000,0,8,3,low,0.7,uniform,complete,7.999999999999991,smith__marginal_deficit,smith,marginal_deficit,16,7.099127260311452
SP2_HETEROGENEOUS_GAME_v1,10094ae5a1c1d9f7cb38,340000,0,8,3,low,0.7,uniform,complete,7.999999999999991,smith__marginal_deficit,smith,marginal_deficit,17,7.103792240071022
SP2_HETEROGENEOUS_GAME_v1,10094ae5a1c1d9f7cb38,340000,0,8,3,low,0.7,uniform,complete,7.999999999999991,smith__marginal_deficit,smith,marginal_deficit,18,7.108324224535019
SP2_HETEROGENEOUS_GAME_v1,10094ae5a1c1d9f7cb38,340000,0,8,3,low,0.7,uniform,complete,7.999999999999991,smith__marginal_deficit,smith,marginal_deficit,19,7.1127426199940995
SP2_HETEROGENEOUS_GAME_v1,10094ae5a1c1d9f7cb38,340000,0,8,3,low,0.7,uniform,complete,7.999999999999991,smith__marginal_deficit,smith,marginal_deficit,20,7.11706258658371
SP2_HETEROGENEOUS_GAME_v1,10094ae5a1c1d9f7cb38,340000,0,8,3,low,0.7,uniform,complete,7.999999999999991,smith__marginal_deficit,smith,marginal_deficit,21,7.121296059914399
SP2_HETEROGENEOUS_GAME_v1,10094ae5a1c1d9f7cb38,340000,0,8,3,low,0.7,uniform,complete,7.999999999999991,smith__marginal_deficit,smith,marginal_deficit,22,7.125452518417757
SP2_HETEROGENEOUS_GAME_v1,10094ae5a1c1d9f7cb38,340000,0,8,3,low,0.7,uniform,complete,7.999999999999991,smith__marginal_deficit,smith,marginal_deficit,23,7.12953954757388
SP2_HETEROGENEOUS_GAME_v1,10094ae5a1c1d9f7cb38,340000,0,8,3,low,0.7,uniform,complete,7.999999999999991,smith__marginal_deficit,smith,marginal_deficit,24,7.133563200016613
SP2_HETEROGENEOUS_GAME_v1,10094ae5a1c1d9f7cb38,340000,0,8,3,low,0.7,uniform,complete,7.999999999999991,smith__marginal_deficit,smith,marginal_deficit,25,7.137528324115268
SP2_HETEROGENEOUS_GAME_v1,10094ae5a1c1d9f7cb38,340000,0,8,3,low,0.7,uniform,complete,7.999999999999991,smith__marginal_deficit,smith,marginal_deficit,26,7.1414388279973355
SP2_HETEROGENEOUS_GAME_v1,10094ae5a1c1d9f7cb38,340000,0,8,3,low,0.7,uniform,complete,7.999999999999991,smith__marginal_deficit,smith,marginal_deficit,27,7.145297884503462
SP2_HETEROGENEOUS_GAME_v1,10094ae5a1c1d9f7cb38,340000,0,8,3,low,0.7,uniform,complete,7.999999999999991,smith__marginal_deficit,smith,marginal_deficit,28,7.149108090658978
SP2_HETEROGENEOUS_GAME_v1,10094ae5a1c1d9f7cb38,340000,0,8,3,low,0.7,uniform,complete,7.999999999999991,smith__marginal_deficit,smith,marginal_deficit,29,7.152871589736424
SP2_HETEROGENEOUS_GAME_v1,10094ae5a1c1d9f7cb38,340000,0,8,3,low,0.7,uniform,complete,7.999999999999991,smith__marginal_deficit,smith,marginal_deficit,30,7.156590168991389
SP2_HETEROGENEOUS_GAME_v1,10094ae5a1c1d9f7cb38,340000,0,8,3,low,0.7,uniform,complete,7.999999999999991,smith__marginal_deficit,smith,marginal_deficit,31,7.160265338244822
SP2_HETEROGENEOUS_GAME_v1,10094ae5a1c1d9f7cb38,340000,0,8,3,low,0.7,uniform,complete,7.999999999999991,smith__marginal_deficit,smith,marginal_deficit,32,7.163898388457777
SP2_HETEROGENEOUS_GAME_v1,10094ae5a1c1d9f7cb38,340000,0,8,3,low,0.7,uniform,complete,7.999999999999991,smith__marginal_deficit,smith,marginal_deficit,33,7.167490437478392
SP2_HETEROGENEOUS_GAME_v1,10094ae5a1c1d9f7cb38,340000,0,8,3,low,0.7,uniform,complete,7.999999999999991,smith__marginal_deficit,smith,marginal_deficit,34,7.171042465874068
SP2_HETEROGENEOUS_GAME_v1,10094ae5a1c1d9f7cb38,340000,0,8,3,low,0.7,uniform,complete,7.999999999999991,smith__marginal_deficit,smith,marginal_deficit,35,7.1745553450152
SP2_HETEROGENEOUS_GAME_v1,10094ae5a1c1d9f7cb38,340000,0,8,3,low,0.7,uniform,complete,7.999999999999991,smith__marginal_deficit,smith,marginal_deficit,36,7.17802985910113
SP2_HETEROGENEOUS_GAME_v1,10094ae5a1c1d9f7cb38,340000,0,8,3,low,0.7,uniform,complete,7.999999999999991,smith__marginal_deficit,smith,marginal_deficit,37,7.181466722448103
SP2_HETEROGENEOUS_GAME_v1,10094ae5a1c1d9f7cb38,340000,0,8,3,low,0.7,uniform,complete,7.999999999999991,smith__marginal_deficit,smith,marginal_deficit,38,7.184866593069803
SP2_HETEROGENEOUS_GAME_v1,10094ae5a1c1d9f7cb38,340000,0,8,3,low,0.7,uniform,complete,7.999999999999991,smith__marginal_deficit,smith,marginal_deficit,39,7.188230083355386
SP2_HETEROGENEOUS_GAME_v1,10094ae5a1c1d9f7cb38,340000,0,8,3,low,0.7,uniform,complete,7.999999999999991,smith__marginal_deficit,smith,marginal_deficit,40,7.191557768474005
SP2_HETEROGENEOUS_GAME_v1,10094ae5a1c1d9f7cb38,340000,0,8,3,low,0.7,uniform,complete,7.999999999999991,smith__marginal_deficit,smith,marginal_deficit,41,7.194850192997399
SP2_HETEROGENEOUS_GAME_v1,10094ae5a1c1d9f7cb38,340000,0,8,3,low,0.7,uniform,complete,7.999999999999991,smith__marginal_deficit,smith,marginal_deficit,42,7.198107876125047
SP2_HETEROGENEOUS_GAME_v1,10094ae5a1c1d9f7cb38,340000,0,8,3,low,0.7,uniform,complete,7.999999999999991,smith__marginal_deficit,smith,marginal_deficit,43,7.201331315812592
SP2_HETEROGENEOUS_GAME_v1,10094ae5a1c1d9f7cb38,340000,0,8,3,low,0.7,uniform,complete,7.999999999999991,smith__marginal_deficit,smith,marginal_deficit,44,7.2045209920390585
SP2_HETEROGENEOUS_GAME_v1,10094ae5a1c1d9f7cb38,340000,0,8,3,low,0.7,uniform,complete,7.999999999999991,smith__marginal_deficit,smith,marginal_deficit,45,7.207677369397265
SP2_HETEROGENEOUS_GAME_v1,10094ae5a1c1d9f7cb38,340000,0,8,3,low,0.7,uniform,complete,7.999999999999991,smith__marginal_deficit,smith,marginal_deficit,46,7.210800899151941
SP2_HETEROGENEOUS_GAME_v1,10094ae5a1c1d9f7cb38,340000,0,8,3,low,0.7,uniform,complete,7.999999999999991,smith__marginal_deficit,smith,marginal_deficit,47,7.2138920208789745
SP2_HETEROGENEOUS_GAME_v1,10094ae5a1c1d9f7cb38,340000,0,8,3,low,0.7,uniform,complete,7.999999999999991,smith__marginal_deficit,smith,marginal_deficit,48,7.216951163774673
SP2_HETEROGENEOUS_GAME_v1,10094ae5a1c1d9f7cb38,340000,0,8,3,low,0.7,uniform,complete,7.999999999999991,smith__marginal_deficit,smith,marginal_deficit,49,7.219978747704972
SP2_HETEROGENEOUS_GAME_v1,10094ae5a1c1d9f7cb38,340000,0,8,3,low,0.7,uniform,complete,7.999999999999991,smith__marginal_deficit,smith,marginal_deficit,50,7.222975184049447
SP2_HETEROGENEOUS_GAME_v1,10094ae5a1c1d9f7cb38,340000,0,8,3,low,0.7,uniform,complete,7.999999999999991,smith__marginal_deficit,smith,marginal_deficit,51,7.2259408763833
SP2_HETEROGENEOUS_GAME_v1,10094ae5a1c1d9f7cb38,340000,0,8,3,low,0.7,uniform,complete,7.999999999999991,smith__marginal_deficit,smith,marginal_deficit,52,7.228876221031356
SP2_HETEROGENEOUS_GAME_v1,10094ae5a1c1d9f7cb38,340000,0,8,3,low,0.7,uniform,complete,7.999999999999991,smith__marginal_deficit,smith,marginal_deficit,53,7.231781607520755
SP2_HETEROGENEOUS_GAME_v1,10094ae5a1c1d9f7cb38,340000,0,8,3,low,0.7,uniform,complete,7.999999999999991,smith__marginal_deficit,smith,marginal_deficit,54,7.234657418953457
SP2_HETEROGENEOUS_GAME_v1,10094ae5a1c1d9f7cb38,340000,0,8,3,low,0.7,uniform,complete,7.999999999999991,smith__marginal_deficit,smith,marginal_deficit,55,7.237504032315224
SP2_HETEROGENEOUS_GAME_v1,10094ae5a1c1d9f7cb38,340000,0,8,3,low,0.7,uniform,complete,7.999999999999991,smith__marginal_deficit,smith,marginal_deficit,56,7.240321818734131
SP2_HETEROGENEOUS_GAME_v1,10094ae5a1c1d9f7cb38,340000,0,8,3,low,0.7,uniform,complete,7.999999999999991,smith__marginal_deficit,smith,marginal_deficit,57,7.24311114369903
SP2_HETEROGENEOUS_GAME_v1,10094ae5a1c1d9f7cb38,340000,0,8,3,low,0.7,uniform,complete,7.999999999999991,smith__marginal_deficit,smith,marginal_deficit,58,7.245872367246134
SP2_HETEROGENEOUS_GAME_v1,10094ae5a1c1d9f7cb38,340000,0,8,3,low,0.7,uniform,complete,7.999999999999991,smith__marginal_deficit,smith,marginal_deficit,59,7.248605844120176
SP2_HETEROGENEOUS_GAME_v1,10094ae5a1c1d9f7cb38,340000,0,8,3,low,0.7,uniform,complete,7.999999999999991,smith__marginal_deficit,smith,marginal_deficit,60,7.251311923915316
SP2_HETEROGENEOUS_GAME_v1,10094ae5a1c1d9f7cb38,340000,0,8,3,low,0.7,uniform,complete,7.999999999999991,smith__marginal_deficit,smith,marginal_deficit,61,7.253990951199789
SP2_HETEROGENEOUS_GAME_v1,10094ae5a1c1d9f7cb38,340000,0,8,3,low,0.7,uniform,complete,7.999999999999991,smith__marginal_deficit,smith,marginal_deficit,62,7.256643265627546
SP2_HETEROGENEOUS_GAME_v1,10094ae5a1c1d9f7cb38,340000,0,8,3,low,0.7,uniform,complete,7.999999999999991,smith__marginal_deficit,smith,marginal_deficit,63,7.259269202039445
SP2_HETEROGENEOUS_GAME_v1,10094ae5a1c1d9f7cb38,340000,0,8,3,low,0.7,uniform,complete,7.999999999999991,smith__marginal_deficit,smith,marginal_deficit,64,7.261869090555961
SP2_HETEROGENEOUS_GAME_v1,10094ae5a1c1d9f7cb38,340000,0,8,3,low,0.7,uniform,complete,7.999999999999991,smith__marginal_deficit,smith,marginal_deficit,65,7.2644432566630535
SP2_HETEROGENEOUS_GAME_v1,10094ae5a1c1d9f7cb38,340000,0,8,3,low,0.7,uniform,complete,7.999999999999991,smith__marginal_deficit,smith,marginal_deficit,66,7.266992021292471
SP2_HETEROGENEOUS_GAME_v1,10094ae5a1c1d9f7cb38,340000,0,8,3,low,0.7,uniform,complete,7.999999999999991,smith__marginal_deficit,smith,marginal_deficit,67,7.269515700897459
SP2_HETEROGENEOUS_GAME_v1,10094ae5a1c1d9f7cb38,340000,0,8,3,low,0.7,uniform,complete,7.999999999999991,smith__marginal_deficit,smith,marginal_deficit,68,7.272014607524724
SP2_HETEROGENEOUS_GAME_v1,10094ae5a1c1d9f7cb38,340000,0,8,3,low,0.7,uniform,complete,7.999999999999991,smith__marginal_deficit,smith,marginal_deficit,69,7.274489048883247
SP2_HETEROGENEOUS_GAME_v1,10094ae5a1c1d9f7cb38,340000,0,8,3,low,0.7,uniform,complete,7.999999999999991,smith__marginal_deficit,smith,marginal_deficit,70,7.276939328410476
SP2_HETEROGENEOUS_GAME_v1,10094ae5a1c1d9f7cb38,340000,0,8,3,low,0.7,uniform,complete,7.999999999999991,smith__marginal_deficit,smith,marginal_deficit,71,7.279365745336314
SP2_HETEROGENEOUS_GAME_v1,10094ae5a1c1d9f7cb38,340000,0,8,3,low,0.7,uniform,complete,7.999999999999991,smith__marginal_deficit,smith,marginal_deficit,72,7.2817685947451825
SP2_HETEROGENEOUS_GAME_v1,10094ae5a1c1d9f7cb38,340000,0,8,3,low,0.7,uniform,complete,7.999999999999991,smith__marginal_deficit,smith,marginal_deficit,73,7.284148167636455
SP2_HETEROGENEOUS_GAME_v1,10094ae5a1c1d9f7cb38,340000,0,8,3,low,0.7,uniform,complete,7.999999999999991,smith__marginal_deficit,smith,marginal_deficit,74,7.286504750983456
SP2_HETEROGENEOUS_GAME_v1,10094ae5a1c1d9f7cb38,340000,0,8,3,low,0.7,uniform,complete,7.999999999999991,smith__marginal_deficit,smith,marginal_deficit,75,7.288838627791162
SP2_HETEROGENEOUS_GAME_v1,10094ae5a1c1d9f7cb38,340000,0,8,3,low,0.7,uniform,complete,7.999999999999991,smith__marginal_deficit,smith,marginal_deficit,76,7.291150077152782
SP2_HETEROGENEOUS_GAME_v1,10094ae5a1c1d9f7cb38,340000,0,8,3,low,0.7,uniform,complete,7.999999999999991,smith__marginal_deficit,smith,marginal_deficit,77,7.293439374305271
SP2_HETEROGENEOUS_GAME_v1,10094ae5a1c1d9f7cb38,340000,0,8,3,low,0.7,uniform,complete,7.999999999999991,smith__marginal_deficit,smith,marginal_deficit,78,7.295706790683897
SP2_HETEROGENEOUS_GAME_v1,10094ae5a1c1d9f7cb38,340000,0,8,3,low,0.7,uniform,complete,7.999999999999991,smith__marginal_deficit,smith,marginal_deficit,79,7.29795259397592
SP2_HETEROGENEOUS_GAME_v1,10094ae5a1c1d9f7cb38,340000,0,8,3,low,0.7,uniform,complete,7.999999999999991,smith__marginal_deficit,smith,marginal_deficit,80,7.300177048173431
SP2_HETEROGENEOUS_GAME_v1,10094ae5a1c1d9f7cb38,340000,0,8,3,low,0.7,uniform,complete,7.999999999999991,smith__marginal_deficit,smith,marginal_deficit,81,7.302380413625382
SP2_HETEROGENEOUS_GAME_v1,10094ae5a1c1d9f7cb38,340000,0,8,3,low,0.7,uniform,complete,7.999999999999991,smith__marginal_deficit,smith,marginal_deficit,82,7.30456294708889
SP2_HETEROGENEOUS_GAME_v1,10094ae5a1c1d9f7cb38,340000,0,8,3,low,0.7,uniform,complete,7.999999999999991,smith__marginal_deficit,smith,marginal_deficit,83,7.306724901779781
SP2_HETEROGENEOUS_GAME_v1,10094ae5a1c1d9f7cb38,340000,0,8,3,low,0.7,uniform,complete,7.999999999999991,smith__marginal_deficit,smith,marginal_deficit,84,7.308866527422452
SP2_HETEROGENEOUS_GAME_v1,10094ae5a1c1d9f7cb38,340000,0,8,3,low,0.7,uniform,complete,7.999999999999991,smith__marginal_deficit,smith,marginal_deficit,85,7.31098807029905
SP2_HETEROGENEOUS_GAME_v1,10094ae5a1c1d9f7cb38,340000,0,8,3,low,0.7,uniform,complete,7.999999999999991,smith__marginal_deficit,smith,marginal_deficit,86,7.313089773297972
SP2_HETEROGENEOUS_GAME_v1,10094ae5a1c1d9f7cb38,340000,0,8,3,low,0.7,uniform,complete,7.999999999999991,smith__marginal_deficit,smith,marginal_deficit,87,7.315171875961725
SP2_HETEROGENEOUS_GAME_v1,10094ae5a1c1d9f7cb38,340000,0,8,3,low,0.7,uniform,complete,7.999999999999991,smith__marginal_deficit,smith,marginal_deficit,88,7.3172346145341365
SP2_HETEROGENEOUS_GAME_v1,10094ae5a1c1d9f7cb38,340000,0,8,3,low,0.7,uniform,complete,7.999999999999991,smith__marginal_deficit,smith,marginal_deficit,89,7.319278222006968
SP2_HETEROGENEOUS_GAME_v1,10094ae5a1c1d9f7cb38,340000,0,8,3,low,0.7,uniform,complete,7.999999999999991,smith__marginal_deficit,smith,marginal_deficit,90,7.321302928165862
SP2_HETEROGENEOUS_GAME_v1,10094ae5a1c1d9f7cb38,340000,0,8,3,low,0.7,uniform,complete,7.999999999999991,smith__marginal_deficit,smith,marginal_deficit,91,7.323308959635727
SP2_HETEROGENEOUS_GAME_v1,10094ae5a1c1d9f7cb38,340000,0,8,3,low,0.7,uniform,complete,7.999999999999991,smith__marginal_deficit,smith,marginal_deficit,92,7.325296539925503
SP2_HETEROGENEOUS_GAME_v1,10094ae5a1c1d9f7cb38,340000,0,8,3,low,0.7,uniform,complete,7.999999999999991,smith__marginal_deficit,smith,marginal_deficit,93,7.327265889472331
SP2_HETEROGENEOUS_GAME_v1,10094ae5a1c1d9f7cb38,340000,0,8,3,low,0.7,uniform,complete,7.999999999999991,smith__marginal_deficit,smith,marginal_deficit,94,7.32921722568515
SP2_HETEROGENEOUS_GAME_v1,10094ae5a1c1d9f7cb38,340000,0,8,3,low,0.7,uniform,complete,7.999999999999991,smith__marginal_deficit,smith,marginal_deficit,95,7.331150762987705
SP2_HETEROGENEOUS_GAME_v1,10094ae5a1c1d9f7cb38,340000,0,8,3,low,0.7,uniform,complete,7.999999999999991,smith__marginal_deficit,smith,marginal_deficit,96,7.333066712860991
SP2_HETEROGENEOUS_GAME_v1,10094ae5a1c1d9f7cb38,340000,0,8,3,low,0.7,uniform,complete,7.999999999999991,smith__marginal_deficit,smith,marginal_deficit,97,7.334965283885132
SP2_HETEROGENEOUS_GAME_v1,10094ae5a1c1d9f7cb38,340000,0,8,3,low,0.7,uniform,complete,7.999999999999991,smith__marginal_deficit,smith,marginal_deficit,98,7.336846681780699
SP2_HETEROGENEOUS_GAME_v1,10094ae5a1c1d9f7cb38,340000,0,8,3,low,0.7,uniform,complete,7.999999999999991,smith__marginal_deficit,smith,marginal_deficit,99,7.338711109449477
SP2_HETEROGENEOUS_GAME_v1,10094ae5a1c1d9f7cb38,340000,0,8,3,low,0.7,uniform,complete,7.999999999999991,smith__marginal_deficit,smith,marginal_deficit,100,7.340558767014681
SP2_HETEROGENEOUS_GAME_v1,10094ae5a1c1d9f7cb38,340000,0,8,3,low,0.7,uniform,complete,7.999999999999991,smith__marginal_deficit,smith,marginal_deficit,101,7.342389851860653
SP2_HETEROGENEOUS_GAME_v1,10094ae5a1c1d9f7cb38,340000,0,8,3,low,0.7,uniform,complete,7.999999999999991,smith__marginal_deficit,smith,marginal_deficit,102,7.34420455867198
SP2_HETEROGENEOUS_GAME_v1,10094ae5a1c1d9f7cb38,340000,0,8,3,low,0.7,uniform,complete,7.999999999999991,smith__marginal_deficit,smith,marginal_deficit,103,7.346003079472142
SP2_HETEROGENEOUS_GAME_v1,10094ae5a1c1d9f7cb38,340000,0,8,3,low,0.7,uniform,complete,7.999999999999991,smith__marginal_deficit,smith,marginal_deficit,104,7.347785603661589
SP2_HETEROGENEOUS_GAME_v1,10094ae5a1c1d9f7cb38,340000,0,8,3,low,0.7,uniform,complete,7.999999999999991,smith__marginal_deficit,smith,marginal_deficit,105,7.349552318055325
SP2_HETEROGENEOUS_GAME_v1,10094ae5a1c1d9f7cb38,340000,0,8,3,low,0.7,uniform,complete,7.999999999999991,smith__marginal_deficit,smith,marginal_deficit,106,7.351303406919977
SP2_HETEROGENEOUS_GAME_v1,10094ae5a1c1d9f7cb38,340000,0,8,3,low,0.7,uniform,complete,7.999999999999991,smith__marginal_deficit,smith,marginal_deficit,107,7.353039052010354
SP2_HETEROGENEOUS_GAME_v1,10094ae5a1c1d9f7cb38,340000,0,8,3,low,0.7,uniform,complete,7.999999999999991,smith__marginal_deficit,smith,marginal_deficit,108,7.35475943260551
SP2_HETEROGENEOUS_GAME_v1,10094ae5a1c1d9f7cb38,340000,0,8,3,low,0.7,uniform,complete,7.999999999999991,smith__marginal_deficit,smith,marginal_deficit,109,7.3564647255443205
SP2_HETEROGENEOUS_GAME_v1,10094ae5a1c1d9f7cb38,340000,0,8,3,low,0.7,uniform,complete,7.999999999999991,smith__marginal_deficit,smith,marginal_deficit,110,7.358155105260557
SP2_HETEROGENEOUS_GAME_v1,10094ae5a1c1d9f7cb38,340000,0,8,3,low,0.7,uniform,complete,7.999999999999991,smith__marginal_deficit,smith,marginal_deficit,111,7.359830743817476
SP2_HETEROGENEOUS_GAME_v1,10094ae5a1c1d9f7cb38,340000,0,8,3,low,0.7,uniform,complete,7.999999999999991,smith__marginal_deficit,smith,marginal_deficit,112,7.361491810941962
SP2_HETEROGENEOUS_GAME_v1,10094ae5a1c1d9f7cb38,340000,0,8,3,low,0.7,uniform,complete,7.999999999999991,smith__marginal_deficit,smith,marginal_deficit,113,7.363138474058152
SP2_HETEROGENEOUS_GAME_v1,10094ae5a1c1d9f7cb38,340000,0,8,3,low,0.7,uniform,complete,7.999999999999991,smith__marginal_deficit,smith,marginal_deficit,114,7.364770898320642
SP2_HETEROGENEOUS_GAME_v1,10094ae5a1c1d9f7cb38,340000,0,8,3,low,0.7,uniform,complete,7.999999999999991,smith__marginal_deficit,smith,marginal_deficit,115,7.3663892466471905
SP2_HETEROGENEOUS_GAME_v1,10094ae5a1c1d9f7cb38,340000,0,8,3,low,0.7,uniform,complete,7.999999999999991,smith__marginal_deficit,smith,marginal_deficit,116,7.367993679750994
SP2_HETEROGENEOUS_GAME_v1,10094ae5a1c1d9f7cb38,340000,0,8,3,low,0.7,uniform,complete,7.999999999999991,smith__marginal_deficit,smith,marginal_deficit,117,7.369584356172505
SP2_HETEROGENEOUS_GAME_v1,10094ae5a1c1d9f7cb38,340000,0,8,3,low,0.7,uniform,complete,7.999999999999991,smith__marginal_deficit,smith,marginal_deficit,118,7.371161432310804
SP2_HETEROGENEOUS_GAME_v1,10094ae5a1c1d9f7cb38,340000,0,8,3,low,0.7,uniform,complete,7.999999999999991,smith__marginal_deficit,smith,marginal_deficit,119,7.37272506245453
SP2_HETEROGENEOUS_GAME_v1,10094ae5a1c1d9f7cb38,340000,0,8,3,low,0.7,uniform,complete,7.999999999999991,smith__marginal_deficit,smith,marginal_deficit,120,7.37427539881239
SP2_HETEROGENEOUS_GAME_v1,10094ae5a1c1d9f7cb38,340000,0,8,3,low,0.7,uniform,complete,7.999999999999991,smith__marginal_deficit,smith,marginal_deficit,121,7.375812591543224
SP2_HETEROGENEOUS_GAME_v1,10094ae5a1c1d9f7cb38,340000,0,8,3,low,0.7,uniform,complete,7.999999999999991,smith__marginal_deficit,smith,marginal_deficit,122,7.377336788785651
SP2_HETEROGENEOUS_GAME_v1,10094ae5a1c1d9f7cb38,340000,0,8,3,low,0.7,uniform,complete,7.999999999999991,smith__marginal_deficit,smith,marginal_deficit,123,7.378848136687302
SP2_HETEROGENEOUS_GAME_v1,10094ae5a1c1d9f7cb38,340000,0,8,3,low,0.7,uniform,complete,7.999999999999991,smith__marginal_deficit,smith,marginal_deficit,124,7.380346779433643
SP2_HETEROGENEOUS_GAME_v1,10094ae5a1c1d9f7cb38,340000,0,8,3,low,0.7,uniform,complete,7.999999999999991,smith__marginal_deficit,smith,marginal_deficit,125,7.381832859276373
SP2_HETEROGENEOUS_GAME_v1,10094ae5a1c1d9f7cb38,340000,0,8,3,low,0.7,uniform,complete,7.999999999999991,smith__marginal_deficit,smith,marginal_deficit,126,7.3833065165614435
SP2_HETEROGENEOUS_GAME_v1,10094ae5a1c1d9f7cb38,340000,0,8,3,low,0.7,uniform,complete,7.999999999999991,smith__marginal_deficit,smith,marginal_deficit,127,7.3847678897566515
SP2_HETEROGENEOUS_GAME_v1,10094ae5a1c1d9f7cb38,340000,0,8,3,low,0.7,uniform,complete,7.999999999999991,smith__marginal_deficit,smith,marginal_deficit,128,7.386217115478869
SP2_HETEROGENEOUS_GAME_v1,10094ae5a1c1d9f7cb38,340000,0,8,3,low,0.7,uniform,complete,7.999999999999991,smith__marginal_deficit,smith,marginal_deficit,129,7.387654328520866
SP2_HETEROGENEOUS_GAME_v1,10094ae5a1c1d9f7cb38,340000,0,8,3,low,0.7,uniform,complete,7.999999999999991,smith__marginal_deficit,smith,marginal_deficit,130,7.389079661877746
SP2_HETEROGENEOUS_GAME_v1,10094ae5a1c1d9f7cb38,340000,0,8,3,low,0.7,uniform,complete,7.999999999999991,smith__marginal_deficit,smith,marginal_deficit,131,7.390493246773027
SP2_HETEROGENEOUS_GAME_v1,10094ae5a1c1d9f7cb38,340000,0,8,3,low,0.7,uniform,complete,7.999999999999991,smith__marginal_deficit,smith,marginal_deficit,132,7.39189521268501
SP2_HETEROGENEOUS_GAME_v1,10094ae5a1c1d9f7cb38,340000,0,8,3,low,0.7,uniform,complete,7.999999999999991,smith__marginal_deficit,smith,marginal_deficit,133,7.393285687382162
SP2_HETEROGENEOUS_GAME_v1,10094ae5a1c1d9f7cb38,340000,0,8,3,low,0.7,uniform,complete,7.999999999999991,smith__marginal_deficit,smith,marginal_deficit,134,7.394664796942492
SP2_HETEROGENEOUS_GAME_v1,10094ae5a1c1d9f7cb38,340000,0,8,3,low,0.7,uniform,complete,7.999999999999991,smith__marginal_deficit,smith,marginal_deficit,135,7.396032665770172
SP2_HETEROGENEOUS_GAME_v1,10094ae5a1c1d9f7cb38,340000,0,8,3,low,0.7,uniform,complete,7.999999999999991,smith__marginal_deficit,smith,marginal_deficit,136,7.397389416620507
SP2_HETEROGENEOUS_GAME_v1,10094ae5a1c1d9f7cb38,340000,0,8,3,low,0.7,uniform,complete,7.999999999999991,smith__marginal_deficit,smith,marginal_deficit,137,7.398735170624257
SP2_HETEROGENEOUS_GAME_v1,10094ae5a1c1d9f7cb38,340000,0,8,3,low,0.7,uniform,complete,7.999999999999991,smith__marginal_deficit,smith,marginal_deficit,138,7.400070047311455
SP2_HETEROGENEOUS_GAME_v1,10094ae5a1c1d9f7cb38,340000,0,8,3,low,0.7,uniform,complete,7.999999999999991,smith__marginal_deficit,smith,marginal_deficit,139,7.401394164634817
SP2_HETEROGENEOUS_GAME_v1,10094ae5a1c1d9f7cb38,340000,0,8,3,low,0.7,uniform,complete,7.999999999999991,smith__marginal_deficit,smith,marginal_deficit,140,7.402707638992731
SP2_HETEROGENEOUS_GAME_v1,10094ae5a1c1d9f7cb38,340000,0,8,3,low,0.7,uniform,complete,7.999999999999991,smith__marginal_deficit,smith,marginal_deficit,141,7.4040105852519105
SP2_HETEROGENEOUS_GAME_v1,10094ae5a1c1d9f7cb38,340000,0,8,3,low,0.7,uniform,complete,7.999999999999991,smith__marginal_deficit,smith,marginal_deficit,142,7.4053031167696775
SP2_HETEROGENEOUS_GAME_v1,10094ae5a1c1d9f7cb38,340000,0,8,3,low,0.7,uniform,complete,7.999999999999991,smith__marginal_deficit,smith,marginal_deficit,143,7.406585345415911
SP2_HETEROGENEOUS_GAME_v1,10094ae5a1c1d9f7cb38,340000,0,8,3,low,0.7,uniform,complete,7.999999999999991,smith__marginal_deficit,smith,marginal_deficit,144,7.407857381594681
SP2_HETEROGENEOUS_GAME_v1,10094ae5a1c1d9f7cb38,340000,0,8,3,low,0.7,uniform,complete,7.999999999999991,smith__marginal_deficit,smith,marginal_deficit,145,7.409119334265548
SP2_HETEROGENEOUS_GAME_v1,10094ae5a1c1d9f7cb38,340000,0,8,3,low,0.7,uniform,complete,7.999999999999991,smith__marginal_deficit,smith,marginal_deficit,146,7.410371310964547
SP2_HETEROGENEOUS_GAME_v1,10094ae5a1c1d9f7cb38,340000,0,8,3,low,0.7,uniform,complete,7.999999999999991,smith__marginal_deficit,smith,marginal_deficit,147,7.411613417824872
SP2_HETEROGENEOUS_GAME_v1,10094ae5a1c1d9f7cb38,340000,0,8,3,low,0.7,uniform,complete,7.999999999999991,smith__marginal_deficit,smith,marginal_deficit,148,7.412845759597241
SP2_HETEROGENEOUS_GAME_v1,10094ae5a1c1d9f7cb38,340000,0,8,3,low,0.7,uniform,complete,7.999999999999991,smith__marginal_deficit,smith,marginal_deficit,149,7.4140684396699745
SP2_HETEROGENEOUS_GAME_v1,10094ae5a1c1d9f7cb38,340000,0,8,3,low,0.7,uniform,complete,7.999999999999991,smith__marginal_deficit,smith,marginal_deficit,150,7.415281560088766
SP2_HETEROGENEOUS_GAME_v1,10094ae5a1c1d9f7cb38,340000,0,8,3,low,0.7,uniform,complete,7.999999999999991,smith__marginal_deficit,smith,marginal_deficit,151,7.416485221576163
SP2_HETEROGENEOUS_GAME_v1,10094ae5a1c1d9f7cb38,340000,0,8,3,low,0.7,uniform,complete,7.999999999999991,smith__marginal_deficit,smith,marginal_deficit,152,7.417679523550772
SP2_HETEROGENEOUS_GAME_v1,10094ae5a1c1d9f7cb38,340000,0,8,3,low,0.7,uniform,complete,7.999999999999991,smith__marginal_deficit,smith,marginal_deficit,153,7.418864564146149
SP2_HETEROGENEOUS_GAME_v1,10094ae5a1c1d9f7cb38,340000,0,8,3,low,0.7,uniform,complete,7.999999999999991,smith__marginal_deficit,smith,marginal_deficit,154,7.4200404402294495
SP2_HETEROGENEOUS_GAME_v1,10094ae5a1c1d9f7cb38,340000,0,8,3,low,0.7,uniform,complete,7.999999999999991,smith__marginal_deficit,smith,marginal_deficit,155,7.421207247419766
SP2_HETEROGENEOUS_GAME_v1,10094ae5a1c1d9f7cb38,340000,0,8,3,low,0.7,uniform,complete,7.999999999999991,smith__marginal_deficit,smith,marginal_deficit,156,7.422365080106221
SP2_HETEROGENEOUS_GAME_v1,10094ae5a1c1d9f7cb38,340000,0,8,3,low,0.7,uniform,complete,7.999999999999991,smith__marginal_deficit,smith,marginal_deficit,157,7.423514031465766
SP2_HETEROGENEOUS_GAME_v1,10094ae5a1c1d9f7cb38,340000,0,8,3,low,0.7,uniform,complete,7.999999999999991,smith__marginal_deficit,smith,marginal_deficit,158,7.424654193480736
SP2_HETEROGENEOUS_GAME_v1,10094ae5a1c1d9f7cb38,340000,0,8,3,low,0.7,uniform,complete,7.999999999999991,smith__marginal_deficit,smith,marginal_deficit,159,7.4257856569561325
SP2_HETEROGENEOUS_GAME_v1,10094ae5a1c1d9f7cb38,340000,0,8,3,low,0.7,uniform,complete,7.999999999999991,smith__marginal_deficit,smith,marginal_deficit,160,7.426908511536643
SP2_HETEROGENEOUS_GAME_v1,10094ae5a1c1d9f7cb38,340000,0,8,3,low,0.7,uniform,complete,7.999999999999991,smith__marginal_deficit,smith,marginal_deficit,161,7.428022845723435
SP2_HETEROGENEOUS_GAME_v1,10094ae5a1c1d9f7cb38,340000,0,8,3,low,0.7,uniform,complete,7.999999999999991,smith__marginal_deficit,smith,marginal_deficit,162,7.42912874689064
SP2_HETEROGENEOUS_GAME_v1,10094ae5a1c1d9f7cb38,340000,0,8,3,low,0.7,uniform,complete,7.999999999999991,smith__marginal_deficit,smith,marginal_deficit,163,7.43022630130167
SP2_HETEROGENEOUS_GAME_v1,10094ae5a1c1d9f7cb38,340000,0,8,3,low,0.7,uniform,complete,7.999999999999991,smith__marginal_deficit,smith,marginal_deficit,164,7.431315594125216
SP2_HETEROGENEOUS_GAME_v1,10094ae5a1c1d9f7cb38,340000,0,8,3,low,0.7,uniform,complete,7.999999999999991,smith__marginal_deficit,smith,marginal_deficit,165,7.432396709451059
SP2_HETEROGENEOUS_GAME_v1,10094ae5a1c1d9f7cb38,340000,0,8,3,low,0.7,uniform,complete,7.999999999999991,smith__marginal_deficit,smith,marginal_deficit,166,7.4334697303056085
SP2_HETEROGENEOUS_GAME_v1,10094ae5a1c1d9f7cb38,340000,0,8,3,low,0.7,uniform,complete,7.999999999999991,smith__marginal_deficit,smith,marginal_deficit,167,7.434534738667235
SP2_HETEROGENEOUS_GAME_v1,10094ae5a1c1d9f7cb38,340000,0,8,3,low,0.7,uniform,complete,7.999999999999991,smith__marginal_deficit,smith,marginal_deficit,168,7.435591815481348
SP2_HETEROGENEOUS_GAME_v1,10094ae5a1c1d9f7cb38,340000,0,8,3,low,0.7,uniform,complete,7.999999999999991,smith__marginal_deficit,smith,marginal_deficit,169,7.436641040675269
SP2_HETEROGENEOUS_GAME_v1,10094ae5a1c1d9f7cb38,340000,0,8,3,low,0.7,uniform,complete,7.999999999999991,smith__marginal_deficit,smith,marginal_deficit,170,7.4376824931728684
SP2_HETEROGENEOUS_GAME_v1,10094ae5a1c1d9f7cb38,340000,0,8,3,low,0.7,uniform,complete,7.999999999999991,smith__marginal_deficit,smith,marginal_deficit,171,7.438716250908978
SP2_HETEROGENEOUS_GAME_v1,10094ae5a1c1d9f7cb38,340000,0,8,3,low,0.7,uniform,complete,7.999999999999991,smith__marginal_deficit,smith,marginal_deficit,172,7.439742390843594
SP2_HETEROGENEOUS_GAME_v1,10094ae5a1c1d9f7cb38,340000,0,8,3,low,0.7,uniform,complete,7.999999999999991,smith__marginal_deficit,smith,marginal_deficit,173,7.440760988975873
SP2_HETEROGENEOUS_GAME_v1,10094ae5a1c1d9f7cb38,340000,0,8,3,low,0.7,uniform,complete,7.999999999999991,smith__marginal_deficit,smith,marginal_deficit,174,7.4417721203578955
SP2_HETEROGENEOUS_GAME_v1,10094ae5a1c1d9f7cb38,340000,0,8,3,low,0.7,uniform,complete,7.999999999999991,smith__marginal_deficit,smith,marginal_deficit,175,7.442775859108247
SP2_HETEROGENEOUS_GAME_v1,10094ae5a1c1d9f7cb38,340000,0,8,3,low,0.7,uniform,complete,7.999999999999991,smith__marginal_deficit,smith,marginal_deficit,176,7.443772278425364
SP2_HETEROGENEOUS_GAME_v1,10094ae5a1c1d9f7cb38,340000,0,8,3,low,0.7,uniform,complete,7.999999999999991,smith__marginal_deficit,smith,marginal_deficit,177,7.444761450600715
SP2_HETEROGENEOUS_GAME_v1,10094ae5a1c1d9f7cb38,340000,0,8,3,low,0.7,uniform,complete,7.999999999999991,smith__marginal_deficit,smith,marginal_deficit,178,7.445743447031745
SP2_HETEROGENEOUS_GAME_v1,10094ae5a1c1d9f7cb38,340000,0,8,3,low,0.7,uniform,complete,7.999999999999991,smith__marginal_deficit,smith,marginal_deficit,179,7.44671833823465
SP2_HETEROGENEOUS_GAME_v1,10094ae5a1c1d9f7cb38,340000,0,8,3,low,0.7,uniform,complete,7.999999999999991,smith__marginal_deficit,smith,marginal_deficit,180,7.44768619385695
SP2_HETEROGENEOUS_GAME_v1,10094ae5a1c1d9f7cb38,340000,0,8,3,low,0.7,uniform,complete,7.999999999999991,smith__marginal_deficit,smith,marginal_deficit,181,7.4486470826898605
SP2_HETEROGENEOUS_GAME_v1,10094ae5a1c1d9f7cb38,340000,0,8,3,low,0.7,uniform,complete,7.999999999999991,smith__marginal_deficit,smith,marginal_deficit,182,7.449601072680508
SP2_HETEROGENEOUS_GAME_v1,10094ae5a1c1d9f7cb38,340000,0,8,3,low,0.7,uniform,complete,7.999999999999991,smith__marginal_deficit,smith,marginal_deficit,183,7.450548230943912
SP2_HETEROGENEOUS_GAME_v1,10094ae5a1c1d9f7cb38,340000,0,8,3,low,0.7,uniform,complete,7.999999999999991,smith__marginal_deficit,smith,marginal_deficit,184,7.451488623774836
SP2_HETEROGENEOUS_GAME_v1,10094ae5a1c1d9f7cb38,340000,0,8,3,low,0.7,uniform,complete,7.999999999999991,smith__marginal_deficit,smith,marginal_deficit,185,7.452422316659419
SP2_HETEROGENEOUS_GAME_v1,10094ae5a1c1d9f7cb38,340000,0,8,3,low,0.7,uniform,complete,7.999999999999991,smith__marginal_deficit,smith,marginal_deficit,186,7.453349374286658
SP2_HETEROGENEOUS_GAME_v1,10094ae5a1c1d9f7cb38,340000,0,8,3,low,0.7,uniform,complete,7.999999999999991,smith__marginal_deficit,smith,marginal_deficit,187,7.454269860559695
SP2_HETEROGENEOUS_GAME_v1,10094ae5a1c1d9f7cb38,340000,0,8,3,low,0.7,uniform,complete,7.999999999999991,smith__marginal_deficit,smith,marginal_deficit,188,7.455183838606948
SP2_HETEROGENEOUS_GAME_v1,10094ae5a1c1d9f7cb38,340000,0,8,3,low,0.7,uniform,complete,7.999999999999991,smith__marginal_deficit,smith,marginal_deficit,189,7.456091370793067
SP2_HETEROGENEOUS_GAME_v1,10094ae5a1c1d9f7cb38,340000,0,8,3,low,0.7,uniform,complete,7.999999999999991,smith__marginal_deficit,smith,marginal_deficit,190,7.456992518729719
SP2_HETEROGENEOUS_GAME_v1,10094ae5a1c1d9f7cb38,340000,0,8,3,low,0.7,uniform,complete,7.999999999999991,smith__marginal_deficit,smith,marginal_deficit,191,7.457887343286223
SP2_HETEROGENEOUS_GAME_v1,10094ae5a1c1d9f7cb38,340000,0,8,3,low,0.7,uniform,complete,7.999999999999991,smith__marginal_deficit,smith,marginal_deficit,192,7.458775904600001
SP2_HETEROGENEOUS_GAME_v1,10094ae5a1c1d9f7cb38,340000,0,8,3,low,0.7,uniform,complete,7.999999999999991,smith__marginal_deficit,smith,marginal_deficit,193,7.4596582620868945
SP2_HETEROGENEOUS_GAME_v1,10094ae5a1c1d9f7cb38,340000,0,8,3,low,0.7,uniform,complete,7.999999999999991,smith__marginal_deficit,smith,marginal_deficit,194,7.460534474451306
SP2_HETEROGENEOUS_GAME_v1,10094ae5a1c1d9f7cb38,340000,0,8,3,low,0.7,uniform,complete,7.999999999999991,smith__marginal_deficit,smith,marginal_deficit,195,7.461404599696199
SP2_HETEROGENEOUS_GAME_v1,10094ae5a1c1d9f7cb38,340000,0,8,3,low,0.7,uniform,complete,7.999999999999991,smith__marginal_deficit,smith,marginal_deficit,196,7.4622686951329325
SP2_HETEROGENEOUS_GAME_v1,10094ae5a1c1d9f7cb38,340000,0,8,3,low,0.7,uniform,complete,7.999999999999991,smith__marginal_deficit,smith,marginal_deficit,197,7.4631268173909575
SP2_HETEROGENEOUS_GAME_v1,10094ae5a1c1d9f7cb38,340000,0,8,3,low,0.7,uniform,complete,7.999999999999991,smith__marginal_deficit,smith,marginal_deficit,198,7.463979022427367
SP2_HETEROGENEOUS_GAME_v1,10094ae5a1c1d9f7cb38,340000,0,8,3,low,0.7,uniform,complete,7.999999999999991,smith__marginal_deficit,smith,marginal_deficit,199,7.464825365536283
SP2_HETEROGENEOUS_GAME_v1,10094ae5a1c1d9f7cb38,340000,0,8,3,low,0.7,uniform,complete,7.999999999999991,smith__marginal_deficit,smith,marginal_deficit,200,7.465665901358126
SP2_HETEROGENEOUS_GAME_v1,10094ae5a1c1d9f7cb38,340000,0,8,3,low,0.7,uniform,complete,7.999999999999991,smith__marginal_deficit,smith,marginal_deficit,201,7.4665006838887225
SP2_HETEROGENEOUS_GAME_v1,10094ae5a1c1d9f7cb38,340000,0,8,3,low,0.7,uniform,complete,7.999999999999991,smith__marginal_deficit,smith,marginal_deficit,202,7.467329766488284
SP2_HETEROGENEOUS_GAME_v1,10094ae5a1c1d9f7cb38,340000,0,8,3,low,0.7,uniform,complete,7.999999999999991,smith__marginal_deficit,smith,marginal_deficit,203,7.46815320189025
SP2_HETEROGENEOUS_GAME_v1,10094ae5a1c1d9f7cb38,340000,0,8,3,low,0.7,uniform,complete,7.999999999999991,smith__marginal_deficit,smith,marginal_deficit,204,7.468971042209997
SP2_HETEROGENEOUS_GAME_v1,10094ae5a1c1d9f7cb38,340000,0,8,3,low,0.7,uniform,complete,7.999999999999991,smith__marginal_deficit,smith,marginal_deficit,205,7.469783338953402
SP2_HETEROGENEOUS_GAME_v1,10094ae5a1c1d9f7cb38,340000,0,8,3,low,0.7,uniform,complete,7.999999999999991,smith__marginal_deficit,smith,marginal_deficit,206,7.470590143025297
SP2_HETEROGENEOUS_GAME_v1,10094ae5a1c1d9f7cb38,340000,0,8,3,low,0.7,uniform,complete,7.999999999999991,smith__marginal_deficit,smith,marginal_deficit,207,7.471391504737779
SP2_HETEROGENEOUS_GAME_v1,10094ae5a1c1d9f7cb38,340000,0,8,3,low,0.7,uniform,complete,7.999999999999991,smith__marginal_deficit,smith,marginal_deficit,208,7.472187473818399
SP2_HETEROGENEOUS_GAME_v1,10094ae5a1c1d9f7cb38,340000,0,8,3,low,0.7,uniform,complete,7.999999999999991,smith__marginal_deficit,smith,marginal_deficit,209,7.472978099418226
SP2_HETEROGENEOUS_GAME_v1,10094ae5a1c1d9f7cb38,340000,0,8,3,low,0.7,uniform,complete,7.999999999999991,smith__marginal_deficit,smith,marginal_deficit,210,7.473763430119792
SP2_HETEROGENEOUS_GAME_v1,10094ae5a1c1d9f7cb38,340000,0,8,3,low,0.7,uniform,complete,7.999999999999991,smith__marginal_deficit,smith,marginal_deficit,211,7.474543513944911
SP2_HETEROGENEOUS_GAME_v1,10094ae5a1c1d9f7cb38,340000,0,8,3,low,0.7,uniform,complete,7.999999999999991,smith__marginal_deficit,smith,marginal_deficit,212,7.475318398362385
SP2_HETEROGENEOUS_GAME_v1,10094ae5a1c1d9f7cb38,340000,0,8,3,low,0.7,uniform,complete,7.999999999999991,smith__marginal_deficit,smith,marginal_deficit,213,7.476088130295578
SP2_HETEROGENEOUS_GAME_v1,10094ae5a1c1d9f7cb38,340000,0,8,3,low,0.7,uniform,complete,7.999999999999991,smith__marginal_deficit,smith,marginal_deficit,214,7.476852756129901
SP2_HETEROGENEOUS_GAME_v1,10094ae5a1c1d9f7cb38,340000,0,8,3,low,0.7,uniform,complete,7.999999999999991,smith__marginal_deficit,smith,marginal_deficit,215,7.4776123217201675
SP2_HETEROGENEOUS_GAME_v1,10094ae5a1c1d9f7cb38,340000,0,8,3,low,0.7,uniform,complete,7.999999999999991,smith__marginal_deficit,smith,marginal_deficit,216,7.478366872397832
SP2_HETEROGENEOUS_GAME_v1,10094ae5a1c1d9f7cb38,340000,0,8,3,low,0.7,uniform,complete,7.999999999999991,smith__marginal_deficit,smith,marginal_deficit,217,7.479116452978124
SP2_HETEROGENEOUS_GAME_v1,10094ae5a1c1d9f7cb38,340000,0,8,3,low,0.7,uniform,complete,7.999999999999991,smith__marginal_deficit,smith,marginal_deficit,218,7.479861107767089
SP2_HETEROGENEOUS_GAME_v1,10094ae5a1c1d9f7cb38,340000,0,8,3,low,0.7,uniform,complete,7.999999999999991,smith__marginal_deficit,smith,marginal_deficit,219,7.4806008805685
SP2_HETEROGENEOUS_GAME_v1,10094ae5a1c1d9f7cb38,340000,0,8,3,low,0.7,uniform,complete,7.999999999999991,smith__marginal_deficit,smith,marginal_deficit,220,7.481335814690673
SP2_HETEROGENEOUS_GAME_v1,10094ae5a1c1d9f7cb38,340000,0,8,3,low,0.7,uniform,complete,7.999999999999991,smith__marginal_deficit,smith,marginal_deficit,221,7.482065952953189
SP2_HETEROGENEOUS_GAME_v1,10094ae5a1c1d9f7cb38,340000,0,8,3,low,0.7,uniform,complete,7.999999999999991,smith__marginal_deficit,smith,marginal_deficit,222,7.482791337693497
SP2_HETEROGENEOUS_GAME_v1,10094ae5a1c1d9f7cb38,340000,0,8,3,low,0.7,uniform,complete,7.999999999999991,smith__marginal_deficit,smith,marginal_deficit,223,7.4835120107734365
SP2_HETEROGENEOUS_GAME_v1,10094ae5a1c1d9f7cb38,340000,0,8,3,low,0.7,uniform,complete,7.999999999999991,smith__marginal_deficit,smith,marginal_deficit,224,7.4842280135856365
SP2_HETEROGENEOUS_GAME_v1,10094ae5a1c1d9f7cb38,340000,0,8,3,low,0.7,uniform,complete,7.999999999999991,smith__marginal_deficit,smith,marginal_deficit,225,7.484939387059846
SP2_HETEROGENEOUS_GAME_v1,10094ae5a1c1d9f7cb38,340000,0,8,3,low,0.7,uniform,complete,7.999999999999991,smith__marginal_deficit,smith,marginal_deficit,226,7.4856461716691545
SP2_HETEROGENEOUS_GAME_v1,10094ae5a1c1d9f7cb38,340000,0,8,3,low,0.7,uniform,complete,7.999999999999991,smith__marginal_deficit,smith,marginal_deficit,227,7.4863484074361075
SP2_HETEROGENEOUS_GAME_v1,10094ae5a1c1d9f7cb38,340000,0,8,3,low,0.7,uniform,complete,7.999999999999991,smith__marginal_deficit,smith,marginal_deficit,228,7.487046133938757
SP2_HETEROGENEOUS_GAME_v1,10094ae5a1c1d9f7cb38,340000,0,8,3,low,0.7,uniform,complete,7.999999999999991,smith__marginal_deficit,smith,marginal_deficit,229,7.4877393903166
SP2_HETEROGENEOUS_GAME_v1,10094ae5a1c1d9f7cb38,340000,0,8,3,low,0.7,uniform,complete,7.999999999999991,smith__marginal_deficit,smith,marginal_deficit,230,7.488428215276431
SP2_HETEROGENEOUS_GAME_v1,10094ae5a1c1d9f7cb38,340000,0,8,3,low,0.7,uniform,complete,7.999999999999991,smith__marginal_deficit,smith,marginal_deficit,231,7.489112647098115
SP2_HETEROGENEOUS_GAME_v1,10094ae5a1c1d9f7cb38,340000,0,8,3,low,0.7,uniform,complete,7.999999999999991,smith__marginal_deficit,smith,marginal_deficit,232,7.489792723640264
SP2_HETEROGENEOUS_GAME_v1,10094ae5a1c1d9f7cb38,340000,0,8,3,low,0.7,uniform,complete,7.999999999999991,smith__marginal_deficit,smith,marginal_deficit,233,7.490468482345828
SP2_HETEROGENEOUS_GAME_v1,10094ae5a1c1d9f7cb38,340000,0,8,3,low,0.7,uniform,complete,7.999999999999991,smith__marginal_deficit,smith,marginal_deficit,234,7.491139960247622
SP2_HETEROGENEOUS_GAME_v1,10094ae5a1c1d9f7cb38,340000,0,8,3,low,0.7,uniform,complete,7.999999999999991,smith__marginal_deficit,smith,marginal_deficit,235,7.491807193973739
SP2_HETEROGENEOUS_GAME_v1,10094ae5a1c1d9f7cb38,340000,0,8,3,low,0.7,uniform,complete,7.999999999999991,smith__marginal_deficit,smith,marginal_deficit,236,7.4924702197529
SP2_HETEROGENEOUS_GAME_v1,10094ae5a1c1d9f7cb38,340000,0,8,3,low,0.7,uniform,complete,7.999999999999991,smith__marginal_deficit,smith,marginal_deficit,237,7.4931290734197304
SP2_HETEROGENEOUS_GAME_v1,10094ae5a1c1d9f7cb38,340000,0,8,3,low,0.7,uniform,complete,7.999999999999991,smith__marginal_deficit,smith,marginal_deficit,238,7.493783790419934
SP2_HETEROGENEOUS_GAME_v1,10094ae5a1c1d9f7cb38,340000,0,8,3,low,0.7,uniform,complete,7.999999999999991,smith__marginal_deficit,smith,marginal_deficit,239,7.494434405815421
SP2_HETEROGENEOUS_GAME_v1,10094ae5a1c1d9f7cb38,340000,0,8,3,low,0.7,uniform,complete,7.999999999999991,smith__marginal_deficit,smith,marginal_deficit,240,7.495080954289327
SP2_HETEROGENEOUS_GAME_v1,10094ae5a1c1d9f7cb38,340000,0,8,3,low,0.7,uniform,complete,7.999999999999991,smith__marginal_deficit,smith,marginal_deficit,241,7.495723470150988
SP2_HETEROGENEOUS_GAME_v1,10094ae5a1c1d9f7cb38,340000,0,8,3,low,0.7,uniform,complete,7.999999999999991,smith__marginal_log,smith,marginal_log,0,1.9918964981210872
SP2_HETEROGENEOUS_GAME_v1,10094ae5a1c1d9f7cb38,340000,0,8,3,low,0.7,uniform,complete,7.999999999999991,smith__marginal_log,smith,marginal_log,1,2.650024722140267
SP2_HETEROGENEOUS_GAME_v1,10094ae5a1c1d9f7cb38,340000,0,8,3,low,0.7,uniform,complete,7.999999999999991,smith__marginal_log,smith,marginal_log,2,3.270747270738958
SP2_HETEROGENEOUS_GAME_v1,10094ae5a1c1d9f7cb38,340000,0,8,3,low,0.7,uniform,complete,7.999999999999991,smith__marginal_log,smith,marginal_log,3,3.8259220924635113
SP2_HETEROGENEOUS_GAME_v1,10094ae5a1c1d9f7cb38,340000,0,8,3,low,0.7,uniform,complete,7.999999999999991,smith__marginal_log,smith,marginal_log,4,4.269676558268509
SP2_HETEROGENEOUS_GAME_v1,10094ae5a1c1d9f7cb38,340000,0,8,3,low,0.7,uniform,complete,7.999999999999991,smith__marginal_log,smith,marginal_log,5,4.596941265498195
SP2_HETEROGENEOUS_GAME_v1,10094ae5a1c1d9f7cb38,340000,0,8,3,low,0.7,uniform,complete,7.999999999999991,smith__marginal_log,smith,marginal_log,6,4.841670746767477
SP2_HETEROGENEOUS_GAME_v1,10094ae5a1c1d9f7cb38,340000,0,8,3,low,0.7,uniform,complete,7.999999999999991,smith__marginal_log,smith,marginal_log,7,5.0292764178923495
SP2_HETEROGENEOUS_GAME_v1,10094ae5a1c1d9f7cb38,340000,0,8,3,low,0.7,uniform,complete,7.999999999999991,smith__marginal_log,smith,marginal_log,8,5.175941220364356
SP2_HETEROGENEOUS_GAME_v1,10094ae5a1c1d9f7cb38,340000,0,8,3,low,0.7,uniform,complete,7.999999999999991,smith__marginal_log,smith,marginal_log,9,5.2924900376006425
SP2_HETEROGENEOUS_GAME_v1,10094ae5a1c1d9f7cb38,340000,0,8,3,low,0.7,uniform,complete,7.999999999999991,smith__marginal_log,smith,marginal_log,10,5.386434829896377
SP2_HETEROGENEOUS_GAME_v1,10094ae5a1c1d9f7cb38,340000,0,8,3,low,0.7,uniform,complete,7.999999999999991,smith__marginal_log,smith,marginal_log,11,5.463138481726193
SP2_HETEROGENEOUS_GAME_v1,10094ae5a1c1d9f7cb38,340000,0,8,3,low,0.7,uniform,complete,7.999999999999991,smith__marginal_log,smith,marginal_log,12,5.526516388537287
SP2_HETEROGENEOUS_GAME_v1,10094ae5a1c1d9f7cb38,340000,0,8,3,low,0.7,uniform,complete,7.999999999999991,smith__marginal_log,smith,marginal_log,13,5.579479268338045
SP2_HETEROGENEOUS_GAME_v1,10094ae5a1c1d9f7cb38,340000,0,8,3,low,0.7,uniform,complete,7.999999999999991,smith__marginal_log,smith,marginal_log,14,5.624223284749284
SP2_HETEROGENEOUS_GAME_v1,10094ae5a1c1d9f7cb38,340000,0,8,3,low,0.7,uniform,complete,7.999999999999991,smith__marginal_log,smith,marginal_log,15,5.662426080413652
SP2_HETEROGENEOUS_GAME_v1,10094ae5a1c1d9f7cb38,340000,0,8,3,low,0.7,uniform,complete,7.999999999999991,smith__marginal_log,smith,marginal_log,16,5.695382683799034
SP2_HETEROGENEOUS_GAME_v1,10094ae5a1c1d9f7cb38,340000,0,8,3,low,0.7,uniform,complete,7.999999999999991,smith__marginal_log,smith,marginal_log,17,5.724101791554299
SP2_HETEROGENEOUS_GAME_v1,10094ae5a1c1d9f7cb38,340000,0,8,3,low,0.7,uniform,complete,7.999999999999991,smith__marginal_log,smith,marginal_log,18,5.7493752420385205
SP2_HETEROGENEOUS_GAME_v1,10094ae5a1c1d9f7cb38,340000,0,8,3,low,0.7,uniform,complete,7.999999999999991,smith__marginal_log,smith,marginal_log,19,5.77182893667582
SP2_HETEROGENEOUS_GAME_v1,10094ae5a1c1d9f7cb38,340000,0,8,3,low,0.7,uniform,complete,7.999999999999991,smith__marginal_log,smith,marginal_log,20,5.791960669209098
SP2_HETEROGENEOUS_GAME_v1,10094ae5a1c1d9f7cb38,340000,0,8,3,low,0.7,uniform,complete,7.999999999999991,smith__marginal_log,smith,marginal_log,21,5.810168557134428
SP2_HETEROGENEOUS_GAME_v1,10094ae5a1c1d9f7cb38,340000,0,8,3,low,0.7,uniform,complete,7.999999999999991,smith__marginal_log,smith,marginal_log,22,5.826772629407179
SP2_HETEROGENEOUS_GAME_v1,10094ae5a1c1d9f7cb38,340000,0,8,3,low,0.7,uniform,complete,7.999999999999991,smith__marginal_log,smith,marginal_log,23,5.842031364030711
SP2_HETEROGENEOUS_GAME_v1,10094ae5a1c1d9f7cb38,340000,0,8,3,low,0.7,uniform,complete,7.999999999999991,smith__marginal_log,smith,marginal_log,24,5.8561544566456085
SP2_HETEROGENEOUS_GAME_v1,10094ae5a1c1d9f7cb38,340000,0,8,3,low,0.7,uniform,complete,7.999999999999991,smith__marginal_log,smith,marginal_log,25,5.869312748029439
SP2_HETEROGENEOUS_GAME_v1,10094ae5a1c1d9f7cb38,340000,0,8,3,low,0.7,uniform,complete,7.999999999999991,smith__marginal_log,smith,marginal_log,26,5.88164599087034
SP2_HETEROGENEOUS_GAME_v1,10094ae5a1c1d9f7cb38,340000,0,8,3,low,0.7,uniform,complete,7.999999999999991,smith__marginal_log,smith,marginal_log,27,5.893268960205926
SP2_HETEROGENEOUS_GAME_v1,10094ae5a1c1d9f7cb38,340000,0,8,3,low,0.7,uniform,complete,7.999999999999991,smith__marginal_log,smith,marginal_log,28,5.904276285164039
SP2_HETEROGENEOUS_GAME_v1,10094ae5a1c1d9f7cb38,340000,0,8,3,low,0.7,uniform,complete,7.999999999999991,smith__marginal_log,smith,marginal_log,29,5.914746287247395
SP2_HETEROGENEOUS_GAME_v1,10094ae5a1c1d9f7cb38,340000,0,8,3,low,0.7,uniform,complete,7.999999999999991,smith__marginal_log,smith,marginal_log,30,5.924744042330776
SP2_HETEROGENEOUS_GAME_v1,10094ae5a1c1d9f7cb38,340000,0,8,3,low,0.7,uniform,complete,7.999999999999991,smith__marginal_log,smith,marginal_log,31,5.934323832898489
SP2_HETEROGENEOUS_GAME_v1,10094ae5a1c1d9f7cb38,340000,0,8,3,low,0.7,uniform,complete,7.999999999999991,smith__marginal_log,smith,marginal_log,32,5.943531119046151
SP2_HETEROGENEOUS_GAME_v1,10094ae5a1c1d9f7cb38,340000,0,8,3,low,0.7,uniform,complete,7.999999999999991,smith__marginal_log,smith,marginal_log,33,5.952404128024435
SP2_HETEROGENEOUS_GAME_v1,10094ae5a1c1d9f7cb38,340000,0,8,3,low,0.7,uniform,complete,7.999999999999991,smith__marginal_log,smith,marginal_log,34,5.960975140201165
SP2_HETEROGENEOUS_GAME_v1,10094ae5a1c1d9f7cb38,340000,0,8,3,low,0.7,uniform,complete,7.999999999999991,smith__marginal_log,smith,marginal_log,35,5.969271532522198
SP2_HETEROGENEOUS_GAME_v1,10094ae5a1c1d9f7cb38,340000,0,8,3,low,0.7,uniform,complete,7.999999999999991,smith__marginal_log,smith,marginal_log,36,5.977316627593985
SP2_HETEROGENEOUS_GAME_v1,10094ae5a1c1d9f7cb38,340000,0,8,3,low,0.7,uniform,complete,7.999999999999991,smith__marginal_log,smith,marginal_log,37,5.985130386458847
SP2_HETEROGENEOUS_GAME_v1,10094ae5a1c1d9f7cb38,340000,0,8,3,low,0.7,uniform,complete,7.999999999999991,smith__marginal_log,smith,marginal_log,38,5.992729975297582
SP2_HETEROGENEOUS_GAME_v1,10094ae5a1c1d9f7cb38,340000,0,8,3,low,0.7,uniform,complete,7.999999999999991,smith__marginal_log,smith,marginal_log,39,6.00013023015589
SP2_HETEROGENEOUS_GAME_v1,10094ae5a1c1d9f7cb38,340000,0,8,3,low,0.7,uniform,complete,7.999999999999991,smith__marginal_log,smith,marginal_log,40,6.007344038963032
SP2_HETEROGENEOUS_GAME_v1,10094ae5a1c1d9f7cb38,340000,0,8,3,low,0.7,uniform,complete,7.999999999999991,smith__marginal_log,smith,marginal_log,41,6.01438265629815
SP2_HETEROGENEOUS_GAME_v1,10094ae5a1c1d9f7cb38,340000,0,8,3,low,0.7,uniform,complete,7.999999999999991,smith__marginal_log,smith,marginal_log,42,6.021255963337544
SP2_HETEROGENEOUS_GAME_v1,10094ae5a1c1d9f7cb38,340000,0,8,3,low,0.7,uniform,complete,7.999999999999991,smith__marginal_log,smith,marginal_log,43,6.027972683012469
SP2_HETEROGENEOUS_GAME_v1,10094ae5a1c1d9f7cb38,340000,0,8,3,low,0.7,uniform,complete,7.999999999999991,smith__marginal_log,smith,marginal_log,44,6.034540558489175
SP2_HETEROGENEOUS_GAME_v1,10094ae5a1c1d9f7cb38,340000,0,8,3,low,0.7,uniform,complete,7.999999999999991,smith__marginal_log,smith,marginal_log,45,6.040966501547974
SP2_HETEROGENEOUS_GAME_v1,10094ae5a1c1d9f7cb38,340000,0,8,3,low,0.7,uniform,complete,7.999999999999991,smith__marginal_log,smith,marginal_log,46,6.047256716206419
SP2_HETEROGENEOUS_GAME_v1,10094ae5a1c1d9f7cb38,340000,0,8,3,low,0.7,uniform,complete,7.999999999999991,smith__marginal_log,smith,marginal_log,47,6.053416801940324
SP2_HETEROGENEOUS_GAME_v1,10094ae5a1c1d9f7cb38,340000,0,8,3,low,0.7,uniform,complete,7.999999999999991,smith__marginal_log,smith,marginal_log,48,6.059451840056783
SP2_HETEROGENEOUS_GAME_v1,10094ae5a1c1d9f7cb38,340000,0,8,3,low,0.7,uniform,complete,7.999999999999991,smith__marginal_log,smith,marginal_log,49,6.065366466126632
SP2_HETEROGENEOUS_GAME_v1,10094ae5a1c1d9f7cb38,340000,0,8,3,low,0.7,uniform,complete,7.999999999999991,smith__marginal_log,smith,marginal_log,50,6.071164930859622
SP2_HETEROGENEOUS_GAME_v1,10094ae5a1c1d9f7cb38,340000,0,8,3,low,0.7,uniform,complete,7.999999999999991,smith__marginal_log,smith,marginal_log,51,6.076851151379872
SP2_HETEROGENEOUS_GAME_v1,10094ae5a1c1d9f7cb38,340000,0,8,3,low,0.7,uniform,complete,7.999999999999991,smith__marginal_log,smith,marginal_log,52,6.082428754512453
SP2_HETEROGENEOUS_GAME_v1,10094ae5a1c1d9f7cb38,340000,0,8,3,low,0.7,uniform,complete,7.999999999999991,smith__marginal_log,smith,marginal_log,53,6.087901113409324
SP2_HETEROGENEOUS_GAME_v1,10094ae5a1c1d9f7cb38,340000,0,8,3,low,0.7,uniform,complete,7.999999999999991,smith__marginal_log,smith,marginal_log,54,6.093271378611666
SP2_HETEROGENEOUS_GAME_v1,10094ae5a1c1d9f7cb38,340000,0,8,3,low,0.7,uniform,complete,7.999999999999991,smith__marginal_log,smith,marginal_log,55,6.098542504456518
SP2_HETEROGENEOUS_GAME_v1,10094ae5a1c1d9f7cb38,340000,0,8,3,low,0.7,uniform,complete,7.999999999999991,smith__marginal_log,smith,marginal_log,56,6.103717271580285
SP2_HETEROGENEOUS_GAME_v1,10094ae5a1c1d9f7cb38,340000,0,8,3,low,0.7,uniform,complete,7.999999999999991,smith__marginal_log,smith,marginal_log,57,6.108798306144149
SP2_HETEROGENEOUS_GAME_v1,10094ae5a1c1d9f7cb38,340000,0,8,3,low,0.7,uniform,complete,7.999999999999991,smith__marginal_log,smith,marginal_log,58,6.113788096301241
SP2_HETEROGENEOUS_GAME_v1,10094ae5a1c1d9f7cb38,340000,0,8,3,low,0.7,uniform,complete,7.999999999999991,smith__marginal_log,smith,marginal_log,59,6.118689006338927
SP2_HETEROGENEOUS_GAME_v1,10094ae5a1c1d9f7cb38,340000,0,8,3,low,0.7,uniform,complete,7.999999999999991,smith__marginal_log,smith,marginal_log,60,6.123503288857762
SP2_HETEROGENEOUS_GAME_v1,10094ae5a1c1d9f7cb38,340000,0,8,3,low,0.7,uniform,complete,7.999999999999991,smith__marginal_log,smith,marginal_log,61,6.128233095289568
SP2_HETEROGENEOUS_GAME_v1,10094ae5a1c1d9f7cb38,340000,0,8,3,low,0.7,uniform,complete,7.999999999999991,smith__marginal_log,smith,marginal_log,62,6.132880485007783
SP2_HETEROGENEOUS_GAME_v1,10094ae5a1c1d9f7cb38,340000,0,8,3,low,0.7,uniform,complete,7.999999999999991,smith__marginal_log,smith,marginal_log,63,6.1374474332426106
SP2_HETEROGENEOUS_GAME_v1,10094ae5a1c1d9f7cb38,340000,0,8,3,low,0.7,uniform,complete,7.999999999999991,smith__marginal_log,smith,marginal_log,64,6.141935837979389
SP2_HETEROGENEOUS_GAME_v1,10094ae5a1c1d9f7cb38,340000,0,8,3,low,0.7,uniform,complete,7.999999999999991,smith__marginal_log,smith,marginal_log,65,6.146347525990409
SP2_HETEROGENEOUS_GAME_v1,10094ae5a1c1d9f7cb38,340000,0,8,3,low,0.7,uniform,complete,7.999999999999991,smith__marginal_log,smith,marginal_log,66,6.150684258126812
SP2_HETEROGENEOUS_GAME_v1,10094ae5a1c1d9f7cb38,340000,0,8,3,low,0.7,uniform,complete,7.999999999999991,smith__marginal_log,smith,marginal_log,67,6.154947733977453
SP2_HETEROGENEOUS_GAME_v1,10094ae5a1c1d9f7cb38,340000,0,8,3,low,0.7,uniform,complete,7.999999999999991,smith__marginal_log,smith,marginal_log,68,6.1591395959851285
SP2_HETEROGENEOUS_GAME_v1,10094ae5a1c1d9f7cb38,340000,0,8,3,low,0.7,uniform,complete,7.999999999999991,smith__marginal_log,smith,marginal_log,69,6.163261433096696
SP2_HETEROGENEOUS_GAME_v1,10094ae5a1c1d9f7cb38,340000,0,8,3,low,0.7,uniform,complete,7.999999999999991,smith__marginal_log,smith,marginal_log,70,6.16731478401201
SP2_HETEROGENEOUS_GAME_v1,10094ae5a1c1d9f7cb38,340000,0,8,3,low,0.7,uniform,complete,7.999999999999991,smith__marginal_log,smith,marginal_log,71,6.171301140086897
SP2_HETEROGENEOUS_GAME_v1,10094ae5a1c1d9f7cb38,340000,0,8,3,low,0.7,uniform,complete,7.999999999999991,smith__marginal_log,smith,marginal_log,72,6.175221947936977
SP2_HETEROGENEOUS_GAME_v1,10094ae5a1c1d9f7cb38,340000,0,8,3,low,0.7,uniform,complete,7.999999999999991,smith__marginal_log,smith,marginal_log,73,6.179078611782455
SP2_HETEROGENEOUS_GAME_v1,10094ae5a1c1d9f7cb38,340000,0,8,3,low,0.7,uniform,complete,7.999999999999991,smith__marginal_log,smith,marginal_log,74,6.182872495567888
SP2_HETEROGENEOUS_GAME_v1,10094ae5a1c1d9f7cb38,340000,0,8,3,low,0.7,uniform,complete,7.999999999999991,smith__marginal_log,smith,marginal_log,75,6.186604924886168
SP2_HETEROGENEOUS_GAME_v1,10094ae5a1c1d9f7cb38,340000,0,8,3,low,0.7,uniform,complete,7.999999999999991,smith__marginal_log,smith,marginal_log,76,6.19027718873167
SP2_HETEROGENEOUS_GAME_v1,10094ae5a1c1d9f7cb38,340000,0,8,3,low,0.7,uniform,complete,7.999999999999991,smith__marginal_log,smith,marginal_log,77,6.19389054110393
SP2_HETEROGENEOUS_GAME_v1,10094ae5a1c1d9f7cb38,340000,0,8,3,low,0.7,uniform,complete,7.999999999999991,smith__marginal_log,smith,marginal_log,78,6.197446202480286
SP2_HETEROGENEOUS_GAME_v1,10094ae5a1c1d9f7cb38,340000,0,8,3,low,0.7,uniform,complete,7.999999999999991,smith__marginal_log,smith,marginal_log,79,6.200945361173239
SP2_HETEROGENEOUS_GAME_v1,10094ae5a1c1d9f7cb38,340000,0,8,3,low,0.7,uniform,complete,7.999999999999991,smith__marginal_log,smith,marginal_log,80,6.204389174586165
SP2_HETEROGENEOUS_GAME_v1,10094ae5a1c1d9f7cb38,340000,0,8,3,low,0.7,uniform,complete,7.999999999999991,smith__marginal_log,smith,marginal_log,81,6.207778770379113
SP2_HETEROGENEOUS_GAME_v1,10094ae5a1c1d9f7cb38,340000,0,8,3,low,0.7,uniform,complete,7.999999999999991,smith__marginal_log,smith,marginal_log,82,6.211115247554828
SP2_HETEROGENEOUS_GAME_v1,10094ae5a1c1d9f7cb38,340000,0,8,3,low,0.7,uniform,complete,7.999999999999991,smith__marginal_log,smith,marginal_log,83,6.214399677473784
SP2_HETEROGENEOUS_GAME_v1,10094ae5a1c1d9f7cb38,340000,0,8,3,low,0.7,uniform,complete,7.999999999999991,smith__marginal_log,smith,marginal_log,84,6.217633104805814
SP2_HETEROGENEOUS_GAME_v1,10094ae5a1c1d9f7cb38,340000,0,8,3,low,0.7,uniform,complete,7.999999999999991,smith__marginal_log,smith,marginal_log,85,6.22081654842498
SP2_HETEROGENEOUS_GAME_v1,10094ae5a1c1d9f7cb38,340000,0,8,3,low,0.7,uniform,complete,7.999999999999991,smith__marginal_log,smith,marginal_log,86,6.223951002253406
SP2_HETEROGENEOUS_GAME_v1,10094ae5a1c1d9f7cb38,340000,0,8,3,low,0.7,uniform,complete,7.999999999999991,smith__marginal_log,smith,marginal_log,87,6.227037436059067
SP2_HETEROGENEOUS_GAME_v1,10094ae5a1c1d9f7cb38,340000,0,8,3,low,0.7,uniform,complete,7.999999999999991,smith__marginal_log,smith,marginal_log,88,6.230076796211949
SP2_HETEROGENEOUS_GAME_v1,10094ae5a1c1d9f7cb38,340000,0,8,3,low,0.7,uniform,complete,7.999999999999991,smith__marginal_log,smith,marginal_log,89,6.233070006402371
SP2_HETEROGENEOUS_GAME_v1,10094ae5a1c1d9f7cb38,340000,0,8,3,low,0.7,uniform,complete,7.999999999999991,smith__marginal_log,smith,marginal_log,90,6.23601796832482
SP2_HETEROGENEOUS_GAME_v1,10094ae5a1c1d9f7cb38,340000,0,8,3,low,0.7,uniform,complete,7.999999999999991,smith__marginal_log,smith,marginal_log,91,6.238921562330277
SP2_HETEROGENEOUS_GAME_v1,10094ae5a1c1d9f7cb38,340000,0,8,3,low,0.7,uniform,complete,7.999999999999991,smith__marginal_log,smith,marginal_log,92,6.241781648049579
SP2_HETEROGENEOUS_GAME_v1,10094ae5a1c1d9f7cb38,340000,0,8,3,low,0.7,uniform,complete,7.999999999999991,smith__marginal_log,smith,marginal_log,93,6.244599064990153
SP2_HETEROGENEOUS_GAME_v1,10094ae5a1c1d9f7cb38,340000,0,8,3,low,0.7,uniform,complete,7.999999999999991,smith__marginal_log,smith,marginal_log,94,6.247374633108097
SP2_HETEROGENEOUS_GAME_v1,10094ae5a1c1d9f7cb38,340000,0,8,3,low,0.7,uniform,complete,7.999999999999991,smith__marginal_log,smith,marginal_log,95,6.250109153357457
SP2_HETEROGENEOUS_GAME_v1,10094ae5a1c1d9f7cb38,340000,0,8,3,low,0.7,uniform,complete,7.999999999999991,smith__marginal_log,smith,marginal_log,96,6.252803408218217
SP2_HETEROGENEOUS_GAME_v1,10094ae5a1c1d9f7cb38,340000,0,8,3,low,0.7,uniform,complete,7.999999999999991,smith__marginal_log,smith,marginal_log,97,6.2554581622045236
SP2_HETEROGENEOUS_GAME_v1,10094ae5a1c1d9f7cb38,340000,0,8,3,low,0.7,uniform,complete,7.999999999999991,smith__marginal_log,smith,marginal_log,98,6.2580741623543075
SP2_HETEROGENEOUS_GAME_v1,10094ae5a1c1d9f7cb38,340000,0,8,3,low,0.7,uniform,complete,7.999999999999991,smith__marginal_log,smith,marginal_log,99,6.260652138701545
SP2_HETEROGENEOUS_GAME_v1,10094ae5a1c1d9f7cb38,340000,0,8,3,low,0.7,uniform,complete,7.999999999999991,smith__marginal_log,smith,marginal_log,100,6.26319280473208
SP2_HETEROGENEOUS_GAME_v1,10094ae5a1c1d9f7cb38,340000,0,8,3,low,0.7,uniform,complete,7.999999999999991,smith__marginal_log,smith,marginal_log,101,6.265696857824034
SP2_HETEROGENEOUS_GAME_v1,10094ae5a1c1d9f7cb38,340000,0,8,3,low,0.7,uniform,complete,7.999999999999991,smith__marginal_log,smith,marginal_log,102,6.268164979673539
SP2_HETEROGENEOUS_GAME_v1,10094ae5a1c1d9f7cb38,340000,0,8,3,low,0.7,uniform,complete,7.999999999999991,smith__marginal_log,smith,marginal_log,103,6.270597836706646
SP2_HETEROGENEOUS_GAME_v1,10094ae5a1c1d9f7cb38,340000,0,8,3,low,0.7,uniform,complete,7.999999999999991,smith__marginal_log,smith,marginal_log,104,6.272996080478
SP2_HETEROGENEOUS_GAME_v1,10094ae5a1c1d9f7cb38,340000,0,8,3,low,0.7,uniform,complete,7.999999999999991,smith__marginal_log,smith,marginal_log,105,6.275360348057014
SP2_HETEROGENEOUS_GAME_v1,10094ae5a1c1d9f7cb38,340000,0,8,3,low,0.7,uniform,complete,7.999999999999991,smith__marginal_log,smith,marginal_log,106,6.277691262402056
SP2_HETEROGENEOUS_GAME_v1,10094ae5a1c1d9f7cb38,340000,0,8,3,low,0.7,uniform,complete,7.999999999999991,smith__marginal_log,smith,marginal_log,107,6.2799894327231645
SP2_HETEROGENEOUS_GAME_v1,10094ae5a1c1d9f7cb38,340000,0,8,3,low,0.7,uniform,complete,7.999999999999991,smith__marginal_log,smith,marginal_log,108,6.282255454833862
SP2_HETEROGENEOUS_GAME_v1,10094ae5a1c1d9f7cb38,340000,0,8,3,low,0.7,uniform,complete,7.999999999999991,smith__marginal_log,smith,marginal_log,109,6.2844899114924395
SP2_HETEROGENEOUS_GAME_v1,10094ae5a1c1d9f7cb38,340000,0,8,3,low,0.7,uniform,complete,7.999999999999991,smith__marginal_log,smith,marginal_log,110,6.286693372733175
SP2_HETEROGENEOUS_GAME_v1,10094ae5a1c1d9f7cb38,340000,0,8,3,low,0.7,uniform,complete,7.999999999999991,smith__marginal_log,smith,marginal_log,111,6.288866396187869
SP2_HETEROGENEOUS_GAME_v1,10094ae5a1c1d9f7cb38,340000,0,8,3,low,0.7,uniform,complete,7.999999999999991,smith__marginal_log,smith,marginal_log,112,6.291009527398056
SP2_HETEROGENEOUS_GAME_v1,10094ae5a1c1d9f7cb38,340000,0,8,3,low,0.7,uniform,complete,7.999999999999991,smith__marginal_log,smith,marginal_log,113,6.293123300118266
SP2_HETEROGENEOUS_GAME_v1,10094ae5a1c1d9f7cb38,340000,0,8,3,low,0.7,uniform,complete,7.999999999999991,smith__marginal_log,smith,marginal_log,114,6.295208236610602
SP2_HETEROGENEOUS_GAME_v1,10094ae5a1c1d9f7cb38,340000,0,8,3,low,0.7,uniform,complete,7.999999999999991,smith__marginal_log,smith,marginal_log,115,6.297264847931001
SP2_HETEROGENEOUS_GAME_v1,10094ae5a1c1d9f7cb38,340000,0,8,3,low,0.7,uniform,complete,7.999999999999991,smith__marginal_log,smith,marginal_log,116,6.2992936342074115
SP2_HETEROGENEOUS_GAME_v1,10094ae5a1c1d9f7cb38,340000,0,8,3,low,0.7,uniform,complete,7.999999999999991,smith__marginal_log,smith,marginal_log,117,6.301295084910208
SP2_HETEROGENEOUS_GAME_v1,10094ae5a1c1d9f7cb38,340000,0,8,3,low,0.7,uniform,complete,7.999999999999991,smith__marginal_log,smith,marginal_log,118,6.303269679115051
SP2_HETEROGENEOUS_GAME_v1,10094ae5a1c1d9f7cb38,340000,0,8,3,low,0.7,uniform,complete,7.999999999999991,smith__marginal_log,smith,marginal_log,119,6.30521788575848
SP2_HETEROGENEOUS_GAME_v1,10094ae5a1c1d9f7cb38,340000,0,8,3,low,0.7,uniform,complete,7.999999999999991,smith__marginal_log,smith,marginal_log,120,6.307140163886449
SP2_HETEROGENEOUS_GAME_v1,10094ae5a1c1d9f7cb38,340000,0,8,3,low,0.7,uniform,complete,7.999999999999991,smith__marginal_log,smith,marginal_log,121,6.309036962896033
SP2_HETEROGENEOUS_GAME_v1,10094ae5a1c1d9f7cb38,340000,0,8,3,low,0.7,uniform,complete,7.999999999999991,smith__marginal_log,smith,marginal_log,122,6.310908722770531
SP2_HETEROGENEOUS_GAME_v1,10094ae5a1c1d9f7cb38,340000,0,8,3,low,0.7,uniform,complete,7.999999999999991,smith__marginal_log,smith,marginal_log,123,6.312755874308128
SP2_HETEROGENEOUS_GAME_v1,10094ae5a1c1d9f7cb38,340000,0,8,3,low,0.7,uniform,complete,7.999999999999991,smith__marginal_log,smith,marginal_log,124,6.314578839344388
SP2_HETEROGENEOUS_GAME_v1,10094ae5a1c1d9f7cb38,340000,0,8,3,low,0.7,uniform,complete,7.999999999999991,smith__marginal_log,smith,marginal_log,125,6.316378030968677
SP2_HETEROGENEOUS_GAME_v1,10094ae5a1c1d9f7cb38,340000,0,8,3,low,0.7,uniform,complete,7.999999999999991,smith__marginal_log,smith,marginal_log,126,6.318153853734771
SP2_HETEROGENEOUS_GAME_v1,10094ae5a1c1d9f7cb38,340000,0,8,3,low,0.7,uniform,complete,7.999999999999991,smith__marginal_log,smith,marginal_log,127,6.319906703865775
SP2_HETEROGENEOUS_GAME_v1,10094ae5a1c1d9f7cb38,340000,0,8,3,low,0.7,uniform,complete,7.999999999999991,smith__marginal_log,smith,marginal_log,128,6.3216369694535395
SP2_HETEROGENEOUS_GAME_v1,10094ae5a1c1d9f7cb38,340000,0,8,3,low,0.7,uniform,complete,7.999999999999991,smith__marginal_log,smith,marginal_log,129,6.323345030652749
SP2_HETEROGENEOUS_GAME_v1,10094ae5a1c1d9f7cb38,340000,0,8,3,low,0.7,uniform,complete,7.999999999999991,smith__marginal_log,smith,marginal_log,130,6.325031259869799
SP2_HETEROGENEOUS_GAME_v1,10094ae5a1c1d9f7cb38,340000,0,8,3,low,0.7,uniform,complete,7.999999999999991,smith__marginal_log,smith,marginal_log,131,6.3266960219466615
SP2_HETEROGENEOUS_GAME_v1,10094ae5a1c1d9f7cb38,340000,0,8,3,low,0.7,uniform,complete,7.999999999999991,smith__marginal_log,smith,marginal_log,132,6.328339674339853
SP2_HETEROGENEOUS_GAME_v1,10094ae5a1c1d9f7cb38,340000,0,8,3,low,0.7,uniform,complete,7.999999999999991,smith__marginal_log,smith,marginal_log,133,6.329962567294633
SP2_HETEROGENEOUS_GAME_v1,10094ae5a1c1d9f7cb38,340000,0,8,3,low,0.7,uniform,complete,7.999999999999991,smith__marginal_log,smith,marginal_log,134,6.331565044014634
SP2_HETEROGENEOUS_GAME_v1,10094ae5a1c1d9f7cb38,340000,0,8,3,low,0.7,uniform,complete,7.999999999999991,smith__marginal_log,smith,marginal_log,135,6.333147440826963
SP2_HETEROGENEOUS_GAME_v1,10094ae5a1c1d9f7cb38,340000,0,8,3,low,0.7,uniform,complete,7.999999999999991,smith__marginal_log,smith,marginal_log,136,6.334710087342985
SP2_HETEROGENEOUS_GAME_v1,10094ae5a1c1d9f7cb38,340000,0,8,3,low,0.7,uniform,complete,7.999999999999991,smith__marginal_log,smith,marginal_log,137,6.3362533066148545
SP2_HETEROGENEOUS_GAME_v1,10094ae5a1c1d9f7cb38,340000,0,8,3,low,0.7,uniform,complete,7.999999999999991,smith__marginal_log,smith,marginal_log,138,6.337777415287961
SP2_HETEROGENEOUS_GAME_v1,10094ae5a1c1d9f7cb38,340000,0,8,3,low,0.7,uniform,complete,7.999999999999991,smith__marginal_log,smith,marginal_log,139,6.339282723749354
SP2_HETEROGENEOUS_GAME_v1,10094ae5a1c1d9f7cb38,340000,0,8,3,low,0.7,uniform,complete,7.999999999999991,smith__marginal_log,smith,marginal_log,140,6.340769536272315
SP2_HETEROGENEOUS_GAME_v1,10094ae5a1c1d9f7cb38,340000,0,8,3,low,0.7,uniform,complete,7.999999999999991,smith__marginal_log,smith,marginal_log,141,6.342238151157134
SP2_HETEROGENEOUS_GAME_v1,10094ae5a1c1d9f7cb38,340000,0,8,3,low,0.7,uniform,complete,7.999999999999991,smith__marginal_log,smith,marginal_log,142,6.34368886086825
SP2_HETEROGENEOUS_GAME_v1,10094ae5a1c1d9f7cb38,340000,0,8,3,low,0.7,uniform,complete,7.999999999999991,smith__marginal_log,smith,marginal_log,143,6.3451219521678155
SP2_HETEROGENEOUS_GAME_v1,10094ae5a1c1d9f7cb38,340000,0,8,3,low,0.7,uniform,complete,7.999999999999991,smith__marginal_log,smith,marginal_log,144,6.34653770624578
SP2_HETEROGENEOUS_GAME_v1,10094ae5a1c1d9f7cb38,340000,0,8,3,low,0.7,uniform,complete,7.999999999999991,smith__marginal_log,smith,marginal_log,145,6.3479363988466435
SP2_HETEROGENEOUS_GAME_v1,10094ae5a1c1d9f7cb38,340000,0,8,3,low,0.7,uniform,complete,7.999999999999991,smith__marginal_log,smith,marginal_log,146,6.349318300392938
SP2_HETEROGENEOUS_GAME_v1,10094ae5a1c1d9f7cb38,340000,0,8,3,low,0.7,uniform,complete,7.999999999999991,smith__marginal_log,smith,marginal_log,147,6.3506836761054934
SP2_HETEROGENEOUS_GAME_v1,10094ae5a1c1d9f7cb38,340000,0,8,3,low,0.7,uniform,complete,7.999999999999991,smith__marginal_log,smith,marginal_log,148,6.352032786120659
SP2_HETEROGENEOUS_GAME_v1,10094ae5a1c1d9f7cb38,340000,0,8,3,low,0.7,uniform,complete,7.999999999999991,smith__marginal_log,smith,marginal_log,149,6.353365885604484
SP2_HETEROGENEOUS_GAME_v1,10094ae5a1c1d9f7cb38,340000,0,8,3,low,0.7,uniform,complete,7.999999999999991,smith__marginal_log,smith,marginal_log,150,6.354683224864019
SP2_HETEROGENEOUS_GAME_v1,10094ae5a1c1d9f7cb38,340000,0,8,3,low,0.7,uniform,complete,7.999999999999991,smith__marginal_log,smith,marginal_log,151,6.355985049455731
SP2_HETEROGENEOUS_GAME_v1,10094ae5a1c1d9f7cb38,340000,0,8,3,low,0.7,uniform,complete,7.999999999999991,smith__marginal_log,smith,marginal_log,152,6.357271600291197
SP2_HETEROGENEOUS_GAME_v1,10094ae5a1c1d9f7cb38,340000,0,8,3,low,0.7,uniform,complete,7.999999999999991,smith__marginal_log,smith,marginal_log,153,6.358543113740105
SP2_HETEROGENEOUS_GAME_v1,10094ae5a1c1d9f7cb38,340000,0,8,3,low,0.7,uniform,complete,7.999999999999991,smith__marginal_log,smith,marginal_log,154,6.359799821730628
SP2_HETEROGENEOUS_GAME_v1,10094ae5a1c1d9f7cb38,340000,0,8,3,low,0.7,uniform,complete,7.999999999999991,smith__marginal_log,smith,marginal_log,155,6.3610419518472945
SP2_HETEROGENEOUS_GAME_v1,10094ae5a1c1d9f7cb38,340000,0,8,3,low,0.7,uniform,complete,7.999999999999991,smith__marginal_log,smith,marginal_log,156,6.362269727426359
SP2_HETEROGENEOUS_GAME_v1,10094ae5a1c1d9f7cb38,340000,0,8,3,low,0.7,uniform,complete,7.999999999999991,smith__marginal_log,smith,marginal_log,157,6.363483367648799
SP2_HETEROGENEOUS_GAME_v1,10094ae5a1c1d9f7cb38,340000,0,8,3,low,0.7,uniform,complete,7.999999999999991,smith__marginal_log,smith,marginal_log,158,6.364683087630972
SP2_HETEROGENEOUS_GAME_v1,10094ae5a1c1d9f7cb38,340000,0,8,3,low,0.7,uniform,complete,7.999999999999991,smith__marginal_log,smith,marginal_log,159,6.365869098513002
SP2_HETEROGENEOUS_GAME_v1,10094ae5a1c1d9f7cb38,340000,0,8,3,low,0.7,uniform,complete,7.999999999999991,smith__marginal_log,smith,marginal_log,160,6.3670416075449685
SP2_HETEROGENEOUS_GAME_v1,10094ae5a1c1d9f7cb38,340000,0,8,3,low,0.7,uniform,complete,7.999999999999991,smith__marginal_log,smith,marginal_log,161,6.368200818170942
SP2_HETEROGENEOUS_GAME_v1,10094ae5a1c1d9f7cb38,340000,0,8,3,low,0.7,uniform,complete,7.999999999999991,smith__marginal_log,smith,marginal_log,162,6.369346930110947
SP2_HETEROGENEOUS_GAME_v1,10094ae5a1c1d9f7cb38,340000,0,8,3,low,0.7,uniform,complete,7.999999999999991,smith__marginal_log,smith,marginal_log,163,6.370480139440879
SP2_HETEROGENEOUS_GAME_v1,10094ae5a1c1d9f7cb38,340000,0,8,3,low,0.7,uniform,complete,7.999999999999991,smith__marginal_log,smith,marginal_log,164,6.371600638670465
SP2_HETEROGENEOUS_GAME_v1,10094ae5a1c1d9f7cb38,340000,0,8,3,low,0.7,uniform,complete,7.999999999999991,smith__marginal_log,smith,marginal_log,165,6.372708616819308
SP2_HETEROGENEOUS_GAME_v1,10094ae5a1c1d9f7cb38,340000,0,8,3,low,0.7,uniform,complete,7.999999999999991,smith__marginal_log,smith,marginal_log,166,6.373804259491035
SP2_HETEROGENEOUS_GAME_v1,10094ae5a1c1d9f7cb38,340000,0,8,3,low,0.7,uniform,complete,7.999999999999991,smith__marginal_log,smith,marginal_log,167,6.374887748945672
SP2_HETEROGENEOUS_GAME_v1,10094ae5a1c1d9f7cb38,340000,0,8,3,low,0.7,uniform,complete,7.999999999999991,smith__marginal_log,smith,marginal_log,168,6.375959264170225
SP2_HETEROGENEOUS_GAME_v1,10094ae5a1c1d9f7cb38,340000,0,8,3,low,0.7,uniform,complete,7.999999999999991,smith__marginal_log,smith,marginal_log,169,6.377018980947551
SP2_HETEROGENEOUS_GAME_v1,10094ae5a1c1d9f7cb38,340000,0,8,3,low,0.7,uniform,complete,7.999999999999991,smith__marginal_log,smith,marginal_log,170,6.378067071923565
SP2_HETEROGENEOUS_GAME_v1,10094ae5a1c1d9f7cb38,340000,0,8,3,low,0.7,uniform,complete,7.999999999999991,smith__marginal_log,smith,marginal_log,171,6.379103706672796
SP2_HETEROGENEOUS_GAME_v1,10094ae5a1c1d9f7cb38,340000,0,8,3,low,0.7,uniform,complete,7.999999999999991,smith__marginal_log,smith,marginal_log,172,6.380129051762397
SP2_HETEROGENEOUS_GAME_v1,10094ae5a1c1d9f7cb38,340000,0,8,3,low,0.7,uniform,complete,7.999999999999991,smith__marginal_log,smith,marginal_log,173,6.381143270814599
SP2_HETEROGENEOUS_GAME_v1,10094ae5a1c1d9f7cb38,340000,0,8,3,low,0.7,uniform,complete,7.999999999999991,smith__marginal_log,smith,marginal_log,174,6.382146524567641
SP2_HETEROGENEOUS_GAME_v1,10094ae5a1c1d9f7cb38,340000,0,8,3,low,0.7,uniform,complete,7.999999999999991,smith__marginal_log,smith,marginal_log,175,6.383138970935306
SP2_HETEROGENEOUS_GAME_v1,10094ae5a1c1d9f7cb38,340000,0,8,3,low,0.7,uniform,complete,7.999999999999991,smith__marginal_log,smith,marginal_log,176,6.384120765064964
SP2_HETEROGENEOUS_GAME_v1,10094ae5a1c1d9f7cb38,340000,0,8,3,low,0.7,uniform,complete,7.999999999999991,smith__marginal_log,smith,marginal_log,177,6.385092059394301
SP2_HETEROGENEOUS_GAME_v1,10094ae5a1c1d9f7cb38,340000,0,8,3,low,0.7,uniform,complete,7.999999999999991,smith__marginal_log,smith,marginal_log,178,6.386053003706651
SP2_HETEROGENEOUS_GAME_v1,10094ae5a1c1d9f7cb38,340000,0,8,3,low,0.7,uniform,complete,7.999999999999991,smith__marginal_log,smith,marginal_log,179,6.387003745185065
SP2_HETEROGENEOUS_GAME_v1,10094ae5a1c1d9f7cb38,340000,0,8,3,low,0.7,uniform,complete,7.999999999999991,smith__marginal_log,smith,marginal_log,180,6.38794442846507
SP2_HETEROGENEOUS_GAME_v1,10094ae5a1c1d9f7cb38,340000,0,8,3,low,0.7,uniform,complete,7.999999999999991,smith__marginal_log,smith,marginal_log,181,6.388875195686214
SP2_HETEROGENEOUS_GAME_v1,10094ae5a1c1d9f7cb38,340000,0,8,3,low,0.7,uniform,complete,7.999999999999991,smith__marginal_log,smith,marginal_log,182,6.389796186542403
SP2_HETEROGENEOUS_GAME_v1,10094ae5a1c1d9f7cb38,340000,0,8,3,low,0.7,uniform,complete,7.999999999999991,smith__marginal_log,smith,marginal_log,183,6.390707538331048
SP2_HETEROGENEOUS_GAME_v1,10094ae5a1c1d9f7cb38,340000,0,8,3,low,0.7,uniform,complete,7.999999999999991,smith__marginal_log,smith,marginal_log,184,6.3916093860010825
SP2_HETEROGENEOUS_GAME_v1,10094ae5a1c1d9f7cb38,340000,0,8,3,low,0.7,uniform,complete,7.999999999999991,smith__marginal_log,smith,marginal_log,185,6.392501862199869
SP2_HETEROGENEOUS_GAME_v1,10094ae5a1c1d9f7cb38,340000,0,8,3,low,0.7,uniform,complete,7.999999999999991,smith__marginal_log,smith,marginal_log,186,6.393385097319001
SP2_HETEROGENEOUS_GAME_v1,10094ae5a1c1d9f7cb38,340000,0,8,3,low,0.7,uniform,complete,7.999999999999991,smith__marginal_log,smith,marginal_log,187,6.394259219539095
SP2_HETEROGENEOUS_GAME_v1,10094ae5a1c1d9f7cb38,340000,0,8,3,low,0.7,uniform,complete,7.999999999999991,smith__marginal_log,smith,marginal_log,188,6.395124354873493
SP2_HETEROGENEOUS_GAME_v1,10094ae5a1c1d9f7cb38,340000,0,8,3,low,0.7,uniform,complete,7.999999999999991,smith__marginal_log,smith,marginal_log,189,6.395980627211019
SP2_HETEROGENEOUS_GAME_v1,10094ae5a1c1d9f7cb38,340000,0,8,3,low,0.7,uniform,complete,7.999999999999991,smith__marginal_log,smith,marginal_log,190,6.396828158357726
SP2_HETEROGENEOUS_GAME_v1,10094ae5a1c1d9f7cb38,340000,0,8,3,low,0.7,uniform,complete,7.999999999999991,smith__marginal_log,smith,marginal_log,191,6.397667068077711
SP2_HETEROGENEOUS_GAME_v1,10094ae5a1c1d9f7cb38,340000,0,8,3,low,0.7,uniform,complete,7.999999999999991,smith__marginal_log,smith,marginal_log,192,6.398497474133004
SP2_HETEROGENEOUS_GAME_v1,10094ae5a1c1d9f7cb38,340000,0,8,3,low,0.7,uniform,complete,7.999999999999991,smith__marginal_log,smith,marginal_log,193,6.399319492322548
SP2_HETEROGENEOUS_GAME_v1,10094ae5a1c1d9f7cb38,340000,0,8,3,low,0.7,uniform,complete,7.999999999999991,smith__marginal_log,smith,marginal_log,194,6.4001332365203
SP2_HETEROGENEOUS_GAME_v1,10094ae5a1c1d9f7cb38,340000,0,8,3,low,0.7,uniform,complete,7.999999999999991,smith__marginal_log,smith,marginal_log,195,6.400938818712494
SP2_HETEROGENEOUS_GAME_v1,10094ae5a1c1d9f7cb38,340000,0,8,3,low,0.7,uniform,complete,7.999999999999991,smith__marginal_log,smith,marginal_log,196,6.401736349034059
SP2_HETEROGENEOUS_GAME_v1,10094ae5a1c1d9f7cb38,340000,0,8,3,low,0.7,uniform,complete,7.999999999999991,smith__marginal_log,smith,marginal_log,197,6.402525935804207
SP2_HETEROGENEOUS_GAME_v1,10094ae5a1c1d9f7cb38,340000,0,8,3,low,0.7,uniform,complete,7.999999999999991,smith__marginal_log,smith,marginal_log,198,6.403307685561276
SP2_HETEROGENEOUS_GAME_v1,10094ae5a1c1d9f7cb38,340000,0,8,3,low,0.7,uniform,complete,7.999999999999991,smith__marginal_log,smith,marginal_log,199,6.404081703096751
SP2_HETEROGENEOUS_GAME_v1,10094ae5a1c1d9f7cb38,340000,0,8,3,low,0.7,uniform,complete,7.999999999999991,smith__marginal_log,smith,marginal_log,200,6.404848091488574
SP2_HETEROGENEOUS_GAME_v1,10094ae5a1c1d9f7cb38,340000,0,8,3,low,0.7,uniform,complete,7.999999999999991,smith__marginal_log,smith,marginal_log,201,6.40560695213369
SP2_HETEROGENEOUS_GAME_v1,10094ae5a1c1d9f7cb38,340000,0,8,3,low,0.7,uniform,complete,7.999999999999991,smith__marginal_log,smith,marginal_log,202,6.406358384779903
SP2_HETEROGENEOUS_GAME_v1,10094ae5a1c1d9f7cb38,340000,0,8,3,low,0.7,uniform,complete,7.999999999999991,smith__marginal_log,smith,marginal_log,203,6.407102487557024
SP2_HETEROGENEOUS_GAME_v1,10094ae5a1c1d9f7cb38,340000,0,8,3,low,0.7,uniform,complete,7.999999999999991,smith__marginal_log,smith,marginal_log,204,6.407839357007343
SP2_HETEROGENEOUS_GAME_v1,10094ae5a1c1d9f7cb38,340000,0,8,3,low,0.7,uniform,complete,7.999999999999991,smith__marginal_log,smith,marginal_log,205,6.408569088115433
SP2_HETEROGENEOUS_GAME_v1,10094ae5a1c1d9f7cb38,340000,0,8,3,low,0.7,uniform,complete,7.999999999999991,smith__marginal_log,smith,marginal_log,206,6.409291774337323
SP2_HETEROGENEOUS_GAME_v1,10094ae5a1c1d9f7cb38,340000,0,8,3,low,0.7,uniform,complete,7.999999999999991,smith__marginal_log,smith,marginal_log,207,6.4100075076290315
SP2_HETEROGENEOUS_GAME_v1,10094ae5a1c1d9f7cb38,340000,0,8,3,low,0.7,uniform,complete,7.999999999999991,smith__marginal_log,smith,marginal_log,208,6.410716378474486
SP2_HETEROGENEOUS_GAME_v1,10094ae5a1c1d9f7cb38,340000,0,8,3,low,0.7,uniform,complete,7.999999999999991,smith__marginal_log,smith,marginal_log,209,6.4114184759128525
SP2_HETEROGENEOUS_GAME_v1,10094ae5a1c1d9f7cb38,340000,0,8,3,low,0.7,uniform,complete,7.999999999999991,smith__marginal_log,smith,marginal_log,210,6.412113887565268
SP2_HETEROGENEOUS_GAME_v1,10094ae5a1c1d9f7cb38,340000,0,8,3,low,0.7,uniform,complete,7.999999999999991,smith__marginal_log,smith,marginal_log,211,6.412802699661016
SP2_HETEROGENEOUS_GAME_v1,10094ae5a1c1d9f7cb38,340000,0,8,3,low,0.7,uniform,complete,7.999999999999991,smith__marginal_log,smith,marginal_log,212,6.4134849970631445
SP2_HETEROGENEOUS_GAME_v1,10094ae5a1c1d9f7cb38,340000,0,8,3,low,0.7,uniform,complete,7.999999999999991,smith__marginal_log,smith,marginal_log,213,6.414160863293533
SP2_HETEROGENEOUS_GAME_v1,10094ae5a1c1d9f7cb38,340000,0,8,3,low,0.7,uniform,complete,7.999999999999991,smith__marginal_log,smith,marginal_log,214,6.414830380557446
SP2_HETEROGENEOUS_GAME_v1,10094ae5a1c1d9f7cb38,340000,0,8,3,low,0.7,uniform,complete,7.999999999999991,smith__marginal_log,smith,marginal_log,215,6.415493629767561
SP2_HETEROGENEOUS_GAME_v1,10094ae5a1c1d9f7cb38,340000,0,8,3,low,0.7,uniform,complete,7.999999999999991,smith__marginal_log,smith,marginal_log,216,6.416150690567483
SP2_HETEROGENEOUS_GAME_v1,10094ae5a1c1d9f7cb38,340000,0,8,3,low,0.7,uniform,complete,7.999999999999991,smith__marginal_log,smith,marginal_log,217,6.416801641354799
SP2_HETEROGENEOUS_GAME_v1,10094ae5a1c1d9f7cb38,340000,0,8,3,low,0.7,uniform,complete,7.999999999999991,smith__marginal_log,smith,marginal_log,218,6.4174465593036185
SP2_HETEROGENEOUS_GAME_v1,10094ae5a1c1d9f7cb38,340000,0,8,3,low,0.7,uniform,complete,7.999999999999991,smith__marginal_log,smith,marginal_log,219,6.418085520386661
SP2_HETEROGENEOUS_GAME_v1,10094ae5a1c1d9f7cb38,340000,0,8,3,low,0.7,uniform,complete,7.999999999999991,smith__marginal_log,smith,marginal_log,220,6.418718599396908
SP2_HETEROGENEOUS_GAME_v1,10094ae5a1c1d9f7cb38,340000,0,8,3,low,0.7,uniform,complete,7.999999999999991,smith__marginal_log,smith,marginal_log,221,6.41934586996876
SP2_HETEROGENEOUS_GAME_v1,10094ae5a1c1d9f7cb38,340000,0,8,3,low,0.7,uniform,complete,7.999999999999991,smith__marginal_log,smith,marginal_log,222,6.4199674045988
SP2_HETEROGENEOUS_GAME_v1,10094ae5a1c1d9f7cb38,340000,0,8,3,low,0.7,uniform,complete,7.999999999999991,smith__marginal_log,smith,marginal_log,223,6.4205832746661295
SP2_HETEROGENEOUS_GAME_v1,10094ae5a1c1d9f7cb38,340000,0,8,3,low,0.7,uniform,complete,7.999999999999991,smith__marginal_log,smith,marginal_log,224,6.421193550452253
SP2_HETEROGENEOUS_GAME_v1,10094ae5a1c1d9f7cb38,340000,0,8,3,low,0.7,uniform,complete,7.999999999999991,smith__marginal_log,smith,marginal_log,225,6.421798301160606
SP2_HETEROGENEOUS_GAME_v1,10094ae5a1c1d9f7cb38,340000,0,8,3,low,0.7,uniform,complete,7.999999999999991,smith__marginal_log,smith,marginal_log,226,6.422397594935657
SP2_HETEROGENEOUS_GAME_v1,10094ae5a1c1d9f7cb38,340000,0,8,3,low,0.7,uniform,complete,7.999999999999991,smith__marginal_log,smith,marginal_log,227,6.422991498881618
SP2_HETEROGENEOUS_GAME_v1,10094ae5a1c1d9f7cb38,340000,0,8,3,low,0.7,uniform,complete,7.999999999999991,smith__marginal_log,smith,marginal_log,228,6.423580079080823
SP2_HETEROGENEOUS_GAME_v1,10094ae5a1c1d9f7cb38,340000,0,8,3,low,0.7,uniform,complete,7.999999999999991,smith__marginal_log,smith,marginal_log,229,6.424163400611657
SP2_HETEROGENEOUS_GAME_v1,10094ae5a1c1d9f7cb38,340000,0,8,3,low,0.7,uniform,complete,7.999999999999991,smith__marginal_log,smith,marginal_log,230,6.424741527566219
SP2_HETEROGENEOUS_GAME_v1,10094ae5a1c1d9f7cb38,340000,0,8,3,low,0.7,uniform,complete,7.999999999999991,smith__marginal_log,smith,marginal_log,231,6.425314523067556
SP2_HETEROGENEOUS_GAME_v1,10094ae5a1c1d9f7cb38,340000,0,8,3,low,0.7,uniform,complete,7.999999999999991,smith__marginal_log,smith,marginal_log,232,6.425882449286597
SP2_HETEROGENEOUS_GAME_v1,10094ae5a1c1d9f7cb38,340000,0,8,3,low,0.7,uniform,complete,7.999999999999991,smith__marginal_log,smith,marginal_log,233,6.42644536745873
SP2_HETEROGENEOUS_GAME_v1,10094ae5a1c1d9f7cb38,340000,0,8,3,low,0.7,uniform,complete,7.999999999999991,smith__marginal_log,smith,marginal_log,234,6.427003337900084
SP2_HETEROGENEOUS_GAME_v1,10094ae5a1c1d9f7cb38,340000,0,8,3,low,0.7,uniform,complete,7.999999999999991,smith__marginal_log,smith,marginal_log,235,6.427556420023417
SP2_HETEROGENEOUS_GAME_v1,10094ae5a1c1d9f7cb38,340000,0,8,3,low,0.7,uniform,complete,7.999999999999991,replicator__marginal_deficit,replicator,marginal_deficit,0,6.948544995733173
SP2_HETEROGENEOUS_GAME_v1,10094ae5a1c1d9f7cb38,340000,0,8,3,low,0.7,uniform,complete,7.999999999999991,replicator__marginal_deficit,replicator,marginal_deficit,1,6.9549103802081245
SP2_HETEROGENEOUS_GAME_v1,10094ae5a1c1d9f7cb38,340000,0,8,3,low,0.7,uniform,complete,7.999999999999991,replicator__marginal_deficit,replicator,marginal_deficit,2,6.9608270571140185
SP2_HETEROGENEOUS_GAME_v1,10094ae5a1c1d9f7cb38,340000,0,8,3,low,0.7,uniform,complete,7.999999999999991,replicator__marginal_deficit,replicator,marginal_deficit,3,6.966342382767612
SP2_HETEROGENEOUS_GAME_v1,10094ae5a1c1d9f7cb38,340000,0,8,3,low,0.7,uniform,complete,7.999999999999991,replicator__marginal_deficit,replicator,marginal_deficit,4,6.971499389703304
SP2_HETEROGENEOUS_GAME_v1,10094ae5a1c1d9f7cb38,340000,0,8,3,low,0.7,uniform,complete,7.999999999999991,replicator__marginal_deficit,replicator,marginal_deficit,5,6.976337063845571
SP2_HETEROGENEOUS_GAME_v1,10094ae5a1c1d9f7cb38,340000,0,8,3,low,0.7,uniform,complete,7.999999999999991,replicator__marginal_deficit,replicator,marginal_deficit,6,6.980890627087109
SP2_HETEROGENEOUS_GAME_v1,10094ae5a1c1d9f7cb38,340000,0,8,3,low,0.7,uniform,complete,7.999999999999991,replicator__marginal_deficit,replicator,marginal_deficit,7,6.985191819207442
SP2_HETEROGENEOUS_GAME_v1,10094ae5a1c1d9f7cb38,340000,0,8,3,low,0.7,uniform,complete,7.999999999999991,replicator__marginal_deficit,replicator,marginal_deficit,8,6.989269174381866
SP2_HETEROGENEOUS_GAME_v1,10094ae5a1c1d9f7cb38,340000,0,8,3,low,0.7,uniform,complete,7.999999999999991,replicator__marginal_deficit,replicator,marginal_deficit,9,6.993148288668059
SP2_HETEROGENEOUS_GAME_v1,10094ae5a1c1d9f7cb38,340000,0,8,3,low,0.7,uniform,complete,7.999999999999991,replicator__marginal_deficit,replicator,marginal_deficit,10,6.996852075825216
SP2_HETEROGENEOUS_GAME_v1,10094ae5a1c1d9f7cb38,340000,0,8,3,low,0.7,uniform,complete,7.999999999999991,replicator__marginal_deficit,replicator,marginal_deficit,11,7.000401009630657
SP2_HETEROGENEOUS_GAME_v1,10094ae5a1c1d9f7cb38,340000,0,8,3,low,0.7,uniform,complete,7.999999999999991,replicator__marginal_deficit,replicator,marginal_deficit,12,7.003813351526172
SP2_HETEROGENEOUS_GAME_v1,10094ae5a1c1d9f7cb38,340000,0,8,3,low,0.7,uniform,complete,7.999999999999991,replicator__marginal_deficit,replicator,marginal_deficit,13,7.007105362967023
SP2_HETEROGENEOUS_GAME_v1,10094ae5a1c1d9f7cb38,340000,0,8,3,low,0.7,uniform,complete,7.999999999999991,replicator__marginal_deficit,replicator,marginal_deficit,14,7.010291502276272
SP2_HETEROGENEOUS_GAME_v1,10094ae5a1c1d9f7cb38,340000,0,8,3,low,0.7,uniform,complete,7.999999999999991,replicator__marginal_deficit,replicator,marginal_deficit,15,7.0133846061418135
SP2_HETEROGENEOUS_GAME_v1,10094ae5a1c1d9f7cb38,340000,0,8,3,low,0.7,uniform,complete,7.999999999999991,replicator__marginal_deficit,replicator,marginal_deficit,16,7.016396056147409
SP2_HETEROGENEOUS_GAME_v1,10094ae5a1c1d9f7cb38,340000,0,8,3,low,0.7,uniform,complete,7.999999999999991,replicator__marginal_deficit,replicator,marginal_deficit,17,7.0193359309154895
SP2_HETEROGENEOUS_GAME_v1,10094ae5a1c1d9f7cb38,340000,0,8,3,low,0.7,uniform,complete,7.999999999999991,replicator__marginal_deficit,replicator,marginal_deficit,18,7.022213144570403
SP2_HETEROGENEOUS_GAME_v1,10094ae5a1c1d9f7cb38,340000,0,8,3,low,0.7,uniform,complete,7.999999999999991,replicator__marginal_deficit,replicator,marginal_deficit,19,7.025035572316368
SP2_HETEROGENEOUS_GAME_v1,10094ae5a1c1d9f7cb38,340000,0,8,3,low,0.7,uniform,complete,7.999999999999991,replicator__marginal_deficit,replicator,marginal_deficit,20,7.027810163973922
SP2_HETEROGENEOUS_GAME_v1,10094ae5a1c1d9f7cb38,340000,0,8,3,low,0.7,uniform,complete,7.999999999999991,replicator__marginal_deficit,replicator,marginal_deficit,21,7.030542881208542
SP2_HETEROGENEOUS_GAME_v1,10094ae5a1c1d9f7cb38,340000,0,8,3,low,0.7,uniform,complete,7.999999999999991,replicator__marginal_deficit,replicator,marginal_deficit,22,7.0332118504136645
SP2_HETEROGENEOUS_GAME_v1,10094ae5a1c1d9f7cb38,340000,0,8,3,low,0.7,uniform,complete,7.999999999999991,replicator__marginal_deficit,replicator,marginal_deficit,23,7.035778502771702
SP2_HETEROGENEOUS_GAME_v1,10094ae5a1c1d9f7cb38,340000,0,8,3,low,0.7,uniform,complete,7.999999999999991,replicator__marginal_deficit,replicator,marginal_deficit,24,7.038264456535048
SP2_HETEROGENEOUS_GAME_v1,10094ae5a1c1d9f7cb38,340000,0,8,3,low,0.7,uniform,complete,7.999999999999991,replicator__marginal_deficit,replicator,marginal_deficit,25,7.040686771038494
SP2_HETEROGENEOUS_GAME_v1,10094ae5a1c1d9f7cb38,340000,0,8,3,low,0.7,uniform,complete,7.999999999999991,replicator__marginal_deficit,replicator,marginal_deficit,26,7.043058918603193
SP2_HETEROGENEOUS_GAME_v1,10094ae5a1c1d9f7cb38,340000,0,8,3,low,0.7,uniform,complete,7.999999999999991,replicator__marginal_deficit,replicator,marginal_deficit,27,7.045391545583653
SP2_HETEROGENEOUS_GAME_v1,10094ae5a1c1d9f7cb38,340000,0,8,3,low,0.7,uniform,complete,7.999999999999991,replicator__marginal_deficit,replicator,marginal_deficit,28,7.04769306936178
SP2_HETEROGENEOUS_GAME_v1,10094ae5a1c1d9f7cb38,340000,0,8,3,low,0.7,uniform,complete,7.999999999999991,replicator__marginal_deficit,replicator,marginal_deficit,29,7.049970147394935
SP2_HETEROGENEOUS_GAME_v1,10094ae5a1c1d9f7cb38,340000,0,8,3,low,0.7,uniform,complete,7.999999999999991,replicator__marginal_deficit,replicator,marginal_deficit,30,7.052228046261912
SP2_HETEROGENEOUS_GAME_v1,10094ae5a1c1d9f7cb38,340000,0,8,3,low,0.7,uniform,complete,7.999999999999991,replicator__marginal_deficit,replicator,marginal_deficit,31,7.054470932395744
SP2_HETEROGENEOUS_GAME_v1,10094ae5a1c1d9f7cb38,340000,0,8,3,low,0.7,uniform,complete,7.999999999999991,replicator__marginal_deficit,replicator,marginal_deficit,32,7.0567021013815285
SP2_HETEROGENEOUS_GAME_v1,10094ae5a1c1d9f7cb38,340000,0,8,3,low,0.7,uniform,complete,7.999999999999991,replicator__marginal_deficit,replicator,marginal_deficit,33,7.05891098446003
SP2_HETEROGENEOUS_GAME_v1,10094ae5a1c1d9f7cb38,340000,0,8,3,low,0.7,uniform,complete,7.999999999999991,replicator__marginal_deficit,replicator,marginal_deficit,34,7.061028060682193
SP2_HETEROGENEOUS_GAME_v1,10094ae5a1c1d9f7cb38,340000,0,8,3,low,0.7,uniform,complete,7.999999999999991,replicator__marginal_deficit,replicator,marginal_deficit,35,7.063051542477519
SP2_HETEROGENEOUS_GAME_v1,10094ae5a1c1d9f7cb38,340000,0,8,3,low,0.7,uniform,complete,7.999999999999991,replicator__marginal_deficit,replicator,marginal_deficit,36,7.064997452538988
SP2_HETEROGENEOUS_GAME_v1,10094ae5a1c1d9f7cb38,340000,0,8,3,low,0.7,uniform,complete,7.999999999999991,replicator__marginal_deficit,replicator,marginal_deficit,37,7.066878575825253
SP2_HETEROGENEOUS_GAME_v1,10094ae5a1c1d9f7cb38,340000,0,8,3,low,0.7,uniform,complete,7.999999999999991,replicator__marginal_deficit,replicator,marginal_deficit,38,7.068705160724093
SP2_HETEROGENEOUS_GAME_v1,10094ae5a1c1d9f7cb38,340000,0,8,3,low,0.7,uniform,complete,7.999999999999991,replicator__marginal_deficit,replicator,marginal_deficit,39,7.070485462473325
SP2_HETEROGENEOUS_GAME_v1,10094ae5a1c1d9f7cb38,340000,0,8,3,low,0.7,uniform,complete,7.999999999999991,replicator__marginal_deficit,replicator,marginal_deficit,40,7.072226165493106
SP2_HETEROGENEOUS_GAME_v1,10094ae5a1c1d9f7cb38,340000,0,8,3,low,0.7,uniform,complete,7.999999999999991,replicator__marginal_deficit,replicator,marginal_deficit,41,7.073932712463979
SP2_HETEROGENEOUS_GAME_v1,10094ae5a1c1d9f7cb38,340000,0,8,3,low,0.7,uniform,complete,7.999999999999991,replicator__marginal_deficit,replicator,marginal_deficit,42,7.075609561372874
SP2_HETEROGENEOUS_GAME_v1,10094ae5a1c1d9f7cb38,340000,0,8,3,low,0.7,uniform,complete,7.999999999999991,replicator__marginal_deficit,replicator,marginal_deficit,43,7.077260386767506
SP2_HETEROGENEOUS_GAME_v1,10094ae5a1c1d9f7cb38,340000,0,8,3,low,0.7,uniform,complete,7.999999999999991,replicator__marginal_deficit,replicator,marginal_deficit,44,7.078888237689116
SP2_HETEROGENEOUS_GAME_v1,10094ae5a1c1d9f7cb38,340000,0,8,3,low,0.7,uniform,complete,7.999999999999991,replicator__marginal_deficit,replicator,marginal_deficit,45,7.0804956618879284
SP2_HETEROGENEOUS_GAME_v1,10094ae5a1c1d9f7cb38,340000,0,8,3,low,0.7,uniform,complete,7.999999999999991,replicator__marginal_deficit,replicator,marginal_deficit,46,7.08208480373934
SP2_HETEROGENEOUS_GAME_v1,10094ae5a1c1d9f7cb38,340000,0,8,3,low,0.7,uniform,complete,7.999999999999991,replicator__marginal_deficit,replicator,marginal_deficit,47,7.083657481605103
SP2_HETEROGENEOUS_GAME_v1,10094ae5a1c1d9f7cb38,340000,0,8,3,low,0.7,uniform,complete,7.999999999999991,replicator__marginal_deficit,replicator,marginal_deficit,48,7.085215249098106
SP2_HETEROGENEOUS_GAME_v1,10094ae5a1c1d9f7cb38,340000,0,8,3,low,0.7,uniform,complete,7.999999999999991,replicator__marginal_deficit,replicator,marginal_deficit,49,7.086759443719037
SP2_HETEROGENEOUS_GAME_v1,10094ae5a1c1d9f7cb38,340000,0,8,3,low,0.7,uniform,complete,7.999999999999991,replicator__marginal_deficit,replicator,marginal_deficit,50,7.088291225568295
SP2_HETEROGENEOUS_GAME_v1,10094ae5a1c1d9f7cb38,340000,0,8,3,low,0.7,uniform,complete,7.999999999999991,replicator__marginal_deficit,replicator,marginal_deficit,51,7.089811608244232
SP2_HETEROGENEOUS_GAME_v1,10094ae5a1c1d9f7cb38,340000,0,8,3,low,0.7,uniform,complete,7.999999999999991,replicator__marginal_deficit,replicator,marginal_deficit,52,7.091321483579108
SP2_HETEROGENEOUS_GAME_v1,10094ae5a1c1d9f7cb38,340000,0,8,3,low,0.7,uniform,complete,7.999999999999991,replicator__marginal_deficit,replicator,marginal_deficit,53,7.092821641506777
SP2_HETEROGENEOUS_GAME_v1,10094ae5a1c1d9f7cb38,340000,0,8,3,low,0.7,uniform,complete,7.999999999999991,replicator__marginal_deficit,replicator,marginal_deficit,54,7.094312786077534
SP2_HETEROGENEOUS_GAME_v1,10094ae5a1c1d9f7cb38,340000,0,8,3,low,0.7,uniform,complete,7.999999999999991,replicator__marginal_deficit,replicator,marginal_deficit,55,7.095795548418184
SP2_HETEROGENEOUS_GAME_v1,10094ae5a1c1d9f7cb38,340000,0,8,3,low,0.7,uniform,complete,7.999999999999991,replicator__marginal_deficit,replicator,marginal_deficit,56,7.097270497265441
SP2_HETEROGENEOUS_GAME_v1,10094ae5a1c1d9f7cb38,340000,0,8,3,low,0.7,uniform,complete,7.999999999999991,replicator__marginal_deficit,replicator,marginal_deficit,57,7.098738147567659
SP2_HETEROGENEOUS_GAME_v1,10094ae5a1c1d9f7cb38,340000,0,8,3,low,0.7,uniform,complete,7.999999999999991,replicator__marginal_deficit,replicator,marginal_deficit,58,7.10019896754555
SP2_HETEROGENEOUS_GAME_v1,10094ae5a1c1d9f7cb38,340000,0,8,3,low,0.7,uniform,complete,7.999999999999991,replicator__marginal_deficit,replicator,marginal_deficit,59,7.101653384520603
SP2_HETEROGENEOUS_GAME_v1,10094ae5a1c1d9f7cb38,340000,0,8,3,low,0.7,uniform,complete,7.999999999999991,replicator__marginal_deficit,replicator,marginal_deficit,60,7.103101789755484
SP2_HETEROGENEOUS_GAME_v1,10094ae5a1c1d9f7cb38,340000,0,8,3,low,0.7,uniform,complete,7.999999999999991,replicator__marginal_deficit,replicator,marginal_deficit,61,7.104544542499991
SP2_HETEROGENEOUS_GAME_v1,10094ae5a1c1d9f7cb38,340000,0,8,3,low,0.7,uniform,complete,7.999999999999991,replicator__marginal_deficit,replicator,marginal_deficit,62,7.105981973396194
SP2_HETEROGENEOUS_GAME_v1,10094ae5a1c1d9f7cb38,340000,0,8,3,low,0.7,uniform,complete,7.999999999999991,replicator__marginal_deficit,replicator,marginal_deficit,63,7.107414387364818
SP2_HETEROGENEOUS_GAME_v1,10094ae5a1c1d9f7cb38,340000,0,8,3,low,0.7,uniform,complete,7.999999999999991,replicator__marginal_deficit,replicator,marginal_deficit,64,7.108842066070079
SP2_HETEROGENEOUS_GAME_v1,10094ae5a1c1d9f7cb38,340000,0,8,3,low,0.7,uniform,complete,7.999999999999991,replicator__marginal_deficit,replicator,marginal_deficit,65,7.110265270040461
SP2_HETEROGENEOUS_GAME_v1,10094ae5a1c1d9f7cb38,340000,0,8,3,low,0.7,uniform,complete,7.999999999999991,replicator__marginal_deficit,replicator,marginal_deficit,66,7.1116842405073255
SP2_HETEROGENEOUS_GAME_v1,10094ae5a1c1d9f7cb38,340000,0,8,3,low,0.7,uniform,complete,7.999999999999991,replicator__marginal_deficit,replicator,marginal_deficit,67,7.113099201010961
SP2_HETEROGENEOUS_GAME_v1,10094ae5a1c1d9f7cb38,340000,0,8,3,low,0.7,uniform,complete,7.999999999999991,replicator__marginal_deficit,replicator,marginal_deficit,68,7.114510358813802
SP2_HETEROGENEOUS_GAME_v1,10094ae5a1c1d9f7cb38,340000,0,8,3,low,0.7,uniform,complete,7.999999999999991,replicator__marginal_deficit,replicator,marginal_deficit,69,7.1159179061528315
SP2_HETEROGENEOUS_GAME_v1,10094ae5a1c1d9f7cb38,340000,0,8,3,low,0.7,uniform,complete,7.999999999999991,replicator__marginal_deficit,replicator,marginal_deficit,70,7.117322021356975
SP2_HETEROGENEOUS_GAME_v1,10094ae5a1c1d9f7cb38,340000,0,8,3,low,0.7,uniform,complete,7.999999999999991,replicator__marginal_deficit,replicator,marginal_deficit,71,7.118722869850364
SP2_HETEROGENEOUS_GAME_v1,10094ae5a1c1d9f7cb38,340000,0,8,3,low,0.7,uniform,complete,7.999999999999991,replicator__marginal_deficit,replicator,marginal_deficit,72,7.120120605058432
SP2_HETEROGENEOUS_GAME_v1,10094ae5a1c1d9f7cb38,340000,0,8,3,low,0.7,uniform,complete,7.999999999999991,replicator__marginal_deficit,replicator,marginal_deficit,73,7.121515369230678
SP2_HETEROGENEOUS_GAME_v1,10094ae5a1c1d9f7cb38,340000,0,8,3,low,0.7,uniform,complete,7.999999999999991,replicator__marginal_deficit,replicator,marginal_deficit,74,7.122907294191399
SP2_HETEROGENEOUS_GAME_v1,10094ae5a1c1d9f7cb38,340000,0,8,3,low,0.7,uniform,complete,7.999999999999991,replicator__marginal_deficit,replicator,marginal_deficit,75,7.124296502027738
SP2_HETEROGENEOUS_GAME_v1,10094ae5a1c1d9f7cb38,340000,0,8,3,low,0.7,uniform,complete,7.999999999999991,replicator__marginal_deficit,replicator,marginal_deficit,76,7.125683105722721
SP2_HETEROGENEOUS_GAME_v1,10094ae5a1c1d9f7cb38,340000,0,8,3,low,0.7,uniform,complete,7.999999999999991,replicator__marginal_deficit,replicator,marginal_deficit,77,7.127067209739702
SP2_HETEROGENEOUS_GAME_v1,10094ae5a1c1d9f7cb38,340000,0,8,3,low,0.7,uniform,complete,7.999999999999991,replicator__marginal_deficit,replicator,marginal_deficit,78,7.12844891056359
SP2_HETEROGENEOUS_GAME_v1,10094ae5a1c1d9f7cb38,340000,0,8,3,low,0.7,uniform,complete,7.999999999999991,replicator__marginal_deficit,replicator,marginal_deficit,79,7.129828297203367
SP2_HETEROGENEOUS_GAME_v1,10094ae5a1c1d9f7cb38,340000,0,8,3,low,0.7,uniform,complete,7.999999999999991,replicator__marginal_deficit,replicator,marginal_deficit,80,7.131205451659713
SP2_HETEROGENEOUS_GAME_v1,10094ae5a1c1d9f7cb38,340000,0,8,3,low,0.7,uniform,complete,7.999999999999991,replicator__marginal_deficit,replicator,marginal_deficit,81,7.132580449361056
SP2_HETEROGENEOUS_GAME_v1,10094ae5a1c1d9f7cb38,340000,0,8,3,low,0.7,uniform,complete,7.999999999999991,replicator__marginal_deficit,replicator,marginal_deficit,82,7.133953359570809
SP2_HETEROGENEOUS_GAME_v1,10094ae5a1c1d9f7cb38,340000,0,8,3,low,0.7,uniform,complete,7.999999999999991,replicator__marginal_deficit,replicator,marginal_deficit,83,7.135324245768306
SP2_HETEROGENEOUS_GAME_v1,10094ae5a1c1d9f7cb38,340000,0,8,3,low,0.7,uniform,complete,7.999999999999991,replicator__marginal_deficit,replicator,marginal_deficit,84,7.1366931660054975
SP2_HETEROGENEOUS_GAME_v1,10094ae5a1c1d9f7cb38,340000,0,8,3,low,0.7,uniform,complete,7.999999999999991,replicator__marginal_deficit,replicator,marginal_deficit,85,7.138060173241343
SP2_HETEROGENEOUS_GAME_v1,10094ae5a1c1d9f7cb38,340000,0,8,3,low,0.7,uniform,complete,7.999999999999991,replicator__marginal_deficit,replicator,marginal_deficit,86,7.139425315655561
SP2_HETEROGENEOUS_GAME_v1,10094ae5a1c1d9f7cb38,340000,0,8,3,low,0.7,uniform,complete,7.999999999999991,replicator__marginal_deficit,replicator,marginal_deficit,87,7.140788636943185
SP2_HETEROGENEOUS_GAME_v1,10094ae5a1c1d9f7cb38,340000,0,8,3,low,0.7,uniform,complete,7.999999999999991,replicator__marginal_deficit,replicator,marginal_deficit,88,7.142150176591305
SP2_HETEROGENEOUS_GAME_v1,10094ae5a1c1d9f7cb38,340000,0,8,3,low,0.7,uniform,complete,7.999999999999991,replicator__marginal_deficit,replicator,marginal_deficit,89,7.143509970139186
SP2_HETEROGENEOUS_GAME_v1,10094ae5a1c1d9f7cb38,340000,0,8,3,low,0.7,uniform,complete,7.999999999999991,replicator__marginal_deficit,replicator,marginal_deficit,90,7.144868049422852
SP2_HETEROGENEOUS_GAME_v1,10094ae5a1c1d9f7cb38,340000,0,8,3,low,0.7,uniform,complete,7.999999999999991,replicator__marginal_deficit,replicator,marginal_deficit,91,7.146224442805162
SP2_HETEROGENEOUS_GAME_v1,10094ae5a1c1d9f7cb38,340000,0,8,3,low,0.7,uniform,complete,7.999999999999991,replicator__marginal_deficit,replicator,marginal_deficit,92,7.147579175392259
SP2_HETEROGENEOUS_GAME_v1,10094ae5a1c1d9f7cb38,340000,0,8,3,low,0.7,uniform,complete,7.999999999999991,replicator__marginal_deficit,replicator,marginal_deficit,93,7.148932269237295
SP2_HETEROGENEOUS_GAME_v1,10094ae5a1c1d9f7cb38,340000,0,8,3,low,0.7,uniform,complete,7.999999999999991,replicator__marginal_deficit,replicator,marginal_deficit,94,7.15028374353215
SP2_HETEROGENEOUS_GAME_v1,10094ae5a1c1d9f7cb38,340000,0,8,3,low,0.7,uniform,complete,7.999999999999991,replicator__marginal_deficit,replicator,marginal_deficit,95,7.151633614787938
SP2_HETEROGENEOUS_GAME_v1,10094ae5a1c1d9f7cb38,340000,0,8,3,low,0.7,uniform,complete,7.999999999999991,replicator__marginal_deficit,replicator,marginal_deficit,96,7.152981897004905
SP2_HETEROGENEOUS_GAME_v1,10094ae5a1c1d9f7cb38,340000,0,8,3,low,0.7,uniform,complete,7.999999999999991,replicator__marginal_deficit,replicator,marginal_deficit,97,7.154328601832429
SP2_HETEROGENEOUS_GAME_v1,10094ae5a1c1d9f7cb38,340000,0,8,3,low,0.7,uniform,complete,7.999999999999991,replicator__marginal_deficit,replicator,marginal_deficit,98,7.15567373871962
SP2_HETEROGENEOUS_GAME_v1,10094ae5a1c1d9f7cb38,340000,0,8,3,low,0.7,uniform,complete,7.999999999999991,replicator__marginal_deficit,replicator,marginal_deficit,99,7.157017315057162
SP2_HETEROGENEOUS_GAME_v1,10094ae5a1c1d9f7cb38,340000,0,8,3,low,0.7,uniform,complete,7.999999999999991,replicator__marginal_deficit,replicator,marginal_deficit,100,7.158359336310825
SP2_HETEROGENEOUS_GAME_v1,10094ae5a1c1d9f7cb38,340000,0,8,3,low,0.7,uniform,complete,7.999999999999991,replicator__marginal_deficit,replicator,marginal_deficit,101,7.1596998061472075
SP2_HETEROGENEOUS_GAME_v1,10094ae5a1c1d9f7cb38,340000,0,8,3,low,0.7,uniform,complete,7.999999999999991,replicator__marginal_deficit,replicator,marginal_deficit,102,7.161038726552105
SP2_HETEROGENEOUS_GAME_v1,10094ae5a1c1d9f7cb38,340000,0,8,3,low,0.7,uniform,complete,7.999999999999991,replicator__marginal_deficit,replicator,marginal_deficit,103,7.162376097941964
SP2_HETEROGENEOUS_GAME_v1,10094ae5a1c1d9f7cb38,340000,0,8,3,low,0.7,uniform,complete,7.999999999999991,replicator__marginal_deficit,replicator,marginal_deficit,104,7.163711919268812
SP2_HETEROGENEOUS_GAME_v1,10094ae5a1c1d9f7cb38,340000,0,8,3,low,0.7,uniform,complete,7.999999999999991,replicator__marginal_deficit,replicator,marginal_deficit,105,7.165046188119046
SP2_HETEROGENEOUS_GAME_v1,10094ae5a1c1d9f7cb38,340000,0,8,3,low,0.7,uniform,complete,7.999999999999991,replicator__marginal_deficit,replicator,marginal_deficit,106,7.1663789008064125
SP2_HETEROGENEOUS_GAME_v1,10094ae5a1c1d9f7cb38,340000,0,8,3,low,0.7,uniform,complete,7.999999999999991,replicator__marginal_deficit,replicator,marginal_deficit,107,7.167710052459568
SP2_HETEROGENEOUS_GAME_v1,10094ae5a1c1d9f7cb38,340000,0,8,3,low,0.7,uniform,complete,7.999999999999991,replicator__marginal_deficit,replicator,marginal_deficit,108,7.1690396371044605
SP2_HETEROGENEOUS_GAME_v1,10094ae5a1c1d9f7cb38,340000,0,8,3,low,0.7,uniform,complete,7.999999999999991,replicator__marginal_deficit,replicator,marginal_deficit,109,7.170367647741891
SP2_HETEROGENEOUS_GAME_v1,10094ae5a1c1d9f7cb38,340000,0,8,3,low,0.7,uniform,complete,7.999999999999991,replicator__marginal_deficit,replicator,marginal_deficit,110,7.17169407642052
SP2_HETEROGENEOUS_GAME_v1,10094ae5a1c1d9f7cb38,340000,0,8,3,low,0.7,uniform,complete,7.999999999999991,replicator__marginal_deficit,replicator,marginal_deficit,111,7.1730189143055485
SP2_HETEROGENEOUS_GAME_v1,10094ae5a1c1d9f7cb38,340000,0,8,3,low,0.7,uniform,complete,7.999999999999991,replicator__marginal_deficit,replicator,marginal_deficit,112,7.174342151743376
SP2_HETEROGENEOUS_GAME_v1,10094ae5a1c1d9f7cb38,340000,0,8,3,low,0.7,uniform,complete,7.999999999999991,replicator__marginal_deficit,replicator,marginal_deficit,113,7.175663778322434
SP2_HETEROGENEOUS_GAME_v1,10094ae5a1c1d9f7cb38,340000,0,8,3,low,0.7,uniform,complete,7.999999999999991,replicator__marginal_deficit,replicator,marginal_deficit,114,7.1769837829304235
SP2_HETEROGENEOUS_GAME_v1,10094ae5a1c1d9f7cb38,340000,0,8,3,low,0.7,uniform,complete,7.999999999999991,replicator__marginal_deficit,replicator,marginal_deficit,115,7.178302153808171
SP2_HETEROGENEOUS_GAME_v1,10094ae5a1c1d9f7cb38,340000,0,8,3,low,0.7,uniform,complete,7.999999999999991,replicator__marginal_deficit,replicator,marginal_deficit,116,7.179618878600296
SP2_HETEROGENEOUS_GAME_v1,10094ae5a1c1d9f7cb38,340000,0,8,3,low,0.7,uniform,complete,7.999999999999991,replicator__marginal_deficit,replicator,marginal_deficit,117,7.180933944402889
SP2_HETEROGENEOUS_GAME_v1,10094ae5a1c1d9f7cb38,340000,0,8,3,low,0.7,uniform,complete,7.999999999999991,replicator__marginal_deficit,replicator,marginal_deficit,118,7.182247337808333
SP2_HETEROGENEOUS_GAME_v1,10094ae5a1c1d9f7cb38,340000,0,8,3,low,0.7,uniform,complete,7.999999999999991,replicator__marginal_deficit,replicator,marginal_deficit,119,7.183559044947492
SP2_HETEROGENEOUS_GAME_v1,10094ae5a1c1d9f7cb38,340000,0,8,3,low,0.7,uniform,complete,7.999999999999991,replicator__marginal_deficit,replicator,marginal_deficit,120,7.184869051529378
SP2_HETEROGENEOUS_GAME_v1,10094ae5a1c1d9f7cb38,340000,0,8,3,low,0.7,uniform,complete,7.999999999999991,replicator__marginal_deficit,replicator,marginal_deficit,121,7.186177342878456
SP2_HETEROGENEOUS_GAME_v1,10094ae5a1c1d9f7cb38,340000,0,8,3,low,0.7,uniform,complete,7.999999999999991,replicator__marginal_deficit,replicator,marginal_deficit,122,7.187483903969732
SP2_HETEROGENEOUS_GAME_v1,10094ae5a1c1d9f7cb38,340000,0,8,3,low,0.7,uniform,complete,7.999999999999991,replicator__marginal_deficit,replicator,marginal_deficit,123,7.188788719461744
SP2_HETEROGENEOUS_GAME_v1,10094ae5a1c1d9f7cb38,340000,0,8,3,low,0.7,uniform,complete,7.999999999999991,replicator__marginal_deficit,replicator,marginal_deficit,124,7.190091773727589
SP2_HETEROGENEOUS_GAME_v1,10094ae5a1c1d9f7cb38,340000,0,8,3,low,0.7,uniform,complete,7.999999999999991,replicator__marginal_deficit,replicator,marginal_deficit,125,7.191393050884081
SP2_HETEROGENEOUS_GAME_v1,10094ae5a1c1d9f7cb38,340000,0,8,3,low,0.7,uniform,complete,7.999999999999991,replicator__marginal_deficit,replicator,marginal_deficit,126,7.1926925348191855
SP2_HETEROGENEOUS_GAME_v1,10094ae5a1c1d9f7cb38,340000,0,8,3,low,0.7,uniform,complete,7.999999999999991,replicator__marginal_deficit,replicator,marginal_deficit,127,7.193990209217786
SP2_HETEROGENEOUS_GAME_v1,10094ae5a1c1d9f7cb38,340000,0,8,3,low,0.7,uniform,complete,7.999999999999991,replicator__marginal_deficit,replicator,marginal_deficit,128,7.195286057585914
SP2_HETEROGENEOUS_GAME_v1,10094ae5a1c1d9f7cb38,340000,0,8,3,low,0.7,uniform,complete,7.999999999999991,replicator__marginal_deficit,replicator,marginal_deficit,129,7.196580063273535
SP2_HETEROGENEOUS_GAME_v1,10094ae5a1c1d9f7cb38,340000,0,8,3,low,0.7,uniform,complete,7.999999999999991,replicator__marginal_deficit,replicator,marginal_deficit,130,7.197872209495944
SP2_HETEROGENEOUS_GAME_v1,10094ae5a1c1d9f7cb38,340000,0,8,3,low,0.7,uniform,complete,7.999999999999991,replicator__marginal_deficit,replicator,marginal_deficit,131,7.1991624793538795
SP2_HETEROGENEOUS_GAME_v1,10094ae5a1c1d9f7cb38,340000,0,8,3,low,0.7,uniform,complete,7.999999999999991,replicator__marginal_deficit,replicator,marginal_deficit,132,7.200450855852426
SP2_HETEROGENEOUS_GAME_v1,10094ae5a1c1d9f7cb38,340000,0,8,3,low,0.7,uniform,complete,7.999999999999991,replicator__marginal_deficit,replicator,marginal_deficit,133,7.201737321918767
SP2_HETEROGENEOUS_GAME_v1,10094ae5a1c1d9f7cb38,340000,0,8,3,low,0.7,uniform,complete,7.999999999999991,replicator__marginal_deficit,replicator,marginal_deficit,134,7.2030218604188745
SP2_HETEROGENEOUS_GAME_v1,10094ae5a1c1d9f7cb38,340000,0,8,3,low,0.7,uniform,complete,7.999999999999991,replicator__marginal_deficit,replicator,marginal_deficit,135,7.204304454173172
SP2_HETEROGENEOUS_GAME_v1,10094ae5a1c1d9f7cb38,340000,0,8,3,low,0.7,uniform,complete,7.999999999999991,replicator__marginal_deficit,replicator,marginal_deficit,136,7.205585085971255
SP2_HETEROGENEOUS_GAME_v1,10094ae5a1c1d9f7cb38,340000,0,8,3,low,0.7,uniform,complete,7.999999999999991,replicator__marginal_deficit,replicator,marginal_deficit,137,7.206863738585713
SP2_HETEROGENEOUS_GAME_v1,10094ae5a1c1d9f7cb38,340000,0,8,3,low,0.7,uniform,complete,7.999999999999991,replicator__marginal_deficit,replicator,marginal_deficit,138,7.2081403947851115
SP2_HETEROGENEOUS_GAME_v1,10094ae5a1c1d9f7cb38,340000,0,8,3,low,0.7,uniform,complete,7.999999999999991,replicator__marginal_deficit,replicator,marginal_deficit,139,7.209415037346167
SP2_HETEROGENEOUS_GAME_v1,10094ae5a1c1d9f7cb38,340000,0,8,3,low,0.7,uniform,complete,7.999999999999991,replicator__marginal_deficit,replicator,marginal_deficit,140,7.210687649065195
SP2_HETEROGENEOUS_GAME_v1,10094ae5a1c1d9f7cb38,340000,0,8,3,low,0.7,uniform,complete,7.999999999999991,replicator__marginal_deficit,replicator,marginal_deficit,141,7.211958212768842
SP2_HETEROGENEOUS_GAME_v1,10094ae5a1c1d9f7cb38,340000,0,8,3,low,0.7,uniform,complete,7.999999999999991,replicator__marginal_deficit,replicator,marginal_deficit,142,7.213226711324158
SP2_HETEROGENEOUS_GAME_v1,10094ae5a1c1d9f7cb38,340000,0,8,3,low,0.7,uniform,complete,7.999999999999991,replicator__marginal_deficit,replicator,marginal_deficit,143,7.214493127648048
SP2_HETEROGENEOUS_GAME_v1,10094ae5a1c1d9f7cb38,340000,0,8,3,low,0.7,uniform,complete,7.999999999999991,replicator__marginal_deficit,replicator,marginal_deficit,144,7.215757444716136
SP2_HETEROGENEOUS_GAME_v1,10094ae5a1c1d9f7cb38,340000,0,8,3,low,0.7,uniform,complete,7.999999999999991,replicator__marginal_deficit,replicator,marginal_deficit,145,7.217019645571088
SP2_HETEROGENEOUS_GAME_v1,10094ae5a1c1d9f7cb38,340000,0,8,3,low,0.7,uniform,complete,7.999999999999991,replicator__marginal_deficit,replicator,marginal_deficit,146,7.218279713330394
SP2_HETEROGENEOUS_GAME_v1,10094ae5a1c1d9f7cb38,340000,0,8,3,low,0.7,uniform,complete,7.999999999999991,replicator__marginal_deficit,replicator,marginal_deficit,147,7.219537631193685
SP2_HETEROGENEOUS_GAME_v1,10094ae5a1c1d9f7cb38,340000,0,8,3,low,0.7,uniform,complete,7.999999999999991,replicator__marginal_deficit,replicator,marginal_deficit,148,7.220793382449582
SP2_HETEROGENEOUS_GAME_v1,10094ae5a1c1d9f7cb38,340000,0,8,3,low,0.7,uniform,complete,7.999999999999991,replicator__marginal_deficit,replicator,marginal_deficit,149,7.222046950482099
SP2_HETEROGENEOUS_GAME_v1,10094ae5a1c1d9f7cb38,340000,0,8,3,low,0.7,uniform,complete,7.999999999999991,replicator__marginal_deficit,replicator,marginal_deficit,150,7.2232983187766635
SP2_HETEROGENEOUS_GAME_v1,10094ae5a1c1d9f7cb38,340000,0,8,3,low,0.7,uniform,complete,7.999999999999991,replicator__marginal_deficit,replicator,marginal_deficit,151,7.224547470925734
SP2_HETEROGENEOUS_GAME_v1,10094ae5a1c1d9f7cb38,340000,0,8,3,low,0.7,uniform,complete,7.999999999999991,replicator__marginal_deficit,replicator,marginal_deficit,152,7.225794390634066
SP2_HETEROGENEOUS_GAME_v1,10094ae5a1c1d9f7cb38,340000,0,8,3,low,0.7,uniform,complete,7.999999999999991,replicator__marginal_deficit,replicator,marginal_deficit,153,7.227039061723632
SP2_HETEROGENEOUS_GAME_v1,10094ae5a1c1d9f7cb38,340000,0,8,3,low,0.7,uniform,complete,7.999999999999991,replicator__marginal_deficit,replicator,marginal_deficit,154,7.2282814681382295
SP2_HETEROGENEOUS_GAME_v1,10094ae5a1c1d9f7cb38,340000,0,8,3,low,0.7,uniform,complete,7.999999999999991,replicator__marginal_deficit,replicator,marginal_deficit,155,7.22952159394778
SP2_HETEROGENEOUS_GAME_v1,10094ae5a1c1d9f7cb38,340000,0,8,3,low,0.7,uniform,complete,7.999999999999991,replicator__marginal_deficit,replicator,marginal_deficit,156,7.230759423352349
SP2_HETEROGENEOUS_GAME_v1,10094ae5a1c1d9f7cb38,340000,0,8,3,low,0.7,uniform,complete,7.999999999999991,replicator__marginal_deficit,replicator,marginal_deficit,157,7.231994940685892
SP2_HETEROGENEOUS_GAME_v1,10094ae5a1c1d9f7cb38,340000,0,8,3,low,0.7,uniform,complete,7.999999999999991,replicator__marginal_deficit,replicator,marginal_deficit,158,7.233228130419763
SP2_HETEROGENEOUS_GAME_v1,10094ae5a1c1d9f7cb38,340000,0,8,3,low,0.7,uniform,complete,7.999999999999991,replicator__marginal_deficit,replicator,marginal_deficit,159,7.234458977165972
SP2_HETEROGENEOUS_GAME_v1,10094ae5a1c1d9f7cb38,340000,0,8,3,low,0.7,uniform,complete,7.999999999999991,replicator__marginal_deficit,replicator,marginal_deficit,160,7.235687465680216
SP2_HETEROGENEOUS_GAME_v1,10094ae5a1c1d9f7cb38,340000,0,8,3,low,0.7,uniform,complete,7.999999999999991,replicator__marginal_deficit,replicator,marginal_deficit,161,7.23691358086472
SP2_HETEROGENEOUS_GAME_v1,10094ae5a1c1d9f7cb38,340000,0,8,3,low,0.7,uniform,complete,7.999999999999991,replicator__marginal_deficit,replicator,marginal_deficit,162,7.2381373077708595
SP2_HETEROGENEOUS_GAME_v1,10094ae5a1c1d9f7cb38,340000,0,8,3,low,0.7,uniform,complete,7.999999999999991,replicator__marginal_deficit,replicator,marginal_deficit,163,7.239358631601603
SP2_HETEROGENEOUS_GAME_v1,10094ae5a1c1d9f7cb38,340000,0,8,3,low,0.7,uniform,complete,7.999999999999991,replicator__marginal_deficit,replicator,marginal_deficit,164,7.240577537713774
SP2_HETEROGENEOUS_GAME_v1,10094ae5a1c1d9f7cb38,340000,0,8,3,low,0.7,uniform,complete,7.999999999999991,replicator__marginal_deficit,replicator,marginal_deficit,165,7.241794011620163
SP2_HETEROGENEOUS_GAME_v1,10094ae5a1c1d9f7cb38,340000,0,8,3,low,0.7,uniform,complete,7.999999999999991,replicator__marginal_deficit,replicator,marginal_deficit,166,7.2430080389914595
SP2_HETEROGENEOUS_GAME_v1,10094ae5a1c1d9f7cb38,340000,0,8,3,low,0.7,uniform,complete,7.999999999999991,replicator__marginal_deficit,replicator,marginal_deficit,167,7.244219605658046
SP2_HETEROGENEOUS_GAME_v1,10094ae5a1c1d9f7cb38,340000,0,8,3,low,0.7,uniform,complete,7.999999999999991,replicator__marginal_deficit,replicator,marginal_deficit,168,7.245428697611656
SP2_HETEROGENEOUS_GAME_v1,10094ae5a1c1d9f7cb38,340000,0,8,3,low,0.7,uniform,complete,7.999999999999991,replicator__marginal_deficit,replicator,marginal_deficit,169,7.2466353010069025
SP2_HETEROGENEOUS_GAME_v1,10094ae5a1c1d9f7cb38,340000,0,8,3,low,0.7,uniform,complete,7.999999999999991,replicator__marginal_deficit,replicator,marginal_deficit,170,7.247839402162672
SP2_HETEROGENEOUS_GAME_v1,10094ae5a1c1d9f7cb38,340000,0,8,3,low,0.7,uniform,complete,7.999999999999991,replicator__marginal_deficit,replicator,marginal_deficit,171,7.249040987563401
SP2_HETEROGENEOUS_GAME_v1,10094ae5a1c1d9f7cb38,340000,0,8,3,low,0.7,uniform,complete,7.999999999999991,replicator__marginal_deficit,replicator,marginal_deficit,172,7.2502400438602566
SP2_HETEROGENEOUS_GAME_v1,10094ae5a1c1d9f7cb38,340000,0,8,3,low,0.7,uniform,complete,7.999999999999991,replicator__marginal_deficit,replicator,marginal_deficit,173,7.251436557872195
SP2_HETEROGENEOUS_GAME_v1,10094ae5a1c1d9f7cb38,340000,0,8,3,low,0.7,uniform,complete,7.999999999999991,replicator__marginal_deficit,replicator,marginal_deficit,174,7.252630516586931
SP2_HETEROGENEOUS_GAME_v1,10094ae5a1c1d9f7cb38,340000,0,8,3,low,0.7,uniform,complete,7.999999999999991,replicator__marginal_deficit,replicator,marginal_deficit,175,7.253821907161817
SP2_HETEROGENEOUS_GAME_v1,10094ae5a1c1d9f7cb38,340000,0,8,3,low,0.7,uniform,complete,7.999999999999991,replicator__marginal_deficit,replicator,marginal_deficit,176,7.255010716924611
SP2_HETEROGENEOUS_GAME_v1,10094ae5a1c1d9f7cb38,340000,0,8,3,low,0.7,uniform,complete,7.999999999999991,replicator__marginal_deficit,replicator,marginal_deficit,177,7.256196933374199
SP2_HETEROGENEOUS_GAME_v1,10094ae5a1c1d9f7cb38,340000,0,8,3,low,0.7,uniform,complete,7.999999999999991,replicator__marginal_deficit,replicator,marginal_deficit,178,7.2573805441812045
SP2_HETEROGENEOUS_GAME_v1,10094ae5a1c1d9f7cb38,340000,0,8,3,low,0.7,uniform,complete,7.999999999999991,replicator__marginal_deficit,replicator,marginal_deficit,179,7.258561537188534
SP2_HETEROGENEOUS_GAME_v1,10094ae5a1c1d9f7cb38,340000,0,8,3,low,0.7,uniform,complete,7.999999999999991,replicator__marginal_deficit,replicator,marginal_deficit,180,7.259739900411869
SP2_HETEROGENEOUS_GAME_v1,10094ae5a1c1d9f7cb38,340000,0,8,3,low,0.7,uniform,complete,7.999999999999991,replicator__marginal_deficit,replicator,marginal_deficit,181,7.260915622040052
SP2_HETEROGENEOUS_GAME_v1,10094ae5a1c1d9f7cb38,340000,0,8,3,low,0.7,uniform,complete,7.999999999999991,replicator__marginal_deficit,replicator,marginal_deficit,182,7.2620886904354505
SP2_HETEROGENEOUS_GAME_v1,10094ae5a1c1d9f7cb38,340000,0,8,3,low,0.7,uniform,complete,7.999999999999991,replicator__marginal_deficit,replicator,marginal_deficit,183,7.263259094134236
SP2_HETEROGENEOUS_GAME_v1,10094ae5a1c1d9f7cb38,340000,0,8,3,low,0.7,uniform,complete,7.999999999999991,replicator__marginal_deficit,replicator,marginal_deficit,184,7.264426821846609
SP2_HETEROGENEOUS_GAME_v1,10094ae5a1c1d9f7cb38,340000,0,8,3,low,0.7,uniform,complete,7.999999999999991,replicator__marginal_deficit,replicator,marginal_deficit,185,7.265591862456985
SP2_HETEROGENEOUS_GAME_v1,10094ae5a1c1d9f7cb38,340000,0,8,3,low,0.7,uniform,complete,7.999999999999991,replicator__marginal_deficit,replicator,marginal_deficit,186,7.266754205024102
SP2_HETEROGENEOUS_GAME_v1,10094ae5a1c1d9f7cb38,340000,0,8,3,low,0.7,uniform,complete,7.999999999999991,replicator__marginal_deficit,replicator,marginal_deficit,187,7.2679138387811
SP2_HETEROGENEOUS_GAME_v1,10094ae5a1c1d9f7cb38,340000,0,8,3,low,0.7,uniform,complete,7.999999999999991,replicator__marginal_deficit,replicator,marginal_deficit,188,7.269070753135552
SP2_HETEROGENEOUS_GAME_v1,10094ae5a1c1d9f7cb38,340000,0,8,3,low,0.7,uniform,complete,7.999999999999991,replicator__marginal_deficit,replicator,marginal_deficit,189,7.270224937669449
SP2_HETEROGENEOUS_GAME_v1,10094ae5a1c1d9f7cb38,340000,0,8,3,low,0.7,uniform,complete,7.999999999999991,replicator__marginal_deficit,replicator,marginal_deficit,190,7.27137638213913
SP2_HETEROGENEOUS_GAME_v1,10094ae5a1c1d9f7cb38,340000,0,8,3,low,0.7,uniform,complete,7.999999999999991,replicator__marginal_deficit,replicator,marginal_deficit,191,7.272525076475196
SP2_HETEROGENEOUS_GAME_v1,10094ae5a1c1d9f7cb38,340000,0,8,3,low,0.7,uniform,complete,7.999999999999991,replicator__marginal_deficit,replicator,marginal_deficit,192,7.273671010782372
SP2_HETEROGENEOUS_GAME_v1,10094ae5a1c1d9f7cb38,340000,0,8,3,low,0.7,uniform,complete,7.999999999999991,replicator__marginal_deficit,replicator,marginal_deficit,193,7.274814175339322
SP2_HETEROGENEOUS_GAME_v1,10094ae5a1c1d9f7cb38,340000,0,8,3,low,0.7,uniform,complete,7.999999999999991,replicator__marginal_deficit,replicator,marginal_deficit,194,7.2759545605984615
SP2_HETEROGENEOUS_GAME_v1,10094ae5a1c1d9f7cb38,340000,0,8,3,low,0.7,uniform,complete,7.999999999999991,replicator__marginal_deficit,replicator,marginal_deficit,195,7.277092157185704
SP2_HETEROGENEOUS_GAME_v1,10094ae5a1c1d9f7cb38,340000,0,8,3,low,0.7,uniform,complete,7.999999999999991,replicator__marginal_deficit,replicator,marginal_deficit,196,7.2782269559002
SP2_HETEROGENEOUS_GAME_v1,10094ae5a1c1d9f7cb38,340000,0,8,3,low,0.7,uniform,complete,7.999999999999991,replicator__marginal_deficit,replicator,marginal_deficit,197,7.2793589477140275
SP2_HETEROGENEOUS_GAME_v1,10094ae5a1c1d9f7cb38,340000,0,8,3,low,0.7,uniform,complete,7.999999999999991,replicator__marginal_deficit,replicator,marginal_deficit,198,7.280488123771868
SP2_HETEROGENEOUS_GAME_v1,10094ae5a1c1d9f7cb38,340000,0,8,3,low,0.7,uniform,complete,7.999999999999991,replicator__marginal_deficit,replicator,marginal_deficit,199,7.281614475390654
SP2_HETEROGENEOUS_GAME_v1,10094ae5a1c1d9f7cb38,340000,0,8,3,low,0.7,uniform,complete,7.999999999999991,replicator__marginal_deficit,replicator,marginal_deficit,200,7.282737994059182
SP2_HETEROGENEOUS_GAME_v1,10094ae5a1c1d9f7cb38,340000,0,8,3,low,0.7,uniform,complete,7.999999999999991,replicator__marginal_deficit,replicator,marginal_deficit,201,7.283858671437703
SP2_HETEROGENEOUS_GAME_v1,10094ae5a1c1d9f7cb38,340000,0,8,3,low,0.7,uniform,complete,7.999999999999991,replicator__marginal_deficit,replicator,marginal_deficit,202,7.284976499357503
SP2_HETEROGENEOUS_GAME_v1,10094ae5a1c1d9f7cb38,340000,0,8,3,low,0.7,uniform,complete,7.999999999999991,replicator__marginal_deficit,replicator,marginal_deficit,203,7.286091469820439
SP2_HETEROGENEOUS_GAME_v1,10094ae5a1c1d9f7cb38,340000,0,8,3,low,0.7,uniform,complete,7.999999999999991,replicator__marginal_deficit,replicator,marginal_deficit,204,7.287203574998473
SP2_HETEROGENEOUS_GAME_v1,10094ae5a1c1d9f7cb38,340000,0,8,3,low,0.7,uniform,complete,7.999999999999991,replicator__marginal_deficit,replicator,marginal_deficit,205,7.288312807233169
SP2_HETEROGENEOUS_GAME_v1,10094ae5a1c1d9f7cb38,340000,0,8,3,low,0.7,uniform,complete,7.999999999999991,replicator__marginal_deficit,replicator,marginal_deficit,206,7.28941915903518
SP2_HETEROGENEOUS_GAME_v1,10094ae5a1c1d9f7cb38,340000,0,8,3,low,0.7,uniform,complete,7.999999999999991,replicator__marginal_deficit,replicator,marginal_deficit,207,7.290522623083713
SP2_HETEROGENEOUS_GAME_v1,10094ae5a1c1d9f7cb38,340000,0,8,3,low,0.7,uniform,complete,7.999999999999991,replicator__marginal_deficit,replicator,marginal_deficit,208,7.2916231922259795
SP2_HETEROGENEOUS_GAME_v1,10094ae5a1c1d9f7cb38,340000,0,8,3,low,0.7,uniform,complete,7.999999999999991,replicator__marginal_deficit,replicator,marginal_deficit,209,7.292720859476623
SP2_HETEROGENEOUS_GAME_v1,10094ae5a1c1d9f7cb38,340000,0,8,3,low,0.7,uniform,complete,7.999999999999991,replicator__marginal_deficit,replicator,marginal_deficit,210,7.293815618017125
SP2_HETEROGENEOUS_GAME_v1,10094ae5a1c1d9f7cb38,340000,0,8,3,low,0.7,uniform,complete,7.999999999999991,replicator__marginal_deficit,replicator,marginal_deficit,211,7.2949074611952085
SP2_HETEROGENEOUS_GAME_v1,10094ae5a1c1d9f7cb38,340000,0,8,3,low,0.7,uniform,complete,7.999999999999991,replicator__marginal_deficit,replicator,marginal_deficit,212,7.295996382524218
SP2_HETEROGENEOUS_GAME_v1,10094ae5a1c1d9f7cb38,340000,0,8,3,low,0.7,uniform,complete,7.999999999999991,replicator__marginal_deficit,replicator,marginal_deficit,213,7.297082375682479
SP2_HETEROGENEOUS_GAME_v1,10094ae5a1c1d9f7cb38,340000,0,8,3,low,0.7,uniform,complete,7.999999999999991,replicator__marginal_deficit,replicator,marginal_deficit,214,7.2981654345126525
SP2_HETEROGENEOUS_GAME_v1,10094ae5a1c1d9f7cb38,340000,0,8,3,low,0.7,uniform,complete,7.999999999999991,replicator__marginal_deficit,replicator,marginal_deficit,215,7.299245553021074
SP2_HETEROGENEOUS_GAME_v1,10094ae5a1c1d9f7cb38,340000,0,8,3,low,0.7,uniform,complete,7.999999999999991,replicator__marginal_deficit,replicator,marginal_deficit,216,7.300322725377072
SP2_HETEROGENEOUS_GAME_v1,10094ae5a1c1d9f7cb38,340000,0,8,3,low,0.7,uniform,complete,7.999999999999991,replicator__marginal_deficit,replicator,marginal_deficit,217,7.301396945912276
SP2_HETEROGENEOUS_GAME_v1,10094ae5a1c1d9f7cb38,340000,0,8,3,low,0.7,uniform,complete,7.999999999999991,replicator__marginal_deficit,replicator,marginal_deficit,218,7.302468209119925
SP2_HETEROGENEOUS_GAME_v1,10094ae5a1c1d9f7cb38,340000,0,8,3,low,0.7,uniform,complete,7.999999999999991,replicator__marginal_deficit,replicator,marginal_deficit,219,7.303536509654145
SP2_HETEROGENEOUS_GAME_v1,10094ae5a1c1d9f7cb38,340000,0,8,3,low,0.7,uniform,complete,7.999999999999991,replicator__marginal_deficit,replicator,marginal_deficit,220,7.30460184232922
SP2_HETEROGENEOUS_GAME_v1,10094ae5a1c1d9f7cb38,340000,0,8,3,low,0.7,uniform,complete,7.999999999999991,replicator__marginal_deficit,replicator,marginal_deficit,221,7.30566420211886
SP2_HETEROGENEOUS_GAME_v1,10094ae5a1c1d9f7cb38,340000,0,8,3,low,0.7,uniform,complete,7.999999999999991,replicator__marginal_deficit,replicator,marginal_deficit,222,7.306723584155451
SP2_HETEROGENEOUS_GAME_v1,10094ae5a1c1d9f7cb38,340000,0,8,3,low,0.7,uniform,complete,7.999999999999991,replicator__marginal_deficit,replicator,marginal_deficit,223,7.307779983729297
SP2_HETEROGENEOUS_GAME_v1,10094ae5a1c1d9f7cb38,340000,0,8,3,low,0.7,uniform,complete,7.999999999999991,replicator__marginal_deficit,replicator,marginal_deficit,224,7.30883339628785
SP2_HETEROGENEOUS_GAME_v1,10094ae5a1c1d9f7cb38,340000,0,8,3,low,0.7,uniform,complete,7.999999999999991,replicator__marginal_deficit,replicator,marginal_deficit,225,7.309883817434928
SP2_HETEROGENEOUS_GAME_v1,10094ae5a1c1d9f7cb38,340000,0,8,3,low,0.7,uniform,complete,7.999999999999991,replicator__marginal_deficit,replicator,marginal_deficit,226,7.310931242929934
SP2_HETEROGENEOUS_GAME_v1,10094ae5a1c1d9f7cb38,340000,0,8,3,low,0.7,uniform,complete,7.999999999999991,replicator__marginal_deficit,replicator,marginal_deficit,227,7.31197566868705
SP2_HETEROGENEOUS_GAME_v1,10094ae5a1c1d9f7cb38,340000,0,8,3,low,0.7,uniform,complete,7.999999999999991,replicator__marginal_deficit,replicator,marginal_deficit,228,7.313017090774432
SP2_HETEROGENEOUS_GAME_v1,10094ae5a1c1d9f7cb38,340000,0,8,3,low,0.7,uniform,complete,7.999999999999991,replicator__marginal_deficit,replicator,marginal_deficit,229,7.314055505413399
SP2_HETEROGENEOUS_GAME_v1,10094ae5a1c1d9f7cb38,340000,0,8,3,low,0.7,uniform,complete,7.999999999999991,replicator__marginal_deficit,replicator,marginal_deficit,230,7.3150909089776075
SP2_HETEROGENEOUS_GAME_v1,10094ae5a1c1d9f7cb38,340000,0,8,3,low,0.7,uniform,complete,7.999999999999991,replicator__marginal_deficit,replicator,marginal_deficit,231,7.316123297992217
SP2_HETEROGENEOUS_GAME_v1,10094ae5a1c1d9f7cb38,340000,0,8,3,low,0.7,uniform,complete,7.999999999999991,replicator__marginal_deficit,replicator,marginal_deficit,232,7.317152669133049
SP2_HETEROGENEOUS_GAME_v1,10094ae5a1c1d9f7cb38,340000,0,8,3,low,0.7,uniform,complete,7.999999999999991,replicator__marginal_deficit,replicator,marginal_deficit,233,7.318179019225743
SP2_HETEROGENEOUS_GAME_v1,10094ae5a1c1d9f7cb38,340000,0,8,3,low,0.7,uniform,complete,7.999999999999991,replicator__marginal_deficit,replicator,marginal_deficit,234,7.319202345244908
SP2_HETEROGENEOUS_GAME_v1,10094ae5a1c1d9f7cb38,340000,0,8,3,low,0.7,uniform,complete,7.999999999999991,replicator__marginal_deficit,replicator,marginal_deficit,235,7.320222644313239
SP2_HETEROGENEOUS_GAME_v1,10094ae5a1c1d9f7cb38,340000,0,8,3,low,0.7,uniform,complete,7.999999999999991,replicator__marginal_deficit,replicator,marginal_deficit,236,7.321239913700678
SP2_HETEROGENEOUS_GAME_v1,10094ae5a1c1d9f7cb38,340000,0,8,3,low,0.7,uniform,complete,7.999999999999991,replicator__marginal_deficit,replicator,marginal_deficit,237,7.322254150823506
SP2_HETEROGENEOUS_GAME_v1,10094ae5a1c1d9f7cb38,340000,0,8,3,low,0.7,uniform,complete,7.999999999999991,replicator__marginal_deficit,replicator,marginal_deficit,238,7.3232653532434915
SP2_HETEROGENEOUS_GAME_v1,10094ae5a1c1d9f7cb38,340000,0,8,3,low,0.7,uniform,complete,7.999999999999991,replicator__marginal_deficit,replicator,marginal_deficit,239,7.324273518666976
SP2_HETEROGENEOUS_GAME_v1,10094ae5a1c1d9f7cb38,340000,0,8,3,low,0.7,uniform,complete,7.999999999999991,replicator__marginal_deficit,replicator,marginal_deficit,240,7.325278644943998
SP2_HETEROGENEOUS_GAME_v1,10094ae5a1c1d9f7cb38,340000,0,8,3,low,0.7,uniform,complete,7.999999999999991,replicator__marginal_deficit,replicator,marginal_deficit,241,7.32628073006738
SP2_HETEROGENEOUS_GAME_v1,10094ae5a1c1d9f7cb38,340000,0,8,3,low,0.7,uniform,complete,7.999999999999991,replicator__marginal_deficit,replicator,marginal_deficit,242,7.327279772171828
SP2_HETEROGENEOUS_GAME_v1,10094ae5a1c1d9f7cb38,340000,0,8,3,low,0.7,uniform,complete,7.999999999999991,replicator__marginal_deficit,replicator,marginal_deficit,243,7.328275769533019
SP2_HETEROGENEOUS_GAME_v1,10094ae5a1c1d9f7cb38,340000,0,8,3,low,0.7,uniform,complete,7.999999999999991,replicator__marginal_deficit,replicator,marginal_deficit,244,7.32926872056668
SP2_HETEROGENEOUS_GAME_v1,10094ae5a1c1d9f7cb38,340000,0,8,3,low,0.7,uniform,complete,7.999999999999991,replicator__marginal_deficit,replicator,marginal_deficit,245,7.330258623827669
SP2_HETEROGENEOUS_GAME_v1,10094ae5a1c1d9f7cb38,340000,0,8,3,low,0.7,uniform,complete,7.999999999999991,replicator__marginal_deficit,replicator,marginal_deficit,246,7.331245478009044
SP2_HETEROGENEOUS_GAME_v1,10094ae5a1c1d9f7cb38,340000,0,8,3,low,0.7,uniform,complete,7.999999999999991,replicator__marginal_deficit,replicator,marginal_deficit,247,7.332229281941132
SP2_HETEROGENEOUS_GAME_v1,10094ae5a1c1d9f7cb38,340000,0,8,3,low,0.7,uniform,complete,7.999999999999991,replicator__marginal_deficit,replicator,marginal_deficit,248,7.333210034590591
SP2_HETEROGENEOUS_GAME_v1,10094ae5a1c1d9f7cb38,340000,0,8,3,low,0.7,uniform,complete,7.999999999999991,replicator__marginal_deficit,replicator,marginal_deficit,249,7.334187735059467
SP2_HETEROGENEOUS_GAME_v1,10094ae5a1c1d9f7cb38,340000,0,8,3,low,0.7,uniform,complete,7.999999999999991,replicator__marginal_deficit,replicator,marginal_deficit,250,7.335162382584245
SP2_HETEROGENEOUS_GAME_v1,10094ae5a1c1d9f7cb38,340000,0,8,3,low,0.7,uniform,complete,7.999999999999991,replicator__marginal_deficit,replicator,marginal_deficit,251,7.336133976534905
SP2_HETEROGENEOUS_GAME_v1,10094ae5a1c1d9f7cb38,340000,0,8,3,low,0.7,uniform,complete,7.999999999999991,replicator__marginal_deficit,replicator,marginal_deficit,252,7.33710251641396
SP2_HETEROGENEOUS_GAME_v1,10094ae5a1c1d9f7cb38,340000,0,8,3,low,0.7,uniform,complete,7.999999999999991,replicator__marginal_deficit,replicator,marginal_deficit,253,7.338068001855497
SP2_HETEROGENEOUS_GAME_v1,10094ae5a1c1d9f7cb38,340000,0,8,3,low,0.7,uniform,complete,7.999999999999991,replicator__marginal_deficit,replicator,marginal_deficit,254,7.339030432624218
SP2_HETEROGENEOUS_GAME_v1,10094ae5a1c1d9f7cb38,340000,0,8,3,low,0.7,uniform,complete,7.999999999999991,replicator__marginal_deficit,replicator,marginal_deficit,255,7.339989808614469
SP2_HETEROGENEOUS_GAME_v1,10094ae5a1c1d9f7cb38,340000,0,8,3,low,0.7,uniform,complete,7.999999999999991,replicator__marginal_deficit,replicator,marginal_deficit,256,7.340946129849269
SP2_HETEROGENEOUS_GAME_v1,10094ae5a1c1d9f7cb38,340000,0,8,3,low,0.7,uniform,complete,7.999999999999991,replicator__marginal_deficit,replicator,marginal_deficit,257,7.341899396479343
SP2_HETEROGENEOUS_GAME_v1,10094ae5a1c1d9f7cb38,340000,0,8,3,low,0.7,uniform,complete,7.999999999999991,replicator__marginal_deficit,replicator,marginal_deficit,258,7.342849608782132
SP2_HETEROGENEOUS_GAME_v1,10094ae5a1c1d9f7cb38,340000,0,8,3,low,0.7,uniform,complete,7.999999999999991,replicator__marginal_deficit,replicator,marginal_deficit,259,7.343796767160823
SP2_HETEROGENEOUS_GAME_v1,10094ae5a1c1d9f7cb38,340000,0,8,3,low,0.7,uniform,complete,7.999999999999991,replicator__marginal_deficit,replicator,marginal_deficit,260,7.344740872143362
SP2_HETEROGENEOUS_GAME_v1,10094ae5a1c1d9f7cb38,340000,0,8,3,low,0.7,uniform,complete,7.999999999999991,replicator__marginal_deficit,replicator,marginal_deficit,261,7.345681924381463
SP2_HETEROGENEOUS_GAME_v1,10094ae5a1c1d9f7cb38,340000,0,8,3,low,0.7,uniform,complete,7.999999999999991,replicator__marginal_deficit,replicator,marginal_deficit,262,7.3466199246496275
SP2_HETEROGENEOUS_GAME_v1,10094ae5a1c1d9f7cb38,340000,0,8,3,low,0.7,uniform,complete,7.999999999999991,replicator__marginal_deficit,replicator,marginal_deficit,263,7.347554873844138
SP2_HETEROGENEOUS_GAME_v1,10094ae5a1c1d9f7cb38,340000,0,8,3,low,0.7,uniform,complete,7.999999999999991,replicator__marginal_deficit,replicator,marginal_deficit,264,7.348486772982079
SP2_HETEROGENEOUS_GAME_v1,10094ae5a1c1d9f7cb38,340000,0,8,3,low,0.7,uniform,complete,7.999999999999991,replicator__marginal_deficit,replicator,marginal_deficit,265,7.349415623200326
SP2_HETEROGENEOUS_GAME_v1,10094ae5a1c1d9f7cb38,340000,0,8,3,low,0.7,uniform,complete,7.999999999999991,replicator__marginal_deficit,replicator,marginal_deficit,266,7.350341425754552
SP2_HETEROGENEOUS_GAME_v1,10094ae5a1c1d9f7cb38,340000,0,8,3,low,0.7,uniform,complete,7.999999999999991,replicator__marginal_deficit,replicator,marginal_deficit,267,7.351264182018227
SP2_HETEROGENEOUS_GAME_v1,10094ae5a1c1d9f7cb38,340000,0,8,3,low,0.7,uniform,complete,7.999999999999991,replicator__marginal_deficit,replicator,marginal_deficit,268,7.352183893481612
SP2_HETEROGENEOUS_GAME_v1,10094ae5a1c1d9f7cb38,340000,0,8,3,low,0.7,uniform,complete,7.999999999999991,replicator__marginal_deficit,replicator,marginal_deficit,269,7.353100561750744
SP2_HETEROGENEOUS_GAME_v1,10094ae5a1c1d9f7cb38,340000,0,8,3,low,0.7,uniform,complete,7.999999999999991,replicator__marginal_deficit,replicator,marginal_deficit,270,7.35401418854644
SP2_HETEROGENEOUS_GAME_v1,10094ae5a1c1d9f7cb38,340000,0,8,3,low,0.7,uniform,complete,7.999999999999991,replicator__marginal_deficit,replicator,marginal_deficit,271,7.3549247757032825
SP2_HETEROGENEOUS_GAME_v1,10094ae5a1c1d9f7cb38,340000,0,8,3,low,0.7,uniform,complete,7.999999999999991,replicator__marginal_deficit,replicator,marginal_deficit,272,7.3558323251686035
SP2_HETEROGENEOUS_GAME_v1,10094ae5a1c1d9f7cb38,340000,0,8,3,low,0.7,uniform,complete,7.999999999999991,replicator__marginal_deficit,replicator,marginal_deficit,273,7.356736839001481
SP2_HETEROGENEOUS_GAME_v1,10094ae5a1c1d9f7cb38,340000,0,8,3,low,0.7,uniform,complete,7.999999999999991,replicator__marginal_deficit,replicator,marginal_deficit,274,7.35763831937171
SP2_HETEROGENEOUS_GAME_v1,10094ae5a1c1d9f7cb38,340000,0,8,3,low,0.7,uniform,complete,7.999999999999991,replicator__marginal_deficit,replicator,marginal_deficit,275,7.358536768558799
SP2_HETEROGENEOUS_GAME_v1,10094ae5a1c1d9f7cb38,340000,0,8,3,low,0.7,uniform,complete,7.999999999999991,replicator__marginal_deficit,replicator,marginal_deficit,276,7.359432188950944
SP2_HETEROGENEOUS_GAME_v1,10094ae5a1c1d9f7cb38,340000,0,8,3,low,0.7,uniform,complete,7.999999999999991,replicator__marginal_deficit,replicator,marginal_deficit,277,7.360324583044015
SP2_HETEROGENEOUS_GAME_v1,10094ae5a1c1d9f7cb38,340000,0,8,3,low,0.7,uniform,complete,7.999999999999991,replicator__marginal_deficit,replicator,marginal_deficit,278,7.361213953440532
SP2_HETEROGENEOUS_GAME_v1,10094ae5a1c1d9f7cb38,340000,0,8,3,low,0.7,uniform,complete,7.999999999999991,replicator__marginal_deficit,replicator,marginal_deficit,279,7.36210030284865
SP2_HETEROGENEOUS_GAME_v1,10094ae5a1c1d9f7cb38,340000,0,8,3,low,0.7,uniform,complete,7.999999999999991,replicator__marginal_deficit,replicator,marginal_deficit,280,7.362983634081132
SP2_HETEROGENEOUS_GAME_v1,10094ae5a1c1d9f7cb38,340000,0,8,3,low,0.7,uniform,complete,7.999999999999991,replicator__marginal_deficit,replicator,marginal_deficit,281,7.363863950054325
SP2_HETEROGENEOUS_GAME_v1,10094ae5a1c1d9f7cb38,340000,0,8,3,low,0.7,uniform,complete,7.999999999999991,replicator__marginal_deficit,replicator,marginal_deficit,282,7.364741253787149
SP2_HETEROGENEOUS_GAME_v1,10094ae5a1c1d9f7cb38,340000,0,8,3,low,0.7,uniform,complete,7.999999999999991,replicator__marginal_deficit,replicator,marginal_deficit,283,7.36561554840006
SP2_HETEROGENEOUS_GAME_v1,10094ae5a1c1d9f7cb38,340000,0,8,3,low,0.7,uniform,complete,7.999999999999991,replicator__marginal_deficit,replicator,marginal_deficit,284,7.366486837114027
SP2_HETEROGENEOUS_GAME_v1,10094ae5a1c1d9f7cb38,340000,0,8,3,low,0.7,uniform,complete,7.999999999999991,replicator__marginal_deficit,replicator,marginal_deficit,285,7.367355123249521
SP2_HETEROGENEOUS_GAME_v1,10094ae5a1c1d9f7cb38,340000,0,8,3,low,0.7,uniform,complete,7.999999999999991,replicator__marginal_deficit,replicator,marginal_deficit,286,7.368220410225479
SP2_HETEROGENEOUS_GAME_v1,10094ae5a1c1d9f7cb38,340000,0,8,3,low,0.7,uniform,complete,7.999999999999991,replicator__marginal_deficit,replicator,marginal_deficit,287,7.369082701558279
SP2_HETEROGENEOUS_GAME_v1,10094ae5a1c1d9f7cb38,340000,0,8,3,low,0.7,uniform,complete,7.999999999999991,replicator__marginal_deficit,replicator,marginal_deficit,288,7.369942000860718
SP2_HETEROGENEOUS_GAME_v1,10094ae5a1c1d9f7cb38,340000,0,8,3,low,0.7,uniform,complete,7.999999999999991,replicator__marginal_deficit,replicator,marginal_deficit,289,7.370798311840993
SP2_HETEROGENEOUS_GAME_v1,10094ae5a1c1d9f7cb38,340000,0,8,3,low,0.7,uniform,complete,7.999999999999991,replicator__marginal_deficit,replicator,marginal_deficit,290,7.37165163830167
SP2_HETEROGENEOUS_GAME_v1,10094ae5a1c1d9f7cb38,340000,0,8,3,low,0.7,uniform,complete,7.999999999999991,replicator__marginal_deficit,replicator,marginal_deficit,291,7.372501984138658
SP2_HETEROGENEOUS_GAME_v1,10094ae5a1c1d9f7cb38,340000,0,8,3,low,0.7,uniform,complete,7.999999999999991,replicator__marginal_deficit,replicator,marginal_deficit,292,7.373349353340196
SP2_HETEROGENEOUS_GAME_v1,10094ae5a1c1d9f7cb38,340000,0,8,3,low,0.7,uniform,complete,7.999999999999991,replicator__marginal_deficit,replicator,marginal_deficit,293,7.374193749985815
SP2_HETEROGENEOUS_GAME_v1,10094ae5a1c1d9f7cb38,340000,0,8,3,low,0.7,uniform,complete,7.999999999999991,replicator__marginal_deficit,replicator,marginal_deficit,294,7.375035178245328
SP2_HETEROGENEOUS_GAME_v1,10094ae5a1c1d9f7cb38,340000,0,8,3,low,0.7,uniform,complete,7.999999999999991,replicator__marginal_deficit,replicator,marginal_deficit,295,7.375873642377799
SP2_HETEROGENEOUS_GAME_v1,10094ae5a1c1d9f7cb38,340000,0,8,3,low,0.7,uniform,complete,7.999999999999991,replicator__marginal_deficit,replicator,marginal_deficit,296,7.376709146730533
SP2_HETEROGENEOUS_GAME_v1,10094ae5a1c1d9f7cb38,340000,0,8,3,low,0.7,uniform,complete,7.999999999999991,replicator__marginal_deficit,replicator,marginal_deficit,297,7.377541695738039
SP2_HETEROGENEOUS_GAME_v1,10094ae5a1c1d9f7cb38,340000,0,8,3,low,0.7,uniform,complete,7.999999999999991,replicator__marginal_deficit,replicator,marginal_deficit,298,7.378371293921027
SP2_HETEROGENEOUS_GAME_v1,10094ae5a1c1d9f7cb38,340000,0,8,3,low,0.7,uniform,complete,7.999999999999991,replicator__marginal_deficit,replicator,marginal_deficit,299,7.379197945885375
SP2_HETEROGENEOUS_GAME_v1,10094ae5a1c1d9f7cb38,340000,0,8,3,low,0.7,uniform,complete,7.999999999999991,replicator__marginal_deficit,replicator,marginal_deficit,300,7.380021656321128
SP2_HETEROGENEOUS_GAME_v1,10094ae5a1c1d9f7cb38,340000,0,8,3,low,0.7,uniform,complete,7.999999999999991,replicator__marginal_log,replicator,marginal_log,0,1.9947269194830604
SP2_HETEROGENEOUS_GAME_v1,10094ae5a1c1d9f7cb38,340000,0,8,3,low,0.7,uniform,complete,7.999999999999991,replicator__marginal_log,replicator,marginal_log,1,2.266171185383599
SP2_HETEROGENEOUS_GAME_v1,10094ae5a1c1d9f7cb38,340000,0,8,3,low,0.7,uniform,complete,7.999999999999991,replicator__marginal_log,replicator,marginal_log,2,2.5156984081918585
SP2_HETEROGENEOUS_GAME_v1,10094ae5a1c1d9f7cb38,340000,0,8,3,low,0.7,uniform,complete,7.999999999999991,replicator__marginal_log,replicator,marginal_log,3,2.74528872680843
SP2_HETEROGENEOUS_GAME_v1,10094ae5a1c1d9f7cb38,340000,0,8,3,low,0.7,uniform,complete,7.999999999999991,replicator__marginal_log,replicator,marginal_log,4,2.9567342886493595
SP2_HETEROGENEOUS_GAME_v1,10094ae5a1c1d9f7cb38,340000,0,8,3,low,0.7,uniform,complete,7.999999999999991,replicator__marginal_log,replicator,marginal_log,5,3.151656401865717
SP2_HETEROGENEOUS_GAME_v1,10094ae5a1c1d9f7cb38,340000,0,8,3,low,0.7,uniform,complete,7.999999999999991,replicator__marginal_log,replicator,marginal_log,6,3.3315214569295044
SP2_HETEROGENEOUS_GAME_v1,10094ae5a1c1d9f7cb38,340000,0,8,3,low,0.7,uniform,complete,7.999999999999991,replicator__marginal_log,replicator,marginal_log,7,3.497655632261906
SP2_HETEROGENEOUS_GAME_v1,10094ae5a1c1d9f7cb38,340000,0,8,3,low,0.7,uniform,complete,7.999999999999991,replicator__marginal_log,replicator,marginal_log,8,3.651258411676592
SP2_HETEROGENEOUS_GAME_v1,10094ae5a1c1d9f7cb38,340000,0,8,3,low,0.7,uniform,complete,7.999999999999991,replicator__marginal_log,replicator,marginal_log,9,3.7934149539859296
SP2_HETEROGENEOUS_GAME_v1,10094ae5a1c1d9f7cb38,340000,0,8,3,low,0.7,uniform,complete,7.999999999999991,replicator__marginal_log,replicator,marginal_log,10,3.9251073660244034
SP2_HETEROGENEOUS_GAME_v1,10094ae5a1c1d9f7cb38,340000,0,8,3,low,0.7,uniform,complete,7.999999999999991,replicator__marginal_log,replicator,marginal_log,11,4.047224938911893
SP2_HETEROGENEOUS_GAME_v1,10094ae5a1c1d9f7cb38,340000,0,8,3,low,0.7,uniform,complete,7.999999999999991,replicator__marginal_log,replicator,marginal_log,12,4.160573413371109
SP2_HETEROGENEOUS_GAME_v1,10094ae5a1c1d9f7cb38,340000,0,8,3,low,0.7,uniform,complete,7.999999999999991,replicator__marginal_log,replicator,marginal_log,13,4.265883343406262
SP2_HETEROGENEOUS_GAME_v1,10094ae5a1c1d9f7cb38,340000,0,8,3,low,0.7,uniform,complete,7.999999999999991,replicator__marginal_log,replicator,marginal_log,14,4.3638176289196835
SP2_HETEROGENEOUS_GAME_v1,10094ae5a1c1d9f7cb38,340000,0,8,3,low,0.7,uniform,complete,7.999999999999991,replicator__marginal_log,replicator,marginal_log,15,4.454978287264181
SP2_HETEROGENEOUS_GAME_v1,10094ae5a1c1d9f7cb38,340000,0,8,3,low,0.7,uniform,complete,7.999999999999991,replicator__marginal_log,replicator,marginal_log,16,4.539912531703911
SP2_HETEROGENEOUS_GAME_v1,10094ae5a1c1d9f7cb38,340000,0,8,3,low,0.7,uniform,complete,7.999999999999991,replicator__marginal_log,replicator,marginal_log,17,4.619118221670017
SP2_HETEROGENEOUS_GAME_v1,10094ae5a1c1d9f7cb38,340000,0,8,3,low,0.7,uniform,complete,7.999999999999991,replicator__marginal_log,replicator,marginal_log,18,4.6930487458900005
SP2_HETEROGENEOUS_GAME_v1,10094ae5a1c1d9f7cb38,340000,0,8,3,low,0.7,uniform,complete,7.999999999999991,replicator__marginal_log,replicator,marginal_log,19,4.762117395227342
SP2_HETEROGENEOUS_GAME_v1,10094ae5a1c1d9f7cb38,340000,0,8,3,low,0.7,uniform,complete,7.999999999999991,replicator__marginal_log,replicator,marginal_log,20,4.826701277619234
SP2_HETEROGENEOUS_GAME_v1,10094ae5a1c1d9f7cb38,340000,0,8,3,low,0.7,uniform,complete,7.999999999999991,replicator__marginal_log,replicator,marginal_log,21,4.887144823020748
SP2_HETEROGENEOUS_GAME_v1,10094ae5a1c1d9f7cb38,340000,0,8,3,low,0.7,uniform,complete,7.999999999999991,replicator__marginal_log,replicator,marginal_log,22,4.943762921882553
SP2_HETEROGENEOUS_GAME_v1,10094ae5a1c1d9f7cb38,340000,0,8,3,low,0.7,uniform,complete,7.999999999999991,replicator__marginal_log,replicator,marginal_log,23,4.9968437364961185
SP2_HETEROGENEOUS_GAME_v1,10094ae5a1c1d9f7cb38,340000,0,8,3,low,0.7,uniform,complete,7.999999999999991,replicator__marginal_log,replicator,marginal_log,24,5.04665122059365
SP2_HETEROGENEOUS_GAME_v1,10094ae5a1c1d9f7cb38,340000,0,8,3,low,0.7,uniform,complete,7.999999999999991,replicator__marginal_log,replicator,marginal_log,25,5.09342737892449
SP2_HETEROGENEOUS_GAME_v1,10094ae5a1c1d9f7cb38,340000,0,8,3,low,0.7,uniform,complete,7.999999999999991,replicator__marginal_log,replicator,marginal_log,26,5.137394295159918
SP2_HETEROGENEOUS_GAME_v1,10094ae5a1c1d9f7cb38,340000,0,8,3,low,0.7,uniform,complete,7.999999999999991,replicator__marginal_log,replicator,marginal_log,27,5.178755953407698
SP2_HETEROGENEOUS_GAME_v1,10094ae5a1c1d9f7cb38,340000,0,8,3,low,0.7,uniform,complete,7.999999999999991,replicator__marginal_log,replicator,marginal_log,28,5.217699875837842
SP2_HETEROGENEOUS_GAME_v1,10094ae5a1c1d9f7cb38,340000,0,8,3,low,0.7,uniform,complete,7.999999999999991,replicator__marginal_log,replicator,marginal_log,29,5.254398596419121
SP2_HETEROGENEOUS_GAME_v1,10094ae5a1c1d9f7cb38,340000,0,8,3,low,0.7,uniform,complete,7.999999999999991,replicator__marginal_log,replicator,marginal_log,30,5.289010988523958
SP2_HETEROGENEOUS_GAME_v1,10094ae5a1c1d9f7cb38,340000,0,8,3,low,0.7,uniform,complete,7.999999999999991,replicator__marginal_log,replicator,marginal_log,31,5.321683462157747
SP2_HETEROGENEOUS_GAME_v1,10094ae5a1c1d9f7cb38,340000,0,8,3,low,0.7,uniform,complete,7.999999999999991,replicator__marginal_log,replicator,marginal_log,32,5.352551044787228
SP2_HETEROGENEOUS_GAME_v1,10094ae5a1c1d9f7cb38,340000,0,8,3,low,0.7,uniform,complete,7.999999999999991,replicator__marginal_log,replicator,marginal_log,33,5.381738358160366
SP2_HETEROGENEOUS_GAME_v1,10094ae5a1c1d9f7cb38,340000,0,8,3,low,0.7,uniform,complete,7.999999999999991,replicator__marginal_log,replicator,marginal_log,34,5.40936050210792
SP2_HETEROGENEOUS_GAME_v1,10094ae5a1c1d9f7cb38,340000,0,8,3,low,0.7,uniform,complete,7.999999999999991,replicator__marginal_log,replicator,marginal_log,35,5.435523855075641
SP2_HETEROGENEOUS_GAME_v1,10094ae5a1c1d9f7cb38,340000,0,8,3,low,0.7,uniform,complete,7.999999999999991,replicator__marginal_log,replicator,marginal_log,36,5.46032680003841
SP2_HETEROGENEOUS_GAME_v1,10094ae5a1c1d9f7cb38,340000,0,8,3,low,0.7,uniform,complete,7.999999999999991,replicator__marginal_log,replicator,marginal_log,37,5.483860383477887
SP2_HETEROGENEOUS_GAME_v1,10094ae5a1c1d9f7cb38,340000,0,8,3,low,0.7,uniform,complete,7.999999999999991,replicator__marginal_log,replicator,marginal_log,38,5.506208914248621
SP2_HETEROGENEOUS_GAME_v1,10094ae5a1c1d9f7cb38,340000,0,8,3,low,0.7,uniform,complete,7.999999999999991,replicator__marginal_log,replicator,marginal_log,39,5.527450508401177
SP2_HETEROGENEOUS_GAME_v1,10094ae5a1c1d9f7cb38,340000,0,8,3,low,0.7,uniform,complete,7.999999999999991,replicator__marginal_log,replicator,marginal_log,40,5.547657585362899
SP2_HETEROGENEOUS_GAME_v1,10094ae5a1c1d9f7cb38,340000,0,8,3,low,0.7,uniform,complete,7.999999999999991,replicator__marginal_log,replicator,marginal_log,41,5.566897320286879
SP2_HETEROGENEOUS_GAME_v1,10094ae5a1c1d9f7cb38,340000,0,8,3,low,0.7,uniform,complete,7.999999999999991,replicator__marginal_log,replicator,marginal_log,42,5.585232056858506
SP2_HETEROGENEOUS_GAME_v1,10094ae5a1c1d9f7cb38,340000,0,8,3,low,0.7,uniform,complete,7.999999999999991,replicator__marginal_log,replicator,marginal_log,43,5.602719684388001
SP2_HETEROGENEOUS_GAME_v1,10094ae5a1c1d9f7cb38,340000,0,8,3,low,0.7,uniform,complete,7.999999999999991,replicator__marginal_log,replicator,marginal_log,44,5.619413982609832
SP2_HETEROGENEOUS_GAME_v1,10094ae5a1c1d9f7cb38,340000,0,8,3,low,0.7,uniform,complete,7.999999999999991,replicator__marginal_log,replicator,marginal_log,45,5.635364937249004
SP2_HETEROGENEOUS_GAME_v1,10094ae5a1c1d9f7cb38,340000,0,8,3,low,0.7,uniform,complete,7.999999999999991,replicator__marginal_log,replicator,marginal_log,46,5.650619029094568
SP2_HETEROGENEOUS_GAME_v1,10094ae5a1c1d9f7cb38,340000,0,8,3,low,0.7,uniform,complete,7.999999999999991,replicator__marginal_log,replicator,marginal_log,47,5.665219499037239
SP2_HETEROGENEOUS_GAME_v1,10094ae5a1c1d9f7cb38,340000,0,8,3,low,0.7,uniform,complete,7.999999999999991,replicator__marginal_log,replicator,marginal_log,48,5.6792065912764915
SP2_HETEROGENEOUS_GAME_v1,10094ae5a1c1d9f7cb38,340000,0,8,3,low,0.7,uniform,complete,7.999999999999991,replicator__marginal_log,replicator,marginal_log,49,5.692617776678964
SP2_HETEROGENEOUS_GAME_v1,10094ae5a1c1d9f7cb38,340000,0,8,3,low,0.7,uniform,complete,7.999999999999991,replicator__marginal_log,replicator,marginal_log,50,5.7054879580712825
SP2_HETEROGENEOUS_GAME_v1,10094ae5a1c1d9f7cb38,340000,0,8,3,low,0.7,uniform,complete,7.999999999999991,replicator__marginal_log,replicator,marginal_log,51,5.7178496590734715
SP2_HETEROGENEOUS_GAME_v1,10094ae5a1c1d9f7cb38,340000,0,8,3,low,0.7,uniform,complete,7.999999999999991,replicator__marginal_log,replicator,marginal_log,52,5.72973319792137
SP2_HETEROGENEOUS_GAME_v1,10094ae5a1c1d9f7cb38,340000,0,8,3,low,0.7,uniform,complete,7.999999999999991,replicator__marginal_log,replicator,marginal_log,53,5.741166847585759
SP2_HETEROGENEOUS_GAME_v1,10094ae5a1c1d9f7cb38,340000,0,8,3,low,0.7,uniform,complete,7.999999999999991,replicator__marginal_log,replicator,marginal_log,54,5.752176983370253
SP2_HETEROGENEOUS_GAME_v1,10094ae5a1c1d9f7cb38,340000,0,8,3,low,0.7,uniform,complete,7.999999999999991,replicator__marginal_log,replicator,marginal_log,55,5.76278821905748
SP2_HETEROGENEOUS_GAME_v1,10094ae5a1c1d9f7cb38,340000,0,8,3,low,0.7,uniform,complete,7.999999999999991,replicator__marginal_log,replicator,marginal_log,56,5.773023532572482
SP2_HETEROGENEOUS_GAME_v1,10094ae5a1c1d9f7cb38,340000,0,8,3,low,0.7,uniform,complete,7.999999999999991,replicator__marginal_log,replicator,marginal_log,57,5.782904382041995
SP2_HETEROGENEOUS_GAME_v1,10094ae5a1c1d9f7cb38,340000,0,8,3,low,0.7,uniform,complete,7.999999999999991,replicator__marginal_log,replicator,marginal_log,58,5.7924508130472745
SP2_HETEROGENEOUS_GAME_v1,10094ae5a1c1d9f7cb38,340000,0,8,3,low,0.7,uniform,complete,7.999999999999991,replicator__marginal_log,replicator,marginal_log,59,5.801681557795352
SP2_HETEROGENEOUS_GAME_v1,10094ae5a1c1d9f7cb38,340000,0,8,3,low,0.7,uniform,complete,7.999999999999991,replicator__marginal_log,replicator,marginal_log,60,5.810614126868167
SP2_HETEROGENEOUS_GAME_v1,10094ae5a1c1d9f7cb38,340000,0,8,3,low,0.7,uniform,complete,7.999999999999991,replicator__marginal_log,replicator,marginal_log,61,5.819264894150028
SP2_HETEROGENEOUS_GAME_v1,10094ae5a1c1d9f7cb38,340000,0,8,3,low,0.7,uniform,complete,7.999999999999991,replicator__marginal_log,replicator,marginal_log,62,5.8276491754806905
SP2_HETEROGENEOUS_GAME_v1,10094ae5a1c1d9f7cb38,340000,0,8,3,low,0.7,uniform,complete,7.999999999999991,replicator__marginal_log,replicator,marginal_log,63,5.835781301533411
SP2_HETEROGENEOUS_GAME_v1,10094ae5a1c1d9f7cb38,340000,0,8,3,low,0.7,uniform,complete,7.999999999999991,replicator__marginal_log,replicator,marginal_log,64,5.843674685373916
SP2_HETEROGENEOUS_GAME_v1,10094ae5a1c1d9f7cb38,340000,0,8,3,low,0.7,uniform,complete,7.999999999999991,replicator__marginal_log,replicator,marginal_log,65,5.8513418851169785
SP2_HETEROGENEOUS_GAME_v1,10094ae5a1c1d9f7cb38,340000,0,8,3,low,0.7,uniform,complete,7.999999999999991,replicator__marginal_log,replicator,marginal_log,66,5.858794662061922
SP2_HETEROGENEOUS_GAME_v1,10094ae5a1c1d9f7cb38,340000,0,8,3,low,0.7,uniform,complete,7.999999999999991,replicator__marginal_log,replicator,marginal_log,67,5.866044034655927
SP2_HETEROGENEOUS_GAME_v1,10094ae5a1c1d9f7cb38,340000,0,8,3,low,0.7,uniform,complete,7.999999999999991,replicator__marginal_log,replicator,marginal_log,68,5.873100328605071
SP2_HETEROGENEOUS_GAME_v1,10094ae5a1c1d9f7cb38,340000,0,8,3,low,0.7,uniform,complete,7.999999999999991,replicator__marginal_log,replicator,marginal_log,69,5.879973223426212
SP2_HETEROGENEOUS_GAME_v1,10094ae5a1c1d9f7cb38,340000,0,8,3,low,0.7,uniform,complete,7.999999999999991,replicator__marginal_log,replicator,marginal_log,70,5.886671795708958
SP2_HETEROGENEOUS_GAME_v1,10094ae5a1c1d9f7cb38,340000,0,8,3,low,0.7,uniform,complete,7.999999999999991,replicator__marginal_log,replicator,marginal_log,71,5.893204559334766
SP2_HETEROGENEOUS_GAME_v1,10094ae5a1c1d9f7cb38,340000,0,8,3,low,0.7,uniform,complete,7.999999999999991,replicator__marginal_log,replicator,marginal_log,72,5.899579502880393
SP2_HETEROGENEOUS_GAME_v1,10094ae5a1c1d9f7cb38,340000,0,8,3,low,0.7,uniform,complete,7.999999999999991,replicator__marginal_log,replicator,marginal_log,73,5.905804124414504
SP2_HETEROGENEOUS_GAME_v1,10094ae5a1c1d9f7cb38,340000,0,8,3,low,0.7,uniform,complete,7.999999999999991,replicator__marginal_log,replicator,marginal_log,74,5.9118854638797975
SP2_HETEROGENEOUS_GAME_v1,10094ae5a1c1d9f7cb38,340000,0,8,3,low,0.7,uniform,complete,7.999999999999991,replicator__marginal_log,replicator,marginal_log,75,5.917830133237553
SP2_HETEROGENEOUS_GAME_v1,10094ae5a1c1d9f7cb38,340000,0,8,3,low,0.7,uniform,complete,7.999999999999991,replicator__marginal_log,replicator,marginal_log,76,5.92364434453784
SP2_HETEROGENEOUS_GAME_v1,10094ae5a1c1d9f7cb38,340000,0,8,3,low,0.7,uniform,complete,7.999999999999991,replicator__marginal_log,replicator,marginal_log,77,5.929333936065751
SP2_HETEROGENEOUS_GAME_v1,10094ae5a1c1d9f7cb38,340000,0,8,3,low,0.7,uniform,complete,7.999999999999991,replicator__marginal_log,replicator,marginal_log,78,5.9349043967024135
SP2_HETEROGENEOUS_GAME_v1,10094ae5a1c1d9f7cb38,340000,0,8,3,low,0.7,uniform,complete,7.999999999999991,replicator__marginal_log,replicator,marginal_log,79,5.940360888628945
SP2_HETEROGENEOUS_GAME_v1,10094ae5a1c1d9f7cb38,340000,0,8,3,low,0.7,uniform,complete,7.999999999999991,replicator__marginal_log,replicator,marginal_log,80,5.9457082684915665
SP2_HETEROGENEOUS_GAME_v1,10094ae5a1c1d9f7cb38,340000,0,8,3,low,0.7,uniform,complete,7.999999999999991,replicator__marginal_log,replicator,marginal_log,81,5.950951107137297
SP2_HETEROGENEOUS_GAME_v1,10094ae5a1c1d9f7cb38,340000,0,8,3,low,0.7,uniform,complete,7.999999999999991,replicator__marginal_log,replicator,marginal_log,82,5.9560937080212355
SP2_HETEROGENEOUS_GAME_v1,10094ae5a1c1d9f7cb38,340000,0,8,3,low,0.7,uniform,complete,7.999999999999991,replicator__marginal_log,replicator,marginal_log,83,5.961140124378992
SP2_HETEROGENEOUS_GAME_v1,10094ae5a1c1d9f7cb38,340000,0,8,3,low,0.7,uniform,complete,7.999999999999991,replicator__marginal_log,replicator,marginal_log,84,5.966094175250771
SP2_HETEROGENEOUS_GAME_v1,10094ae5a1c1d9f7cb38,340000,0,8,3,low,0.7,uniform,complete,7.999999999999991,replicator__marginal_log,replicator,marginal_log,85,5.970959460437258
SP2_HETEROGENEOUS_GAME_v1,10094ae5a1c1d9f7cb38,340000,0,8,3,low,0.7,uniform,complete,7.999999999999991,replicator__marginal_log,replicator,marginal_log,86,5.975739374461483
SP2_HETEROGENEOUS_GAME_v1,10094ae5a1c1d9f7cb38,340000,0,8,3,low,0.7,uniform,complete,7.999999999999991,replicator__marginal_log,replicator,marginal_log,87,5.980437119605523
SP2_HETEROGENEOUS_GAME_v1,10094ae5a1c1d9f7cb38,340000,0,8,3,low,0.7,uniform,complete,7.999999999999991,replicator__marginal_log,replicator,marginal_log,88,5.985055718085727
SP2_HETEROGENEOUS_GAME_v1,10094ae5a1c1d9f7cb38,340000,0,8,3,low,0.7,uniform,complete,7.999999999999991,replicator__marginal_log,replicator,marginal_log,89,5.9895980234256845
SP2_HETEROGENEOUS_GAME_v1,10094ae5a1c1d9f7cb38,340000,0,8,3,low,0.7,uniform,complete,7.999999999999991,replicator__marginal_log,replicator,marginal_log,90,5.994066731081746
SP2_HETEROGENEOUS_GAME_v1,10094ae5a1c1d9f7cb38,340000,0,8,3,low,0.7,uniform,complete,7.999999999999991,replicator__marginal_log,replicator,marginal_log,91,5.998464388372114
SP2_HETEROGENEOUS_GAME_v1,10094ae5a1c1d9f7cb38,340000,0,8,3,low,0.7,uniform,complete,7.999999999999991,replicator__marginal_log,replicator,marginal_log,92,6.002793403756721
SP2_HETEROGENEOUS_GAME_v1,10094ae5a1c1d9f7cb38,340000,0,8,3,low,0.7,uniform,complete,7.999999999999991,replicator__marginal_log,replicator,marginal_log,93,6.007056055511907
SP2_HETEROGENEOUS_GAME_v1,10094ae5a1c1d9f7cb38,340000,0,8,3,low,0.7,uniform,complete,7.999999999999991,replicator__marginal_log,replicator,marginal_log,94,6.011254499840675
SP2_HETEROGENEOUS_GAME_v1,10094ae5a1c1d9f7cb38,340000,0,8,3,low,0.7,uniform,complete,7.999999999999991,replicator__marginal_log,replicator,marginal_log,95,6.015390778456476
SP2_HETEROGENEOUS_GAME_v1,10094ae5a1c1d9f7cb38,340000,0,8,3,low,0.7,uniform,complete,7.999999999999991,replicator__marginal_log,replicator,marginal_log,96,6.019466825675872
SP2_HETEROGENEOUS_GAME_v1,10094ae5a1c1d9f7cb38,340000,0,8,3,low,0.7,uniform,complete,7.999999999999991,replicator__marginal_log,replicator,marginal_log,97,6.023484475052772
SP2_HETEROGENEOUS_GAME_v1,10094ae5a1c1d9f7cb38,340000,0,8,3,low,0.7,uniform,complete,7.999999999999991,replicator__marginal_log,replicator,marginal_log,98,6.027445465584926
SP2_HETEROGENEOUS_GAME_v1,10094ae5a1c1d9f7cb38,340000,0,8,3,low,0.7,uniform,complete,7.999999999999991,replicator__marginal_log,replicator,marginal_log,99,6.031351447520989
SP2_HETEROGENEOUS_GAME_v1,10094ae5a1c1d9f7cb38,340000,0,8,3,low,0.7,uniform,complete,7.999999999999991,replicator__marginal_log,replicator,marginal_log,100,6.035203987794663
SP2_HETEROGENEOUS_GAME_v1,10094ae5a1c1d9f7cb38,340000,0,8,3,low,0.7,uniform,complete,7.999999999999991,replicator__marginal_log,replicator,marginal_log,101,6.039004575110516
SP2_HETEROGENEOUS_GAME_v1,10094ae5a1c1d9f7cb38,340000,0,8,3,low,0.7,uniform,complete,7.999999999999991,replicator__marginal_log,replicator,marginal_log,102,6.042754624704491
SP2_HETEROGENEOUS_GAME_v1,10094ae5a1c1d9f7cb38,340000,0,8,3,low,0.7,uniform,complete,7.999999999999991,replicator__marginal_log,replicator,marginal_log,103,6.046455482800418
SP2_HETEROGENEOUS_GAME_v1,10094ae5a1c1d9f7cb38,340000,0,8,3,low,0.7,uniform,complete,7.999999999999991,replicator__marginal_log,replicator,marginal_log,104,6.050108430782505
SP2_HETEROGENEOUS_GAME_v1,10094ae5a1c1d9f7cb38,340000,0,8,3,low,0.7,uniform,complete,7.999999999999991,replicator__marginal_log,replicator,marginal_log,105,6.053714689102329
SP2_HETEROGENEOUS_GAME_v1,10094ae5a1c1d9f7cb38,340000,0,8,3,low,0.7,uniform,complete,7.999999999999991,replicator__marginal_log,replicator,marginal_log,106,6.057275420937744
SP2_HETEROGENEOUS_GAME_v1,10094ae5a1c1d9f7cb38,340000,0,8,3,low,0.7,uniform,complete,7.999999999999991,replicator__marginal_log,replicator,marginal_log,107,6.060791735619715
SP2_HETEROGENEOUS_GAME_v1,10094ae5a1c1d9f7cb38,340000,0,8,3,low,0.7,uniform,complete,7.999999999999991,replicator__marginal_log,replicator,marginal_log,108,6.0642646918423075
SP2_HETEROGENEOUS_GAME_v1,10094ae5a1c1d9f7cb38,340000,0,8,3,low,0.7,uniform,complete,7.999999999999991,replicator__marginal_log,replicator,marginal_log,109,6.067695300669749
SP2_HETEROGENEOUS_GAME_v1,10094ae5a1c1d9f7cb38,340000,0,8,3,low,0.7,uniform,complete,7.999999999999991,replicator__marginal_log,replicator,marginal_log,110,6.0710845283537855
SP2_HETEROGENEOUS_GAME_v1,10094ae5a1c1d9f7cb38,340000,0,8,3,low,0.7,uniform,complete,7.999999999999991,replicator__marginal_log,replicator,marginal_log,111,6.074433298973512
SP2_HETEROGENEOUS_GAME_v1,10094ae5a1c1d9f7cb38,340000,0,8,3,low,0.7,uniform,complete,7.999999999999991,replicator__marginal_log,replicator,marginal_log,112,6.0777424969091545
SP2_HETEROGENEOUS_GAME_v1,10094ae5a1c1d9f7cb38,340000,0,8,3,low,0.7,uniform,complete,7.999999999999991,replicator__marginal_log,replicator,marginal_log,113,6.081012969160457
SP2_HETEROGENEOUS_GAME_v1,10094ae5a1c1d9f7cb38,340000,0,8,3,low,0.7,uniform,complete,7.999999999999991,replicator__marginal_log,replicator,marginal_log,114,6.084245527519659
SP2_HETEROGENEOUS_GAME_v1,10094ae5a1c1d9f7cb38,340000,0,8,3,low,0.7,uniform,complete,7.999999999999991,replicator__marginal_log,replicator,marginal_log,115,6.087440950608363
SP2_HETEROGENEOUS_GAME_v1,10094ae5a1c1d9f7cb38,340000,0,8,3,low,0.7,uniform,complete,7.999999999999991,replicator__marginal_log,replicator,marginal_log,116,6.090599985787016
SP2_HETEROGENEOUS_GAME_v1,10094ae5a1c1d9f7cb38,340000,0,8,3,low,0.7,uniform,complete,7.999999999999991,replicator__marginal_log,replicator,marginal_log,117,6.093723350945138
SP2_HETEROGENEOUS_GAME_v1,10094ae5a1c1d9f7cb38,340000,0,8,3,low,0.7,uniform,complete,7.999999999999991,replicator__marginal_log,replicator,marginal_log,118,6.096811736179864
SP2_HETEROGENEOUS_GAME_v1,10094ae5a1c1d9f7cb38,340000,0,8,3,low,0.7,uniform,complete,7.999999999999991,replicator__marginal_log,replicator,marginal_log,119,6.099865805369969
SP2_HETEROGENEOUS_GAME_v1,10094ae5a1c1d9f7cb38,340000,0,8,3,low,0.7,uniform,complete,7.999999999999991,replicator__marginal_log,replicator,marginal_log,120,6.1028861976519435
SP2_HETEROGENEOUS_GAME_v1,10094ae5a1c1d9f7cb38,340000,0,8,3,low,0.7,uniform,complete,7.999999999999991,replicator__marginal_log,replicator,marginal_log,121,6.105873528804434
SP2_HETEROGENEOUS_GAME_v1,10094ae5a1c1d9f7cb38,340000,0,8,3,low,0.7,uniform,complete,7.999999999999991,replicator__marginal_log,replicator,marginal_log,122,6.1088283925467355
SP2_HETEROGENEOUS_GAME_v1,10094ae5a1c1d9f7cb38,340000,0,8,3,low,0.7,uniform,complete,7.999999999999991,replicator__marginal_log,replicator,marginal_log,123,6.111751361756882
SP2_HETEROGENEOUS_GAME_v1,10094ae5a1c1d9f7cb38,340000,0,8,3,low,0.7,uniform,complete,7.999999999999991,replicator__marginal_log,replicator,marginal_log,124,6.114642989614363
SP2_HETEROGENEOUS_GAME_v1,10094ae5a1c1d9f7cb38,340000,0,8,3,low,0.7,uniform,complete,7.999999999999991,replicator__marginal_log,replicator,marginal_log,125,6.1175038106722255
SP2_HETEROGENEOUS_GAME_v1,10094ae5a1c1d9f7cb38,340000,0,8,3,low,0.7,uniform,complete,7.999999999999991,replicator__marginal_log,replicator,marginal_log,126,6.120334341863046
SP2_HETEROGENEOUS_GAME_v1,10094ae5a1c1d9f7cb38,340000,0,8,3,low,0.7,uniform,complete,7.999999999999991,replicator__marginal_log,replicator,marginal_log,127,6.123135083442901
SP2_HETEROGENEOUS_GAME_v1,10094ae5a1c1d9f7cb38,340000,0,8,3,low,0.7,uniform,complete,7.999999999999991,replicator__marginal_log,replicator,marginal_log,128,6.125906519877256
SP2_HETEROGENEOUS_GAME_v1,10094ae5a1c1d9f7cb38,340000,0,8,3,low,0.7,uniform,complete,7.999999999999991,replicator__marginal_log,replicator,marginal_log,129,6.128649120672435
SP2_HETEROGENEOUS_GAME_v1,10094ae5a1c1d9f7cb38,340000,0,8,3,low,0.7,uniform,complete,7.999999999999991,replicator__marginal_log,replicator,marginal_log,130,6.131363341156062
SP2_HETEROGENEOUS_GAME_v1,10094ae5a1c1d9f7cb38,340000,0,8,3,low,0.7,uniform,complete,7.999999999999991,replicator__marginal_log,replicator,marginal_log,131,6.134049623209705
SP2_HETEROGENEOUS_GAME_v1,10094ae5a1c1d9f7cb38,340000,0,8,3,low,0.7,uniform,complete,7.999999999999991,replicator__marginal_log,replicator,marginal_log,132,6.136708395956688
SP2_HETEROGENEOUS_GAME_v1,10094ae5a1c1d9f7cb38,340000,0,8,3,low,0.7,uniform,complete,7.999999999999991,replicator__marginal_log,replicator,marginal_log,133,6.139340076407926
SP2_HETEROGENEOUS_GAME_v1,10094ae5a1c1d9f7cb38,340000,0,8,3,low,0.7,uniform,complete,7.999999999999991,replicator__marginal_log,replicator,marginal_log,134,6.141945070068344
SP2_HETEROGENEOUS_GAME_v1,10094ae5a1c1d9f7cb38,340000,0,8,3,low,0.7,uniform,complete,7.999999999999991,replicator__marginal_log,replicator,marginal_log,135,6.144523771506409
SP2_HETEROGENEOUS_GAME_v1,10094ae5a1c1d9f7cb38,340000,0,8,3,low,0.7,uniform,complete,7.999999999999991,replicator__marginal_log,replicator,marginal_log,136,6.147076564889073
SP2_HETEROGENEOUS_GAME_v1,10094ae5a1c1d9f7cb38,340000,0,8,3,low,0.7,uniform,complete,7.999999999999991,replicator__marginal_log,replicator,marginal_log,137,6.149603824484227
SP2_HETEROGENEOUS_GAME_v1,10094ae5a1c1d9f7cb38,340000,0,8,3,low,0.7,uniform,complete,7.999999999999991,replicator__marginal_log,replicator,marginal_log,138,6.152105915132772
SP2_HETEROGENEOUS_GAME_v1,10094ae5a1c1d9f7cb38,340000,0,8,3,low,0.7,uniform,complete,7.999999999999991,replicator__marginal_log,replicator,marginal_log,139,6.154583192692187
SP2_HETEROGENEOUS_GAME_v1,10094ae5a1c1d9f7cb38,340000,0,8,3,low,0.7,uniform,complete,7.999999999999991,replicator__marginal_log,replicator,marginal_log,140,6.157036004453305
SP2_HETEROGENEOUS_GAME_v1,10094ae5a1c1d9f7cb38,340000,0,8,3,low,0.7,uniform,complete,7.999999999999991,replicator__marginal_log,replicator,marginal_log,141,6.159464689532083
SP2_HETEROGENEOUS_GAME_v1,10094ae5a1c1d9f7cb38,340000,0,8,3,low,0.7,uniform,complete,7.999999999999991,replicator__marginal_log,replicator,marginal_log,142,6.161869579237823
SP2_HETEROGENEOUS_GAME_v1,10094ae5a1c1d9f7cb38,340000,0,8,3,low,0.7,uniform,complete,7.999999999999991,replicator__marginal_log,replicator,marginal_log,143,6.164250997419367
SP2_HETEROGENEOUS_GAME_v1,10094ae5a1c1d9f7cb38,340000,0,8,3,low,0.7,uniform,complete,7.999999999999991,replicator__marginal_log,replicator,marginal_log,144,6.166609260790626
SP2_HETEROGENEOUS_GAME_v1,10094ae5a1c1d9f7cb38,340000,0,8,3,low,0.7,uniform,complete,7.999999999999991,replicator__marginal_log,replicator,marginal_log,145,6.168944679236736
SP2_HETEROGENEOUS_GAME_v1,10094ae5a1c1d9f7cb38,340000,0,8,3,low,0.7,uniform,complete,7.999999999999991,replicator__marginal_log,replicator,marginal_log,146,6.171257556102025
SP2_HETEROGENEOUS_GAME_v1,10094ae5a1c1d9f7cb38,340000,0,8,3,low,0.7,uniform,complete,7.999999999999991,replicator__marginal_log,replicator,marginal_log,147,6.173548188460964
SP2_HETEROGENEOUS_GAME_v1,10094ae5a1c1d9f7cb38,340000,0,8,3,low,0.7,uniform,complete,7.999999999999991,replicator__marginal_log,replicator,marginal_log,148,6.17581686737313
SP2_HETEROGENEOUS_GAME_v1,10094ae5a1c1d9f7cb38,340000,0,8,3,low,0.7,uniform,complete,7.999999999999991,replicator__marginal_log,replicator,marginal_log,149,6.178063878123176
SP2_HETEROGENEOUS_GAME_v1,10094ae5a1c1d9f7cb38,340000,0,8,3,low,0.7,uniform,complete,7.999999999999991,replicator__marginal_log,replicator,marginal_log,150,6.180289500446797
SP2_HETEROGENEOUS_GAME_v1,10094ae5a1c1d9f7cb38,340000,0,8,3,low,0.7,uniform,complete,7.999999999999991,replicator__marginal_log,replicator,marginal_log,151,6.182494008743455
SP2_HETEROGENEOUS_GAME_v1,10094ae5a1c1d9f7cb38,340000,0,8,3,low,0.7,uniform,complete,7.999999999999991,replicator__marginal_log,replicator,marginal_log,152,6.184677672276828
SP2_HETEROGENEOUS_GAME_v1,10094ae5a1c1d9f7cb38,340000,0,8,3,low,0.7,uniform,complete,7.999999999999991,replicator__marginal_log,replicator,marginal_log,153,6.1868407553636295
SP2_HETEROGENEOUS_GAME_v1,10094ae5a1c1d9f7cb38,340000,0,8,3,low,0.7,uniform,complete,7.999999999999991,replicator__marginal_log,replicator,marginal_log,154,6.1889835175515895
SP2_HETEROGENEOUS_GAME_v1,10094ae5a1c1d9f7cb38,340000,0,8,3,low,0.7,uniform,complete,7.999999999999991,replicator__marginal_log,replicator,marginal_log,155,6.191106213787244
SP2_HETEROGENEOUS_GAME_v1,10094ae5a1c1d9f7cb38,340000,0,8,3,low,0.7,uniform,complete,7.999999999999991,replicator__marginal_log,replicator,marginal_log,156,6.193209094574199
SP2_HETEROGENEOUS_GAME_v1,10094ae5a1c1d9f7cb38,340000,0,8,3,low,0.7,uniform,complete,7.999999999999991,replicator__marginal_log,replicator,marginal_log,157,6.195292406122428
SP2_HETEROGENEOUS_GAME_v1,10094ae5a1c1d9f7cb38,340000,0,8,3,low,0.7,uniform,complete,7.999999999999991,replicator__marginal_log,replicator,marginal_log,158,6.197356390489183
SP2_HETEROGENEOUS_GAME_v1,10094ae5a1c1d9f7cb38,340000,0,8,3,low,0.7,uniform,complete,7.999999999999991,replicator__marginal_log,replicator,marginal_log,159,6.199401285712051
SP2_HETEROGENEOUS_GAME_v1,10094ae5a1c1d9f7cb38,340000,0,8,3,low,0.7,uniform,complete,7.999999999999991,replicator__marginal_log,replicator,marginal_log,160,6.201427325934622
SP2_HETEROGENEOUS_GAME_v1,10094ae5a1c1d9f7cb38,340000,0,8,3,low,0.7,uniform,complete,7.999999999999991,replicator__marginal_log,replicator,marginal_log,161,6.203434741525268
SP2_HETEROGENEOUS_GAME_v1,10094ae5a1c1d9f7cb38,340000,0,8,3,low,0.7,uniform,complete,7.999999999999991,replicator__marginal_log,replicator,marginal_log,162,6.2054237591894
SP2_HETEROGENEOUS_GAME_v1,10094ae5a1c1d9f7cb38,340000,0,8,3,low,0.7,uniform,complete,7.999999999999991,replicator__marginal_log,replicator,marginal_log,163,6.207394602075713
SP2_HETEROGENEOUS_GAME_v1,10094ae5a1c1d9f7cb38,340000,0,8,3,low,0.7,uniform,complete,7.999999999999991,replicator__marginal_log,replicator,marginal_log,164,6.2093474898766665
SP2_HETEROGENEOUS_GAME_v1,10094ae5a1c1d9f7cb38,340000,0,8,3,low,0.7,uniform,complete,7.999999999999991,replicator__marginal_log,replicator,marginal_log,165,6.211282638923706
SP2_HETEROGENEOUS_GAME_v1,10094ae5a1c1d9f7cb38,340000,0,8,3,low,0.7,uniform,complete,7.999999999999991,replicator__marginal_log,replicator,marginal_log,166,6.213200262277416
SP2_HETEROGENEOUS_GAME_v1,10094ae5a1c1d9f7cb38,340000,0,8,3,low,0.7,uniform,complete,7.999999999999991,replicator__marginal_log,replicator,marginal_log,167,6.2151005698130195
SP2_HETEROGENEOUS_GAME_v1,10094ae5a1c1d9f7cb38,340000,0,8,3,low,0.7,uniform,complete,7.999999999999991,replicator__marginal_log,replicator,marginal_log,168,6.21698376830149
SP2_HETEROGENEOUS_GAME_v1,10094ae5a1c1d9f7cb38,340000,0,8,3,low,0.7,uniform,complete,7.999999999999991,replicator__marginal_log,replicator,marginal_log,169,6.218850061486522
SP2_HETEROGENEOUS_GAME_v1,10094ae5a1c1d9f7cb38,340000,0,8,3,low,0.7,uniform,complete,7.999999999999991,replicator__marginal_log,replicator,marginal_log,170,6.220699650157673
SP2_HETEROGENEOUS_GAME_v1,10094ae5a1c1d9f7cb38,340000,0,8,3,low,0.7,uniform,complete,7.999999999999991,replicator__marginal_log,replicator,marginal_log,171,6.222532732219861
SP2_HETEROGENEOUS_GAME_v1,10094ae5a1c1d9f7cb38,340000,0,8,3,low,0.7,uniform,complete,7.999999999999991,replicator__marginal_log,replicator,marginal_log,172,6.2243495027595035
SP2_HETEROGENEOUS_GAME_v1,10094ae5a1c1d9f7cb38,340000,0,8,3,low,0.7,uniform,complete,7.999999999999991,replicator__marginal_log,replicator,marginal_log,173,6.22615015410745
SP2_HETEROGENEOUS_GAME_v1,10094ae5a1c1d9f7cb38,340000,0,8,3,low,0.7,uniform,complete,7.999999999999991,replicator__marginal_log,replicator,marginal_log,174,6.227934875898981
SP2_HETEROGENEOUS_GAME_v1,10094ae5a1c1d9f7cb38,340000,0,8,3,low,0.7,uniform,complete,7.999999999999991,replicator__marginal_log,replicator,marginal_log,175,6.229703855130985
SP2_HETEROGENEOUS_GAME_v1,10094ae5a1c1d9f7cb38,340000,0,8,3,low,0.7,uniform,complete,7.999999999999991,replicator__marginal_log,replicator,marginal_log,176,6.231457276216533
SP2_HETEROGENEOUS_GAME_v1,10094ae5a1c1d9f7cb38,340000,0,8,3,low,0.7,uniform,complete,7.999999999999991,replicator__marginal_log,replicator,marginal_log,177,6.233195321037024
SP2_HETEROGENEOUS_GAME_v1,10094ae5a1c1d9f7cb38,340000,0,8,3,low,0.7,uniform,complete,7.999999999999991,replicator__marginal_log,replicator,marginal_log,178,6.234918168992019
SP2_HETEROGENEOUS_GAME_v1,10094ae5a1c1d9f7cb38,340000,0,8,3,low,0.7,uniform,complete,7.999999999999991,replicator__marginal_log,replicator,marginal_log,179,6.236625997046934
SP2_HETEROGENEOUS_GAME_v1,10094ae5a1c1d9f7cb38,340000,0,8,3,low,0.7,uniform,complete,7.999999999999991,replicator__marginal_log,replicator,marginal_log,180,6.238318979778715
SP2_HETEROGENEOUS_GAME_v1,10094ae5a1c1d9f7cb38,340000,0,8,3,low,0.7,uniform,complete,7.999999999999991,replicator__marginal_log,replicator,marginal_log,181,6.2399972894196525
SP2_HETEROGENEOUS_GAME_v1,10094ae5a1c1d9f7cb38,340000,0,8,3,low,0.7,uniform,complete,7.999999999999991,replicator__marginal_log,replicator,marginal_log,182,6.241661095899392
SP2_HETEROGENEOUS_GAME_v1,10094ae5a1c1d9f7cb38,340000,0,8,3,low,0.7,uniform,complete,7.999999999999991,replicator__marginal_log,replicator,marginal_log,183,6.243310566885304
SP2_HETEROGENEOUS_GAME_v1,10094ae5a1c1d9f7cb38,340000,0,8,3,low,0.7,uniform,complete,7.999999999999991,replicator__marginal_log,replicator,marginal_log,184,6.2449458678213245
SP2_HETEROGENEOUS_GAME_v1,10094ae5a1c1d9f7cb38,340000,0,8,3,low,0.7,uniform,complete,7.999999999999991,replicator__marginal_log,replicator,marginal_log,185,6.246567161965307
SP2_HETEROGENEOUS_GAME_v1,10094ae5a1c1d9f7cb38,340000,0,8,3,low,0.7,uniform,complete,7.999999999999991,replicator__marginal_log,replicator,marginal_log,186,6.248174610425028
SP2_HETEROGENEOUS_GAME_v1,10094ae5a1c1d9f7cb38,340000,0,8,3,low,0.7,uniform,complete,7.999999999999991,replicator__marginal_log,replicator,marginal_log,187,6.249768372192926
SP2_HETEROGENEOUS_GAME_v1,10094ae5a1c1d9f7cb38,340000,0,8,3,low,0.7,uniform,complete,7.999999999999991,replicator__marginal_log,replicator,marginal_log,188,6.251348604179608
SP2_HETEROGENEOUS_GAME_v1,10094ae5a1c1d9f7cb38,340000,0,8,3,low,0.7,uniform,complete,7.999999999999991,replicator__marginal_log,replicator,marginal_log,189,6.25291546124628
SP2_HETEROGENEOUS_GAME_v1,10094ae5a1c1d9f7cb38,340000,0,8,3,low,0.7,uniform,complete,7.999999999999991,replicator__marginal_log,replicator,marginal_log,190,6.254469096236074
SP2_HETEROGENEOUS_GAME_v1,10094ae5a1c1d9f7cb38,340000,0,8,3,low,0.7,uniform,complete,7.999999999999991,replicator__marginal_log,replicator,marginal_log,191,6.25600966000443
SP2_HETEROGENEOUS_GAME_v1,10094ae5a1c1d9f7cb38,340000,0,8,3,low,0.7,uniform,complete,7.999999999999991,replicator__marginal_log,replicator,marginal_log,192,6.257537301448523
SP2_HETEROGENEOUS_GAME_v1,10094ae5a1c1d9f7cb38,340000,0,8,3,low,0.7,uniform,complete,7.999999999999991,replicator__marginal_log,replicator,marginal_log,193,6.259052167535826
SP2_HETEROGENEOUS_GAME_v1,10094ae5a1c1d9f7cb38,340000,0,8,3,low,0.7,uniform,complete,7.999999999999991,replicator__marginal_log,replicator,marginal_log,194,6.260554403331867
SP2_HETEROGENEOUS_GAME_v1,10094ae5a1c1d9f7cb38,340000,0,8,3,low,0.7,uniform,complete,7.999999999999991,replicator__marginal_log,replicator,marginal_log,195,6.262044152027198
SP2_HETEROGENEOUS_GAME_v1,10094ae5a1c1d9f7cb38,340000,0,8,3,low,0.7,uniform,complete,7.999999999999991,replicator__marginal_log,replicator,marginal_log,196,6.263521554963659
SP2_HETEROGENEOUS_GAME_v1,10094ae5a1c1d9f7cb38,340000,0,8,3,low,0.7,uniform,complete,7.999999999999991,replicator__marginal_log,replicator,marginal_log,197,6.264986751659958
SP2_HETEROGENEOUS_GAME_v1,10094ae5a1c1d9f7cb38,340000,0,8,3,low,0.7,uniform,complete,7.999999999999991,replicator__marginal_log,replicator,marginal_log,198,6.266439879836611
SP2_HETEROGENEOUS_GAME_v1,10094ae5a1c1d9f7cb38,340000,0,8,3,low,0.7,uniform,complete,7.999999999999991,replicator__marginal_log,replicator,marginal_log,199,6.267881075440285
SP2_HETEROGENEOUS_GAME_v1,10094ae5a1c1d9f7cb38,340000,0,8,3,low,0.7,uniform,complete,7.999999999999991,replicator__marginal_log,replicator,marginal_log,200,6.269310472667577
SP2_HETEROGENEOUS_GAME_v1,10094ae5a1c1d9f7cb38,340000,0,8,3,low,0.7,uniform,complete,7.999999999999991,replicator__marginal_log,replicator,marginal_log,201,6.27072820398825
SP2_HETEROGENEOUS_GAME_v1,10094ae5a1c1d9f7cb38,340000,0,8,3,low,0.7,uniform,complete,7.999999999999991,replicator__marginal_log,replicator,marginal_log,202,6.2721344001679915
SP2_HETEROGENEOUS_GAME_v1,10094ae5a1c1d9f7cb38,340000,0,8,3,low,0.7,uniform,complete,7.999999999999991,replicator__marginal_log,replicator,marginal_log,203,6.273529190290658
SP2_HETEROGENEOUS_GAME_v1,10094ae5a1c1d9f7cb38,340000,0,8,3,low,0.7,uniform,complete,7.999999999999991,replicator__marginal_log,replicator,marginal_log,204,6.274912701780115
SP2_HETEROGENEOUS_GAME_v1,10094ae5a1c1d9f7cb38,340000,0,8,3,low,0.7,uniform,complete,7.999999999999991,replicator__marginal_log,replicator,marginal_log,205,6.276285060421631
SP2_HETEROGENEOUS_GAME_v1,10094ae5a1c1d9f7cb38,340000,0,8,3,low,0.7,uniform,complete,7.999999999999991,replicator__marginal_log,replicator,marginal_log,206,6.277646390382863
SP2_HETEROGENEOUS_GAME_v1,10094ae5a1c1d9f7cb38,340000,0,8,3,low,0.7,uniform,complete,7.999999999999991,replicator__marginal_log,replicator,marginal_log,207,6.2789968142344925
SP2_HETEROGENEOUS_GAME_v1,10094ae5a1c1d9f7cb38,340000,0,8,3,low,0.7,uniform,complete,7.999999999999991,replicator__marginal_log,replicator,marginal_log,208,6.280336452970468
SP2_HETEROGENEOUS_GAME_v1,10094ae5a1c1d9f7cb38,340000,0,8,3,low,0.7,uniform,complete,7.999999999999991,replicator__marginal_log,replicator,marginal_log,209,6.281665426027938
SP2_HETEROGENEOUS_GAME_v1,10094ae5a1c1d9f7cb38,340000,0,8,3,low,0.7,uniform,complete,7.999999999999991,replicator__marginal_log,replicator,marginal_log,210,6.282983851306832
SP2_HETEROGENEOUS_GAME_v1,10094ae5a1c1d9f7cb38,340000,0,8,3,low,0.7,uniform,complete,7.999999999999991,replicator__marginal_log,replicator,marginal_log,211,6.284291845189155
SP2_HETEROGENEOUS_GAME_v1,10094ae5a1c1d9f7cb38,340000,0,8,3,low,0.7,uniform,complete,7.999999999999991,replicator__marginal_log,replicator,marginal_log,212,6.285589522557972
SP2_HETEROGENEOUS_GAME_v1,10094ae5a1c1d9f7cb38,340000,0,8,3,low,0.7,uniform,complete,7.999999999999991,replicator__marginal_log,replicator,marginal_log,213,6.286876996816128
SP2_HETEROGENEOUS_GAME_v1,10094ae5a1c1d9f7cb38,340000,0,8,3,low,0.7,uniform,complete,7.999999999999991,replicator__marginal_log,replicator,marginal_log,214,6.288154379904685
SP2_HETEROGENEOUS_GAME_v1,10094ae5a1c1d9f7cb38,340000,0,8,3,low,0.7,uniform,complete,7.999999999999991,replicator__marginal_log,replicator,marginal_log,215,6.289421782321105
SP2_HETEROGENEOUS_GAME_v1,10094ae5a1c1d9f7cb38,340000,0,8,3,low,0.7,uniform,complete,7.999999999999991,replicator__marginal_log,replicator,marginal_log,216,6.2906793131372085
SP2_HETEROGENEOUS_GAME_v1,10094ae5a1c1d9f7cb38,340000,0,8,3,low,0.7,uniform,complete,7.999999999999991,replicator__marginal_log,replicator,marginal_log,217,6.291927080016859
SP2_HETEROGENEOUS_GAME_v1,10094ae5a1c1d9f7cb38,340000,0,8,3,low,0.7,uniform,complete,7.999999999999991,replicator__marginal_log,replicator,marginal_log,218,6.293165189233463
SP2_HETEROGENEOUS_GAME_v1,10094ae5a1c1d9f7cb38,340000,0,8,3,low,0.7,uniform,complete,7.999999999999991,replicator__marginal_log,replicator,marginal_log,219,6.294393745687208
SP2_HETEROGENEOUS_GAME_v1,10094ae5a1c1d9f7cb38,340000,0,8,3,low,0.7,uniform,complete,7.999999999999991,replicator__marginal_log,replicator,marginal_log,220,6.295612852922137
SP2_HETEROGENEOUS_GAME_v1,10094ae5a1c1d9f7cb38,340000,0,8,3,low,0.7,uniform,complete,7.999999999999991,replicator__marginal_log,replicator,marginal_log,221,6.296822613142977
SP2_HETEROGENEOUS_GAME_v1,10094ae5a1c1d9f7cb38,340000,0,8,3,low,0.7,uniform,complete,7.999999999999991,replicator__marginal_log,replicator,marginal_log,222,6.298023127231804
SP2_HETEROGENEOUS_GAME_v1,10094ae5a1c1d9f7cb38,340000,0,8,3,low,0.7,uniform,complete,7.999999999999991,replicator__marginal_log,replicator,marginal_log,223,6.29921449476449
SP2_HETEROGENEOUS_GAME_v1,10094ae5a1c1d9f7cb38,340000,0,8,3,low,0.7,uniform,complete,7.999999999999991,replicator__marginal_log,replicator,marginal_log,224,6.3003968140269855
SP2_HETEROGENEOUS_GAME_v1,10094ae5a1c1d9f7cb38,340000,0,8,3,low,0.7,uniform,complete,7.999999999999991,replicator__marginal_log,replicator,marginal_log,225,6.301570182031412
SP2_HETEROGENEOUS_GAME_v1,10094ae5a1c1d9f7cb38,340000,0,8,3,low,0.7,uniform,complete,7.999999999999991,replicator__marginal_log,replicator,marginal_log,226,6.302734694531984
SP2_HETEROGENEOUS_GAME_v1,10094ae5a1c1d9f7cb38,340000,0,8,3,low,0.7,uniform,complete,7.999999999999991,replicator__marginal_log,replicator,marginal_log,227,6.303890446040754
SP2_HETEROGENEOUS_GAME_v1,10094ae5a1c1d9f7cb38,340000,0,8,3,low,0.7,uniform,complete,7.999999999999991,replicator__marginal_log,replicator,marginal_log,228,6.305037529843195
SP2_HETEROGENEOUS_GAME_v1,10094ae5a1c1d9f7cb38,340000,0,8,3,low,0.7,uniform,complete,7.999999999999991,replicator__marginal_log,replicator,marginal_log,229,6.306176038013614
SP2_HETEROGENEOUS_GAME_v1,10094ae5a1c1d9f7cb38,340000,0,8,3,low,0.7,uniform,complete,7.999999999999991,replicator__marginal_log,replicator,marginal_log,230,6.3073060614304275
SP2_HETEROGENEOUS_GAME_v1,10094ae5a1c1d9f7cb38,340000,0,8,3,low,0.7,uniform,complete,7.999999999999991,replicator__marginal_log,replicator,marginal_log,231,6.308427689791232
SP2_HETEROGENEOUS_GAME_v1,10094ae5a1c1d9f7cb38,340000,0,8,3,low,0.7,uniform,complete,7.999999999999991,replicator__marginal_log,replicator,marginal_log,232,6.309541011627779
SP2_HETEROGENEOUS_GAME_v1,10094ae5a1c1d9f7cb38,340000,0,8,3,low,0.7,uniform,complete,7.999999999999991,replicator__marginal_log,replicator,marginal_log,233,6.310646114320754
SP2_HETEROGENEOUS_GAME_v1,10094ae5a1c1d9f7cb38,340000,0,8,3,low,0.7,uniform,complete,7.999999999999991,replicator__marginal_log,replicator,marginal_log,234,6.311743084114422
SP2_HETEROGENEOUS_GAME_v1,10094ae5a1c1d9f7cb38,340000,0,8,3,low,0.7,uniform,complete,7.999999999999991,replicator__marginal_log,replicator,marginal_log,235,6.312832006131132
SP2_HETEROGENEOUS_GAME_v1,10094ae5a1c1d9f7cb38,340000,0,8,3,low,0.7,uniform,complete,7.999999999999991,replicator__marginal_log,replicator,marginal_log,236,6.313912964385662
SP2_HETEROGENEOUS_GAME_v1,10094ae5a1c1d9f7cb38,340000,0,8,3,low,0.7,uniform,complete,7.999999999999991,replicator__marginal_log,replicator,marginal_log,237,6.314986041799437
SP2_HETEROGENEOUS_GAME_v1,10094ae5a1c1d9f7cb38,340000,0,8,3,low,0.7,uniform,complete,7.999999999999991,replicator__marginal_log,replicator,marginal_log,238,6.316051320214581
SP2_HETEROGENEOUS_GAME_v1,10094ae5a1c1d9f7cb38,340000,0,8,3,low,0.7,uniform,complete,7.999999999999991,replicator__marginal_log,replicator,marginal_log,239,6.31710888040785
SP2_HETEROGENEOUS_GAME_v1,10094ae5a1c1d9f7cb38,340000,0,8,3,low,0.7,uniform,complete,7.999999999999991,replicator__marginal_log,replicator,marginal_log,240,6.318158802104427
SP2_HETEROGENEOUS_GAME_v1,10094ae5a1c1d9f7cb38,340000,0,8,3,low,0.7,uniform,complete,7.999999999999991,replicator__marginal_log,replicator,marginal_log,241,6.319201163991555
SP2_HETEROGENEOUS_GAME_v1,10094ae5a1c1d9f7cb38,340000,0,8,3,low,0.7,uniform,complete,7.999999999999991,replicator__marginal_log,replicator,marginal_log,242,6.320236043732057
SP2_HETEROGENEOUS_GAME_v1,10094ae5a1c1d9f7cb38,340000,0,8,3,low,0.7,uniform,complete,7.999999999999991,replicator__marginal_log,replicator,marginal_log,243,6.321263517977711
SP2_HETEROGENEOUS_GAME_v1,10094ae5a1c1d9f7cb38,340000,0,8,3,low,0.7,uniform,complete,7.999999999999991,replicator__marginal_log,replicator,marginal_log,244,6.322283662382489
SP2_HETEROGENEOUS_GAME_v1,10094ae5a1c1d9f7cb38,340000,0,8,3,low,0.7,uniform,complete,7.999999999999991,replicator__marginal_log,replicator,marginal_log,245,6.323296551615661
SP2_HETEROGENEOUS_GAME_v1,10094ae5a1c1d9f7cb38,340000,0,8,3,low,0.7,uniform,complete,7.999999999999991,replicator__marginal_log,replicator,marginal_log,246,6.324302259374778
SP2_HETEROGENEOUS_GAME_v1,10094ae5a1c1d9f7cb38,340000,0,8,3,low,0.7,uniform,complete,7.999999999999991,replicator__marginal_log,replicator,marginal_log,247,6.325300858398497
SP2_HETEROGENEOUS_GAME_v1,10094ae5a1c1d9f7cb38,340000,0,8,3,low,0.7,uniform,complete,7.999999999999991,replicator__marginal_log,replicator,marginal_log,248,6.326292420479306
SP2_HETEROGENEOUS_GAME_v1,10094ae5a1c1d9f7cb38,340000,0,8,3,low,0.7,uniform,complete,7.999999999999991,replicator__marginal_log,replicator,marginal_log,249,6.3272770164760965
SP2_HETEROGENEOUS_GAME_v1,10094ae5a1c1d9f7cb38,340000,0,8,3,low,0.7,uniform,complete,7.999999999999991,replicator__marginal_log,replicator,marginal_log,250,6.328254716326602
SP2_HETEROGENEOUS_GAME_v1,10094ae5a1c1d9f7cb38,340000,0,8,3,low,0.7,uniform,complete,7.999999999999991,replicator__marginal_log,replicator,marginal_log,251,6.329225589059732
SP2_HETEROGENEOUS_GAME_v1,10094ae5a1c1d9f7cb38,340000,0,8,3,low,0.7,uniform,complete,7.999999999999991,replicator__marginal_log,replicator,marginal_log,252,6.330189702807741
SP2_HETEROGENEOUS_GAME_v1,10094ae5a1c1d9f7cb38,340000,0,8,3,low,0.7,uniform,complete,7.999999999999991,replicator__marginal_log,replicator,marginal_log,253,6.331147124818312
SP2_HETEROGENEOUS_GAME_v1,10094ae5a1c1d9f7cb38,340000,0,8,3,low,0.7,uniform,complete,7.999999999999991,replicator__marginal_log,replicator,marginal_log,254,6.332097921466463
SP2_HETEROGENEOUS_GAME_v1,10094ae5a1c1d9f7cb38,340000,0,8,3,low,0.7,uniform,complete,7.999999999999991,replicator__marginal_log,replicator,marginal_log,255,6.333042158266375
SP2_HETEROGENEOUS_GAME_v1,10094ae5a1c1d9f7cb38,340000,0,8,3,low,0.7,uniform,complete,7.999999999999991,replicator__marginal_log,replicator,marginal_log,256,6.333979899883046
SP2_HETEROGENEOUS_GAME_v1,10094ae5a1c1d9f7cb38,340000,0,8,3,low,0.7,uniform,complete,7.999999999999991,replicator__marginal_log,replicator,marginal_log,257,6.3349112101438525
SP2_HETEROGENEOUS_GAME_v1,10094ae5a1c1d9f7cb38,340000,0,8,3,low,0.7,uniform,complete,7.999999999999991,replicator__marginal_log,replicator,marginal_log,258,6.335836152049975
SP2_HETEROGENEOUS_GAME_v1,10094ae5a1c1d9f7cb38,340000,0,8,3,low,0.7,uniform,complete,7.999999999999991,replicator__marginal_log,replicator,marginal_log,259,6.336754787787696
SP2_HETEROGENEOUS_GAME_v1,10094ae5a1c1d9f7cb38,340000,0,8,3,low,0.7,uniform,complete,7.999999999999991,replicator__marginal_log,replicator,marginal_log,260,6.337667178739561
SP2_HETEROGENEOUS_GAME_v1,10094ae5a1c1d9f7cb38,340000,0,8,3,low,0.7,uniform,complete,7.999999999999991,replicator__marginal_log,replicator,marginal_log,261,6.338573385495442
SP2_HETEROGENEOUS_GAME_v1,10094ae5a1c1d9f7cb38,340000,0,8,3,low,0.7,uniform,complete,7.999999999999991,replicator__marginal_log,replicator,marginal_log,262,6.3394734678634475
SP2_HETEROGENEOUS_GAME_v1,10094ae5a1c1d9f7cb38,340000,0,8,3,low,0.7,uniform,complete,7.999999999999991,replicator__marginal_log,replicator,marginal_log,263,6.340367484880748
SP2_HETEROGENEOUS_GAME_v1,10094ae5a1c1d9f7cb38,340000,0,8,3,low,0.7,uniform,complete,7.999999999999991,replicator__marginal_log,replicator,marginal_log,264,6.341255494824214
SP2_HETEROGENEOUS_GAME_v1,10094ae5a1c1d9f7cb38,340000,0,8,3,low,0.7,uniform,complete,7.999999999999991,replicator__marginal_log,replicator,marginal_log,265,6.342137555220998
SP2_HETEROGENEOUS_GAME_v1,10094ae5a1c1d9f7cb38,340000,0,8,3,low,0.7,uniform,complete,7.999999999999991,replicator__marginal_log,replicator,marginal_log,266,6.343013722858969
SP2_HETEROGENEOUS_GAME_v1,10094ae5a1c1d9f7cb38,340000,0,8,3,low,0.7,uniform,complete,7.999999999999991,replicator__marginal_log,replicator,marginal_log,267,6.343884053797007
SP2_HETEROGENEOUS_GAME_v1,10094ae5a1c1d9f7cb38,340000,0,8,3,low,0.7,uniform,complete,7.999999999999991,replicator__marginal_log,replicator,marginal_log,268,6.3447486033752005
SP2_HETEROGENEOUS_GAME_v1,10094ae5a1c1d9f7cb38,340000,0,8,3,low,0.7,uniform,complete,7.999999999999991,replicator__marginal_log,replicator,marginal_log,269,6.34560742622492
SP2_HETEROGENEOUS_GAME_v1,10094ae5a1c1d9f7cb38,340000,0,8,3,low,0.7,uniform,complete,7.999999999999991,replicator__marginal_log,replicator,marginal_log,270,6.3464605762787585
SP2_HETEROGENEOUS_GAME_v1,10094ae5a1c1d9f7cb38,340000,0,8,3,low,0.7,uniform,complete,7.999999999999991,replicator__marginal_log,replicator,marginal_log,271,6.34730810678037
SP2_HETEROGENEOUS_GAME_v1,10094ae5a1c1d9f7cb38,340000,0,8,3,low,0.7,uniform,complete,7.999999999999991,replicator__marginal_log,replicator,marginal_log,272,6.348150070294179
SP2_HETEROGENEOUS_GAME_v1,10094ae5a1c1d9f7cb38,340000,0,8,3,low,0.7,uniform,complete,7.999999999999991,replicator__marginal_log,replicator,marginal_log,273,6.348986518714975
SP2_HETEROGENEOUS_GAME_v1,10094ae5a1c1d9f7cb38,340000,0,8,3,low,0.7,uniform,complete,7.999999999999991,replicator__marginal_log,replicator,marginal_log,274,6.3498175032773805
SP2_HETEROGENEOUS_GAME_v1,10094ae5a1c1d9f7cb38,340000,0,8,3,low,0.7,uniform,complete,7.999999999999991,replicator__marginal_log,replicator,marginal_log,275,6.350643074565228
SP2_HETEROGENEOUS_GAME_v1,10094ae5a1c1d9f7cb38,340000,0,8,3,low,0.7,uniform,complete,7.999999999999991,replicator__marginal_log,replicator,marginal_log,276,6.351463282520787
SP2_HETEROGENEOUS_GAME_v1,10094ae5a1c1d9f7cb38,340000,0,8,3,low,0.7,uniform,complete,7.999999999999991,replicator__marginal_log,replicator,marginal_log,277,6.352278176453898
SP2_HETEROGENEOUS_GAME_v1,10094ae5a1c1d9f7cb38,340000,0,8,3,low,0.7,uniform,complete,7.999999999999991,replicator__marginal_log,replicator,marginal_log,278,6.353087805050996
SP2_HETEROGENEOUS_GAME_v1,10094ae5a1c1d9f7cb38,340000,0,8,3,low,0.7,uniform,complete,7.999999999999991,replicator__marginal_log,replicator,marginal_log,279,6.353892216383995
SP2_HETEROGENEOUS_GAME_v1,10094ae5a1c1d9f7cb38,340000,0,8,3,low,0.7,uniform,complete,7.999999999999991,replicator__marginal_log,replicator,marginal_log,280,6.354691457919092
SP2_HETEROGENEOUS_GAME_v1,10094ae5a1c1d9f7cb38,340000,0,8,3,low,0.7,uniform,complete,7.999999999999991,erv_bnn__marginal_deficit,erv_bnn,marginal_deficit,0,6.936832655464864
SP2_HETEROGENEOUS_GAME_v1,10094ae5a1c1d9f7cb38,340000,0,8,3,low,0.7,uniform,complete,7.999999999999991,erv_bnn__marginal_deficit,erv_bnn,marginal_deficit,1,6.954473299283853
SP2_HETEROGENEOUS_GAME_v1,10094ae5a1c1d9f7cb38,340000,0,8,3,low,0.7,uniform,complete,7.999999999999991,erv_bnn__marginal_deficit,erv_bnn,marginal_deficit,2,6.967734174256904
SP2_HETEROGENEOUS_GAME_v1,10094ae5a1c1d9f7cb38,340000,0,8,3,low,0.7,uniform,complete,7.999999999999991,erv_bnn__marginal_deficit,erv_bnn,marginal_deficit,3,6.978231557105429
SP2_HETEROGENEOUS_GAME_v1,10094ae5a1c1d9f7cb38,340000,0,8,3,low,0.7,uniform,complete,7.999999999999991,erv_bnn__marginal_deficit,erv_bnn,marginal_deficit,4,6.986954385927504
SP2_HETEROGENEOUS_GAME_v1,10094ae5a1c1d9f7cb38,340000,0,8,3,low,0.7,uniform,complete,7.999999999999991,erv_bnn__marginal_deficit,erv_bnn,marginal_deficit,5,6.994519940724214
SP2_HETEROGENEOUS_GAME_v1,10094ae5a1c1d9f7cb38,340000,0,8,3,low,0.7,uniform,complete,7.999999999999991,erv_bnn__marginal_deficit,erv_bnn,marginal_deficit,6,7.001318036298065
SP2_HETEROGENEOUS_GAME_v1,10094ae5a1c1d9f7cb38,340000,0,8,3,low,0.7,uniform,complete,7.999999999999991,erv_bnn__marginal_deficit,erv_bnn,marginal_deficit,7,7.007594165644673
SP2_HETEROGENEOUS_GAME_v1,10094ae5a1c1d9f7cb38,340000,0,8,3,low,0.7,uniform,complete,7.999999999999991,erv_bnn__marginal_deficit,erv_bnn,marginal_deficit,8,7.013498649880319
SP2_HETEROGENEOUS_GAME_v1,10094ae5a1c1d9f7cb38,340000,0,8,3,low,0.7,uniform,complete,7.999999999999991,erv_bnn__marginal_deficit,erv_bnn,marginal_deficit,9,7.019129511850996
SP2_HETEROGENEOUS_GAME_v1,10094ae5a1c1d9f7cb38,340000,0,8,3,low,0.7,uniform,complete,7.999999999999991,erv_bnn__marginal_deficit,erv_bnn,marginal_deficit,10,7.0245504299440205
SP2_HETEROGENEOUS_GAME_v1,10094ae5a1c1d9f7cb38,340000,0,8,3,low,0.7,uniform,complete,7.999999999999991,erv_bnn__marginal_deficit,erv_bnn,marginal_deficit,11,7.029804465220582
SP2_HETEROGENEOUS_GAME_v1,10094ae5a1c1d9f7cb38,340000,0,8,3,low,0.7,uniform,complete,7.999999999999991,erv_bnn__marginal_deficit,erv_bnn,marginal_deficit,12,7.034922578691743
SP2_HETEROGENEOUS_GAME_v1,10094ae5a1c1d9f7cb38,340000,0,8,3,low,0.7,uniform,complete,7.999999999999991,erv_bnn__marginal_deficit,erv_bnn,marginal_deficit,13,7.039927159243804
SP2_HETEROGENEOUS_GAME_v1,10094ae5a1c1d9f7cb38,340000,0,8,3,low,0.7,uniform,complete,7.999999999999991,erv_bnn__marginal_deficit,erv_bnn,marginal_deficit,14,7.044834416936307
SP2_HETEROGENEOUS_GAME_v1,10094ae5a1c1d9f7cb38,340000,0,8,3,low,0.7,uniform,complete,7.999999999999991,erv_bnn__marginal_deficit,erv_bnn,marginal_deficit,15,7.049656192968138
SP2_HETEROGENEOUS_GAME_v1,10094ae5a1c1d9f7cb38,340000,0,8,3,low,0.7,uniform,complete,7.999999999999991,erv_bnn__marginal_deficit,erv_bnn,marginal_deficit,16,7.05440122423426
SP2_HETEROGENEOUS_GAME_v1,10094ae5a1c1d9f7cb38,340000,0,8,3,low,0.7,uniform,complete,7.999999999999991,erv_bnn__marginal_deficit,erv_bnn,marginal_deficit,17,7.0590154826325975
SP2_HETEROGENEOUS_GAME_v1,10094ae5a1c1d9f7cb38,340000,0,8,3,low,0.7,uniform,complete,7.999999999999991,erv_bnn__marginal_deficit,erv_bnn,marginal_deficit,18,7.063356983763057
SP2_HETEROGENEOUS_GAME_v1,10094ae5a1c1d9f7cb38,340000,0,8,3,low,0.7,uniform,complete,7.999999999999991,erv_bnn__marginal_deficit,erv_bnn,marginal_deficit,19,7.06747268094674
SP2_HETEROGENEOUS_GAME_v1,10094ae5a1c1d9f7cb38,340000,0,8,3,low,0.7,uniform,complete,7.999999999999991,erv_bnn__marginal_deficit,erv_bnn,marginal_deficit,20,7.071380841453754
SP2_HETEROGENEOUS_GAME_v1,10094ae5a1c1d9f7cb38,340000,0,8,3,low,0.7,uniform,complete,7.999999999999991,erv_bnn__marginal_deficit,erv_bnn,marginal_deficit,21,7.074988525905319
SP2_HETEROGENEOUS_GAME_v1,10094ae5a1c1d9f7cb38,340000,0,8,3,low,0.7,uniform,complete,7.999999999999991,erv_bnn__marginal_deficit,erv_bnn,marginal_deficit,22,7.078315694606684
SP2_HETEROGENEOUS_GAME_v1,10094ae5a1c1d9f7cb38,340000,0,8,3,low,0.7,uniform,complete,7.999999999999991,erv_bnn__marginal_deficit,erv_bnn,marginal_deficit,23,7.081404402043304
SP2_HETEROGENEOUS_GAME_v1,10094ae5a1c1d9f7cb38,340000,0,8,3,low,0.7,uniform,complete,7.999999999999991,erv_bnn__marginal_deficit,erv_bnn,marginal_deficit,24,7.084287005004794
SP2_HETEROGENEOUS_GAME_v1,10094ae5a1c1d9f7cb38,340000,0,8,3,low,0.7,uniform,complete,7.999999999999991,erv_bnn__marginal_deficit,erv_bnn,marginal_deficit,25,7.086988586938139
SP2_HETEROGENEOUS_GAME_v1,10094ae5a1c1d9f7cb38,340000,0,8,3,low,0.7,uniform,complete,7.999999999999991,erv_bnn__marginal_deficit,erv_bnn,marginal_deficit,26,7.089528994140267
SP2_HETEROGENEOUS_GAME_v1,10094ae5a1c1d9f7cb38,340000,0,8,3,low,0.7,uniform,complete,7.999999999999991,erv_bnn__marginal_deficit,erv_bnn,marginal_deficit,27,7.091934868557733
SP2_HETEROGENEOUS_GAME_v1,10094ae5a1c1d9f7cb38,340000,0,8,3,low,0.7,uniform,complete,7.999999999999991,erv_bnn__marginal_deficit,erv_bnn,marginal_deficit,28,7.094236146667036
SP2_HETEROGENEOUS_GAME_v1,10094ae5a1c1d9f7cb38,340000,0,8,3,low,0.7,uniform,complete,7.999999999999991,erv_bnn__marginal_deficit,erv_bnn,marginal_deficit,29,7.096457124586885
SP2_HETEROGENEOUS_GAME_v1,10094ae5a1c1d9f7cb38,340000,0,8,3,low,0.7,uniform,complete,7.999999999999991,erv_bnn__marginal_deficit,erv_bnn,marginal_deficit,30,7.0986169697893
SP2_HETEROGENEOUS_GAME_v1,10094ae5a1c1d9f7cb38,340000,0,8,3,low,0.7,uniform,complete,7.999999999999991,erv_bnn__marginal_deficit,erv_bnn,marginal_deficit,31,7.100728785898666
SP2_HETEROGENEOUS_GAME_v1,10094ae5a1c1d9f7cb38,340000,0,8,3,low,0.7,uniform,complete,7.999999999999991,erv_bnn__marginal_deficit,erv_bnn,marginal_deficit,32,7.102801617571255
SP2_HETEROGENEOUS_GAME_v1,10094ae5a1c1d9f7cb38,340000,0,8,3,low,0.7,uniform,complete,7.999999999999991,erv_bnn__marginal_deficit,erv_bnn,marginal_deficit,33,7.104841808171245
SP2_HETEROGENEOUS_GAME_v1,10094ae5a1c1d9f7cb38,340000,0,8,3,low,0.7,uniform,complete,7.999999999999991,erv_bnn__marginal_deficit,erv_bnn,marginal_deficit,34,7.1068538700803385
SP2_HETEROGENEOUS_GAME_v1,10094ae5a1c1d9f7cb38,340000,0,8,3,low,0.7,uniform,complete,7.999999999999991,erv_bnn__marginal_deficit,erv_bnn,marginal_deficit,35,7.108840969383138
SP2_HETEROGENEOUS_GAME_v1,10094ae5a1c1d9f7cb38,340000,0,8,3,low,0.7,uniform,complete,7.999999999999991,erv_bnn__marginal_deficit,erv_bnn,marginal_deficit,36,7.1108053795922235
SP2_HETEROGENEOUS_GAME_v1,10094ae5a1c1d9f7cb38,340000,0,8,3,low,0.7,uniform,complete,7.999999999999991,erv_bnn__marginal_deficit,erv_bnn,marginal_deficit,37,7.112748866930625
SP2_HETEROGENEOUS_GAME_v1,10094ae5a1c1d9f7cb38,340000,0,8,3,low,0.7,uniform,complete,7.999999999999991,erv_bnn__marginal_deficit,erv_bnn,marginal_deficit,38,7.114672788287343
SP2_HETEROGENEOUS_GAME_v1,10094ae5a1c1d9f7cb38,340000,0,8,3,low,0.7,uniform,complete,7.999999999999991,erv_bnn__marginal_deficit,erv_bnn,marginal_deficit,39,7.116578101941965
SP2_HETEROGENEOUS_GAME_v1,10094ae5a1c1d9f7cb38,340000,0,8,3,low,0.7,uniform,complete,7.999999999999991,erv_bnn__marginal_deficit,erv_bnn,marginal_deficit,40,7.118465526618217
SP2_HETEROGENEOUS_GAME_v1,10094ae5a1c1d9f7cb38,340000,0,8,3,low,0.7,uniform,complete,7.999999999999991,erv_bnn__marginal_deficit,erv_bnn,marginal_deficit,41,7.120335661151831
SP2_HETEROGENEOUS_GAME_v1,10094ae5a1c1d9f7cb38,340000,0,8,3,low,0.7,uniform,complete,7.999999999999991,erv_bnn__marginal_deficit,erv_bnn,marginal_deficit,42,7.122189017858241
SP2_HETEROGENEOUS_GAME_v1,10094ae5a1c1d9f7cb38,340000,0,8,3,low,0.7,uniform,complete,7.999999999999991,erv_bnn__marginal_deficit,erv_bnn,marginal_deficit,43,7.12402604503738
SP2_HETEROGENEOUS_GAME_v1,10094ae5a1c1d9f7cb38,340000,0,8,3,low,0.7,uniform,complete,7.999999999999991,erv_bnn__marginal_deficit,erv_bnn,marginal_deficit,44,7.125847142454959
SP2_HETEROGENEOUS_GAME_v1,10094ae5a1c1d9f7cb38,340000,0,8,3,low,0.7,uniform,complete,7.999999999999991,erv_bnn__marginal_deficit,erv_bnn,marginal_deficit,45,7.127652672183146
SP2_HETEROGENEOUS_GAME_v1,10094ae5a1c1d9f7cb38,340000,0,8,3,low,0.7,uniform,complete,7.999999999999991,erv_bnn__marginal_deficit,erv_bnn,marginal_deficit,46,7.129442966323254
SP2_HETEROGENEOUS_GAME_v1,10094ae5a1c1d9f7cb38,340000,0,8,3,low,0.7,uniform,complete,7.999999999999991,erv_bnn__marginal_deficit,erv_bnn,marginal_deficit,47,7.131218332604652
SP2_HETEROGENEOUS_GAME_v1,10094ae5a1c1d9f7cb38,340000,0,8,3,low,0.7,uniform,complete,7.999999999999991,erv_bnn__marginal_deficit,erv_bnn,marginal_deficit,48,7.1329790585190604
SP2_HETEROGENEOUS_GAME_v1,10094ae5a1c1d9f7cb38,340000,0,8,3,low,0.7,uniform,complete,7.999999999999991,erv_bnn__marginal_deficit,erv_bnn,marginal_deficit,49,7.134725414432666
SP2_HETEROGENEOUS_GAME_v1,10094ae5a1c1d9f7cb38,340000,0,8,3,low,0.7,uniform,complete,7.999999999999991,erv_bnn__marginal_deficit,erv_bnn,marginal_deficit,50,7.136457655975784
SP2_HETEROGENEOUS_GAME_v1,10094ae5a1c1d9f7cb38,340000,0,8,3,low,0.7,uniform,complete,7.999999999999991,erv_bnn__marginal_deficit,erv_bnn,marginal_deficit,51,7.13817602591499
SP2_HETEROGENEOUS_GAME_v1,10094ae5a1c1d9f7cb38,340000,0,8,3,low,0.7,uniform,complete,7.999999999999991,erv_bnn__marginal_deficit,erv_bnn,marginal_deficit,52,7.139880755648953
SP2_HETEROGENEOUS_GAME_v1,10094ae5a1c1d9f7cb38,340000,0,8,3,low,0.7,uniform,complete,7.999999999999991,erv_bnn__marginal_deficit,erv_bnn,marginal_deficit,53,7.141572066426235
SP2_HETEROGENEOUS_GAME_v1,10094ae5a1c1d9f7cb38,340000,0,8,3,low,0.7,uniform,complete,7.999999999999991,erv_bnn__marginal_deficit,erv_bnn,marginal_deficit,54,7.143250170354051
SP2_HETEROGENEOUS_GAME_v1,10094ae5a1c1d9f7cb38,340000,0,8,3,low,0.7,uniform,complete,7.999999999999991,erv_bnn__marginal_deficit,erv_bnn,marginal_deficit,55,7.144915271247011
SP2_HETEROGENEOUS_GAME_v1,10094ae5a1c1d9f7cb38,340000,0,8,3,low,0.7,uniform,complete,7.999999999999991,erv_bnn__marginal_deficit,erv_bnn,marginal_deficit,56,7.146567565351061
SP2_HETEROGENEOUS_GAME_v1,10094ae5a1c1d9f7cb38,340000,0,8,3,low,0.7,uniform,complete,7.999999999999991,erv_bnn__marginal_deficit,erv_bnn,marginal_deficit,57,7.148207241968344
SP2_HETEROGENEOUS_GAME_v1,10094ae5a1c1d9f7cb38,340000,0,8,3,low,0.7,uniform,complete,7.999999999999991,erv_bnn__marginal_deficit,erv_bnn,marginal_deficit,58,7.149834484001931
SP2_HETEROGENEOUS_GAME_v1,10094ae5a1c1d9f7cb38,340000,0,8,3,low,0.7,uniform,complete,7.999999999999991,erv_bnn__marginal_deficit,erv_bnn,marginal_deficit,59,7.151449468434791
SP2_HETEROGENEOUS_GAME_v1,10094ae5a1c1d9f7cb38,340000,0,8,3,low,0.7,uniform,complete,7.999999999999991,erv_bnn__marginal_deficit,erv_bnn,marginal_deficit,60,7.153052366753867
SP2_HETEROGENEOUS_GAME_v1,10094ae5a1c1d9f7cb38,340000,0,8,3,low,0.7,uniform,complete,7.999999999999991,erv_bnn__marginal_deficit,erv_bnn,marginal_deficit,61,7.154643345327841
SP2_HETEROGENEOUS_GAME_v1,10094ae5a1c1d9f7cb38,340000,0,8,3,low,0.7,uniform,complete,7.999999999999991,erv_bnn__marginal_deficit,erv_bnn,marginal_deficit,62,7.156222565745276
SP2_HETEROGENEOUS_GAME_v1,10094ae5a1c1d9f7cb38,340000,0,8,3,low,0.7,uniform,complete,7.999999999999991,erv_bnn__marginal_deficit,erv_bnn,marginal_deficit,63,7.157790185118615
SP2_HETEROGENEOUS_GAME_v1,10094ae5a1c1d9f7cb38,340000,0,8,3,low,0.7,uniform,complete,7.999999999999991,erv_bnn__marginal_deficit,erv_bnn,marginal_deficit,64,7.159346356358458
SP2_HETEROGENEOUS_GAME_v1,10094ae5a1c1d9f7cb38,340000,0,8,3,low,0.7,uniform,complete,7.999999999999991,erv_bnn__marginal_deficit,erv_bnn,marginal_deficit,65,7.1608912284218125
SP2_HETEROGENEOUS_GAME_v1,10094ae5a1c1d9f7cb38,340000,0,8,3,low,0.7,uniform,complete,7.999999999999991,erv_bnn__marginal_deficit,erv_bnn,marginal_deficit,66,7.162424946537414
SP2_HETEROGENEOUS_GAME_v1,10094ae5a1c1d9f7cb38,340000,0,8,3,low,0.7,uniform,complete,7.999999999999991,erv_bnn__marginal_deficit,erv_bnn,marginal_deficit,67,7.163947652410767
SP2_HETEROGENEOUS_GAME_v1,10094ae5a1c1d9f7cb38,340000,0,8,3,low,0.7,uniform,complete,7.999999999999991,erv_bnn__marginal_deficit,erv_bnn,marginal_deficit,68,7.165459484411132
SP2_HETEROGENEOUS_GAME_v1,10094ae5a1c1d9f7cb38,340000,0,8,3,low,0.7,uniform,complete,7.999999999999991,erv_bnn__marginal_deficit,erv_bnn,marginal_deficit,69,7.16696057774246
SP2_HETEROGENEOUS_GAME_v1,10094ae5a1c1d9f7cb38,340000,0,8,3,low,0.7,uniform,complete,7.999999999999991,erv_bnn__marginal_deficit,erv_bnn,marginal_deficit,70,7.1684510645999175
SP2_HETEROGENEOUS_GAME_v1,10094ae5a1c1d9f7cb38,340000,0,8,3,low,0.7,uniform,complete,7.999999999999991,erv_bnn__marginal_deficit,erv_bnn,marginal_deficit,71,7.169931074313569
SP2_HETEROGENEOUS_GAME_v1,10094ae5a1c1d9f7cb38,340000,0,8,3,low,0.7,uniform,complete,7.999999999999991,erv_bnn__marginal_deficit,erv_bnn,marginal_deficit,72,7.171400733480444
SP2_HETEROGENEOUS_GAME_v1,10094ae5a1c1d9f7cb38,340000,0,8,3,low,0.7,uniform,complete,7.999999999999991,erv_bnn__marginal_deficit,erv_bnn,marginal_deficit,73,7.172860165818054
SP2_HETEROGENEOUS_GAME_v1,10094ae5a1c1d9f7cb38,340000,0,8,3,low,0.7,uniform,complete,7.999999999999991,erv_bnn__marginal_deficit,erv_bnn,marginal_deficit,74,7.174309491797609
SP2_HETEROGENEOUS_GAME_v1,10094ae5a1c1d9f7cb38,340000,0,8,3,low,0.7,uniform,complete,7.999999999999991,erv_bnn__marginal_deficit,erv_bnn,marginal_deficit,75,7.175748829391124
SP2_HETEROGENEOUS_GAME_v1,10094ae5a1c1d9f7cb38,340000,0,8,3,low,0.7,uniform,complete,7.999999999999991,erv_bnn__marginal_deficit,erv_bnn,marginal_deficit,76,7.17717829423467
SP2_HETEROGENEOUS_GAME_v1,10094ae5a1c1d9f7cb38,340000,0,8,3,low,0.7,uniform,complete,7.999999999999991,erv_bnn__marginal_deficit,erv_bnn,marginal_deficit,77,7.178597999734946
SP2_HETEROGENEOUS_GAME_v1,10094ae5a1c1d9f7cb38,340000,0,8,3,low,0.7,uniform,complete,7.999999999999991,erv_bnn__marginal_deficit,erv_bnn,marginal_deficit,78,7.180008057162072
SP2_HETEROGENEOUS_GAME_v1,10094ae5a1c1d9f7cb38,340000,0,8,3,low,0.7,uniform,complete,7.999999999999991,erv_bnn__marginal_deficit,erv_bnn,marginal_deficit,79,7.181408575733252
SP2_HETEROGENEOUS_GAME_v1,10094ae5a1c1d9f7cb38,340000,0,8,3,low,0.7,uniform,complete,7.999999999999991,erv_bnn__marginal_deficit,erv_bnn,marginal_deficit,80,7.1827996626895585
SP2_HETEROGENEOUS_GAME_v1,10094ae5a1c1d9f7cb38,340000,0,8,3,low,0.7,uniform,complete,7.999999999999991,erv_bnn__marginal_deficit,erv_bnn,marginal_deficit,81,7.184181423367051
SP2_HETEROGENEOUS_GAME_v1,10094ae5a1c1d9f7cb38,340000,0,8,3,low,0.7,uniform,complete,7.999999999999991,erv_bnn__marginal_deficit,erv_bnn,marginal_deficit,82,7.185553961262933
SP2_HETEROGENEOUS_GAME_v1,10094ae5a1c1d9f7cb38,340000,0,8,3,low,0.7,uniform,complete,7.999999999999991,erv_bnn__marginal_deficit,erv_bnn,marginal_deficit,83,7.186917378097288
SP2_HETEROGENEOUS_GAME_v1,10094ae5a1c1d9f7cb38,340000,0,8,3,low,0.7,uniform,complete,7.999999999999991,erv_bnn__marginal_deficit,erv_bnn,marginal_deficit,84,7.188271773870853
SP2_HETEROGENEOUS_GAME_v1,10094ae5a1c1d9f7cb38,340000,0,8,3,low,0.7,uniform,complete,7.999999999999991,erv_bnn__marginal_deficit,erv_bnn,marginal_deficit,85,7.189617246919098
SP2_HETEROGENEOUS_GAME_v1,10094ae5a1c1d9f7cb38,340000,0,8,3,low,0.7,uniform,complete,7.999999999999991,erv_bnn__marginal_deficit,erv_bnn,marginal_deficit,86,7.190953893956181
SP2_HETEROGENEOUS_GAME_v1,10094ae5a1c1d9f7cb38,340000,0,8,3,low,0.7,uniform,complete,7.999999999999991,erv_bnn__marginal_deficit,erv_bnn,marginal_deficit,87,7.1922818096126555
SP2_HETEROGENEOUS_GAME_v1,10094ae5a1c1d9f7cb38,340000,0,8,3,low,0.7,uniform,complete,7.999999999999991,erv_bnn__marginal_deficit,erv_bnn,marginal_deficit,88,7.193601086602708
SP2_HETEROGENEOUS_GAME_v1,10094ae5a1c1d9f7cb38,340000,0,8,3,low,0.7,uniform,complete,7.999999999999991,erv_bnn__marginal_deficit,erv_bnn,marginal_deficit,89,7.194911816264976
SP2_HETEROGENEOUS_GAME_v1,10094ae5a1c1d9f7cb38,340000,0,8,3,low,0.7,uniform,complete,7.999999999999991,erv_bnn__marginal_deficit,erv_bnn,marginal_deficit,90,7.19621408859127
SP2_HETEROGENEOUS_GAME_v1,10094ae5a1c1d9f7cb38,340000,0,8,3,low,0.7,uniform,complete,7.999999999999991,erv_bnn__marginal_deficit,erv_bnn,marginal_deficit,91,7.19750799225458
SP2_HETEROGENEOUS_GAME_v1,10094ae5a1c1d9f7cb38,340000,0,8,3,low,0.7,uniform,complete,7.999999999999991,erv_bnn__marginal_deficit,erv_bnn,marginal_deficit,92,7.198793614636287
SP2_HETEROGENEOUS_GAME_v1,10094ae5a1c1d9f7cb38,340000,0,8,3,low,0.7,uniform,complete,7.999999999999991,erv_bnn__marginal_deficit,erv_bnn,marginal_deficit,93,7.200071041852598
SP2_HETEROGENEOUS_GAME_v1,10094ae5a1c1d9f7cb38,340000,0,8,3,low,0.7,uniform,complete,7.999999999999991,erv_bnn__marginal_deficit,erv_bnn,marginal_deficit,94,7.201340358780206
SP2_HETEROGENEOUS_GAME_v1,10094ae5a1c1d9f7cb38,340000,0,8,3,low,0.7,uniform,complete,7.999999999999991,erv_bnn__marginal_deficit,erv_bnn,marginal_deficit,95,7.20260164908116
SP2_HETEROGENEOUS_GAME_v1,10094ae5a1c1d9f7cb38,340000,0,8,3,low,0.7,uniform,complete,7.999999999999991,erv_bnn__marginal_deficit,erv_bnn,marginal_deficit,96,7.203854995227007
SP2_HETEROGENEOUS_GAME_v1,10094ae5a1c1d9f7cb38,340000,0,8,3,low,0.7,uniform,complete,7.999999999999991,erv_bnn__marginal_deficit,erv_bnn,marginal_deficit,97,7.205100478522215
SP2_HETEROGENEOUS_GAME_v1,10094ae5a1c1d9f7cb38,340000,0,8,3,low,0.7,uniform,complete,7.999999999999991,erv_bnn__marginal_deficit,erv_bnn,marginal_deficit,98,7.20633817912689
SP2_HETEROGENEOUS_GAME_v1,10094ae5a1c1d9f7cb38,340000,0,8,3,low,0.7,uniform,complete,7.999999999999991,erv_bnn__marginal_deficit,erv_bnn,marginal_deficit,99,7.207568176078845
SP2_HETEROGENEOUS_GAME_v1,10094ae5a1c1d9f7cb38,340000,0,8,3,low,0.7,uniform,complete,7.999999999999991,erv_bnn__marginal_deficit,erv_bnn,marginal_deficit,100,7.2087905473150204
SP2_HETEROGENEOUS_GAME_v1,10094ae5a1c1d9f7cb38,340000,0,8,3,low,0.7,uniform,complete,7.999999999999991,erv_bnn__marginal_deficit,erv_bnn,marginal_deficit,101,7.210005369692311
SP2_HETEROGENEOUS_GAME_v1,10094ae5a1c1d9f7cb38,340000,0,8,3,low,0.7,uniform,complete,7.999999999999991,erv_bnn__marginal_deficit,erv_bnn,marginal_deficit,102,7.211212719007809
SP2_HETEROGENEOUS_GAME_v1,10094ae5a1c1d9f7cb38,340000,0,8,3,low,0.7,uniform,complete,7.999999999999991,erv_bnn__marginal_deficit,erv_bnn,marginal_deficit,103,7.212412670018483
SP2_HETEROGENEOUS_GAME_v1,10094ae5a1c1d9f7cb38,340000,0,8,3,low,0.7,uniform,complete,7.999999999999991,erv_bnn__marginal_deficit,erv_bnn,marginal_deficit,104,7.213605296460341
SP2_HETEROGENEOUS_GAME_v1,10094ae5a1c1d9f7cb38,340000,0,8,3,low,0.7,uniform,complete,7.999999999999991,erv_bnn__marginal_deficit,erv_bnn,marginal_deficit,105,7.214790671067073
SP2_HETEROGENEOUS_GAME_v1,10094ae5a1c1d9f7cb38,340000,0,8,3,low,0.7,uniform,complete,7.999999999999991,erv_bnn__marginal_deficit,erv_bnn,marginal_deficit,106,7.215968865588213
SP2_HETEROGENEOUS_GAME_v1,10094ae5a1c1d9f7cb38,340000,0,8,3,low,0.7,uniform,complete,7.999999999999991,erv_bnn__marginal_deficit,erv_bnn,marginal_deficit,107,7.217139950806826
SP2_HETEROGENEOUS_GAME_v1,10094ae5a1c1d9f7cb38,340000,0,8,3,low,0.7,uniform,complete,7.999999999999991,erv_bnn__marginal_deficit,erv_bnn,marginal_deficit,108,7.218303996556763
SP2_HETEROGENEOUS_GAME_v1,10094ae5a1c1d9f7cb38,340000,0,8,3,low,0.7,uniform,complete,7.999999999999991,erv_bnn__marginal_deficit,erv_bnn,marginal_deficit,109,7.219461071739454
SP2_HETEROGENEOUS_GAME_v1,10094ae5a1c1d9f7cb38,340000,0,8,3,low,0.7,uniform,complete,7.999999999999991,erv_bnn__marginal_deficit,erv_bnn,marginal_deficit,110,7.220611244340329
SP2_HETEROGENEOUS_GAME_v1,10094ae5a1c1d9f7cb38,340000,0,8,3,low,0.7,uniform,complete,7.999999999999991,erv_bnn__marginal_deficit,erv_bnn,marginal_deficit,111,7.221754581444794
SP2_HETEROGENEOUS_GAME_v1,10094ae5a1c1d9f7cb38,340000,0,8,3,low,0.7,uniform,complete,7.999999999999991,erv_bnn__marginal_deficit,erv_bnn,marginal_deficit,112,7.222891149253856
SP2_HETEROGENEOUS_GAME_v1,10094ae5a1c1d9f7cb38,340000,0,8,3,low,0.7,uniform,complete,7.999999999999991,erv_bnn__marginal_deficit,erv_bnn,marginal_deficit,113,7.224021013099369
SP2_HETEROGENEOUS_GAME_v1,10094ae5a1c1d9f7cb38,340000,0,8,3,low,0.7,uniform,complete,7.999999999999991,erv_bnn__marginal_deficit,erv_bnn,marginal_deficit,114,7.225144237458909
SP2_HETEROGENEOUS_GAME_v1,10094ae5a1c1d9f7cb38,340000,0,8,3,low,0.7,uniform,complete,7.999999999999991,erv_bnn__marginal_deficit,erv_bnn,marginal_deficit,115,7.226260885970327
SP2_HETEROGENEOUS_GAME_v1,10094ae5a1c1d9f7cb38,340000,0,8,3,low,0.7,uniform,complete,7.999999999999991,erv_bnn__marginal_deficit,erv_bnn,marginal_deficit,116,7.22737102144595
SP2_HETEROGENEOUS_GAME_v1,10094ae5a1c1d9f7cb38,340000,0,8,3,low,0.7,uniform,complete,7.999999999999991,erv_bnn__marginal_deficit,erv_bnn,marginal_deficit,117,7.228474705886464
SP2_HETEROGENEOUS_GAME_v1,10094ae5a1c1d9f7cb38,340000,0,8,3,low,0.7,uniform,complete,7.999999999999991,erv_bnn__marginal_deficit,erv_bnn,marginal_deficit,118,7.2295720004945005
SP2_HETEROGENEOUS_GAME_v1,10094ae5a1c1d9f7cb38,340000,0,8,3,low,0.7,uniform,complete,7.999999999999991,erv_bnn__marginal_deficit,erv_bnn,marginal_deficit,119,7.230662965687896
SP2_HETEROGENEOUS_GAME_v1,10094ae5a1c1d9f7cb38,340000,0,8,3,low,0.7,uniform,complete,7.999999999999991,erv_bnn__marginal_deficit,erv_bnn,marginal_deficit,120,7.231747661112685
SP2_HETEROGENEOUS_GAME_v1,10094ae5a1c1d9f7cb38,340000,0,8,3,low,0.7,uniform,complete,7.999999999999991,erv_bnn__marginal_deficit,erv_bnn,marginal_deficit,121,7.232826145621205
SP2_HETEROGENEOUS_GAME_v1,10094ae5a1c1d9f7cb38,340000,0,8,3,low,0.7,uniform,complete,7.999999999999991,erv_bnn__marginal_deficit,erv_bnn,marginal_deficit,122,7.233898476111337
SP2_HETEROGENEOUS_GAME_v1,10094ae5a1c1d9f7cb38,340000,0,8,3,low,0.7,uniform,complete,7.999999999999991,erv_bnn__marginal_deficit,erv_bnn,marginal_deficit,123,7.234964708224159
SP2_HETEROGENEOUS_GAME_v1,10094ae5a1c1d9f7cb38,340000,0,8,3,low,0.7,uniform,complete,7.999999999999991,erv_bnn__marginal_deficit,erv_bnn,marginal_deficit,124,7.236024896816772
SP2_HETEROGENEOUS_GAME_v1,10094ae5a1c1d9f7cb38,340000,0,8,3,low,0.7,uniform,complete,7.999999999999991,erv_bnn__marginal_deficit,erv_bnn,marginal_deficit,125,7.23707909601542
SP2_HETEROGENEOUS_GAME_v1,10094ae5a1c1d9f7cb38,340000,0,8,3,low,0.7,uniform,complete,7.999999999999991,erv_bnn__marginal_deficit,erv_bnn,marginal_deficit,126,7.238127359249077
SP2_HETEROGENEOUS_GAME_v1,10094ae5a1c1d9f7cb38,340000,0,8,3,low,0.7,uniform,complete,7.999999999999991,erv_bnn__marginal_deficit,erv_bnn,marginal_deficit,127,7.239169739272905
SP2_HETEROGENEOUS_GAME_v1,10094ae5a1c1d9f7cb38,340000,0,8,3,low,0.7,uniform,complete,7.999999999999991,erv_bnn__marginal_deficit,erv_bnn,marginal_deficit,128,7.240206288186255
SP2_HETEROGENEOUS_GAME_v1,10094ae5a1c1d9f7cb38,340000,0,8,3,low,0.7,uniform,complete,7.999999999999991,erv_bnn__marginal_deficit,erv_bnn,marginal_deficit,129,7.241237057447586
SP2_HETEROGENEOUS_GAME_v1,10094ae5a1c1d9f7cb38,340000,0,8,3,low,0.7,uniform,complete,7.999999999999991,erv_bnn__marginal_deficit,erv_bnn,marginal_deficit,130,7.24226209788751
SP2_HETEROGENEOUS_GAME_v1,10094ae5a1c1d9f7cb38,340000,0,8,3,low,0.7,uniform,complete,7.999999999999991,erv_bnn__marginal_deficit,erv_bnn,marginal_deficit,131,7.24328145972064
SP2_HETEROGENEOUS_GAME_v1,10094ae5a1c1d9f7cb38,340000,0,8,3,low,0.7,uniform,complete,7.999999999999991,erv_bnn__marginal_deficit,erv_bnn,marginal_deficit,132,7.24429519255662
SP2_HETEROGENEOUS_GAME_v1,10094ae5a1c1d9f7cb38,340000,0,8,3,low,0.7,uniform,complete,7.999999999999991,erv_bnn__marginal_deficit,erv_bnn,marginal_deficit,133,7.245303345410538
SP2_HETEROGENEOUS_GAME_v1,10094ae5a1c1d9f7cb38,340000,0,8,3,low,0.7,uniform,complete,7.999999999999991,erv_bnn__marginal_deficit,erv_bnn,marginal_deficit,134,7.246305966712862
SP2_HETEROGENEOUS_GAME_v1,10094ae5a1c1d9f7cb38,340000,0,8,3,low,0.7,uniform,complete,7.999999999999991,erv_bnn__marginal_deficit,erv_bnn,marginal_deficit,135,7.247303104318998
SP2_HETEROGENEOUS_GAME_v1,10094ae5a1c1d9f7cb38,340000,0,8,3,low,0.7,uniform,complete,7.999999999999991,erv_bnn__marginal_deficit,erv_bnn,marginal_deficit,136,7.248294805518514
SP2_HETEROGENEOUS_GAME_v1,10094ae5a1c1d9f7cb38,340000,0,8,3,low,0.7,uniform,complete,7.999999999999991,erv_bnn__marginal_deficit,erv_bnn,marginal_deficit,137,7.249281117044099
SP2_HETEROGENEOUS_GAME_v1,10094ae5a1c1d9f7cb38,340000,0,8,3,low,0.7,uniform,complete,7.999999999999991,erv_bnn__marginal_deficit,erv_bnn,marginal_deficit,138,7.250262085080252
SP2_HETEROGENEOUS_GAME_v1,10094ae5a1c1d9f7cb38,340000,0,8,3,low,0.7,uniform,complete,7.999999999999991,erv_bnn__marginal_deficit,erv_bnn,marginal_deficit,139,7.251237755271756
SP2_HETEROGENEOUS_GAME_v1,10094ae5a1c1d9f7cb38,340000,0,8,3,low,0.7,uniform,complete,7.999999999999991,erv_bnn__marginal_deficit,erv_bnn,marginal_deficit,140,7.252208172731944
SP2_HETEROGENEOUS_GAME_v1,10094ae5a1c1d9f7cb38,340000,0,8,3,low,0.7,uniform,complete,7.999999999999991,erv_bnn__marginal_deficit,erv_bnn,marginal_deficit,141,7.253173382050777
SP2_HETEROGENEOUS_GAME_v1,10094ae5a1c1d9f7cb38,340000,0,8,3,low,0.7,uniform,complete,7.999999999999991,erv_bnn__marginal_deficit,erv_bnn,marginal_deficit,142,7.2541334273027305
SP2_HETEROGENEOUS_GAME_v1,10094ae5a1c1d9f7cb38,340000,0,8,3,low,0.7,uniform,complete,7.999999999999991,erv_bnn__marginal_deficit,erv_bnn,marginal_deficit,143,7.255088352054517
SP2_HETEROGENEOUS_GAME_v1,10094ae5a1c1d9f7cb38,340000,0,8,3,low,0.7,uniform,complete,7.999999999999991,erv_bnn__marginal_deficit,erv_bnn,marginal_deficit,144,7.256038199372655
SP2_HETEROGENEOUS_GAME_v1,10094ae5a1c1d9f7cb38,340000,0,8,3,low,0.7,uniform,complete,7.999999999999991,erv_bnn__marginal_deficit,erv_bnn,marginal_deficit,145,7.2569830118308625
SP2_HETEROGENEOUS_GAME_v1,10094ae5a1c1d9f7cb38,340000,0,8,3,low,0.7,uniform,complete,7.999999999999991,erv_bnn__marginal_deficit,erv_bnn,marginal_deficit,146,7.257922831517332
SP2_HETEROGENEOUS_GAME_v1,10094ae5a1c1d9f7cb38,340000,0,8,3,low,0.7,uniform,complete,7.999999999999991,erv_bnn__marginal_deficit,erv_bnn,marginal_deficit,147,7.258857700041837
SP2_HETEROGENEOUS_GAME_v1,10094ae5a1c1d9f7cb38,340000,0,8,3,low,0.7,uniform,complete,7.999999999999991,erv_bnn__marginal_deficit,erv_bnn,marginal_deficit,148,7.25978765854271
SP2_HETEROGENEOUS_GAME_v1,10094ae5a1c1d9f7cb38,340000,0,8,3,low,0.7,uniform,complete,7.999999999999991,erv_bnn__marginal_deficit,erv_bnn,marginal_deficit,149,7.26071274769369
SP2_HETEROGENEOUS_GAME_v1,10094ae5a1c1d9f7cb38,340000,0,8,3,low,0.7,uniform,complete,7.999999999999991,erv_bnn__marginal_deficit,erv_bnn,marginal_deficit,150,7.261633007710638
SP2_HETEROGENEOUS_GAME_v1,10094ae5a1c1d9f7cb38,340000,0,8,3,low,0.7,uniform,complete,7.999999999999991,erv_bnn__marginal_deficit,erv_bnn,marginal_deficit,151,7.262548478358137
SP2_HETEROGENEOUS_GAME_v1,10094ae5a1c1d9f7cb38,340000,0,8,3,low,0.7,uniform,complete,7.999999999999991,erv_bnn__marginal_deficit,erv_bnn,marginal_deficit,152,7.263459198955945
SP2_HETEROGENEOUS_GAME_v1,10094ae5a1c1d9f7cb38,340000,0,8,3,low,0.7,uniform,complete,7.999999999999991,erv_bnn__marginal_deficit,erv_bnn,marginal_deficit,153,7.2643652083853585
SP2_HETEROGENEOUS_GAME_v1,10094ae5a1c1d9f7cb38,340000,0,8,3,low,0.7,uniform,complete,7.999999999999991,erv_bnn__marginal_deficit,erv_bnn,marginal_deficit,154,7.265266545095446
SP2_HETEROGENEOUS_GAME_v1,10094ae5a1c1d9f7cb38,340000,0,8,3,low,0.7,uniform,complete,7.999999999999991,erv_bnn__marginal_deficit,erv_bnn,marginal_deficit,155,7.266163247086418
SP2_HETEROGENEOUS_GAME_v1,10094ae5a1c1d9f7cb38,340000,0,8,3,low,0.7,uniform,complete,7.999999999999991,erv_bnn__marginal_deficit,erv_bnn,marginal_deficit,156,7.267055351746757
SP2_HETEROGENEOUS_GAME_v1,10094ae5a1c1d9f7cb38,340000,0,8,3,low,0.7,uniform,complete,7.999999999999991,erv_bnn__marginal_deficit,erv_bnn,marginal_deficit,157,7.267942896011612
SP2_HETEROGENEOUS_GAME_v1,10094ae5a1c1d9f7cb38,340000,0,8,3,low,0.7,uniform,complete,7.999999999999991,erv_bnn__marginal_deficit,erv_bnn,marginal_deficit,158,7.268825916412753
SP2_HETEROGENEOUS_GAME_v1,10094ae5a1c1d9f7cb38,340000,0,8,3,low,0.7,uniform,complete,7.999999999999991,erv_bnn__marginal_deficit,erv_bnn,marginal_deficit,159,7.269704449084156
SP2_HETEROGENEOUS_GAME_v1,10094ae5a1c1d9f7cb38,340000,0,8,3,low,0.7,uniform,complete,7.999999999999991,erv_bnn__marginal_deficit,erv_bnn,marginal_deficit,160,7.27057852976745
SP2_HETEROGENEOUS_GAME_v1,10094ae5a1c1d9f7cb38,340000,0,8,3,low,0.7,uniform,complete,7.999999999999991,erv_bnn__marginal_deficit,erv_bnn,marginal_deficit,161,7.271448193817342
SP2_HETEROGENEOUS_GAME_v1,10094ae5a1c1d9f7cb38,340000,0,8,3,low,0.7,uniform,complete,7.999999999999991,erv_bnn__marginal_deficit,erv_bnn,marginal_deficit,162,7.272313476206909
SP2_HETEROGENEOUS_GAME_v1,10094ae5a1c1d9f7cb38,340000,0,8,3,low,0.7,uniform,complete,7.999999999999991,erv_bnn__marginal_deficit,erv_bnn,marginal_deficit,163,7.273174411532817
SP2_HETEROGENEOUS_GAME_v1,10094ae5a1c1d9f7cb38,340000,0,8,3,low,0.7,uniform,complete,7.999999999999991,erv_bnn__marginal_deficit,erv_bnn,marginal_deficit,164,7.274031034020462
SP2_HETEROGENEOUS_GAME_v1,10094ae5a1c1d9f7cb38,340000,0,8,3,low,0.7,uniform,complete,7.999999999999991,erv_bnn__marginal_deficit,erv_bnn,marginal_deficit,165,7.274883377529022
SP2_HETEROGENEOUS_GAME_v1,10094ae5a1c1d9f7cb38,340000,0,8,3,low,0.7,uniform,complete,7.999999999999991,erv_bnn__marginal_deficit,erv_bnn,marginal_deficit,166,7.275731475556414
SP2_HETEROGENEOUS_GAME_v1,10094ae5a1c1d9f7cb38,340000,0,8,3,low,0.7,uniform,complete,7.999999999999991,erv_bnn__marginal_deficit,erv_bnn,marginal_deficit,167,7.276575361244189
SP2_HETEROGENEOUS_GAME_v1,10094ae5a1c1d9f7cb38,340000,0,8,3,low,0.7,uniform,complete,7.999999999999991,erv_bnn__marginal_deficit,erv_bnn,marginal_deficit,168,7.2774150673823295
SP2_HETEROGENEOUS_GAME_v1,10094ae5a1c1d9f7cb38,340000,0,8,3,low,0.7,uniform,complete,7.999999999999991,erv_bnn__marginal_deficit,erv_bnn,marginal_deficit,169,7.278250626413979
SP2_HETEROGENEOUS_GAME_v1,10094ae5a1c1d9f7cb38,340000,0,8,3,low,0.7,uniform,complete,7.999999999999991,erv_bnn__marginal_deficit,erv_bnn,marginal_deficit,170,7.2790820704400865
SP2_HETEROGENEOUS_GAME_v1,10094ae5a1c1d9f7cb38,340000,0,8,3,low,0.7,uniform,complete,7.999999999999991,erv_bnn__marginal_deficit,erv_bnn,marginal_deficit,171,7.279909431223976
SP2_HETEROGENEOUS_GAME_v1,10094ae5a1c1d9f7cb38,340000,0,8,3,low,0.7,uniform,complete,7.999999999999991,erv_bnn__marginal_deficit,erv_bnn,marginal_deficit,172,7.280732740195849
SP2_HETEROGENEOUS_GAME_v1,10094ae5a1c1d9f7cb38,340000,0,8,3,low,0.7,uniform,complete,7.999999999999991,erv_bnn__marginal_deficit,erv_bnn,marginal_deficit,173,7.281552028457204
SP2_HETEROGENEOUS_GAME_v1,10094ae5a1c1d9f7cb38,340000,0,8,3,low,0.7,uniform,complete,7.999999999999991,erv_bnn__marginal_deficit,erv_bnn,marginal_deficit,174,7.282367326785192
SP2_HETEROGENEOUS_GAME_v1,10094ae5a1c1d9f7cb38,340000,0,8,3,low,0.7,uniform,complete,7.999999999999991,erv_bnn__marginal_deficit,erv_bnn,marginal_deficit,175,7.283178665636886
SP2_HETEROGENEOUS_GAME_v1,10094ae5a1c1d9f7cb38,340000,0,8,3,low,0.7,uniform,complete,7.999999999999991,erv_bnn__marginal_deficit,erv_bnn,marginal_deficit,176,7.283986075153508
SP2_HETEROGENEOUS_GAME_v1,10094ae5a1c1d9f7cb38,340000,0,8,3,low,0.7,uniform,complete,7.999999999999991,erv_bnn__marginal_deficit,erv_bnn,marginal_deficit,177,7.2847895851645665
SP2_HETEROGENEOUS_GAME_v1,10094ae5a1c1d9f7cb38,340000,0,8,3,low,0.7,uniform,complete,7.999999999999991,erv_bnn__marginal_deficit,erv_bnn,marginal_deficit,178,7.285589225191933
SP2_HETEROGENEOUS_GAME_v1,10094ae5a1c1d9f7cb38,340000,0,8,3,low,0.7,uniform,complete,7.999999999999991,erv_bnn__marginal_deficit,erv_bnn,marginal_deficit,179,7.286385024453858
SP2_HETEROGENEOUS_GAME_v1,10094ae5a1c1d9f7cb38,340000,0,8,3,low,0.7,uniform,complete,7.999999999999991,erv_bnn__marginal_deficit,erv_bnn,marginal_deficit,180,7.28717701186892
SP2_HETEROGENEOUS_GAME_v1,10094ae5a1c1d9f7cb38,340000,0,8,3,low,0.7,uniform,complete,7.999999999999991,erv_bnn__marginal_deficit,erv_bnn,marginal_deficit,181,7.287965216059912
SP2_HETEROGENEOUS_GAME_v1,10094ae5a1c1d9f7cb38,340000,0,8,3,low,0.7,uniform,complete,7.999999999999991,erv_bnn__marginal_deficit,erv_bnn,marginal_deficit,182,7.288749665357663
SP2_HETEROGENEOUS_GAME_v1,10094ae5a1c1d9f7cb38,340000,0,8,3,low,0.7,uniform,complete,7.999999999999991,erv_bnn__marginal_deficit,erv_bnn,marginal_deficit,183,7.289530387804809
SP2_HETEROGENEOUS_GAME_v1,10094ae5a1c1d9f7cb38,340000,0,8,3,low,0.7,uniform,complete,7.999999999999991,erv_bnn__marginal_deficit,erv_bnn,marginal_deficit,184,7.290307411159493
SP2_HETEROGENEOUS_GAME_v1,10094ae5a1c1d9f7cb38,340000,0,8,3,low,0.7,uniform,complete,7.999999999999991,erv_bnn__marginal_deficit,erv_bnn,marginal_deficit,185,7.291080762899021
SP2_HETEROGENEOUS_GAME_v1,10094ae5a1c1d9f7cb38,340000,0,8,3,low,0.7,uniform,complete,7.999999999999991,erv_bnn__marginal_deficit,erv_bnn,marginal_deficit,186,7.291850470223443
SP2_HETEROGENEOUS_GAME_v1,10094ae5a1c1d9f7cb38,340000,0,8,3,low,0.7,uniform,complete,7.999999999999991,erv_bnn__marginal_deficit,erv_bnn,marginal_deficit,187,7.292616560059091
SP2_HETEROGENEOUS_GAME_v1,10094ae5a1c1d9f7cb38,340000,0,8,3,low,0.7,uniform,complete,7.999999999999991,erv_bnn__marginal_deficit,erv_bnn,marginal_deficit,188,7.293379059062068
SP2_HETEROGENEOUS_GAME_v1,10094ae5a1c1d9f7cb38,340000,0,8,3,low,0.7,uniform,complete,7.999999999999991,erv_bnn__marginal_log,erv_bnn,marginal_log,0,1.9680464226887986
SP2_HETEROGENEOUS_GAME_v1,10094ae5a1c1d9f7cb38,340000,0,8,3,low,0.7,uniform,complete,7.999999999999991,erv_bnn__marginal_log,erv_bnn,marginal_log,1,2.2605448968755453
SP2_HETEROGENEOUS_GAME_v1,10094ae5a1c1d9f7cb38,340000,0,8,3,low,0.7,uniform,complete,7.999999999999991,erv_bnn__marginal_log,erv_bnn,marginal_log,2,2.5032086149333153
SP2_HETEROGENEOUS_GAME_v1,10094ae5a1c1d9f7cb38,340000,0,8,3,low,0.7,uniform,complete,7.999999999999991,erv_bnn__marginal_log,erv_bnn,marginal_log,3,2.7096713633324354
SP2_HETEROGENEOUS_GAME_v1,10094ae5a1c1d9f7cb38,340000,0,8,3,low,0.7,uniform,complete,7.999999999999991,erv_bnn__marginal_log,erv_bnn,marginal_log,4,2.8885446002438435
SP2_HETEROGENEOUS_GAME_v1,10094ae5a1c1d9f7cb38,340000,0,8,3,low,0.7,uniform,complete,7.999999999999991,erv_bnn__marginal_log,erv_bnn,marginal_log,5,3.045696666660054
SP2_HETEROGENEOUS_GAME_v1,10094ae5a1c1d9f7cb38,340000,0,8,3,low,0.7,uniform,complete,7.999999999999991,erv_bnn__marginal_log,erv_bnn,marginal_log,6,3.185333550635499
SP2_HETEROGENEOUS_GAME_v1,10094ae5a1c1d9f7cb38,340000,0,8,3,low,0.7,uniform,complete,7.999999999999991,erv_bnn__marginal_log,erv_bnn,marginal_log,7,3.31058054678629
SP2_HETEROGENEOUS_GAME_v1,10094ae5a1c1d9f7cb38,340000,0,8,3,low,0.7,uniform,complete,7.999999999999991,erv_bnn__marginal_log,erv_bnn,marginal_log,8,3.423824562570606
SP2_HETEROGENEOUS_GAME_v1,10094ae5a1c1d9f7cb38,340000,0,8,3,low,0.7,uniform,complete,7.999999999999991,erv_bnn__marginal_log,erv_bnn,marginal_log,9,3.526928932491102
SP2_HETEROGENEOUS_GAME_v1,10094ae5a1c1d9f7cb38,340000,0,8,3,low,0.7,uniform,complete,7.999999999999991,erv_bnn__marginal_log,erv_bnn,marginal_log,10,3.621358977337554
SP2_HETEROGENEOUS_GAME_v1,10094ae5a1c1d9f7cb38,340000,0,8,3,low,0.7,uniform,complete,7.999999999999991,erv_bnn__marginal_log,erv_bnn,marginal_log,11,3.708279977934554
SP2_HETEROGENEOUS_GAME_v1,10094ae5a1c1d9f7cb38,340000,0,8,3,low,0.7,uniform,complete,7.999999999999991,erv_bnn__marginal_log,erv_bnn,marginal_log,12,3.7886482530075902
SP2_HETEROGENEOUS_GAME_v1,10094ae5a1c1d9f7cb38,340000,0,8,3,low,0.7,uniform,complete,7.999999999999991,erv_bnn__marginal_log,erv_bnn,marginal_log,13,3.8632578023584623
SP2_HETEROGENEOUS_GAME_v1,10094ae5a1c1d9f7cb38,340000,0,8,3,low,0.7,uniform,complete,7.999999999999991,erv_bnn__marginal_log,erv_bnn,marginal_log,14,3.932774464138289
SP2_HETEROGENEOUS_GAME_v1,10094ae5a1c1d9f7cb38,340000,0,8,3,low,0.7,uniform,complete,7.999999999999991,erv_bnn__marginal_log,erv_bnn,marginal_log,15,3.9977615561875384
SP2_HETEROGENEOUS_GAME_v1,10094ae5a1c1d9f7cb38,340000,0,8,3,low,0.7,uniform,complete,7.999999999999991,erv_bnn__marginal_log,erv_bnn,marginal_log,16,4.058699445494751
SP2_HETEROGENEOUS_GAME_v1,10094ae5a1c1d9f7cb38,340000,0,8,3,low,0.7,uniform,complete,7.999999999999991,erv_bnn__marginal_log,erv_bnn,marginal_log,17,4.116000698242903
SP2_HETEROGENEOUS_GAME_v1,10094ae5a1c1d9f7cb38,340000,0,8,3,low,0.7,uniform,complete,7.999999999999991,erv_bnn__marginal_log,erv_bnn,marginal_log,18,4.170021443146941
SP2_HETEROGENEOUS_GAME_v1,10094ae5a1c1d9f7cb38,340000,0,8,3,low,0.7,uniform,complete,7.999999999999991,erv_bnn__marginal_log,erv_bnn,marginal_log,19,4.221070498174368
SP2_HETEROGENEOUS_GAME_v1,10094ae5a1c1d9f7cb38,340000,0,8,3,low,0.7,uniform,complete,7.999999999999991,erv_bnn__marginal_log,erv_bnn,marginal_log,20,4.269417890897399
SP2_HETEROGENEOUS_GAME_v1,10094ae5a1c1d9f7cb38,340000,0,8,3,low,0.7,uniform,complete,7.999999999999991,erv_bnn__marginal_log,erv_bnn,marginal_log,21,4.315300944765488
SP2_HETEROGENEOUS_GAME_v1,10094ae5a1c1d9f7cb38,340000,0,8,3,low,0.7,uniform,complete,7.999999999999991,erv_bnn__marginal_log,erv_bnn,marginal_log,22,4.358929220609613
SP2_HETEROGENEOUS_GAME_v1,10094ae5a1c1d9f7cb38,340000,0,8,3,low,0.7,uniform,complete,7.999999999999991,erv_bnn__marginal_log,erv_bnn,marginal_log,23,4.400488570128183
SP2_HETEROGENEOUS_GAME_v1,10094ae5a1c1d9f7cb38,340000,0,8,3,low,0.7,uniform,complete,7.999999999999991,erv_bnn__marginal_log,erv_bnn,marginal_log,24,4.440144485610495
SP2_HETEROGENEOUS_GAME_v1,10094ae5a1c1d9f7cb38,340000,0,8,3,low,0.7,uniform,complete,7.999999999999991,erv_bnn__marginal_log,erv_bnn,marginal_log,25,4.478044886881992
SP2_HETEROGENEOUS_GAME_v1,10094ae5a1c1d9f7cb38,340000,0,8,3,low,0.7,uniform,complete,7.999999999999991,erv_bnn__marginal_log,erv_bnn,marginal_log,26,4.5143221425960185
SP2_HETEROGENEOUS_GAME_v1,10094ae5a1c1d9f7cb38,340000,0,8,3,low,0.7,uniform,complete,7.999999999999991,erv_bnn__marginal_log,erv_bnn,marginal_log,27,4.549090309849398
SP2_HETEROGENEOUS_GAME_v1,10094ae5a1c1d9f7cb38,340000,0,8,3,low,0.7,uniform,complete,7.999999999999991,erv_bnn__marginal_log,erv_bnn,marginal_log,28,4.582449666193907
SP2_HETEROGENEOUS_GAME_v1,10094ae5a1c1d9f7cb38,340000,0,8,3,low,0.7,uniform,complete,7.999999999999991,erv_bnn__marginal_log,erv_bnn,marginal_log,29,4.6144910854099574
SP2_HETEROGENEOUS_GAME_v1,10094ae5a1c1d9f7cb38,340000,0,8,3,low,0.7,uniform,complete,7.999999999999991,erv_bnn__marginal_log,erv_bnn,marginal_log,30,4.645297476122839
SP2_HETEROGENEOUS_GAME_v1,10094ae5a1c1d9f7cb38,340000,0,8,3,low,0.7,uniform,complete,7.999999999999991,erv_bnn__marginal_log,erv_bnn,marginal_log,31,4.674944668904079
SP2_HETEROGENEOUS_GAME_v1,10094ae5a1c1d9f7cb38,340000,0,8,3,low,0.7,uniform,complete,7.999999999999991,erv_bnn__marginal_log,erv_bnn,marginal_log,32,4.703502182227386
SP2_HETEROGENEOUS_GAME_v1,10094ae5a1c1d9f7cb38,340000,0,8,3,low,0.7,uniform,complete,7.999999999999991,erv_bnn__marginal_log,erv_bnn,marginal_log,33,4.731033887331085
SP2_HETEROGENEOUS_GAME_v1,10094ae5a1c1d9f7cb38,340000,0,8,3,low,0.7,uniform,complete,7.999999999999991,erv_bnn__marginal_log,erv_bnn,marginal_log,34,4.757598401312137
SP2_HETEROGENEOUS_GAME_v1,10094ae5a1c1d9f7cb38,340000,0,8,3,low,0.7,uniform,complete,7.999999999999991,erv_bnn__marginal_log,erv_bnn,marginal_log,35,4.78324944593091
SP2_HETEROGENEOUS_GAME_v1,10094ae5a1c1d9f7cb38,340000,0,8,3,low,0.7,uniform,complete,7.999999999999991,erv_bnn__marginal_log,erv_bnn,marginal_log,36,4.80803665753565
SP2_HETEROGENEOUS_GAME_v1,10094ae5a1c1d9f7cb38,340000,0,8,3,low,0.7,uniform,complete,7.999999999999991,erv_bnn__marginal_log,erv_bnn,marginal_log,37,4.832005984243637
SP2_HETEROGENEOUS_GAME_v1,10094ae5a1c1d9f7cb38,340000,0,8,3,low,0.7,uniform,complete,7.999999999999991,erv_bnn__marginal_log,erv_bnn,marginal_log,38,4.855200043660082
SP2_HETEROGENEOUS_GAME_v1,10094ae5a1c1d9f7cb38,340000,0,8,3,low,0.7,uniform,complete,7.999999999999991,erv_bnn__marginal_log,erv_bnn,marginal_log,39,4.877658435783623
SP2_HETEROGENEOUS_GAME_v1,10094ae5a1c1d9f7cb38,340000,0,8,3,low,0.7,uniform,complete,7.999999999999991,erv_bnn__marginal_log,erv_bnn,marginal_log,40,4.899418018348481
SP2_HETEROGENEOUS_GAME_v1,10094ae5a1c1d9f7cb38,340000,0,8,3,low,0.7,uniform,complete,7.999999999999991,erv_bnn__marginal_log,erv_bnn,marginal_log,41,4.920513150370877
SP2_HETEROGENEOUS_GAME_v1,10094ae5a1c1d9f7cb38,340000,0,8,3,low,0.7,uniform,complete,7.999999999999991,erv_bnn__marginal_log,erv_bnn,marginal_log,42,4.9409759085496265
SP2_HETEROGENEOUS_GAME_v1,10094ae5a1c1d9f7cb38,340000,0,8,3,low,0.7,uniform,complete,7.999999999999991,erv_bnn__marginal_log,erv_bnn,marginal_log,43,4.960836280315199
SP2_HETEROGENEOUS_GAME_v1,10094ae5a1c1d9f7cb38,340000,0,8,3,low,0.7,uniform,complete,7.999999999999991,erv_bnn__marginal_log,erv_bnn,marginal_log,44,4.9801223366580745
SP2_HETEROGENEOUS_GAME_v1,10094ae5a1c1d9f7cb38,340000,0,8,3,low,0.7,uniform,complete,7.999999999999991,erv_bnn__marginal_log,erv_bnn,marginal_log,45,4.998860387345292
SP2_HETEROGENEOUS_GAME_v1,10094ae5a1c1d9f7cb38,340000,0,8,3,low,0.7,uniform,complete,7.999999999999991,erv_bnn__marginal_log,erv_bnn,marginal_log,46,5.017075120718751
SP2_HETEROGENEOUS_GAME_v1,10094ae5a1c1d9f7cb38,340000,0,8,3,low,0.7,uniform,complete,7.999999999999991,erv_bnn__marginal_log,erv_bnn,marginal_log,47,5.034789729934177
SP2_HETEROGENEOUS_GAME_v1,10094ae5a1c1d9f7cb38,340000,0,8,3,low,0.7,uniform,complete,7.999999999999991,erv_bnn__marginal_log,erv_bnn,marginal_log,48,5.052026027227283
SP2_HETEROGENEOUS_GAME_v1,10094ae5a1c1d9f7cb38,340000,0,8,3,low,0.7,uniform,complete,7.999999999999991,erv_bnn__marginal_log,erv_bnn,marginal_log,49,5.068804547569705
SP2_HETEROGENEOUS_GAME_v1,10094ae5a1c1d9f7cb38,340000,0,8,3,low,0.7,uniform,complete,7.999999999999991,erv_bnn__marginal_log,erv_bnn,marginal_log,50,5.085144642891444
SP2_HETEROGENEOUS_GAME_v1,10094ae5a1c1d9f7cb38,340000,0,8,3,low,0.7,uniform,complete,7.999999999999991,erv_bnn__marginal_log,erv_bnn,marginal_log,51,5.1010645678912505
SP2_HETEROGENEOUS_GAME_v1,10094ae5a1c1d9f7cb38,340000,0,8,3,low,0.7,uniform,complete,7.999999999999991,erv_bnn__marginal_log,erv_bnn,marginal_log,52,5.116581558325411
SP2_HETEROGENEOUS_GAME_v1,10094ae5a1c1d9f7cb38,340000,0,8,3,low,0.7,uniform,complete,7.999999999999991,erv_bnn__marginal_log,erv_bnn,marginal_log,53,5.131711902554436
SP2_HETEROGENEOUS_GAME_v1,10094ae5a1c1d9f7cb38,340000,0,8,3,low,0.7,uniform,complete,7.999999999999991,erv_bnn__marginal_log,erv_bnn,marginal_log,54,5.146471007032476
SP2_HETEROGENEOUS_GAME_v1,10094ae5a1c1d9f7cb38,340000,0,8,3,low,0.7,uniform,complete,7.999999999999991,erv_bnn__marginal_log,erv_bnn,marginal_log,55,5.160873456343047
SP2_HETEROGENEOUS_GAME_v1,10094ae5a1c1d9f7cb38,340000,0,8,3,low,0.7,uniform,complete,7.999999999999991,erv_bnn__marginal_log,erv_bnn,marginal_log,56,5.174933068314717
SP2_HETEROGENEOUS_GAME_v1,10094ae5a1c1d9f7cb38,340000,0,8,3,low,0.7,uniform,complete,7.999999999999991,erv_bnn__marginal_log,erv_bnn,marginal_log,57,5.188662944689851
SP2_HETEROGENEOUS_GAME_v1,10094ae5a1c1d9f7cb38,340000,0,8,3,low,0.7,uniform,complete,7.999999999999991,erv_bnn__marginal_log,erv_bnn,marginal_log,58,5.202075516748392
SP2_HETEROGENEOUS_GAME_v1,10094ae5a1c1d9f7cb38,340000,0,8,3,low,0.7,uniform,complete,7.999999999999991,erv_bnn__marginal_log,erv_bnn,marginal_log,59,5.215182494069097
SP2_HETEROGENEOUS_GAME_v1,10094ae5a1c1d9f7cb38,340000,0,8,3,low,0.7,uniform,complete,7.999999999999991,erv_bnn__marginal_log,erv_bnn,marginal_log,60,5.227994935552995
SP2_HETEROGENEOUS_GAME_v1,10094ae5a1c1d9f7cb38,340000,0,8,3,low,0.7,uniform,complete,7.999999999999991,erv_bnn__marginal_log,erv_bnn,marginal_log,61,5.240523355562699
SP2_HETEROGENEOUS_GAME_v1,10094ae5a1c1d9f7cb38,340000,0,8,3,low,0.7,uniform,complete,7.999999999999991,erv_bnn__marginal_log,erv_bnn,marginal_log,62,5.252777758943396
SP2_HETEROGENEOUS_GAME_v1,10094ae5a1c1d9f7cb38,340000,0,8,3,low,0.7,uniform,complete,7.999999999999991,erv_bnn__marginal_log,erv_bnn,marginal_log,63,5.264767673090936
SP2_HETEROGENEOUS_GAME_v1,10094ae5a1c1d9f7cb38,340000,0,8,3,low,0.7,uniform,complete,7.999999999999991,erv_bnn__marginal_log,erv_bnn,marginal_log,64,5.276502159277306
SP2_HETEROGENEOUS_GAME_v1,10094ae5a1c1d9f7cb38,340000,0,8,3,low,0.7,uniform,complete,7.999999999999991,erv_bnn__marginal_log,erv_bnn,marginal_log,65,5.2879897575902755
SP2_HETEROGENEOUS_GAME_v1,10094ae5a1c1d9f7cb38,340000,0,8,3,low,0.7,uniform,complete,7.999999999999991,erv_bnn__marginal_log,erv_bnn,marginal_log,66,5.299238603283418
SP2_HETEROGENEOUS_GAME_v1,10094ae5a1c1d9f7cb38,340000,0,8,3,low,0.7,uniform,complete,7.999999999999991,erv_bnn__marginal_log,erv_bnn,marginal_log,67,5.310256471571074
SP2_HETEROGENEOUS_GAME_v1,10094ae5a1c1d9f7cb38,340000,0,8,3,low,0.7,uniform,complete,7.999999999999991,erv_bnn__marginal_log,erv_bnn,marginal_log,68,5.321050798019184
SP2_HETEROGENEOUS_GAME_v1,10094ae5a1c1d9f7cb38,340000,0,8,3,low,0.7,uniform,complete,7.999999999999991,erv_bnn__marginal_log,erv_bnn,marginal_log,69,5.331628697366716
SP2_HETEROGENEOUS_GAME_v1,10094ae5a1c1d9f7cb38,340000,0,8,3,low,0.7,uniform,complete,7.999999999999991,erv_bnn__marginal_log,erv_bnn,marginal_log,70,5.341996980982419
SP2_HETEROGENEOUS_GAME_v1,10094ae5a1c1d9f7cb38,340000,0,8,3,low,0.7,uniform,complete,7.999999999999991,erv_bnn__marginal_log,erv_bnn,marginal_log,71,5.352162173114189
SP2_HETEROGENEOUS_GAME_v1,10094ae5a1c1d9f7cb38,340000,0,8,3,low,0.7,uniform,complete,7.999999999999991,erv_bnn__marginal_log,erv_bnn,marginal_log,72,5.362130526055449
SP2_HETEROGENEOUS_GAME_v1,10094ae5a1c1d9f7cb38,340000,0,8,3,low,0.7,uniform,complete,7.999999999999991,erv_bnn__marginal_log,erv_bnn,marginal_log,73,5.371908034329877
SP2_HETEROGENEOUS_GAME_v1,10094ae5a1c1d9f7cb38,340000,0,8,3,low,0.7,uniform,complete,7.999999999999991,erv_bnn__marginal_log,erv_bnn,marginal_log,74,5.381500447979203
SP2_HETEROGENEOUS_GAME_v1,10094ae5a1c1d9f7cb38,340000,0,8,3,low,0.7,uniform,complete,7.999999999999991,erv_bnn__marginal_log,erv_bnn,marginal_log,75,5.390913285026528
SP2_HETEROGENEOUS_GAME_v1,10094ae5a1c1d9f7cb38,340000,0,8,3,low,0.7,uniform,complete,7.999999999999991,erv_bnn__marginal_log,erv_bnn,marginal_log,76,5.4001518431785565
SP2_HETEROGENEOUS_GAME_v1,10094ae5a1c1d9f7cb38,340000,0,8,3,low,0.7,uniform,complete,7.999999999999991,erv_bnn__marginal_log,erv_bnn,marginal_log,77,5.409221210822771
SP2_HETEROGENEOUS_GAME_v1,10094ae5a1c1d9f7cb38,340000,0,8,3,low,0.7,uniform,complete,7.999999999999991,erv_bnn__marginal_log,erv_bnn,marginal_log,78,5.418126277370046
SP2_HETEROGENEOUS_GAME_v1,10094ae5a1c1d9f7cb38,340000,0,8,3,low,0.7,uniform,complete,7.999999999999991,erv_bnn__marginal_log,erv_bnn,marginal_log,79,5.42687174298825
SP2_HETEROGENEOUS_GAME_v1,10094ae5a1c1d9f7cb38,340000,0,8,3,low,0.7,uniform,complete,7.999999999999991,erv_bnn__marginal_log,erv_bnn,marginal_log,80,5.4354621277686235
SP2_HETEROGENEOUS_GAME_v1,10094ae5a1c1d9f7cb38,340000,0,8,3,low,0.7,uniform,complete,7.999999999999991,erv_bnn__marginal_log,erv_bnn,marginal_log,81,5.443901780363078
SP2_HETEROGENEOUS_GAME_v1,10094ae5a1c1d9f7cb38,340000,0,8,3,low,0.7,uniform,complete,7.999999999999991,erv_bnn__marginal_log,erv_bnn,marginal_log,82,5.452194886127649
SP2_HETEROGENEOUS_GAME_v1,10094ae5a1c1d9f7cb38,340000,0,8,3,low,0.7,uniform,complete,7.999999999999991,erv_bnn__marginal_log,erv_bnn,marginal_log,83,5.460345474804589
SP2_HETEROGENEOUS_GAME_v1,10094ae5a1c1d9f7cb38,340000,0,8,3,low,0.7,uniform,complete,7.999999999999991,erv_bnn__marginal_log,erv_bnn,marginal_log,84,5.468357427773133
SP2_HETEROGENEOUS_GAME_v1,10094ae5a1c1d9f7cb38,340000,0,8,3,low,0.7,uniform,complete,7.999999999999991,erv_bnn__marginal_log,erv_bnn,marginal_log,85,5.476234484896838
SP2_HETEROGENEOUS_GAME_v1,10094ae5a1c1d9f7cb38,340000,0,8,3,low,0.7,uniform,complete,7.999999999999991,erv_bnn__marginal_log,erv_bnn,marginal_log,86,5.483980250993297
SP2_HETEROGENEOUS_GAME_v1,10094ae5a1c1d9f7cb38,340000,0,8,3,low,0.7,uniform,complete,7.999999999999991,erv_bnn__marginal_log,erv_bnn,marginal_log,87,5.491598201950193
SP2_HETEROGENEOUS_GAME_v1,10094ae5a1c1d9f7cb38,340000,0,8,3,low,0.7,uniform,complete,7.999999999999991,erv_bnn__marginal_log,erv_bnn,marginal_log,88,5.499091690510011
SP2_HETEROGENEOUS_GAME_v1,10094ae5a1c1d9f7cb38,340000,0,8,3,low,0.7,uniform,complete,7.999999999999991,erv_bnn__marginal_log,erv_bnn,marginal_log,89,5.5064639517441245
SP2_HETEROGENEOUS_GAME_v1,10094ae5a1c1d9f7cb38,340000,0,8,3,low,0.7,uniform,complete,7.999999999999991,erv_bnn__marginal_log,erv_bnn,marginal_log,90,5.513718108235478
SP2_HETEROGENEOUS_GAME_v1,10094ae5a1c1d9f7cb38,340000,0,8,3,low,0.7,uniform,complete,7.999999999999991,erv_bnn__marginal_log,erv_bnn,marginal_log,91,5.520857174987844
SP2_HETEROGENEOUS_GAME_v1,10094ae5a1c1d9f7cb38,340000,0,8,3,low,0.7,uniform,complete,7.999999999999991,erv_bnn__marginal_log,erv_bnn,marginal_log,92,5.527884064078328
SP2_HETEROGENEOUS_GAME_v1,10094ae5a1c1d9f7cb38,340000,0,8,3,low,0.7,uniform,complete,7.999999999999991,erv_bnn__marginal_log,erv_bnn,marginal_log,93,5.534801589068679
SP2_HETEROGENEOUS_GAME_v1,10094ae5a1c1d9f7cb38,340000,0,8,3,low,0.7,uniform,complete,7.999999999999991,erv_bnn__marginal_log,erv_bnn,marginal_log,94,5.541612469189901
SP2_HETEROGENEOUS_GAME_v1,10094ae5a1c1d9f7cb38,340000,0,8,3,low,0.7,uniform,complete,7.999999999999991,erv_bnn__marginal_log,erv_bnn,marginal_log,95,5.548319333313667
SP2_HETEROGENEOUS_GAME_v1,10094ae5a1c1d9f7cb38,340000,0,8,3,low,0.7,uniform,complete,7.999999999999991,erv_bnn__marginal_log,erv_bnn,marginal_log,96,5.554924723723168
SP2_HETEROGENEOUS_GAME_v1,10094ae5a1c1d9f7cb38,340000,0,8,3,low,0.7,uniform,complete,7.999999999999991,erv_bnn__marginal_log,erv_bnn,marginal_log,97,5.561431099695132
SP2_HETEROGENEOUS_GAME_v1,10094ae5a1c1d9f7cb38,340000,0,8,3,low,0.7,uniform,complete,7.999999999999991,erv_bnn__marginal_log,erv_bnn,marginal_log,98,5.567840840904036
SP2_HETEROGENEOUS_GAME_v1,10094ae5a1c1d9f7cb38,340000,0,8,3,low,0.7,uniform,complete,7.999999999999991,erv_bnn__marginal_log,erv_bnn,marginal_log,99,5.5741562506587305
SP2_HETEROGENEOUS_GAME_v1,10094ae5a1c1d9f7cb38,340000,0,8,3,low,0.7,uniform,complete,7.999999999999991,erv_bnn__marginal_log,erv_bnn,marginal_log,100,5.580379558981107
SP2_HETEROGENEOUS_GAME_v1,10094ae5a1c1d9f7cb38,340000,0,8,3,low,0.7,uniform,complete,7.999999999999991,erv_bnn__marginal_log,erv_bnn,marginal_log,101,5.58651292553577
SP2_HETEROGENEOUS_GAME_v1,10094ae5a1c1d9f7cb38,340000,0,8,3,low,0.7,uniform,complete,7.999999999999991,erv_bnn__marginal_log,erv_bnn,marginal_log,102,5.592558442419093
SP2_HETEROGENEOUS_GAME_v1,10094ae5a1c1d9f7cb38,340000,0,8,3,low,0.7,uniform,complete,7.999999999999991,erv_bnn__marginal_log,erv_bnn,marginal_log,103,5.598518136815526
SP2_HETEROGENEOUS_GAME_v1,10094ae5a1c1d9f7cb38,340000,0,8,3,low,0.7,uniform,complete,7.999999999999991,erv_bnn__marginal_log,erv_bnn,marginal_log,104,5.6043939735285235
SP2_HETEROGENEOUS_GAME_v1,10094ae5a1c1d9f7cb38,340000,0,8,3,low,0.7,uniform,complete,7.999999999999991,erv_bnn__marginal_log,erv_bnn,marginal_log,105,5.61018785739296
SP2_HETEROGENEOUS_GAME_v1,10094ae5a1c1d9f7cb38,340000,0,8,3,low,0.7,uniform,complete,7.999999999999991,erv_bnn__marginal_log,erv_bnn,marginal_log,106,5.615901635575533
SP2_HETEROGENEOUS_GAME_v1,10094ae5a1c1d9f7cb38,340000,0,8,3,low,0.7,uniform,complete,7.999999999999991,erv_bnn__marginal_log,erv_bnn,marginal_log,107,5.621537099769171
SP2_HETEROGENEOUS_GAME_v1,10094ae5a1c1d9f7cb38,340000,0,8,3,low,0.7,uniform,complete,7.999999999999991,erv_bnn__marginal_log,erv_bnn,marginal_log,108,5.627095988287191
SP2_HETEROGENEOUS_GAME_v1,10094ae5a1c1d9f7cb38,340000,0,8,3,low,0.7,uniform,complete,7.999999999999991,erv_bnn__marginal_log,erv_bnn,marginal_log,109,5.6325799863828285
SP2_HETEROGENEOUS_GAME_v1,10094ae5a1c1d9f7cb38,340000,0,8,3,low,0.7,uniform,complete,7.999999999999991,erv_bnn__marginal_log,erv_bnn,marginal_log,110,5.63799071603846
SP2_HETEROGENEOUS_GAME_v1,10094ae5a1c1d9f7cb38,340000,0,8,3,low,0.7,uniform,complete,7.999999999999991,erv_bnn__marginal_log,erv_bnn,marginal_log,111,5.643329748968054
SP2_HETEROGENEOUS_GAME_v1,10094ae5a1c1d9f7cb38,340000,0,8,3,low,0.7,uniform,complete,7.999999999999991,erv_bnn__marginal_log,erv_bnn,marginal_log,112,5.648598608586047
SP2_HETEROGENEOUS_GAME_v1,10094ae5a1c1d9f7cb38,340000,0,8,3,low,0.7,uniform,complete,7.999999999999991,erv_bnn__marginal_log,erv_bnn,marginal_log,113,5.653798772520503
SP2_HETEROGENEOUS_GAME_v1,10094ae5a1c1d9f7cb38,340000,0,8,3,low,0.7,uniform,complete,7.999999999999991,erv_bnn__marginal_log,erv_bnn,marginal_log,114,5.6589316748452205
SP2_HETEROGENEOUS_GAME_v1,10094ae5a1c1d9f7cb38,340000,0,8,3,low,0.7,uniform,complete,7.999999999999991,erv_bnn__marginal_log,erv_bnn,marginal_log,115,5.663998708083297
SP2_HETEROGENEOUS_GAME_v1,10094ae5a1c1d9f7cb38,340000,0,8,3,low,0.7,uniform,complete,7.999999999999991,erv_bnn__marginal_log,erv_bnn,marginal_log,116,5.669001225023095
SP2_HETEROGENEOUS_GAME_v1,10094ae5a1c1d9f7cb38,340000,0,8,3,low,0.7,uniform,complete,7.999999999999991,erv_bnn__marginal_log,erv_bnn,marginal_log,117,5.673940540378638
SP2_HETEROGENEOUS_GAME_v1,10094ae5a1c1d9f7cb38,340000,0,8,3,low,0.7,uniform,complete,7.999999999999991,erv_bnn__marginal_log,erv_bnn,marginal_log,118,5.678817932319504
SP2_HETEROGENEOUS_GAME_v1,10094ae5a1c1d9f7cb38,340000,0,8,3,low,0.7,uniform,complete,7.999999999999991,erv_bnn__marginal_log,erv_bnn,marginal_log,119,5.683634643890105
SP2_HETEROGENEOUS_GAME_v1,10094ae5a1c1d9f7cb38,340000,0,8,3,low,0.7,uniform,complete,7.999999999999991,erv_bnn__marginal_log,erv_bnn,marginal_log,120,5.6883918843340435
SP2_HETEROGENEOUS_GAME_v1,10094ae5a1c1d9f7cb38,340000,0,8,3,low,0.7,uniform,complete,7.999999999999991,erv_bnn__marginal_log,erv_bnn,marginal_log,121,5.693090830336103
SP2_HETEROGENEOUS_GAME_v1,10094ae5a1c1d9f7cb38,340000,0,8,3,low,0.7,uniform,complete,7.999999999999991,erv_bnn__marginal_log,erv_bnn,marginal_log,122,5.697732627192035
SP2_HETEROGENEOUS_GAME_v1,10094ae5a1c1d9f7cb38,340000,0,8,3,low,0.7,uniform,complete,7.999999999999991,erv_bnn__marginal_log,erv_bnn,marginal_log,123,5.70231838991425
SP2_HETEROGENEOUS_GAME_v1,10094ae5a1c1d9f7cb38,340000,0,8,3,low,0.7,uniform,complete,7.999999999999991,erv_bnn__marginal_log,erv_bnn,marginal_log,124,5.706849204280153
SP2_HETEROGENEOUS_GAME_v1,10094ae5a1c1d9f7cb38,340000,0,8,3,low,0.7,uniform,complete,7.999999999999991,erv_bnn__marginal_log,erv_bnn,marginal_log,125,5.711326127828666
SP2_HETEROGENEOUS_GAME_v1,10094ae5a1c1d9f7cb38,340000,0,8,3,low,0.7,uniform,complete,7.999999999999991,erv_bnn__marginal_log,erv_bnn,marginal_log,126,5.715750190809504
SP2_HETEROGENEOUS_GAME_v1,10094ae5a1c1d9f7cb38,340000,0,8,3,low,0.7,uniform,complete,7.999999999999991,erv_bnn__marginal_log,erv_bnn,marginal_log,127,5.720122397089112
SP2_HETEROGENEOUS_GAME_v1,10094ae5a1c1d9f7cb38,340000,0,8,3,low,0.7,uniform,complete,7.999999999999991,erv_bnn__marginal_log,erv_bnn,marginal_log,128,5.724443725016576
SP2_HETEROGENEOUS_GAME_v1,10094ae5a1c1d9f7cb38,340000,0,8,3,low,0.7,uniform,complete,7.999999999999991,erv_bnn__marginal_log,erv_bnn,marginal_log,129,5.728715128252327
SP2_HETEROGENEOUS_GAME_v1,10094ae5a1c1d9f7cb38,340000,0,8,3,low,0.7,uniform,complete,7.999999999999991,erv_bnn__marginal_log,erv_bnn,marginal_log,130,5.732937536562137
SP2_HETEROGENEOUS_GAME_v1,10094ae5a1c1d9f7cb38,340000,0,8,3,low,0.7,uniform,complete,7.999999999999991,erv_bnn__marginal_log,erv_bnn,marginal_log,131,5.737111856578556
SP2_HETEROGENEOUS_GAME_v1,10094ae5a1c1d9f7cb38,340000,0,8,3,low,0.7,uniform,complete,7.999999999999991,erv_bnn__marginal_log,erv_bnn,marginal_log,132,5.741238972531766
SP2_HETEROGENEOUS_GAME_v1,10094ae5a1c1d9f7cb38,340000,0,8,3,low,0.7,uniform,complete,7.999999999999991,erv_bnn__marginal_log,erv_bnn,marginal_log,133,5.745319746951505
SP2_HETEROGENEOUS_GAME_v1,10094ae5a1c1d9f7cb38,340000,0,8,3,low,0.7,uniform,complete,7.999999999999991,erv_bnn__marginal_log,erv_bnn,marginal_log,134,5.7493550213417235
SP2_HETEROGENEOUS_GAME_v1,10094ae5a1c1d9f7cb38,340000,0,8,3,low,0.7,uniform,complete,7.999999999999991,erv_bnn__marginal_log,erv_bnn,marginal_log,135,5.753345616829286
SP2_HETEROGENEOUS_GAME_v1,10094ae5a1c1d9f7cb38,340000,0,8,3,low,0.7,uniform,complete,7.999999999999991,erv_bnn__marginal_log,erv_bnn,marginal_log,136,5.757292329063905
SP2_HETEROGENEOUS_GAME_v1,10094ae5a1c1d9f7cb38,340000,0,8,3,low,0.7,uniform,complete,7.999999999999991,erv_bnn__marginal_log,erv_bnn,marginal_log,137,5.761195921860529
SP2_HETEROGENEOUS_GAME_v1,10094ae5a1c1d9f7cb38,340000,0,8,3,low,0.7,uniform,complete,7.999999999999991,erv_bnn__marginal_log,erv_bnn,marginal_log,138,5.76505713922597
SP2_HETEROGENEOUS_GAME_v1,10094ae5a1c1d9f7cb38,340000,0,8,3,low,0.7,uniform,complete,7.999999999999991,erv_bnn__marginal_log,erv_bnn,marginal_log,139,5.768876706820666
SP2_HETEROGENEOUS_GAME_v1,10094ae5a1c1d9f7cb38,340000,0,8,3,low,0.7,uniform,complete,7.999999999999991,erv_bnn__marginal_log,erv_bnn,marginal_log,140,5.772655332609828
SP2_HETEROGENEOUS_GAME_v1,10094ae5a1c1d9f7cb38,340000,0,8,3,low,0.7,uniform,complete,7.999999999999991,erv_bnn__marginal_log,erv_bnn,marginal_log,141,5.776393707479416
SP2_HETEROGENEOUS_GAME_v1,10094ae5a1c1d9f7cb38,340000,0,8,3,low,0.7,uniform,complete,7.999999999999991,erv_bnn__marginal_log,erv_bnn,marginal_log,142,5.780092505819818
SP2_HETEROGENEOUS_GAME_v1,10094ae5a1c1d9f7cb38,340000,0,8,3,low,0.7,uniform,complete,7.999999999999991,erv_bnn__marginal_log,erv_bnn,marginal_log,143,5.7837523860799545
SP2_HETEROGENEOUS_GAME_v1,10094ae5a1c1d9f7cb38,340000,0,8,3,low,0.7,uniform,complete,7.999999999999991,erv_bnn__marginal_log,erv_bnn,marginal_log,144,5.787373991294009
SP2_HETEROGENEOUS_GAME_v1,10094ae5a1c1d9f7cb38,340000,0,8,3,low,0.7,uniform,complete,7.999999999999991,erv_bnn__marginal_log,erv_bnn,marginal_log,145,5.790957948435502
SP2_HETEROGENEOUS_GAME_v1,10094ae5a1c1d9f7cb38,340000,0,8,3,low,0.7,uniform,complete,7.999999999999991,erv_bnn__marginal_log,erv_bnn,marginal_log,146,5.794504862499646
SP2_HETEROGENEOUS_GAME_v1,10094ae5a1c1d9f7cb38,340000,0,8,3,low,0.7,uniform,complete,7.999999999999991,erv_bnn__marginal_log,erv_bnn,marginal_log,147,5.798015324558136
SP2_HETEROGENEOUS_GAME_v1,10094ae5a1c1d9f7cb38,340000,0,8,3,low,0.7,uniform,complete,7.999999999999991,erv_bnn__marginal_log,erv_bnn,marginal_log,148,5.801489912749572
SP2_HETEROGENEOUS_GAME_v1,10094ae5a1c1d9f7cb38,340000,0,8,3,low,0.7,uniform,complete,7.999999999999991,erv_bnn__marginal_log,erv_bnn,marginal_log,149,5.804929192686957
SP2_HETEROGENEOUS_GAME_v1,10094ae5a1c1d9f7cb38,340000,0,8,3,low,0.7,uniform,complete,7.999999999999991,erv_bnn__marginal_log,erv_bnn,marginal_log,150,5.808333717839451
SP2_HETEROGENEOUS_GAME_v1,10094ae5a1c1d9f7cb38,340000,0,8,3,low,0.7,uniform,complete,7.999999999999991,erv_bnn__marginal_log,erv_bnn,marginal_log,151,5.811704029891922
SP2_HETEROGENEOUS_GAME_v1,10094ae5a1c1d9f7cb38,340000,0,8,3,low,0.7,uniform,complete,7.999999999999991,erv_bnn__marginal_log,erv_bnn,marginal_log,152,5.815040659085145
SP2_HETEROGENEOUS_GAME_v1,10094ae5a1c1d9f7cb38,340000,0,8,3,low,0.7,uniform,complete,7.999999999999991,erv_bnn__marginal_log,erv_bnn,marginal_log,153,5.81834412453901
SP2_HETEROGENEOUS_GAME_v1,10094ae5a1c1d9f7cb38,340000,0,8,3,low,0.7,uniform,complete,7.999999999999991,erv_bnn__marginal_log,erv_bnn,marginal_log,154,5.821614934560615
SP2_HETEROGENEOUS_GAME_v1,10094ae5a1c1d9f7cb38,340000,0,8,3,low,0.7,uniform,complete,7.999999999999991,erv_bnn__marginal_log,erv_bnn,marginal_log,155,5.824853586938833
SP2_HETEROGENEOUS_GAME_v1,10094ae5a1c1d9f7cb38,340000,0,8,3,low,0.7,uniform,complete,7.999999999999991,erv_bnn__marginal_log,erv_bnn,marginal_log,156,5.828060569226717
SP2_HETEROGENEOUS_GAME_v1,10094ae5a1c1d9f7cb38,340000,0,8,3,low,0.7,uniform,complete,7.999999999999991,erv_bnn__marginal_log,erv_bnn,marginal_log,157,5.831236359012692
SP2_HETEROGENEOUS_GAME_v1,10094ae5a1c1d9f7cb38,340000,0,8,3,low,0.7,uniform,complete,7.999999999999991,erv_bnn__marginal_log,erv_bnn,marginal_log,158,5.8343814241815934
SP2_HETEROGENEOUS_GAME_v1,10094ae5a1c1d9f7cb38,340000,0,8,3,low,0.7,uniform,complete,7.999999999999991,erv_bnn__marginal_log,erv_bnn,marginal_log,159,5.837496223166221
SP2_HETEROGENEOUS_GAME_v1,10094ae5a1c1d9f7cb38,340000,0,8,3,low,0.7,uniform,complete,7.999999999999991,erv_bnn__marginal_log,erv_bnn,marginal_log,160,5.840581205190094
SP2_HETEROGENEOUS_GAME_v1,10094ae5a1c1d9f7cb38,340000,0,8,3,low,0.7,uniform,complete,7.999999999999991,erv_bnn__marginal_log,erv_bnn,marginal_log,161,5.843636810501986
SP2_HETEROGENEOUS_GAME_v1,10094ae5a1c1d9f7cb38,340000,0,8,3,low,0.7,uniform,complete,7.999999999999991,erv_bnn__marginal_log,erv_bnn,marginal_log,162,5.84666347060271
SP2_HETEROGENEOUS_GAME_v1,10094ae5a1c1d9f7cb38,340000,0,8,3,low,0.7,uniform,complete,7.999999999999991,erv_bnn__marginal_log,erv_bnn,marginal_log,163,5.849661608464563
SP2_HETEROGENEOUS_GAME_v1,10094ae5a1c1d9f7cb38,340000,0,8,3,low,0.7,uniform,complete,7.999999999999991,erv_bnn__marginal_log,erv_bnn,marginal_log,164,5.852631638743844
SP2_HETEROGENEOUS_GAME_v1,10094ae5a1c1d9f7cb38,340000,0,8,3,low,0.7,uniform,complete,7.999999999999991,erv_bnn__marginal_log,erv_bnn,marginal_log,165,5.8555739679867465
SP2_HETEROGENEOUS_GAME_v1,10094ae5a1c1d9f7cb38,340000,0,8,3,low,0.7,uniform,complete,7.999999999999991,erv_bnn__marginal_log,erv_bnn,marginal_log,166,5.858488994828957
SP2_HETEROGENEOUS_GAME_v1,10094ae5a1c1d9f7cb38,340000,0,8,3,low,0.7,uniform,complete,7.999999999999991,erv_bnn__marginal_log,erv_bnn,marginal_log,167,5.861377110189208
SP2_HETEROGENEOUS_GAME_v1,10094ae5a1c1d9f7cb38,340000,0,8,3,low,0.7,uniform,complete,7.999999999999991,erv_bnn__marginal_log,erv_bnn,marginal_log,168,5.864238697457057
SP2_HETEROGENEOUS_GAME_v1,10094ae5a1c1d9f7cb38,340000,0,8,3,low,0.7,uniform,complete,7.999999999999991,erv_bnn__marginal_log,erv_bnn,marginal_log,169,5.867074132675077
SP2_HETEROGENEOUS_GAME_v1,10094ae5a1c1d9f7cb38,340000,0,8,3,low,0.7,uniform,complete,7.999999999999991,erv_bnn__marginal_log,erv_bnn,marginal_log,170,5.869883784715754
SP2_HETEROGENEOUS_GAME_v1,10094ae5a1c1d9f7cb38,340000,0,8,3,low,0.7,uniform,complete,7.999999999999991,erv_bnn__marginal_log,erv_bnn,marginal_log,171,5.872668015453209
SP2_HETEROGENEOUS_GAME_v1,10094ae5a1c1d9f7cb38,340000,0,8,3,low,0.7,uniform,complete,7.999999999999991,erv_bnn__marginal_log,erv_bnn,marginal_log,172,5.875427179929954
SP2_HETEROGENEOUS_GAME_v1,10094ae5a1c1d9f7cb38,340000,0,8,3,low,0.7,uniform,complete,7.999999999999991,erv_bnn__marginal_log,erv_bnn,marginal_log,173,5.878161626518909
SP2_HETEROGENEOUS_GAME_v1,10094ae5a1c1d9f7cb38,340000,0,8,3,low,0.7,uniform,complete,7.999999999999991,erv_bnn__marginal_log,erv_bnn,marginal_log,174,5.880871697080762
SP2_HETEROGENEOUS_GAME_v1,10094ae5a1c1d9f7cb38,340000,0,8,3,low,0.7,uniform,complete,7.999999999999991,erv_bnn__marginal_log,erv_bnn,marginal_log,175,5.883557727116899
SP2_HETEROGENEOUS_GAME_v1,10094ae5a1c1d9f7cb38,340000,0,8,3,low,0.7,uniform,complete,7.999999999999991,erv_bnn__marginal_log,erv_bnn,marginal_log,176,5.886220045918003
SP2_HETEROGENEOUS_GAME_v1,10094ae5a1c1d9f7cb38,340000,0,8,3,low,0.7,uniform,complete,7.999999999999991,erv_bnn__marginal_log,erv_bnn,marginal_log,177,5.88885897670852
SP2_HETEROGENEOUS_GAME_v1,10094ae5a1c1d9f7cb38,340000,0,8,3,low,0.7,uniform,complete,7.999999999999991,erv_bnn__marginal_log,erv_bnn,marginal_log,178,5.891474836787081
SP2_HETEROGENEOUS_GAME_v1,10094ae5a1c1d9f7cb38,340000,0,8,3,low,0.7,uniform,complete,7.999999999999991,erv_bnn__marginal_log,erv_bnn,marginal_log,179,5.894067937663017
SP2_HETEROGENEOUS_GAME_v1,10094ae5a1c1d9f7cb38,340000,0,8,3,low,0.7,uniform,complete,7.999999999999991,erv_bnn__marginal_log,erv_bnn,marginal_log,180,5.89663858518913
SP2_HETEROGENEOUS_GAME_v1,10094ae5a1c1d9f7cb38,340000,0,8,3,low,0.7,uniform,complete,7.999999999999991,erv_bnn__marginal_log,erv_bnn,marginal_log,181,5.899187079690804
SP2_HETEROGENEOUS_GAME_v1,10094ae5a1c1d9f7cb38,340000,0,8,3,low,0.7,uniform,complete,7.999999999999991,erv_bnn__marginal_log,erv_bnn,marginal_log,182,5.901713716091578
SP2_HETEROGENEOUS_GAME_v1,10094ae5a1c1d9f7cb38,340000,0,8,3,low,0.7,uniform,complete,7.999999999999991,erv_bnn__marginal_log,erv_bnn,marginal_log,183,5.90421878403531
SP2_HETEROGENEOUS_GAME_v1,10094ae5a1c1d9f7cb38,340000,0,8,3,low,0.7,uniform,complete,7.999999999999991,erv_bnn__marginal_log,erv_bnn,marginal_log,184,5.906702568005023
SP2_HETEROGENEOUS_GAME_v1,10094ae5a1c1d9f7cb38,340000,0,8,3,low,0.7,uniform,complete,7.999999999999991,erv_bnn__marginal_log,erv_bnn,marginal_log,185,5.909165347438533
SP2_HETEROGENEOUS_GAME_v1,10094ae5a1c1d9f7cb38,340000,0,8,3,low,0.7,uniform,complete,7.999999999999991,erv_bnn__marginal_log,erv_bnn,marginal_log,186,5.911607396841008
SP2_HETEROGENEOUS_GAME_v1,10094ae5a1c1d9f7cb38,340000,0,8,3,low,0.7,uniform,complete,7.999999999999991,erv_bnn__marginal_log,erv_bnn,marginal_log,187,5.914028985894448
SP2_HETEROGENEOUS_GAME_v1,10094ae5a1c1d9f7cb38,340000,0,8,3,low,0.7,uniform,complete,7.999999999999991,erv_bnn__marginal_log,erv_bnn,marginal_log,188,5.916430379564314
SP2_HETEROGENEOUS_GAME_v1,10094ae5a1c1d9f7cb38,340000,0,8,3,low,0.7,uniform,complete,7.999999999999991,erv_bnn__marginal_log,erv_bnn,marginal_log,189,5.918811838203284
SP2_HETEROGENEOUS_GAME_v1,10094ae5a1c1d9f7cb38,340000,0,8,3,low,0.7,uniform,complete,7.999999999999991,erv_bnn__marginal_log,erv_bnn,marginal_log,190,5.921173617652293
SP2_HETEROGENEOUS_GAME_v1,10094ae5a1c1d9f7cb38,340000,0,8,3,low,0.7,uniform,complete,7.999999999999991,erv_bnn__marginal_log,erv_bnn,marginal_log,191,5.9235159693388875
SP2_HETEROGENEOUS_GAME_v1,10094ae5a1c1d9f7cb38,340000,0,8,3,low,0.7,uniform,complete,7.999999999999991,erv_bnn__marginal_log,erv_bnn,marginal_log,192,5.925839140373041
SP2_HETEROGENEOUS_GAME_v1,10094ae5a1c1d9f7cb38,340000,0,8,3,low,0.7,uniform,complete,7.999999999999991,erv_bnn__marginal_log,erv_bnn,marginal_log,193,5.92814337364044
SP2_HETEROGENEOUS_GAME_v1,10094ae5a1c1d9f7cb38,340000,0,8,3,low,0.7,uniform,complete,7.999999999999991,erv_bnn__marginal_log,erv_bnn,marginal_log,194,5.9304289078933445
SP2_HETEROGENEOUS_GAME_v1,10094ae5a1c1d9f7cb38,340000,0,8,3,low,0.7,uniform,complete,7.999999999999991,erv_bnn__marginal_log,erv_bnn,marginal_log,195,5.9326959778391295
SP2_HETEROGENEOUS_GAME_v1,10094ae5a1c1d9f7cb38,340000,0,8,3,low,0.7,uniform,complete,7.999999999999991,erv_bnn__marginal_log,erv_bnn,marginal_log,196,5.934944814226518
SP2_HETEROGENEOUS_GAME_v1,10094ae5a1c1d9f7cb38,340000,0,8,3,low,0.7,uniform,complete,7.999999999999991,erv_bnn__marginal_log,erv_bnn,marginal_log,197,5.937175643929604
SP2_HETEROGENEOUS_GAME_v1,10094ae5a1c1d9f7cb38,340000,0,8,3,low,0.7,uniform,complete,7.999999999999991,erv_bnn__marginal_log,erv_bnn,marginal_log,198,5.939388690029743
SP2_HETEROGENEOUS_GAME_v1,10094ae5a1c1d9f7cb38,340000,0,8,3,low,0.7,uniform,complete,7.999999999999991,erv_bnn__marginal_log,erv_bnn,marginal_log,199,5.941584171957442
SP2_HETEROGENEOUS_GAME_v1,10094ae5a1c1d9f7cb38,340000,0,8,3,low,0.7,uniform,complete,7.999999999999991,erv_bnn__marginal_log,erv_bnn,marginal_log,200,5.943762304251847
SP2_HETEROGENEOUS_GAME_v1,10094ae5a1c1d9f7cb38,340000,0,8,3,low,0.7,uniform,complete,7.999999999999991,erv_bnn__marginal_log,erv_bnn,marginal_log,201,5.945923297622622
SP2_HETEROGENEOUS_GAME_v1,10094ae5a1c1d9f7cb38,340000,0,8,3,low,0.7,uniform,complete,7.999999999999991,erv_bnn__marginal_log,erv_bnn,marginal_log,202,5.948067359170179
SP2_HETEROGENEOUS_GAME_v1,10094ae5a1c1d9f7cb38,340000,0,8,3,low,0.7,uniform,complete,7.999999999999991,erv_bnn__marginal_log,erv_bnn,marginal_log,203,5.950194692485956
SP2_HETEROGENEOUS_GAME_v1,10094ae5a1c1d9f7cb38,340000,0,8,3,low,0.7,uniform,complete,7.999999999999991,erv_bnn__marginal_log,erv_bnn,marginal_log,204,5.95230549774631
SP2_HETEROGENEOUS_GAME_v1,10094ae5a1c1d9f7cb38,340000,0,8,3,low,0.7,uniform,complete,7.999999999999991,erv_bnn__marginal_log,erv_bnn,marginal_log,205,5.954399971800776
SP2_HETEROGENEOUS_GAME_v1,10094ae5a1c1d9f7cb38,340000,0,8,3,low,0.7,uniform,complete,7.999999999999991,erv_bnn__marginal_log,erv_bnn,marginal_log,206,5.956478308255412
SP2_HETEROGENEOUS_GAME_v1,10094ae5a1c1d9f7cb38,340000,0,8,3,low,0.7,uniform,complete,7.999999999999991,erv_bnn__marginal_log,erv_bnn,marginal_log,207,5.95854069755172
SP2_HETEROGENEOUS_GAME_v1,10094ae5a1c1d9f7cb38,340000,0,8,3,low,0.7,uniform,complete,7.999999999999991,erv_bnn__marginal_log,erv_bnn,marginal_log,208,5.960587327041672
SP2_HETEROGENEOUS_GAME_v1,10094ae5a1c1d9f7cb38,340000,0,8,3,low,0.7,uniform,complete,7.999999999999991,erv_bnn__marginal_log,erv_bnn,marginal_log,209,5.962618381059246
SP2_HETEROGENEOUS_GAME_v1,10094ae5a1c1d9f7cb38,340000,0,8,3,low,0.7,uniform,complete,7.999999999999991,erv_bnn__marginal_log,erv_bnn,marginal_log,210,5.964634040988789
SP2_HETEROGENEOUS_GAME_v1,10094ae5a1c1d9f7cb38,340000,0,8,3,low,0.7,uniform,complete,7.999999999999991,erv_bnn__marginal_log,erv_bnn,marginal_log,211,5.966634485330541
SP2_HETEROGENEOUS_GAME_v1,10094ae5a1c1d9f7cb38,340000,0,8,3,low,0.7,uniform,complete,7.999999999999991,erv_bnn__marginal_log,erv_bnn,marginal_log,212,5.968619889763601
SP2_HETEROGENEOUS_GAME_v1,10094ae5a1c1d9f7cb38,340000,0,8,3,low,0.7,uniform,complete,7.999999999999991,erv_bnn__marginal_log,erv_bnn,marginal_log,213,5.970590427206459
SP2_HETEROGENEOUS_GAME_v1,10094ae5a1c1d9f7cb38,340000,0,8,3,low,0.7,uniform,complete,7.999999999999991,erv_bnn__marginal_log,erv_bnn,marginal_log,214,5.972546267875447
SP2_HETEROGENEOUS_GAME_v1,10094ae5a1c1d9f7cb38,340000,0,8,3,low,0.7,uniform,complete,7.999999999999991,erv_bnn__marginal_log,erv_bnn,marginal_log,215,5.974487579341098
SP2_HETEROGENEOUS_GAME_v1,10094ae5a1c1d9f7cb38,340000,0,8,3,low,0.7,uniform,complete,7.999999999999991,erv_bnn__marginal_log,erv_bnn,marginal_log,216,5.976414526582721
SP2_HETEROGENEOUS_GAME_v1,10094ae5a1c1d9f7cb38,340000,0,8,3,low,0.7,uniform,complete,7.999999999999991,erv_bnn__marginal_log,erv_bnn,marginal_log,217,5.978327272041212
SP2_HETEROGENEOUS_GAME_v1,10094ae5a1c1d9f7cb38,340000,0,8,3,low,0.7,uniform,complete,7.999999999999991,erv_bnn__marginal_log,erv_bnn,marginal_log,218,5.980225975670259
SP2_HETEROGENEOUS_GAME_v1,10094ae5a1c1d9f7cb38,340000,0,8,3,low,0.7,uniform,complete,7.999999999999991,erv_bnn__marginal_log,erv_bnn,marginal_log,219,5.982110794986033
SP2_HETEROGENEOUS_GAME_v1,10094ae5a1c1d9f7cb38,340000,0,8,3,low,0.7,uniform,complete,7.999999999999991,erv_bnn__marginal_log,erv_bnn,marginal_log,220,5.983981885115464
SP2_HETEROGENEOUS_GAME_v1,10094ae5a1c1d9f7cb38,340000,0,8,3,low,0.7,uniform,complete,7.999999999999991,erv_bnn__marginal_log,erv_bnn,marginal_log,221,5.985839398843141
SP2_HETEROGENEOUS_GAME_v1,10094ae5a1c1d9f7cb38,340000,0,8,3,low,0.7,uniform,complete,7.999999999999991,erv_bnn__marginal_log,erv_bnn,marginal_log,222,5.987683486656968
SP2_HETEROGENEOUS_GAME_v1,10094ae5a1c1d9f7cb38,340000,0,8,3,low,0.7,uniform,complete,7.999999999999991,erv_bnn__marginal_log,erv_bnn,marginal_log,223,5.9895142967925805
SP2_HETEROGENEOUS_GAME_v1,10094ae5a1c1d9f7cb38,340000,0,8,3,low,0.7,uniform,complete,7.999999999999991,erv_bnn__marginal_log,erv_bnn,marginal_log,224,5.991331975276623
SP2_HETEROGENEOUS_GAME_v1,10094ae5a1c1d9f7cb38,340000,0,8,3,low,0.7,uniform,complete,7.999999999999991,erv_bnn__marginal_log,erv_bnn,marginal_log,225,5.993136665968901
