experiment_id,scenario_generator,scenario_variant_id,seed,method,method_label,method_family,method_scope,method_ownership,method_variant,method_comparison_group,method_training_type,method_execution_model,method_communication_pattern,method_trainable_parameters,method_tuned_parameters,method_uses_neural_policy,method_uses_decoder,method_allocator,transport_mode,scenario_transport_mode,selected_load_id,selected_load_index,n_robots,n_loads,world_size_m,obstacle_count,mobile_group_count,robot_radius_m,formation_tolerance_m,pose_tolerance_m,orientation_tolerance_rad,dt_s,horizon_s,pickup_horizon_s,communication_radius,selected_task_load,pickup_success,target_reached,transport_success,final_position_error_m,final_orientation_error_rad,final_orientation_error_deg,mean_position_error_m,formation_integrity_rate,formation_broken_rate,max_formation_error_m,mean_formation_error_m,mean_wrench_residual_norm,max_wrench_residual_norm,collision_count,collision_rate,safety_violation_count,min_robot_clearance_m,min_obstacle_clearance_m,min_mobile_group_clearance_m,min_load_clearance_m,travel_distance_m,load_travel_distance_m,path_efficiency_ratio,energy_proxy_wh,mean_speed_mps,max_speed_mps,max_speed_violation_mps,pickup_complete_time_s,completion_time_s,assigned_robots,idle_robots,communication_messages,runtime_ms,score_value,reference_score_value,signed_score_delta_vs_reference,performance_gap_vs_reference,optimality_gap_vs_reference
SP5_MC_explicit_control_law,formation_corridor_push,formation_corridor_push_v00,6650,classic_decentralized_apf_push,Classic decentralized APF push,classic,decentralized,baseline,apf_push_drag,baseline_classic_decentralized_push_drag,none,distributed_apf_payload_tracking,local_obstacle_and_slot_state,0,3,False,False,greedy_capacity,push_drag,push_drag,load-01,1,6,2,24.0,2,2,0.3,0.85,0.2,0.08726646259971647,0.14,76.0,7.0,inf,True,True,False,False,12.18563621077373,1.6738898038744612,95.90682113198774,12.984055195288116,0.9716024340770791,0.028397565922920864,7.099902066619287,0.5213801133106771,0.9447442330371864,1.0218875377967829,0,0.0,0,0.13419567446943204,3.0930395329668174,0.11499999999999982,3.6844332487536784,20.098631884830496,5.440939853987726,1.0,208.32264168475075,0.04313612480121887,0.649171006107526,0.0,7.000000000000001,76.0,2,4,16290,1379.4978000223637,-135.61613656886786,297.57708774502,-433.19322431388787,1.0,1.0
SP5_MC_explicit_control_law,formation_corridor_push,formation_corridor_push_v00,6650,sota_centralized_cbf_push,SOTA centralized CBF push,sota,centralized,baseline,cbf_payload_push_drag,baseline_sota_centralized_push_drag,none,centralized_cbf_payload_velocity_projection,global_payload_robot_traffic_state,0,6,False,False,wrench_greedy,push_drag,push_drag,load-01,1,6,2,24.0,2,2,0.3,0.85,0.2,0.08726646259971647,0.14,76.0,7.0,inf,True,True,False,False,9.313079514278416,4.822016981265165e-07,2.762812217669077e-05,10.593920791585973,0.947261663286004,0.05273833671399597,7.099902066619287,0.7130549084248464,0.8752333405419791,1.0,0,0.0,0,0.11499999977123243,0.3482960520686274,0.11499999999999982,0.08000099999999954,58.97181804095092,9.535814109746756,1.0,621.7683008248715,0.1323535805962471,0.7917851398800759,0.0,7.000000000000001,76.0,4,2,16290,1193.0471000960097,-93.90401315323554,297.57708774502,-391.48110089825553,1.0,1.0
SP5_MC_explicit_control_law,formation_corridor_push,formation_corridor_push_v00,6650,sota_decentralized_vo_push,SOTA decentralized VO push,sota,decentralized,baseline,velocity_obstacle_push_drag,baseline_sota_decentralized_push_drag,none,distributed_velocity_obstacle_payload_tracking,local_relative_traffic_state,0,6,False,False,cbba_wrench_score,push_drag,push_drag,load-01,1,6,2,24.0,2,2,0.3,0.85,0.2,0.08726646259971647,0.14,76.0,7.0,inf,True,True,False,False,3.0125846061058428,4.129631075411311e-05,0.0023661043156713952,7.499338295721736,0.9249492900608519,0.07505070993914809,7.099902066619287,0.679143278781182,0.5680364294013837,1.0063390223446471,0,0.0,0,0.11499999999999844,0.1588820178693398,0.08000099999999921,0.0800009999999991,90.24496778237864,18.25304380383814,0.8521464923791355,995.2417754758686,0.1968691870533994,0.7573596990157248,0.0,7.000000000000001,76.0,4,2,16290,1134.6912001026794,-49.43081773930381,297.57708774502,-347.00790548432377,1.0,1.0
SP5_MC_explicit_control_law,formation_corridor_push,formation_corridor_push_v00,6650,sota_decentralized_vo_cargo,SOTA decentralized VO cargo,sota,decentralized,baseline,velocity_obstacle_cargo,baseline_sota_decentralized_cargo,none,distributed_velocity_obstacle_cargo_transport,local_relative_traffic_state,0,6,False,False,cbba_wrench_score,cargo,push_drag,load-01,1,6,2,24.0,2,2,0.3,0.85,0.2,0.08726646259971647,0.14,76.0,7.0,inf,True,True,True,True,5.571763458200285e-05,1.4921708313409e-10,8.549509094836095e-09,4.87516532748149,0.9716024340770791,0.028397565922920864,7.099902066619287,0.5846272485458727,0.13419486041756865,1.007209271735536,0,0.0,0,0.11499999999999855,0.5128763418709414,0.08000099999999943,0.08000099999999943,95.62131610346265,20.202756103517395,0.7699081834668742,1061.2648341947772,0.20873661308704608,0.7745724194479003,0.0,7.000000000000001,39.760000000000005,4,2,16290,576.6172000439838,297.53471486696475,297.57708774502,-0.04237287805523238,0.0001423929455601761,0.0001423929455601761
SP5_MC_explicit_control_law,formation_corridor_push,formation_corridor_push_v00,6650,ours_tensor_game_push,Ours tensor-game push,model_based,decentralized,proposed,smooth_tensor_game_wrench_push,proposed_model_based_decentralized_push_drag,model_based_tuning_optional,distributed_tensor_game_wrench_transport,local_tensor_field_and_wrench_residual,0,9,False,False,smith_wrench_pairs_guarded,push_drag,push_drag,load-01,1,6,2,24.0,2,2,0.3,0.85,0.2,0.08726646259971647,0.14,76.0,7.0,inf,True,True,False,False,1.1881493125999947,0.00010567149805318365,0.006054530853272319,6.818959206065121,0.9764243614931237,0.023575638506876273,4.5226326696782655,0.33363901529832907,0.5260644426607,1.0,0,0.0,0,0.11499999999999899,0.11499999999999982,0.08000002315404764,0.08000002315404764,121.71196059320911,24.710507049417753,0.6294596554241846,1257.9470646726872,0.2655417219747804,0.7917851398800759,0.0,4.760000000000001,76.0,4,2,16290,1324.8234000056982,-36.93844924136805,297.57708774502,-334.51553698638804,1.0,1.0
SP5_MC_explicit_control_law,formation_corridor_push,formation_corridor_push_v00,6650,ours_explicit_vgne_cbf_push,Ours explicit vGNE-CBF push,model_based,decentralized,proposed,closed_form_explicit_vgne_cbf_push,proposed_model_based_decentralized_push_drag,closed_form_model_based,distributed_explicit_vgne_cbf_transport,local_contact_geometry_consensus_scalars_and_wrench_residual,0,10,False,False,support_dual_wrench_market_guarded,push_drag,push_drag,load-01,1,6,2,24.0,2,2,0.3,0.85,0.2,0.08726646259971647,0.14,76.0,7.0,inf,True,True,False,False,4.163589945487917,1.7136883023738392e-09,9.818710712695984e-08,7.185315086986636,0.9655172413793104,0.03448275862068961,7.723652512167126,0.6477718991719285,0.8262948970513921,1.2084771352750359,0,0.0,0,0.2792445679518737,0.35500609056582216,0.0800000662510102,0.08000000614223102,77.63706609091047,22.39652655630199,0.6944946223505665,779.2228561805712,0.16905181590345986,0.7535959197534084,0.0,7.000000000000001,76.0,3,3,16290,1161.0627999762073,-51.07351777973389,297.57708774502,-348.65060552475387,1.0,1.0
SP5_MC_explicit_control_law,formation_corridor_push,formation_corridor_push_v00,6650,ours_explicit_vgne_cbf_cargo,Ours explicit vGNE-CBF cargo,model_based,decentralized,proposed,closed_form_explicit_vgne_cbf_cargo,proposed_model_based_decentralized_cargo,closed_form_model_based,distributed_explicit_vgne_cbf_caging_transport,local_contact_geometry_consensus_scalars_and_wrench_residual,0,10,False,False,support_dual_wrench_market_guarded,cargo,push_drag,load-01,1,6,2,24.0,2,2,0.3,0.85,0.2,0.08726646259971647,0.14,76.0,7.0,inf,True,True,True,True,8.404733693337434e-12,1.3322676295501878e-15,7.63333123551244e-14,4.983581106326109,0.9695740365111561,0.030425963488843855,7.723652512167126,0.6228477737563235,0.14815767573681884,1.2368597306770508,0,0.0,0,0.4127694299490118,0.695352702899829,0.08000099999999966,0.08000099999999966,63.83053116908397,17.84572003702172,0.8715965071969851,639.2534891017026,0.13883793520968676,0.7699784397480477,0.0,7.000000000000001,41.440000000000005,3,3,16290,638.7521000579,306.86899598882866,297.57708774502,9.291908243808678,0.0,0.0
SP5_MC_explicit_control_law,formation_corridor_push,formation_corridor_push_v00,6650,ours_hamiltonian_cargo,Ours Hamiltonian cargo,model_based,decentralized,proposed,hamiltonian_tensor_cargo,proposed_model_based_decentralized_cargo,model_based_tuning_optional,distributed_hamiltonian_cargo_transport,local_energy_wrench_formation_game,0,9,False,False,support_dual_wrench_market_guarded,cargo,push_drag,load-01,1,6,2,24.0,2,2,0.3,0.85,0.2,0.08726646259971647,0.14,76.0,7.0,inf,True,True,True,True,0.0004700413658927456,3.360707268029728e-10,1.9255434263704453e-08,5.044476927501951,0.9675456389452333,0.032454361054766734,7.723652512167126,0.6282816052679852,0.1389320396499156,1.0112419012886678,0,0.0,0,0.4141404386625861,0.6556819305218573,0.08000099999999966,0.08000099999999966,68.26285286003872,19.30269110559684,0.8058082247492114,684.7358445670375,0.14853751874206308,0.7699784397480476,0.0,7.000000000000001,40.74,3,3,16290,569.1564000444487,305.85346167184343,297.57708774502,8.276373926823453,0.0,0.0
SP5_MC_explicit_control_law,formation_corridor_push,formation_corridor_push_v00,6650,reference_centralized_mpc_cbf_cargo,Reference centralized MPC-CBF cargo,model_based_reference,centralized,reference,time_expanded_mpc_cbf_cargo,reference_model_based_reference_centralized_cargo,none,centralized_reference_mpc_cbf_cargo,global_state_and_time_expanded_constraints,0,10,False,False,wrench_oracle,cargo,push_drag,load-01,1,6,2,24.0,2,2,0.3,0.85,0.2,0.08726646259971647,0.14,76.0,7.0,inf,True,True,True,True,0.00048793590204526113,1.5576873124700796e-11,8.924890880561145e-10,4.995553398495632,0.9797160243407708,0.020283975659229236,7.099902066619287,0.540744485181194,0.12593722014335243,1.0,0,0.0,0,0.1476458629430918,0.6909943182867442,0.08000099999999966,0.08000099999999966,94.44462933359972,19.99107214651908,0.7780606832231232,1051.7924886588723,0.20583307299968095,0.826210580744427,0.0,7.000000000000001,41.160000000000004,4,2,16290,1512.929999968037,297.57708774502,297.57708774502,0.0,0.0,0.0
SP5_MC_explicit_control_law,formation_corridor_push,formation_corridor_push_v00,6651,classic_decentralized_apf_push,Classic decentralized APF push,classic,decentralized,baseline,apf_push_drag,baseline_classic_decentralized_push_drag,none,distributed_apf_payload_tracking,local_obstacle_and_slot_state,0,3,False,False,greedy_capacity,push_drag,push_drag,load-01,1,6,2,24.0,2,2,0.3,0.85,0.2,0.08726646259971647,0.14,76.0,7.0,inf,True,True,False,False,3.8239045504850777,0.014191168360185635,0.8130940533982262,5.891275949188096,1.0,0.0,2.0292780114704327,0.13694168198362777,0.3064451682060878,1.0,0,0.0,0,0.11499999999999877,0.11500000000000005,0.08000006096113788,0.08000001050510042,48.704342621814725,22.835387218755425,0.681386912675114,606.5501930231701,0.10636561546600444,0.7220819773784729,0.0,2.1,42.00000000000001,2,4,16290,734.3211999395862,-12.215965973053734,292.12019786102735,-304.3361638340811,1.0,1.0
SP5_MC_explicit_control_law,formation_corridor_push,formation_corridor_push_v00,6651,sota_centralized_cbf_push,SOTA centralized CBF push,sota,centralized,baseline,cbf_payload_push_drag,baseline_sota_centralized_push_drag,none,centralized_cbf_payload_velocity_projection,global_payload_robot_traffic_state,0,6,False,False,wrench_greedy,push_drag,push_drag,load-01,1,6,2,24.0,2,2,0.3,0.85,0.2,0.08726646259971647,0.14,76.0,7.0,inf,True,True,False,False,10.593980784983335,7.896586455835575e-07,4.524410764795473e-05,11.280121771937946,0.947261663286004,0.05273833671399597,4.71171732034173,0.4674652117646687,0.8541052941148536,1.0,0,0.0,0,0.11499999999999899,0.11500000000000005,0.11499999999999982,0.10799105782128593,58.07258193993935,10.039263576709242,1.0,616.178012196619,0.12744723130850735,0.8046309160030054,0.0,7.000000000000001,76.0,4,2,16290,1114.9820000864565,-105.20318416208376,292.12019786102735,-397.3233820231111,1.0,1.0
SP5_MC_explicit_control_law,formation_corridor_push,formation_corridor_push_v00,6651,sota_decentralized_vo_push,SOTA decentralized VO push,sota,decentralized,baseline,velocity_obstacle_push_drag,baseline_sota_decentralized_push_drag,none,distributed_velocity_obstacle_payload_tracking,local_relative_traffic_state,0,6,False,False,cbba_wrench_score,push_drag,push_drag,load-01,1,6,2,24.0,2,2,0.3,0.85,0.2,0.08726646259971647,0.14,76.0,7.0,inf,True,True,False,False,4.571386053570862,0.0030138108299948563,0.1726786408095249,8.794441420375795,0.9249492900608519,0.07505070993914809,4.71171732034173,0.5212157158088713,0.7109064794262289,1.0002434984138342,0,0.0,0,0.11499999999999888,0.11500000000000005,0.08000099999999954,0.08000099999999932,94.76749706751183,19.43624261934048,0.8005525708577772,1025.7679974800703,0.20775715653647206,0.7696469631333095,0.0,7.000000000000001,76.0,4,2,16290,1102.460699970834,-64.6939059632097,292.12019786102735,-356.81410382423707,1.0,1.0
SP5_MC_explicit_control_law,formation_corridor_push,formation_corridor_push_v00,6651,sota_decentralized_vo_cargo,SOTA decentralized VO cargo,sota,decentralized,baseline,velocity_obstacle_cargo,baseline_sota_decentralized_cargo,none,distributed_velocity_obstacle_cargo_transport,local_relative_traffic_state,0,6,False,False,cbba_wrench_score,cargo,push_drag,load-01,1,6,2,24.0,2,2,0.3,0.85,0.2,0.08726646259971647,0.14,76.0,7.0,inf,True,True,True,True,0.0009150551041464045,2.9442892568454226e-10,1.6869534808295234e-08,4.958642903267453,0.8843813387423936,0.11561866125760645,4.71171732034173,0.48117493365899433,0.12275685691219712,1.0,0,0.0,0,0.1149999999999991,0.11500000000000005,0.08000099999999943,0.08000099999999943,91.14011052875037,19.55677018038882,0.7956187986670489,996.002492627003,0.19993321363032476,0.7450475316810696,0.0,7.000000000000001,41.160000000000004,4,2,16290,576.034800033085,289.7807418725912,292.12019786102735,-2.339455988436157,0.008008538969801481,0.008008538969801481
SP5_MC_explicit_control_law,formation_corridor_push,formation_corridor_push_v00,6651,ours_tensor_game_push,Ours tensor-game push,model_based,decentralized,proposed,smooth_tensor_game_wrench_push,proposed_model_based_decentralized_push_drag,model_based_tuning_optional,distributed_tensor_game_wrench_transport,local_tensor_field_and_wrench_residual,0,9,False,False,smith_wrench_pairs_guarded,push_drag,push_drag,load-01,1,6,2,24.0,2,2,0.3,0.85,0.2,0.08726646259971647,0.14,76.0,7.0,inf,True,True,False,False,10.732932253649443,4.62692884006799e-08,2.651034946432573e-06,11.317916961937188,0.9537223340040242,0.046277665995975825,4.71171732034173,0.4306967102414935,0.8698520962509124,1.0,0,0.0,0,0.1149999999999991,0.11500000000000005,0.11499999999999982,0.16746647149010596,68.7955593884555,10.036515752960437,1.0,735.9131531958576,0.15036815394221942,0.8046309160030055,0.0,6.44,76.0,4,2,16290,1199.8529999982566,-109.20692791358215,292.12019786102735,-401.3271257746095,1.0,1.0
SP5_MC_explicit_control_law,formation_corridor_push,formation_corridor_push_v00,6651,ours_explicit_vgne_cbf_push,Ours explicit vGNE-CBF push,model_based,decentralized,proposed,closed_form_explicit_vgne_cbf_push,proposed_model_based_decentralized_push_drag,closed_form_model_based,distributed_explicit_vgne_cbf_transport,local_contact_geometry_consensus_scalars_and_wrench_residual,0,10,False,False,support_dual_wrench_market_guarded,push_drag,push_drag,load-01,1,6,2,24.0,2,2,0.3,0.85,0.2,0.08726646259971647,0.14,76.0,7.0,inf,True,True,False,False,3.7351397777813937,0.013206961346889035,0.7567031453691548,6.46085512719777,0.9567779960707269,0.04322200392927311,3.3945597519441133,0.3083314502307798,0.7940478980301872,1.015349835076744,0,0.0,0,0.11499999995218535,0.11500000000000005,0.08000099999999954,0.08000099999999932,80.35517728017474,23.607461316545383,0.6591023824244675,863.8803073247144,0.17536891802418522,0.8046309160030054,0.0,4.2,76.0,3,3,16290,1414.9903000798076,-49.790569275885524,292.12019786102735,-341.91076713691285,1.0,1.0
SP5_MC_explicit_control_law,formation_corridor_push,formation_corridor_push_v00,6651,ours_explicit_vgne_cbf_cargo,Ours explicit vGNE-CBF cargo,model_based,decentralized,proposed,closed_form_explicit_vgne_cbf_cargo,proposed_model_based_decentralized_cargo,closed_form_model_based,distributed_explicit_vgne_cbf_caging_transport,local_contact_geometry_consensus_scalars_and_wrench_residual,0,10,False,False,support_dual_wrench_market_guarded,cargo,push_drag,load-01,1,6,2,24.0,2,2,0.3,0.85,0.2,0.08726646259971647,0.14,76.0,7.0,inf,True,True,True,True,1.3647236714436007e-11,1.3322676295501878e-15,7.63333123551244e-14,4.668289188800987,0.9803921568627451,0.019607843137254943,3.3945597519441133,0.2673003916877138,0.09081563936673656,1.0,0,0.0,0,0.11499999999999944,0.11500000000000005,0.08000099999999954,0.08000099999999954,67.97244621340755,19.794281411719265,0.786072182823284,728.8614521268479,0.14854094298214274,0.8221228924378533,0.0,4.0600000000000005,42.14,3,3,16290,713.6095999740064,305.55087715790233,292.12019786102735,13.430679296874985,0.0,0.0
SP5_MC_explicit_control_law,formation_corridor_push,formation_corridor_push_v00,6651,ours_hamiltonian_cargo,Ours Hamiltonian cargo,model_based,decentralized,proposed,hamiltonian_tensor_cargo,proposed_model_based_decentralized_cargo,model_based_tuning_optional,distributed_hamiltonian_cargo_transport,local_energy_wrench_formation_game,0,9,False,False,support_dual_wrench_market_guarded,cargo,push_drag,load-01,1,6,2,24.0,2,2,0.3,0.85,0.2,0.08726646259971647,0.14,76.0,7.0,inf,True,True,True,True,0.0003764444735083601,1.0111993020700538e-08,5.793745225518853e-07,4.652872638406108,0.931640625,0.068359375,3.3945597519441133,0.3033631798105329,0.08493068296494116,1.0,0,0.0,0,0.11499999999999921,0.11500000000000005,0.08000099999999932,0.08000003758897378,73.66417781260654,21.99254092208072,0.7075005135539567,793.5752638777681,0.16099738448256665,0.8221228924378533,0.0,4.0600000000000005,41.160000000000004,3,3,16290,670.5736999865621,299.85001601992013,292.12019786102735,7.729818158892783,0.0,0.0
SP5_MC_explicit_control_law,formation_corridor_push,formation_corridor_push_v00,6651,reference_centralized_mpc_cbf_cargo,Reference centralized MPC-CBF cargo,model_based_reference,centralized,reference,time_expanded_mpc_cbf_cargo,reference_model_based_reference_centralized_cargo,none,centralized_reference_mpc_cbf_cargo,global_state_and_time_expanded_constraints,0,10,False,False,wrench_oracle,cargo,push_drag,load-01,1,6,2,24.0,2,2,0.3,0.85,0.2,0.08726646259971647,0.14,76.0,7.0,inf,True,True,True,True,0.0003159599245908965,7.44293515708705e-12,4.2644877169062835e-10,4.825291984529193,0.9313725490196079,0.06862745098039214,3.5927889499603074,0.30481185152599793,0.0887452823053145,1.0,0,0.0,0,0.42510396501280867,0.11500000000000005,0.08000099999999977,0.08000099999999977,95.37483343972617,20.473573726765068,0.759991108752416,1039.9900531024537,0.20851880013165078,0.8396148688727012,0.0,4.340000000000001,42.28,4,2,16290,1490.7010999741033,292.12019786102735,292.12019786102735,0.0,0.0,0.0
SP5_MC_explicit_control_law,formation_corridor_push,formation_corridor_push_v00,6652,classic_decentralized_apf_push,Classic decentralized APF push,classic,decentralized,baseline,apf_push_drag,baseline_classic_decentralized_push_drag,none,distributed_apf_payload_tracking,local_obstacle_and_slot_state,0,3,False,False,greedy_capacity,push_drag,push_drag,load-01,1,6,2,24.0,2,2,0.3,0.85,0.2,0.08726646259971647,0.14,76.0,7.0,inf,True,True,False,False,3.375429965255651,0.22346813023223655,12.803780717986992,6.661677917416407,0.8327067669172933,0.16729323308270672,2.648485381698256,0.47025104235087634,0.4384669264642413,1.0198461067954727,0,0.0,1,0.1150000000000001,0.1772204693255302,0.0800000080038108,0.07999158502168946,61.48453343111184,28.616508457063865,0.5515241825685862,610.7127621436154,0.13455123737550703,0.7727322034034738,0.0,1.54,76.0,2,4,16290,885.9259999589995,-55.68992233766177,300.7171132333677,-356.40703557102944,1.0,1.0
SP5_MC_explicit_control_law,formation_corridor_push,formation_corridor_push_v00,6652,sota_centralized_cbf_push,SOTA centralized CBF push,sota,centralized,baseline,cbf_payload_push_drag,baseline_sota_centralized_push_drag,none,centralized_cbf_payload_velocity_projection,global_payload_robot_traffic_state,0,6,False,False,wrench_greedy,push_drag,push_drag,load-01,1,6,2,24.0,2,2,0.3,0.85,0.2,0.08726646259971647,0.14,76.0,7.0,inf,True,True,False,False,2.7100643327073866,1.5160585781881508e-05,0.0008686375802478537,7.58560645794967,0.9745098039215686,0.025490196078431393,4.31495935446199,0.34062861077533313,0.5721858568064034,1.0,0,0.0,0,0.1149999996570571,0.12187626428471049,0.4107705324499449,0.08000099999999932,91.8808310229459,19.15514365053904,0.8239403850309963,780.4538081088663,0.20216254575449139,0.8078563944672681,0.0,4.62,76.0,4,2,16290,1134.1629999224097,-39.71641579379819,300.7171132333677,-340.4335290271659,1.0,1.0
SP5_MC_explicit_control_law,formation_corridor_push,formation_corridor_push_v00,6652,sota_decentralized_vo_push,SOTA decentralized VO push,sota,decentralized,baseline,velocity_obstacle_push_drag,baseline_sota_decentralized_push_drag,none,distributed_velocity_obstacle_payload_tracking,local_relative_traffic_state,0,6,False,False,cbba_wrench_score,push_drag,push_drag,load-01,1,6,2,24.0,2,2,0.3,0.85,0.2,0.08726646259971647,0.14,76.0,7.0,inf,True,True,False,False,2.440369092390623,8.06213894444241e-06,0.0004619265353646066,6.730790591242275,0.9625984251968503,0.03740157480314965,4.31495935446199,0.33938317354777786,0.4720883882007423,1.0,0,0.0,0,0.11499999966032237,0.20538270644206041,0.08000099999999943,0.0800009999999991,91.41825327125056,19.15829696477258,0.8238047705268218,778.4206926200357,0.2009776269020251,0.7727322034034738,0.0,4.9,76.0,4,2,16290,1124.8095000628382,-38.312950456581355,300.7171132333677,-339.03006368994903,1.0,1.0
SP5_MC_explicit_control_law,formation_corridor_push,formation_corridor_push_v00,6652,sota_decentralized_vo_cargo,SOTA decentralized VO cargo,sota,decentralized,baseline,velocity_obstacle_cargo,baseline_sota_decentralized_cargo,none,distributed_velocity_obstacle_cargo_transport,local_relative_traffic_state,0,6,False,False,cbba_wrench_score,cargo,push_drag,load-01,1,6,2,24.0,2,2,0.3,0.85,0.2,0.08726646259971647,0.14,76.0,7.0,inf,True,True,True,True,0.0013256199531347405,8.862413025667593e-10,5.0777886267251915e-08,4.848206298126062,1.0,0.0,4.31495935446199,0.25612213797939093,0.09762870274178088,1.0,0,0.0,0,0.11499999964374252,0.5502091225962755,0.08000099999999966,0.08000099999999966,91.48133620348041,19.915803377461224,0.7924709907816476,787.8432688455158,0.20137981097740545,0.7902942989353708,0.0,4.760000000000001,41.86000000000001,4,2,16290,596.6329999500886,302.6723096616968,300.7171132333677,1.9551964283290886,0.0,0.0
SP5_MC_explicit_control_law,formation_corridor_push,formation_corridor_push_v00,6652,ours_tensor_game_push,Ours tensor-game push,model_based,decentralized,proposed,smooth_tensor_game_wrench_push,proposed_model_based_decentralized_push_drag,model_based_tuning_optional,distributed_tensor_game_wrench_transport,local_tensor_field_and_wrench_residual,0,9,False,False,smith_wrench_pairs_guarded,push_drag,push_drag,load-01,1,6,2,24.0,2,2,0.3,0.85,0.2,0.08726646259971647,0.14,76.0,7.0,inf,True,True,False,False,2.3634665499393233,0.00012887608631872993,0.0073840558262269155,7.470689733862168,0.9213051823416507,0.07869481765834929,2.5959348770580277,0.3504010647074004,0.5773095351595884,1.0658001923118094,0,0.0,0,0.11499999999999977,0.11758402294618248,0.08000008171298156,0.08000002165329123,128.31033546597473,25.88128776217974,0.6098110951732624,951.1117250946287,0.2817320721042836,0.8078563944672681,0.0,3.08,76.0,4,2,16290,1419.1936999559402,-50.25872748156182,300.7171132333677,-350.9758407149295,1.0,1.0
SP5_MC_explicit_control_law,formation_corridor_push,formation_corridor_push_v00,6652,ours_explicit_vgne_cbf_push,Ours explicit vGNE-CBF push,model_based,decentralized,proposed,closed_form_explicit_vgne_cbf_push,proposed_model_based_decentralized_push_drag,closed_form_model_based,distributed_explicit_vgne_cbf_transport,local_contact_geometry_consensus_scalars_and_wrench_residual,0,10,False,False,support_dual_wrench_market_guarded,push_drag,push_drag,load-01,1,6,2,24.0,2,2,0.3,0.85,0.2,0.08726646259971647,0.14,76.0,7.0,inf,True,True,False,False,3.790933281120775,5.993109712187916e-05,0.003433798926672311,6.920762359603562,1.0,0.0,4.46379520409564,0.26620885995708604,0.7942535644720773,1.0000001005436214,0,0.0,1,0.11499999999999944,0.32085906052236984,0.08000006414908101,0.07968218721249642,78.84818099025397,22.792230953685138,0.6924594817778192,634.4508445716688,0.17305309478752787,0.8078563944672681,0.0,4.760000000000001,76.0,3,3,16290,1182.7996999491006,-42.92556100294091,300.7171132333677,-343.6426742363086,1.0,1.0
SP5_MC_explicit_control_law,formation_corridor_push,formation_corridor_push_v00,6652,ours_explicit_vgne_cbf_cargo,Ours explicit vGNE-CBF cargo,model_based,decentralized,proposed,closed_form_explicit_vgne_cbf_cargo,proposed_model_based_decentralized_cargo,closed_form_model_based,distributed_explicit_vgne_cbf_caging_transport,local_contact_geometry_consensus_scalars_and_wrench_residual,0,10,False,False,support_dual_wrench_market_guarded,cargo,push_drag,load-01,1,6,2,24.0,2,2,0.3,0.85,0.2,0.08726646259971647,0.14,76.0,7.0,inf,True,True,True,True,2.4661205952847296e-11,1.3322676295501878e-15,7.63333123551244e-14,4.856083927328179,1.0,0.0,4.46379520409564,0.2520450350695757,0.09943118525554474,1.0,0,0.0,0,0.11499999999999932,0.7182842999961274,0.08000099999999954,0.08000099999999954,66.12895129812487,18.579938296165658,0.8494482695890468,529.5099457636019,0.14526002048391182,0.8254184899991651,0.0,4.760000000000001,42.980000000000004,3,3,16290,684.037100058049,309.5076694169523,300.7171132333677,8.790556183584613,0.0,0.0
SP5_MC_explicit_control_law,formation_corridor_push,formation_corridor_push_v00,6652,ours_hamiltonian_cargo,Ours Hamiltonian cargo,model_based,decentralized,proposed,hamiltonian_tensor_cargo,proposed_model_based_decentralized_cargo,model_based_tuning_optional,distributed_hamiltonian_cargo_transport,local_energy_wrench_formation_game,0,9,False,False,support_dual_wrench_market_guarded,cargo,push_drag,load-01,1,6,2,24.0,2,2,0.3,0.85,0.2,0.08726646259971647,0.14,76.0,7.0,inf,True,True,True,True,1.771343371494684e-05,6.59650112311283e-12,3.7795167390767263e-10,4.922785479370502,1.0,0.0,4.46379520409564,0.24774372356836394,0.09318298274919518,1.0,0,0.0,0,0.11499999999999955,0.698050074781164,0.08000099999999966,0.08000099999999966,70.11689853260887,20.009153927653088,0.7887738028211752,563.730656857244,0.15398410229399967,0.8254184899991651,0.0,4.760000000000001,42.42,3,3,16290,599.9672000762075,308.79903096082126,300.7171132333677,8.081917727453572,0.0,0.0
SP5_MC_explicit_control_law,formation_corridor_push,formation_corridor_push_v00,6652,reference_centralized_mpc_cbf_cargo,Reference centralized MPC-CBF cargo,model_based_reference,centralized,reference,time_expanded_mpc_cbf_cargo,reference_model_based_reference_centralized_cargo,none,centralized_reference_mpc_cbf_cargo,global_state_and_time_expanded_constraints,0,10,False,False,wrench_oracle,cargo,push_drag,load-01,1,6,2,24.0,2,2,0.3,0.85,0.2,0.08726646259971647,0.14,76.0,7.0,inf,True,True,True,True,0.00010319590022434268,5.716316309190006e-12,3.275207988783871e-10,4.767128465569945,1.0,0.0,2.5959348770580277,0.1725549995333897,0.07395373725486211,1.0,0,0.0,0,0.11499999968421115,0.7445161139548186,0.08000099999999966,0.08000099999999966,95.95865749552638,21.08389250615505,0.7485665386570206,814.5333045193872,0.2098404503408001,0.8429805855310623,0.0,2.9400000000000004,42.980000000000004,4,2,16290,1508.670200011693,300.7171132333677,300.7171132333677,0.0,0.0,0.0
SP5_MC_explicit_control_law,formation_corridor_push,formation_corridor_push_v00,6653,classic_decentralized_apf_push,Classic decentralized APF push,classic,decentralized,baseline,apf_push_drag,baseline_classic_decentralized_push_drag,none,distributed_apf_payload_tracking,local_obstacle_and_slot_state,0,3,False,False,greedy_capacity,push_drag,push_drag,load-01,1,6,2,24.0,2,2,0.3,0.85,0.2,0.08726646259971647,0.14,76.0,7.0,inf,True,True,False,False,11.49137871867611,1.6435759638466205,94.16996603755773,12.859363173574948,0.8336713995943205,0.16632860040567954,11.62509078071113,1.3692070019100766,0.9199677415582614,1.0183938894648807,0,0.0,0,0.11499999999999877,0.8237572731903839,0.11499999999999971,3.2144715730537605,26.07897218347381,6.225628570135909,1.0,276.9871001549243,0.055041122930540975,0.7050697128749293,0.0,7.000000000000001,76.0,2,4,16290,1317.4948000814766,-143.8260530507481,301.5800448007831,-445.40609785153123,1.0,1.0
SP5_MC_explicit_control_law,formation_corridor_push,formation_corridor_push_v00,6653,sota_centralized_cbf_push,SOTA centralized CBF push,sota,centralized,baseline,cbf_payload_push_drag,baseline_sota_centralized_push_drag,none,centralized_cbf_payload_velocity_projection,global_payload_robot_traffic_state,0,6,False,False,wrench_greedy,push_drag,push_drag,load-01,1,6,2,24.0,2,2,0.3,0.85,0.2,0.08726646259971647,0.14,76.0,7.0,inf,True,True,False,False,2.888653673935513,3.697882068109948e-05,0.0021187303563980843,7.603026702594526,0.9683794466403162,0.031620553359683834,4.366722476027343,0.3611078048139994,0.573825325830318,1.0,0,0.0,0,0.11499999999999855,0.11944892586813932,0.11499999999999971,0.08000099999999977,91.33446504374044,18.736979311160525,0.8380512605521167,813.3111309522849,0.19784616060528615,0.7442360628792041,0.0,5.180000000000001,76.0,4,2,16290,1137.8021000418812,-42.20243853266254,301.5800448007831,-343.78248333344567,1.0,1.0
SP5_MC_explicit_control_law,formation_corridor_push,formation_corridor_push_v00,6653,sota_decentralized_vo_push,SOTA decentralized VO push,sota,decentralized,baseline,velocity_obstacle_push_drag,baseline_sota_decentralized_push_drag,none,distributed_velocity_obstacle_payload_tracking,local_relative_traffic_state,0,6,False,False,cbba_wrench_score,push_drag,push_drag,load-01,1,6,2,24.0,2,2,0.3,0.85,0.2,0.08726646259971647,0.14,76.0,7.0,inf,True,True,False,False,2.5659638219313483,1.099273966476133e-05,0.0006298375880768797,6.809718544653495,0.9545454545454546,0.045454545454545414,4.366722476027343,0.35674637407848164,0.4776936386192383,1.000000000003683,0,0.0,0,0.11499999999999877,0.2157263675199042,0.08000099999999954,0.08000099999999932,91.66316112558127,18.98062040431004,0.8272937762925462,817.7023090658013,0.19849713697391017,0.7118779731888039,0.0,5.180000000000001,76.0,4,2,16290,1112.1821999549866,-40.72385079627215,301.5800448007831,-342.30389559705526,1.0,1.0
SP5_MC_explicit_control_law,formation_corridor_push,formation_corridor_push_v00,6653,sota_decentralized_vo_cargo,SOTA decentralized VO cargo,sota,decentralized,baseline,velocity_obstacle_cargo,baseline_sota_decentralized_cargo,none,distributed_velocity_obstacle_cargo_transport,local_relative_traffic_state,0,6,False,False,cbba_wrench_score,cargo,push_drag,load-01,1,6,2,24.0,2,2,0.3,0.85,0.2,0.08726646259971647,0.14,76.0,7.0,inf,True,True,True,True,0.001326766520057699,9.144116575043881e-10,5.239192871256357e-08,4.866489611198976,1.0,0.0,4.366722476027343,0.26645247403394545,0.10101958648864899,1.0,0,0.0,0,0.11499999999999877,0.5387365210052024,0.08000099999999954,0.08000099999999954,92.5012378266919,19.88636196407831,0.7896139655418761,834.3433178653872,0.20030547742127666,0.7280570180340041,0.0,5.040000000000001,41.86000000000001,4,2,16290,562.38460005261,301.93071646167095,301.5800448007831,0.3506716608878264,0.0,0.0
SP5_MC_explicit_control_law,formation_corridor_push,formation_corridor_push_v00,6653,ours_tensor_game_push,Ours tensor-game push,model_based,decentralized,proposed,smooth_tensor_game_wrench_push,proposed_model_based_decentralized_push_drag,model_based_tuning_optional,distributed_tensor_game_wrench_transport,local_tensor_field_and_wrench_residual,0,9,False,False,smith_wrench_pairs_guarded,push_drag,push_drag,load-01,1,6,2,24.0,2,2,0.3,0.85,0.2,0.08726646259971647,0.14,76.0,7.0,inf,True,True,False,False,2.1646104186543385,2.3246690714628926e-06,0.0001331937265594197,6.572167288699474,0.968503937007874,0.03149606299212604,4.366722476027343,0.3234948805342488,0.49385518358567626,1.0,0,0.0,0,0.11499999999999877,0.2106037120142295,0.08000099999999943,0.08000099999999943,93.08297504122483,18.839794390657154,0.8334777336234658,824.1793815547951,0.20160934762787616,0.7442360628792041,0.0,4.9,76.0,4,2,16290,1279.5180999673903,-36.11874968226232,301.5800448007831,-337.69879448304545,1.0,1.0
SP5_MC_explicit_control_law,formation_corridor_push,formation_corridor_push_v00,6653,ours_explicit_vgne_cbf_push,Ours explicit vGNE-CBF push,model_based,decentralized,proposed,closed_form_explicit_vgne_cbf_push,proposed_model_based_decentralized_push_drag,closed_form_model_based,distributed_explicit_vgne_cbf_transport,local_contact_geometry_consensus_scalars_and_wrench_residual,0,10,False,False,support_dual_wrench_market_guarded,push_drag,push_drag,load-01,1,6,2,24.0,2,2,0.3,0.85,0.2,0.08726646259971647,0.14,76.0,7.0,inf,True,True,False,False,3.6106633417100125,1.339107992048838e-06,7.672523625663662e-05,7.766767769767067,0.8093306288032455,0.19066937119675453,12.282555894624645,1.5331886670258217,0.8214814668806436,1.2084771352750359,0,0.0,0,0.11499999999999877,0.49963910184349075,0.08000099999999921,0.08000099999999921,74.6910179002139,18.865271725886174,0.8323521314093025,813.5619870078768,0.16189425710927313,0.7371183361874261,0.0,7.000000000000001,76.0,3,3,16290,1131.504400051199,-60.816711509158665,301.5800448007831,-362.3967563099418,1.0,1.0
SP5_MC_explicit_control_law,formation_corridor_push,formation_corridor_push_v00,6653,ours_explicit_vgne_cbf_cargo,Ours explicit vGNE-CBF cargo,model_based,decentralized,proposed,closed_form_explicit_vgne_cbf_cargo,proposed_model_based_decentralized_cargo,closed_form_model_based,distributed_explicit_vgne_cbf_caging_transport,local_contact_geometry_consensus_scalars_and_wrench_residual,0,10,False,False,support_dual_wrench_market_guarded,cargo,push_drag,load-01,1,6,2,24.0,2,2,0.3,0.85,0.2,0.08726646259971647,0.14,76.0,7.0,inf,True,True,True,True,1.2053858285615747e-10,1.3322676295501878e-15,7.63333123551244e-14,6.0864440555873625,0.8255578093306288,0.17444219066937117,12.282555894624645,1.47854745430584,0.2561264238185531,1.2368597306770508,0,0.0,0,0.11499999999999877,0.8237572731903839,0.11499999999999971,0.34582295860294376,64.11476405633142,15.743856029620684,0.9973763162667417,694.5062495636586,0.13954867175228963,0.7531426478436745,0.0,7.000000000000001,45.36000000000001,3,3,16290,709.0580000076443,289.53325936042137,301.5800448007831,-12.04678544036176,0.03994556552413669,0.03994556552413669
SP5_MC_explicit_control_law,formation_corridor_push,formation_corridor_push_v00,6653,ours_hamiltonian_cargo,Ours Hamiltonian cargo,model_based,decentralized,proposed,hamiltonian_tensor_cargo,proposed_model_based_decentralized_cargo,model_based_tuning_optional,distributed_hamiltonian_cargo_transport,local_energy_wrench_formation_game,0,9,False,False,support_dual_wrench_market_guarded,cargo,push_drag,load-01,1,6,2,24.0,2,2,0.3,0.85,0.2,0.08726646259971647,0.14,76.0,7.0,inf,True,True,True,True,0.0009738456313680115,4.965383659794043e-10,2.8449552736942122e-08,6.101576414567769,0.8640973630831643,0.13590263691683568,12.282555894624645,1.438045486845692,0.22068407598851558,1.0112419012886678,0,0.0,0,0.11499999999999877,0.8237572731903839,0.11499999999999971,0.35704627925093013,68.00690248963875,17.008130406256637,0.9232378136564995,739.1268151199382,0.1482910575177262,0.7531426478436744,0.0,7.000000000000001,44.38,3,3,16290,647.1418000292033,292.6847206437063,301.5800448007831,-8.8953241570768,0.02949573193064829,0.02949573193064829
SP5_MC_explicit_control_law,formation_corridor_push,formation_corridor_push_v00,6653,reference_centralized_mpc_cbf_cargo,Reference centralized MPC-CBF cargo,model_based_reference,centralized,reference,time_expanded_mpc_cbf_cargo,reference_model_based_reference_centralized_cargo,none,centralized_reference_mpc_cbf_cargo,global_state_and_time_expanded_constraints,0,10,False,False,wrench_oracle,cargo,push_drag,load-01,1,6,2,24.0,2,2,0.3,0.85,0.2,0.08726646259971647,0.14,76.0,7.0,inf,True,True,True,True,8.993154481944022e-06,3.1312730186527915e-12,1.7940872847199406e-10,5.107725374815709,1.0,0.0,4.278313565889404,0.30599999192187133,0.1095971304827727,1.0,0,0.0,0,0.11499999976078934,0.7483843626200328,0.11499999999999971,0.13159237385920153,90.82777093084219,19.16981894726952,0.8191287134140421,802.1562911015436,0.19712383015741963,0.7765941525696042,0.0,5.880000000000001,43.260000000000005,4,2,16290,1487.5761000439525,301.5800448007831,301.5800448007831,0.0,0.0,0.0
SP5_MC_explicit_control_law,formation_corridor_push,formation_corridor_push_v00,6654,classic_decentralized_apf_push,Classic decentralized APF push,classic,decentralized,baseline,apf_push_drag,baseline_classic_decentralized_push_drag,none,distributed_apf_payload_tracking,local_obstacle_and_slot_state,0,3,False,False,greedy_capacity,push_drag,push_drag,load-01,1,6,2,24.0,2,2,0.3,0.85,0.2,0.08726646259971647,0.14,76.0,7.0,inf,True,True,False,False,12.229549119011931,1.6329928662232778,93.56359920956525,13.33692078450415,0.8417849898580122,0.1582150101419878,12.225391088060126,1.3545538619581257,0.9541189686449673,1.0212289942480806,0,0.0,0,0.11499999999999821,1.2619071060127631,3.933725601332024,4.042374177839765,26.40967300521742,5.430691119924211,1.0,244.4149704433291,0.057105212172680254,0.7708360700955219,0.0,7.000000000000001,76.0,2,4,16290,1193.88770009391,-149.1769604128743,296.4298809115505,-445.60684132442486,1.0,1.0
SP5_MC_explicit_control_law,formation_corridor_push,formation_corridor_push_v00,6654,sota_centralized_cbf_push,SOTA centralized CBF push,sota,centralized,baseline,cbf_payload_push_drag,baseline_sota_centralized_push_drag,none,centralized_cbf_payload_velocity_projection,global_payload_robot_traffic_state,0,6,False,False,wrench_greedy,push_drag,push_drag,load-01,1,6,2,24.0,2,2,0.3,0.85,0.2,0.08726646259971647,0.14,76.0,7.0,inf,True,True,False,False,9.523505585942727,2.9608890672605526e-07,1.696464471604566e-05,10.564075814605012,0.9668615984405458,0.033138401559454245,3.9094159522241294,0.3692567899487219,0.8520808750629947,1.0,0,0.0,0,0.11499999999999855,0.3541880174721453,0.09080776534428048,0.08000099999999954,59.260098669964975,10.546647115825754,1.0,581.1470000293111,0.13074616601559014,0.7614698022454041,0.0,4.2,76.0,4,2,16290,1131.1939000152051,-93.50028551217845,296.4298809115505,-389.93016642372896,1.0,1.0
SP5_MC_explicit_control_law,formation_corridor_push,formation_corridor_push_v00,6654,sota_decentralized_vo_push,SOTA decentralized VO push,sota,decentralized,baseline,velocity_obstacle_push_drag,baseline_sota_decentralized_push_drag,none,distributed_velocity_obstacle_payload_tracking,local_relative_traffic_state,0,6,False,False,cbba_wrench_score,push_drag,push_drag,load-01,1,6,2,24.0,2,2,0.3,0.85,0.2,0.08726646259971647,0.14,76.0,7.0,inf,True,True,False,False,3.6896068003897584,0.0014377531059603932,0.08237718495335597,8.353864023724512,0.95703125,0.04296875,3.9094159522241294,0.34026870511368895,0.673940461982304,1.0,0,0.0,0,0.11499999999999821,0.17702723031782625,0.08000099999999988,0.08000099999999932,94.14319911940788,19.41352782492385,0.810393744751808,942.3078340252625,0.20705985028304233,0.7283624195390821,0.0,4.340000000000001,76.0,4,2,16290,1099.8508000047877,-52.56784185921168,296.4298809115505,-348.9977227707622,1.0,1.0
SP5_MC_explicit_control_law,formation_corridor_push,formation_corridor_push_v00,6654,sota_decentralized_vo_cargo,SOTA decentralized VO cargo,sota,decentralized,baseline,velocity_obstacle_cargo,baseline_sota_decentralized_cargo,none,distributed_velocity_obstacle_cargo_transport,local_relative_traffic_state,0,6,False,False,cbba_wrench_score,cargo,push_drag,load-01,1,6,2,24.0,2,2,0.3,0.85,0.2,0.08726646259971647,0.14,76.0,7.0,inf,True,True,True,True,0.000885569015670946,8.037903675983671e-10,4.605379567665543e-08,4.677851669936664,1.0,0.0,3.9094159522241294,0.2687304140075164,0.09285156471818716,1.0,0,0.0,0,0.11499999968547414,0.11500000000000005,0.08000011742039748,0.08000003526907618,102.34551465176581,22.017547182689256,0.7145483274019199,1029.2310740978908,0.22494561471480468,0.7449161108922431,0.0,4.2,41.02,4,2,16290,645.6251000054181,298.4540643378982,296.4298809115505,2.0241834263476903,0.0,0.0
SP5_MC_explicit_control_law,formation_corridor_push,formation_corridor_push_v00,6654,ours_tensor_game_push,Ours tensor-game push,model_based,decentralized,proposed,smooth_tensor_game_wrench_push,proposed_model_based_decentralized_push_drag,model_based_tuning_optional,distributed_tensor_game_wrench_transport,local_tensor_field_and_wrench_residual,0,9,False,False,smith_wrench_pairs_guarded,push_drag,push_drag,load-01,1,6,2,24.0,2,2,0.3,0.85,0.2,0.08726646259971647,0.14,76.0,7.0,inf,True,True,False,False,1.768181199840316,4.198123759779904e-05,0.0024053477330898154,7.117330080662014,0.9485714285714286,0.05142857142857138,2.5600968560436232,0.27662857653646666,0.5585723362474979,1.0,0,0.0,0,0.11499999999999888,0.11499999999999982,0.08000023284662838,0.08000002175774013,124.6417585769107,25.538668306783087,0.6160306138086641,1155.3514627649595,0.27320075711413083,0.7614698022454041,0.0,2.5200000000000005,76.0,4,2,16290,1325.9436000371352,-44.099834843577334,296.4298809115505,-340.5297157551279,1.0,1.0
SP5_MC_explicit_control_law,formation_corridor_push,formation_corridor_push_v00,6654,ours_explicit_vgne_cbf_push,Ours explicit vGNE-CBF push,model_based,decentralized,proposed,closed_form_explicit_vgne_cbf_push,proposed_model_based_decentralized_push_drag,closed_form_model_based,distributed_explicit_vgne_cbf_transport,local_contact_geometry_consensus_scalars_and_wrench_residual,0,10,False,False,support_dual_wrench_market_guarded,push_drag,push_drag,load-01,1,6,2,24.0,2,2,0.3,0.85,0.2,0.08726646259971647,0.14,76.0,7.0,inf,True,True,False,False,3.879907528492776,0.002157271115850179,0.12360253020369293,7.77218976652583,0.8864097363083164,0.11359026369168357,13.404533140114948,1.5383741871216363,0.8376178237517768,1.2084771352750359,0,0.0,0,0.11499999999999821,0.4861301769518425,0.08000099999999954,0.08000099999999954,77.0730179764058,19.67297777414653,0.799706160068896,770.7275922319334,0.16928842279363557,0.805874073281682,0.0,7.000000000000001,76.0,3,3,16290,1158.8973999023438,-55.87094802976647,296.4298809115505,-352.300828941317,1.0,1.0
SP5_MC_explicit_control_law,formation_corridor_push,formation_corridor_push_v00,6654,ours_explicit_vgne_cbf_cargo,Ours explicit vGNE-CBF cargo,model_based,decentralized,proposed,closed_form_explicit_vgne_cbf_cargo,proposed_model_based_decentralized_cargo,closed_form_model_based,distributed_explicit_vgne_cbf_caging_transport,local_contact_geometry_consensus_scalars_and_wrench_residual,0,10,False,False,support_dual_wrench_market_guarded,cargo,push_drag,load-01,1,6,2,24.0,2,2,0.3,0.85,0.2,0.08726646259971647,0.14,76.0,7.0,inf,True,True,True,True,2.438043970305406e-11,1.3322676295501878e-15,7.63333123551244e-14,5.829911985544252,0.8904665314401623,0.1095334685598377,13.404533140114948,1.4755145971671788,0.23730313775676,1.2368597306770508,0,0.0,0,0.11499999999999821,0.7359203555966405,0.14172691328707354,0.14172691328707354,64.62490966230553,15.815819133094495,0.9947383300535537,640.2951715935961,0.1416938779211234,0.8233930748747621,0.0,7.000000000000001,42.980000000000004,3,3,16290,744.3009000271559,298.04329468825784,296.4298809115505,1.6134137767073184,0.0,0.0
SP5_MC_explicit_control_law,formation_corridor_push,formation_corridor_push_v00,6654,ours_hamiltonian_cargo,Ours Hamiltonian cargo,model_based,decentralized,proposed,hamiltonian_tensor_cargo,proposed_model_based_decentralized_cargo,model_based_tuning_optional,distributed_hamiltonian_cargo_transport,local_energy_wrench_formation_game,0,9,False,False,support_dual_wrench_market_guarded,cargo,push_drag,load-01,1,6,2,24.0,2,2,0.3,0.85,0.2,0.08726646259971647,0.14,76.0,7.0,inf,True,True,True,True,0.00014185865368058587,2.2203705540846386e-10,1.2721786170417389e-08,5.850461927370408,0.8904665314401623,0.1095334685598377,13.404533140114948,1.4816045879011912,0.2114715013236189,1.0112419012886678,0,0.0,0,0.11499999980436659,0.7226515946398469,0.1880159364501851,0.1880159364501851,69.27425756968503,17.19852687282776,0.9147644812381961,687.5699465948637,0.15242531595404454,0.823393074874762,0.0,7.000000000000001,42.00000000000001,3,3,16290,693.5581000288948,297.37283803325397,296.4298809115505,0.9429571217034436,0.0,0.0
SP5_MC_explicit_control_law,formation_corridor_push,formation_corridor_push_v00,6654,reference_centralized_mpc_cbf_cargo,Reference centralized MPC-CBF cargo,model_based_reference,centralized,reference,time_expanded_mpc_cbf_cargo,reference_model_based_reference_centralized_cargo,none,centralized_reference_mpc_cbf_cargo,global_state_and_time_expanded_constraints,0,10,False,False,wrench_oracle,cargo,push_drag,load-01,1,6,2,24.0,2,2,0.3,0.85,0.2,0.08726646259971647,0.14,76.0,7.0,inf,True,True,True,True,0.0003753503452281492,5.271338920920243e-12,3.0202547255177554e-10,4.571278710999049,1.0,0.0,2.876887755596599,0.18858443303106434,0.07420898062170238,1.0,0,0.0,1,0.1149999996283626,0.11500000000000005,0.08000003705655623,0.07970998437580779,106.47478080640222,23.438970271078993,0.6712155581465834,1075.1066991745977,0.2323841423036369,0.794577184951726,0.0,2.66,42.00000000000001,4,2,16290,1592.1302000060678,296.4298809115505,296.4298809115505,0.0,0.0,0.0
SP5_MC_explicit_control_law,formation_corridor_push,formation_corridor_push_v00,6655,classic_decentralized_apf_push,Classic decentralized APF push,classic,decentralized,baseline,apf_push_drag,baseline_classic_decentralized_push_drag,none,distributed_apf_payload_tracking,local_obstacle_and_slot_state,0,3,False,False,greedy_capacity,push_drag,push_drag,load-01,1,6,2,24.0,2,2,0.3,0.85,0.2,0.08726646259971647,0.14,76.0,7.0,inf,True,True,False,False,2.006321828833632,1.2784964514544952,73.25245079079491,5.905448317965962,0.4566929133858268,0.5433070866141732,4.084054854419717,1.2363176725577396,0.5385375630087507,1.0472774483508933,0,0.0,0,0.11499999962984742,0.48876671905784136,0.08000099999999932,0.08000008768265965,78.85970109292984,23.05010869574628,0.6866253674631202,736.172386167332,0.17189545881256624,0.7610167382683852,0.0,4.62,76.0,2,4,16290,906.6218000371009,-102.7128206447654,298.2900066954986,-401.00282734026405,1.0,1.0
SP5_MC_explicit_control_law,formation_corridor_push,formation_corridor_push_v00,6655,sota_centralized_cbf_push,SOTA centralized CBF push,sota,centralized,baseline,cbf_payload_push_drag,baseline_sota_centralized_push_drag,none,centralized_cbf_payload_velocity_projection,global_payload_robot_traffic_state,0,6,False,False,wrench_greedy,push_drag,push_drag,load-01,1,6,2,24.0,2,2,0.3,0.85,0.2,0.08726646259971647,0.14,76.0,7.0,inf,True,True,False,False,9.320329630531534,7.544007196713665e-08,4.322397729880124e-06,10.392287373772845,1.0,0.0,4.084054854419717,0.37099604760651783,0.86250093386037,1.0,0,0.0,0,0.11499999999999877,0.34592118839706903,0.32462765289542794,0.08000099999999954,55.087709172984624,9.874264254115063,1.0,476.7377571955456,0.12042244071594108,0.7956084081896755,0.0,4.340000000000001,76.0,4,2,16290,1168.1388000724837,-86.51960877018888,298.2900066954986,-384.8096154656875,1.0,1.0
SP5_MC_explicit_control_law,formation_corridor_push,formation_corridor_push_v00,6655,sota_decentralized_vo_push,SOTA decentralized VO push,sota,decentralized,baseline,velocity_obstacle_push_drag,baseline_sota_decentralized_push_drag,none,distributed_velocity_obstacle_payload_tracking,local_relative_traffic_state,0,6,False,False,cbba_wrench_score,push_drag,push_drag,load-01,1,6,2,24.0,2,2,0.3,0.85,0.2,0.08726646259971647,0.14,76.0,7.0,inf,True,True,False,False,2.731020699866006,2.863974891909038e-06,0.000164093673937824,7.632975833013711,0.9745098039215686,0.025490196078431393,4.084054854419717,0.3271358273619701,0.6015495823677536,1.0,0,0.0,0,0.11499999999999888,0.14871123145899762,0.09378399371684154,0.08000099999999977,91.14339774275821,19.045194591202815,0.8310122155744326,809.5759864807677,0.1993346747620344,0.7610167382683853,0.0,4.62,76.0,4,2,16290,1121.0711000021547,-40.12152990925878,298.2900066954986,-338.41153660475743,1.0,1.0
SP5_MC_explicit_control_law,formation_corridor_push,formation_corridor_push_v00,6655,sota_decentralized_vo_cargo,SOTA decentralized VO cargo,sota,decentralized,baseline,velocity_obstacle_cargo,baseline_sota_decentralized_cargo,none,distributed_velocity_obstacle_cargo_transport,local_relative_traffic_state,0,6,False,False,cbba_wrench_score,cargo,push_drag,load-01,1,6,2,24.0,2,2,0.3,0.85,0.2,0.08726646259971647,0.14,76.0,7.0,inf,True,True,True,True,0.0001076922820104043,8.486975566768251e-10,4.862678808064706e-08,4.5818896258901205,1.0,0.0,4.084054854419717,0.281516330322247,0.09527304528596521,1.0,0,0.0,2,0.11499999999999888,0.11499999999999982,0.0800002039632971,0.06670323421603452,105.47243475630256,23.427940325279952,0.6755518894763333,947.6585946552476,0.23062349923424474,0.7783125732290304,0.0,4.48,39.900000000000006,4,2,16290,608.6594999069348,299.71708936218795,298.2900066954986,1.42708266668933,0.0,0.0
SP5_MC_explicit_control_law,formation_corridor_push,formation_corridor_push_v00,6655,ours_tensor_game_push,Ours tensor-game push,model_based,decentralized,proposed,smooth_tensor_game_wrench_push,proposed_model_based_decentralized_push_drag,model_based_tuning_optional,distributed_tensor_game_wrench_transport,local_tensor_field_and_wrench_residual,0,9,False,False,smith_wrench_pairs_guarded,push_drag,push_drag,load-01,1,6,2,24.0,2,2,0.3,0.85,0.2,0.08726646259971647,0.14,76.0,7.0,inf,True,True,False,False,2.0318485572744756,7.804319245519054e-06,0.00044715455474096465,6.8875326313780505,1.0,0.0,4.271727837280898,0.32598173792899937,0.5425980646706711,1.0,0,0.0,0,0.11499999999999932,0.11499999999999982,0.0800000275194408,0.0800000275194408,113.17158623629086,23.18315757837718,0.6826848025241921,940.135266677544,0.24795987013130424,0.7956084081896755,0.0,4.760000000000001,76.0,4,2,16290,1268.489500042051,-36.93928621587958,298.2900066954986,-335.2292929113782,1.0,1.0
SP5_MC_explicit_control_law,formation_corridor_push,formation_corridor_push_v00,6655,ours_explicit_vgne_cbf_push,Ours explicit vGNE-CBF push,model_based,decentralized,proposed,closed_form_explicit_vgne_cbf_push,proposed_model_based_decentralized_push_drag,closed_form_model_based,distributed_explicit_vgne_cbf_transport,local_contact_geometry_consensus_scalars_and_wrench_residual,0,10,False,False,support_dual_wrench_market_guarded,push_drag,push_drag,load-01,1,6,2,24.0,2,2,0.3,0.85,0.2,0.08726646259971647,0.14,76.0,7.0,inf,True,True,False,False,4.288525647563169,3.7654817974797083e-07,2.157462148289223e-05,7.13626582080235,0.9858012170385395,0.014198782961460488,7.141211412819338,0.5235122563961978,0.816811761782493,1.0000000000980651,0,0.0,0,0.1149999999999991,0.3447712919928701,0.0800001229110987,0.08000002682970808,85.02115837783158,23.92225804785609,0.6615926189584787,783.1888189326098,0.18571548269270677,0.7956084081896755,0.0,7.000000000000001,76.0,3,3,16290,1314.673199900426,-51.64769632247551,298.2900066954986,-349.9377030179741,1.0,1.0
SP5_MC_explicit_control_law,formation_corridor_push,formation_corridor_push_v00,6655,ours_explicit_vgne_cbf_cargo,Ours explicit vGNE-CBF cargo,model_based,decentralized,proposed,closed_form_explicit_vgne_cbf_cargo,proposed_model_based_decentralized_cargo,closed_form_model_based,distributed_explicit_vgne_cbf_caging_transport,local_contact_geometry_consensus_scalars_and_wrench_residual,0,10,False,False,support_dual_wrench_market_guarded,cargo,push_drag,load-01,1,6,2,24.0,2,2,0.3,0.85,0.2,0.08726646259971647,0.14,76.0,7.0,inf,True,True,True,True,6.0072165898588234e-12,1.3322676295501878e-15,7.63333123551244e-14,4.884920007219371,0.9878296146044625,0.012170385395537497,7.141211412819338,0.4921310723005251,0.1299598640454903,1.0,0,0.0,0,0.11499999999999932,0.6874995616995698,0.08000099999999954,0.08000099999999954,71.15066782635543,19.096464739400773,0.8287811157332716,648.560521587585,0.1554296922912168,0.8129042431503205,0.0,7.000000000000001,41.02,3,3,16290,665.8988000126556,307.4889669195749,298.2900066954986,9.198960224076302,0.0,0.0
SP5_MC_explicit_control_law,formation_corridor_push,formation_corridor_push_v00,6655,ours_hamiltonian_cargo,Ours Hamiltonian cargo,model_based,decentralized,proposed,hamiltonian_tensor_cargo,proposed_model_based_decentralized_cargo,model_based_tuning_optional,distributed_hamiltonian_cargo_transport,local_energy_wrench_formation_game,0,9,False,False,support_dual_wrench_market_guarded,cargo,push_drag,load-01,1,6,2,24.0,2,2,0.3,0.85,0.2,0.08726646259971647,0.14,76.0,7.0,inf,True,True,True,True,0.0004975861674425934,5.455413898403094e-11,3.125721918755086e-09,4.977183335770602,0.9878296146044625,0.012170385395537497,7.141211412819338,0.494563684487748,0.1236607641132341,1.0,0,0.0,0,0.11499999999999932,0.6490980352163491,0.08000099999999966,0.08000099999999966,75.59358012823044,20.5986066563638,0.7683427145006467,691.056529280618,0.16499482935370857,0.8129042431503205,0.0,7.000000000000001,40.46,3,3,16290,595.5014999490231,306.59481233648603,298.2900066954986,8.30480564098741,0.0,0.0
SP5_MC_explicit_control_law,formation_corridor_push,formation_corridor_push_v00,6655,reference_centralized_mpc_cbf_cargo,Reference centralized MPC-CBF cargo,model_based_reference,centralized,reference,time_expanded_mpc_cbf_cargo,reference_model_based_reference_centralized_cargo,none,centralized_reference_mpc_cbf_cargo,global_state_and_time_expanded_constraints,0,10,False,False,wrench_oracle,cargo,push_drag,load-01,1,6,2,24.0,2,2,0.3,0.85,0.2,0.08726646259971647,0.14,76.0,7.0,inf,True,True,True,True,0.0004895660676703227,6.908695837637424e-12,3.9583911343622347e-10,4.6540952212442015,1.0,0.0,4.084054854419717,0.20769010272910843,0.09143192072310886,1.0,0,0.0,1,0.11499999999999932,0.11500000000000005,0.08000019809410441,0.07969992921956726,107.66608188249508,23.717444297390244,0.6673058511208628,963.3910392432415,0.23527052353818725,0.8302000781109657,0.0,4.2,41.02,4,2,16290,1508.849999983795,298.2900066954986,298.2900066954986,0.0,0.0,0.0
SP5_MC_explicit_control_law,formation_corridor_push,formation_corridor_push_v00,6656,classic_decentralized_apf_push,Classic decentralized APF push,classic,decentralized,baseline,apf_push_drag,baseline_classic_decentralized_push_drag,none,distributed_apf_payload_tracking,local_obstacle_and_slot_state,0,3,False,False,greedy_capacity,push_drag,push_drag,load-01,1,6,2,24.0,2,2,0.3,0.85,0.2,0.08726646259971647,0.14,76.0,7.0,inf,True,True,False,False,3.7308936367005536,0.044390179369181215,2.5433699296827825,5.7862214759196675,1.0,0.0,1.0541273062618939,0.14214667987166518,0.27609990691329633,1.0,0,0.0,0,0.11499999987699949,0.18044931231715472,0.0800007755680534,0.08000002893106606,48.99097326645248,23.132631947907328,0.6785639889126094,568.143415962722,0.10530719275942002,0.7323147884549246,0.0,0.56,76.0,2,4,16290,716.9470000080764,-37.01316213846435,298.2697237995977,-335.28288593806207,1.0,1.0
SP5_MC_explicit_control_law,formation_corridor_push,formation_corridor_push_v00,6656,sota_centralized_cbf_push,SOTA centralized CBF push,sota,centralized,baseline,cbf_payload_push_drag,baseline_sota_centralized_push_drag,none,centralized_cbf_payload_velocity_projection,global_payload_robot_traffic_state,0,6,False,False,wrench_greedy,push_drag,push_drag,load-01,1,6,2,24.0,2,2,0.3,0.85,0.2,0.08726646259971647,0.14,76.0,7.0,inf,True,True,False,False,10.553778119659846,5.118686887684021e-07,2.9327915531324925e-05,11.114995583332272,0.9744597249508841,0.025540275049115935,4.208177783951274,0.3472077932101327,0.8342622904213661,1.0,0,0.0,0,0.11499999987699949,0.18044931231715472,0.11499999999999949,0.11549871953718704,55.11446185392338,9.794143788365975,1.0,526.8302442378372,0.11876695639688435,0.765601824293785,0.0,4.760000000000001,76.0,4,2,16290,1123.1533999089152,-100.65290448480128,298.2697237995977,-398.922628284399,1.0,1.0
SP5_MC_explicit_control_law,formation_corridor_push,formation_corridor_push_v00,6656,sota_decentralized_vo_push,SOTA decentralized VO push,sota,decentralized,baseline,velocity_obstacle_push_drag,baseline_sota_decentralized_push_drag,none,distributed_velocity_obstacle_payload_tracking,local_relative_traffic_state,0,6,False,False,cbba_wrench_score,push_drag,push_drag,load-01,1,6,2,24.0,2,2,0.3,0.85,0.2,0.08726646259971647,0.14,76.0,7.0,inf,True,True,False,False,3.1344217913010484,0.0005392690077870022,0.03089783816840275,8.566819625525603,0.9625246548323472,0.03747534516765283,4.208177783951274,0.3666739568675495,0.6677475737100406,1.0,0,0.0,0,0.11499999987699949,0.1553110638413076,0.08000099999999954,0.08000099999999932,93.95687024265854,19.574079467061303,0.8019263963362196,919.4293805551101,0.2037809540928264,0.7323147884549247,0.0,5.040000000000001,76.0,4,2,16290,1085.581799969077,-46.72504996511648,298.2697237995977,-344.9947737647142,1.0,1.0
SP5_MC_explicit_control_law,formation_corridor_push,formation_corridor_push_v00,6656,sota_decentralized_vo_cargo,SOTA decentralized VO cargo,sota,decentralized,baseline,velocity_obstacle_cargo,baseline_sota_decentralized_cargo,none,distributed_velocity_obstacle_cargo_transport,local_relative_traffic_state,0,6,False,False,cbba_wrench_score,cargo,push_drag,load-01,1,6,2,24.0,2,2,0.3,0.85,0.2,0.08726646259971647,0.14,76.0,7.0,inf,True,True,True,True,0.0011461524577747696,9.016392077398905e-10,5.1660121247014993e-08,4.803814409055725,1.0,0.0,4.208177783951274,0.26282479165356704,0.09943533601898999,1.0,0,0.0,0,0.11499999987699949,0.18044931231715472,0.08000099999999954,0.08000099999999954,91.98468623171863,19.956732092477516,0.786550169430599,907.0126536155822,0.19945311389212897,0.7489583063743548,0.0,4.9,41.440000000000005,4,2,16290,569.1745999502018,301.46828924655426,298.2697237995977,3.198565446956536,0.0,0.0
SP5_MC_explicit_control_law,formation_corridor_push,formation_corridor_push_v00,6656,ours_tensor_game_push,Ours tensor-game push,model_based,decentralized,proposed,smooth_tensor_game_wrench_push,proposed_model_based_decentralized_push_drag,model_based_tuning_optional,distributed_tensor_game_wrench_transport,local_tensor_field_and_wrench_residual,0,9,False,False,smith_wrench_pairs_guarded,push_drag,push_drag,load-01,1,6,2,24.0,2,2,0.3,0.85,0.2,0.08726646259971647,0.14,76.0,7.0,inf,True,True,False,False,2.6788097251854683,0.00020993771926791638,0.01202854527465391,8.184641902171503,0.9783889980353635,0.0216110019646365,4.208177783951274,0.3295422577211346,0.6615003828206673,1.0,0,0.0,0,0.11499999987699949,0.11500000000000005,0.11499999999999949,0.08000099999999932,96.71395264362275,19.33017890863988,0.8120447866937895,941.4134083178315,0.20987273962214162,0.765601824293785,0.0,4.760000000000001,76.0,4,2,16290,1303.5643000621349,-41.87158396792259,298.2697237995977,-340.1413077675203,1.0,1.0
SP5_MC_explicit_control_law,formation_corridor_push,formation_corridor_push_v00,6656,ours_explicit_vgne_cbf_push,Ours explicit vGNE-CBF push,model_based,decentralized,proposed,closed_form_explicit_vgne_cbf_push,proposed_model_based_decentralized_push_drag,closed_form_model_based,distributed_explicit_vgne_cbf_transport,local_contact_geometry_consensus_scalars_and_wrench_residual,0,10,False,False,support_dual_wrench_market_guarded,push_drag,push_drag,load-01,1,6,2,24.0,2,2,0.3,0.85,0.2,0.08726646259971647,0.14,76.0,7.0,inf,True,True,False,False,3.653106971291832,3.063601667907534e-06,0.00017553144568034133,6.590987719749401,0.9706457925636007,0.02935420743639927,3.1243681878264833,0.2668278769556625,0.7671599883097857,1.0021082730033146,0,0.0,0,0.11499999987699949,0.18044931231715472,0.08000013405749651,0.08000013405749651,79.73699160717453,23.38910085793728,0.6711233195307877,818.409097407,0.17254033245169975,0.765601824293785,0.0,3.9200000000000004,76.0,3,3,16290,1337.1440999908373,-46.84023525108986,298.2697237995977,-345.10995905068756,1.0,1.0
SP5_MC_explicit_control_law,formation_corridor_push,formation_corridor_push_v00,6656,ours_explicit_vgne_cbf_cargo,Ours explicit vGNE-CBF cargo,model_based,decentralized,proposed,closed_form_explicit_vgne_cbf_cargo,proposed_model_based_decentralized_cargo,closed_form_model_based,distributed_explicit_vgne_cbf_caging_transport,local_contact_geometry_consensus_scalars_and_wrench_residual,0,10,False,False,support_dual_wrench_market_guarded,cargo,push_drag,load-01,1,6,2,24.0,2,2,0.3,0.85,0.2,0.08726646259971647,0.14,76.0,7.0,inf,True,True,True,True,1.9824386779203863e-11,1.3322676295501878e-15,7.63333123551244e-14,4.752550793243431,0.9902152641878669,0.009784735812133127,3.1243681878264833,0.24626278447568323,0.09644576957093139,1.0,0,0.0,0,0.11499999987699949,0.18044931231715472,0.08000099999999954,0.08000099999999954,65.98755897265164,18.719123095540795,0.8385526890604474,672.367015261194,0.14262750204259836,0.782245342213215,0.0,3.7800000000000002,42.7,3,3,16290,702.6970000006258,307.0992852994573,298.2697237995977,8.829561499859551,0.0,0.0
SP5_MC_explicit_control_law,formation_corridor_push,formation_corridor_push_v00,6656,ours_hamiltonian_cargo,Ours Hamiltonian cargo,model_based,decentralized,proposed,hamiltonian_tensor_cargo,proposed_model_based_decentralized_cargo,model_based_tuning_optional,distributed_hamiltonian_cargo_transport,local_energy_wrench_formation_game,0,9,False,False,support_dual_wrench_market_guarded,cargo,push_drag,load-01,1,6,2,24.0,2,2,0.3,0.85,0.2,0.08726646259971647,0.14,76.0,7.0,inf,True,True,True,True,8.215100293803377e-05,1.2894028067478303e-09,7.387733891897318e-08,4.799449652920229,0.9454191033138402,0.05458089668615984,3.1243681878264833,0.27673406943713114,0.08618858465188178,1.0,0,0.0,0,0.11499999987699949,0.18044931231715472,0.08000099999999966,0.08000099999999966,70.94701011883247,20.580365820836338,0.7627158401978966,726.2689413204128,0.15347956379311647,0.7822453422132148,0.0,3.7800000000000002,42.14,3,3,16290,621.5499000390992,301.7233863153443,298.2697237995977,3.4536625157466005,0.0,0.0
SP5_MC_explicit_control_law,formation_corridor_push,formation_corridor_push_v00,6656,reference_centralized_mpc_cbf_cargo,Reference centralized MPC-CBF cargo,model_based_reference,centralized,reference,time_expanded_mpc_cbf_cargo,reference_model_based_reference_centralized_cargo,none,centralized_reference_mpc_cbf_cargo,global_state_and_time_expanded_constraints,0,10,False,False,wrench_oracle,cargo,push_drag,load-01,1,6,2,24.0,2,2,0.3,0.85,0.2,0.08726646259971647,0.14,76.0,7.0,inf,True,True,True,True,0.0002035023606177177,6.120437490153563e-12,3.506752369594415e-10,4.7292380248860795,1.0,0.0,3.1614980603080896,0.19328844052401695,0.07891980534768592,1.0,0,0.0,0,0.11499999987699949,0.18044931231715472,0.08000099999999932,0.08000099999999932,99.53290955740601,21.68812015435,0.7237589471520385,982.2934132261221,0.21603625891250908,0.7988888601326452,0.0,3.22,42.7,4,2,16290,1533.3298998884857,298.2697237995977,298.2697237995977,0.0,0.0,0.0
SP5_MC_explicit_control_law,formation_corridor_push,formation_corridor_push_v00,6657,classic_decentralized_apf_push,Classic decentralized APF push,classic,decentralized,baseline,apf_push_drag,baseline_classic_decentralized_push_drag,none,distributed_apf_payload_tracking,local_obstacle_and_slot_state,0,3,False,False,greedy_capacity,push_drag,push_drag,load-01,1,6,2,24.0,2,2,0.3,0.85,0.2,0.08726646259971647,0.14,76.0,7.0,inf,True,True,False,False,3.8048885100113514,0.0007860678985784908,0.045038372999265164,6.371131372729086,0.9865384615384616,0.013461538461538414,1.8084440039223517,0.19127787190893403,0.3716460790687379,1.0000012501455422,0,0.0,0,0.11499999978551845,0.660868146993931,0.08000099999999843,0.08000099999999843,51.89401145223226,21.574230779791982,0.731991973208814,576.2876255865086,0.10745343395498166,0.6687527450325019,0.0,2.24,76.0,2,4,16290,685.5820999480784,-38.793365534562625,300.01280126717586,-338.80616680173847,1.0,1.0
SP5_MC_explicit_control_law,formation_corridor_push,formation_corridor_push_v00,6657,sota_centralized_cbf_push,SOTA centralized CBF push,sota,centralized,baseline,cbf_payload_push_drag,baseline_sota_centralized_push_drag,none,centralized_cbf_payload_velocity_projection,global_payload_robot_traffic_state,0,6,False,False,wrench_greedy,push_drag,push_drag,load-01,1,6,2,24.0,2,2,0.3,0.85,0.2,0.08726646259971647,0.14,76.0,7.0,inf,True,True,False,False,1.9710659826857415,2.0588639438212653e-05,0.0011796421457261831,7.414796741675106,0.9026369168356998,0.0973630831643002,9.96199999126264,0.9937336804446817,0.511680027673351,1.0067672229058107,0,0.0,0,0.11499999962142715,0.303753185603344,0.3401058588848591,0.08000099999999977,94.8994366354666,18.516727236708462,0.8528593394007074,847.1966464360021,0.2081128062814227,0.7690527652440813,0.0,7.000000000000001,76.0,4,2,16290,1114.6715000504628,-41.23771569190608,300.01280126717586,-341.25051695908195,1.0,1.0
SP5_MC_explicit_control_law,formation_corridor_push,formation_corridor_push_v00,6657,sota_decentralized_vo_push,SOTA decentralized VO push,sota,decentralized,baseline,velocity_obstacle_push_drag,baseline_sota_decentralized_push_drag,none,distributed_velocity_obstacle_payload_tracking,local_relative_traffic_state,0,6,False,False,cbba_wrench_score,push_drag,push_drag,load-01,1,6,2,24.0,2,2,0.3,0.85,0.2,0.08726646259971647,0.14,76.0,7.0,inf,True,True,False,False,1.5016300642413076,9.731187149863985e-06,0.0005575559533391468,6.977720539661697,0.8803245436105477,0.11967545638945232,9.96199999126264,1.0405726497985683,0.44057351904682585,1.0063390223446471,0,0.0,0,0.11499999971514774,0.26080612817296905,0.08000099999999977,0.08000099999999932,95.08621817192139,18.53486385853207,0.8520248046868026,848.6248263414083,0.20838669097563417,0.7356156884943387,0.0,7.000000000000001,76.0,4,2,16290,1123.4579000156373,-39.18303128358119,300.01280126717586,-339.195832550757,1.0,1.0
SP5_MC_explicit_control_law,formation_corridor_push,formation_corridor_push_v00,6657,sota_decentralized_vo_cargo,SOTA decentralized VO cargo,sota,decentralized,baseline,velocity_obstacle_cargo,baseline_sota_decentralized_cargo,none,distributed_velocity_obstacle_cargo_transport,local_relative_traffic_state,0,6,False,False,cbba_wrench_score,cargo,push_drag,load-01,1,6,2,24.0,2,2,0.3,0.85,0.2,0.08726646259971647,0.14,76.0,7.0,inf,True,True,True,True,0.0009889884134589393,5.125560420538022e-09,2.9367297973612803e-07,5.446736317586323,0.9371196754563894,0.06288032454361059,9.96199999126264,0.9162765456172715,0.17154491920955955,1.007209271735536,0,0.0,0,0.11499999979375386,0.2989435322018264,0.08000099999999954,0.08000099999999954,88.3370092279863,17.669065397276295,0.8937747075969645,791.8709831754037,0.19418361262199682,0.75233422686921,0.0,7.000000000000001,41.300000000000004,4,2,16290,550.8125999476761,297.63935472123336,300.01280126717586,-2.3734465459424996,0.00791115091062008,0.00791115091062008
SP5_MC_explicit_control_law,formation_corridor_push,formation_corridor_push_v00,6657,ours_tensor_game_push,Ours tensor-game push,model_based,decentralized,proposed,smooth_tensor_game_wrench_push,proposed_model_based_decentralized_push_drag,model_based_tuning_optional,distributed_tensor_game_wrench_transport,local_tensor_field_and_wrench_residual,0,9,False,False,smith_wrench_pairs_guarded,push_drag,push_drag,load-01,1,6,2,24.0,2,2,0.3,0.85,0.2,0.08726646259971647,0.14,76.0,7.0,inf,True,True,False,False,1.6462743969754887,1.0783607413689111e-05,0.0006178551927303712,7.328870758867131,0.9150197628458498,0.08498023715415015,4.421321870202724,0.4331106473583407,0.5201470152150988,1.0000105130946098,0,0.0,0,0.11499999999999899,0.11500000000000005,0.08000013010390872,0.08000012983935778,124.66819899569735,24.539567110144752,0.6435388076765919,1107.952702357793,0.2677677415281172,0.7977146978949434,0.0,5.180000000000001,76.0,4,2,16290,1354.6745999483392,-45.62549445487615,300.01280126717586,-345.638295722052,1.0,1.0
SP5_MC_explicit_control_law,formation_corridor_push,formation_corridor_push_v00,6657,ours_explicit_vgne_cbf_push,Ours explicit vGNE-CBF push,model_based,decentralized,proposed,closed_form_explicit_vgne_cbf_push,proposed_model_based_decentralized_push_drag,closed_form_model_based,distributed_explicit_vgne_cbf_transport,local_contact_geometry_consensus_scalars_and_wrench_residual,0,10,False,False,support_dual_wrench_market_guarded,push_drag,push_drag,load-01,1,6,2,24.0,2,2,0.3,0.85,0.2,0.08726646259971647,0.14,76.0,7.0,inf,True,True,False,False,3.8178143588639006,0.003262623586326452,0.1869345616363423,7.000863468080012,0.9722772277227723,0.027722772277227747,3.457635574011997,0.2952256240768526,0.8108361415234081,1.0000025713064367,0,0.0,0,0.11499999965302199,0.32404592107921376,0.08000003950465906,0.08000000397496243,80.99855712988449,22.42457143671126,0.7042348079441516,791.7004326692734,0.17328246592086832,0.7407740571230488,0.0,5.32,76.0,3,3,16290,1230.5126000428572,-48.132865296076105,300.01280126717586,-348.14566656325195,1.0,1.0
SP5_MC_explicit_control_law,formation_corridor_push,formation_corridor_push_v00,6657,ours_explicit_vgne_cbf_cargo,Ours explicit vGNE-CBF cargo,model_based,decentralized,proposed,closed_form_explicit_vgne_cbf_cargo,proposed_model_based_decentralized_cargo,closed_form_model_based,distributed_explicit_vgne_cbf_caging_transport,local_contact_geometry_consensus_scalars_and_wrench_residual,0,10,False,False,support_dual_wrench_market_guarded,cargo,push_drag,load-01,1,6,2,24.0,2,2,0.3,0.85,0.2,0.08726646259971647,0.14,76.0,7.0,inf,True,True,True,True,2.2510517100957607e-11,1.3322676295501878e-15,7.63333123551244e-14,4.903215668088073,1.0,0.0,3.457635574011997,0.2921911870657012,0.10721751063465257,1.0,0,0.0,0,0.11499999967946983,0.660868146993931,0.08000099999999954,0.08000099999999954,68.61422250369576,18.420501476273575,0.8573145405027802,667.2724496882839,0.14649125302513197,0.7568778409735498,0.0,5.32,42.84,3,3,16290,742.2601000871509,307.51217055287276,300.01280126717586,7.4993692856969005,0.0,0.0
SP5_MC_explicit_control_law,formation_corridor_push,formation_corridor_push_v00,6657,ours_hamiltonian_cargo,Ours Hamiltonian cargo,model_based,decentralized,proposed,hamiltonian_tensor_cargo,proposed_model_based_decentralized_cargo,model_based_tuning_optional,distributed_hamiltonian_cargo_transport,local_energy_wrench_formation_game,0,9,False,False,support_dual_wrench_market_guarded,cargo,push_drag,load-01,1,6,2,24.0,2,2,0.3,0.85,0.2,0.08726646259971647,0.14,76.0,7.0,inf,True,True,True,True,3.568823539639876e-05,1.641935476470735e-10,9.4075973034575e-09,4.972105923959771,1.0,0.0,3.457635574011997,0.30236556524507974,0.10069859391253208,1.0,0,0.0,0,0.11499999967968388,0.660868146993931,0.08000099999999966,0.08000099999999966,71.79935329568178,19.737744107558612,0.8000997314031759,702.6054351768742,0.15365637337372973,0.7568778409735497,0.0,5.32,42.28,3,3,16290,649.8534999554977,306.9345299875808,300.01280126717586,6.9217287204049285,0.0,0.0
SP5_MC_explicit_control_law,formation_corridor_push,formation_corridor_push_v00,6657,reference_centralized_mpc_cbf_cargo,Reference centralized MPC-CBF cargo,model_based_reference,centralized,reference,time_expanded_mpc_cbf_cargo,reference_model_based_reference_centralized_cargo,none,centralized_reference_mpc_cbf_cargo,global_state_and_time_expanded_constraints,0,10,False,False,wrench_oracle,cargo,push_drag,load-01,1,6,2,24.0,2,2,0.3,0.85,0.2,0.08726646259971647,0.14,76.0,7.0,inf,True,True,True,True,0.00011219811574277487,6.463274360157811e-12,3.703183426721602e-10,4.836876908025841,1.0,0.0,3.3663414113588868,0.2146581815756178,0.07942833857839857,1.0,0,0.0,0,0.11499999999999977,0.660868146993931,0.08000099999999977,0.08000099999999977,96.70399976362718,20.37697308347371,0.7750004720657037,862.0390826844327,0.20652601475154117,0.8323979456295061,0.0,3.5000000000000004,42.980000000000004,4,2,16290,1501.79929996375,300.01280126717586,300.01280126717586,0.0,0.0,0.0
SP5_MC_explicit_control_law,formation_corridor_push,formation_corridor_push_v00,6658,classic_decentralized_apf_push,Classic decentralized APF push,classic,decentralized,baseline,apf_push_drag,baseline_classic_decentralized_push_drag,none,distributed_apf_payload_tracking,local_obstacle_and_slot_state,0,3,False,False,greedy_capacity,push_drag,push_drag,load-01,1,6,2,24.0,2,2,0.3,0.85,0.2,0.08726646259971647,0.14,76.0,7.0,inf,True,True,False,False,2.04137764647317,0.9726077598399754,55.726319760504154,8.798917078721844,0.1926977687626775,0.8073022312373225,13.090223581513444,3.0846797974175373,0.7155814950522605,1.0570624930535049,0,0.0,0,0.1149999999999981,0.11500000000000005,1.5338429451026492,0.08000099999999954,69.19437003579071,20.554349062831903,0.7673599080182204,595.8848000103833,0.15287653599884365,0.6038372918877484,0.0,7.000000000000001,76.0,2,4,16290,841.30049997475,-119.17865466949064,299.17830926228464,-418.3569639317753,1.0,1.0
SP5_MC_explicit_control_law,formation_corridor_push,formation_corridor_push_v00,6658,sota_centralized_cbf_push,SOTA centralized CBF push,sota,centralized,baseline,cbf_payload_push_drag,baseline_sota_centralized_push_drag,none,centralized_cbf_payload_velocity_projection,global_payload_robot_traffic_state,0,6,False,False,wrench_greedy,push_drag,push_drag,load-01,1,6,2,24.0,2,2,0.3,0.85,0.2,0.08726646259971647,0.14,76.0,7.0,inf,True,True,False,False,3.146828985829495,0.00014554338816097356,0.008339021877658098,9.400387274651662,0.7626774847870182,0.23732251521298176,16.088826298070277,2.8140350516421395,0.6467253129267407,1.0067672229058107,0,0.0,0,0.11499999999999899,0.13527558630627384,0.19476181849440521,0.08000099999999954,98.99193472612023,17.835601754156443,0.8843314413293295,860.1741606955894,0.21667466728489465,0.7438879077838915,0.0,7.000000000000001,76.0,4,2,16290,1264.7494999691844,-66.01035777773433,299.17830926228464,-365.18866704001897,1.0,1.0
SP5_MC_explicit_control_law,formation_corridor_push,formation_corridor_push_v00,6658,sota_decentralized_vo_push,SOTA decentralized VO push,sota,decentralized,baseline,velocity_obstacle_push_drag,baseline_sota_decentralized_push_drag,none,distributed_velocity_obstacle_payload_tracking,local_relative_traffic_state,0,6,False,False,cbba_wrench_score,push_drag,push_drag,load-01,1,6,2,24.0,2,2,0.3,0.85,0.2,0.08726646259971647,0.14,76.0,7.0,inf,True,True,False,False,3.0682385537215713,7.607772030260307e-05,0.004358932288315892,9.052851409660814,0.7789046653144016,0.2210953346855984,13.090223581513444,2.036307029864407,0.6204915481505303,1.0063390223446471,0,0.0,0,0.11499999999999866,0.11500000000000005,0.08000099999999977,0.08000099999999932,95.52562435106736,18.449782556779475,0.8548926448151207,840.3432388027859,0.20928192227178263,0.7115449552715483,0.0,7.000000000000001,76.0,4,2,16290,1111.7436999920756,-62.89830442641699,299.17830926228464,-362.0766136887016,1.0,1.0
SP5_MC_explicit_control_law,formation_corridor_push,formation_corridor_push_v00,6658,sota_decentralized_vo_cargo,SOTA decentralized VO cargo,sota,decentralized,baseline,velocity_obstacle_cargo,baseline_sota_decentralized_cargo,none,distributed_velocity_obstacle_cargo_transport,local_relative_traffic_state,0,6,False,False,cbba_wrench_score,cargo,push_drag,load-01,1,6,2,24.0,2,2,0.3,0.85,0.2,0.08726646259971647,0.14,76.0,7.0,inf,True,True,True,True,0.0032015742427178476,3.1182201265522735e-08,1.7866085284419473e-06,6.854303911750248,0.8255578093306288,0.17444219066937117,13.090223581513444,1.905437885020677,0.27052493908107483,1.007209271735536,0,0.0,0,0.11499999999999844,0.11500000000000005,0.9962268636492162,0.9962268636492162,86.51336628903087,17.23702867670785,0.915040735967583,765.3144722048435,0.18961394065263965,0.7277164315277198,0.0,7.000000000000001,47.32000000000001,4,2,16290,530.0205000676215,283.15299755846195,299.17830926228464,-16.025311703822695,0.053564416963709664,0.053564416963709664
SP5_MC_explicit_control_law,formation_corridor_push,formation_corridor_push_v00,6658,ours_tensor_game_push,Ours tensor-game push,model_based,decentralized,proposed,smooth_tensor_game_wrench_push,proposed_model_based_decentralized_push_drag,model_based_tuning_optional,distributed_tensor_game_wrench_transport,local_tensor_field_and_wrench_residual,0,9,False,False,smith_wrench_pairs_guarded,push_drag,push_drag,load-01,1,6,2,24.0,2,2,0.3,0.85,0.2,0.08726646259971647,0.14,76.0,7.0,inf,True,True,False,False,10.562075772048393,4.356358918045089e-08,2.4960098004816126e-06,11.157168196019208,0.9607072691552063,0.03929273084479368,4.240161423930126,0.34925612595522937,0.8648278327730035,1.0,0,0.0,0,0.11499999999999877,0.44373951974757914,0.11499999999999982,0.17366660607405238,69.12775546599194,10.041517413797335,1.0,603.1558400858708,0.14908488716601107,0.7438879077838914,0.0,4.760000000000001,76.0,4,2,16290,1251.8792999908328,-105.47235822774454,299.17830926228464,-404.65066749002915,1.0,1.0
SP5_MC_explicit_control_law,formation_corridor_push,formation_corridor_push_v00,6658,ours_explicit_vgne_cbf_push,Ours explicit vGNE-CBF push,model_based,decentralized,proposed,closed_form_explicit_vgne_cbf_push,proposed_model_based_decentralized_push_drag,closed_form_model_based,distributed_explicit_vgne_cbf_transport,local_contact_geometry_consensus_scalars_and_wrench_residual,0,10,False,False,support_dual_wrench_market_guarded,push_drag,push_drag,load-01,1,6,2,24.0,2,2,0.3,0.85,0.2,0.08726646259971647,0.14,76.0,7.0,inf,True,True,False,False,3.9462292606650964,0.0048270715049683055,0.2765708246425465,9.179383067689171,0.7606490872210954,0.23935091277890463,16.088826298070277,2.77025329638026,0.8922638065645829,1.2084771352750359,0,0.0,0,0.1150000000000001,0.11500000000000005,0.6398121503217593,0.08000099999999977,76.43099336009476,18.87827288420831,0.8354886860133727,682.249758341254,0.16734200739564412,0.6312844415190096,0.0,7.000000000000001,76.0,3,3,16290,1045.9802000550553,-67.28586325198334,299.17830926228464,-366.464172514268,1.0,1.0
SP5_MC_explicit_control_law,formation_corridor_push,formation_corridor_push_v00,6658,ours_explicit_vgne_cbf_cargo,Ours explicit vGNE-CBF cargo,model_based,decentralized,proposed,closed_form_explicit_vgne_cbf_cargo,proposed_model_based_decentralized_cargo,closed_form_model_based,distributed_explicit_vgne_cbf_caging_transport,local_contact_geometry_consensus_scalars_and_wrench_residual,0,10,False,False,support_dual_wrench_market_guarded,cargo,push_drag,load-01,1,6,2,24.0,2,2,0.3,0.85,0.2,0.08726646259971647,0.14,76.0,7.0,inf,True,True,True,True,1.2332185978658038e-08,8.881784197001252e-16,5.088887490341627e-14,7.6079096720872394,0.77079107505071,0.22920892494929002,16.088826298070277,2.697768301065753,0.3641318931651041,1.2368597306770508,0,0.0,0,0.11500000000000166,0.21718943678390584,1.6305389383356166,1.1982419736898904,65.8409179412573,15.78401377401083,0.9992758262920065,581.4595046630866,0.1440846418532417,0.6450080163346402,0.0,7.000000000000001,52.080000000000005,3,3,16290,872.5542998872697,280.3362727334444,299.17830926228464,-18.842036528840254,0.06297928675143943,0.06297928675143943
SP5_MC_explicit_control_law,formation_corridor_push,formation_corridor_push_v00,6658,ours_hamiltonian_cargo,Ours Hamiltonian cargo,model_based,decentralized,proposed,hamiltonian_tensor_cargo,proposed_model_based_decentralized_cargo,model_based_tuning_optional,distributed_hamiltonian_cargo_transport,local_energy_wrench_formation_game,0,9,False,False,support_dual_wrench_market_guarded,cargo,push_drag,load-01,1,6,2,24.0,2,2,0.3,0.85,0.2,0.08726646259971647,0.14,76.0,7.0,inf,True,True,True,True,0.004311734638124705,4.3858041642863554e-09,2.512880683845093e-07,7.6195550904379195,0.77079107505071,0.22920892494929002,16.088826298070277,2.693345293589919,0.31680121393307875,1.0112419012886678,0,0.0,0,0.11500000000000166,0.2167562541091051,1.6128978502933087,1.1924276945816028,69.5968328170962,17.074534351644676,0.9237489633039285,617.976735164922,0.15230399338475192,0.6450080163346402,0.0,7.000000000000001,51.1,3,3,16290,740.5942999757826,279.9181957100735,299.17830926228464,-19.260113552211124,0.06437670431289891,0.06437670431289891
SP5_MC_explicit_control_law,formation_corridor_push,formation_corridor_push_v00,6658,reference_centralized_mpc_cbf_cargo,Reference centralized MPC-CBF cargo,model_based_reference,centralized,reference,time_expanded_mpc_cbf_cargo,reference_model_based_reference_centralized_cargo,none,centralized_reference_mpc_cbf_cargo,global_state_and_time_expanded_constraints,0,10,False,False,wrench_oracle,cargo,push_drag,load-01,1,6,2,24.0,2,2,0.3,0.85,0.2,0.08726646259971647,0.14,76.0,7.0,inf,True,True,True,True,0.00020320232521692003,6.3011817985625385e-12,3.610311230022867e-10,4.771698579178887,0.9922928709055877,0.0077071290944122905,2.6143999459912757,0.22738859466762,0.07840416650640387,1.0,0,0.0,0,0.11500000000000166,0.7353308945194097,0.08000099999999977,0.08000099999999977,96.88758396964512,21.055890313004536,0.7490817615291064,885.2432948474808,0.20978512777346547,0.7762308602962344,0.0,2.8000000000000003,42.7,4,2,16290,1523.5947000328451,299.17830926228464,299.17830926228464,0.0,0.0,0.0
SP5_MC_explicit_control_law,formation_corridor_push,formation_corridor_push_v00,6659,classic_decentralized_apf_push,Classic decentralized APF push,classic,decentralized,baseline,apf_push_drag,baseline_classic_decentralized_push_drag,none,distributed_apf_payload_tracking,local_obstacle_and_slot_state,0,3,False,False,greedy_capacity,push_drag,push_drag,load-01,1,6,2,24.0,2,2,0.3,0.85,0.2,0.08726646259971647,0.14,76.0,7.0,inf,True,True,False,False,0.7536606637466787,2.395501618376071,137.25213254970726,6.82228551862687,0.36105476673427994,0.6389452332657201,6.4477266922486836,1.4688965933930023,0.641448860464454,1.0504547923401282,0,0.0,0,0.11499999999999977,0.4944522022568834,0.08000099999999943,0.0800007331801944,71.1887907242298,22.200466275714938,0.7024234489006896,717.9327618324185,0.1559296335758606,0.7684395827399724,0.0,7.000000000000001,76.0,2,4,16290,826.5163999749348,-119.03094773708318,298.3734281245578,-417.404375861641,1.0,1.0
SP5_MC_explicit_control_law,formation_corridor_push,formation_corridor_push_v00,6659,sota_centralized_cbf_push,SOTA centralized CBF push,sota,centralized,baseline,cbf_payload_push_drag,baseline_sota_centralized_push_drag,none,centralized_cbf_payload_velocity_projection,global_payload_robot_traffic_state,0,6,False,False,wrench_greedy,push_drag,push_drag,load-01,1,6,2,24.0,2,2,0.3,0.85,0.2,0.08726646259971647,0.14,76.0,7.0,inf,True,True,False,False,10.461277280426755,7.399956940545849e-07,4.239863012718182e-05,11.153550778256223,0.9662027833001988,0.03379721669980118,4.007969762745499,0.38975162463322577,0.846945554914859,1.0,0,0.0,0,0.11499999999999932,0.38885497687417675,0.11499999999999982,0.1421618405298386,58.060332687376906,9.86835301504399,1.0,604.482489868951,0.12544827507349182,0.8033686546826982,0.0,5.6000000000000005,76.0,4,2,16290,1135.5888000689447,-102.06689419239964,298.3734281245578,-400.44032231695746,1.0,1.0
SP5_MC_explicit_control_law,formation_corridor_push,formation_corridor_push_v00,6659,sota_decentralized_vo_push,SOTA decentralized VO push,sota,decentralized,baseline,velocity_obstacle_push_drag,baseline_sota_decentralized_push_drag,none,distributed_velocity_obstacle_payload_tracking,local_relative_traffic_state,0,6,False,False,cbba_wrench_score,push_drag,push_drag,load-01,1,6,2,24.0,2,2,0.3,0.85,0.2,0.08726646259971647,0.14,76.0,7.0,inf,True,True,False,False,4.381966768686742,0.002610990633391541,0.1495987436415249,8.79729536768328,0.9223107569721115,0.07768924302788849,4.007969762745499,0.40916730192257994,0.704929287512247,1.0001943958246597,0,0.0,0,0.11499999999999932,0.17897149525750572,0.0800009999999991,0.0800009999999991,97.05196711012904,19.829703447617653,0.7864024860374107,1033.8357256060826,0.21182920256660384,0.7684395827399723,0.0,5.74,76.0,4,2,16290,1126.7452000174671,-63.740559624327354,298.3734281245578,-362.11398774888517,1.0,1.0
SP5_MC_explicit_control_law,formation_corridor_push,formation_corridor_push_v00,6659,sota_decentralized_vo_cargo,SOTA decentralized VO cargo,sota,decentralized,baseline,velocity_obstacle_cargo,baseline_sota_decentralized_cargo,none,distributed_velocity_obstacle_cargo_transport,local_relative_traffic_state,0,6,False,False,cbba_wrench_score,cargo,push_drag,load-01,1,6,2,24.0,2,2,0.3,0.85,0.2,0.08726646259971647,0.14,76.0,7.0,inf,True,True,True,True,0.001167379190604628,9.323501970470716e-10,5.341973131898787e-08,4.864401791655431,0.9781312127236581,0.021868787276341894,4.007969762745499,0.33814889973408496,0.10725917782025468,1.0,0,0.0,0,0.1149999999999991,0.4944522022568834,0.08000099999999954,0.08000099999999954,91.21944700624948,19.817231178213362,0.7868974201469167,979.675798284915,0.19965916004653106,0.7859041187113351,0.0,5.6000000000000005,41.580000000000005,4,2,16290,553.6123000783846,298.5513487387059,298.3734281245578,0.17792061414809268,0.0,0.0
SP5_MC_explicit_control_law,formation_corridor_push,formation_corridor_push_v00,6659,ours_tensor_game_push,Ours tensor-game push,model_based,decentralized,proposed,smooth_tensor_game_wrench_push,proposed_model_based_decentralized_push_drag,model_based_tuning_optional,distributed_tensor_game_wrench_transport,local_tensor_field_and_wrench_residual,0,9,False,False,smith_wrench_pairs_guarded,push_drag,push_drag,load-01,1,6,2,24.0,2,2,0.3,0.85,0.2,0.08726646259971647,0.14,76.0,7.0,inf,True,True,False,False,5.251188077026821,5.522055262030534e-05,0.0031639046075235752,10.590405581396038,0.974155069582505,0.025844930417495027,4.007969762745499,0.3840760537728492,0.8533749010527495,1.0,0,0.0,0,0.11499999999999932,0.14738566469590536,0.08000099999999954,0.08000099999999932,91.63817656268034,15.626048663505015,0.9979572203055767,951.751664423156,0.19856953313831277,0.8033686546826982,0.0,5.460000000000001,76.0,4,2,16290,1344.8433000594378,-64.63284680721092,298.3734281245578,-363.0062749317687,1.0,1.0
SP5_MC_explicit_control_law,formation_corridor_push,formation_corridor_push_v00,6659,ours_explicit_vgne_cbf_push,Ours explicit vGNE-CBF push,model_based,decentralized,proposed,closed_form_explicit_vgne_cbf_push,proposed_model_based_decentralized_push_drag,closed_form_model_based,distributed_explicit_vgne_cbf_transport,local_contact_geometry_consensus_scalars_and_wrench_residual,0,10,False,False,support_dual_wrench_market_guarded,push_drag,push_drag,load-01,1,6,2,24.0,2,2,0.3,0.85,0.2,0.08726646259971647,0.14,76.0,7.0,inf,True,True,False,False,3.888881446202938,0.011456400248417875,0.6564033826469721,7.388603777883583,0.9614604462474645,0.03853955375253548,7.492681123195242,0.6489538476018603,0.8438013722355651,1.2084771352750359,0,0.0,0,0.34775156711585886,0.320038363624964,0.08000005453492476,0.08000005453492476,72.07534990802304,20.62091624276492,0.7562286711708317,723.405837382741,0.1577279190914371,0.8033686546826982,0.0,7.000000000000001,76.0,3,3,16290,1081.3238000264391,-47.521838858825866,298.3734281245578,-345.89526698338364,1.0,1.0
SP5_MC_explicit_control_law,formation_corridor_push,formation_corridor_push_v00,6659,ours_explicit_vgne_cbf_cargo,Ours explicit vGNE-CBF cargo,model_based,decentralized,proposed,closed_form_explicit_vgne_cbf_cargo,proposed_model_based_decentralized_cargo,closed_form_model_based,distributed_explicit_vgne_cbf_caging_transport,local_contact_geometry_consensus_scalars_and_wrench_residual,0,10,False,False,support_dual_wrench_market_guarded,cargo,push_drag,load-01,1,6,2,24.0,2,2,0.3,0.85,0.2,0.08726646259971647,0.14,76.0,7.0,inf,True,True,True,True,2.424643579711613e-11,1.3322676295501878e-15,7.63333123551244e-14,5.228565235154909,0.9634888438133874,0.0365111561866126,7.492681123195242,0.6182253011243766,0.15380145866327827,1.2368597306770508,0,0.0,0,0.34662041384162845,0.4944522022568834,0.08000099999999966,0.08000099999999966,59.6396615262146,16.910019323417902,0.9221827480111481,594.8457454259453,0.1305139651746643,0.820833190654061,0.0,7.000000000000001,42.980000000000004,3,3,16290,698.5295000486076,306.42315214222356,298.3734281245578,8.049724017665767,0.0,0.0
SP5_MC_explicit_control_law,formation_corridor_push,formation_corridor_push_v00,6659,ours_hamiltonian_cargo,Ours Hamiltonian cargo,model_based,decentralized,proposed,hamiltonian_tensor_cargo,proposed_model_based_decentralized_cargo,model_based_tuning_optional,distributed_hamiltonian_cargo_transport,local_energy_wrench_formation_game,0,9,False,False,support_dual_wrench_market_guarded,cargo,push_drag,load-01,1,6,2,24.0,2,2,0.3,0.85,0.2,0.08726646259971647,0.14,76.0,7.0,inf,True,True,True,True,1.0603716592085392e-05,1.1631984264681705e-10,6.66463605728846e-09,5.286535501404549,0.9614604462474645,0.03853955375253548,7.492681123195242,0.6238894933549637,0.14425436434336805,1.0112419012886678,0,0.0,0,0.3466442112095719,0.4944522022568834,0.08000099999999954,0.08000099999999954,64.17428594026154,18.34433212535206,0.8500788135557078,641.1743310210043,0.14043742546450783,0.820833190654061,0.0,7.000000000000001,42.42,3,3,16290,603.8515000836924,305.27818351646687,298.3734281245578,6.904755391909077,0.0,0.0
SP5_MC_explicit_control_law,formation_corridor_push,formation_corridor_push_v00,6659,reference_centralized_mpc_cbf_cargo,Reference centralized MPC-CBF cargo,model_based_reference,centralized,reference,time_expanded_mpc_cbf_cargo,reference_model_based_reference_centralized_cargo,none,centralized_reference_mpc_cbf_cargo,global_state_and_time_expanded_constraints,0,10,False,False,wrench_oracle,cargo,push_drag,load-01,1,6,2,24.0,2,2,0.3,0.85,0.2,0.08726646259971647,0.14,76.0,7.0,inf,True,True,True,True,9.714137320556308e-05,6.725731083179198e-12,3.853560052061197e-10,4.814129416514345,0.9941860465116279,0.005813953488372103,2.913833275712499,0.23012275935676088,0.08278705610097607,1.0,0,0.0,0,0.3922025924071476,0.4944522022568834,0.08000099999999954,0.08000099999999954,93.37121041809536,20.238267023673764,0.7705268474988429,1002.6295121924833,0.2043312552917004,0.8382977266254242,0.0,3.3600000000000003,42.980000000000004,4,2,16290,1533.2062999950722,298.3734281245578,298.3734281245578,0.0,0.0,0.0
SP5_MC_explicit_control_law,formation_corridor_push,formation_corridor_push_v00,6660,classic_decentralized_apf_push,Classic decentralized APF push,classic,decentralized,baseline,apf_push_drag,baseline_classic_decentralized_push_drag,none,distributed_apf_payload_tracking,local_obstacle_and_slot_state,0,3,False,False,greedy_capacity,push_drag,push_drag,load-01,1,6,2,24.0,2,2,0.3,0.85,0.2,0.08726646259971647,0.14,76.0,7.0,inf,True,True,False,False,3.645114851198469,0.019108516106330242,1.09483732565048,5.729437494627838,1.0,0.0,0.9585991585060845,0.09868205239769591,0.2846905604971699,1.0,0,0.0,0,0.3085184091924317,0.11499969008958694,0.08000009286957088,0.08000000864183088,51.86827938244005,23.282024197259737,0.6775680073429846,606.1376064404208,0.10435819244464699,0.6371412349443393,0.0,0.28,42.7,2,4,16290,829.7348000342026,-11.78492851682443,297.71294401390287,-309.4978725307273,1.0,1.0
SP5_MC_explicit_control_law,formation_corridor_push,formation_corridor_push_v00,6660,sota_centralized_cbf_push,SOTA centralized CBF push,sota,centralized,baseline,cbf_payload_push_drag,baseline_sota_centralized_push_drag,none,centralized_cbf_payload_velocity_projection,global_payload_robot_traffic_state,0,6,False,False,wrench_greedy,push_drag,push_drag,load-01,1,6,2,24.0,2,2,0.3,0.85,0.2,0.08726646259971647,0.14,76.0,7.0,inf,True,True,False,False,9.475636236374571,1.1263882834899874e-05,0.0006453729473696159,11.424855173921756,0.8661257606490872,0.1338742393509128,10.64304094903928,1.5573644977198027,0.8848521187738224,1.0067672229058107,0,0.0,0,0.1149999996455151,0.11500000000000005,0.08000099999999954,0.08000099999999954,63.622389039444734,10.527716960192143,1.0,665.3523748396199,0.13717669626406742,0.7646764217308674,0.0,7.000000000000001,76.0,4,2,16290,1047.4695999873802,-104.43524014077437,297.71294401390287,-402.1481841546772,1.0,1.0
SP5_MC_explicit_control_law,formation_corridor_push,formation_corridor_push_v00,6660,sota_decentralized_vo_push,SOTA decentralized VO push,sota,decentralized,baseline,velocity_obstacle_push_drag,baseline_sota_decentralized_push_drag,none,distributed_velocity_obstacle_payload_tracking,local_relative_traffic_state,0,6,False,False,cbba_wrench_score,push_drag,push_drag,load-01,1,6,2,24.0,2,2,0.3,0.85,0.2,0.08726646259971647,0.14,76.0,7.0,inf,True,True,False,False,3.400070341529047,9.847234069493283e-05,0.005642049520593995,7.64244552101822,0.9546351084812623,0.04536489151873768,4.223580559646586,0.3953394464622897,0.577742278447411,1.0,0,0.0,0,0.11499999974244046,0.11499969008958694,0.08961993496359211,0.08000099999999954,95.43841588073047,18.429703100359404,0.8559635853244317,975.7080483992104,0.20003373920091258,0.731429620786047,0.0,5.040000000000001,76.0,4,2,16290,1315.4290000675246,-50.799481709496035,297.71294401390287,-348.5124257233989,1.0,1.0
SP5_MC_explicit_control_law,formation_corridor_push,formation_corridor_push_v00,6660,sota_decentralized_vo_cargo,SOTA decentralized VO cargo,sota,decentralized,baseline,velocity_obstacle_cargo,baseline_sota_decentralized_cargo,none,distributed_velocity_obstacle_cargo_transport,local_relative_traffic_state,0,6,False,False,cbba_wrench_score,cargo,push_drag,load-01,1,6,2,24.0,2,2,0.3,0.85,0.2,0.08726646259971647,0.14,76.0,7.0,inf,True,True,True,True,0.0011104785853036357,9.016392077398905e-10,5.1660121247014993e-08,4.823061124587126,1.0,0.0,4.223580559646586,0.3127265862631011,0.09952681956781795,1.0,0,0.0,0,0.11499999999999844,0.11499969008958694,0.08000099999999943,0.08000099999999943,95.82045417314741,20.00722652946838,0.7884728410013958,995.6817033293464,0.20079001425737694,0.7480530212584572,0.0,4.9,41.440000000000005,4,2,16290,640.0290000019595,299.7141434853841,297.71294401390287,2.001199471481243,0.0,0.0
SP5_MC_explicit_control_law,formation_corridor_push,formation_corridor_push_v00,6660,ours_tensor_game_push,Ours tensor-game push,model_based,decentralized,proposed,smooth_tensor_game_wrench_push,proposed_model_based_decentralized_push_drag,model_based_tuning_optional,distributed_tensor_game_wrench_transport,local_tensor_field_and_wrench_residual,0,9,False,False,smith_wrench_pairs_guarded,push_drag,push_drag,load-01,1,6,2,24.0,2,2,0.3,0.85,0.2,0.08726646259971647,0.14,76.0,7.0,inf,True,True,False,False,2.8769628859653724,3.410748917831441e-05,0.001954215179705544,7.591457520464617,0.9822834645669292,0.017716535433070835,4.223580559646586,0.3412729352279065,0.6082763849944822,1.0,0,0.0,0,0.1149999997492227,0.11499969008958694,0.11499999999999949,0.08000099999999977,101.37326008344291,19.009742930967743,0.8298457690635037,1039.5099066999937,0.21301594713467145,0.7646764217308674,0.0,4.9,76.0,4,2,16290,1528.569099958986,-45.297656470054946,297.71294401390287,-343.01060048395783,1.0,1.0
SP5_MC_explicit_control_law,formation_corridor_push,formation_corridor_push_v00,6660,ours_explicit_vgne_cbf_push,Ours explicit vGNE-CBF push,model_based,decentralized,proposed,closed_form_explicit_vgne_cbf_push,proposed_model_based_decentralized_push_drag,closed_form_model_based,distributed_explicit_vgne_cbf_transport,local_contact_geometry_consensus_scalars_and_wrench_residual,0,10,False,False,support_dual_wrench_market_guarded,push_drag,push_drag,load-01,1,6,2,24.0,2,2,0.3,0.85,0.2,0.08726646259971647,0.14,76.0,7.0,inf,True,True,False,False,3.886245495688929,7.367662204638137e-05,0.004221359492038167,6.72566337098685,0.9961904761904762,0.003809523809523818,2.1784181079748115,0.22913096052951107,0.796382604535274,1.0000134941269296,0,0.0,0,0.11499999963775143,0.11499969008958694,0.0800005731733685,0.08000025693235213,84.39259829676028,23.52860026709777,0.6704672000530477,974.2909956592734,0.17525827367499125,0.7646764217308674,0.0,2.24,76.0,3,3,16290,1528.302500024438,-49.2216000436301,297.71294401390287,-346.93454405753295,1.0,1.0
SP5_MC_explicit_control_law,formation_corridor_push,formation_corridor_push_v00,6660,ours_explicit_vgne_cbf_cargo,Ours explicit vGNE-CBF cargo,model_based,decentralized,proposed,closed_form_explicit_vgne_cbf_cargo,proposed_model_based_decentralized_cargo,closed_form_model_based,distributed_explicit_vgne_cbf_caging_transport,local_contact_geometry_consensus_scalars_and_wrench_residual,0,10,False,False,support_dual_wrench_market_guarded,cargo,push_drag,load-01,1,6,2,24.0,2,2,0.3,0.85,0.2,0.08726646259971647,0.14,76.0,7.0,inf,True,True,True,True,1.891898219150617e-11,1.3322676295501878e-15,7.63333123551244e-14,4.530902173518259,0.9961904761904762,0.003809523809523818,2.1784181079748115,0.19887344909038185,0.07156643293576737,1.0,0,0.0,2,0.1149999996503599,0.11499969008958694,0.08000001514359645,0.06488041806073719,74.38047309240329,21.3696428897165,0.7382039477056377,864.803064260571,0.1536957747212885,0.7812998222032775,0.0,2.24,42.56,3,3,16290,907.8594000311568,303.9519733101655,297.71294401390287,6.239029296262629,0.0,0.0
SP5_MC_explicit_control_law,formation_corridor_push,formation_corridor_push_v00,6660,ours_hamiltonian_cargo,Ours Hamiltonian cargo,model_based,decentralized,proposed,hamiltonian_tensor_cargo,proposed_model_based_decentralized_cargo,model_based_tuning_optional,distributed_hamiltonian_cargo_transport,local_energy_wrench_formation_game,0,9,False,False,support_dual_wrench_market_guarded,cargo,push_drag,load-01,1,6,2,24.0,2,2,0.3,0.85,0.2,0.08726646259971647,0.14,76.0,7.0,inf,True,True,True,True,0.0002156538440083419,1.2730611675948467e-08,7.294103196518147e-07,4.557948384040138,0.9961904761904762,0.003809523809523818,2.1784181079748115,0.20949479255012168,0.06901263044451145,1.0,0,0.0,1,0.11499999970388375,0.11499969008958694,0.08000005107889563,0.06752735714511715,79.3625795987496,22.75630417908367,0.6932212989466047,922.0206599029592,0.16459258762347662,0.7812998222032775,0.0,2.24,41.720000000000006,3,3,16290,821.2481000227854,302.99664187773766,297.71294401390287,5.283697863834789,0.0,0.0
SP5_MC_explicit_control_law,formation_corridor_push,formation_corridor_push_v00,6660,reference_centralized_mpc_cbf_cargo,Reference centralized MPC-CBF cargo,model_based_reference,centralized,reference,time_expanded_mpc_cbf_cargo,reference_model_based_reference_centralized_cargo,none,centralized_reference_mpc_cbf_cargo,global_state_and_time_expanded_constraints,0,10,False,False,wrench_oracle,cargo,push_drag,load-01,1,6,2,24.0,2,2,0.3,0.85,0.2,0.08726646259971647,0.14,76.0,7.0,inf,True,True,True,True,0.0001960168391462222,5.924594148609685e-12,3.394542400432382e-10,4.745804683076735,1.0,0.0,2.7524916790867895,0.19062019430398816,0.0760307106474837,1.0,0,0.0,0,0.1984695223692976,0.11499969008958694,0.08000099999999966,0.08000099999999966,99.69005286671145,21.193641158848042,0.7443343323599932,1026.3401932025054,0.20901018273760805,0.7979232226756876,0.0,3.08,42.7,4,2,16290,1585.3774000424892,297.71294401390287,297.71294401390287,0.0,0.0,0.0
SP5_MC_explicit_control_law,formation_corridor_push,formation_corridor_push_v00,6661,classic_decentralized_apf_push,Classic decentralized APF push,classic,decentralized,baseline,apf_push_drag,baseline_classic_decentralized_push_drag,none,distributed_apf_payload_tracking,local_obstacle_and_slot_state,0,3,False,False,greedy_capacity,push_drag,push_drag,load-01,1,6,2,24.0,2,2,0.3,0.85,0.2,0.08726646259971647,0.14,76.0,7.0,inf,True,True,False,False,4.43496445297774,0.045488411587295996,2.6062940007060504,6.973226205189724,0.9487666034155597,0.05123339658444026,1.2984777740080886,0.23121391518892143,0.4787326261258331,1.0000000018234012,0,0.0,0,0.11499999972581221,0.2829905741461634,0.08000019130126346,0.08000000541548569,52.09256889180929,23.240738934318053,0.6754459277238044,639.4889604612035,0.11306479574233712,0.7048753268297109,0.0,1.2600000000000002,76.0,2,4,16290,687.9998999647796,-49.65117408695293,300.2383196487127,-349.88949373566567,1.0,1.0
SP5_MC_explicit_control_law,formation_corridor_push,formation_corridor_push_v00,6661,sota_centralized_cbf_push,SOTA centralized CBF push,sota,centralized,baseline,cbf_payload_push_drag,baseline_sota_centralized_push_drag,none,centralized_cbf_payload_velocity_projection,global_payload_robot_traffic_state,0,6,False,False,wrench_greedy,push_drag,push_drag,load-01,1,6,2,24.0,2,2,0.3,0.85,0.2,0.08726646259971647,0.14,76.0,7.0,inf,True,True,False,False,3.3353339589562796,0.0776214813739311,4.447383282279582,9.971042770328765,0.9706457925636007,0.02935420743639927,3.6137796220990497,0.3599165326728619,0.7927102296353243,1.0,0,0.0,0,0.1149999999999991,0.14513813807913528,0.08000099999999954,0.08000099999999932,85.48639908347835,17.612920302511263,0.8912697156892821,926.4162631438287,0.18711936961299358,0.7369151144128797,0.0,4.48,76.0,4,2,16290,1081.280899932608,-47.708388994547256,300.2383196487127,-347.94670864325997,1.0,1.0
SP5_MC_explicit_control_law,formation_corridor_push,formation_corridor_push_v00,6661,sota_decentralized_vo_push,SOTA decentralized VO push,sota,decentralized,baseline,velocity_obstacle_push_drag,baseline_sota_decentralized_push_drag,none,distributed_velocity_obstacle_payload_tracking,local_relative_traffic_state,0,6,False,False,cbba_wrench_score,push_drag,push_drag,load-01,1,6,2,24.0,2,2,0.3,0.85,0.2,0.08726646259971647,0.14,76.0,7.0,inf,True,True,False,False,3.155963678516723,0.00101463700065052,0.058134417875087364,8.33073923596363,0.9587426326129665,0.04125736738703345,3.6137796220990497,0.3453968579447069,0.6502640645073727,1.0,0,0.0,0,0.11499999999999921,0.1518697779839771,0.08000099999999988,0.08000099999999932,90.93639399648065,19.16861912014651,0.818935488888634,989.8880223775874,0.19867494728564872,0.704875326829711,0.0,4.760000000000001,76.0,4,2,16290,1087.604200001806,-47.58859366232796,300.2383196487127,-347.8269133110407,1.0,1.0
SP5_MC_explicit_control_law,formation_corridor_push,formation_corridor_push_v00,6661,sota_decentralized_vo_cargo,SOTA decentralized VO cargo,sota,decentralized,baseline,velocity_obstacle_cargo,baseline_sota_decentralized_cargo,none,distributed_velocity_obstacle_cargo_transport,local_relative_traffic_state,0,6,False,False,cbba_wrench_score,cargo,push_drag,load-01,1,6,2,24.0,2,2,0.3,0.85,0.2,0.08726646259971647,0.14,76.0,7.0,inf,True,True,True,True,0.0014280043203607718,8.68515481755594e-10,4.9762271546366985e-08,4.83334846995182,1.0,0.0,3.6137796220990497,0.25484249653540064,0.09620626116820313,1.0,0,0.0,0,0.11499999999999955,0.5540810923696573,0.08000099999999954,0.08000099999999954,89.63228732013013,19.766017240562583,0.7941843963518876,982.8975319767001,0.19614804347850595,0.7208952206212954,0.0,4.62,42.00000000000001,4,2,16290,543.8750999746844,300.55856584413965,300.2383196487127,0.32024619542693245,0.0,0.0
SP5_MC_explicit_control_law,formation_corridor_push,formation_corridor_push_v00,6661,ours_tensor_game_push,Ours tensor-game push,model_based,decentralized,proposed,smooth_tensor_game_wrench_push,proposed_model_based_decentralized_push_drag,model_based_tuning_optional,distributed_tensor_game_wrench_transport,local_tensor_field_and_wrench_residual,0,9,False,False,smith_wrench_pairs_guarded,push_drag,push_drag,load-01,1,6,2,24.0,2,2,0.3,0.85,0.2,0.08726646259971647,0.14,76.0,7.0,inf,True,True,False,False,1.288128166308547,3.2068705526633323e-06,0.00018374014811239474,6.361686081868069,0.9879275653923542,0.012072434607645843,4.3098778972837195,0.39949676537633394,0.4445827231233469,1.0,0,0.0,0,0.11499999977202102,0.11499999999999982,0.08000099999999921,0.08000001315936012,96.55168794058932,20.27652955662145,0.7741888189811528,1050.1149189493528,0.21094274521676162,0.7369151144128797,0.0,6.44,76.0,4,2,16290,1302.7707000728697,-29.720775364871535,300.2383196487127,-329.95909501358426,1.0,1.0
SP5_MC_explicit_control_law,formation_corridor_push,formation_corridor_push_v00,6661,ours_explicit_vgne_cbf_push,Ours explicit vGNE-CBF push,model_based,decentralized,proposed,closed_form_explicit_vgne_cbf_push,proposed_model_based_decentralized_push_drag,closed_form_model_based,distributed_explicit_vgne_cbf_transport,local_contact_geometry_consensus_scalars_and_wrench_residual,0,10,False,False,support_dual_wrench_market_guarded,push_drag,push_drag,load-01,1,6,2,24.0,2,2,0.3,0.85,0.2,0.08726646259971647,0.14,76.0,7.0,inf,True,True,False,False,3.5207487195558955,2.884016095272557e-06,0.00016524195030691703,6.489649460505394,0.9864341085271318,0.013565891472868241,3.4026544752885646,0.27278046114020577,0.7507063798737176,1.005532306977086,0,0.0,0,0.11499999962795282,0.6622685290991228,0.08000003947057499,0.08000003947057499,79.47001771577621,23.179646702651056,0.6772261316943124,939.317607098633,0.17415506221585147,0.7369151144128797,0.0,3.7800000000000002,76.0,3,3,16290,1439.879099954851,-45.55196455223857,300.2383196487127,-345.7902842009513,1.0,1.0
SP5_MC_explicit_control_law,formation_corridor_push,formation_corridor_push_v00,6661,ours_explicit_vgne_cbf_cargo,Ours explicit vGNE-CBF cargo,model_based,decentralized,proposed,closed_form_explicit_vgne_cbf_cargo,proposed_model_based_decentralized_cargo,closed_form_model_based,distributed_explicit_vgne_cbf_caging_transport,local_contact_geometry_consensus_scalars_and_wrench_residual,0,10,False,False,support_dual_wrench_market_guarded,cargo,push_drag,load-01,1,6,2,24.0,2,2,0.3,0.85,0.2,0.08726646259971647,0.14,76.0,7.0,inf,True,True,True,True,2.5558418384063734e-11,1.3322676295501878e-15,7.63333123551244e-14,4.715786450532923,1.0,0.0,3.4026544752885646,0.19715804252101374,0.08659744424165015,1.0,0,0.0,0,0.11499999999999877,0.7087342309389186,0.08000099999999966,0.08000099999999966,66.9240501338616,19.11052530696297,0.8214249591955299,787.4642886156814,0.14587540213811773,0.752935008204464,0.0,3.6400000000000006,43.120000000000005,3,3,16290,745.0146999908611,306.1640995122867,300.2383196487127,5.925779863574007,0.0,0.0
SP5_MC_explicit_control_law,formation_corridor_push,formation_corridor_push_v00,6661,ours_hamiltonian_cargo,Ours Hamiltonian cargo,model_based,decentralized,proposed,hamiltonian_tensor_cargo,proposed_model_based_decentralized_cargo,model_based_tuning_optional,distributed_hamiltonian_cargo_transport,local_energy_wrench_formation_game,0,9,False,False,support_dual_wrench_market_guarded,cargo,push_drag,load-01,1,6,2,24.0,2,2,0.3,0.85,0.2,0.08726646259971647,0.14,76.0,7.0,inf,True,True,True,True,7.654769793306832e-05,1.3075318605615394e-11,7.491605718906426e-10,4.78926340515029,1.0,0.0,3.4026544752885646,0.18670345911346056,0.08022836315360593,1.0,0,0.0,0,0.11499999999999899,0.6974558118716507,0.08000099999999954,0.08000099999999954,69.52392252395262,20.23416138730343,0.7758098875462822,820.8651264106003,0.15175740911763752,0.752935008204464,0.0,3.6400000000000006,42.56,3,3,16290,623.4088999917731,305.71462349924457,300.2383196487127,5.476303850531849,0.0,0.0
SP5_MC_explicit_control_law,formation_corridor_push,formation_corridor_push_v00,6661,reference_centralized_mpc_cbf_cargo,Reference centralized MPC-CBF cargo,model_based_reference,centralized,reference,time_expanded_mpc_cbf_cargo,reference_model_based_reference_centralized_cargo,none,centralized_reference_mpc_cbf_cargo,global_state_and_time_expanded_constraints,0,10,False,False,wrench_oracle,cargo,push_drag,load-01,1,6,2,24.0,2,2,0.3,0.85,0.2,0.08726646259971647,0.14,76.0,7.0,inf,True,True,True,True,3.62020473432165e-05,1.4357404154452524e-12,8.22618662813724e-11,5.1290490635954376,1.0,0.0,4.3098778972837195,0.3298270801943365,0.11299980957928521,1.0,0,0.0,0,0.11499999999999888,0.7450458002566245,0.1285834102175497,0.1285834102175497,88.15040822936687,18.995762996367525,0.8263875725065127,962.856754295781,0.1930726754163828,0.7689549019960483,0.0,6.16,43.120000000000005,4,2,16290,1483.1902000587434,300.2383196487127,300.2383196487127,0.0,0.0,0.0
SP5_MC_explicit_control_law,multi_group_crossing_push,multi_group_crossing_push_v00,6650,classic_decentralized_apf_push,Classic decentralized APF push,classic,decentralized,baseline,apf_push_drag,baseline_classic_decentralized_push_drag,none,distributed_apf_payload_tracking,local_obstacle_and_slot_state,0,3,False,False,greedy_capacity,push_drag,push_drag,load-01,1,8,3,24.0,0,2,0.3,0.85,0.2,0.08726646259971647,0.14,80.0,7.0,6.0,True,True,False,False,1.0288511491954349,1.2198513773471755,69.89233555521355,6.536354283128344,0.46934865900383144,0.5306513409961686,9.00951365805995,1.7055339315873168,0.5224034798487417,1.0461636305793933,0,0.0,0,0.11499999999999821,inf,0.08000099999999977,0.08000099999999977,56.81327733269816,17.464945148830324,0.8905992615570909,633.97028186204,0.08814213711032833,0.6722756069171053,0.0,7.000000000000001,80.0,2,6,9530,876.4765999512747,-89.46289583187425,295.0480253791625,-384.5109212110367,1.0,1.0
SP5_MC_explicit_control_law,multi_group_crossing_push,multi_group_crossing_push_v00,6650,sota_centralized_cbf_push,SOTA centralized CBF push,sota,centralized,baseline,cbf_payload_push_drag,baseline_sota_centralized_push_drag,none,centralized_cbf_payload_velocity_projection,global_payload_robot_traffic_state,0,6,False,False,wrench_greedy,push_drag,push_drag,load-01,1,8,3,24.0,0,2,0.3,0.85,0.2,0.08726646259971647,0.14,80.0,7.0,6.0,True,True,False,False,4.850113423690876,1.2276589522741688e-07,7.033967664676243e-06,7.177749189490158,1.0,0.0,3.7489080718218886,0.2185441256764853,0.4175923175583078,1.0,0,0.0,0,0.11499999999999955,inf,0.11499999999999971,0.2879203370338498,87.533115529177,18.101505469743415,0.8592803111698234,851.3108776117984,0.13588056580332206,0.7850858496958117,0.0,3.9200000000000004,80.0,4,4,32032,1331.0788999078795,-59.62271434959744,295.0480253791625,-354.67073972875994,1.0,1.0
SP5_MC_explicit_control_law,multi_group_crossing_push,multi_group_crossing_push_v00,6650,sota_decentralized_vo_push,SOTA decentralized VO push,sota,decentralized,baseline,velocity_obstacle_push_drag,baseline_sota_decentralized_push_drag,none,distributed_velocity_obstacle_payload_tracking,local_relative_traffic_state,0,6,False,False,cbba_wrench_score,push_drag,push_drag,load-01,1,8,3,24.0,0,2,0.3,0.85,0.2,0.08726646259971647,0.14,80.0,7.0,6.0,True,True,False,False,4.643244242748888,1.0013580009626821e-07,5.7373587236818715e-06,7.03832359039637,1.0,0.0,3.7489080718218886,0.2514670475731018,0.3831397596096628,1.0,0,0.0,0,0.1149999999999991,inf,0.11499999999999971,0.33235769372324986,85.95666750980874,17.94391457619466,0.8668268669378582,837.3324368889824,0.13343637436040826,0.7509516823177329,0.0,4.0600000000000005,80.0,4,4,12152,1330.8026999002323,-57.30938938161775,295.0480253791625,-352.3574147607802,1.0,1.0
SP5_MC_explicit_control_law,multi_group_crossing_push,multi_group_crossing_push_v00,6650,sota_decentralized_vo_cargo,SOTA decentralized VO cargo,sota,decentralized,baseline,velocity_obstacle_cargo,baseline_sota_decentralized_cargo,none,distributed_velocity_obstacle_cargo_transport,local_relative_traffic_state,0,6,False,False,cbba_wrench_score,cargo,push_drag,load-01,1,8,3,24.0,0,2,0.3,0.85,0.2,0.08726646259971647,0.14,80.0,7.0,6.0,True,True,True,True,0.0006227945323200784,5.6711080276272696e-11,3.249305551458032e-09,4.219218761283958,1.0,0.0,3.7489080718218886,0.21330995097987904,0.0839078339452863,1.0,0,0.0,0,0.11499999999999955,inf,0.08000099999999977,0.08000099999999977,100.16310317454223,22.193485917686512,0.700848316950868,986.7351576976191,0.15501074193768588,0.7680187660067723,0.0,3.9200000000000004,41.02,4,4,13274,691.2400999572128,299.3592143843993,295.0480253791625,4.311189005236827,0.0,0.0
SP5_MC_explicit_control_law,multi_group_crossing_push,multi_group_crossing_push_v00,6650,ours_tensor_game_push,Ours tensor-game push,model_based,decentralized,proposed,smooth_tensor_game_wrench_push,proposed_model_based_decentralized_push_drag,model_based_tuning_optional,distributed_tensor_game_wrench_transport,local_tensor_field_and_wrench_residual,0,9,False,False,smith_wrench_pairs_guarded,push_drag,push_drag,load-01,1,8,3,24.0,0,2,0.3,0.85,0.2,0.08726646259971647,0.14,80.0,7.0,6.0,True,True,False,False,6.042648047226811,2.6964521282479836e-08,1.5449532660767805e-06,7.912872684936638,1.0,0.0,4.4814323210150295,0.27729287440635086,0.5007317074512784,1.0,0,0.0,0,0.11499999999999977,inf,0.11499999999999971,0.1996429201542823,89.31471176366574,18.314897635481273,0.8492685879144775,878.2560394002982,0.13895251202330738,0.7850858496958117,0.0,5.180000000000001,80.0,4,4,12090,1592.1746999956667,-70.9995535006661,295.0480253791625,-366.04757887982856,1.0,1.0
SP5_MC_explicit_control_law,multi_group_crossing_push,multi_group_crossing_push_v00,6650,ours_explicit_vgne_cbf_push,Ours explicit vGNE-CBF push,model_based,decentralized,proposed,closed_form_explicit_vgne_cbf_push,proposed_model_based_decentralized_push_drag,closed_form_model_based,distributed_explicit_vgne_cbf_transport,local_contact_geometry_consensus_scalars_and_wrench_residual,0,10,False,False,support_dual_wrench_market_guarded,push_drag,push_drag,load-01,1,8,3,24.0,0,2,0.3,0.85,0.2,0.08726646259971647,0.14,80.0,7.0,6.0,True,True,False,False,4.720971441432355,5.273220571311299e-08,3.021332831777022e-06,8.80447347529663,0.8045977011494253,0.1954022988505747,9.591741901215093,1.1833960871460156,0.8626157459110465,1.2084771352750359,0,0.0,0,0.11499999976107056,inf,0.0800009999999991,0.0800009999999991,88.54659869446098,22.77680497044465,0.6828994353188129,944.778088213292,0.1393852104760301,0.702833589049701,0.0,7.000000000000001,80.0,3,5,9562,1340.7568000257015,-78.32768713643797,295.0480253791625,-373.37571251560047,1.0,1.0
SP5_MC_explicit_control_law,multi_group_crossing_push,multi_group_crossing_push_v00,6650,ours_explicit_vgne_cbf_cargo,Ours explicit vGNE-CBF cargo,model_based,decentralized,proposed,closed_form_explicit_vgne_cbf_cargo,proposed_model_based_decentralized_cargo,closed_form_model_based,distributed_explicit_vgne_cbf_caging_transport,local_contact_geometry_consensus_scalars_and_wrench_residual,0,10,False,False,support_dual_wrench_market_guarded,cargo,push_drag,load-01,1,8,3,24.0,0,2,0.3,0.85,0.2,0.08726646259971647,0.14,80.0,7.0,6.0,True,True,True,True,3.736690747698362e-12,1.3322676295501878e-15,7.63333123551244e-14,5.418704391656662,0.8314176245210728,0.16858237547892718,9.591741901215093,1.0965811819737608,0.2168954459908181,1.2368597306770508,0,0.0,0,0.11499999962109009,inf,0.08000099999999999,0.08000099999999999,66.20327781916897,17.011223981696098,0.9143532099406612,707.592795858565,0.10321431855183061,0.7181125801159989,0.0,7.000000000000001,44.38,3,5,10814,766.8945000041276,290.29197077171506,295.0480253791625,-4.756054607447425,0.016119594772191676,0.016119594772191676
SP5_MC_explicit_control_law,multi_group_crossing_push,multi_group_crossing_push_v00,6650,ours_hamiltonian_cargo,Ours Hamiltonian cargo,model_based,decentralized,proposed,hamiltonian_tensor_cargo,proposed_model_based_decentralized_cargo,model_based_tuning_optional,distributed_hamiltonian_cargo_transport,local_energy_wrench_formation_game,0,9,False,False,support_dual_wrench_market_guarded,cargo,push_drag,load-01,1,8,3,24.0,0,2,0.3,0.85,0.2,0.08726646259971647,0.14,80.0,7.0,6.0,True,True,True,True,0.00040350424655747865,1.30578214907473e-10,7.481580610550453e-09,5.592214948099081,0.8218390804597702,0.17816091954022983,9.591741901215093,1.0831442779745075,0.18029537798224762,1.0112419012886678,0,0.0,0,0.11499999970756214,inf,0.11499999999999971,0.20937099264048864,72.27474485771708,19.171319274981172,0.8113300409629038,777.2202627191413,0.11317250898941329,0.7181125801159989,0.0,7.000000000000001,44.940000000000005,3,5,10738,672.1362000098452,287.02998387609,295.0480253791625,-8.018041503072482,0.027175377611046873,0.027175377611046873
SP5_MC_explicit_control_law,multi_group_crossing_push,multi_group_crossing_push_v00,6650,reference_centralized_mpc_cbf_cargo,Reference centralized MPC-CBF cargo,model_based_reference,centralized,reference,time_expanded_mpc_cbf_cargo,reference_model_based_reference_centralized_cargo,none,centralized_reference_mpc_cbf_cargo,global_state_and_time_expanded_constraints,0,10,False,False,wrench_oracle,cargo,push_drag,load-01,1,8,3,24.0,0,2,0.3,0.85,0.2,0.08726646259971647,0.14,80.0,7.0,6.0,True,True,True,True,0.0002727229558263532,3.597122599785507e-14,2.060999433588359e-12,4.301375781473622,1.0,0.0,2.7765431867107577,0.16850478032883337,0.0696074702230109,1.0,0,0.0,0,0.11499999967258734,inf,0.08000099999999977,0.08000099999999977,108.21225092606737,24.04709165218378,0.6468252991945851,1068.0262456285247,0.16628796881421876,0.8192200170738904,0.0,2.5200000000000005,43.540000000000006,4,4,32032,4083.5122000426054,295.0480253791625,295.0480253791625,0.0,0.0,0.0
SP5_MC_explicit_control_law,multi_group_crossing_push,multi_group_crossing_push_v00,6651,classic_decentralized_apf_push,Classic decentralized APF push,classic,decentralized,baseline,apf_push_drag,baseline_classic_decentralized_push_drag,none,distributed_apf_payload_tracking,local_obstacle_and_slot_state,0,3,False,False,greedy_capacity,push_drag,push_drag,load-01,1,8,3,24.0,0,2,0.3,0.85,0.2,0.08726646259971647,0.14,80.0,7.0,6.0,True,True,False,False,12.308272782770908,1.6772787868166006,96.10099555141416,13.476441170537532,0.8256704980842912,0.17432950191570884,13.908593081775537,1.9123572068648726,0.9607551435523773,1.0220531901069516,0,0.0,0,0.11499999999999977,inf,0.14996354971939613,3.785174620895546,25.9353137971236,5.286940975060103,1.0,296.82876504513285,0.040302199590652114,0.6376824079252235,0.0,7.000000000000001,80.0,2,6,9168,1442.2209999756888,-155.75707755365318,294.73748673110975,-450.49456428476293,1.0,1.0
SP5_MC_explicit_control_law,multi_group_crossing_push,multi_group_crossing_push_v00,6651,sota_centralized_cbf_push,SOTA centralized CBF push,sota,centralized,baseline,cbf_payload_push_drag,baseline_sota_centralized_push_drag,none,centralized_cbf_payload_velocity_projection,global_payload_robot_traffic_state,0,6,False,False,wrench_greedy,push_drag,push_drag,load-01,1,8,3,24.0,0,2,0.3,0.85,0.2,0.08726646259971647,0.14,80.0,7.0,6.0,True,True,False,False,3.7781794716535537,5.56181329600669e-05,0.00318668428300929,9.276186831524958,0.789272030651341,0.210727969348659,14.007666387714794,2.2364019555299555,0.6076094023510805,1.0067672229058107,0,0.0,0,0.11499999999999921,inf,0.08000099999999966,0.08000099999999966,108.55215410286455,17.86242812808975,0.8710872836073106,1062.1969266310828,0.16875856376241335,0.8046309160030054,0.0,7.000000000000001,80.0,4,4,32032,1333.7479000911117,-76.30952431748648,294.73748673110975,-371.04701104859623,1.0,1.0
SP5_MC_explicit_control_law,multi_group_crossing_push,multi_group_crossing_push_v00,6651,sota_decentralized_vo_push,SOTA decentralized VO push,sota,decentralized,baseline,velocity_obstacle_push_drag,baseline_sota_decentralized_push_drag,none,distributed_velocity_obstacle_payload_tracking,local_relative_traffic_state,0,6,False,False,cbba_wrench_score,push_drag,push_drag,load-01,1,8,3,24.0,0,2,0.3,0.85,0.2,0.08726646259971647,0.14,80.0,7.0,6.0,True,True,False,False,4.822660516912432,0.00013376829175815175,0.00766435855041673,9.688845749290666,0.8218390804597702,0.17816091954022983,11.427740682342174,1.6110897636950774,0.6563026058463313,1.0063390223446471,0,0.0,0,0.11499999999999877,inf,0.08000099999999977,0.08000099999999977,104.77950753986052,19.95831706918737,0.7796115244982453,1000.582448099301,0.16435819854982975,0.7696469631333095,0.0,7.000000000000001,80.0,4,4,12282,1315.7286999048665,-81.19894057215188,294.73748673110975,-375.93642730326167,1.0,1.0
SP5_MC_explicit_control_law,multi_group_crossing_push,multi_group_crossing_push_v00,6651,sota_decentralized_vo_cargo,SOTA decentralized VO cargo,sota,decentralized,baseline,velocity_obstacle_cargo,baseline_sota_decentralized_cargo,none,distributed_velocity_obstacle_cargo_transport,local_relative_traffic_state,0,6,False,False,cbba_wrench_score,cargo,push_drag,load-01,1,8,3,24.0,0,2,0.3,0.85,0.2,0.08726646259971647,0.14,80.0,7.0,6.0,True,True,True,True,0.0018137235887008885,1.0818576257065615e-08,6.198587598702989e-07,6.298433344214236,0.8524904214559387,0.14750957854406133,11.427740682342174,1.4915401204908625,0.23641602459581396,1.007209271735536,0,0.0,0,0.11499999969054098,inf,0.493775884794341,0.493775884794341,87.12079155638867,17.237811017340384,0.9026513854384525,833.7789482389974,0.13727697672065778,0.7871389395681574,0.0,7.000000000000001,47.46000000000001,4,4,13464,679.2392999632284,284.68817647226354,294.73748673110975,-10.04931025884622,0.03409579952079271,0.03409579952079271
SP5_MC_explicit_control_law,multi_group_crossing_push,multi_group_crossing_push_v00,6651,ours_tensor_game_push,Ours tensor-game push,model_based,decentralized,proposed,smooth_tensor_game_wrench_push,proposed_model_based_decentralized_push_drag,model_based_tuning_optional,distributed_tensor_game_wrench_transport,local_tensor_field_and_wrench_residual,0,9,False,False,smith_wrench_pairs_guarded,push_drag,push_drag,load-01,1,8,3,24.0,0,2,0.3,0.85,0.2,0.08726646259971647,0.14,80.0,7.0,6.0,True,True,False,False,6.7645363471412,6.691350988852207e-07,3.833861709019214e-05,8.257675736761897,1.0,0.0,3.9508614841861545,0.27510859373448754,0.5365328061742567,1.0,0,0.0,0,0.11499999999999988,inf,0.10322144517599519,0.10322144517599519,98.65281369550367,20.808543648212215,0.7477569915406044,1081.979373471591,0.1536649283507285,0.8046309160030054,0.0,4.9,80.0,4,4,12928,1635.7853999361396,-81.62209811555233,294.73748673110975,-376.3595848466621,1.0,1.0
SP5_MC_explicit_control_law,multi_group_crossing_push,multi_group_crossing_push_v00,6651,ours_explicit_vgne_cbf_push,Ours explicit vGNE-CBF push,model_based,decentralized,proposed,closed_form_explicit_vgne_cbf_push,proposed_model_based_decentralized_push_drag,closed_form_model_based,distributed_explicit_vgne_cbf_transport,local_contact_geometry_consensus_scalars_and_wrench_residual,0,10,False,False,support_dual_wrench_market_guarded,push_drag,push_drag,load-01,1,8,3,24.0,0,2,0.3,0.85,0.2,0.08726646259971647,0.14,80.0,7.0,6.0,True,True,False,False,4.112817586418505,2.753955228751437e-06,0.00015779001157544253,8.274590295348263,0.8256704980842912,0.17432950191570884,14.616721339177143,2.068885991137045,0.8677608932946103,1.208477135275036,0,0.0,0,0.11499999999999899,inf,0.08000099999999943,0.08000099999999943,77.92123424099341,19.43158610246989,0.8007444124569311,931.4631011700912,0.12112380295100186,0.6666679719218245,0.0,7.000000000000001,80.0,3,5,10932,1239.8640000028536,-68.78008990837291,294.73748673110975,-363.5175766394827,1.0,1.0
SP5_MC_explicit_control_law,multi_group_crossing_push,multi_group_crossing_push_v00,6651,ours_explicit_vgne_cbf_cargo,Ours explicit vGNE-CBF cargo,model_based,decentralized,proposed,closed_form_explicit_vgne_cbf_cargo,proposed_model_based_decentralized_cargo,closed_form_model_based,distributed_explicit_vgne_cbf_caging_transport,local_contact_geometry_consensus_scalars_and_wrench_residual,0,10,False,False,support_dual_wrench_market_guarded,cargo,push_drag,load-01,1,8,3,24.0,0,2,0.3,0.85,0.2,0.08726646259971647,0.14,80.0,7.0,6.0,True,True,True,True,1.8377230914701458e-11,1.3322676295501878e-15,7.63333123551244e-14,6.269997361233805,0.8295019157088123,0.17049808429118773,14.616721339177143,2.0048801506606524,0.2944348539631686,1.2368597306770508,0,0.0,0,0.424028442248671,inf,0.14996354971939613,0.4682196663205307,63.14062295561834,15.781130175780389,0.985970828667794,754.3189266080064,0.09838666005300799,0.681160753920125,0.0,7.000000000000001,46.620000000000005,3,5,12562,834.8770999582484,288.42054274086433,294.73748673110975,-6.31694399024542,0.021432441662937823,0.021432441662937823
SP5_MC_explicit_control_law,multi_group_crossing_push,multi_group_crossing_push_v00,6651,ours_hamiltonian_cargo,Ours Hamiltonian cargo,model_based,decentralized,proposed,hamiltonian_tensor_cargo,proposed_model_based_decentralized_cargo,model_based_tuning_optional,distributed_hamiltonian_cargo_transport,local_energy_wrench_formation_game,0,9,False,False,support_dual_wrench_market_guarded,cargo,push_drag,load-01,1,8,3,24.0,0,2,0.3,0.85,0.2,0.08726646259971647,0.14,80.0,7.0,6.0,True,True,True,True,0.0002560728512884066,5.002971370515752e-10,2.866491445553338e-08,6.303322108332858,0.8295019157088123,0.17049808429118773,14.616721339177143,2.0092121476798006,0.2567817715321281,1.0112419012886678,0,0.0,0,0.4250058091023089,inf,0.14996354971939613,0.5283923866613836,67.6077003254619,17.29109818296636,0.8998696226279355,810.9054445135489,0.10534732661035598,0.681160753920125,0.0,7.000000000000001,45.78,3,5,12542,704.6353999758139,287.56512593492454,294.73748673110975,-7.172360796185217,0.024334742335400963,0.024334742335400963
SP5_MC_explicit_control_law,multi_group_crossing_push,multi_group_crossing_push_v00,6651,reference_centralized_mpc_cbf_cargo,Reference centralized MPC-CBF cargo,model_based_reference,centralized,reference,time_expanded_mpc_cbf_cargo,reference_model_based_reference_centralized_cargo,none,centralized_reference_mpc_cbf_cargo,global_state_and_time_expanded_constraints,0,10,False,False,wrench_oracle,cargo,push_drag,load-01,1,8,3,24.0,0,2,0.3,0.85,0.2,0.08726646259971647,0.14,80.0,7.0,6.0,True,True,True,True,3.7168838774690695e-05,6.834532939592464e-13,3.915898923817882e-11,4.27289648888595,0.9945155393053017,0.005484460694698323,2.882063998724854,0.22207688363954864,0.07950904148021457,1.0,0,0.0,0,0.11499999999999944,inf,0.08000099999999977,0.08000099999999977,105.94270894655351,23.87791329199309,0.6516370926745143,1172.2056144127519,0.16458646207258212,0.8396148688727012,0.0,3.08,42.14,4,4,32032,4361.080799950287,294.73748673110975,294.73748673110975,0.0,0.0,0.0
SP5_MC_explicit_control_law,multi_group_crossing_push,multi_group_crossing_push_v00,6652,classic_decentralized_apf_push,Classic decentralized APF push,classic,decentralized,baseline,apf_push_drag,baseline_classic_decentralized_push_drag,none,distributed_apf_payload_tracking,local_obstacle_and_slot_state,0,3,False,False,greedy_capacity,push_drag,push_drag,load-01,1,8,3,24.0,0,2,0.3,0.85,0.2,0.08726646259971647,0.14,80.0,7.0,6.0,True,True,False,False,4.217020004743295,0.04586870283166222,2.6280830839940137,5.974041465565745,0.9682539682539683,0.031746031746031744,1.306329619854613,0.15680163521760576,0.33470926460839884,1.0000176537804373,0,0.0,0,0.11499999999999921,inf,0.0800000031989847,0.0800000031989847,55.989032834451464,26.903461060067094,0.5866418599269183,621.7867178946601,0.08665300096073986,0.7333035880731015,0.0,0.7000000000000001,80.0,2,6,8262,942.8497001063079,-49.33415623446977,295.8812891349121,-345.2154453693819,1.0,1.0
SP5_MC_explicit_control_law,multi_group_crossing_push,multi_group_crossing_push_v00,6652,sota_centralized_cbf_push,SOTA centralized CBF push,sota,centralized,baseline,cbf_payload_push_drag,baseline_sota_centralized_push_drag,none,centralized_cbf_payload_velocity_projection,global_payload_robot_traffic_state,0,6,False,False,wrench_greedy,push_drag,push_drag,load-01,1,8,3,24.0,0,2,0.3,0.85,0.2,0.08726646259971647,0.14,80.0,7.0,6.0,True,True,False,False,7.048862618644444,3.6774289693397577e-06,0.00021070115940231233,9.434476931032137,0.9482758620689655,0.051724137931034475,9.374030853434062,0.8447436803660153,0.5887593417847354,1.0067672229058107,0,0.0,0,0.11499999998575405,inf,0.08000099999999943,0.08000099999999943,112.17084602026527,21.445697151851224,0.7359376719253351,1124.4599434258066,0.17459529725362566,0.7666355693491516,0.0,7.000000000000001,80.0,4,4,32032,1297.4396999925375,-92.03789446972714,295.8812891349121,-387.9191836046392,1.0,1.0
SP5_MC_explicit_control_law,multi_group_crossing_push,multi_group_crossing_push_v00,6652,sota_decentralized_vo_push,SOTA decentralized VO push,sota,decentralized,baseline,velocity_obstacle_push_drag,baseline_sota_decentralized_push_drag,none,distributed_velocity_obstacle_payload_tracking,local_relative_traffic_state,0,6,False,False,cbba_wrench_score,push_drag,push_drag,load-01,1,8,3,24.0,0,2,0.3,0.85,0.2,0.08726646259971647,0.14,80.0,7.0,6.0,True,True,False,False,6.948125489765814,4.491940662987304e-06,0.0002573692418123694,9.43285748265239,0.9425287356321839,0.05747126436781613,9.374030853434062,0.9112031646624016,0.5681547351551272,1.0063390223446471,0,0.0,0,0.11499999966763252,inf,0.08000099999999954,0.08000099999999954,111.86443404183962,21.393336884596366,0.737738881965302,1120.053952843698,0.17400649051666567,0.7333035880731015,0.0,7.000000000000001,80.0,4,4,10508,1347.2668000031263,-91.5692259394223,295.8812891349121,-387.45051507433436,1.0,1.0
SP5_MC_explicit_control_law,multi_group_crossing_push,multi_group_crossing_push_v00,6652,sota_decentralized_vo_cargo,SOTA decentralized VO cargo,sota,decentralized,baseline,velocity_obstacle_cargo,baseline_sota_decentralized_cargo,none,distributed_velocity_obstacle_cargo_transport,local_relative_traffic_state,0,6,False,False,cbba_wrench_score,cargo,push_drag,load-01,1,8,3,24.0,0,2,0.3,0.85,0.2,0.08726646259971647,0.14,80.0,7.0,6.0,True,True,True,True,0.0002584152833614151,8.36803071280201e-10,4.794528426794051e-08,5.303018079960788,0.946360153256705,0.05363984674329503,9.374030853434062,0.7986379472175302,0.15538103458273914,1.007209271735536,0,0.0,0,0.11499999997910004,inf,0.11499999999999982,0.2114689392507788,101.67230465861569,20.557601776672247,0.7677304291718797,1021.494476456122,0.15827359622759857,0.7499695787111265,0.0,7.000000000000001,43.260000000000005,4,4,14436,669.7707999264821,291.8979402507499,295.8812891349121,-3.983348884162183,0.013462658946121826,0.013462658946121826
SP5_MC_explicit_control_law,multi_group_crossing_push,multi_group_crossing_push_v00,6652,ours_tensor_game_push,Ours tensor-game push,model_based,decentralized,proposed,smooth_tensor_game_wrench_push,proposed_model_based_decentralized_push_drag,model_based_tuning_optional,distributed_tensor_game_wrench_transport,local_tensor_field_and_wrench_residual,0,9,False,False,smith_wrench_pairs_guarded,push_drag,push_drag,load-01,1,8,3,24.0,0,2,0.3,0.85,0.2,0.08726646259971647,0.14,80.0,7.0,6.0,True,True,False,False,8.016678543573544,1.2309573493851644e-07,7.052866088038063e-06,8.93828283444066,1.0,0.0,4.363218746135604,0.31543880938960106,0.6017409758688359,1.0,0,0.0,0,0.11499999999999944,inf,0.11499999999999982,0.20608405313088862,94.72548616340056,20.025544095197514,0.7881282206226874,922.5837688364531,0.14750874829484276,0.7666355693491517,0.0,5.6000000000000005,80.0,4,4,11110,1607.6449999818578,-90.27170184333467,295.8812891349121,-386.15299097824675,1.0,1.0
SP5_MC_explicit_control_law,multi_group_crossing_push,multi_group_crossing_push_v00,6652,ours_explicit_vgne_cbf_push,Ours explicit vGNE-CBF push,model_based,decentralized,proposed,closed_form_explicit_vgne_cbf_push,proposed_model_based_decentralized_push_drag,closed_form_model_based,distributed_explicit_vgne_cbf_transport,local_contact_geometry_consensus_scalars_and_wrench_residual,0,10,False,False,support_dual_wrench_market_guarded,push_drag,push_drag,load-01,1,8,3,24.0,0,2,0.3,0.85,0.2,0.08726646259971647,0.14,80.0,7.0,6.0,True,True,False,False,5.60871991338292,0.025673046634394847,1.4709572193933673,7.434583276867212,1.0,0.0,3.696375717805627,0.2602853585813913,0.7985111215696902,1.0001588321296515,0,0.0,0,0.11499999998951516,inf,0.08000099999999977,0.08000099999999977,70.81605171384588,19.591051875263286,0.805607403585984,735.3927924105961,0.11014030556535992,0.7666355693491516,0.0,6.0200000000000005,80.0,3,5,8280,1094.5291999960318,-62.5121968772848,295.8812891349121,-358.3934860121969,1.0,1.0
SP5_MC_explicit_control_law,multi_group_crossing_push,multi_group_crossing_push_v00,6652,ours_explicit_vgne_cbf_cargo,Ours explicit vGNE-CBF cargo,model_based,decentralized,proposed,closed_form_explicit_vgne_cbf_cargo,proposed_model_based_decentralized_cargo,closed_form_model_based,distributed_explicit_vgne_cbf_caging_transport,local_contact_geometry_consensus_scalars_and_wrench_residual,0,10,False,False,support_dual_wrench_market_guarded,cargo,push_drag,load-01,1,8,3,24.0,0,2,0.3,0.85,0.2,0.08726646259971647,0.14,80.0,7.0,6.0,True,True,True,True,3.28680021701185e-13,1.3322676295501878e-15,7.63333123551244e-14,4.306971567608515,1.0,0.0,3.696375717805627,0.23188777272335206,0.0962251364485754,1.0,0,0.0,0,0.11499999999752042,inf,0.08000099999999932,0.08000099999999932,71.60439526102269,20.33722415830756,0.7760496866187169,747.4505024783517,0.11122835699786764,0.7833015599871764,0.0,5.32,40.88,3,5,11036,819.355700048618,307.4818028232727,295.8812891349121,11.600513688360593,0.0,0.0
SP5_MC_explicit_control_law,multi_group_crossing_push,multi_group_crossing_push_v00,6652,ours_hamiltonian_cargo,Ours Hamiltonian cargo,model_based,decentralized,proposed,hamiltonian_tensor_cargo,proposed_model_based_decentralized_cargo,model_based_tuning_optional,distributed_hamiltonian_cargo_transport,local_energy_wrench_formation_game,0,9,False,False,support_dual_wrench_market_guarded,cargo,push_drag,load-01,1,8,3,24.0,0,2,0.3,0.85,0.2,0.08726646259971647,0.14,80.0,7.0,6.0,True,True,True,True,0.0003329577244872782,1.0116213200461743e-08,5.796163210409889e-07,4.630454781798528,1.0,0.0,3.696375717805627,0.23078180051835984,0.09779504492130618,1.0,0,0.0,0,0.1149999999977368,inf,0.08000099999999977,0.08000099999999977,79.71836516660085,23.129684940108888,0.6823567409420528,837.4998811276309,0.12424395761814618,0.7833015599871764,0.0,5.32,42.980000000000004,3,5,10858,754.2207000078633,303.36269889486806,295.8812891349121,7.481409759955966,0.0,0.0
SP5_MC_explicit_control_law,multi_group_crossing_push,multi_group_crossing_push_v00,6652,reference_centralized_mpc_cbf_cargo,Reference centralized MPC-CBF cargo,model_based_reference,centralized,reference,time_expanded_mpc_cbf_cargo,reference_model_based_reference_centralized_cargo,none,centralized_reference_mpc_cbf_cargo,global_state_and_time_expanded_constraints,0,10,False,False,wrench_oracle,cargo,push_drag,load-01,1,8,3,24.0,0,2,0.3,0.85,0.2,0.08726646259971647,0.14,80.0,7.0,6.0,True,True,True,True,0.00011708793908093563,2.7977620220553945e-14,1.6029995594576124e-12,4.244085167295691,1.0,0.0,2.569585604412983,0.17926480914907042,0.06699028149931449,1.0,0,0.0,0,0.15155726474878362,inf,0.08000099999999977,0.08000099999999977,107.72994879966554,24.44840173012099,0.6455512556186663,1058.4388574746515,0.1676852849323801,0.7999675506252015,0.0,2.3800000000000003,42.7,4,4,32032,4234.15560007561,295.8812891349121,295.8812891349121,0.0,0.0,0.0
SP5_MC_explicit_control_law,multi_group_crossing_push,multi_group_crossing_push_v00,6653,classic_decentralized_apf_push,Classic decentralized APF push,classic,decentralized,baseline,apf_push_drag,baseline_classic_decentralized_push_drag,none,distributed_apf_payload_tracking,local_obstacle_and_slot_state,0,3,False,False,greedy_capacity,push_drag,push_drag,load-01,1,8,3,24.0,0,2,0.3,0.85,0.2,0.08726646259971647,0.14,80.0,7.0,6.0,True,True,False,False,12.073148869548072,1.6751999180181523,95.98188514310164,12.935035700598007,0.9540229885057471,0.04597701149425293,7.712554391364223,0.6341897397256051,0.9387986102131586,1.02075706155976,0,0.0,0,0.11499999999999955,inf,0.855015905539277,2.943964300696072,21.846997193560746,5.778837458260834,1.0,178.89470745078924,0.03366538700938379,0.7642916412530363,0.0,7.000000000000001,80.0,2,6,12954,1456.5903000766411,-139.25895042646383,296.24876404534956,-435.5077144718134,1.0,1.0
SP5_MC_explicit_control_law,multi_group_crossing_push,multi_group_crossing_push_v00,6653,sota_centralized_cbf_push,SOTA centralized CBF push,sota,centralized,baseline,cbf_payload_push_drag,baseline_sota_centralized_push_drag,none,centralized_cbf_payload_velocity_projection,global_payload_robot_traffic_state,0,6,False,False,wrench_greedy,push_drag,push_drag,load-01,1,8,3,24.0,0,2,0.3,0.85,0.2,0.08726646259971647,0.14,80.0,7.0,6.0,True,True,False,False,4.725140392119778,1.3126530928886382e-07,7.520948218731298e-06,7.105365852402719,1.0,0.0,2.0635998844428753,0.1494151389779216,0.4012192200536242,1.0,0,0.0,0,0.11499999999999855,inf,0.3136630380190938,0.3136630380190938,85.7907984929151,18.21031415035138,0.8622887557573529,791.1009730160364,0.13506468626350565,0.7990321704009017,0.0,3.08,80.0,4,4,32032,1339.1439999686554,-57.46182129677072,296.24876404534956,-353.7105853421203,1.0,1.0
SP5_MC_explicit_control_law,multi_group_crossing_push,multi_group_crossing_push_v00,6653,sota_decentralized_vo_push,SOTA decentralized VO push,sota,decentralized,baseline,velocity_obstacle_push_drag,baseline_sota_decentralized_push_drag,none,distributed_velocity_obstacle_payload_tracking,local_relative_traffic_state,0,6,False,False,cbba_wrench_score,push_drag,push_drag,load-01,1,8,3,24.0,0,2,0.3,0.85,0.2,0.08726646259971647,0.14,80.0,7.0,6.0,True,True,False,False,6.937140519241047,2.4654984911443023e-06,0.0001412626579384411,8.712985787733464,0.9681050656660413,0.031894934333958735,4.515605836220898,0.33732687261485494,0.5143293168404975,1.0,0,0.0,0,0.1149999996274873,inf,0.08000099999999977,0.08000099999999977,102.57572594888427,20.474164055361026,0.7669445789434025,882.1747651006787,0.16142891428940964,0.7642916412530363,0.0,5.460000000000001,80.0,4,4,12254,1424.0011000074446,-84.51405566587566,296.24876404534956,-380.76281971122523,1.0,1.0
SP5_MC_explicit_control_law,multi_group_crossing_push,multi_group_crossing_push_v00,6653,sota_decentralized_vo_cargo,SOTA decentralized VO cargo,sota,decentralized,baseline,velocity_obstacle_cargo,baseline_sota_decentralized_cargo,none,distributed_velocity_obstacle_cargo_transport,local_relative_traffic_state,0,6,False,False,cbba_wrench_score,cargo,push_drag,load-01,1,8,3,24.0,0,2,0.3,0.85,0.2,0.08726646259971647,0.14,80.0,7.0,6.0,True,True,True,True,0.001553003522923272,2.360094342179764e-10,1.352234450596048e-08,4.936554587866772,1.0,0.0,4.515605836220898,0.3080527908284987,0.10479164080138446,1.0,0,0.0,0,0.11499999970980623,inf,0.08000099999999977,0.08000099999999977,112.15054037956412,23.83121034913823,0.6589069082353525,985.9374631176554,0.17603746742880377,0.7816619058269689,0.0,5.32,46.2,4,4,17590,791.9245000230148,293.3176761383121,296.24876404534956,-2.9310879070374654,0.009894008896485307,0.009894008896485307
SP5_MC_explicit_control_law,multi_group_crossing_push,multi_group_crossing_push_v00,6653,ours_tensor_game_push,Ours tensor-game push,model_based,decentralized,proposed,smooth_tensor_game_wrench_push,proposed_model_based_decentralized_push_drag,model_based_tuning_optional,distributed_tensor_game_wrench_transport,local_tensor_field_and_wrench_residual,0,9,False,False,smith_wrench_pairs_guarded,push_drag,push_drag,load-01,1,8,3,24.0,0,2,0.3,0.85,0.2,0.08726646259971647,0.14,80.0,7.0,6.0,True,True,False,False,6.415929807065483,9.866489669718703e-08,5.653082166843072e-06,8.163682450993274,0.9982078853046595,0.0017921146953404632,2.0635998844428753,0.1679454621231064,0.5096566842206441,1.0,0,0.0,0,0.11499999999999966,inf,0.08000099999999988,0.08000099999999988,103.83444831771824,22.080802834026525,0.7111403171654327,957.6904863379593,0.1617525502035308,0.7990321704009017,0.0,1.8200000000000003,80.0,4,4,12152,1693.1126000126824,-78.09610746885963,296.24876404534956,-374.3448715142092,1.0,1.0
SP5_MC_explicit_control_law,multi_group_crossing_push,multi_group_crossing_push_v00,6653,ours_explicit_vgne_cbf_push,Ours explicit vGNE-CBF push,model_based,decentralized,proposed,closed_form_explicit_vgne_cbf_push,proposed_model_based_decentralized_push_drag,closed_form_model_based,distributed_explicit_vgne_cbf_transport,local_contact_geometry_consensus_scalars_and_wrench_residual,0,10,False,False,support_dual_wrench_market_guarded,push_drag,push_drag,load-01,1,8,3,24.0,0,2,0.3,0.85,0.2,0.08726646259971647,0.14,80.0,7.0,6.0,True,True,False,False,4.236825803011102,2.437985200387516e-07,1.3968626249756092e-05,8.22190793669534,0.9118773946360154,0.08812260536398464,10.663028641133138,1.0748123150510933,0.8350472697322722,1.2084771352750359,0,0.0,0,0.11499999999953836,inf,0.08000099999999943,0.08000099999999943,82.19421994588082,21.373296131089127,0.7346807452789851,751.3232641176913,0.12788467896702393,0.7990321704009017,0.0,7.000000000000001,80.0,3,5,10404,1135.6066999724135,-60.31392288472266,296.24876404534956,-356.56268693007223,1.0,1.0
SP5_MC_explicit_control_law,multi_group_crossing_push,multi_group_crossing_push_v00,6653,ours_explicit_vgne_cbf_cargo,Ours explicit vGNE-CBF cargo,model_based,decentralized,proposed,closed_form_explicit_vgne_cbf_cargo,proposed_model_based_decentralized_cargo,closed_form_model_based,distributed_explicit_vgne_cbf_caging_transport,local_contact_geometry_consensus_scalars_and_wrench_residual,0,10,False,False,support_dual_wrench_market_guarded,cargo,push_drag,load-01,1,8,3,24.0,0,2,0.3,0.85,0.2,0.08726646259971647,0.14,80.0,7.0,6.0,True,True,True,True,4.082039343326487e-12,1.3322676295501878e-15,7.63333123551244e-14,5.485369036566909,0.9157088122605364,0.08429118773946365,10.663028641133138,1.035391293942273,0.19994839428231007,1.2368597306770508,0,0.0,0,0.11499999999977073,inf,0.08000099999999977,0.08000099999999977,67.77596746883405,16.765462008990134,0.936601038625529,611.1369646098916,0.10515758370281811,0.8164024349748342,0.0,7.000000000000001,44.52,3,5,12936,778.7591000087559,299.0690194450054,296.24876404534956,2.820255399655821,0.0,0.0
SP5_MC_explicit_control_law,multi_group_crossing_push,multi_group_crossing_push_v00,6653,ours_hamiltonian_cargo,Ours Hamiltonian cargo,model_based,decentralized,proposed,hamiltonian_tensor_cargo,proposed_model_based_decentralized_cargo,model_based_tuning_optional,distributed_hamiltonian_cargo_transport,local_energy_wrench_formation_game,0,9,False,False,support_dual_wrench_market_guarded,cargo,push_drag,load-01,1,8,3,24.0,0,2,0.3,0.85,0.2,0.08726646259971647,0.14,80.0,7.0,6.0,True,True,True,True,0.00040449976145208975,1.0173639708455084e-10,5.829066175811816e-09,5.630265978645427,0.9176245210727969,0.0823754789272031,10.663028641133138,1.0445374641557272,0.179547684189774,1.0112419012886678,0,0.0,0,0.11499999999977084,inf,0.24822410218015345,0.24822410218015345,73.77740194874082,18.656079795598846,0.8416853541954401,669.683568309958,0.11445485661823669,0.8164024349748342,0.0,7.000000000000001,44.800000000000004,3,5,12324,696.2195000378415,297.2545538317385,296.24876404534956,1.0057897863889593,0.0,0.0
SP5_MC_explicit_control_law,multi_group_crossing_push,multi_group_crossing_push_v00,6653,reference_centralized_mpc_cbf_cargo,Reference centralized MPC-CBF cargo,model_based_reference,centralized,reference,time_expanded_mpc_cbf_cargo,reference_model_based_reference_centralized_cargo,none,centralized_reference_mpc_cbf_cargo,global_state_and_time_expanded_constraints,0,10,False,False,wrench_oracle,cargo,push_drag,load-01,1,8,3,24.0,0,2,0.3,0.85,0.2,0.08726646259971647,0.14,80.0,7.0,6.0,True,True,True,True,0.0003578226752198062,2.708944180085382e-14,1.5521106845541961e-12,4.388873758901295,1.0,0.0,2.5749941750763488,0.1453073234460621,0.06916862067518975,1.0,0,0.0,0,0.11499999973901831,inf,0.08000099999999977,0.08000099999999977,106.17897166512293,23.796178197214147,0.6598769348808847,954.6500542375696,0.16465729464686762,0.8221360753531163,0.0,2.3800000000000003,44.24,4,4,32032,4211.959999985993,296.24876404534956,296.24876404534956,0.0,0.0,0.0
SP5_MC_explicit_control_law,multi_group_crossing_push,multi_group_crossing_push_v00,6654,classic_decentralized_apf_push,Classic decentralized APF push,classic,decentralized,baseline,apf_push_drag,baseline_classic_decentralized_push_drag,none,distributed_apf_payload_tracking,local_obstacle_and_slot_state,0,3,False,False,greedy_capacity,push_drag,push_drag,load-01,1,8,3,24.0,0,2,0.3,0.85,0.2,0.08726646259971647,0.14,80.0,7.0,6.0,True,True,False,False,12.819111938823937,1.656348794641704,94.90179533455074,13.844061431018543,0.8218390804597702,0.17816091954022983,12.425966771174231,1.699702293791283,0.9827462756059525,1.0210640436743077,0,0.0,0,0.24191229243612167,inf,0.1406996052984964,3.6611466642025783,22.85612123986816,4.875960675448992,1.0,154.3812249129798,0.035614748877879854,0.5973472505952675,0.0,7.000000000000001,80.0,2,6,12948,1344.296499970369,-158.07824963141996,295.42228633946456,-453.5005359708845,1.0,1.0
SP5_MC_explicit_control_law,multi_group_crossing_push,multi_group_crossing_push_v00,6654,sota_centralized_cbf_push,SOTA centralized CBF push,sota,centralized,baseline,cbf_payload_push_drag,baseline_sota_centralized_push_drag,none,centralized_cbf_payload_velocity_projection,global_payload_robot_traffic_state,0,6,False,False,wrench_greedy,push_drag,push_drag,load-01,1,8,3,24.0,0,2,0.3,0.85,0.2,0.08726646259971647,0.14,80.0,7.0,6.0,True,True,False,False,7.099018911593407,3.2288726141693758e-06,0.00018500077337727829,9.300959297648483,0.9425287356321839,0.05747126436781613,8.220511399142321,0.6974014849362793,0.5854029439805685,1.0067672229058107,0,0.0,0,0.11499999984336795,inf,0.08000099999999954,0.08000099999999954,106.77587863060211,21.26755204803002,0.7397467032102901,960.257328968374,0.16678790587466463,0.801277519984306,0.0,7.000000000000001,80.0,4,4,32032,1293.677799985744,-90.09374454011912,295.42228633946456,-385.5160308795837,1.0,1.0
SP5_MC_explicit_control_law,multi_group_crossing_push,multi_group_crossing_push_v00,6654,sota_decentralized_vo_push,SOTA decentralized VO push,sota,decentralized,baseline,velocity_obstacle_push_drag,baseline_sota_decentralized_push_drag,none,distributed_velocity_obstacle_payload_tracking,local_relative_traffic_state,0,6,False,False,cbba_wrench_score,push_drag,push_drag,load-01,1,8,3,24.0,0,2,0.3,0.85,0.2,0.08726646259971647,0.14,80.0,7.0,6.0,True,True,False,False,7.0574591046020005,4.0955599698300205e-06,0.00023465830101398693,9.327469239862024,0.9252873563218391,0.07471264367816088,8.220511399142321,0.7407579231267599,0.5677085145366081,1.0063390223446471,0,0.0,0,0.11499999965767571,inf,0.08000099999999977,0.08000099999999977,106.11835169700697,21.246750270117538,0.7404709573402647,955.3945221053599,0.16574572193739173,0.7664393669415099,0.0,7.000000000000001,80.0,4,4,10094,1311.4919000072405,-91.18094438164832,295.42228633946456,-386.6032307211129,1.0,1.0
SP5_MC_explicit_control_law,multi_group_crossing_push,multi_group_crossing_push_v00,6654,sota_decentralized_vo_cargo,SOTA decentralized VO cargo,sota,decentralized,baseline,velocity_obstacle_cargo,baseline_sota_decentralized_cargo,none,distributed_velocity_obstacle_cargo_transport,local_relative_traffic_state,0,6,False,False,cbba_wrench_score,cargo,push_drag,load-01,1,8,3,24.0,0,2,0.3,0.85,0.2,0.08726646259971647,0.14,80.0,7.0,6.0,True,True,True,True,0.0018814613534967862,9.008362944484816e-10,5.161411770410231e-08,5.653275936400827,0.9655172413793104,0.03448275862068961,8.220511399142321,0.6746470723065392,0.14475335840340947,1.007209271735536,0,0.0,0,0.11499999965378782,inf,0.08000099999999932,0.08000099999999932,110.05906854560502,23.547344319457807,0.6681263627628355,1002.138218233157,0.17182365878004377,0.7838584434629079,0.0,7.000000000000001,48.02,4,4,15818,803.5427000140771,288.8559138056312,295.42228633946456,-6.566372533833373,0.022227072355293025,0.022227072355293025
SP5_MC_explicit_control_law,multi_group_crossing_push,multi_group_crossing_push_v00,6654,ours_tensor_game_push,Ours tensor-game push,model_based,decentralized,proposed,smooth_tensor_game_wrench_push,proposed_model_based_decentralized_push_drag,model_based_tuning_optional,distributed_tensor_game_wrench_transport,local_tensor_field_and_wrench_residual,0,9,False,False,smith_wrench_pairs_guarded,push_drag,push_drag,load-01,1,8,3,24.0,0,2,0.3,0.85,0.2,0.08726646259971647,0.14,80.0,7.0,6.0,True,True,False,False,5.570134947060964,2.248829078510539e-08,1.2884841504494794e-06,7.689074317917285,1.0,0.0,4.350951349686286,0.28626335256708696,0.4798981304444426,1.0,0,0.0,0,0.11499999999999888,inf,0.1406996052984964,0.22653584978091768,88.8890598953644,18.211747216029814,0.8638710677378483,878.9719058621527,0.13877715887316705,0.8012775199843059,0.0,5.040000000000001,80.0,4,4,14756,1699.2797000566497,-66.67890857984933,295.42228633946456,-362.1011949193139,1.0,1.0
SP5_MC_explicit_control_law,multi_group_crossing_push,multi_group_crossing_push_v00,6654,ours_explicit_vgne_cbf_push,Ours explicit vGNE-CBF push,model_based,decentralized,proposed,closed_form_explicit_vgne_cbf_push,proposed_model_based_decentralized_push_drag,closed_form_model_based,distributed_explicit_vgne_cbf_transport,local_contact_geometry_consensus_scalars_and_wrench_residual,0,10,False,False,support_dual_wrench_market_guarded,push_drag,push_drag,load-01,1,8,3,24.0,0,2,0.3,0.85,0.2,0.08726646259971647,0.14,80.0,7.0,6.0,True,True,False,False,3.971055692166748,4.8322031460656945e-06,0.00027686484601940274,8.89062790486835,0.7720306513409961,0.22796934865900387,15.561578869052253,2.5712947111162854,0.8731012162422755,1.2084771352750359,0,0.0,0,0.1150000000000001,inf,0.1406996052984964,0.3680263794086265,76.08242641038089,18.816009154620737,0.8361285001298977,633.2324528670279,0.11854012437383911,0.6993931525445285,0.0,7.000000000000001,80.0,3,5,12856,1177.5848000543192,-68.69030252003562,295.42228633946456,-364.1125888595002,1.0,1.0
SP5_MC_explicit_control_law,multi_group_crossing_push,multi_group_crossing_push_v00,6654,ours_explicit_vgne_cbf_cargo,Ours explicit vGNE-CBF cargo,model_based,decentralized,proposed,closed_form_explicit_vgne_cbf_cargo,proposed_model_based_decentralized_cargo,closed_form_model_based,distributed_explicit_vgne_cbf_caging_transport,local_contact_geometry_consensus_scalars_and_wrench_residual,0,10,False,False,support_dual_wrench_market_guarded,cargo,push_drag,load-01,1,8,3,24.0,0,2,0.3,0.85,0.2,0.08726646259971647,0.14,80.0,7.0,6.0,True,True,True,True,8.482035567530399e-10,1.3322676295501878e-15,7.63333123551244e-14,7.244770779148994,0.7701149425287356,0.22988505747126442,15.561578869052253,2.562973438920457,0.35302135049453515,1.2368597306770508,0,0.0,0,0.11499999999999955,inf,0.1406996052984964,1.2853494742997358,68.69482744993309,15.766140790197506,0.9978727021558188,560.7871681113598,0.10619123057537035,0.7145973515128878,0.0,7.000000000000001,52.220000000000006,3,5,13706,906.0400000307709,279.90140457427174,295.42228633946456,-15.520881765192826,0.05253795154559888,0.05253795154559888
SP5_MC_explicit_control_law,multi_group_crossing_push,multi_group_crossing_push_v00,6654,ours_hamiltonian_cargo,Ours Hamiltonian cargo,model_based,decentralized,proposed,hamiltonian_tensor_cargo,proposed_model_based_decentralized_cargo,model_based_tuning_optional,distributed_hamiltonian_cargo_transport,local_energy_wrench_formation_game,0,9,False,False,support_dual_wrench_market_guarded,cargo,push_drag,load-01,1,8,3,24.0,0,2,0.3,0.85,0.2,0.08726646259971647,0.14,80.0,7.0,6.0,True,True,True,True,0.0007391151172796094,3.1092364238816117e-09,1.781461245967654e-07,7.2643341148670615,0.7796934865900383,0.22030651340996166,15.561578869052253,2.586333168775656,0.3034956932308547,1.0112419012886678,0,0.0,0,0.11499999981788944,inf,0.1406996052984964,1.2856585911979648,73.28191351998846,17.110105948512928,0.919491764704754,601.1910661991434,0.11402710150653667,0.7145973515128878,0.0,7.000000000000001,51.38,3,5,13788,818.0018999846652,280.1241919060442,295.42228633946456,-15.298094433420374,0.05178381977533544,0.05178381977533544
SP5_MC_explicit_control_law,multi_group_crossing_push,multi_group_crossing_push_v00,6654,reference_centralized_mpc_cbf_cargo,Reference centralized MPC-CBF cargo,model_based_reference,centralized,reference,time_expanded_mpc_cbf_cargo,reference_model_based_reference_centralized_cargo,none,centralized_reference_mpc_cbf_cargo,global_state_and_time_expanded_constraints,0,10,False,False,wrench_oracle,cargo,push_drag,load-01,1,8,3,24.0,0,2,0.3,0.85,0.2,0.08726646259971647,0.14,80.0,7.0,6.0,True,True,True,True,0.00018330087094748642,8.055778266680136e-13,4.615620953739855e-11,4.428856491839698,1.0,0.0,3.185125889515354,0.21803211886490664,0.08286034531733306,1.0,0,0.0,0,0.11499999963564012,inf,0.08000099999999966,0.08000099999999966,108.27787049551961,23.525135447560803,0.6687571065404723,1070.920605290743,0.1676142594473892,0.8361156730271018,0.0,3.6400000000000006,42.980000000000004,4,4,32032,4266.083900001831,295.42228633946456,295.42228633946456,0.0,0.0,0.0
SP5_MC_explicit_control_law,multi_group_crossing_push,multi_group_crossing_push_v00,6655,classic_decentralized_apf_push,Classic decentralized APF push,classic,decentralized,baseline,apf_push_drag,baseline_classic_decentralized_push_drag,none,distributed_apf_payload_tracking,local_obstacle_and_slot_state,0,3,False,False,greedy_capacity,push_drag,push_drag,load-01,1,8,3,24.0,0,2,0.3,0.85,0.2,0.08726646259971647,0.14,80.0,7.0,6.0,True,True,False,False,4.370463665956703,0.03539736506866342,2.0281196243182213,6.358009107724782,1.0,0.0,0.7006881346224175,0.16987677503845564,0.33724306188578757,0.9866656737928511,0,0.0,0,0.11499999999999932,inf,0.0800000277718036,0.0800000277718036,50.59142402037879,24.255797868708004,0.6524951040138542,578.8858242266786,0.0778381611657546,0.638831861800267,0.0,0.0,80.0,2,6,9858,928.9789000758901,-46.0244117792346,296.72787678877216,-342.75228856800675,1.0,1.0
SP5_MC_explicit_control_law,multi_group_crossing_push,multi_group_crossing_push_v00,6655,sota_centralized_cbf_push,SOTA centralized CBF push,sota,centralized,baseline,cbf_payload_push_drag,baseline_sota_centralized_push_drag,none,centralized_cbf_payload_velocity_projection,global_payload_robot_traffic_state,0,6,False,False,wrench_greedy,push_drag,push_drag,load-01,1,8,3,24.0,0,2,0.3,0.85,0.2,0.08726646259971647,0.14,80.0,7.0,6.0,True,True,False,False,5.291390515131955,1.517565539899124e-07,8.695010057071194e-06,7.459142993246348,1.0,0.0,4.165907954496463,0.27808332068358604,0.41902137697342917,1.0,0,0.0,0,0.11499999960459129,inf,0.11499999999999982,0.34739227820888596,84.21838587084588,17.88323241290272,0.8850071948884728,824.8461775953845,0.13037141590809817,0.7250879421796761,0.0,4.62,80.0,4,4,32032,1373.7160000018775,-62.67998095570243,296.72787678877216,-359.4078577444746,1.0,1.0
SP5_MC_explicit_control_law,multi_group_crossing_push,multi_group_crossing_push_v00,6655,sota_decentralized_vo_push,SOTA decentralized VO push,sota,decentralized,baseline,velocity_obstacle_push_drag,baseline_sota_decentralized_push_drag,none,distributed_velocity_obstacle_payload_tracking,local_relative_traffic_state,0,6,False,False,cbba_wrench_score,push_drag,push_drag,load-01,1,8,3,24.0,0,2,0.3,0.85,0.2,0.08726646259971647,0.14,80.0,7.0,6.0,True,True,False,False,7.954466813049217,1.370870021499826e-06,7.854506649294845e-05,8.877117673068339,0.9831144465290806,0.016885553470919357,4.229475500633169,0.3342472950494175,0.5181598793858958,1.0,0,0.0,0,0.11499999968621799,inf,0.08733667184390892,0.08733667184390892,91.22617444981287,19.445476697475485,0.8139059586714257,946.2267211457151,0.14119777717490495,0.638831861800267,0.0,5.460000000000001,80.0,4,4,9772,1338.9015999855474,-90.96978562755558,296.72787678877216,-387.6976624163277,1.0,1.0
SP5_MC_explicit_control_law,multi_group_crossing_push,multi_group_crossing_push_v00,6655,sota_decentralized_vo_cargo,SOTA decentralized VO cargo,sota,decentralized,baseline,velocity_obstacle_cargo,baseline_sota_decentralized_cargo,none,distributed_velocity_obstacle_cargo_transport,local_relative_traffic_state,0,6,False,False,cbba_wrench_score,cargo,push_drag,load-01,1,8,3,24.0,0,2,0.3,0.85,0.2,0.08726646259971647,0.14,80.0,7.0,6.0,True,True,True,True,0.0001714830876869834,2.5884405729925675e-10,1.4830672035289861e-08,4.704867499881194,1.0,0.0,4.229475500633169,0.33490658175205656,0.1041087647165098,1.0,0,0.0,0,0.11499999975544384,inf,0.08000099999999977,0.08000099999999977,102.38480629636831,23.257000226228154,0.6805172291924795,1073.3459325113317,0.1585771519847161,0.653350767750273,0.0,5.460000000000001,43.540000000000006,4,4,13258,674.7707999311388,296.03404032406934,296.72787678877216,-0.6938364647028266,0.00233829214906134,0.00233829214906134
SP5_MC_explicit_control_law,multi_group_crossing_push,multi_group_crossing_push_v00,6655,ours_tensor_game_push,Ours tensor-game push,model_based,decentralized,proposed,smooth_tensor_game_wrench_push,proposed_model_based_decentralized_push_drag,model_based_tuning_optional,distributed_tensor_game_wrench_transport,local_tensor_field_and_wrench_residual,0,9,False,False,smith_wrench_pairs_guarded,push_drag,push_drag,load-01,1,8,3,24.0,0,2,0.3,0.85,0.2,0.08726646259971647,0.14,80.0,7.0,6.0,True,True,False,False,4.638274572658141,6.934434804151124e-09,3.9731384758648697e-07,7.126433946899778,1.0,0.0,3.566955812787909,0.25632484124671806,0.43293164381858457,1.0,0,0.0,0,0.1149999996316684,inf,0.11499999999999982,0.2837902161430462,86.31401689606886,18.130846340699602,0.8729206048012293,884.6484869564624,0.1337282494776798,0.6678696737002792,0.0,4.2,80.0,4,4,11728,1661.00079996977,-57.89677616351304,296.72787678877216,-354.6246529522852,1.0,1.0
SP5_MC_explicit_control_law,multi_group_crossing_push,multi_group_crossing_push_v00,6655,ours_explicit_vgne_cbf_push,Ours explicit vGNE-CBF push,model_based,decentralized,proposed,closed_form_explicit_vgne_cbf_push,proposed_model_based_decentralized_push_drag,closed_form_model_based,distributed_explicit_vgne_cbf_transport,local_contact_geometry_consensus_scalars_and_wrench_residual,0,10,False,False,support_dual_wrench_market_guarded,push_drag,push_drag,load-01,1,8,3,24.0,0,2,0.3,0.85,0.2,0.08726646259971647,0.14,80.0,7.0,6.0,True,True,False,False,5.594853561476941,0.013396554365511903,0.7675660251613905,7.201626038197852,0.9926470588235294,0.007352941176470562,3.1129961789749307,0.21804773036751332,0.7783453319750221,1.0000432512341744,0,0.0,0,0.11499999991213683,inf,0.08000099999999966,0.08000099999999966,72.35775794053005,20.381898044052157,0.7765120460849437,740.1003653363884,0.11225990595611167,0.7250879421796761,0.0,3.3600000000000003,80.0,3,5,10152,1146.8905999790877,-63.19895025696846,296.72787678877216,-359.92682704574065,1.0,1.0
SP5_MC_explicit_control_law,multi_group_crossing_push,multi_group_crossing_push_v00,6655,ours_explicit_vgne_cbf_cargo,Ours explicit vGNE-CBF cargo,model_based,decentralized,proposed,closed_form_explicit_vgne_cbf_cargo,proposed_model_based_decentralized_cargo,closed_form_model_based,distributed_explicit_vgne_cbf_caging_transport,local_contact_geometry_consensus_scalars_and_wrench_residual,0,10,False,False,support_dual_wrench_market_guarded,cargo,push_drag,load-01,1,8,3,24.0,0,2,0.3,0.85,0.2,0.08726646259971647,0.14,80.0,7.0,6.0,True,True,True,True,9.906773307732903e-14,1.3322676295501878e-15,7.63333123551244e-14,3.973169268272928,0.9944954128440368,0.0055045871559632475,3.1129961789749307,0.2373545327893338,0.07600554413713054,1.0,0,0.0,0,0.11499999964328245,inf,0.08000099999999954,0.08000099999999954,70.57071091562479,20.36377080844762,0.7772032744896213,725.7727799606137,0.10961591527810371,0.740850723531408,0.0,3.3600000000000003,39.06,3,5,11248,845.1925000408664,308.7700628958427,296.72787678877216,12.042186107070563,0.0,0.0
SP5_MC_explicit_control_law,multi_group_crossing_push,multi_group_crossing_push_v00,6655,ours_hamiltonian_cargo,Ours Hamiltonian cargo,model_based,decentralized,proposed,hamiltonian_tensor_cargo,proposed_model_based_decentralized_cargo,model_based_tuning_optional,distributed_hamiltonian_cargo_transport,local_energy_wrench_formation_game,0,9,False,False,support_dual_wrench_market_guarded,cargo,push_drag,load-01,1,8,3,24.0,0,2,0.3,0.85,0.2,0.08726646259971647,0.14,80.0,7.0,6.0,True,True,True,True,9.150989835407752e-05,3.011942251163191e-09,1.7257157912878302e-07,4.299391164082072,0.9706959706959707,0.02930402930402931,3.1129961789749307,0.25804567856636806,0.07425568995502384,1.0,0,0.0,0,0.1149999997473895,inf,0.08000099999999977,0.08000099999999977,79.6593384005899,23.51617930701644,0.6730170384676166,822.9199980836786,0.12408878013923819,0.740850723531408,0.0,3.3600000000000003,41.580000000000005,3,5,11264,731.5921999979764,301.81657268370674,296.72787678877216,5.088695894934574,0.0,0.0
SP5_MC_explicit_control_law,multi_group_crossing_push,multi_group_crossing_push_v00,6655,reference_centralized_mpc_cbf_cargo,Reference centralized MPC-CBF cargo,model_based_reference,centralized,reference,time_expanded_mpc_cbf_cargo,reference_model_based_reference_centralized_cargo,none,centralized_reference_mpc_cbf_cargo,global_state_and_time_expanded_constraints,0,10,False,False,wrench_oracle,cargo,push_drag,load-01,1,8,3,24.0,0,2,0.3,0.85,0.2,0.08726646259971647,0.14,80.0,7.0,6.0,True,True,True,True,0.00017301313764350534,5.6754601018838e-13,3.2517991063283e-11,4.4114183547594985,0.9981751824817519,0.0018248175182481452,3.1129961789749307,0.2353387635340345,0.07951268778401398,1.0,0,0.0,0,0.11499999999999855,inf,0.08000099999999932,0.08000099999999932,103.24855946523071,23.703253183899694,0.6677053664529017,1023.1223104169738,0.16022231947424412,0.7566135048831402,0.0,3.22,42.980000000000004,4,4,32032,4172.09610005375,296.72787678877216,296.72787678877216,0.0,0.0,0.0
SP5_MC_explicit_control_law,multi_group_crossing_push,multi_group_crossing_push_v00,6656,classic_decentralized_apf_push,Classic decentralized APF push,classic,decentralized,baseline,apf_push_drag,baseline_classic_decentralized_push_drag,none,distributed_apf_payload_tracking,local_obstacle_and_slot_state,0,3,False,False,greedy_capacity,push_drag,push_drag,load-01,1,8,3,24.0,0,2,0.3,0.85,0.2,0.08726646259971647,0.14,80.0,7.0,6.0,True,True,False,False,0.5154708509172853,3.1005084573825243,177.6460489526361,7.265916880127903,0.4061302681992337,0.5938697318007663,9.81685877801554,1.8728395830675932,0.605833720076176,1.0671603960815577,0,0.0,0,0.11499999999999877,inf,0.08000099999999988,0.08000099999999988,61.779815027631,18.195836350428426,0.8626682888500298,610.5973232436237,0.09535279243603209,0.7296716507626674,0.0,7.000000000000001,80.0,2,6,11416,914.6804000483826,-125.31354899611087,294.71363637602457,-420.0271853721354,1.0,1.0
SP5_MC_explicit_control_law,multi_group_crossing_push,multi_group_crossing_push_v00,6656,sota_centralized_cbf_push,SOTA centralized CBF push,sota,centralized,baseline,cbf_payload_push_drag,baseline_sota_centralized_push_drag,none,centralized_cbf_payload_velocity_projection,global_payload_robot_traffic_state,0,6,False,False,wrench_greedy,push_drag,push_drag,load-01,1,8,3,24.0,0,2,0.3,0.85,0.2,0.08726646259971647,0.14,80.0,7.0,6.0,True,True,False,False,6.898850725477148,7.553893513811971e-06,0.00043280621723267335,10.174864076380649,0.9003831417624522,0.09961685823754785,9.81685877801554,1.1394548566545364,0.6141459322346591,1.0067672229058107,0,0.0,0,0.11499999999999855,inf,0.08000099999999954,0.08000099999999954,107.7621354787077,21.18086266652733,0.7410921479334076,970.2690664117775,0.16758701256464975,0.7628385439791523,0.0,7.000000000000001,80.0,4,4,32032,1314.7182000102475,-92.59380721505335,294.71363637602457,-387.3074435910779,1.0,1.0
SP5_MC_explicit_control_law,multi_group_crossing_push,multi_group_crossing_push_v00,6656,sota_decentralized_vo_push,SOTA decentralized VO push,sota,decentralized,baseline,velocity_obstacle_push_drag,baseline_sota_decentralized_push_drag,none,distributed_velocity_obstacle_payload_tracking,local_relative_traffic_state,0,6,False,False,cbba_wrench_score,push_drag,push_drag,load-01,1,8,3,24.0,0,2,0.3,0.85,0.2,0.08726646259971647,0.14,80.0,7.0,6.0,True,True,False,False,6.8713090356882125,1.3610736930846912e-05,0.0007798377822003714,10.244493288902422,0.89272030651341,0.10727969348659006,9.81685877801554,1.230645514426478,0.6012162414321717,1.0063390223446471,0,0.0,0,0.11499999999999866,inf,0.08000099999999966,0.08000099999999966,107.54781358258413,21.211432020258222,0.7400241055685297,968.803302510325,0.16723203397947883,0.7296716507626674,0.0,7.000000000000001,80.0,4,4,10262,1345.281400019303,-93.01784327067377,294.71363637602457,-387.73147964669835,1.0,1.0
SP5_MC_explicit_control_law,multi_group_crossing_push,multi_group_crossing_push_v00,6656,sota_decentralized_vo_cargo,SOTA decentralized VO cargo,sota,decentralized,baseline,velocity_obstacle_cargo,baseline_sota_decentralized_cargo,none,distributed_velocity_obstacle_cargo_transport,local_relative_traffic_state,0,6,False,False,cbba_wrench_score,cargo,push_drag,load-01,1,8,3,24.0,0,2,0.3,0.85,0.2,0.08726646259971647,0.14,80.0,7.0,6.0,True,True,True,True,0.0005154547479000973,2.7346866993127605e-09,1.5668600616118277e-07,5.752690210024358,0.896551724137931,0.10344827586206895,9.81685877801554,1.0834119047516888,0.19740426138050324,1.007209271735536,0,0.0,0,0.11499999999999866,inf,0.11499999999999949,0.11786466150767128,87.56452009703757,17.8691252222803,0.878440931682953,794.3727918632441,0.13544382957794637,0.7462550973709099,0.0,7.000000000000001,44.660000000000004,4,4,15724,712.3006000183523,291.37868753132227,294.71363637602457,-3.3349488447022964,0.011315895951442306,0.011315895951442306
SP5_MC_explicit_control_law,multi_group_crossing_push,multi_group_crossing_push_v00,6656,ours_tensor_game_push,Ours tensor-game push,model_based,decentralized,proposed,smooth_tensor_game_wrench_push,proposed_model_based_decentralized_push_drag,model_based_tuning_optional,distributed_tensor_game_wrench_transport,local_tensor_field_and_wrench_residual,0,9,False,False,smith_wrench_pairs_guarded,push_drag,push_drag,load-01,1,8,3,24.0,0,2,0.3,0.85,0.2,0.08726646259971647,0.14,80.0,7.0,6.0,True,True,False,False,6.5144558519833975,7.380814759372356e-08,4.228895350799023e-06,8.087614208604993,1.0,0.0,3.334755193731041,0.2530505751748968,0.5143640229015484,1.0,0,0.0,0,0.1149999999999991,inf,0.11499999981835357,0.370004899659775,90.23803189310654,18.17380990918227,0.8637138325458332,802.0960379482779,0.141511519637198,0.7628385439791523,0.0,4.9,80.0,4,4,12384,1711.8572000181302,-74.49810219253574,294.71363637602457,-369.2117385685603,1.0,1.0
SP5_MC_explicit_control_law,multi_group_crossing_push,multi_group_crossing_push_v00,6656,ours_explicit_vgne_cbf_push,Ours explicit vGNE-CBF push,model_based,decentralized,proposed,closed_form_explicit_vgne_cbf_push,proposed_model_based_decentralized_push_drag,closed_form_model_based,distributed_explicit_vgne_cbf_transport,local_contact_geometry_consensus_scalars_and_wrench_residual,0,10,False,False,support_dual_wrench_market_guarded,push_drag,push_drag,load-01,1,8,3,24.0,0,2,0.3,0.85,0.2,0.08726646259971647,0.14,80.0,7.0,6.0,True,True,False,False,4.033158746081057,1.4033681994263247e-07,8.040707493000204e-06,8.278595366382515,0.8735632183908046,0.12643678160919536,11.018560434106277,1.3304398058082427,0.8502622412858474,1.2084771352750359,0,0.0,0,0.11499999999999833,inf,0.0800009999999991,0.0800009999999991,75.42139082021609,20.012545743908998,0.7843565336207553,695.9417360666944,0.11653628672337321,0.7628385439791523,0.0,7.000000000000001,80.0,3,5,10748,1185.2694998960942,-60.237076674105055,294.71363637602457,-354.9507130501296,1.0,1.0
SP5_MC_explicit_control_law,multi_group_crossing_push,multi_group_crossing_push_v00,6656,ours_explicit_vgne_cbf_cargo,Ours explicit vGNE-CBF cargo,model_based,decentralized,proposed,closed_form_explicit_vgne_cbf_cargo,proposed_model_based_decentralized_cargo,closed_form_model_based,distributed_explicit_vgne_cbf_caging_transport,local_contact_geometry_consensus_scalars_and_wrench_residual,0,10,False,False,support_dual_wrench_market_guarded,cargo,push_drag,load-01,1,8,3,24.0,0,2,0.3,0.85,0.2,0.08726646259971647,0.14,80.0,7.0,6.0,True,True,True,True,1.624492686591038e-11,1.3322676295501878e-15,7.63333123551244e-14,5.9687562424498815,0.8793103448275862,0.12068965517241381,11.018560434106277,1.2917762700956799,0.24281220367699985,1.2368597306770508,0,0.0,0,0.11499999999999821,inf,0.11499999999999949,0.15904906645468475,62.36863719518598,16.156655193244355,0.9715483075471399,572.777074624064,0.09619053917206792,0.7794219905873947,0.0,7.000000000000001,46.480000000000004,3,5,12862,856.6313000628725,295.5748031678522,294.71363637602457,0.8611667918276567,0.0,0.0
SP5_MC_explicit_control_law,multi_group_crossing_push,multi_group_crossing_push_v00,6656,ours_hamiltonian_cargo,Ours Hamiltonian cargo,model_based,decentralized,proposed,hamiltonian_tensor_cargo,proposed_model_based_decentralized_cargo,model_based_tuning_optional,distributed_hamiltonian_cargo_transport,local_energy_wrench_formation_game,0,9,False,False,support_dual_wrench_market_guarded,cargo,push_drag,load-01,1,8,3,24.0,0,2,0.3,0.85,0.2,0.08726646259971647,0.14,80.0,7.0,6.0,True,True,True,True,0.00023506421376953018,2.1398793847993147e-10,1.2260605741605178e-08,6.002970428383419,0.8773946360153256,0.12260536398467436,11.018560434106277,1.3007584103876695,0.21460912085935613,1.011241901288668,0,0.0,0,0.11499999999999877,inf,0.11499999999999949,0.2525384782305149,67.18357752101059,17.540704291707076,0.8948882979596493,617.3657126512545,0.10360239086286974,0.7794219905873947,0.0,7.000000000000001,45.78,3,5,12930,710.7374999905005,294.5139423340833,294.71363637602457,-0.19969404194125673,0.0006775867055112016,0.0006775867055112016
SP5_MC_explicit_control_law,multi_group_crossing_push,multi_group_crossing_push_v00,6656,reference_centralized_mpc_cbf_cargo,Reference centralized MPC-CBF cargo,model_based_reference,centralized,reference,time_expanded_mpc_cbf_cargo,reference_model_based_reference_centralized_cargo,none,centralized_reference_mpc_cbf_cargo,global_state_and_time_expanded_constraints,0,10,False,False,wrench_oracle,cargo,push_drag,load-01,1,8,3,24.0,0,2,0.3,0.85,0.2,0.08726646259971647,0.14,80.0,7.0,6.0,True,True,True,True,0.00027873563435141055,4.614086890342151e-13,2.643677051232475e-11,4.425770177300248,1.0,0.0,2.866830731539548,0.2130373981790394,0.07901058296244166,1.0,0,0.0,0,0.11499999999999921,inf,0.08000099999999977,0.08000099999999977,112.80343617806835,23.634928799528993,0.6641429361501642,1018.269707600477,0.16873719580746194,0.7960054371956371,0.0,3.22,43.68000000000001,4,4,32032,4347.028600051999,294.71363637602457,294.71363637602457,0.0,0.0,0.0
SP5_MC_explicit_control_law,multi_group_crossing_push,multi_group_crossing_push_v00,6657,classic_decentralized_apf_push,Classic decentralized APF push,classic,decentralized,baseline,apf_push_drag,baseline_classic_decentralized_push_drag,none,distributed_apf_payload_tracking,local_obstacle_and_slot_state,0,3,False,False,greedy_capacity,push_drag,push_drag,load-01,1,8,3,24.0,0,2,0.3,0.85,0.2,0.08726646259971647,0.14,80.0,7.0,6.0,True,True,False,False,12.27979036090849,1.6541700106514394,94.77696020743791,13.247059897045892,0.8812260536398467,0.11877394636015326,9.179215575219281,0.9154336302841589,0.9530213458199218,1.01956433066426,0,0.0,0,0.30381995723315713,inf,0.11499999999999982,3.4394943208513924,21.68996592901823,5.4667229690432535,1.0,248.6768669848297,0.03374597572404837,0.6168747872936989,0.0,7.000000000000001,80.0,2,6,12218,1493.4659000718966,-148.46501461515814,291.56227168113537,-440.0272862962935,1.0,1.0
SP5_MC_explicit_control_law,multi_group_crossing_push,multi_group_crossing_push_v00,6657,sota_centralized_cbf_push,SOTA centralized CBF push,sota,centralized,baseline,cbf_payload_push_drag,baseline_sota_centralized_push_drag,none,centralized_cbf_payload_velocity_projection,global_payload_robot_traffic_state,0,6,False,False,wrench_greedy,push_drag,push_drag,load-01,1,8,3,24.0,0,2,0.3,0.85,0.2,0.08726646259971647,0.14,80.0,7.0,6.0,True,True,False,False,8.012225139597367,1.4847850553501019e-06,8.507191715565917e-05,9.107836497202443,0.9737335834896811,0.026266416510318913,4.050137157639575,0.3250607347414924,0.5674395472208407,1.0,0,0.0,0,0.11499999999999877,inf,0.08000099999999988,0.08000099999999988,101.1755354705338,20.425482547208794,0.7731598860620462,979.515452808155,0.15717213434732558,0.756722927711064,0.0,5.460000000000001,80.0,4,4,32032,1324.0326000377536,-94.57114436938153,291.56227168113537,-386.13341605051687,1.0,1.0
SP5_MC_explicit_control_law,multi_group_crossing_push,multi_group_crossing_push_v00,6657,sota_decentralized_vo_push,SOTA decentralized VO push,sota,decentralized,baseline,velocity_obstacle_push_drag,baseline_sota_decentralized_push_drag,none,distributed_velocity_obstacle_payload_tracking,local_relative_traffic_state,0,6,False,False,cbba_wrench_score,push_drag,push_drag,load-01,1,8,3,24.0,0,2,0.3,0.85,0.2,0.08726646259971647,0.14,80.0,7.0,6.0,True,True,False,False,7.664948096789028,2.1052955578859667e-06,0.00012062455009450599,8.99017729974485,0.9472693032015066,0.052730696798493404,4.050137157639575,0.39442518011103606,0.5365932029915372,1.0,0,0.0,0,0.11499999961787732,inf,0.08000099999999977,0.08000099999999977,100.61000711835001,20.422017546776257,0.7732910679755614,974.3833954883531,0.1566846930108278,0.7238219308540612,0.0,5.74,80.0,4,4,12116,1349.1155999945477,-93.7963889894414,291.56227168113537,-385.3586606705768,1.0,1.0
SP5_MC_explicit_control_law,multi_group_crossing_push,multi_group_crossing_push_v00,6657,sota_decentralized_vo_cargo,SOTA decentralized VO cargo,sota,decentralized,baseline,velocity_obstacle_cargo,baseline_sota_decentralized_cargo,none,distributed_velocity_obstacle_cargo_transport,local_relative_traffic_state,0,6,False,False,cbba_wrench_score,cargo,push_drag,load-01,1,8,3,24.0,0,2,0.3,0.85,0.2,0.08726646259971647,0.14,80.0,7.0,6.0,True,True,True,True,0.000930751480150186,2.8250823902453703e-10,1.6186529773779033e-08,4.887141254751604,1.0,0.0,4.050137157639575,0.338332090580205,0.1072559233344384,1.0,0,0.0,0,0.11499999999999888,inf,0.08000099999999954,0.08000099999999954,110.00856519983388,23.800242592680057,0.6635295290569544,1077.6308745153897,0.1679681092934062,0.7402724292825625,0.0,5.6000000000000005,45.220000000000006,4,4,13822,705.4169999901205,293.34351100143874,291.56227168113537,1.7812393203033707,0.0,0.0
SP5_MC_explicit_control_law,multi_group_crossing_push,multi_group_crossing_push_v00,6657,ours_tensor_game_push,Ours tensor-game push,model_based,decentralized,proposed,smooth_tensor_game_wrench_push,proposed_model_based_decentralized_push_drag,model_based_tuning_optional,distributed_tensor_game_wrench_transport,local_tensor_field_and_wrench_residual,0,9,False,False,smith_wrench_pairs_guarded,push_drag,push_drag,load-01,1,8,3,24.0,0,2,0.3,0.85,0.2,0.08726646259971647,0.14,80.0,7.0,6.0,True,True,False,False,7.384318501313278,9.518283805576289e-08,5.453574902672412e-06,8.42679467277329,1.0,0.0,2.960258865579968,0.19450087046332845,0.564450440205629,1.0,0,0.0,0,0.1149999997897756,inf,0.11499999936268007,0.1241164873384969,100.66308043676648,21.176971825407133,0.7457234154703635,965.0130747296921,0.15583024843983687,0.756722927711064,0.0,3.08,80.0,4,4,11486,1747.678400017321,-86.15837960048486,291.56227168113537,-377.72065128162023,1.0,1.0
SP5_MC_explicit_control_law,multi_group_crossing_push,multi_group_crossing_push_v00,6657,ours_explicit_vgne_cbf_push,Ours explicit vGNE-CBF push,model_based,decentralized,proposed,closed_form_explicit_vgne_cbf_push,proposed_model_based_decentralized_push_drag,closed_form_model_based,distributed_explicit_vgne_cbf_transport,local_contact_geometry_consensus_scalars_and_wrench_residual,0,10,False,False,support_dual_wrench_market_guarded,push_drag,push_drag,load-01,1,8,3,24.0,0,2,0.3,0.85,0.2,0.08726646259971647,0.14,80.0,7.0,6.0,True,True,False,False,10.706794173140791,6.085200833005899e-06,0.0003486563252207309,11.442188146188267,0.9061302681992337,0.0938697318007663,10.363427648523883,1.1103443729317637,0.8775376357341789,1.2084771352750359,0,0.0,0,0.1149999999420156,inf,0.0800000360129014,0.0800000360129014,56.28337945837864,11.98344300197501,1.0,579.4305938856307,0.08787149004862956,0.6520075494072655,0.0,7.000000000000001,80.0,3,5,10110,1182.477799942717,-112.36305704209065,291.56227168113537,-403.925328723226,1.0,1.0
SP5_MC_explicit_control_law,multi_group_crossing_push,multi_group_crossing_push_v00,6657,ours_explicit_vgne_cbf_cargo,Ours explicit vGNE-CBF cargo,model_based,decentralized,proposed,closed_form_explicit_vgne_cbf_cargo,proposed_model_based_decentralized_cargo,closed_form_model_based,distributed_explicit_vgne_cbf_caging_transport,local_contact_geometry_consensus_scalars_and_wrench_residual,0,10,False,False,support_dual_wrench_market_guarded,cargo,push_drag,load-01,1,8,3,24.0,0,2,0.3,0.85,0.2,0.08726646259971647,0.14,80.0,7.0,6.0,True,True,True,True,2.2152861766693863e-12,1.3322676295501878e-15,7.63333123551244e-14,5.477164881752925,0.9099616858237548,0.0900383141762452,10.363427648523883,1.0572894332640992,0.20700514389226832,1.2368597306770508,0,0.0,0,0.11499999970050423,inf,0.08000099999999999,0.08000099999999999,65.77852667403107,17.10268542223877,0.9233733398631992,703.0845151574983,0.10299385531737226,0.6661816265682929,0.0,7.000000000000001,43.540000000000006,3,5,11304,772.3874000366777,298.5142111700212,291.56227168113537,6.9519394888858415,0.0,0.0
SP5_MC_explicit_control_law,multi_group_crossing_push,multi_group_crossing_push_v00,6657,ours_hamiltonian_cargo,Ours Hamiltonian cargo,model_based,decentralized,proposed,hamiltonian_tensor_cargo,proposed_model_based_decentralized_cargo,model_based_tuning_optional,distributed_hamiltonian_cargo_transport,local_energy_wrench_formation_game,0,9,False,False,support_dual_wrench_market_guarded,cargo,push_drag,load-01,1,8,3,24.0,0,2,0.3,0.85,0.2,0.08726646259971647,0.14,80.0,7.0,6.0,True,True,True,True,0.00045518595230509403,1.3334888748772755e-10,7.64032845581166e-09,5.638098149902989,0.9099616858237548,0.0900383141762452,10.363427648523883,1.067121488989997,0.18623965439242204,1.0112419012886678,0,0.0,0,0.11499999981449494,inf,0.11499999999999982,0.21932507875460971,72.02559747694453,19.256280042992845,0.8201045956801435,774.3320553052888,0.11291421150305854,0.6661816265682929,0.0,7.000000000000001,43.96,3,5,11346,679.0736999828368,296.2156712677722,291.56227168113537,4.653399586636851,0.0,0.0
SP5_MC_explicit_control_law,multi_group_crossing_push,multi_group_crossing_push_v00,6657,reference_centralized_mpc_cbf_cargo,Reference centralized MPC-CBF cargo,model_based_reference,centralized,reference,time_expanded_mpc_cbf_cargo,reference_model_based_reference_centralized_cargo,none,centralized_reference_mpc_cbf_cargo,global_state_and_time_expanded_constraints,0,10,False,False,wrench_oracle,cargo,push_drag,load-01,1,8,3,24.0,0,2,0.3,0.85,0.2,0.08726646259971647,0.14,80.0,7.0,6.0,True,True,True,True,0.00032261670633055667,9.396927680427325e-13,5.3840429647814414e-11,4.537773267722495,0.963302752293578,0.03669724770642202,2.973521242568715,0.24874262968323954,0.08508394360718417,1.0,0,0.0,0,0.2040515811915884,inf,0.08000099999999977,0.08000099999999977,107.82498715677451,23.620591552533316,0.6685761329829417,1056.2573790134359,0.16392521829266057,0.7896239245680668,0.0,3.3600000000000003,43.82000000000001,4,4,32032,4284.8625999176875,291.56227168113537,291.56227168113537,0.0,0.0,0.0
SP5_MC_explicit_control_law,multi_group_crossing_push,multi_group_crossing_push_v00,6658,classic_decentralized_apf_push,Classic decentralized APF push,classic,decentralized,baseline,apf_push_drag,baseline_classic_decentralized_push_drag,none,distributed_apf_payload_tracking,local_obstacle_and_slot_state,0,3,False,False,greedy_capacity,push_drag,push_drag,load-01,1,8,3,24.0,0,2,0.3,0.85,0.2,0.08726646259971647,0.14,80.0,7.0,6.0,True,True,False,False,1.6223362499227558,2.0118933919957676,115.2730001916168,7.448567623115551,0.4578544061302682,0.5421455938697318,13.11168189671425,2.3130013782540098,0.5820957804037753,1.043942912631046,0,0.0,0,0.11499999999999955,inf,0.29221671657335585,0.7422870139857354,63.586922768538486,18.501520586430612,0.8525020055809367,644.5180458845848,0.09915162038718339,0.7669735867543883,0.0,7.000000000000001,80.0,2,6,11496,951.1648999759927,-111.49880137180509,297.37748326985565,-408.87628464166073,1.0,1.0
SP5_MC_explicit_control_law,multi_group_crossing_push,multi_group_crossing_push_v00,6658,sota_centralized_cbf_push,SOTA centralized CBF push,sota,centralized,baseline,cbf_payload_push_drag,baseline_sota_centralized_push_drag,none,centralized_cbf_payload_velocity_projection,global_payload_robot_traffic_state,0,6,False,False,wrench_greedy,push_drag,push_drag,load-01,1,8,3,24.0,0,2,0.3,0.85,0.2,0.08726646259971647,0.14,80.0,7.0,6.0,True,True,False,False,5.2047759429749805,8.431206977022043e-08,4.830725759846163e-06,7.3593035551750265,1.0,0.0,3.625713848738321,0.21859579817595481,0.448489413232697,1.0,0,0.0,0,0.11499999999999944,inf,0.11499999993964055,0.3929286487405491,90.42578911029018,18.541330689555867,0.8506715979729337,796.9075857325869,0.13811610331257973,0.8018360225159517,0.0,3.7800000000000002,80.0,4,4,32032,1422.656700015068,-62.682518073035354,297.37748326985565,-360.060001342891,1.0,1.0
SP5_MC_explicit_control_law,multi_group_crossing_push,multi_group_crossing_push_v00,6658,sota_decentralized_vo_push,SOTA decentralized VO push,sota,decentralized,baseline,velocity_obstacle_push_drag,baseline_sota_decentralized_push_drag,none,distributed_velocity_obstacle_payload_tracking,local_relative_traffic_state,0,6,False,False,cbba_wrench_score,push_drag,push_drag,load-01,1,8,3,24.0,0,2,0.3,0.85,0.2,0.08726646259971647,0.14,80.0,7.0,6.0,True,True,False,False,4.695508105443451,5.025945259973241e-08,2.8796545146024807e-06,7.0426502646069435,0.9375,0.0625,3.625713848738321,0.3236763207753877,0.39572173615260897,1.0,0,0.0,0,0.1149999996871216,inf,0.11499999999999982,0.47681229905130784,88.89445317886468,18.240023913074932,0.8647238337732046,783.5192469010731,0.13774521367371456,0.7669735867543883,0.0,3.9200000000000004,80.0,4,4,17832,1441.3834000006318,-63.60030638866972,297.37748326985565,-360.97778965852535,1.0,1.0
SP5_MC_explicit_control_law,multi_group_crossing_push,multi_group_crossing_push_v00,6658,sota_decentralized_vo_cargo,SOTA decentralized VO cargo,sota,decentralized,baseline,velocity_obstacle_cargo,baseline_sota_decentralized_cargo,none,distributed_velocity_obstacle_cargo_transport,local_relative_traffic_state,0,6,False,False,cbba_wrench_score,cargo,push_drag,load-01,1,8,3,24.0,0,2,0.3,0.85,0.2,0.08726646259971647,0.14,80.0,7.0,6.0,True,True,True,True,0.0005369196029885101,4.370193096292496e-11,2.503936200747694e-09,4.168587753594976,1.0,0.0,3.625713848738321,0.2110495877847215,0.08018888507070332,1.0,0,0.0,0,0.11499999999999921,inf,0.08000099999999954,0.08000099999999954,103.2164264377793,23.310654308002615,0.6766255120009356,922.436202098089,0.16035544825071688,0.7844048046351699,0.0,3.7800000000000002,40.18000000000001,4,4,16076,700.588500010781,300.2119765388091,297.37748326985565,2.8344932689534517,0.0,0.0
SP5_MC_explicit_control_law,multi_group_crossing_push,multi_group_crossing_push_v00,6658,ours_tensor_game_push,Ours tensor-game push,model_based,decentralized,proposed,smooth_tensor_game_wrench_push,proposed_model_based_decentralized_push_drag,model_based_tuning_optional,distributed_tensor_game_wrench_transport,local_tensor_field_and_wrench_residual,0,9,False,False,smith_wrench_pairs_guarded,push_drag,push_drag,load-01,1,8,3,24.0,0,2,0.3,0.85,0.2,0.08726646259971647,0.14,80.0,7.0,6.0,True,True,False,False,7.704123698378767,1.1421737244887709e-07,6.544173388394465e-06,8.697378136874269,1.0,0.0,4.178612845448008,0.29544766178470083,0.5921588541983711,1.0,0,0.0,0,0.11499999999999877,inf,0.11499999940886868,0.3685173466606455,95.77158067729245,19.595794109950578,0.8048963628485921,839.8949379667218,0.14840094365016496,0.8018360225159515,0.0,5.32,80.0,4,4,15354,1822.2726000240073,-86.65473911883491,297.37748326985565,-384.03222238869057,1.0,1.0
SP5_MC_explicit_control_law,multi_group_crossing_push,multi_group_crossing_push_v00,6658,ours_explicit_vgne_cbf_push,Ours explicit vGNE-CBF push,model_based,decentralized,proposed,closed_form_explicit_vgne_cbf_push,proposed_model_based_decentralized_push_drag,closed_form_model_based,distributed_explicit_vgne_cbf_transport,local_contact_geometry_consensus_scalars_and_wrench_residual,0,10,False,False,support_dual_wrench_market_guarded,push_drag,push_drag,load-01,1,8,3,24.0,0,2,0.3,0.85,0.2,0.08726646259971647,0.14,80.0,7.0,6.0,True,True,False,False,4.4252288613625606,6.412222131491063e-06,0.00036739326543481875,8.26999214215809,0.8237547892720306,0.1762452107279694,15.48055271968931,2.1339653979037547,0.8759120164940988,1.2084771352750359,0,0.0,0,0.11499999999999877,inf,0.08000099999999954,0.08000099999999954,81.68500438659649,20.329228885950354,0.7758574363403231,775.6871154952944,0.12733692679593583,0.8018360225159517,0.0,7.000000000000001,80.0,3,5,11712,1252.2696000523865,-70.5820163669494,297.37748326985565,-367.95949963680505,1.0,1.0
SP5_MC_explicit_control_law,multi_group_crossing_push,multi_group_crossing_push_v00,6658,ours_explicit_vgne_cbf_cargo,Ours explicit vGNE-CBF cargo,model_based,decentralized,proposed,closed_form_explicit_vgne_cbf_cargo,proposed_model_based_decentralized_cargo,closed_form_model_based,distributed_explicit_vgne_cbf_caging_transport,local_contact_geometry_consensus_scalars_and_wrench_residual,0,10,False,False,support_dual_wrench_market_guarded,cargo,push_drag,load-01,1,8,3,24.0,0,2,0.3,0.85,0.2,0.08726646259971647,0.14,80.0,7.0,6.0,True,True,True,True,3.3545039746875036e-12,1.3322676295501878e-15,7.63333123551244e-14,6.078444912646085,0.8314176245210728,0.16858237547892718,15.48055271968931,2.069746750038366,0.28956255215606347,1.2368597306770508,0,0.0,0,0.11499999999999899,inf,0.29221671657335585,0.3060525323492844,67.50103215898181,16.05901232522716,0.9821639766383313,639.1579047425349,0.10516401449473169,0.8192672403967329,0.0,7.000000000000001,44.24,3,5,11772,836.4449000218883,290.9845936839445,297.37748326985565,-6.392889585911121,0.021497557634886175,0.021497557634886175
SP5_MC_explicit_control_law,multi_group_crossing_push,multi_group_crossing_push_v00,6658,ours_hamiltonian_cargo,Ours Hamiltonian cargo,model_based,decentralized,proposed,hamiltonian_tensor_cargo,proposed_model_based_decentralized_cargo,model_based_tuning_optional,distributed_hamiltonian_cargo_transport,local_energy_wrench_formation_game,0,9,False,False,support_dual_wrench_market_guarded,cargo,push_drag,load-01,1,8,3,24.0,0,2,0.3,0.85,0.2,0.08726646259971647,0.14,80.0,7.0,6.0,True,True,True,True,0.00041024536540261734,3.934448322695516e-10,2.2542728360277885e-08,6.106513278352215,0.8352490421455939,0.16475095785440608,15.48055271968931,2.0666848976015753,0.2516931554845978,1.0112419012886678,0,0.0,0,0.11499999999999966,inf,0.29221671657335585,0.3552959044302604,72.45442100437194,17.724631886833933,0.8898680382719343,687.7925615416385,0.1126268826196178,0.8192672403967329,0.0,7.000000000000001,43.120000000000005,3,5,11552,731.4876000164077,290.70966026917415,297.37748326985565,-6.667823000681494,0.022422084306331854,0.022422084306331854
SP5_MC_explicit_control_law,multi_group_crossing_push,multi_group_crossing_push_v00,6658,reference_centralized_mpc_cbf_cargo,Reference centralized MPC-CBF cargo,model_based_reference,centralized,reference,time_expanded_mpc_cbf_cargo,reference_model_based_reference_centralized_cargo,none,centralized_reference_mpc_cbf_cargo,global_state_and_time_expanded_constraints,0,10,False,False,wrench_oracle,cargo,push_drag,load-01,1,8,3,24.0,0,2,0.3,0.85,0.2,0.08726646259971647,0.14,80.0,7.0,6.0,True,True,True,True,1.9746977558466223e-05,8.482103908136196e-14,4.8598875532762536e-12,4.117811277356333,1.0,0.0,2.616563858247939,0.16903285511070498,0.06505625711622001,1.0,0,0.0,0,0.11499999999999988,inf,0.08000099999999977,0.08000099999999977,108.62391274807497,24.814432911968243,0.6356213523872961,972.9195593909454,0.169029759061223,0.8366984582775147,0.0,2.24,41.86000000000001,4,4,32032,4274.287899956107,297.37748326985565,297.37748326985565,0.0,0.0,0.0
SP5_MC_explicit_control_law,multi_group_crossing_push,multi_group_crossing_push_v00,6659,classic_decentralized_apf_push,Classic decentralized APF push,classic,decentralized,baseline,apf_push_drag,baseline_classic_decentralized_push_drag,none,distributed_apf_payload_tracking,local_obstacle_and_slot_state,0,3,False,False,greedy_capacity,push_drag,push_drag,load-01,1,8,3,24.0,0,2,0.3,0.85,0.2,0.08726646259971647,0.14,80.0,7.0,6.0,True,True,False,False,1.754499608989592,2.1623510673256017,123.8935899833659,7.618499320626979,0.45871559633027525,0.5412844036697247,2.9896155151450414,1.1382866926577513,0.5906082004074408,1.0476608933948048,0,0.0,0,0.11499999973630859,inf,0.08000099999999977,0.08000099999999977,77.59037430595032,24.75487636490466,0.6299416671981102,675.4797104096158,0.11525590082494946,0.7191210762217708,0.0,1.4000000000000001,80.0,2,6,12394,1072.0897000283003,-118.20685794137745,294.306998407589,-412.51385634896644,1.0,1.0
SP5_MC_explicit_control_law,multi_group_crossing_push,multi_group_crossing_push_v00,6659,sota_centralized_cbf_push,SOTA centralized CBF push,sota,centralized,baseline,cbf_payload_push_drag,baseline_sota_centralized_push_drag,none,centralized_cbf_payload_velocity_projection,global_payload_robot_traffic_state,0,6,False,False,wrench_greedy,push_drag,push_drag,load-01,1,8,3,24.0,0,2,0.3,0.85,0.2,0.08726646259971647,0.14,80.0,7.0,6.0,True,True,False,False,3.605431139092239,3.00880889758659e-06,0.00017239205119312155,8.925312854862584,0.8639846743295019,0.13601532567049812,12.63948423256365,1.4546881656101962,0.5800007556299801,1.0067672229058104,0,0.0,0,0.11499999975241493,inf,0.08000099999999977,0.08000099999999977,110.28372336830944,20.600638738023044,0.7569730379189028,972.2511554894029,0.1688958399474225,0.751808397868215,0.0,7.000000000000001,80.0,4,4,32032,1302.3914999794215,-66.88847442125616,294.306998407589,-361.19547282884514,1.0,1.0
SP5_MC_explicit_control_law,multi_group_crossing_push,multi_group_crossing_push_v00,6659,sota_decentralized_vo_push,SOTA decentralized VO push,sota,decentralized,baseline,velocity_obstacle_push_drag,baseline_sota_decentralized_push_drag,none,distributed_velocity_obstacle_payload_tracking,local_relative_traffic_state,0,6,False,False,cbba_wrench_score,push_drag,push_drag,load-01,1,8,3,24.0,0,2,0.3,0.85,0.2,0.08726646259971647,0.14,80.0,7.0,6.0,True,True,False,False,3.326836270393171,1.8225746141187216e-05,0.0010442583323668738,8.7930824875811,0.8352490421455939,0.16475095785440608,12.63948423256365,1.5322301276870633,0.5568352678351361,1.0063390223446471,0,0.0,0,0.11499999962027796,inf,0.08000099999999943,0.08000099999999943,107.53089783205178,20.102937522603433,0.775713901068306,949.087338408103,0.16474621582958515,0.7191210762217708,0.0,7.000000000000001,80.0,4,4,16106,1324.4122000178322,-66.33780516380422,294.306998407589,-360.6448035713932,1.0,1.0
SP5_MC_explicit_control_law,multi_group_crossing_push,multi_group_crossing_push_v00,6659,sota_decentralized_vo_cargo,SOTA decentralized VO cargo,sota,decentralized,baseline,velocity_obstacle_cargo,baseline_sota_decentralized_cargo,none,distributed_velocity_obstacle_cargo_transport,local_relative_traffic_state,0,6,False,False,cbba_wrench_score,cargo,push_drag,load-01,1,8,3,24.0,0,2,0.3,0.85,0.2,0.08726646259971647,0.14,80.0,7.0,6.0,True,True,True,False,0.00023434967788348848,9.140102008586837e-09,5.236892694110723e-07,5.768815520189906,0.7413793103448276,0.2586206896551724,12.63948423256365,1.5873558185225487,0.21190717043538412,1.0072092717355359,0,0.0,0,0.11499999999999844,inf,0.11499999999999871,0.12356343293610361,93.8381320894294,17.596714002768284,0.8861954616150433,833.8158044740915,0.14253662493426594,0.735464737044993,0.0,7.000000000000001,44.24,4,4,17428,661.190600018017,65.35227174134945,294.306998407589,-228.95472666623954,0.7779452337356845,0.7779452337356845
SP5_MC_explicit_control_law,multi_group_crossing_push,multi_group_crossing_push_v00,6659,ours_tensor_game_push,Ours tensor-game push,model_based,decentralized,proposed,smooth_tensor_game_wrench_push,proposed_model_based_decentralized_push_drag,model_based_tuning_optional,distributed_tensor_game_wrench_transport,local_tensor_field_and_wrench_residual,0,9,False,False,smith_wrench_pairs_guarded,push_drag,push_drag,load-01,1,8,3,24.0,0,2,0.3,0.85,0.2,0.08726646259971647,0.14,80.0,7.0,6.0,True,True,False,False,6.114373829979678,1.0847357545529235e-07,6.215078062282129e-06,7.8863903933158035,1.0,0.0,1.8651286711816568,0.1290360037214873,0.49239738457303694,1.0,0,0.0,0,0.11499999999999932,inf,0.08000099999999977,0.08000099999999977,98.58530802066849,20.56830970183846,0.7581628395646574,955.928842642993,0.14808928521121908,0.7708250194212959,0.0,1.8200000000000003,80.0,4,4,12890,1783.6426000576466,-74.2458679777777,294.306998407589,-368.5528663853667,1.0,1.0
SP5_MC_explicit_control_law,multi_group_crossing_push,multi_group_crossing_push_v00,6659,ours_explicit_vgne_cbf_push,Ours explicit vGNE-CBF push,model_based,decentralized,proposed,closed_form_explicit_vgne_cbf_push,proposed_model_based_decentralized_push_drag,closed_form_model_based,distributed_explicit_vgne_cbf_transport,local_contact_geometry_consensus_scalars_and_wrench_residual,0,10,False,False,support_dual_wrench_market_guarded,push_drag,push_drag,load-01,1,8,3,24.0,0,2,0.3,0.85,0.2,0.08726646259971647,0.14,80.0,7.0,6.0,True,True,False,False,5.767062030010669,0.003568471646338889,0.20445836464731884,7.812163529227642,0.9923371647509579,0.007662835249042099,4.777944663254273,0.3429869155670468,0.7501264627125147,1.0000030692102766,0,0.0,0,0.11499999965005325,inf,0.08000099999999966,0.08000099999999966,74.46178827843163,19.442497293827707,0.8020640483021546,646.7339036740431,0.10993242162831687,0.751808397868215,0.0,7.000000000000001,80.0,3,5,13152,1255.5263999383897,-63.85968884259533,294.306998407589,-358.16668725018434,1.0,1.0
SP5_MC_explicit_control_law,multi_group_crossing_push,multi_group_crossing_push_v00,6659,ours_explicit_vgne_cbf_cargo,Ours explicit vGNE-CBF cargo,model_based,decentralized,proposed,closed_form_explicit_vgne_cbf_cargo,proposed_model_based_decentralized_cargo,closed_form_model_based,distributed_explicit_vgne_cbf_caging_transport,local_contact_geometry_consensus_scalars_and_wrench_residual,0,10,False,False,support_dual_wrench_market_guarded,cargo,push_drag,load-01,1,8,3,24.0,0,2,0.3,0.85,0.2,0.08726646259971647,0.14,80.0,7.0,6.0,True,True,True,True,8.364583583245686e-11,8.881784197001252e-16,5.088887490341627e-14,5.398226802994878,0.9942528735632183,0.005747126436781658,4.777944663254273,0.337338723608753,0.12900396118310006,1.0,0,0.0,0,0.11499999963631857,inf,0.08000099999999966,0.08000099999999966,79.68398035494937,21.244347191826567,0.7340365861931843,694.1649144373118,0.11800892195002205,0.768152058691437,0.0,7.000000000000001,48.86000000000001,3,5,15542,975.6631000200287,300.13592755061427,294.306998407589,5.828929143025277,0.0,0.0
SP5_MC_explicit_control_law,multi_group_crossing_push,multi_group_crossing_push_v00,6659,ours_hamiltonian_cargo,Ours Hamiltonian cargo,model_based,decentralized,proposed,hamiltonian_tensor_cargo,proposed_model_based_decentralized_cargo,model_based_tuning_optional,distributed_hamiltonian_cargo_transport,local_energy_wrench_formation_game,0,9,False,False,support_dual_wrench_market_guarded,cargo,push_drag,load-01,1,8,3,24.0,0,2,0.3,0.85,0.2,0.08726646259971647,0.14,80.0,7.0,6.0,True,True,True,True,0.0012689239218692352,1.3247181129827368e-12,7.590075691844536e-11,5.57677383452665,0.9942528735632183,0.005747126436781658,4.777944663254273,0.33870038483016635,0.12214702922595747,1.0,0,0.0,0,0.11499999978769204,inf,0.08000099999999954,0.08000099999999954,85.3462901782187,23.14530664653809,0.6737490380549179,745.7639935540207,0.1273203220961584,0.768152058691437,0.0,7.000000000000001,49.42,3,5,15356,818.0875000543892,298.06610251845746,294.306998407589,3.7591041108684635,0.0,0.0
SP5_MC_explicit_control_law,multi_group_crossing_push,multi_group_crossing_push_v00,6659,reference_centralized_mpc_cbf_cargo,Reference centralized MPC-CBF cargo,model_based_reference,centralized,reference,time_expanded_mpc_cbf_cargo,reference_model_based_reference_centralized_cargo,none,centralized_reference_mpc_cbf_cargo,global_state_and_time_expanded_constraints,0,10,False,False,wrench_oracle,cargo,push_drag,load-01,1,8,3,24.0,0,2,0.3,0.85,0.2,0.08726646259971647,0.14,80.0,7.0,6.0,True,True,True,True,0.00041000865900162335,2.580158309228864e-13,1.4783218159442426e-11,4.36385751545344,1.0,0.0,1.8651286711816568,0.13181197057396715,0.061966281997046145,1.0,0,0.0,0,0.1149999999871778,inf,0.08000099999999932,0.08000099999999932,107.1713568777532,23.880707584636333,0.6530010902450657,1049.0389397066417,0.16069186372073316,0.8043391507004826,0.0,1.6800000000000002,45.080000000000005,4,4,32032,4359.623400028795,294.306998407589,294.306998407589,0.0,0.0,0.0
SP5_MC_explicit_control_law,multi_group_crossing_push,multi_group_crossing_push_v00,6660,classic_decentralized_apf_push,Classic decentralized APF push,classic,decentralized,baseline,apf_push_drag,baseline_classic_decentralized_push_drag,none,distributed_apf_payload_tracking,local_obstacle_and_slot_state,0,3,False,False,greedy_capacity,push_drag,push_drag,load-01,1,8,3,24.0,0,2,0.3,0.85,0.2,0.08726646259971647,0.14,80.0,7.0,6.0,True,True,False,False,11.919752533701251,1.6819329917067058,96.36766184860633,13.474827187211721,0.7528735632183908,0.24712643678160917,17.350468709482094,2.747693856144198,0.948834603890602,1.0204999430297692,0,0.0,0,0.11499999999999999,inf,0.11499999999999982,3.340031785761357,31.036189671473796,6.023431175641013,1.0,240.49204655787634,0.047210192974692755,0.7026025690891559,0.0,7.000000000000001,80.0,2,6,10764,1300.0412000110373,-159.50199684784462,289.38747231738006,-448.8894691652247,1.0,1.0
SP5_MC_explicit_control_law,multi_group_crossing_push,multi_group_crossing_push_v00,6660,sota_centralized_cbf_push,SOTA centralized CBF push,sota,centralized,baseline,cbf_payload_push_drag,baseline_sota_centralized_push_drag,none,centralized_cbf_payload_velocity_projection,global_payload_robot_traffic_state,0,6,False,False,wrench_greedy,push_drag,push_drag,load-01,1,8,3,24.0,0,2,0.3,0.85,0.2,0.08726646259971647,0.14,80.0,7.0,6.0,True,True,False,False,7.4663225433113904,3.9534532958462876e-06,0.00022651618835407752,9.57234365005604,0.9310344827586207,0.06896551724137934,8.782346823136663,0.7979645352103593,0.6144272392154769,1.0067672229058107,0,0.0,0,0.11499999968963381,inf,0.08000099999999988,0.08000099999999988,109.18528065218702,21.77973857206516,0.7243041366199754,1009.6863147685895,0.1699322289704342,0.751120820971519,0.0,7.000000000000001,80.0,4,4,32032,1304.593599983491,-95.51828448450962,289.38747231738006,-384.90575680188965,1.0,1.0
SP5_MC_explicit_control_law,multi_group_crossing_push,multi_group_crossing_push_v00,6660,sota_decentralized_vo_push,SOTA decentralized VO push,sota,decentralized,baseline,velocity_obstacle_push_drag,baseline_sota_decentralized_push_drag,none,distributed_velocity_obstacle_payload_tracking,local_relative_traffic_state,0,6,False,False,cbba_wrench_score,push_drag,push_drag,load-01,1,8,3,24.0,0,2,0.3,0.85,0.2,0.08726646259971647,0.14,80.0,7.0,6.0,True,True,False,False,7.444930017604286,4.230123522130924e-06,0.00024236822463711663,9.611347109271888,0.9137931034482759,0.08620689655172409,8.782346823136663,0.8476696127822511,0.5955382780952472,1.0063390223446471,0,0.0,0,0.11499999974074471,inf,0.08000099999999966,0.08000099999999966,108.33722571973959,21.74243664223845,0.7255467729685118,1003.0568427384205,0.1685223965023768,0.7184633939727574,0.0,7.000000000000001,80.0,4,4,9204,1317.4274999182671,-96.73148421548993,289.38747231738006,-386.11895653287,1.0,1.0
SP5_MC_explicit_control_law,multi_group_crossing_push,multi_group_crossing_push_v00,6660,sota_decentralized_vo_cargo,SOTA decentralized VO cargo,sota,decentralized,baseline,velocity_obstacle_cargo,baseline_sota_decentralized_cargo,none,distributed_velocity_obstacle_cargo_transport,local_relative_traffic_state,0,6,False,False,cbba_wrench_score,cargo,push_drag,load-01,1,8,3,24.0,0,2,0.3,0.85,0.2,0.08726646259971647,0.14,80.0,7.0,6.0,True,True,True,True,0.0018354213863045086,8.76088979140377e-10,5.019620098266842e-08,5.824255409835533,0.9501915708812261,0.04980842911877392,8.782346823136663,0.783014278835849,0.158107243098023,1.007209271735536,0,0.0,0,0.11499999965054941,inf,0.08000099999999943,0.08000099999999943,114.34981029634457,24.386432369833617,0.6468824345853285,1068.1037266843973,0.1770365359051818,0.7347921074721382,0.0,7.000000000000001,48.300000000000004,4,4,15130,800.8526000194252,285.62646985191526,289.38747231738006,-3.7610024654647987,0.012996424604517755,0.012996424604517755
SP5_MC_explicit_control_law,multi_group_crossing_push,multi_group_crossing_push_v00,6660,ours_tensor_game_push,Ours tensor-game push,model_based,decentralized,proposed,smooth_tensor_game_wrench_push,proposed_model_based_decentralized_push_drag,model_based_tuning_optional,distributed_tensor_game_wrench_transport,local_tensor_field_and_wrench_residual,0,9,False,False,smith_wrench_pairs_guarded,push_drag,push_drag,load-01,1,8,3,24.0,0,2,0.3,0.85,0.2,0.08726646259971647,0.14,80.0,7.0,6.0,True,True,False,False,6.840150853180678,2.74884675910414e-07,1.574973178248817e-05,8.51988679006293,1.0,0.0,4.346692889653007,0.2866955715439436,0.5612602556952353,1.0,0,0.0,0,0.11499999999999899,inf,0.08000099999999999,0.08000099999999999,96.9888411683649,19.75708210184712,0.7984556960854855,898.5338674772853,0.15018649666364126,0.7511208209715191,0.0,5.040000000000001,80.0,4,4,12398,1613.2880999939516,-79.80176044658336,289.38747231738006,-369.18923276396345,1.0,1.0
SP5_MC_explicit_control_law,multi_group_crossing_push,multi_group_crossing_push_v00,6660,ours_explicit_vgne_cbf_push,Ours explicit vGNE-CBF push,model_based,decentralized,proposed,closed_form_explicit_vgne_cbf_push,proposed_model_based_decentralized_push_drag,closed_form_model_based,distributed_explicit_vgne_cbf_transport,local_contact_geometry_consensus_scalars_and_wrench_residual,0,10,False,False,support_dual_wrench_market_guarded,push_drag,push_drag,load-01,1,8,3,24.0,0,2,0.3,0.85,0.2,0.08726646259971647,0.14,80.0,7.0,6.0,True,True,False,False,4.08250810282186,9.38250286752762e-06,0.0005375778155787251,9.074901380536007,0.7375478927203065,0.2624521072796935,19.989034455242887,3.5255674213658903,0.87123406141174,1.2084771352750359,0,0.0,0,0.11499999999999932,inf,0.11499999999999982,0.8151370667450779,83.82477566266532,19.175195844276434,0.8226854562717347,698.0830365918024,0.12941366893758952,0.7345390495022993,0.0,7.000000000000001,80.0,3,5,12040,1199.2990000871941,-75.14114806040062,289.38747231738006,-364.52862037778067,1.0,1.0
SP5_MC_explicit_control_law,multi_group_crossing_push,multi_group_crossing_push_v00,6660,ours_explicit_vgne_cbf_cargo,Ours explicit vGNE-CBF cargo,model_based,decentralized,proposed,closed_form_explicit_vgne_cbf_cargo,proposed_model_based_decentralized_cargo,closed_form_model_based,distributed_explicit_vgne_cbf_caging_transport,local_contact_geometry_consensus_scalars_and_wrench_residual,0,10,False,False,support_dual_wrench_market_guarded,cargo,push_drag,load-01,1,8,3,24.0,0,2,0.3,0.85,0.2,0.08726646259971647,0.14,80.0,7.0,6.0,True,True,True,False,8.264442967409935e-10,1.3322676295501878e-15,7.63333123551244e-14,7.487136730956146,0.7471264367816092,0.25287356321839083,19.989034455242887,3.4521612354773006,0.38828750632302866,1.2368597306770508,0,0.0,0,0.11499999982929754,inf,0.11499999999999982,1.5078817176872528,73.59304119350503,15.796605998596085,0.998642033842614,601.4522990874304,0.11344138696448094,0.750507289708871,0.0,7.000000000000001,52.220000000000006,3,5,12876,1044.6773000294343,66.34783648293477,289.38747231738006,-223.03963583444528,0.7707301012319943,0.7707301012319943
SP5_MC_explicit_control_law,multi_group_crossing_push,multi_group_crossing_push_v00,6660,ours_hamiltonian_cargo,Ours Hamiltonian cargo,model_based,decentralized,proposed,hamiltonian_tensor_cargo,proposed_model_based_decentralized_cargo,model_based_tuning_optional,distributed_hamiltonian_cargo_transport,local_energy_wrench_formation_game,0,9,False,False,support_dual_wrench_market_guarded,cargo,push_drag,load-01,1,8,3,24.0,0,2,0.3,0.85,0.2,0.08726646259971647,0.14,80.0,7.0,6.0,True,True,True,False,0.0010014245549920056,2.2089650109080594e-09,1.2656437221710166e-07,7.505616513258413,0.7490421455938697,0.2509578544061303,19.989034455242887,3.4485024863162153,0.3308146291266918,1.0112419012886678,0,0.0,0,0.1149999997654132,inf,0.11499999999999982,1.4777527891614903,78.05779435068663,17.259079412878812,0.9140206360298064,642.7907126245086,0.12068976301504789,0.750507289708871,0.0,7.000000000000001,51.1,3,5,12880,829.3840999249369,66.06109943604362,289.38747231738006,-223.32637288133645,0.7717209424892022,0.7717209424892022
SP5_MC_explicit_control_law,multi_group_crossing_push,multi_group_crossing_push_v00,6660,reference_centralized_mpc_cbf_cargo,Reference centralized MPC-CBF cargo,model_based_reference,centralized,reference,time_expanded_mpc_cbf_cargo,reference_model_based_reference_centralized_cargo,none,centralized_reference_mpc_cbf_cargo,global_state_and_time_expanded_constraints,0,10,False,False,wrench_oracle,cargo,push_drag,load-01,1,8,3,24.0,0,2,0.3,0.85,0.2,0.08726646259971647,0.14,80.0,7.0,6.0,True,True,True,True,0.0010829020279861416,3.141931159689193e-12,1.8001939497083504e-10,5.326922184170558,1.0,0.0,4.196126161862854,0.3034402068790793,0.1098573874587629,1.0,0,0.0,0,0.11499999966474217,inf,0.08000099999999954,0.08000099999999954,114.73641982228057,25.270957085984023,0.6242404942786188,1073.7688330250837,0.17646137954747604,0.7837782479702806,0.0,5.460000000000001,49.42,4,4,32032,4194.886000012048,289.38747231738006,289.38747231738006,0.0,0.0,0.0
SP5_MC_explicit_control_law,multi_group_crossing_push,multi_group_crossing_push_v00,6661,classic_decentralized_apf_push,Classic decentralized APF push,classic,decentralized,baseline,apf_push_drag,baseline_classic_decentralized_push_drag,none,distributed_apf_payload_tracking,local_obstacle_and_slot_state,0,3,False,False,greedy_capacity,push_drag,push_drag,load-01,1,8,3,24.0,0,2,0.3,0.85,0.2,0.08726646259971647,0.14,80.0,7.0,6.0,True,True,False,False,12.502256977827319,1.6627960526870105,95.27119600997857,13.883771879957019,0.7049808429118773,0.29501915708812265,16.016585120392786,2.849034637599597,0.9743358616797009,1.0203537330271784,0,0.0,0,0.11499999999999966,inf,0.11499999999999982,3.3545589269826497,27.809191237639045,5.083908335133632,1.0,327.9890712895198,0.04308471648161622,0.7173269708474759,0.0,7.000000000000001,80.0,2,6,14008,1182.8194999834523,-169.41898495043296,282.7361002599271,-452.1550852103601,1.0,1.0
SP5_MC_explicit_control_law,multi_group_crossing_push,multi_group_crossing_push_v00,6661,sota_centralized_cbf_push,SOTA centralized CBF push,sota,centralized,baseline,cbf_payload_push_drag,baseline_sota_centralized_push_drag,none,centralized_cbf_payload_velocity_projection,global_payload_robot_traffic_state,0,6,False,False,wrench_greedy,push_drag,push_drag,load-01,1,8,3,24.0,0,2,0.3,0.85,0.2,0.08726646259971647,0.14,80.0,7.0,6.0,True,True,False,False,7.832782463766984,1.6863408469625085e-06,9.662021335146839e-05,10.360809254301207,0.8716475095785441,0.1283524904214559,11.973483495093328,1.3354973770030354,0.6392569153635762,1.0067672229058107,0,0.0,0,0.11499999976984943,inf,0.08000099999999954,0.08000099999999954,115.37384918448817,21.20343380771875,0.740345295617291,1310.6102715017644,0.1822663645535841,0.799948348522341,0.0,7.000000000000001,80.0,4,4,32032,1328.0981000280008,-109.18317522930546,282.7361002599271,-391.9192754892326,1.0,1.0
SP5_MC_explicit_control_law,multi_group_crossing_push,multi_group_crossing_push_v00,6661,sota_decentralized_vo_push,SOTA decentralized VO push,sota,decentralized,baseline,velocity_obstacle_push_drag,baseline_sota_decentralized_push_drag,none,distributed_velocity_obstacle_payload_tracking,local_relative_traffic_state,0,6,False,False,cbba_wrench_score,push_drag,push_drag,load-01,1,8,3,24.0,0,2,0.3,0.85,0.2,0.08726646259971647,0.14,80.0,7.0,6.0,True,True,False,False,7.7338225451719955,4.253179028967935e-06,0.0002436892078734124,10.40473194681885,0.7394636015325671,0.26053639846743293,11.973483495093328,1.4959873883321424,0.63333839188221,1.0063390223446471,0,0.0,0,0.11499999971080532,inf,0.08000099999999954,0.08000099999999954,113.60315365525818,20.941383357419483,0.7496096223707917,1292.307263179409,0.178796151431585,0.7651679855431088,0.0,7.000000000000001,80.0,4,4,12150,1332.1889999788254,-120.31169213427599,282.7361002599271,-403.0477923942031,1.0,1.0
SP5_MC_explicit_control_law,multi_group_crossing_push,multi_group_crossing_push_v00,6661,sota_decentralized_vo_cargo,SOTA decentralized VO cargo,sota,decentralized,baseline,velocity_obstacle_cargo,baseline_sota_decentralized_cargo,none,distributed_velocity_obstacle_cargo_transport,local_relative_traffic_state,0,6,False,False,cbba_wrench_score,cargo,push_drag,load-01,1,8,3,24.0,0,2,0.3,0.85,0.2,0.08726646259971647,0.14,80.0,7.0,6.0,True,True,True,True,0.00028096888398632716,1.429897977800465e-09,8.192711926225773e-08,5.6524186333243955,0.9080459770114943,0.09195402298850575,11.973483495093328,1.2054568819073086,0.18880489969059944,1.0072092717355359,0,0.0,0,0.11499999965269947,inf,0.11499999999999982,0.11806164934204288,93.37492275022724,18.041988904221654,0.870073834642701,1068.7962749228618,0.14897900811536852,0.782558167032725,0.0,7.000000000000001,44.24,4,4,14972,713.8609000248834,288.44879767628265,282.7361002599271,5.712697416355525,0.0,0.0
SP5_MC_explicit_control_law,multi_group_crossing_push,multi_group_crossing_push_v00,6661,ours_tensor_game_push,Ours tensor-game push,model_based,decentralized,proposed,smooth_tensor_game_wrench_push,proposed_model_based_decentralized_push_drag,model_based_tuning_optional,distributed_tensor_game_wrench_transport,local_tensor_field_and_wrench_residual,0,9,False,False,smith_wrench_pairs_guarded,push_drag,push_drag,load-01,1,8,3,24.0,0,2,0.3,0.85,0.2,0.08726646259971647,0.14,80.0,7.0,6.0,True,True,False,False,7.376994600072054,1.0302860875555098e-07,5.903104450797671e-06,8.43470538009111,1.0,0.0,3.612054066937612,0.22225379466203707,0.5610688989916632,1.0,0,0.0,0,0.11499999999999921,inf,0.11499999999999982,0.14742759275529693,94.78268044627802,20.553742607964555,0.7637471564129782,1045.2327721184536,0.1474658771164101,0.799948348522341,0.0,3.5000000000000004,80.0,4,4,14296,1634.9122000392526,-85.99662900091494,282.7361002599271,-368.73272926084206,1.0,1.0
SP5_MC_explicit_control_law,multi_group_crossing_push,multi_group_crossing_push_v00,6661,ours_explicit_vgne_cbf_push,Ours explicit vGNE-CBF push,model_based,decentralized,proposed,closed_form_explicit_vgne_cbf_push,proposed_model_based_decentralized_push_drag,closed_form_model_based,distributed_explicit_vgne_cbf_transport,local_contact_geometry_consensus_scalars_and_wrench_residual,0,10,False,False,support_dual_wrench_market_guarded,push_drag,push_drag,load-01,1,8,3,24.0,0,2,0.3,0.85,0.2,0.08726646259971647,0.14,80.0,7.0,6.0,True,True,False,False,3.970237831794915,2.4974066592520217e-06,0.00014309086130300734,9.636244116055847,0.6954022988505747,0.3045977011494253,18.433680752099576,3.6051476414602925,0.8897728156880721,1.2084771352750359,0,0.0,0,0.11499999985419573,inf,0.11499999999999982,0.8979143242595891,82.07037520402503,18.55648421384489,0.8459502505741422,991.8821886860617,0.12752847995889838,0.799948348522341,0.0,7.000000000000001,80.0,3,5,12124,1205.0882000476122,-81.34422084962675,282.7361002599271,-364.0803211095539,1.0,1.0
SP5_MC_explicit_control_law,multi_group_crossing_push,multi_group_crossing_push_v00,6661,ours_explicit_vgne_cbf_cargo,Ours explicit vGNE-CBF cargo,model_based,decentralized,proposed,closed_form_explicit_vgne_cbf_cargo,proposed_model_based_decentralized_cargo,closed_form_model_based,distributed_explicit_vgne_cbf_caging_transport,local_contact_geometry_consensus_scalars_and_wrench_residual,0,10,False,False,support_dual_wrench_market_guarded,cargo,push_drag,load-01,1,8,3,24.0,0,2,0.3,0.85,0.2,0.08726646259971647,0.14,80.0,7.0,6.0,True,True,True,False,2.1983437870448306e-08,3.9968028886505635e-15,2.2899993706537323e-13,8.156018515384764,0.7088122605363985,0.29118773946360155,18.433680752099576,3.506059189642055,0.4283395322830953,1.2368597306770508,0,0.0,0,0.11499999999999877,inf,0.11499999999999982,1.7655643020166696,72.0441915696597,15.707957701981538,0.9993573173740425,866.265305754598,0.11229255173392698,0.817338530011957,0.0,7.000000000000001,56.980000000000004,3,5,13322,950.6321001099423,56.23902640151293,282.7361002599271,-226.49707385841418,0.8010900399708037,0.8010900399708037
SP5_MC_explicit_control_law,multi_group_crossing_push,multi_group_crossing_push_v00,6661,ours_hamiltonian_cargo,Ours Hamiltonian cargo,model_based,decentralized,proposed,hamiltonian_tensor_cargo,proposed_model_based_decentralized_cargo,model_based_tuning_optional,distributed_hamiltonian_cargo_transport,local_energy_wrench_formation_game,0,9,False,False,support_dual_wrench_market_guarded,cargo,push_drag,load-01,1,8,3,24.0,0,2,0.3,0.85,0.2,0.08726646259971647,0.14,80.0,7.0,6.0,True,True,True,False,0.004050455299639242,9.872933581789312e-09,5.656774256495066e-07,8.169090911854443,0.7145593869731801,0.2854406130268199,18.433680752099576,3.5011870027225984,0.3632063487257337,1.011241901288668,0,0.0,0,0.11499999999999877,inf,0.11499999999999982,1.7269857461772904,75.95470065291177,17.00829906939908,0.9229531069759006,916.307838820793,0.1182269809540829,0.817338530011957,0.0,7.000000000000001,56.00000000000001,3,5,13318,826.8554999958724,56.17914730366892,282.7361002599271,-226.55695295625821,0.801301824379618,0.801301824379618
SP5_MC_explicit_control_law,multi_group_crossing_push,multi_group_crossing_push_v00,6661,reference_centralized_mpc_cbf_cargo,Reference centralized MPC-CBF cargo,model_based_reference,centralized,reference,time_expanded_mpc_cbf_cargo,reference_model_based_reference_centralized_cargo,none,centralized_reference_mpc_cbf_cargo,global_state_and_time_expanded_constraints,0,10,False,False,wrench_oracle,cargo,push_drag,load-01,1,8,3,24.0,0,2,0.3,0.85,0.2,0.08726646259971647,0.14,80.0,7.0,6.0,True,True,True,True,0.0006621568700947735,1.7781331962396507e-12,1.0187952755663937e-10,5.0911738857263575,0.9425925925925925,0.05740740740740746,3.2730246708027524,0.29551503678833524,0.0958646710794298,1.0,0,0.0,0,0.11499999999999932,inf,0.08000099999999954,0.08000099999999954,111.74242142967765,24.935229517457508,0.6295455375490691,1271.3000639303582,0.17336608685319607,0.8347287115015731,0.0,4.0600000000000005,48.580000000000005,4,4,32032,4220.557699911296,282.7361002599271,282.7361002599271,0.0,0.0,0.0
SP5_MC_explicit_control_law,overactuated_push_drag,overactuated_push_drag_v00,6650,classic_decentralized_apf_push,Classic decentralized APF push,classic,decentralized,baseline,apf_push_drag,baseline_classic_decentralized_push_drag,none,distributed_apf_payload_tracking,local_obstacle_and_slot_state,0,3,False,False,greedy_capacity,push_drag,push_drag,load-01,1,10,2,24.0,2,0,0.3,0.85,0.2,0.08726646259971647,0.14,74.0,7.0,inf,True,True,False,False,0.34103556492400655,1.5726008454938993,90.1033913055053,8.313539030413477,0.10855949895615867,0.8914405010438413,6.244241538392349,2.0977813869535376,0.8075269870399008,1.0737728746931334,0,0.0,0,0.11499999999999899,0.11500000000000027,inf,0.08000099999999954,81.3058279608808,25.821146734845307,0.602384836444661,809.5463163303846,0.10945181771508869,0.6163550188343375,0.0,7.000000000000001,74.0,2,8,47610,721.5800000121817,-125.91258773129432,310.82199297621395,-436.73458070750826,1.0,1.0
SP5_MC_explicit_control_law,overactuated_push_drag,overactuated_push_drag_v00,6650,sota_centralized_cbf_push,SOTA centralized CBF push,sota,centralized,baseline,cbf_payload_push_drag,baseline_sota_centralized_push_drag,none,centralized_cbf_payload_velocity_projection,global_payload_robot_traffic_state,0,6,False,False,wrench_greedy,push_drag,push_drag,load-01,1,10,2,24.0,2,0,0.3,0.85,0.2,0.08726646259971647,0.14,74.0,7.0,inf,True,True,False,False,5.863131125956778,1.2459603349057602e-07,7.1388268630806645e-06,7.932708934383863,0.9901768172888016,0.00982318271119842,2.2670560140205307,0.1839939919645781,0.48730717440655863,1.0,0,0.0,0,0.11499999999999932,0.11500000000000027,inf,0.7230346724956218,86.37165186249365,18.362751426046504,0.8470553726834504,943.6453837901443,0.11643013313536092,0.6991952449268322,0.0,2.1,74.0,4,6,47610,1122.9174999753013,-66.07202667463403,310.82199297621395,-376.894019650848,1.0,1.0
SP5_MC_explicit_control_law,overactuated_push_drag,overactuated_push_drag_v00,6650,sota_decentralized_vo_push,SOTA decentralized VO push,sota,decentralized,baseline,velocity_obstacle_push_drag,baseline_sota_decentralized_push_drag,none,distributed_velocity_obstacle_payload_tracking,local_relative_traffic_state,0,6,False,False,cbba_wrench_score,push_drag,push_drag,load-01,1,10,2,24.0,2,0,0.3,0.85,0.2,0.08726646259971647,0.14,74.0,7.0,inf,True,True,False,False,6.481799123631472,3.056583652849554e-08,1.751293430369598e-06,8.458771318365338,0.9664031620553359,0.03359683794466406,2.3044467246560547,0.22216508779301603,0.5185492637289546,1.0,0,0.0,0,0.11499999963932483,0.11500000000000027,inf,0.7055816034160212,91.03501096901047,18.994199444459248,0.818895647493092,999.2040668829017,0.12256589503951863,0.6534960857831863,0.0,2.24,74.0,4,6,47610,1133.7440999923274,-75.4046430446281,310.82199297621395,-386.2266360208421,1.0,1.0
SP5_MC_explicit_control_law,overactuated_push_drag,overactuated_push_drag_v00,6650,sota_decentralized_vo_cargo,SOTA decentralized VO cargo,sota,decentralized,baseline,velocity_obstacle_cargo,baseline_sota_decentralized_cargo,none,distributed_velocity_obstacle_cargo_transport,local_relative_traffic_state,0,6,False,False,cbba_wrench_score,cargo,push_drag,load-01,1,10,2,24.0,2,0,0.3,0.85,0.2,0.08726646259971647,0.14,74.0,7.0,inf,True,True,True,True,0.0001812208166973071,8.685083763282364e-10,4.976186443536776e-08,3.8237298289359614,0.9941176470588236,0.00588235294117645,2.3044467246560547,0.25780467701757986,0.06475554142101879,1.0,0,0.0,0,0.1149999999999991,0.11499999946665024,inf,0.13178356481897935,85.69708042277878,18.921466616436128,0.8220434265477166,941.5346137037393,0.11484189820240251,0.6683482695509859,0.0,2.24,32.620000000000005,4,6,47610,567.6629999652505,308.2506556270598,310.82199297621395,-2.5713373491541347,0.008272700797433306,0.008272700797433306
SP5_MC_explicit_control_law,overactuated_push_drag,overactuated_push_drag_v00,6650,ours_tensor_game_push,Ours tensor-game push,model_based,decentralized,proposed,smooth_tensor_game_wrench_push,proposed_model_based_decentralized_push_drag,model_based_tuning_optional,distributed_tensor_game_wrench_transport,local_tensor_field_and_wrench_residual,0,9,False,False,smith_wrench_pairs_guarded,push_drag,push_drag,load-01,1,10,2,24.0,2,0,0.3,0.85,0.2,0.08726646259971647,0.14,74.0,7.0,inf,True,True,False,False,6.231956611238828,6.212018899276472e-08,3.559224651840451e-06,8.14816242319013,0.9881889763779528,0.011811023622047223,2.2670560140205307,0.182945192023019,0.5782540894120635,1.0,0,0.0,0,0.11499999999999877,0.11500000000000027,inf,0.9891735351601505,87.37985586968314,18.56131941814828,0.8379936200804368,922.1609358971502,0.11800227871765896,0.6991952449268322,0.0,2.1,74.0,4,6,47610,1670.580399921164,-69.50396315071612,310.82199297621395,-380.32595612693007,1.0,1.0
SP5_MC_explicit_control_law,overactuated_push_drag,overactuated_push_drag_v00,6650,ours_explicit_vgne_cbf_push,Ours explicit vGNE-CBF push,model_based,decentralized,proposed,closed_form_explicit_vgne_cbf_push,proposed_model_based_decentralized_push_drag,closed_form_model_based,distributed_explicit_vgne_cbf_transport,local_contact_geometry_consensus_scalars_and_wrench_residual,0,10,False,False,support_dual_wrench_market_guarded,push_drag,push_drag,load-01,1,10,2,24.0,2,0,0.3,0.85,0.2,0.08726646259971647,0.14,74.0,7.0,inf,True,True,False,False,5.652466542562263,0.00205018262520662,0.1174668116553908,8.764196004678622,0.9018789144050104,0.09812108559498955,9.020854246712839,1.0223809311855017,0.8001600059933761,1.2084771352750359,0,0.0,0,0.11499999999999644,0.11500000000000027,inf,0.1320109255666091,72.25212596521358,19.04580623078011,0.8166767562481017,726.45533068443,0.09699026590828283,0.6786787791124135,0.0,7.000000000000001,74.0,3,7,47610,900.2101999940351,-67.4534519437897,310.82199297621395,-378.2754449200037,1.0,1.0
SP5_MC_explicit_control_law,overactuated_push_drag,overactuated_push_drag_v00,6650,ours_explicit_vgne_cbf_cargo,Ours explicit vGNE-CBF cargo,model_based,decentralized,proposed,closed_form_explicit_vgne_cbf_cargo,proposed_model_based_decentralized_cargo,closed_form_model_based,distributed_explicit_vgne_cbf_caging_transport,local_contact_geometry_consensus_scalars_and_wrench_residual,0,10,False,False,support_dual_wrench_market_guarded,cargo,push_drag,load-01,1,10,2,24.0,2,0,0.3,0.85,0.2,0.08726646259971647,0.14,74.0,7.0,inf,True,True,True,True,1.0418891230691662e-09,1.3322676295501878e-15,7.63333123551244e-14,6.1455951630291885,0.9081419624217119,0.09185803757828814,9.020854246712839,0.9797807846735679,0.21448275708772988,1.2368597306770508,0,0.0,0,0.11499999999999899,0.11500000000000027,inf,0.16030579431818537,66.44346056959256,17.35475408119322,0.8962539705209095,665.5090700633589,0.0890125748640137,0.6934326656148573,0.0,7.000000000000001,46.480000000000004,3,7,47610,674.1376999998465,296.46755467739865,310.82199297621395,-14.354438298815296,0.046182183446439026,0.046182183446439026
SP5_MC_explicit_control_law,overactuated_push_drag,overactuated_push_drag_v00,6650,ours_hamiltonian_cargo,Ours Hamiltonian cargo,model_based,decentralized,proposed,hamiltonian_tensor_cargo,proposed_model_based_decentralized_cargo,model_based_tuning_optional,distributed_hamiltonian_cargo_transport,local_energy_wrench_formation_game,0,9,False,False,support_dual_wrench_market_guarded,cargo,push_drag,load-01,1,10,2,24.0,2,0,0.3,0.85,0.2,0.08726646259971647,0.14,74.0,7.0,inf,True,True,True,True,1.1145555064238038e-05,2.683564481742451e-10,1.537569188550545e-08,6.208331437741471,0.9102296450939458,0.08977035490605423,9.020854246712839,0.974468161774654,0.19650182096765864,1.0112419012886678,0,0.0,0,0.11499999999999833,0.11500000000000027,inf,0.24744367412175716,70.4105093455662,18.78628995331904,0.8279584362496947,709.0814766905484,0.09447658622308942,0.6934326656148573,0.0,7.000000000000001,45.92,3,7,47610,547.2102999920025,295.84884656661035,310.82199297621395,-14.9731464096036,0.048172737927040576,0.048172737927040576
SP5_MC_explicit_control_law,overactuated_push_drag,overactuated_push_drag_v00,6650,reference_centralized_mpc_cbf_cargo,Reference centralized MPC-CBF cargo,model_based_reference,centralized,reference,time_expanded_mpc_cbf_cargo,reference_model_based_reference_centralized_cargo,none,centralized_reference_mpc_cbf_cargo,global_state_and_time_expanded_constraints,0,10,False,False,wrench_oracle,cargo,push_drag,load-01,1,10,2,24.0,2,0,0.3,0.85,0.2,0.08726646259971647,0.14,74.0,7.0,inf,True,True,True,True,1.9005468500278772e-05,6.818101638828011e-12,3.9064844819607497e-10,3.5796778529568782,1.0,0.0,2.2670560140205307,0.1809057034245959,0.0532224489270755,1.0,0,0.0,0,0.11499999999999932,0.11499999937413713,inf,0.27259834452543275,84.53705235823152,19.070741634447167,0.8156089338753332,896.3472124971005,0.11352535842837581,0.7295950381845204,0.0,1.9600000000000002,30.94,4,6,47610,8859.582399949431,310.82199297621395,310.82199297621395,0.0,0.0,0.0
SP5_MC_explicit_control_law,overactuated_push_drag,overactuated_push_drag_v00,6651,classic_decentralized_apf_push,Classic decentralized APF push,classic,decentralized,baseline,apf_push_drag,baseline_classic_decentralized_push_drag,none,distributed_apf_payload_tracking,local_obstacle_and_slot_state,0,3,False,False,greedy_capacity,push_drag,push_drag,load-01,1,10,2,24.0,2,0,0.3,0.85,0.2,0.08726646259971647,0.14,74.0,7.0,inf,True,True,False,False,0.7069043381242076,1.5243167177786296,87.3369145699497,7.564511683899759,0.30181086519114686,0.6981891348088531,3.1583525317923358,1.4055897629191085,0.5476877347138003,1.0601074126428571,0,0.0,0,0.11499999999999944,0.844962596141368,inf,0.08000099999999999,78.43651814386176,22.84487230597136,0.6811040039239528,797.5494525622591,0.1057939670100187,0.703337263873309,0.0,2.66,74.0,2,8,47610,744.0169000765309,-109.31697446661647,309.3822777608631,-418.6992522274795,1.0,1.0
SP5_MC_explicit_control_law,overactuated_push_drag,overactuated_push_drag_v00,6651,sota_centralized_cbf_push,SOTA centralized CBF push,sota,centralized,baseline,cbf_payload_push_drag,baseline_sota_centralized_push_drag,none,centralized_cbf_payload_velocity_projection,global_payload_robot_traffic_state,0,6,False,False,wrench_greedy,push_drag,push_drag,load-01,1,10,2,24.0,2,0,0.3,0.85,0.2,0.08726646259971647,0.14,74.0,7.0,inf,True,True,False,False,5.706671399443945,6.75977704922559e-08,3.873066953700236e-06,8.00931328161177,0.9822134387351779,0.017786561264822143,2.366765771327783,0.19775146941911698,0.4704764553754489,1.0,0,0.0,0,0.11499999999999921,0.8786211167687528,inf,0.612084667966323,85.64945832401965,17.936581927672513,0.867486015979611,804.2899816514018,0.1152568525587855,0.773476895671799,0.0,2.66,74.0,4,6,47610,1136.3588999956846,-63.618149410053846,309.3822777608631,-373.0004271709169,1.0,1.0
SP5_MC_explicit_control_law,overactuated_push_drag,overactuated_push_drag_v00,6651,sota_decentralized_vo_push,SOTA decentralized VO push,sota,decentralized,baseline,velocity_obstacle_push_drag,baseline_sota_decentralized_push_drag,none,distributed_velocity_obstacle_payload_tracking,local_relative_traffic_state,0,6,False,False,cbba_wrench_score,push_drag,push_drag,load-01,1,10,2,24.0,2,0,0.3,0.85,0.2,0.08726646259971647,0.14,74.0,7.0,inf,True,True,False,False,6.164510217007508,2.6205661374234523e-07,1.5014737960926392e-05,8.363180166308156,0.9683168316831683,0.03168316831683171,2.366765771327783,0.2428603088756036,0.4910915876305711,1.0,0,0.0,0,0.1149999996759673,0.7963286932077511,inf,0.5835183185373156,88.491388092009,18.343178729581638,0.8482572309910321,829.6410134069184,0.11903136492731005,0.739847465425199,0.0,2.66,74.0,4,6,47610,1137.614900013432,-69.87463967763027,309.3822777608631,-379.25691743849336,1.0,1.0
SP5_MC_explicit_control_law,overactuated_push_drag,overactuated_push_drag_v00,6651,sota_decentralized_vo_cargo,SOTA decentralized VO cargo,sota,decentralized,baseline,velocity_obstacle_cargo,baseline_sota_decentralized_cargo,none,distributed_velocity_obstacle_cargo_transport,local_relative_traffic_state,0,6,False,False,cbba_wrench_score,cargo,push_drag,load-01,1,10,2,24.0,2,0,0.3,0.85,0.2,0.08726646259971647,0.14,74.0,7.0,inf,True,True,True,True,0.0006146468594510393,8.685181462908531e-10,4.97624242129917e-08,4.145120576655409,1.0,0.0,2.366765771327783,0.18295150812491545,0.06764585521748678,1.0,0,0.0,0,0.14525171855382757,0.34715764882733896,inf,0.13361362126545218,83.36098264020931,18.861322634828888,0.8249545537170478,793.2237634729711,0.1123463377900396,0.756662180548499,0.0,2.66,35.56,4,6,47610,530.1867999369279,308.8008061257183,309.3822777608631,-0.5814716351447942,0.0018794600626550512,0.0018794600626550512
SP5_MC_explicit_control_law,overactuated_push_drag,overactuated_push_drag_v00,6651,ours_tensor_game_push,Ours tensor-game push,model_based,decentralized,proposed,smooth_tensor_game_wrench_push,proposed_model_based_decentralized_push_drag,model_based_tuning_optional,distributed_tensor_game_wrench_transport,local_tensor_field_and_wrench_residual,0,9,False,False,smith_wrench_pairs_guarded,push_drag,push_drag,load-01,1,10,2,24.0,2,0,0.3,0.85,0.2,0.08726646259971647,0.14,74.0,7.0,inf,True,True,False,False,5.817619860148306,3.6070018971656737e-08,2.0666598540327407e-06,7.987335221187032,1.0,0.0,2.366765771327783,0.15899271538049906,0.5190923324429672,1.0,0,0.0,0,0.11499999999999966,0.8547794438832352,inf,0.5276180068294984,85.01959606318755,17.9362607681454,0.8675015488380072,737.7910414122936,0.1142575372534876,0.7734768956717991,0.0,2.1,74.0,4,6,47610,1655.5425999686122,-62.015599178916375,309.3822777608631,-371.39787693977945,1.0,1.0
SP5_MC_explicit_control_law,overactuated_push_drag,overactuated_push_drag_v00,6651,ours_explicit_vgne_cbf_push,Ours explicit vGNE-CBF push,model_based,decentralized,proposed,closed_form_explicit_vgne_cbf_push,proposed_model_based_decentralized_push_drag,closed_form_model_based,distributed_explicit_vgne_cbf_transport,local_contact_geometry_consensus_scalars_and_wrench_residual,0,10,False,False,support_dual_wrench_market_guarded,push_drag,push_drag,load-01,1,10,2,24.0,2,0,0.3,0.85,0.2,0.08726646259971647,0.14,74.0,7.0,inf,True,True,False,False,5.474131610480275,0.0016918633844240638,0.0969366314402184,8.306152329303844,0.9394572025052192,0.06054279749478075,9.054212623102,0.8526270719496155,0.774915772243345,1.208477135275036,0,0.0,0,0.11499999963577567,0.48597477170176134,inf,0.08000099999999954,76.78644131157802,19.171957455031468,0.8115881768058607,771.4878998557463,0.10278731721572534,0.735307139503914,0.0,7.000000000000001,74.0,3,7,47610,916.2981000263244,-63.62861803159929,309.3822777608631,-373.01089579246235,1.0,1.0
SP5_MC_explicit_control_law,overactuated_push_drag,overactuated_push_drag_v00,6651,ours_explicit_vgne_cbf_cargo,Ours explicit vGNE-CBF cargo,model_based,decentralized,proposed,closed_form_explicit_vgne_cbf_cargo,proposed_model_based_decentralized_cargo,closed_form_model_based,distributed_explicit_vgne_cbf_caging_transport,local_contact_geometry_consensus_scalars_and_wrench_residual,0,10,False,False,support_dual_wrench_market_guarded,cargo,push_drag,load-01,1,10,2,24.0,2,0,0.3,0.85,0.2,0.08726646259971647,0.14,74.0,7.0,inf,True,True,True,True,1.4856936623291113e-10,1.3322676295501878e-15,7.63333123551244e-14,5.632917473909475,0.9436325678496869,0.056367432150313146,9.054212623102,0.8177591580536668,0.17877957639557,1.2368597306770508,0,0.0,0,0.11499999999999844,1.1237705195063095,inf,0.12314481970947844,70.16787663032616,17.413319928360316,0.893553559042297,705.0775228083451,0.0939901451493756,0.7512920773192163,0.0,7.000000000000001,43.68000000000001,3,7,47610,584.3634000048041,300.7939458772243,309.3822777608631,-8.588331883638773,0.027759611655187054,0.027759611655187054
SP5_MC_explicit_control_law,overactuated_push_drag,overactuated_push_drag_v00,6651,ours_hamiltonian_cargo,Ours Hamiltonian cargo,model_based,decentralized,proposed,hamiltonian_tensor_cargo,proposed_model_based_decentralized_cargo,model_based_tuning_optional,distributed_hamiltonian_cargo_transport,local_energy_wrench_formation_game,0,9,False,False,support_dual_wrench_market_guarded,cargo,push_drag,load-01,1,10,2,24.0,2,0,0.3,0.85,0.2,0.08726646259971647,0.14,74.0,7.0,inf,True,True,True,True,0.0012550960624439936,1.826605533494785e-10,1.046567879044933e-08,5.708604983493928,0.9436325678496869,0.056367432150313146,9.054212623102,0.8222772547072454,0.16744990472650217,1.0112419012886678,0,0.0,0,0.11499999999999821,1.1587261271830087,inf,0.24957831357268945,74.55655798993142,18.92109630359417,0.8223484383287484,752.603899477951,0.1000360955203778,0.7512920773192163,0.0,7.000000000000001,43.120000000000005,3,7,47610,502.35650001559407,299.84237084594736,309.3822777608631,-9.539906914915719,0.030835337382477953,0.030835337382477953
SP5_MC_explicit_control_law,overactuated_push_drag,overactuated_push_drag_v00,6651,reference_centralized_mpc_cbf_cargo,Reference centralized MPC-CBF cargo,model_based_reference,centralized,reference,time_expanded_mpc_cbf_cargo,reference_model_based_reference_centralized_cargo,none,centralized_reference_mpc_cbf_cargo,global_state_and_time_expanded_constraints,0,10,False,False,wrench_oracle,cargo,push_drag,load-01,1,10,2,24.0,2,0,0.3,0.85,0.2,0.08726646259971647,0.14,74.0,7.0,inf,True,True,True,True,5.4555579576009596e-05,6.88027412820702e-12,3.9421066943931414e-10,4.1727620015182305,1.0,0.0,2.366765771327783,0.10847384037525232,0.06050194579011105,1.0,0,0.0,0,0.4439417498596204,0.5099751916125852,inf,0.28009301542568865,81.92763556939002,18.91293422453075,0.8227033315934122,722.9380696922232,0.11041460319324806,0.8071063259183988,0.0,2.1,36.260000000000005,4,6,47610,8797.17110004276,309.3822777608631,309.3822777608631,0.0,0.0,0.0
SP5_MC_explicit_control_law,overactuated_push_drag,overactuated_push_drag_v00,6652,classic_decentralized_apf_push,Classic decentralized APF push,classic,decentralized,baseline,apf_push_drag,baseline_classic_decentralized_push_drag,none,distributed_apf_payload_tracking,local_obstacle_and_slot_state,0,3,False,False,greedy_capacity,push_drag,push_drag,load-01,1,10,2,24.0,2,0,0.3,0.85,0.2,0.08726646259971647,0.14,74.0,7.0,inf,True,True,False,False,2.474025844975973,1.4565445530089751,83.45385556018329,8.451233406450148,0.23382045929018788,0.7661795407098121,10.31108001045597,2.2469010696962086,0.67712485622507,1.043058741603051,0,0.0,0,0.11499999977985942,0.11500000000000005,inf,0.08000099999999999,82.19804511717575,26.202188028438393,0.6023426905272004,699.6108143470827,0.11091619054536572,0.7157869047144666,0.0,7.000000000000001,74.0,2,8,47610,743.592599988915,-129.96206881963408,307.59121494967496,-437.553283769309,1.0,1.0
SP5_MC_explicit_control_law,overactuated_push_drag,overactuated_push_drag_v00,6652,sota_centralized_cbf_push,SOTA centralized CBF push,sota,centralized,baseline,cbf_payload_push_drag,baseline_sota_centralized_push_drag,none,centralized_cbf_payload_velocity_projection,global_payload_robot_traffic_state,0,6,False,False,wrench_greedy,push_drag,push_drag,load-01,1,10,2,24.0,2,0,0.3,0.85,0.2,0.08726646259971647,0.14,74.0,7.0,inf,True,True,False,False,5.854211467868106,4.917629725653683e-08,2.8175942848803293e-06,8.317393768566586,1.0,0.0,3.433634669414468,0.25296057215153983,0.48825837060561356,1.0,0,0.0,0,0.11499999984384612,0.11500000000000038,inf,0.477875898082043,88.86242884375676,18.45083997197172,0.8553917577044915,800.9046836922256,0.11938905262804378,0.709370065091219,0.0,3.9200000000000004,74.0,4,6,47610,1126.3872000854462,-63.793997492169225,307.59121494967496,-371.3852124418442,1.0,1.0
SP5_MC_explicit_control_law,overactuated_push_drag,overactuated_push_drag_v00,6652,sota_decentralized_vo_push,SOTA decentralized VO push,sota,decentralized,baseline,velocity_obstacle_push_drag,baseline_sota_decentralized_push_drag,none,distributed_velocity_obstacle_payload_tracking,local_relative_traffic_state,0,6,False,False,cbba_wrench_score,push_drag,push_drag,load-01,1,10,2,24.0,2,0,0.3,0.85,0.2,0.08726646259971647,0.14,74.0,7.0,inf,True,True,False,False,6.1690134780401635,6.382747850253168e-07,3.657045135157057e-05,8.562918933924342,0.97,0.030000000000000027,3.433634669414468,0.2894079459238989,0.49508765521590836,1.0,0,0.0,0,0.11499999969813324,0.11500000000000038,inf,0.44177768578573273,90.7199098807701,18.74842424834206,0.8418145560230139,816.2948099009407,0.12189513522631074,0.6785278883481225,0.0,4.0600000000000005,74.0,4,6,47610,1152.3806999903172,-69.99625428865752,307.59121494967496,-377.58746923833246,1.0,1.0
SP5_MC_explicit_control_law,overactuated_push_drag,overactuated_push_drag_v00,6652,sota_decentralized_vo_cargo,SOTA decentralized VO cargo,sota,decentralized,baseline,velocity_obstacle_cargo,baseline_sota_decentralized_cargo,none,distributed_velocity_obstacle_cargo_transport,local_relative_traffic_state,0,6,False,False,cbba_wrench_score,cargo,push_drag,load-01,1,10,2,24.0,2,0,0.3,0.85,0.2,0.08726646259971647,0.14,74.0,7.0,inf,True,True,True,True,0.00037572677468217843,9.199139228144304e-10,5.270718529259023e-08,4.469354653285343,1.0,0.0,3.433634669414468,0.23707257528846384,0.08483603582950865,1.0,0,0.0,0,0.11499999987745468,0.11500000000000038,inf,0.13290822084401577,84.24387644026953,18.95299855766324,0.8327282032302896,775.0417113512851,0.11316167492877698,0.6939489767196708,0.0,3.9200000000000004,36.96,4,6,47610,531.0618999646977,307.8122201470055,307.59121494967496,0.22100519733055535,0.0,0.0
SP5_MC_explicit_control_law,overactuated_push_drag,overactuated_push_drag_v00,6652,ours_tensor_game_push,Ours tensor-game push,model_based,decentralized,proposed,smooth_tensor_game_wrench_push,proposed_model_based_decentralized_push_drag,model_based_tuning_optional,distributed_tensor_game_wrench_transport,local_tensor_field_and_wrench_residual,0,9,False,False,smith_wrench_pairs_guarded,push_drag,push_drag,load-01,1,10,2,24.0,2,0,0.3,0.85,0.2,0.08726646259971647,0.14,74.0,7.0,inf,True,True,False,False,6.007405273743667,6.966629451099493e-08,3.991584649795423e-06,8.264957208568866,1.0,0.0,2.5959348770580277,0.22787841584979995,0.5354055745458217,1.0,0,0.0,0,0.1150000000000001,0.11500000000000038,inf,0.19447778539780702,91.06965287620098,18.810175953540252,0.8390509729271686,909.7816574682795,0.12273538123477214,0.8078563944672681,0.0,2.66,74.0,4,6,47610,1670.2813999727368,-66.87656612502184,307.59121494967496,-374.4677810746968,1.0,1.0
SP5_MC_explicit_control_law,overactuated_push_drag,overactuated_push_drag_v00,6652,ours_explicit_vgne_cbf_push,Ours explicit vGNE-CBF push,model_based,decentralized,proposed,closed_form_explicit_vgne_cbf_push,proposed_model_based_decentralized_push_drag,closed_form_model_based,distributed_explicit_vgne_cbf_transport,local_contact_geometry_consensus_scalars_and_wrench_residual,0,10,False,False,support_dual_wrench_market_guarded,push_drag,push_drag,load-01,1,10,2,24.0,2,0,0.3,0.85,0.2,0.08726646259971647,0.14,74.0,7.0,inf,True,True,False,False,5.761943577718088,0.0037387544071814105,0.21421484816743092,9.382600558511852,0.8413361169102297,0.1586638830897703,13.049634437235156,1.8898637885272933,0.811663074371731,1.2084771352750359,0,0.0,0,0.11499999999999899,0.11500000000000005,inf,0.08000099999999977,78.664252507756,19.953161655671916,0.7909872483924254,674.5861331481925,0.10697198063282755,0.7483226731105788,0.0,7.000000000000001,74.0,3,7,47610,884.411699953489,-74.75245772149464,307.59121494967496,-382.3436726711696,1.0,1.0
SP5_MC_explicit_control_law,overactuated_push_drag,overactuated_push_drag_v00,6652,ours_explicit_vgne_cbf_cargo,Ours explicit vGNE-CBF cargo,model_based,decentralized,proposed,closed_form_explicit_vgne_cbf_cargo,proposed_model_based_decentralized_cargo,closed_form_model_based,distributed_explicit_vgne_cbf_caging_transport,local_contact_geometry_consensus_scalars_and_wrench_residual,0,10,False,False,support_dual_wrench_market_guarded,cargo,push_drag,load-01,1,10,2,24.0,2,0,0.3,0.85,0.2,0.08726646259971647,0.14,74.0,7.0,inf,True,True,True,True,1.3454216220513608e-09,2.4424906541753444e-14,1.3994440598439474e-12,6.707950353711413,0.8475991649269311,0.1524008350730689,13.049634437235156,1.8391173066889066,0.28263129586324426,1.2368597306770508,0,0.0,0,0.11499999999999899,0.11500000000000005,inf,0.14134022441437932,70.06620812138027,17.52578036002124,0.9005417225672713,598.9008114236849,0.09539839479153286,0.7645905573086348,0.0,7.000000000000001,46.900000000000006,3,7,47610,667.1506999991834,290.5481934570165,307.59121494967496,-17.043021492658454,0.05540802423582502,0.05540802423582502
SP5_MC_explicit_control_law,overactuated_push_drag,overactuated_push_drag_v00,6652,ours_hamiltonian_cargo,Ours Hamiltonian cargo,model_based,decentralized,proposed,hamiltonian_tensor_cargo,proposed_model_based_decentralized_cargo,model_based_tuning_optional,distributed_hamiltonian_cargo_transport,local_energy_wrench_formation_game,0,9,False,False,support_dual_wrench_market_guarded,cargo,push_drag,load-01,1,10,2,24.0,2,0,0.3,0.85,0.2,0.08726646259971647,0.14,74.0,7.0,inf,True,True,True,True,0.00020265373094110068,3.2313267617212205e-09,1.8514138567430135e-07,6.770093344675081,0.8496868475991649,0.1503131524008351,13.049634437235156,1.834461804326655,0.2508911433304235,1.0112419012886678,0,0.0,0,0.11499999999999855,0.11500000000000005,inf,0.2407203695292548,74.75702513167192,19.17331943752549,0.8231593118852296,642.2980002278765,0.10171752515027606,0.7645905573086348,0.0,7.000000000000001,46.2,3,7,47610,594.9939999263734,289.90458605374283,307.59121494967496,-17.68662889593213,0.05750043576122888,0.05750043576122888
SP5_MC_explicit_control_law,overactuated_push_drag,overactuated_push_drag_v00,6652,reference_centralized_mpc_cbf_cargo,Reference centralized MPC-CBF cargo,model_based_reference,centralized,reference,time_expanded_mpc_cbf_cargo,reference_model_based_reference_centralized_cargo,none,centralized_reference_mpc_cbf_cargo,global_state_and_time_expanded_constraints,0,10,False,False,wrench_oracle,cargo,push_drag,load-01,1,10,2,24.0,2,0,0.3,0.85,0.2,0.08726646259971647,0.14,74.0,7.0,inf,True,True,True,True,3.6568363133803415e-05,6.754596881819452e-12,3.8700989364048073e-10,4.261944098410904,1.0,0.0,2.5959348770580277,0.1592654599922481,0.06758936592386423,1.0,0,0.0,0,0.1150000000000001,0.11500000000000038,inf,0.2736504281670691,83.66632736770558,19.02643042698463,0.8295143166931115,854.8764173956931,0.11275785359529053,0.8429805855310621,0.0,2.66,36.120000000000005,4,6,47610,8844.108799938112,307.59121494967496,307.59121494967496,0.0,0.0,0.0
SP5_MC_explicit_control_law,overactuated_push_drag,overactuated_push_drag_v00,6653,classic_decentralized_apf_push,Classic decentralized APF push,classic,decentralized,baseline,apf_push_drag,baseline_classic_decentralized_push_drag,none,distributed_apf_payload_tracking,local_obstacle_and_slot_state,0,3,False,False,greedy_capacity,push_drag,push_drag,load-01,1,10,2,24.0,2,0,0.3,0.85,0.2,0.08726646259971647,0.14,74.0,7.0,inf,True,True,False,False,9.575849961506174,0.02213173872479457,1.2680552222169754,10.175431452847617,1.0,0.0,0.7119733001350718,0.07524419473629326,0.8685313725584101,1.0000030696586122,0,0.0,0,0.11499999972772534,1.7165404654759369,inf,0.08000099999999932,15.656362586403512,6.830310061111147,1.0,184.050207254512,0.02085567940935138,0.7683998567338058,0.0,0.0,74.0,2,8,47610,765.5955000082031,-77.10776870320865,308.42265760314103,-385.5304263063497,1.0,1.0
SP5_MC_explicit_control_law,overactuated_push_drag,overactuated_push_drag_v00,6653,sota_centralized_cbf_push,SOTA centralized CBF push,sota,centralized,baseline,cbf_payload_push_drag,baseline_sota_centralized_push_drag,none,centralized_cbf_payload_velocity_projection,global_payload_robot_traffic_state,0,6,False,False,wrench_greedy,push_drag,push_drag,load-01,1,10,2,24.0,2,0,0.3,0.85,0.2,0.08726646259971647,0.14,74.0,7.0,inf,True,True,False,False,5.931582587409537,2.4823283251151906e-07,1.4222693639487889e-05,8.468882581778901,1.0,0.0,4.278313565889404,0.31332798521620453,0.506768530706869,1.0,0,0.0,0,0.11499999968381802,0.8183379128866162,inf,0.47765396256456194,89.69004278118243,18.526998209435533,0.8475495573082058,895.1157594868698,0.12070283811164341,0.8033271229489789,0.0,5.32,74.0,4,6,47610,1112.0602000737563,-65.7698445693321,308.42265760314103,-374.19250217247316,1.0,1.0
SP5_MC_explicit_control_law,overactuated_push_drag,overactuated_push_drag_v00,6653,sota_decentralized_vo_push,SOTA decentralized VO push,sota,decentralized,baseline,velocity_obstacle_push_drag,baseline_sota_decentralized_push_drag,none,distributed_velocity_obstacle_payload_tracking,local_relative_traffic_state,0,6,False,False,cbba_wrench_score,push_drag,push_drag,load-01,1,10,2,24.0,2,0,0.3,0.85,0.2,0.08726646259971647,0.14,74.0,7.0,inf,True,True,False,False,6.241560100848552,1.1280422778092714e-06,6.463206163079517e-05,8.725295992517323,1.0,0.0,4.278313565889404,0.36502213541793277,0.5122940828366038,1.0,0,0.0,0,0.11499999980052411,0.74312200267201,inf,0.4320180750254463,92.53801477391298,18.842710547277953,0.8333487420112932,920.6339238125747,0.12443055003384816,0.7683998567338058,0.0,5.6000000000000005,74.0,4,6,47610,1120.969400042668,-69.3785109574532,308.42265760314103,-377.80116856059425,1.0,1.0
SP5_MC_explicit_control_law,overactuated_push_drag,overactuated_push_drag_v00,6653,sota_decentralized_vo_cargo,SOTA decentralized VO cargo,sota,decentralized,baseline,velocity_obstacle_cargo,baseline_sota_decentralized_cargo,none,distributed_velocity_obstacle_cargo_transport,local_relative_traffic_state,0,6,False,False,cbba_wrench_score,cargo,push_drag,load-01,1,10,2,24.0,2,0,0.3,0.85,0.2,0.08726646259971647,0.14,74.0,7.0,inf,True,True,True,True,0.0003365140567036432,4.2301895319951655e-10,2.423720067237439e-08,4.626308839087649,1.0,0.0,4.278313565889404,0.30080614559208985,0.10416286620266137,1.0,0,0.0,0,0.1149999997289004,0.3407529010787254,inf,0.13256446836119395,85.37740887462608,18.90989344050087,0.8303880283653831,861.5832207158716,0.11460074446299655,0.7858634898413923,0.0,5.460000000000001,37.1,4,6,47610,527.9019000008702,306.4650391198522,308.42265760314103,-1.9576184832888543,0.006347194134510686,0.006347194134510686
SP5_MC_explicit_control_law,overactuated_push_drag,overactuated_push_drag_v00,6653,ours_tensor_game_push,Ours tensor-game push,model_based,decentralized,proposed,smooth_tensor_game_wrench_push,proposed_model_based_decentralized_push_drag,model_based_tuning_optional,distributed_tensor_game_wrench_transport,local_tensor_field_and_wrench_residual,0,9,False,False,smith_wrench_pairs_guarded,push_drag,push_drag,load-01,1,10,2,24.0,2,0,0.3,0.85,0.2,0.08726646259971647,0.14,74.0,7.0,inf,True,True,False,False,5.973060619326319,8.208285651178926e-08,4.703001248503451e-06,8.264620795524262,1.0,0.0,3.006831326867455,0.23292211182029574,0.5438515250210856,1.0,0,0.0,0,0.11499999976353859,0.7872761059082327,inf,0.3693072155953292,89.40584629282802,18.53401465731004,0.8472286992858147,888.1697164828076,0.12029151480017279,0.8033271229489789,0.0,3.6400000000000006,74.0,4,6,47610,1636.808699928224,-66.00863598193102,308.42265760314103,-374.43129358507207,1.0,1.0
SP5_MC_explicit_control_law,overactuated_push_drag,overactuated_push_drag_v00,6653,ours_explicit_vgne_cbf_push,Ours explicit vGNE-CBF push,model_based,decentralized,proposed,closed_form_explicit_vgne_cbf_push,proposed_model_based_decentralized_push_drag,closed_form_model_based,distributed_explicit_vgne_cbf_transport,local_contact_geometry_consensus_scalars_and_wrench_residual,0,10,False,False,support_dual_wrench_market_guarded,push_drag,push_drag,load-01,1,10,2,24.0,2,0,0.3,0.85,0.2,0.08726646259971647,0.14,74.0,7.0,inf,True,True,False,False,5.669599435110215,0.0022043175932089376,0.12629809479730758,7.482631781996677,0.9960629921259843,0.003937007874015741,2.4677040233096323,0.19577172797863235,0.7708947432775021,1.0000011712253791,0,0.0,0,0.11499999999999877,0.4948141984346138,inf,0.08000099999999954,66.08177929166385,19.74748300955396,0.7951671168958603,697.5275467620689,0.0890590017407868,0.8033271229489789,0.0,2.66,74.0,3,7,47610,988.2659000577405,-57.205139214345515,308.42265760314103,-365.62779681748657,1.0,1.0
SP5_MC_explicit_control_law,overactuated_push_drag,overactuated_push_drag_v00,6653,ours_explicit_vgne_cbf_cargo,Ours explicit vGNE-CBF cargo,model_based,decentralized,proposed,closed_form_explicit_vgne_cbf_cargo,proposed_model_based_decentralized_cargo,closed_form_model_based,distributed_explicit_vgne_cbf_caging_transport,local_contact_geometry_consensus_scalars_and_wrench_residual,0,10,False,False,support_dual_wrench_market_guarded,cargo,push_drag,load-01,1,10,2,24.0,2,0,0.3,0.85,0.2,0.08726646259971647,0.14,74.0,7.0,inf,True,True,True,True,5.482415743802319e-13,1.3322676295501878e-15,7.63333123551244e-14,4.072345751858469,0.9960629921259843,0.003937007874015741,2.4677040233096323,0.19939377246425088,0.0707041572058407,1.0,0,0.0,0,0.11499999999999877,1.289366544780588,inf,0.16260938947330672,58.698714310313306,17.43796361787991,0.9004806681989229,616.9752475754668,0.07872692480100765,0.8207907560565653,0.0,2.66,35.56,3,7,47610,598.0778000084683,314.98651270520156,308.42265760314103,6.563855102060529,0.0,0.0
SP5_MC_explicit_control_law,overactuated_push_drag,overactuated_push_drag_v00,6653,ours_hamiltonian_cargo,Ours Hamiltonian cargo,model_based,decentralized,proposed,hamiltonian_tensor_cargo,proposed_model_based_decentralized_cargo,model_based_tuning_optional,distributed_hamiltonian_cargo_transport,local_energy_wrench_formation_game,0,9,False,False,support_dual_wrench_market_guarded,cargo,push_drag,load-01,1,10,2,24.0,2,0,0.3,0.85,0.2,0.08726646259971647,0.14,74.0,7.0,inf,True,True,True,True,1.73918403669862e-05,5.781597423037965e-12,3.3126113118378817e-10,4.106072504582392,0.9901768172888016,0.00982318271119842,2.4677040233096323,0.21690005951052327,0.06645207457179472,1.0,0,0.0,0,0.11499999999999877,1.340162435030539,inf,0.24330007087243044,62.494925094624094,18.953153821628266,0.8284926761232818,660.1674405343731,0.08393862385551162,0.8207907560565653,0.0,2.66,34.720000000000006,3,7,47610,516.2600000621751,313.8555453123239,308.42265760314103,5.4328877091828645,0.0,0.0
SP5_MC_explicit_control_law,overactuated_push_drag,overactuated_push_drag_v00,6653,reference_centralized_mpc_cbf_cargo,Reference centralized MPC-CBF cargo,model_based_reference,centralized,reference,time_expanded_mpc_cbf_cargo,reference_model_based_reference_centralized_cargo,none,centralized_reference_mpc_cbf_cargo,global_state_and_time_expanded_constraints,0,10,False,False,wrench_oracle,cargo,push_drag,load-01,1,10,2,24.0,2,0,0.3,0.85,0.2,0.08726646259971647,0.14,74.0,7.0,inf,True,True,True,True,0.00010316580408362114,6.609379710198482e-12,3.7868956259377217e-10,4.117019233802694,0.9980353634577603,0.0019646365422396617,2.4677040233096323,0.20433875197398466,0.06798214371701021,1.0,0,0.0,0,0.11499999983443443,0.4965355910931715,inf,0.27149606067617027,84.00449747818467,18.976357682632187,0.8274796140161564,843.663657243105,0.11260839728052505,0.8382543891641516,0.0,2.66,34.86000000000001,4,6,47610,8727.51460003201,308.42265760314103,308.42265760314103,0.0,0.0,0.0
SP5_MC_explicit_control_law,overactuated_push_drag,overactuated_push_drag_v00,6654,classic_decentralized_apf_push,Classic decentralized APF push,classic,decentralized,baseline,apf_push_drag,baseline_classic_decentralized_push_drag,none,distributed_apf_payload_tracking,local_obstacle_and_slot_state,0,3,False,False,greedy_capacity,push_drag,push_drag,load-01,1,10,2,24.0,2,0,0.3,0.85,0.2,0.08726646259971647,0.14,74.0,7.0,inf,True,True,False,False,2.752071392784031,2.3334279274607503,133.6955720414598,7.352251916069148,0.5306930693069307,0.4693069306930693,2.871680032699132,1.0297478346352296,0.5886687597788155,1.0475836623666694,0,0.0,0,0.11499999983685538,0.5416557518160279,inf,0.08000099999999999,81.11649781023486,26.901540338585285,0.5848215869750013,807.2101443483401,0.10876386462532575,0.770836070095522,0.0,0.9800000000000001,74.0,2,8,47610,801.2082000495866,-121.14199498321372,307.65163998845094,-428.7936349716647,1.0,1.0
SP5_MC_explicit_control_law,overactuated_push_drag,overactuated_push_drag_v00,6654,sota_centralized_cbf_push,SOTA centralized CBF push,sota,centralized,baseline,cbf_payload_push_drag,baseline_sota_centralized_push_drag,none,centralized_cbf_payload_velocity_projection,global_payload_robot_traffic_state,0,6,False,False,wrench_greedy,push_drag,push_drag,load-01,1,10,2,24.0,2,0,0.3,0.85,0.2,0.08726646259971647,0.14,74.0,7.0,inf,True,True,False,False,5.831199298965365,4.3914087077823183e-07,2.5160918507292546e-05,8.390757164097241,1.0,0.0,3.9094159522241294,0.2962695533862634,0.4977726240930357,1.0,0,0.0,0,0.11499999999999932,0.8921889151906903,inf,0.6374486989325354,88.3115709013845,18.360061018130367,0.856892659416964,855.1352658236369,0.11887171889464866,0.8058740732816821,0.0,4.9,74.0,4,6,47610,1114.8665000218898,-64.13850754735681,307.65163998845094,-371.79014753580776,1.0,1.0
SP5_MC_explicit_control_law,overactuated_push_drag,overactuated_push_drag_v00,6654,sota_decentralized_vo_push,SOTA decentralized VO push,sota,decentralized,baseline,velocity_obstacle_push_drag,baseline_sota_decentralized_push_drag,none,distributed_velocity_obstacle_payload_tracking,local_relative_traffic_state,0,6,False,False,cbba_wrench_score,push_drag,push_drag,load-01,1,10,2,24.0,2,0,0.3,0.85,0.2,0.08726646259971647,0.14,74.0,7.0,inf,True,True,False,False,6.367862789415801,1.6288330697555864e-06,9.332526042833312e-05,8.811490382685907,0.9695121951219512,0.030487804878048808,3.9094159522241294,0.3609532489321247,0.5232455807463668,1.0,0,0.0,0,0.11499999999999955,0.7958741876103685,inf,0.619378144485804,91.92393781180373,18.879618045395315,0.8333114300858749,889.4998339682431,0.12373978879883099,0.7708360700955219,0.0,5.040000000000001,74.0,4,6,47610,1115.3030999703333,-72.9274427008957,307.65163998845094,-380.57908268934665,1.0,1.0
SP5_MC_explicit_control_law,overactuated_push_drag,overactuated_push_drag_v00,6654,sota_decentralized_vo_cargo,SOTA decentralized VO cargo,sota,decentralized,baseline,velocity_obstacle_cargo,baseline_sota_decentralized_cargo,none,distributed_velocity_obstacle_cargo_transport,local_relative_traffic_state,0,6,False,False,cbba_wrench_score,cargo,push_drag,load-01,1,10,2,24.0,2,0,0.3,0.85,0.2,0.08726646259971647,0.14,74.0,7.0,inf,True,True,True,True,0.00017645944583127125,6.440523669937193e-10,3.690148241415092e-08,4.630458909585021,1.0,0.0,3.9094159522241294,0.3250204363169369,0.09930389473092367,1.0,0,0.0,0,0.11499999944464157,0.3373127805988965,inf,0.13186221438388124,87.14668689064092,18.95963806342927,0.8297944011510244,849.8486395223485,0.1171051867023706,0.7883550716886019,0.0,5.040000000000001,37.38,4,6,47610,591.3296000799164,306.07882453881103,307.65163998845094,-1.5728154496399043,0.0051123259076367895,0.0051123259076367895
SP5_MC_explicit_control_law,overactuated_push_drag,overactuated_push_drag_v00,6654,ours_tensor_game_push,Ours tensor-game push,model_based,decentralized,proposed,smooth_tensor_game_wrench_push,proposed_model_based_decentralized_push_drag,model_based_tuning_optional,distributed_tensor_game_wrench_transport,local_tensor_field_and_wrench_residual,0,9,False,False,smith_wrench_pairs_guarded,push_drag,push_drag,load-01,1,10,2,24.0,2,0,0.3,0.85,0.2,0.08726646259971647,0.14,74.0,7.0,inf,True,True,False,False,5.818302335032013,4.8402762242716335e-08,2.773273993282821e-06,8.017199481087726,1.0,0.0,2.2907999130270515,0.1690921654607827,0.5242902410239302,1.0,0,0.0,0,0.11500000000000143,0.8973496141176027,inf,0.6769545658108691,84.03909746629859,18.15458799749949,0.8665909419178436,785.4106018643771,0.11326023917290912,0.805874073281682,0.0,2.3800000000000003,74.0,4,6,47610,1658.61279994715,-62.41668665284411,307.65163998845094,-370.0683266412951,1.0,1.0
SP5_MC_explicit_control_law,overactuated_push_drag,overactuated_push_drag_v00,6654,ours_explicit_vgne_cbf_push,Ours explicit vGNE-CBF push,model_based,decentralized,proposed,closed_form_explicit_vgne_cbf_push,proposed_model_based_decentralized_push_drag,closed_form_model_based,distributed_explicit_vgne_cbf_transport,local_contact_geometry_consensus_scalars_and_wrench_residual,0,10,False,False,support_dual_wrench_market_guarded,push_drag,push_drag,load-01,1,10,2,24.0,2,0,0.3,0.85,0.2,0.08726646259971647,0.14,74.0,7.0,inf,True,True,False,False,5.720648351224046,0.0026039074653660954,0.14919290800808485,7.415542262806804,1.0,0.0,2.396975086555323,0.17735545800934466,0.780703859759353,1.0000016342313853,0,0.0,0,0.11499999965198027,0.49639423726265736,inf,0.08000099999999977,66.90868371912639,19.575548930106212,0.8036863522477017,664.1128463740251,0.09108028251830792,0.805874073281682,0.0,2.66,74.0,3,7,47610,1021.7203999636695,-57.04562272132405,307.65163998845094,-364.697262709775,1.0,1.0
SP5_MC_explicit_control_law,overactuated_push_drag,overactuated_push_drag_v00,6654,ours_explicit_vgne_cbf_cargo,Ours explicit vGNE-CBF cargo,model_based,decentralized,proposed,closed_form_explicit_vgne_cbf_cargo,proposed_model_based_decentralized_cargo,closed_form_model_based,distributed_explicit_vgne_cbf_caging_transport,local_contact_geometry_consensus_scalars_and_wrench_residual,0,10,False,False,support_dual_wrench_market_guarded,cargo,push_drag,load-01,1,10,2,24.0,2,0,0.3,0.85,0.2,0.08726646259971647,0.14,74.0,7.0,inf,True,True,True,True,4.52288672596603e-13,1.3322676295501878e-15,7.63333123551244e-14,4.010631598261995,1.0,0.0,2.396975086555323,0.1453178230218315,0.06513894754538742,1.0,0,0.0,0,0.11499999989941123,1.1710806747933034,inf,0.15143603205988265,59.66538598917098,17.516290333906237,0.8981697159032529,593.9569574578601,0.08000252442311112,0.823393074874762,0.0,2.5200000000000005,35.28,3,7,47610,690.8138999715447,315.67274703245084,307.65163998845094,8.021107043999905,0.0,0.0
SP5_MC_explicit_control_law,overactuated_push_drag,overactuated_push_drag_v00,6654,ours_hamiltonian_cargo,Ours Hamiltonian cargo,model_based,decentralized,proposed,hamiltonian_tensor_cargo,proposed_model_based_decentralized_cargo,model_based_tuning_optional,distributed_hamiltonian_cargo_transport,local_energy_wrench_formation_game,0,9,False,False,support_dual_wrench_market_guarded,cargo,push_drag,load-01,1,10,2,24.0,2,0,0.3,0.85,0.2,0.08726646259971647,0.14,74.0,7.0,inf,True,True,True,True,3.192529113991394e-05,9.051426275163976e-12,5.186085241407151e-10,4.076697778831797,1.0,0.0,2.396975086555323,0.16073310094444454,0.06301091316592694,1.0,0,0.0,0,0.11499999933609495,1.2098558981498724,inf,0.24392323929349402,66.1925677465596,19.042489548863216,0.8261840697096591,657.8858305638445,0.08887712670405488,0.823393074874762,0.0,2.5200000000000005,34.720000000000006,3,7,47610,620.1554998988286,314.1504205110699,307.65163998845094,6.498780522618972,0.0,0.0
SP5_MC_explicit_control_law,overactuated_push_drag,overactuated_push_drag_v00,6654,reference_centralized_mpc_cbf_cargo,Reference centralized MPC-CBF cargo,model_based_reference,centralized,reference,time_expanded_mpc_cbf_cargo,reference_model_based_reference_centralized_cargo,none,centralized_reference_mpc_cbf_cargo,global_state_and_time_expanded_constraints,0,10,False,False,wrench_oracle,cargo,push_drag,load-01,1,10,2,24.0,2,0,0.3,0.85,0.2,0.08726646259971647,0.14,74.0,7.0,inf,True,True,True,True,5.731134546380705e-05,6.849631972727366e-12,3.9245500325514624e-10,4.156072827746102,1.0,0.0,2.3924541919474986,0.21462588553930514,0.06500681361905973,1.0,0,0.0,0,0.11499999938244376,0.49762663079427655,inf,0.2741955765774202,86.35683594698831,19.032882215825254,0.8266011072039466,853.2178115715567,0.11699603903579363,0.6777987761041067,0.0,2.5200000000000005,35.42,4,6,47610,8815.620000008494,307.65163998845094,307.65163998845094,0.0,0.0,0.0
SP5_MC_explicit_control_law,overactuated_push_drag,overactuated_push_drag_v00,6655,classic_decentralized_apf_push,Classic decentralized APF push,classic,decentralized,baseline,apf_push_drag,baseline_classic_decentralized_push_drag,none,distributed_apf_payload_tracking,local_obstacle_and_slot_state,0,3,False,False,greedy_capacity,push_drag,push_drag,load-01,1,10,2,24.0,2,0,0.3,0.85,0.2,0.08726646259971647,0.14,74.0,7.0,inf,True,True,False,False,1.4412342583107358,2.1930839540792446,125.65445468660316,8.65797058340556,0.1902834008097166,0.8097165991902834,4.084054854419717,1.7228737492802826,0.7764448102724332,1.061825145890077,0,0.0,0,0.11499999999999921,0.1814879714670054,inf,0.08000099999999954,94.83748789112904,30.476906563316945,0.5193043237639913,994.9435749487537,0.12817775861192682,0.7691562522422757,0.0,4.340000000000001,74.0,2,8,47610,756.2334999674931,-143.87976714108822,305.7322482771706,-449.6120154182588,1.0,1.0
SP5_MC_explicit_control_law,overactuated_push_drag,overactuated_push_drag_v00,6655,sota_centralized_cbf_push,SOTA centralized CBF push,sota,centralized,baseline,cbf_payload_push_drag,baseline_sota_centralized_push_drag,none,centralized_cbf_payload_velocity_projection,global_payload_robot_traffic_state,0,6,False,False,wrench_greedy,push_drag,push_drag,load-01,1,10,2,24.0,2,0,0.3,0.85,0.2,0.08726646259971647,0.14,74.0,7.0,inf,True,True,False,False,5.783839519595083,1.6481296993831052e-07,9.443087586481705e-06,8.206034135201683,0.964,0.03600000000000003,4.084054854419717,0.27200188948171033,0.48967572856357056,1.0,0,0.0,0,0.11499999999999921,0.44903397253617877,inf,0.7425885814661066,88.95789162063335,18.506433178507617,0.8552047388397912,841.4640342279307,0.11992410857091002,0.8041179000714701,0.0,4.0600000000000005,74.0,4,6,47610,1075.5684000905603,-67.08454754543838,305.7322482771706,-372.816795822609,1.0,1.0
SP5_MC_explicit_control_law,overactuated_push_drag,overactuated_push_drag_v00,6655,sota_decentralized_vo_push,SOTA decentralized VO push,sota,decentralized,baseline,velocity_obstacle_push_drag,baseline_sota_decentralized_push_drag,none,distributed_velocity_obstacle_payload_tracking,local_relative_traffic_state,0,6,False,False,cbba_wrench_score,push_drag,push_drag,load-01,1,10,2,24.0,2,0,0.3,0.85,0.2,0.08726646259971647,0.14,74.0,7.0,inf,True,True,False,False,6.376218577352998,1.0378908248398488e-06,5.946676385867513e-05,8.676200206778862,0.9538152610441767,0.04618473895582331,4.084054854419717,0.3121237042433581,0.5206007082565447,1.0,0,0.0,0,0.11499999999999921,0.44903397253617877,inf,0.7796113865696219,92.89620348088555,19.099642898285815,0.8286432074969371,876.8889494994901,0.12522597100101077,0.7691562522422757,0.0,4.340000000000001,74.0,4,6,47610,1082.036399981007,-74.51752009956833,305.7322482771706,-380.2497683767389,1.0,1.0
SP5_MC_explicit_control_law,overactuated_push_drag,overactuated_push_drag_v00,6655,sota_decentralized_vo_cargo,SOTA decentralized VO cargo,sota,decentralized,baseline,velocity_obstacle_cargo,baseline_sota_decentralized_cargo,none,distributed_velocity_obstacle_cargo_transport,local_relative_traffic_state,0,6,False,False,cbba_wrench_score,cargo,push_drag,load-01,1,10,2,24.0,2,0,0.3,0.85,0.2,0.08726646259971647,0.14,74.0,7.0,inf,True,True,True,True,0.0006522405021384093,8.869318612880761e-10,5.0817452367489323e-08,4.3673372454742765,1.0,0.0,4.084054854419717,0.23072457092579318,0.08703948763394158,1.0,0,0.0,0,0.11499999999481991,0.3399852236827741,inf,0.13058096378222706,87.06467710046361,19.13318773666308,0.8271904071141426,830.6126746814534,0.11721146707753097,0.7866370761568728,0.0,4.2,35.56,4,6,47610,496.1363000329584,307.6851358452551,305.7322482771706,1.9528875680845204,0.0,0.0
SP5_MC_explicit_control_law,overactuated_push_drag,overactuated_push_drag_v00,6655,ours_tensor_game_push,Ours tensor-game push,model_based,decentralized,proposed,smooth_tensor_game_wrench_push,proposed_model_based_decentralized_push_drag,model_based_tuning_optional,distributed_tensor_game_wrench_transport,local_tensor_field_and_wrench_residual,0,9,False,False,smith_wrench_pairs_guarded,push_drag,push_drag,load-01,1,10,2,24.0,2,0,0.3,0.85,0.2,0.08726646259971647,0.14,74.0,7.0,inf,True,True,False,False,5.863270111391444,9.434133430019642e-08,5.405360289034045e-06,8.241535997823659,0.97,0.030000000000000027,4.084054854419717,0.2666194398658273,0.5413405314164486,1.0,0,0.0,0,0.11499999999999944,0.44903397253617877,inf,0.675015292731125,88.65855655021281,18.323874385336413,0.8637250518343959,837.7820563269822,0.11951646291957047,0.8041179000714701,0.0,4.0600000000000005,74.0,4,6,47610,1617.3170999391004,-67.13135755562911,305.7322482771706,-372.8636058327997,1.0,1.0
SP5_MC_explicit_control_law,overactuated_push_drag,overactuated_push_drag_v00,6655,ours_explicit_vgne_cbf_push,Ours explicit vGNE-CBF push,model_based,decentralized,proposed,closed_form_explicit_vgne_cbf_push,proposed_model_based_decentralized_push_drag,closed_form_model_based,distributed_explicit_vgne_cbf_transport,local_contact_geometry_consensus_scalars_and_wrench_residual,0,10,False,False,support_dual_wrench_market_guarded,push_drag,push_drag,load-01,1,10,2,24.0,2,0,0.3,0.85,0.2,0.08726646259971647,0.14,74.0,7.0,inf,True,True,False,False,5.637310681318631,0.0026482688542985855,0.1517346283672549,7.711548312982164,1.0,0.0,4.668245785489819,0.2650340818617288,0.7741774672828754,1.0000016906163003,0,0.0,0,0.11499999974618902,0.44903397253617877,inf,0.08000100000000021,68.13354974563258,19.499464327342192,0.8116525196586705,750.179509697011,0.09161593612232141,0.8041179000714701,0.0,4.760000000000001,74.0,3,7,47610,927.6191999670118,-57.54965804182305,305.7322482771706,-363.2819063189936,1.0,1.0
SP5_MC_explicit_control_law,overactuated_push_drag,overactuated_push_drag_v00,6655,ours_explicit_vgne_cbf_cargo,Ours explicit vGNE-CBF cargo,model_based,decentralized,proposed,closed_form_explicit_vgne_cbf_cargo,proposed_model_based_decentralized_cargo,closed_form_model_based,distributed_explicit_vgne_cbf_caging_transport,local_contact_geometry_consensus_scalars_and_wrench_residual,0,10,False,False,support_dual_wrench_market_guarded,cargo,push_drag,load-01,1,10,2,24.0,2,0,0.3,0.85,0.2,0.08726646259971647,0.14,74.0,7.0,inf,True,True,True,True,3.4802150510054015e-12,1.3322676295501878e-15,7.63333123551244e-14,4.587095785907722,1.0,0.0,4.668245785489819,0.2540849440133656,0.09651212671741573,1.0,0,0.0,0,0.1149999997673149,0.44903397253617877,inf,0.12364224258067424,62.17365819518019,17.589215065068466,0.8998007753463129,681.0929272098099,0.08360650198932229,0.8215987239860671,0.0,4.760000000000001,38.220000000000006,3,7,47610,613.6674999725074,311.97062639831853,305.7322482771706,6.238378121147946,0.0,0.0
SP5_MC_explicit_control_law,overactuated_push_drag,overactuated_push_drag_v00,6655,ours_hamiltonian_cargo,Ours Hamiltonian cargo,model_based,decentralized,proposed,hamiltonian_tensor_cargo,proposed_model_based_decentralized_cargo,model_based_tuning_optional,distributed_hamiltonian_cargo_transport,local_energy_wrench_formation_game,0,9,False,False,support_dual_wrench_market_guarded,cargo,push_drag,load-01,1,10,2,24.0,2,0,0.3,0.85,0.2,0.08726646259971647,0.14,74.0,7.0,inf,True,True,True,True,0.000409578693478105,2.990896419419187e-11,1.7136574179350912e-09,4.664772926703744,1.0,0.0,4.668245785489819,0.25393578869432143,0.09434773403242104,1.0,0,0.0,0,0.11499999976633879,0.44903397253617877,inf,0.244186440344343,67.16876825939404,19.12679639508795,0.8274668180891083,735.7090830168177,0.09021380102983796,0.8215987239860673,0.0,4.760000000000001,37.660000000000004,3,7,47610,509.3123000115156,310.8324265083276,305.7322482771706,5.100178231157031,0.0,0.0
SP5_MC_explicit_control_law,overactuated_push_drag,overactuated_push_drag_v00,6655,reference_centralized_mpc_cbf_cargo,Reference centralized MPC-CBF cargo,model_based_reference,centralized,reference,time_expanded_mpc_cbf_cargo,reference_model_based_reference_centralized_cargo,none,centralized_reference_mpc_cbf_cargo,global_state_and_time_expanded_constraints,0,10,False,False,wrench_oracle,cargo,push_drag,load-01,1,10,2,24.0,2,0,0.3,0.85,0.2,0.08726646259971647,0.14,74.0,7.0,inf,True,True,True,True,9.924859927620691e-05,4.991118629504854e-12,2.8597003251974773e-10,4.4014198454235425,0.996031746031746,0.003968253968253954,3.2484358309750156,0.2456266535667042,0.07844226928966169,1.0,0,0.0,0,0.11499999998621702,0.44903397253617877,inf,0.27402895304954034,87.50991716280446,19.14465388149664,0.8266949849941286,894.424105754765,0.11787209223082185,0.8273158892134924,0.0,3.22,36.540000000000006,4,6,47610,8747.38149996847,305.7322482771706,305.7322482771706,0.0,0.0,0.0
SP5_MC_explicit_control_law,overactuated_push_drag,overactuated_push_drag_v00,6656,classic_decentralized_apf_push,Classic decentralized APF push,classic,decentralized,baseline,apf_push_drag,baseline_classic_decentralized_push_drag,none,distributed_apf_payload_tracking,local_obstacle_and_slot_state,0,3,False,False,greedy_capacity,push_drag,push_drag,load-01,1,10,2,24.0,2,0,0.3,0.85,0.2,0.08726646259971647,0.14,74.0,7.0,inf,True,True,False,False,11.982764910863843,1.708110131884002,97.86750150048775,13.04034209538465,0.9227557411273486,0.0772442588726514,9.609141129171116,0.9631562149946339,0.9399395779668889,1.0225224667519335,0,0.0,0,0.11499999987699949,0.603591182298505,inf,3.4825481690819107,22.484551098221367,5.845081637136288,1.0,208.86185500354446,0.030283292931613148,0.6952249803330947,0.0,7.000000000000001,74.0,2,8,47610,1323.6352000385523,-137.98263262231086,306.6877137290445,-444.67034635135536,1.0,1.0
SP5_MC_explicit_control_law,overactuated_push_drag,overactuated_push_drag_v00,6656,sota_centralized_cbf_push,SOTA centralized CBF push,sota,centralized,baseline,cbf_payload_push_drag,baseline_sota_centralized_push_drag,none,centralized_cbf_payload_velocity_projection,global_payload_robot_traffic_state,0,6,False,False,wrench_greedy,push_drag,push_drag,load-01,1,10,2,24.0,2,0,0.3,0.85,0.2,0.08726646259971647,0.14,74.0,7.0,inf,True,True,False,False,5.566942388923879,3.757518700631124e-07,2.1528996298764447e-05,8.187695314557585,1.0,0.0,4.034832673807867,0.29573974391752483,0.46789938772224965,1.0,0,0.0,0,0.11499999987699949,0.603591182298505,inf,0.7717851897914281,88.78614476417215,17.795879797734038,0.882056475264458,781.9550976253583,0.11896627709839129,0.7148292558549081,0.0,4.760000000000001,74.0,4,6,47610,1137.4441999942064,-60.96745549290386,306.6877137290445,-367.65516922194837,1.0,1.0
SP5_MC_explicit_control_law,overactuated_push_drag,overactuated_push_drag_v00,6656,sota_decentralized_vo_push,SOTA decentralized VO push,sota,decentralized,baseline,velocity_obstacle_push_drag,baseline_sota_decentralized_push_drag,none,distributed_velocity_obstacle_payload_tracking,local_relative_traffic_state,0,6,False,False,cbba_wrench_score,push_drag,push_drag,load-01,1,10,2,24.0,2,0,0.3,0.85,0.2,0.08726646259971647,0.14,74.0,7.0,inf,True,True,False,False,6.142308620804128,1.542794565434491e-06,8.839561725511625e-05,8.63076254812503,1.0,0.0,4.034832673807867,0.31513245047706856,0.5008785005837267,1.0,0,0.0,0,0.1149999997106037,0.603591182298505,inf,0.7484846301778867,90.8346799339325,18.266785742818108,0.8593176287071078,799.3720472913063,0.12209469489244781,0.6837497229916513,0.0,5.040000000000001,74.0,4,6,47610,1145.4937000526115,-66.72351231314286,306.6877137290445,-373.41122604218737,1.0,1.0
SP5_MC_explicit_control_law,overactuated_push_drag,overactuated_push_drag_v00,6656,sota_decentralized_vo_cargo,SOTA decentralized VO cargo,sota,decentralized,baseline,velocity_obstacle_cargo,baseline_sota_decentralized_cargo,none,distributed_velocity_obstacle_cargo_transport,local_relative_traffic_state,0,6,False,False,cbba_wrench_score,cargo,push_drag,load-01,1,10,2,24.0,2,0,0.3,0.85,0.2,0.08726646259971647,0.14,74.0,7.0,inf,True,True,True,True,0.000696099139574502,7.01711133643812e-10,4.0205086395130893e-08,4.777678930847782,1.0,0.0,4.034832673807867,0.2688333601276741,0.09905921104890303,1.0,0,0.0,0,0.11499999987699949,0.3525219514023635,inf,0.13524065083809855,87.10337804464199,19.12788515655754,0.820632855129723,776.9741112726849,0.11733838703037834,0.6992894894232797,0.0,4.9,38.92,4,6,47610,519.0471999812871,305.80143771180525,306.6877137290445,-0.8862760172392541,0.0028898321568312647,0.0028898321568312647
SP5_MC_explicit_control_law,overactuated_push_drag,overactuated_push_drag_v00,6656,ours_tensor_game_push,Ours tensor-game push,model_based,decentralized,proposed,smooth_tensor_game_wrench_push,proposed_model_based_decentralized_push_drag,model_based_tuning_optional,distributed_tensor_game_wrench_transport,local_tensor_field_and_wrench_residual,0,9,False,False,smith_wrench_pairs_guarded,push_drag,push_drag,load-01,1,10,2,24.0,2,0,0.3,0.85,0.2,0.08726646259971647,0.14,74.0,7.0,inf,True,True,False,False,5.716503480455769,1.2653060599276955e-07,7.249669702618417e-06,8.27246218527373,1.0,0.0,4.208177783951274,0.30738651579601217,0.5226093847124736,1.0,0,0.0,0,0.11499999987699949,0.603591182298505,inf,0.6695437000958697,88.96728611699747,17.748931308557744,0.8843896421555748,783.2394126643303,0.11905322477046386,0.7148292558549082,0.0,4.760000000000001,74.0,4,6,47610,1651.8229999346659,-62.36151805468434,306.6877137290445,-369.0492317837288,1.0,1.0
SP5_MC_explicit_control_law,overactuated_push_drag,overactuated_push_drag_v00,6656,ours_explicit_vgne_cbf_push,Ours explicit vGNE-CBF push,model_based,decentralized,proposed,closed_form_explicit_vgne_cbf_push,proposed_model_based_decentralized_push_drag,closed_form_model_based,distributed_explicit_vgne_cbf_transport,local_contact_geometry_consensus_scalars_and_wrench_residual,0,10,False,False,support_dual_wrench_market_guarded,push_drag,push_drag,load-01,1,10,2,24.0,2,0,0.3,0.85,0.2,0.08726646259971647,0.14,74.0,7.0,inf,True,True,False,False,5.917164889030753,0.004232416103287395,0.24249957986157367,8.460651546599582,0.9164926931106472,0.08350730688935282,10.612747883814833,1.1094375516526815,0.8142633601462193,1.208477135275036,0,0.0,0,0.11499999961453888,0.49178361656912456,inf,0.08000099999999999,75.38725507088338,19.8346372405251,0.7913918877501841,668.2291982327346,0.10333629051615593,0.7268261158027809,0.0,7.000000000000001,74.0,3,7,47610,1026.2828000122681,-68.35231793717628,306.6877137290445,-375.0400316662208,1.0,1.0
SP5_MC_explicit_control_law,overactuated_push_drag,overactuated_push_drag_v00,6656,ours_explicit_vgne_cbf_cargo,Ours explicit vGNE-CBF cargo,model_based,decentralized,proposed,closed_form_explicit_vgne_cbf_cargo,proposed_model_based_decentralized_cargo,closed_form_model_based,distributed_explicit_vgne_cbf_caging_transport,local_contact_geometry_consensus_scalars_and_wrench_residual,0,10,False,False,support_dual_wrench_market_guarded,cargo,push_drag,load-01,1,10,2,24.0,2,0,0.3,0.85,0.2,0.08726646259971647,0.14,74.0,7.0,inf,True,True,True,True,1.7957530366133333e-11,1.3322676295501878e-15,7.63333123551244e-14,5.508354906228393,0.9206680584551148,0.07933194154488521,10.612747883814833,1.06329278483533,0.20304935456719264,1.2368597306770508,0,0.0,0,0.11499999964404994,0.603591182298505,inf,0.08000099999999999,67.60434647803153,17.678778458335263,0.8878990732087821,598.9518934998335,0.09320900000163469,0.742626683537624,0.0,7.000000000000001,40.6,3,7,47610,608.9539000531659,302.6572604650306,306.6877137290445,-4.030453264013886,0.013141880432728226,0.013141880432728226
SP5_MC_explicit_control_law,overactuated_push_drag,overactuated_push_drag_v00,6656,ours_hamiltonian_cargo,Ours Hamiltonian cargo,model_based,decentralized,proposed,hamiltonian_tensor_cargo,proposed_model_based_decentralized_cargo,model_based_tuning_optional,distributed_hamiltonian_cargo_transport,local_energy_wrench_formation_game,0,9,False,False,support_dual_wrench_market_guarded,cargo,push_drag,load-01,1,10,2,24.0,2,0,0.3,0.85,0.2,0.08726646259971647,0.14,74.0,7.0,inf,True,True,True,True,0.0002295618541954825,9.530953803960074e-11,5.460834277010696e-09,5.596468285546046,0.9206680584551148,0.07933194154488521,10.612747883814833,1.0682824245888938,0.18483471151997036,1.011241901288668,0,0.0,0,0.11499999964459373,0.603591182298505,inf,0.2624937331363948,73.09011620895836,19.53064629232906,0.8037097581755126,650.6273993207761,0.10053750168276389,0.742626683537624,0.0,7.000000000000001,39.900000000000006,3,7,47610,527.7928999857977,301.5726497853707,306.6877137290445,-5.1150639436738174,0.01667841166990121,0.01667841166990121
SP5_MC_explicit_control_law,overactuated_push_drag,overactuated_push_drag_v00,6656,reference_centralized_mpc_cbf_cargo,Reference centralized MPC-CBF cargo,model_based_reference,centralized,reference,time_expanded_mpc_cbf_cargo,reference_model_based_reference_centralized_cargo,none,centralized_reference_mpc_cbf_cargo,global_state_and_time_expanded_constraints,0,10,False,False,wrench_oracle,cargo,push_drag,load-01,1,10,2,24.0,2,0,0.3,0.85,0.2,0.08726646259971647,0.14,74.0,7.0,inf,True,True,True,True,0.0002922108786302755,5.837108574269223e-12,3.344416858652517e-10,4.490496024069179,1.0,0.0,3.1614980603080896,0.18827755209529481,0.07592447689604646,1.0,0,0.0,0,0.11499999987699949,0.5195416946475526,inf,0.28625367967474147,86.91223520286218,19.2242614648264,0.8165188055384685,776.2878363689607,0.1169292301448672,0.745908788718165,0.0,3.22,37.800000000000004,4,6,47610,8717.117000021972,306.6877137290445,306.6877137290445,0.0,0.0,0.0
SP5_MC_explicit_control_law,overactuated_push_drag,overactuated_push_drag_v00,6657,classic_decentralized_apf_push,Classic decentralized APF push,classic,decentralized,baseline,apf_push_drag,baseline_classic_decentralized_push_drag,none,distributed_apf_payload_tracking,local_obstacle_and_slot_state,0,3,False,False,greedy_capacity,push_drag,push_drag,load-01,1,10,2,24.0,2,0,0.3,0.85,0.2,0.08726646259971647,0.14,74.0,7.0,inf,True,True,False,False,0.8742467036378985,1.1362880829753776,65.10451146550022,9.222815001699697,0.1732776617954071,0.826722338204593,10.370200772327337,2.4388363155455504,0.6387548276643095,1.0382050328933314,0,0.0,0,0.11499999979590758,0.4377216942074192,inf,0.08000099999999999,85.14435304155548,24.270326275166024,0.6506778516249773,835.6641539298672,0.11410493879266918,0.7356156884943388,0.0,7.000000000000001,74.0,2,8,47610,744.3832999560982,-117.7139813503726,309.61950176674736,-427.33348311711995,1.0,1.0
SP5_MC_explicit_control_law,overactuated_push_drag,overactuated_push_drag_v00,6657,sota_centralized_cbf_push,SOTA centralized CBF push,sota,centralized,baseline,cbf_payload_push_drag,baseline_sota_centralized_push_drag,none,centralized_cbf_payload_velocity_projection,global_payload_robot_traffic_state,0,6,False,False,wrench_greedy,push_drag,push_drag,load-01,1,10,2,24.0,2,0,0.3,0.85,0.2,0.08726646259971647,0.14,74.0,7.0,inf,True,True,False,False,5.8866733409733545,1.0100287139991337e-07,5.787038249917645e-06,7.988820745135245,0.9941176470588236,0.00588235294117645,2.606960537641337,0.1921659615562371,0.4874947969225023,1.0,0,0.0,0,0.11499999999999877,0.9365579517458089,inf,0.7749160058515823,88.39287270432034,18.61247689722641,0.8484719065690594,807.2749562769028,0.11886486883573544,0.8019928137056512,0.0,2.24,74.0,4,6,47610,1135.7155001023784,-64.63690197832413,309.61950176674736,-374.2564037450715,1.0,1.0
SP5_MC_explicit_control_law,overactuated_push_drag,overactuated_push_drag_v00,6657,sota_decentralized_vo_push,SOTA decentralized VO push,sota,decentralized,baseline,velocity_obstacle_push_drag,baseline_sota_decentralized_push_drag,none,distributed_velocity_obstacle_payload_tracking,local_relative_traffic_state,0,6,False,False,cbba_wrench_score,push_drag,push_drag,load-01,1,10,2,24.0,2,0,0.3,0.85,0.2,0.08726646259971647,0.14,74.0,7.0,inf,True,True,False,False,6.5386954375170605,6.146984210531059e-08,3.5219625199698595e-06,8.51663600270629,0.9921259842519685,0.007874015748031482,2.606960537641337,0.22023913666462,0.519717204445245,1.0,0,0.0,0,0.11499999999999844,0.8246332320652181,inf,0.7567085745659918,92.83519135561356,19.284375823849633,0.8189097694015881,845.4608358100027,0.1248635265320816,0.7671235609358403,0.0,2.3800000000000003,74.0,4,6,47610,1131.05500000529,-71.95215601390417,309.61950176674736,-381.57165778065155,1.0,1.0
SP5_MC_explicit_control_law,overactuated_push_drag,overactuated_push_drag_v00,6657,sota_decentralized_vo_cargo,SOTA decentralized VO cargo,sota,decentralized,baseline,velocity_obstacle_cargo,baseline_sota_decentralized_cargo,none,distributed_velocity_obstacle_cargo_transport,local_relative_traffic_state,0,6,False,False,cbba_wrench_score,cargo,push_drag,load-01,1,10,2,24.0,2,0,0.3,0.85,0.2,0.08726646259971647,0.14,74.0,7.0,inf,True,True,True,True,0.0001469453571980768,8.2901641107469e-10,4.749914150166226e-08,3.835012656863551,0.9765625,0.0234375,2.606960537641337,0.23168537728171762,0.06115520622023213,1.0,0,0.0,0,0.11499999971638175,0.3303085432563562,inf,0.1309767992432187,86.19397806281746,19.2010864900602,0.8224619876139495,795.2071658305507,0.11568784609026202,0.7845581873207458,0.0,2.24,32.480000000000004,4,6,47610,544.1371999913827,308.35471293558913,309.61950176674736,-1.2647888311582278,0.004084977929171463,0.004084977929171463
SP5_MC_explicit_control_law,overactuated_push_drag,overactuated_push_drag_v00,6657,ours_tensor_game_push,Ours tensor-game push,model_based,decentralized,proposed,smooth_tensor_game_wrench_push,proposed_model_based_decentralized_push_drag,model_based_tuning_optional,distributed_tensor_game_wrench_transport,local_tensor_field_and_wrench_residual,0,9,False,False,smith_wrench_pairs_guarded,push_drag,push_drag,load-01,1,10,2,24.0,2,0,0.3,0.85,0.2,0.08726646259971647,0.14,74.0,7.0,inf,True,True,False,False,6.08880486235407,1.2322424414179523e-07,7.060229123014525e-06,8.461392069461382,0.9797979797979798,0.02020202020202022,3.786271247734622,0.292783138152402,0.5669680886308158,1.0,0,0.0,0,0.1149999999999991,0.8518837905133054,inf,0.527597185778355,90.32482259413943,18.50442981779204,0.8534261209052804,864.7971958217715,0.12174598585848292,0.8019928137056513,0.0,4.760000000000001,74.0,4,6,47610,1632.1383999893442,-68.85447231522129,309.61950176674736,-378.47397408196866,1.0,1.0
SP5_MC_explicit_control_law,overactuated_push_drag,overactuated_push_drag_v00,6657,ours_explicit_vgne_cbf_push,Ours explicit vGNE-CBF push,model_based,decentralized,proposed,closed_form_explicit_vgne_cbf_push,proposed_model_based_decentralized_push_drag,closed_form_model_based,distributed_explicit_vgne_cbf_transport,local_contact_geometry_consensus_scalars_and_wrench_residual,0,10,False,False,support_dual_wrench_market_guarded,push_drag,push_drag,load-01,1,10,2,24.0,2,0,0.3,0.85,0.2,0.08726646259971647,0.14,74.0,7.0,inf,True,True,False,False,5.995223661347822,0.004605071030142849,0.26385113438514757,9.02479760659499,0.8037578288100209,0.1962421711899791,11.14010632307447,1.440337238460132,0.8464109756398349,1.2084771352750359,0,0.0,0,0.11499999999999921,0.5150532159547851,inf,0.11748520176579991,75.65638625929057,19.755102833423695,0.799396687130551,727.9213765892222,0.10205051848026908,0.7690527652440813,0.0,7.000000000000001,74.0,3,7,47610,884.7423000261188,-80.53611653946396,309.61950176674736,-390.1556183062113,1.0,1.0
SP5_MC_explicit_control_law,overactuated_push_drag,overactuated_push_drag_v00,6657,ours_explicit_vgne_cbf_cargo,Ours explicit vGNE-CBF cargo,model_based,decentralized,proposed,closed_form_explicit_vgne_cbf_cargo,proposed_model_based_decentralized_cargo,closed_form_model_based,distributed_explicit_vgne_cbf_caging_transport,local_contact_geometry_consensus_scalars_and_wrench_residual,0,10,False,False,support_dual_wrench_market_guarded,cargo,push_drag,load-01,1,10,2,24.0,2,0,0.3,0.85,0.2,0.08726646259971647,0.14,74.0,7.0,inf,True,True,True,True,3.2865471437409524e-10,1.3322676295501878e-15,7.63333123551244e-14,6.215027643903336,0.8079331941544885,0.1920668058455115,11.14010632307447,1.4089049157218414,0.25059336538228394,1.2368597306770508,0,0.0,0,0.11499999972299735,1.1466015974556933,inf,0.16023074967869788,68.9298408153303,17.6533231283767,0.8945717270408577,661.636392139837,0.09346717371742308,0.7857713036189525,0.0,7.000000000000001,44.800000000000004,3,7,47610,684.9273999687284,287.80664538928096,309.61950176674736,-21.812856377466403,0.07045052476668338,0.07045052476668338
SP5_MC_explicit_control_law,overactuated_push_drag,overactuated_push_drag_v00,6657,ours_hamiltonian_cargo,Ours Hamiltonian cargo,model_based,decentralized,proposed,hamiltonian_tensor_cargo,proposed_model_based_decentralized_cargo,model_based_tuning_optional,distributed_hamiltonian_cargo_transport,local_energy_wrench_formation_game,0,9,False,False,support_dual_wrench_market_guarded,cargo,push_drag,load-01,1,10,2,24.0,2,0,0.3,0.85,0.2,0.08726646259971647,0.14,74.0,7.0,inf,True,True,True,True,0.00148462449570382,1.5134271613703731e-09,8.671298894698696e-08,6.270100286079004,0.8622129436325678,0.13778705636743216,11.14010632307447,1.3724048875086565,0.21784310149634942,1.0112419012886678,0,0.0,0,0.11499999962422447,1.15507505586706,inf,0.2469332814584193,73.66613168482476,19.25346604922132,0.8202244582138994,709.5415264803769,0.10014196386982807,0.7857713036189525,0.0,7.000000000000001,44.1,3,7,47610,598.7444999627769,292.0474659763579,309.61950176674736,-17.572035790389464,0.05675364662148252,0.05675364662148252
SP5_MC_explicit_control_law,overactuated_push_drag,overactuated_push_drag_v00,6657,reference_centralized_mpc_cbf_cargo,Reference centralized MPC-CBF cargo,model_based_reference,centralized,reference,time_expanded_mpc_cbf_cargo,reference_model_based_reference_centralized_cargo,none,centralized_reference_mpc_cbf_cargo,global_state_and_time_expanded_constraints,0,10,False,False,wrench_oracle,cargo,push_drag,load-01,1,10,2,24.0,2,0,0.3,0.85,0.2,0.08726646259971647,0.14,74.0,7.0,inf,True,True,True,True,0.00014071551348423178,6.88027412820702e-12,3.9421066943931414e-10,3.9201583685382784,1.0,0.0,2.606960537641337,0.17603504011272003,0.05776294689871265,1.0,0,0.0,0,0.11499999979992914,0.49783216782265766,inf,0.2743647369435982,85.29608509669222,19.222962107280914,0.82152603073492,827.5780396752303,0.11482115636072966,0.8368620664754621,0.0,2.1,33.46,4,6,47610,8836.119699990377,309.61950176674736,309.61950176674736,0.0,0.0,0.0
SP5_MC_explicit_control_law,overactuated_push_drag,overactuated_push_drag_v00,6658,classic_decentralized_apf_push,Classic decentralized APF push,classic,decentralized,baseline,apf_push_drag,baseline_classic_decentralized_push_drag,none,distributed_apf_payload_tracking,local_obstacle_and_slot_state,0,3,False,False,greedy_capacity,push_drag,push_drag,load-01,1,10,2,24.0,2,0,0.3,0.85,0.2,0.08726646259971647,0.14,74.0,7.0,inf,True,True,False,False,4.589158489268254,0.6352506957211603,36.39718379757175,12.000109275973944,0.3987473903966597,0.6012526096033404,16.343222870119604,3.7347865433923872,0.8583631313897508,1.041783332457837,0,0.0,0,0.11499999999999944,0.11500000000000005,inf,0.08000099999999954,87.97171669971772,19.576042451273615,0.8057084799181625,997.2856544530157,0.12142229335307558,0.7696866948150263,0.0,7.000000000000001,74.0,2,8,47610,784.347000066191,-123.15827369809789,309.4243764089067,-432.5826501070046,1.0,1.0
SP5_MC_explicit_control_law,overactuated_push_drag,overactuated_push_drag_v00,6658,sota_centralized_cbf_push,SOTA centralized CBF push,sota,centralized,baseline,cbf_payload_push_drag,baseline_sota_centralized_push_drag,none,centralized_cbf_payload_velocity_projection,global_payload_robot_traffic_state,0,6,False,False,wrench_greedy,push_drag,push_drag,load-01,1,10,2,24.0,2,0,0.3,0.85,0.2,0.08726646259971647,0.14,74.0,7.0,inf,True,True,False,False,5.92937679030331,1.161396333770881e-06,6.654310826703857e-05,8.68411264621114,0.9874739039665971,0.012526096033402934,7.332563579929666,0.5683644026574644,0.5240901398539133,1.0,0,0.0,0,0.1149999999999991,0.9008777198551097,inf,0.6760235100239127,92.30719567505392,18.579365674154523,0.8489301347984172,757.4573274216533,0.12453312272888999,0.7752499817577547,0.0,7.000000000000001,74.0,4,6,47610,1076.7474999884143,-65.75917429160661,309.4243764089067,-375.1835507005133,1.0,1.0
SP5_MC_explicit_control_law,overactuated_push_drag,overactuated_push_drag_v00,6658,sota_decentralized_vo_push,SOTA decentralized VO push,sota,decentralized,baseline,velocity_obstacle_push_drag,baseline_sota_decentralized_push_drag,none,distributed_velocity_obstacle_payload_tracking,local_relative_traffic_state,0,6,False,False,cbba_wrench_score,push_drag,push_drag,load-01,1,10,2,24.0,2,0,0.3,0.85,0.2,0.08726646259971647,0.14,74.0,7.0,inf,True,True,False,False,6.5005516604347005,2.800526193169617e-06,0.00016045833128445816,9.09961873533184,0.9624217118997912,0.0375782881002088,7.332563579929666,0.627946881447732,0.5489881936565894,1.0,0,0.0,0,0.11499999999999899,0.8059902659623908,inf,0.6520940133294753,96.01554072259648,19.163701670838464,0.8230447163676281,786.9373441863213,0.1294912524161828,0.7415434608117654,0.0,7.000000000000001,74.0,4,6,47610,1079.5153001090512,-74.30099818320684,309.4243764089067,-383.72537459211355,1.0,1.0
SP5_MC_explicit_control_law,overactuated_push_drag,overactuated_push_drag_v00,6658,sota_decentralized_vo_cargo,SOTA decentralized VO cargo,sota,decentralized,baseline,velocity_obstacle_cargo,baseline_sota_decentralized_cargo,none,distributed_velocity_obstacle_cargo_transport,local_relative_traffic_state,0,6,False,False,cbba_wrench_score,cargo,push_drag,load-01,1,10,2,24.0,2,0,0.3,0.85,0.2,0.08726646259971647,0.14,74.0,7.0,inf,True,True,True,True,0.00021876036943023177,1.866764964830736e-09,1.0695775382768873e-07,4.945927861704866,0.9874739039665971,0.012526096033402934,7.332563579929666,0.5475217957798981,0.12869290778775355,1.0,0,0.0,0,0.11499999999999866,0.339696803233053,inf,0.13107836173633203,88.81738156990306,19.091213899301675,0.8261697495729184,737.2318010468578,0.11985408150823346,0.75839672128476,0.0,7.000000000000001,38.080000000000005,4,6,47610,487.46390000451356,305.4141417047553,309.4243764089067,-4.010234704151401,0.012960306329750326,0.012960306329750326
SP5_MC_explicit_control_law,overactuated_push_drag,overactuated_push_drag_v00,6658,ours_tensor_game_push,Ours tensor-game push,model_based,decentralized,proposed,smooth_tensor_game_wrench_push,proposed_model_based_decentralized_push_drag,model_based_tuning_optional,distributed_tensor_game_wrench_transport,local_tensor_field_and_wrench_residual,0,9,False,False,smith_wrench_pairs_guarded,push_drag,push_drag,load-01,1,10,2,24.0,2,0,0.3,0.85,0.2,0.08726646259971647,0.14,74.0,7.0,inf,True,True,False,False,6.099972968508873,1.544539354192409e-07,8.849558628708683e-06,8.564365320473202,1.0,0.0,4.240161423930126,0.3328719188640636,0.5697449690150175,1.0,0,0.0,0,0.11499999999999932,0.814325821018866,inf,0.44073098935889043,91.13753952984902,18.590575255942568,0.8484182543618333,794.5242373569363,0.12283918480919545,0.7886178097355647,0.0,5.460000000000001,74.0,4,6,47610,1613.4673999622464,-66.33880746040676,309.4243764089067,-375.7631838693135,1.0,1.0
SP5_MC_explicit_control_law,overactuated_push_drag,overactuated_push_drag_v00,6658,ours_explicit_vgne_cbf_push,Ours explicit vGNE-CBF push,model_based,decentralized,proposed,closed_form_explicit_vgne_cbf_push,proposed_model_based_decentralized_push_drag,closed_form_model_based,distributed_explicit_vgne_cbf_transport,local_contact_geometry_consensus_scalars_and_wrench_residual,0,10,False,False,support_dual_wrench_market_guarded,push_drag,push_drag,load-01,1,10,2,24.0,2,0,0.3,0.85,0.2,0.08726646259971647,0.14,74.0,7.0,inf,True,True,False,False,5.8029033035448165,0.00503753521873973,0.2886295071822985,10.196365768442526,0.7348643006263048,0.2651356993736952,18.84912779455111,3.4066022978975847,0.8555228984915321,1.2084771352750359,0,0.0,0,0.11499999999999855,0.11500000000000005,inf,0.08000099999999932,95.27117525041189,19.641934471162692,0.8030056015809239,1011.6145458469755,0.12900799170624025,0.8046724536702549,0.0,7.000000000000001,74.0,3,7,47610,893.027100013569,-92.29288290157956,309.4243764089067,-401.71725931048627,1.0,1.0
SP5_MC_explicit_control_law,overactuated_push_drag,overactuated_push_drag_v00,6658,ours_explicit_vgne_cbf_cargo,Ours explicit vGNE-CBF cargo,model_based,decentralized,proposed,closed_form_explicit_vgne_cbf_cargo,proposed_model_based_decentralized_cargo,closed_form_model_based,distributed_explicit_vgne_cbf_caging_transport,local_contact_geometry_consensus_scalars_and_wrench_residual,0,10,False,False,support_dual_wrench_market_guarded,cargo,push_drag,load-01,1,10,2,24.0,2,0,0.3,0.85,0.2,0.08726646259971647,0.14,74.0,7.0,inf,True,True,True,False,1.00902841995002e-07,2.2670754162845697e-12,1.2989385319097002e-10,8.073793146936021,0.7453027139874739,0.25469728601252606,18.84912779455111,3.3665077084952824,0.39329650488070983,1.2368597306770508,0,0.0,0,0.11499999999999899,0.11500000000000005,inf,0.12551240680891063,89.25693849459529,17.546976151066243,0.8988775769932681,941.0041651679545,0.1206705989961167,0.8221653330978689,0.0,7.000000000000001,53.06,3,7,47610,714.644999941811,58.650458009601024,309.4243764089067,-250.77391839930567,0.8104530137855267,0.8104530137855267
SP5_MC_explicit_control_law,overactuated_push_drag,overactuated_push_drag_v00,6658,ours_hamiltonian_cargo,Ours Hamiltonian cargo,model_based,decentralized,proposed,hamiltonian_tensor_cargo,proposed_model_based_decentralized_cargo,model_based_tuning_optional,distributed_hamiltonian_cargo_transport,local_energy_wrench_formation_game,0,9,False,False,support_dual_wrench_market_guarded,cargo,push_drag,load-01,1,10,2,24.0,2,0,0.3,0.85,0.2,0.08726646259971647,0.14,74.0,7.0,inf,True,True,True,False,0.004655306737561309,3.484807153952829e-08,1.9966474233849323e-06,8.141327203475283,0.7494780793319415,0.25052192066805845,18.84912779455111,3.3130016468728716,0.3412613657218178,1.0112419012886678,0,0.0,0,0.11499999999999877,0.11500000000000005,inf,0.24183762400700637,93.01163910623022,19.221509511965643,0.8205694457248763,989.037110525145,0.12567387456144846,0.8221653330978689,0.0,7.000000000000001,52.50000000000001,3,7,47610,648.1019000057131,58.17297878320792,309.4243764089067,-251.2513976256988,0.8119961346990585,0.8119961346990585
SP5_MC_explicit_control_law,overactuated_push_drag,overactuated_push_drag_v00,6658,reference_centralized_mpc_cbf_cargo,Reference centralized MPC-CBF cargo,model_based_reference,centralized,reference,time_expanded_mpc_cbf_cargo,reference_model_based_reference_centralized_cargo,none,centralized_reference_mpc_cbf_cargo,global_state_and_time_expanded_constraints,0,10,False,False,wrench_oracle,cargo,push_drag,load-01,1,10,2,24.0,2,0,0.3,0.85,0.2,0.08726646259971647,0.14,74.0,7.0,inf,True,True,True,True,0.00013752009051936454,6.609379710198482e-12,3.7868956259377217e-10,4.067594507649098,0.9980353634577603,0.0019646365422396617,2.6143999459912757,0.20182585181026932,0.06728489460029828,1.0,0,0.0,0,0.11499999969384689,0.49701552361935303,inf,0.27241983225270117,86.62893265608034,19.15886969964496,0.8232522927237912,764.5447967127029,0.1163011565035153,0.8229055405936327,0.0,2.66,34.160000000000004,4,6,47610,8728.564699995331,309.4243764089067,309.4243764089067,0.0,0.0,0.0
SP5_MC_explicit_control_law,overactuated_push_drag,overactuated_push_drag_v00,6659,classic_decentralized_apf_push,Classic decentralized APF push,classic,decentralized,baseline,apf_push_drag,baseline_classic_decentralized_push_drag,none,distributed_apf_payload_tracking,local_obstacle_and_slot_state,0,3,False,False,greedy_capacity,push_drag,push_drag,load-01,1,10,2,24.0,2,0,0.3,0.85,0.2,0.08726646259971647,0.14,74.0,7.0,inf,True,True,False,False,12.504251672271609,1.6564265943082646,94.90625292709218,13.08172920984413,0.98,0.020000000000000018,1.772632453339697,0.1058531900224268,0.9591678922362596,1.0234693516085551,0,0.0,0,0.11499999999999888,0.4948087913395534,inf,4.065970376485338,15.713153855999892,5.010022295010998,1.0,119.86617339231933,0.020944303370688158,0.6069232257667322,0.0,1.54,74.0,2,8,47610,1160.4829001007602,-134.02070552278107,311.1556106938788,-445.17631621665987,1.0,1.0
SP5_MC_explicit_control_law,overactuated_push_drag,overactuated_push_drag_v00,6659,sota_centralized_cbf_push,SOTA centralized CBF push,sota,centralized,baseline,cbf_payload_push_drag,baseline_sota_centralized_push_drag,none,centralized_cbf_payload_velocity_projection,global_payload_robot_traffic_state,0,6,False,False,wrench_greedy,push_drag,push_drag,load-01,1,10,2,24.0,2,0,0.3,0.85,0.2,0.08726646259971647,0.14,74.0,7.0,inf,True,True,False,False,5.824224012541605,1.5852595680598824e-07,9.082868268256315e-06,8.03518139955395,1.0,0.0,2.3306942611062142,0.2015682277723185,0.4809939340940194,1.0,0,0.0,0,0.11499999983620135,0.4948087913395534,inf,0.5442205462449452,87.2978459735987,18.23699262636752,0.8550822171219579,693.5958424590049,0.11781929413804368,0.7243525937111932,0.0,3.08,74.0,4,6,47610,1149.154799990356,-61.954781351097495,311.1556106938788,-373.1103920449763,1.0,1.0
SP5_MC_explicit_control_law,overactuated_push_drag,overactuated_push_drag_v00,6659,sota_decentralized_vo_push,SOTA decentralized VO push,sota,decentralized,baseline,velocity_obstacle_push_drag,baseline_sota_decentralized_push_drag,none,distributed_velocity_obstacle_payload_tracking,local_relative_traffic_state,0,6,False,False,cbba_wrench_score,push_drag,push_drag,load-01,1,10,2,24.0,2,0,0.3,0.85,0.2,0.08726646259971647,0.14,74.0,7.0,inf,True,True,False,False,6.192692994051384,1.60437996221674e-08,9.192420057037767e-07,8.324481264288062,0.9940711462450593,0.005928853754940677,2.3306942611062142,0.23194929276431955,0.4915141355320601,1.0,0,0.0,0,0.11499999999999855,0.4948087913395534,inf,0.5050681434757349,89.25673004796228,18.59241352056398,0.838736082937451,709.6088870774233,0.12046041401706585,0.6928590026802718,0.0,3.08,74.0,4,6,47610,1137.9604000831023,-66.3789963955325,311.1556106938788,-377.53460708941134,1.0,1.0
SP5_MC_explicit_control_law,overactuated_push_drag,overactuated_push_drag_v00,6659,sota_decentralized_vo_cargo,SOTA decentralized VO cargo,sota,decentralized,baseline,velocity_obstacle_cargo,baseline_sota_decentralized_cargo,none,distributed_velocity_obstacle_cargo_transport,local_relative_traffic_state,0,6,False,False,cbba_wrench_score,cargo,push_drag,load-01,1,10,2,24.0,2,0,0.3,0.85,0.2,0.08726646259971647,0.14,74.0,7.0,inf,True,True,True,True,0.0005709983414246024,9.144116575043881e-10,5.239192871256357e-08,4.08329539030824,1.0,0.0,2.3306942611062142,0.1924050386378171,0.07187482483738468,1.0,0,0.0,0,0.11499999963520324,0.3359719898850018,inf,0.13227601600908256,84.44710922071955,18.888585477144076,0.8255847483900072,676.0175053983737,0.1142198765255942,0.7086057981957324,0.0,3.08,34.580000000000005,4,6,47610,529.8141000093892,310.74717127395775,311.1556106938788,-0.40843941992108057,0.0013126532380703605,0.0013126532380703605
SP5_MC_explicit_control_law,overactuated_push_drag,overactuated_push_drag_v00,6659,ours_tensor_game_push,Ours tensor-game push,model_based,decentralized,proposed,smooth_tensor_game_wrench_push,proposed_model_based_decentralized_push_drag,model_based_tuning_optional,distributed_tensor_game_wrench_transport,local_tensor_field_and_wrench_residual,0,9,False,False,smith_wrench_pairs_guarded,push_drag,push_drag,load-01,1,10,2,24.0,2,0,0.3,0.85,0.2,0.08726646259971647,0.14,74.0,7.0,inf,True,True,False,False,5.920159168447182,3.257789060739924e-08,1.8665756372428624e-06,8.012250930932886,0.9021526418786693,0.09784735812133072,2.3306942611062142,0.30006055458992636,0.5281862290146855,1.0,0,0.0,0,0.11499999968042895,0.4948087913395534,inf,0.3724104525451104,88.52340190658629,18.27915470590867,0.8531099134223308,704.0780225448801,0.11875194097040394,0.7243525937111932,0.0,2.3800000000000003,74.0,4,6,47610,1661.8721999693662,-72.46008073767719,311.1556106938788,-383.615691431556,1.0,1.0
SP5_MC_explicit_control_law,overactuated_push_drag,overactuated_push_drag_v00,6659,ours_explicit_vgne_cbf_push,Ours explicit vGNE-CBF push,model_based,decentralized,proposed,closed_form_explicit_vgne_cbf_push,proposed_model_based_decentralized_push_drag,closed_form_model_based,distributed_explicit_vgne_cbf_transport,local_contact_geometry_consensus_scalars_and_wrench_residual,0,10,False,False,support_dual_wrench_market_guarded,push_drag,push_drag,load-01,1,10,2,24.0,2,0,0.3,0.85,0.2,0.08726646259971647,0.14,74.0,7.0,inf,True,True,False,False,5.648619363452428,0.00238341304340306,0.13655950822342622,7.396086350490709,1.0,0.0,2.8617138470268255,0.1700000605067922,0.7773412798113032,1.000001369196521,0,0.0,0,0.11499999999999821,0.48336525324891594,inf,0.08000099999999954,66.25020219599946,19.508247475101097,0.7993607887379091,594.4248969784301,0.08961566495211579,0.7243525937111932,0.0,3.22,74.0,3,7,47610,935.4379000142217,-55.43861086487417,311.1556106938788,-366.594221558753,1.0,1.0
SP5_MC_explicit_control_law,overactuated_push_drag,overactuated_push_drag_v00,6659,ours_explicit_vgne_cbf_cargo,Ours explicit vGNE-CBF cargo,model_based,decentralized,proposed,closed_form_explicit_vgne_cbf_cargo,proposed_model_based_decentralized_cargo,closed_form_model_based,distributed_explicit_vgne_cbf_caging_transport,local_contact_geometry_consensus_scalars_and_wrench_residual,0,10,False,False,support_dual_wrench_market_guarded,cargo,push_drag,load-01,1,10,2,24.0,2,0,0.3,0.85,0.2,0.08726646259971647,0.14,74.0,7.0,inf,True,True,True,True,5.772956468257379e-13,1.3322676295501878e-15,7.63333123551244e-14,4.0883449615569685,1.0,0.0,2.8617138470268255,0.14507845389332602,0.07418045981621223,1.0,0,0.0,0,0.11499999972054142,0.4948087913395534,inf,0.13379467146015123,59.71823207861995,17.38847101788403,0.8968084699656794,532.1361424177608,0.08078847600049352,0.7400993892266539,0.0,3.22,35.56,3,7,47610,591.5892999619246,316.1950845168301,311.1556106938788,5.0394738229512654,0.0,0.0
SP5_MC_explicit_control_law,overactuated_push_drag,overactuated_push_drag_v00,6659,ours_hamiltonian_cargo,Ours Hamiltonian cargo,model_based,decentralized,proposed,hamiltonian_tensor_cargo,proposed_model_based_decentralized_cargo,model_based_tuning_optional,distributed_hamiltonian_cargo_transport,local_energy_wrench_formation_game,0,9,False,False,support_dual_wrench_market_guarded,cargo,push_drag,load-01,1,10,2,24.0,2,0,0.3,0.85,0.2,0.08726646259971647,0.14,74.0,7.0,inf,True,True,True,True,1.7719053578998217e-05,2.4518165275821957e-12,1.4047873917088062e-10,4.1605443159902915,1.0,0.0,2.8617138470268255,0.17299026091771585,0.07215342126790775,1.0,0,0.0,0,0.11499999961403617,0.4948087913395534,inf,0.24504993956516463,65.92963526615557,18.941004855329588,0.8232999361806977,582.5151073022191,0.08909076635997987,0.7400993892266539,0.0,3.22,35.0,3,7,47610,525.2836999716237,314.89232489293903,311.1556106938788,3.736714199060202,0.0,0.0
SP5_MC_explicit_control_law,overactuated_push_drag,overactuated_push_drag_v00,6659,reference_centralized_mpc_cbf_cargo,Reference centralized MPC-CBF cargo,model_based_reference,centralized,reference,time_expanded_mpc_cbf_cargo,reference_model_based_reference_centralized_cargo,none,centralized_reference_mpc_cbf_cargo,global_state_and_time_expanded_constraints,0,10,False,False,wrench_oracle,cargo,push_drag,load-01,1,10,2,24.0,2,0,0.3,0.85,0.2,0.08726646259971647,0.14,74.0,7.0,inf,True,True,True,True,0.00013543388252551712,6.908695837637424e-12,3.9583911343622347e-10,3.9654999379487657,1.0,0.0,2.3306942611062142,0.1663982785384592,0.060139551967690434,1.0,0,0.0,0,0.1149999996823825,0.4948087913395534,inf,0.27508419407231655,84.00340356772591,18.95924803441476,0.8225077313343193,675.2131465719478,0.11309709458750983,0.7558461847421146,0.0,2.24,34.160000000000004,4,6,47610,8732.073300052434,311.1556106938788,311.1556106938788,0.0,0.0,0.0
SP5_MC_explicit_control_law,overactuated_push_drag,overactuated_push_drag_v00,6660,classic_decentralized_apf_push,Classic decentralized APF push,classic,decentralized,baseline,apf_push_drag,baseline_classic_decentralized_push_drag,none,distributed_apf_payload_tracking,local_obstacle_and_slot_state,0,3,False,False,greedy_capacity,push_drag,push_drag,load-01,1,10,2,24.0,2,0,0.3,0.85,0.2,0.08726646259971647,0.14,74.0,7.0,inf,True,True,False,False,4.114763085085632,0.10593245901457582,6.069482814977766,6.482968676563059,0.7471264367816092,0.25287356321839083,2.8723950658602693,0.5936082272629439,0.354977076912532,1.0,0,0.0,0,0.11499999999999932,0.6693650439650107,inf,0.08000100000000021,54.92668498169016,22.23540211168398,0.7094611855010753,612.3331055972408,0.07306277056317649,0.7677802948047341,0.0,0.9800000000000001,74.0,2,8,47610,665.2501000789925,-65.6974410976513,308.16220404271667,-373.859645140368,1.0,1.0
SP5_MC_explicit_control_law,overactuated_push_drag,overactuated_push_drag_v00,6660,sota_centralized_cbf_push,SOTA centralized CBF push,sota,centralized,baseline,cbf_payload_push_drag,baseline_sota_centralized_push_drag,none,centralized_cbf_payload_velocity_projection,global_payload_robot_traffic_state,0,6,False,False,wrench_greedy,push_drag,push_drag,load-01,1,10,2,24.0,2,0,0.3,0.85,0.2,0.08726646259971647,0.14,74.0,7.0,inf,True,True,False,False,5.81191558537273,1.9207439283519534e-07,1.1005052061994512e-05,8.32660412228242,0.998,0.0020000000000000018,3.124709692353496,0.2526045316144303,0.4866772443997957,1.0,0,0.0,0,0.11499999999999921,0.6693650439650107,inf,0.5287543649542321,86.50767442710509,18.35794322055517,0.8593094854212849,813.0850428127447,0.11659781960038793,0.8026793991140401,0.0,3.9200000000000004,74.0,4,6,47610,1097.9058999801055,-63.32564563632549,308.16220404271667,-371.48784967904214,1.0,1.0
SP5_MC_explicit_control_law,overactuated_push_drag,overactuated_push_drag_v00,6660,sota_decentralized_vo_push,SOTA decentralized VO push,sota,decentralized,baseline,velocity_obstacle_push_drag,baseline_sota_decentralized_push_drag,none,distributed_velocity_obstacle_payload_tracking,local_relative_traffic_state,0,6,False,False,cbba_wrench_score,push_drag,push_drag,load-01,1,10,2,24.0,2,0,0.3,0.85,0.2,0.08726646259971647,0.14,74.0,7.0,inf,True,True,False,False,6.1966126100147765,1.0507515675328705e-06,6.020363013638898e-05,8.640134620946556,0.9859437751004017,0.014056224899598346,3.124709692353496,0.31540205282975986,0.5007472458552056,1.0,0,0.0,0,0.11499999999999932,0.6693650439650107,inf,0.4891049714138702,88.87726131307265,18.723260781287852,0.8425431299880319,833.237346533356,0.11979494515524539,0.767780294804734,0.0,4.2,74.0,4,6,47610,1070.3319000313058,-68.6016289638764,308.16220404271667,-376.7638330065931,1.0,1.0
SP5_MC_explicit_control_law,overactuated_push_drag,overactuated_push_drag_v00,6660,sota_decentralized_vo_cargo,SOTA decentralized VO cargo,sota,decentralized,baseline,velocity_obstacle_cargo,baseline_sota_decentralized_cargo,none,distributed_velocity_obstacle_cargo_transport,local_relative_traffic_state,0,6,False,False,cbba_wrench_score,cargo,push_drag,load-01,1,10,2,24.0,2,0,0.3,0.85,0.2,0.08726646259971647,0.14,74.0,7.0,inf,True,True,True,True,0.00016066149157346925,9.059921701748408e-10,5.1909527622916636e-08,4.538902027368886,1.0,0.0,3.124709692353496,0.2653062024733231,0.0871020987016302,1.0,0,0.0,0,0.11499999999999899,0.3612958604914474,inf,0.1332630589748809,83.23294341426853,18.932350764799224,0.8332380346332403,794.17393230232,0.11193561145368612,0.785229846959387,0.0,4.0600000000000005,37.38,4,6,47610,478.85800001677126,307.4515370280718,308.16220404271667,-0.710667014644855,0.0023061459365287516,0.0023061459365287516
SP5_MC_explicit_control_law,overactuated_push_drag,overactuated_push_drag_v00,6660,ours_tensor_game_push,Ours tensor-game push,model_based,decentralized,proposed,smooth_tensor_game_wrench_push,proposed_model_based_decentralized_push_drag,model_based_tuning_optional,distributed_tensor_game_wrench_transport,local_tensor_field_and_wrench_residual,0,9,False,False,smith_wrench_pairs_guarded,push_drag,push_drag,load-01,1,10,2,24.0,2,0,0.3,0.85,0.2,0.08726646259971647,0.14,74.0,7.0,inf,True,True,False,False,5.710701619533987,4.686252896846099e-08,2.6850251272023743e-06,8.02392222124045,1.0,0.0,2.7524916790867895,0.1872273082791386,0.5002805618293769,1.0,0,0.0,0,0.11499999999999955,0.6693650439650107,inf,0.2482611964447874,87.06708425448267,18.447474671012987,0.8551389837133836,809.8885537371684,0.11734263746164003,0.8026793991140401,0.0,2.5200000000000005,74.0,4,6,47610,1652.8773000463843,-62.2870532299843,308.16220404271667,-370.44925727270095,1.0,1.0
SP5_MC_explicit_control_law,overactuated_push_drag,overactuated_push_drag_v00,6660,ours_explicit_vgne_cbf_push,Ours explicit vGNE-CBF push,model_based,decentralized,proposed,closed_form_explicit_vgne_cbf_push,proposed_model_based_decentralized_push_drag,closed_form_model_based,distributed_explicit_vgne_cbf_transport,local_contact_geometry_consensus_scalars_and_wrench_residual,0,10,False,False,support_dual_wrench_market_guarded,push_drag,push_drag,load-01,1,10,2,24.0,2,0,0.3,0.85,0.2,0.08726646259971647,0.14,74.0,7.0,inf,True,True,False,False,9.767201465391839,0.012937089982032024,0.741240655151413,11.665291404061398,0.826722338204593,0.17327766179540705,15.4024164486201,2.1436125702831186,0.7329611208999339,1.208477135275036,0,0.0,0,0.1149999999999991,0.44456388525421114,inf,0.08000002796359929,44.391944448497675,6.1361286436060665,1.0,473.33225232525194,0.05970919534580232,0.8026793991140401,0.0,7.000000000000001,74.0,3,7,47610,1099.6396000264212,-103.76959570739939,308.16220404271667,-411.93179975011606,1.0,1.0
SP5_MC_explicit_control_law,overactuated_push_drag,overactuated_push_drag_v00,6660,ours_explicit_vgne_cbf_cargo,Ours explicit vGNE-CBF cargo,model_based,decentralized,proposed,closed_form_explicit_vgne_cbf_cargo,proposed_model_based_decentralized_cargo,closed_form_model_based,distributed_explicit_vgne_cbf_caging_transport,local_contact_geometry_consensus_scalars_and_wrench_residual,0,10,False,False,support_dual_wrench_market_guarded,cargo,push_drag,load-01,1,10,2,24.0,2,0,0.3,0.85,0.2,0.08726646259971647,0.14,74.0,7.0,inf,True,True,True,True,3.4984903856683474e-09,5.773159728050814e-15,3.3077768687220577e-13,6.930721109652174,0.8350730688935282,0.16492693110647183,15.4024164486201,2.08933470155532,0.2981675435905224,1.2368597306770508,0,0.0,0,0.11499999999999899,0.44425042827207234,inf,0.09138219936426428,70.0143480508209,17.4571298413166,0.9036511090679201,804.3986001796428,0.09417185155929254,0.8201289512686931,0.0,7.000000000000001,48.300000000000004,3,7,47610,600.0213999068365,285.8515756620952,308.16220404271667,-22.310628380621495,0.07239897718776976,0.07239897718776976
SP5_MC_explicit_control_law,overactuated_push_drag,overactuated_push_drag_v00,6660,ours_hamiltonian_cargo,Ours Hamiltonian cargo,model_based,decentralized,proposed,hamiltonian_tensor_cargo,proposed_model_based_decentralized_cargo,model_based_tuning_optional,distributed_hamiltonian_cargo_transport,local_energy_wrench_formation_game,0,9,False,False,support_dual_wrench_market_guarded,cargo,push_drag,load-01,1,10,2,24.0,2,0,0.3,0.85,0.2,0.08726646259971647,0.14,74.0,7.0,inf,True,True,True,True,0.0028999197984818956,3.460891129236643e-09,1.9829445505952519e-07,7.014616447979183,0.837160751565762,0.16283924843423803,15.4024164486201,2.0893881051395877,0.26200529996714,1.0112419012886678,0,0.0,0,0.11499999999999932,0.44266307833515334,inf,0.2417998584705432,74.90652399421792,19.13786150556537,0.8242903595922121,861.1400704808425,0.10060909406083957,0.8201289512686932,0.0,7.000000000000001,47.74,3,7,47610,496.8276999425143,284.88231689353563,308.16220404271667,-23.279887149181036,0.07554426481825798,0.07554426481825798
SP5_MC_explicit_control_law,overactuated_push_drag,overactuated_push_drag_v00,6660,reference_centralized_mpc_cbf_cargo,Reference centralized MPC-CBF cargo,model_based_reference,centralized,reference,time_expanded_mpc_cbf_cargo,reference_model_based_reference_centralized_cargo,none,centralized_reference_mpc_cbf_cargo,global_state_and_time_expanded_constraints,0,10,False,False,wrench_oracle,cargo,push_drag,load-01,1,10,2,24.0,2,0,0.3,0.85,0.2,0.08726646259971647,0.14,74.0,7.0,inf,True,True,True,True,7.387176814095553e-05,6.848743794307666e-12,3.924041143802428e-10,4.273149459289497,1.0,0.0,2.7524916790867895,0.13218341371469966,0.0661030184718155,1.0,0,0.0,0,0.11499999999999932,0.503184746144393,inf,0.2742712724901051,83.7112289378457,19.0086948715348,0.8298915232666214,789.0924918695418,0.11257964735474592,0.8375785034233462,0.0,2.5200000000000005,36.400000000000006,4,6,47610,8766.039100009948,308.16220404271667,308.16220404271667,0.0,0.0,0.0
SP5_MC_explicit_control_law,overactuated_push_drag,overactuated_push_drag_v00,6661,classic_decentralized_apf_push,Classic decentralized APF push,classic,decentralized,baseline,apf_push_drag,baseline_classic_decentralized_push_drag,none,distributed_apf_payload_tracking,local_obstacle_and_slot_state,0,3,False,False,greedy_capacity,push_drag,push_drag,load-01,1,10,2,24.0,2,0,0.3,0.85,0.2,0.08726646259971647,0.14,74.0,7.0,inf,True,True,False,False,0.815168009061898,1.8072335569850462,103.5468554096587,9.938681398768296,0.08559498956158663,0.9144050104384134,13.96431018867478,3.680307109631135,0.7016293318591472,1.036553030289941,0,0.0,0,0.11499999967565644,0.11500000000000005,inf,0.08000099999999999,81.80514189186142,23.42998727791726,0.6699902259559662,787.1749600678595,0.11338433297021952,0.7201498520859324,0.0,7.000000000000001,74.0,2,8,47610,797.5543000502512,-136.40621716028656,312.31936996339476,-448.7255871236813,1.0,1.0
SP5_MC_explicit_control_law,overactuated_push_drag,overactuated_push_drag_v00,6661,sota_centralized_cbf_push,SOTA centralized CBF push,sota,centralized,baseline,cbf_payload_push_drag,baseline_sota_centralized_push_drag,none,centralized_cbf_payload_velocity_projection,global_payload_robot_traffic_state,0,6,False,False,wrench_greedy,push_drag,push_drag,load-01,1,10,2,24.0,2,0,0.3,0.85,0.2,0.08726646259971647,0.14,74.0,7.0,inf,True,True,False,False,5.85533323118533,1.2775436530887418e-07,7.319785946571028e-06,7.7904338388589816,1.0,0.0,1.93870698581388,0.14678153209221376,0.4763753223801195,1.0,0,0.0,0,0.11499999999999921,0.9890201700826426,inf,0.9126994878207373,84.11662385250533,18.31723574336201,0.8569995325941009,632.2587236068864,0.1133699667811105,0.7939538494107743,0.0,1.54,74.0,4,6,47610,1094.315900001675,-60.92609835698014,312.31936996339476,-373.2454683203749,1.0,1.0
SP5_MC_explicit_control_law,overactuated_push_drag,overactuated_push_drag_v00,6661,sota_decentralized_vo_push,SOTA decentralized VO push,sota,decentralized,baseline,velocity_obstacle_push_drag,baseline_sota_decentralized_push_drag,none,distributed_velocity_obstacle_payload_tracking,local_relative_traffic_state,0,6,False,False,cbba_wrench_score,push_drag,push_drag,load-01,1,10,2,24.0,2,0,0.3,0.85,0.2,0.08726646259971647,0.14,74.0,7.0,inf,True,True,False,False,6.449789967048198,7.959483294683878e-08,4.560447998902695e-06,8.369832350475841,0.984313725490196,0.015686274509803977,1.93870698581388,0.17727979399488375,0.511232230977098,1.0,0,0.0,0,0.11499999976079733,0.8403188648201967,inf,0.9322079063773809,89.40808861243045,18.973781233799127,0.827344970253671,745.2278601576961,0.12040460679081964,0.7341658752611095,0.0,1.54,74.0,4,6,47610,1107.6694000512362,-70.07449748670199,312.31936996339476,-382.39386745009676,1.0,1.0
SP5_MC_explicit_control_law,overactuated_push_drag,overactuated_push_drag_v00,6661,sota_decentralized_vo_cargo,SOTA decentralized VO cargo,sota,decentralized,baseline,velocity_obstacle_cargo,baseline_sota_decentralized_cargo,none,distributed_velocity_obstacle_cargo_transport,local_relative_traffic_state,0,6,False,False,cbba_wrench_score,cargo,push_drag,load-01,1,10,2,24.0,2,0,0.3,0.85,0.2,0.08726646259971647,0.14,74.0,7.0,inf,True,True,True,True,0.0001919251485928953,7.791474132545773e-10,4.464185839802269e-08,3.8076566753799486,0.9922178988326849,0.0077821011673151474,1.93870698581388,0.16264985437043436,0.05793312304425179,1.0,0,0.0,0,0.11499999999999833,0.3518987162905079,inf,0.13700985317831815,84.9801404431386,19.251022948219084,0.8154300430008792,711.6624675936658,0.11423261970676894,0.7508514633352257,0.0,1.54,32.620000000000005,4,6,47610,495.28469995129853,310.95759815785414,312.31936996339476,-1.3617718055406272,0.0043601900378456605,0.0043601900378456605
SP5_MC_explicit_control_law,overactuated_push_drag,overactuated_push_drag_v00,6661,ours_tensor_game_push,Ours tensor-game push,model_based,decentralized,proposed,smooth_tensor_game_wrench_push,proposed_model_based_decentralized_push_drag,model_based_tuning_optional,distributed_tensor_game_wrench_transport,local_tensor_field_and_wrench_residual,0,9,False,False,smith_wrench_pairs_guarded,push_drag,push_drag,load-01,1,10,2,24.0,2,0,0.3,0.85,0.2,0.08726646259971647,0.14,74.0,7.0,inf,True,True,False,False,5.989543359710839,4.410832099566164e-08,2.5272206344596892e-06,8.001280387454699,0.9863013698630136,0.013698630136986356,1.93870698581388,0.16172481685845996,0.5466255714097997,1.0,0,0.0,0,0.11499999976201392,0.9792171680863935,inf,0.9168948520298983,85.28320954353467,18.138727720810046,0.8654334919238844,709.5759692253428,0.11488858930088357,0.7675370514093418,0.0,1.54,74.0,4,6,47610,1609.502200037241,-64.57315024290138,312.31936996339476,-376.8925202062961,1.0,1.0
SP5_MC_explicit_control_law,overactuated_push_drag,overactuated_push_drag_v00,6661,ours_explicit_vgne_cbf_push,Ours explicit vGNE-CBF push,model_based,decentralized,proposed,closed_form_explicit_vgne_cbf_push,proposed_model_based_decentralized_push_drag,closed_form_model_based,distributed_explicit_vgne_cbf_transport,local_contact_geometry_consensus_scalars_and_wrench_residual,0,10,False,False,support_dual_wrench_market_guarded,push_drag,push_drag,load-01,1,10,2,24.0,2,0,0.3,0.85,0.2,0.08726646259971647,0.14,74.0,7.0,inf,True,True,False,False,6.430397591273945,0.009397777115325745,0.5384529655127948,9.85209388067185,0.7766179540709812,0.22338204592901878,16.56366457912932,2.800842817410485,0.8785752951320313,1.2084771352750359,0,0.0,0,0.11499999999999899,0.11500000000000005,inf,0.16082534403188697,83.18955633768427,20.042000300187045,0.7832482903580585,755.6879056298407,0.11196830238197851,0.7939538494107743,0.0,7.000000000000001,74.0,3,7,47610,877.4637000169605,-88.8064076811394,312.31936996339476,-401.1257776445342,1.0,1.0
SP5_MC_explicit_control_law,overactuated_push_drag,overactuated_push_drag_v00,6661,ours_explicit_vgne_cbf_cargo,Ours explicit vGNE-CBF cargo,model_based,decentralized,proposed,closed_form_explicit_vgne_cbf_cargo,proposed_model_based_decentralized_cargo,closed_form_model_based,distributed_explicit_vgne_cbf_caging_transport,local_contact_geometry_consensus_scalars_and_wrench_residual,0,10,False,False,support_dual_wrench_market_guarded,cargo,push_drag,load-01,1,10,2,24.0,2,0,0.3,0.85,0.2,0.08726646259971647,0.14,74.0,7.0,inf,True,True,True,True,2.9152897468067082e-09,5.861977570020827e-14,3.358665743625474e-12,7.214432509267165,0.7870563674321504,0.21294363256784965,16.56366457912932,2.747422078863083,0.34457409398946953,1.2368597306770508,0,0.0,0,0.1149999999999991,0.11500000000000005,inf,0.11745144035906763,75.69000807680699,17.74748239413167,0.8845120745502364,684.4641591848713,0.10168037475221538,0.8112137157023128,0.0,7.000000000000001,48.02,3,7,47610,715.9035999793559,281.9175835157719,312.31936996339476,-30.40178644762284,0.09734198186678612,0.09734198186678612
SP5_MC_explicit_control_law,overactuated_push_drag,overactuated_push_drag_v00,6661,ours_hamiltonian_cargo,Ours Hamiltonian cargo,model_based,decentralized,proposed,hamiltonian_tensor_cargo,proposed_model_based_decentralized_cargo,model_based_tuning_optional,distributed_hamiltonian_cargo_transport,local_energy_wrench_formation_game,0,9,False,False,support_dual_wrench_market_guarded,cargo,push_drag,load-01,1,10,2,24.0,2,0,0.3,0.85,0.2,0.08726646259971647,0.14,74.0,7.0,inf,True,True,True,False,0.0020482092895157456,9.738013506677135e-09,5.579470747739907e-07,7.276505170831658,0.7160751565762005,0.28392484342379953,16.56366457912932,2.799190643634608,0.30108452432909294,1.011241901288668,0,0.0,0,0.11499999972133801,0.11500000000000005,inf,0.26733336687595055,82.35597703690152,19.605122640276306,0.8007020796813521,741.6485846468477,0.11041132494785755,0.8112137157023129,0.0,7.000000000000001,47.18000000000001,3,7,47610,677.8427000390366,63.89984693344472,312.31936996339476,-248.41952302995003,0.7954022290038107,0.7954022290038107
SP5_MC_explicit_control_law,overactuated_push_drag,overactuated_push_drag_v00,6661,reference_centralized_mpc_cbf_cargo,Reference centralized MPC-CBF cargo,model_based_reference,centralized,reference,time_expanded_mpc_cbf_cargo,reference_model_based_reference_centralized_cargo,none,centralized_reference_mpc_cbf_cargo,global_state_and_time_expanded_constraints,0,10,False,False,wrench_oracle,cargo,push_drag,load-01,1,10,2,24.0,2,0,0.3,0.85,0.2,0.08726646259971647,0.14,74.0,7.0,inf,True,True,True,True,0.00013106361128399706,6.818101638828011e-12,3.9064844819607497e-10,3.847089278741133,1.0,0.0,2.020440725052621,0.11022599397656253,0.055376291876121704,1.0,0,0.0,0,0.11499999977955466,0.5119638110579412,inf,0.2875910258861496,84.43255728325673,19.32707404106663,0.8122213655891215,641.7991794162303,0.11357244245053699,0.8284735819938513,0.0,1.9600000000000002,33.040000000000006,4,6,47610,8874.348300043494,312.31936996339476,312.31936996339476,0.0,0.0,0.0
SP5_MC_explicit_control_law,monte_carlo,monte_carlo_multi_group_crossing_push_seed6650,6650,classic_decentralized_apf_push,Classic decentralized APF push,classic,decentralized,baseline,apf_push_drag,baseline_classic_decentralized_push_drag,none,distributed_apf_payload_tracking,local_obstacle_and_slot_state,0,3,False,False,greedy_capacity,push_drag,push_drag,load-01,1,8,3,24.0,0,2,0.3,0.85,0.2,0.08726646259971647,0.12,82.09508454216227,5.889674124883445,6.0,True,True,False,False,1.031344296613766,1.2369148472657936,70.87000036539881,6.4158852915467355,0.47874015748031495,0.521259842519685,9.124032521147768,1.6806262260600788,0.5151952157375795,1.0443737451207327,0,0.0,0,0.1149999999999991,inf,0.08000099999999966,0.08000099999999966,56.99485769927844,17.463993019749182,0.8886659846139283,635.5869951095062,0.0861897699933803,0.6722756069171053,0.0,6.0,82.09508454216227,2,6,11374,1038.9512999681756,-90.52368269348415,295.2203532406805,-385.74403593416463,1.0,1.0
SP5_MC_explicit_control_law,monte_carlo,monte_carlo_multi_group_crossing_push_seed6650,6650,sota_centralized_cbf_push,SOTA centralized CBF push,sota,centralized,baseline,cbf_payload_push_drag,baseline_sota_centralized_push_drag,none,centralized_cbf_payload_velocity_projection,global_payload_robot_traffic_state,0,6,False,False,wrench_greedy,push_drag,push_drag,load-01,1,8,3,24.0,0,2,0.3,0.85,0.2,0.08726646259971647,0.12,82.09508454216227,5.889674124883445,6.0,True,True,False,False,4.885857268028644,9.552961133252325e-08,5.473443547878702e-06,7.12919607712162,1.0,0.0,3.7756499610474656,0.21441726759524585,0.4209338435560179,1.0,0,0.0,0,0.11499999999999944,inf,0.11499999999999905,0.27638260104433143,87.61518901486691,18.12851852145072,0.8560907243370394,852.3094641024188,0.13258214154909814,0.7850858496958117,0.0,3.84,82.09508454216227,4,4,38360,1557.0660000666976,-61.54247813031757,295.2203532406805,-356.7628313709981,1.0,1.0
SP5_MC_explicit_control_law,monte_carlo,monte_carlo_multi_group_crossing_push_seed6650,6650,sota_decentralized_vo_push,SOTA decentralized VO push,sota,decentralized,baseline,velocity_obstacle_push_drag,baseline_sota_decentralized_push_drag,none,distributed_velocity_obstacle_payload_tracking,local_relative_traffic_state,0,6,False,False,cbba_wrench_score,push_drag,push_drag,load-01,1,8,3,24.0,0,2,0.3,0.85,0.2,0.08726646259971647,0.12,82.09508454216227,5.889674124883445,6.0,True,True,False,False,4.656222365872502,1.0593525567870188e-07,6.069643052028905e-06,6.981141163354617,1.0,0.0,3.7756499610474656,0.24915546591245621,0.3850244673422408,1.0,0,0.0,0,0.11499999999999932,inf,0.11499999999999905,0.3339724988574261,86.11465198259822,17.95345608468837,0.8644383832827675,838.7333154638885,0.13030701927809757,0.7509516823177329,0.0,4.08,82.09508454216227,4,4,14530,1536.722799995914,-59.04275374874315,295.2203532406805,-354.26310698942365,1.0,1.0
SP5_MC_explicit_control_law,monte_carlo,monte_carlo_multi_group_crossing_push_seed6650,6650,sota_decentralized_vo_cargo,SOTA decentralized VO cargo,sota,decentralized,baseline,velocity_obstacle_cargo,baseline_sota_decentralized_cargo,none,distributed_velocity_obstacle_cargo_transport,local_relative_traffic_state,0,6,False,False,cbba_wrench_score,cargo,push_drag,load-01,1,8,3,24.0,0,2,0.3,0.85,0.2,0.08726646259971647,0.12,82.09508454216227,5.889674124883445,6.0,True,True,True,True,0.00026012365984919505,6.374323291424844e-11,3.6522182185058305e-09,4.112206851477341,1.0,0.0,3.7756499610474656,0.20743837212851587,0.08222166402559464,1.0,0,0.0,0,0.11499999999999921,inf,0.08000099999999954,0.08000099999999954,100.4512359002096,22.196431573362283,0.6991960172017544,989.029204967238,0.1512714933165023,0.7680187660067724,0.0,3.96,41.04,4,4,15918,807.4639999540523,299.2680859642694,295.2203532406805,4.047732723588922,0.0,0.0
SP5_MC_explicit_control_law,monte_carlo,monte_carlo_multi_group_crossing_push_seed6650,6650,ours_tensor_game_push,Ours tensor-game push,model_based,decentralized,proposed,smooth_tensor_game_wrench_push,proposed_model_based_decentralized_push_drag,model_based_tuning_optional,distributed_tensor_game_wrench_transport,local_tensor_field_and_wrench_residual,0,9,False,False,smith_wrench_pairs_guarded,push_drag,push_drag,load-01,1,8,3,24.0,0,2,0.3,0.85,0.2,0.08726646259971647,0.12,82.09508454216227,5.889674124883445,6.0,True,True,False,False,6.109285238188278,6.197635737947849e-08,3.550983707438592e-06,7.910691539789036,1.0,0.0,4.530720955703806,0.2719405404458926,0.5062933252831763,1.0,0,0.0,0,0.11499999999999932,inf,0.11499999999999905,0.1816373094332796,90.18857526692244,18.445119957074493,0.841396347017723,886.537711264605,0.13676412568735355,0.7850858496958117,0.0,5.279999999999999,82.09508454216227,4,4,14400,1846.0998999653384,-73.42727774911194,295.2203532406805,-368.64763098979245,1.0,1.0
SP5_MC_explicit_control_law,monte_carlo,monte_carlo_multi_group_crossing_push_seed6650,6650,ours_explicit_vgne_cbf_push,Ours explicit vGNE-CBF push,model_based,decentralized,proposed,closed_form_explicit_vgne_cbf_push,proposed_model_based_decentralized_push_drag,closed_form_model_based,distributed_explicit_vgne_cbf_transport,local_contact_geometry_consensus_scalars_and_wrench_residual,0,10,False,False,support_dual_wrench_market_guarded,push_drag,push_drag,load-01,1,8,3,24.0,0,2,0.3,0.85,0.2,0.08726646259971647,0.12,82.09508454216227,5.889674124883445,6.0,True,True,False,False,4.751082860750634,2.1152052564588075e-05,0.0012119233399897659,8.648897903574001,0.8141732283464567,0.18582677165354333,9.685438462981862,1.1381243825595737,0.8668605397461282,1.2084771352750359,0,0.0,0,0.11499999997602595,inf,0.08000099999999777,0.08000099999999777,87.89192709662886,22.68001763238103,0.6842876757744772,938.1474665737976,0.13286740151606125,0.702833589049701,0.0,6.0,82.09508454216227,3,5,11432,1348.2068000594154,-79.06329967368895,295.2203532406805,-374.28365291436944,1.0,1.0
SP5_MC_explicit_control_law,monte_carlo,monte_carlo_multi_group_crossing_push_seed6650,6650,ours_explicit_vgne_cbf_cargo,Ours explicit vGNE-CBF cargo,model_based,decentralized,proposed,closed_form_explicit_vgne_cbf_cargo,proposed_model_based_decentralized_cargo,closed_form_model_based,distributed_explicit_vgne_cbf_caging_transport,local_contact_geometry_consensus_scalars_and_wrench_residual,0,10,False,False,support_dual_wrench_market_guarded,cargo,push_drag,load-01,1,8,3,24.0,0,2,0.3,0.85,0.2,0.08726646259971647,0.12,82.09508454216227,5.889674124883445,6.0,True,True,True,True,6.018239559845045e-13,2.220446049250313e-15,1.2722218725854067e-13,5.280722114439444,0.815748031496063,0.184251968503937,9.685438462981862,1.0908385735241826,0.2168313832779264,1.2368597306770508,0,0.0,0,0.1149999996215274,inf,0.08000099999999954,0.08000099999999954,66.04621848137225,16.926930947387458,0.9168618103556168,705.6518158866882,0.10038163896972917,0.7181125801159988,0.0,6.0,44.28,3,5,12960,939.7877999581397,288.9299218748333,295.2203532406805,-6.290431365847155,0.021307580242337955,0.021307580242337955
SP5_MC_explicit_control_law,monte_carlo,monte_carlo_multi_group_crossing_push_seed6650,6650,ours_hamiltonian_cargo,Ours Hamiltonian cargo,model_based,decentralized,proposed,hamiltonian_tensor_cargo,proposed_model_based_decentralized_cargo,model_based_tuning_optional,distributed_hamiltonian_cargo_transport,local_energy_wrench_formation_game,0,9,False,False,support_dual_wrench_market_guarded,cargo,push_drag,load-01,1,8,3,24.0,0,2,0.3,0.85,0.2,0.08726646259971647,0.12,82.09508454216227,5.889674124883445,6.0,True,True,True,True,0.00031145251168346143,5.788169943343746e-11,3.316377088580735e-09,5.444494938494899,0.8,0.19999999999999996,9.685438462981862,1.0808817562146233,0.1775633868526889,1.011241901288668,0,0.0,0,0.11499999968621044,inf,0.11499999999999905,0.21961729763475824,71.972651446279,19.050787026705702,0.8146464778820147,773.7870322291515,0.10985970894416275,0.7181125801159989,0.0,6.0,44.879999999999995,3,5,12900,757.8334000427276,285.096675279273,295.2203532406805,-10.123677961407509,0.034291937701036855,0.034291937701036855
SP5_MC_explicit_control_law,monte_carlo,monte_carlo_multi_group_crossing_push_seed6650,6650,reference_centralized_mpc_cbf_cargo,Reference centralized MPC-CBF cargo,model_based_reference,centralized,reference,time_expanded_mpc_cbf_cargo,reference_model_based_reference_centralized_cargo,none,centralized_reference_mpc_cbf_cargo,global_state_and_time_expanded_constraints,0,10,False,False,wrench_oracle,cargo,push_drag,load-01,1,8,3,24.0,0,2,0.3,0.85,0.2,0.08726646259971647,0.12,82.09508454216227,5.889674124883445,6.0,True,True,True,True,5.541698979813529e-05,4.82280881897168e-13,2.7632659072555035e-11,4.175186366845215,1.0,0.0,2.8043574832935487,0.16373015611971461,0.0677357101365379,1.0,0,0.0,0,0.11499999966790242,inf,0.0800009999999951,0.0800009999999951,107.88329285598643,23.99955916531036,0.6466642343422178,1065.0129410270904,0.1617145007148735,0.8192200170738904,0.0,2.52,43.44,4,4,38360,4262.148999958299,295.2203532406805,295.2203532406805,0.0,0.0,0.0
SP5_MC_explicit_control_law,monte_carlo,monte_carlo_overactuated_push_drag_seed6651,6651,classic_decentralized_apf_push,Classic decentralized APF push,classic,decentralized,baseline,apf_push_drag,baseline_classic_decentralized_push_drag,none,distributed_apf_payload_tracking,local_obstacle_and_slot_state,0,3,False,False,greedy_capacity,push_drag,push_drag,load-01,1,10,2,24.0,2,0,0.3,0.85,0.2,0.08726646259971647,0.16,77.26354294012256,6.624725136201313,6.0,True,True,False,False,0.13556175312040844,1.6707807410626372,95.72868495462914,7.257377385633776,0.38209606986899564,0.6179039301310043,3.145339298406489,1.3218868790870724,0.5358616047555481,1.0607874105642263,0,0.0,0,0.11499999999999899,0.8140602803950658,inf,0.08000099999999999,78.95294968788227,23.187215878013582,0.6737330186040446,802.443832634089,0.1021360808166791,0.703337263873309,0.0,2.24,77.26354294012256,2,8,11738,656.6077000461519,-101.78349662017635,309.3101975880899,-411.09369420826624,1.0,1.0
SP5_MC_explicit_control_law,monte_carlo,monte_carlo_overactuated_push_drag_seed6651,6651,sota_centralized_cbf_push,SOTA centralized CBF push,sota,centralized,baseline,cbf_payload_push_drag,baseline_sota_centralized_push_drag,none,centralized_cbf_payload_velocity_projection,global_payload_robot_traffic_state,0,6,False,False,wrench_greedy,push_drag,push_drag,load-01,1,10,2,24.0,2,0,0.3,0.85,0.2,0.08726646259971647,0.16,77.26354294012256,6.624725136201313,6.0,True,True,False,False,5.964970944734414,2.8496357407092887e-07,1.6327210109227842e-05,8.632910873219188,0.9523809523809523,0.04761904761904767,5.453371923894761,0.4402418105143256,0.523074731620659,1.0,0,0.0,0,0.11499999999999888,0.9418399374665225,inf,0.7890349467414446,93.09750433689302,18.15412871981729,0.860520115705941,794.3807166313521,0.12093753579629082,0.773476895671799,0.0,6.72,77.26354294012256,4,6,43470,970.1252999948338,-72.44632974107249,309.3101975880899,-381.7565273291624,1.0,1.0
SP5_MC_explicit_control_law,monte_carlo,monte_carlo_overactuated_push_drag_seed6651,6651,sota_decentralized_vo_push,SOTA decentralized VO push,sota,decentralized,baseline,velocity_obstacle_push_drag,baseline_sota_decentralized_push_drag,none,distributed_velocity_obstacle_payload_tracking,local_relative_traffic_state,0,6,False,False,cbba_wrench_score,push_drag,push_drag,load-01,1,10,2,24.0,2,0,0.3,0.85,0.2,0.08726646259971647,0.16,77.26354294012256,6.624725136201313,6.0,True,True,False,False,6.47576480141101,7.411744316065949e-07,4.2466166814065575e-05,8.997152254538813,0.9365079365079365,0.06349206349206349,5.453371923894761,0.5282108087875605,0.5441437346275574,1.0,0,0.0,0,0.11499999961837326,0.7694039346009189,inf,0.6168087549741401,97.18733396725901,18.74431898685589,0.8334254745383045,828.6749435874523,0.1260307640335336,0.739847465425199,0.0,6.72,77.26354294012256,4,6,14888,1007.8577999956906,-79.69911922783285,309.3101975880899,-389.0093168159228,1.0,1.0
SP5_MC_explicit_control_law,monte_carlo,monte_carlo_overactuated_push_drag_seed6651,6651,sota_decentralized_vo_cargo,SOTA decentralized VO cargo,sota,decentralized,baseline,velocity_obstacle_cargo,baseline_sota_decentralized_cargo,none,distributed_velocity_obstacle_cargo_transport,local_relative_traffic_state,0,6,False,False,cbba_wrench_score,cargo,push_drag,load-01,1,10,2,24.0,2,0,0.3,0.85,0.2,0.08726646259971647,0.16,77.26354294012256,6.624725136201313,6.0,True,True,True,True,0.00027132878887743054,7.870482043870197e-10,4.509454038472603e-08,4.89085807882626,0.8843537414965986,0.11564625850340138,5.453371923894761,0.5099211503159938,0.11645313473733808,1.0,0,0.0,0,0.11499999999999877,0.38098758156048357,inf,0.13315592016015332,88.91956512938282,18.84693065525845,0.8288879092447372,768.5880495485042,0.1158025705371129,0.756662180548499,0.0,6.72,40.480000000000004,4,6,12788,505.88109996169806,293.4225851510392,309.3101975880899,-15.887612437050734,0.051364657747910256,0.051364657747910256
SP5_MC_explicit_control_law,monte_carlo,monte_carlo_overactuated_push_drag_seed6651,6651,ours_tensor_game_push,Ours tensor-game push,model_based,decentralized,proposed,smooth_tensor_game_wrench_push,proposed_model_based_decentralized_push_drag,model_based_tuning_optional,distributed_tensor_game_wrench_transport,local_tensor_field_and_wrench_residual,0,9,False,False,smith_wrench_pairs_guarded,push_drag,push_drag,load-01,1,10,2,24.0,2,0,0.3,0.85,0.2,0.08726646259971647,0.16,77.26354294012256,6.624725136201313,6.0,True,True,False,False,6.060789149032292,1.2891905454281982e-07,7.386517724120439e-06,8.669480003094742,0.9547511312217195,0.04524886877828049,5.453371923894761,0.4392969325089212,0.5759243087303122,1.0,0,0.0,0,0.11499999977077513,0.9297736514528445,inf,0.7662415623237617,93.79286095424725,18.118675413477607,0.8622039188856641,803.2476167458946,0.12081575020605352,0.773476895671799,0.0,6.5600000000000005,77.26354294012256,4,6,15476,1537.904299912043,-73.31509077357741,309.3101975880899,-382.62528836166734,1.0,1.0
SP5_MC_explicit_control_law,monte_carlo,monte_carlo_overactuated_push_drag_seed6651,6651,ours_explicit_vgne_cbf_push,Ours explicit vGNE-CBF push,model_based,decentralized,proposed,closed_form_explicit_vgne_cbf_push,proposed_model_based_decentralized_push_drag,closed_form_model_based,distributed_explicit_vgne_cbf_transport,local_contact_geometry_consensus_scalars_and_wrench_residual,0,10,False,False,support_dual_wrench_market_guarded,push_drag,push_drag,load-01,1,10,2,24.0,2,0,0.3,0.85,0.2,0.08726646259971647,0.16,77.26354294012256,6.624725136201313,6.0,True,True,False,False,6.1077190008883875,0.0023342671268444803,0.1337436546243175,8.151238762121078,1.0,0.0,5.453371923894761,0.3656314652826962,0.7652135799045254,1.0,0,0.0,0,0.11499999968214358,0.5812305330385303,inf,0.16496396302996819,70.57439217464699,19.42409979704987,0.8042582724420716,701.9259872520502,0.09088180833310569,0.735307139503914,0.0,6.4,77.26354294012256,3,7,11394,868.7614999944344,-64.08564745983168,309.3101975880899,-373.3958450479216,1.0,1.0
SP5_MC_explicit_control_law,monte_carlo,monte_carlo_overactuated_push_drag_seed6651,6651,ours_explicit_vgne_cbf_cargo,Ours explicit vGNE-CBF cargo,model_based,decentralized,proposed,closed_form_explicit_vgne_cbf_cargo,proposed_model_based_decentralized_cargo,closed_form_model_based,distributed_explicit_vgne_cbf_caging_transport,local_contact_geometry_consensus_scalars_and_wrench_residual,0,10,False,False,support_dual_wrench_market_guarded,cargo,push_drag,load-01,1,10,2,24.0,2,0,0.3,0.85,0.2,0.08726646259971647,0.16,77.26354294012256,6.624725136201313,6.0,True,True,True,True,2.3483963129302622e-12,4.440892098500626e-16,2.5444437451708134e-14,4.734261402406266,1.0,0.0,5.453371923894761,0.3540713867707286,0.10831963304671921,1.0,0,0.0,0,0.36802709212441753,1.191909339298963,inf,0.23200684132094507,63.12533723074594,17.60670711464834,0.88727510742316,631.8254934842289,0.08151515654796747,0.7512920773192164,0.0,6.24,40.480000000000004,3,7,10596,559.0800999198109,310.6955333766338,309.3101975880899,1.3853357885438982,0.0,0.0
SP5_MC_explicit_control_law,monte_carlo,monte_carlo_overactuated_push_drag_seed6651,6651,ours_hamiltonian_cargo,Ours Hamiltonian cargo,model_based,decentralized,proposed,hamiltonian_tensor_cargo,proposed_model_based_decentralized_cargo,model_based_tuning_optional,distributed_hamiltonian_cargo_transport,local_energy_wrench_formation_game,0,9,False,False,support_dual_wrench_market_guarded,cargo,push_drag,load-01,1,10,2,24.0,2,0,0.3,0.85,0.2,0.08726646259971647,0.16,77.26354294012256,6.624725136201313,6.0,True,True,True,True,0.00024928858948789027,2.845279567509351e-12,1.63022510753094e-10,4.795710821700417,1.0,0.0,5.453371923894761,0.3472637260502721,0.10489666617897943,1.0,0,0.0,0,0.41709526619521065,1.1774601200207218,inf,0.25260628648883365,66.96726906187949,19.075162250515348,0.8189703836514244,673.5961085731494,0.08647632885056755,0.7512920773192163,0.0,6.24,39.84,3,7,10590,487.05039999913424,309.9804946686273,309.3101975880899,0.6702970805373525,0.0,0.0
SP5_MC_explicit_control_law,monte_carlo,monte_carlo_overactuated_push_drag_seed6651,6651,reference_centralized_mpc_cbf_cargo,Reference centralized MPC-CBF cargo,model_based_reference,centralized,reference,time_expanded_mpc_cbf_cargo,reference_model_based_reference_centralized_cargo,none,centralized_reference_mpc_cbf_cargo,global_state_and_time_expanded_constraints,0,10,False,False,wrench_oracle,cargo,push_drag,load-01,1,10,2,24.0,2,0,0.3,0.85,0.2,0.08726646259971647,0.16,77.26354294012256,6.624725136201313,6.0,True,True,True,True,0.00011398843604596876,1.8123280653981055e-12,1.0383874924042089e-10,4.012451675584158,1.0,0.0,2.325153399578797,0.10854520381749663,0.05783722242131371,1.0,0,0.0,0,0.4294303493415562,0.5046524048796712,inf,0.27796275110290236,82.02150782686697,18.92937881340713,0.8252776332762234,723.74209225975,0.10591620328882612,0.8071063259183988,0.0,2.08,36.32,4,6,43470,9138.571200077422,309.3101975880899,309.3101975880899,0.0,0.0,0.0
SP5_MC_explicit_control_law,monte_carlo,monte_carlo_formation_corridor_push_seed6652,6652,classic_decentralized_apf_push,Classic decentralized APF push,classic,decentralized,baseline,apf_push_drag,baseline_classic_decentralized_push_drag,none,distributed_apf_payload_tracking,local_obstacle_and_slot_state,0,3,False,False,greedy_capacity,push_drag,push_drag,load-01,1,6,2,24.0,2,2,0.3,0.85,0.2,0.08726646259971647,0.16,75.23220033330487,7.549819273456516,6.0,True,True,False,False,3.3702330911960283,0.5378771884656071,30.81809279544205,6.3051989817052565,0.7640692640692641,0.23593073593073588,2.3035889969723513,0.48004050156146333,0.42256752549307347,1.0010521308882985,0,0.0,0,0.11500000000000077,0.15094772773596216,0.08000099999999866,0.08000006744031918,62.92960083293315,27.71097565239217,0.567636119636458,614.6198541000605,0.13888065155573143,0.7727322034034738,0.0,1.44,51.68,2,4,5048,782.3160999687389,-49.89007352569378,300.302299964834,-350.19237349052776,1.0,1.0
SP5_MC_explicit_control_law,monte_carlo,monte_carlo_formation_corridor_push_seed6652,6652,sota_centralized_cbf_push,SOTA centralized CBF push,sota,centralized,baseline,cbf_payload_push_drag,baseline_sota_centralized_push_drag,none,centralized_cbf_payload_velocity_projection,global_payload_robot_traffic_state,0,6,False,False,wrench_greedy,push_drag,push_drag,load-01,1,6,2,24.0,2,2,0.3,0.85,0.2,0.08726646259971647,0.16,75.23220033330487,7.549819273456516,6.0,True,True,False,False,2.7873305777407373,2.2216893815762973e-05,0.0012729342495335174,7.512683363032237,0.9796380090497737,0.020361990950226283,4.315182123461815,0.34034898347672576,0.5660513592071411,1.0,0,0.0,0,0.11499999982246945,0.1187050632247873,0.38509418922239974,0.08000099999999954,90.7110315647187,18.889904322323147,0.8327067423033807,770.2721904074613,0.20137876428960336,0.8078563944672681,0.0,4.64,75.23220033330487,4,2,14130,984.178900020197,-39.01616646054436,300.302299964834,-339.31846642537835,1.0,1.0
SP5_MC_explicit_control_law,monte_carlo,monte_carlo_formation_corridor_push_seed6652,6652,sota_decentralized_vo_push,SOTA decentralized VO push,sota,decentralized,baseline,velocity_obstacle_push_drag,baseline_sota_decentralized_push_drag,none,distributed_velocity_obstacle_payload_tracking,local_relative_traffic_state,0,6,False,False,cbba_wrench_score,push_drag,push_drag,load-01,1,6,2,24.0,2,2,0.3,0.85,0.2,0.08726646259971647,0.16,75.23220033330487,7.549819273456516,6.0,True,True,False,False,2.8672873133554058,0.0015347808735537427,0.08793646653203112,8.793893851438376,0.975,0.025000000000000022,4.315182123461815,0.3714371713116797,0.6947964485492775,1.0,0,0.0,0,0.11499999976665543,0.16846382724074732,0.08000099999999954,0.08000099999999954,100.49620189916885,21.2116253880239,0.7415627234085176,879.5842707522391,0.22142825758882728,0.7727322034034738,0.0,4.96,75.23220033330487,4,2,6708,958.9739999501035,-43.27668971677853,300.302299964834,-343.57898968161254,1.0,1.0
SP5_MC_explicit_control_law,monte_carlo,monte_carlo_formation_corridor_push_seed6652,6652,sota_decentralized_vo_cargo,SOTA decentralized VO cargo,sota,decentralized,baseline,velocity_obstacle_cargo,baseline_sota_decentralized_cargo,none,distributed_velocity_obstacle_cargo_transport,local_relative_traffic_state,0,6,False,False,cbba_wrench_score,cargo,push_drag,load-01,1,6,2,24.0,2,2,0.3,0.85,0.2,0.08726646259971647,0.16,75.23220033330487,7.549819273456516,6.0,True,True,True,True,0.00043892159572722856,8.415947938544832e-10,4.821982974804444e-08,4.456487552751115,1.0,0.0,4.315182123461815,0.3161234030482944,0.10077253556519626,1.0,0,0.0,1,0.11499999966663799,0.11499999999999982,0.08000014852258219,0.0788195624325505,112.17441598816436,24.958475168497714,0.6302368467813354,993.6494200459815,0.24710138591764574,0.790294298935371,0.0,4.96,38.56,4,2,7220,549.80230005458,298.9608617720683,300.302299964834,-1.341438192765679,0.004466959436949914,0.004466959436949914
SP5_MC_explicit_control_law,monte_carlo,monte_carlo_formation_corridor_push_seed6652,6652,ours_tensor_game_push,Ours tensor-game push,model_based,decentralized,proposed,smooth_tensor_game_wrench_push,proposed_model_based_decentralized_push_drag,model_based_tuning_optional,distributed_tensor_game_wrench_transport,local_tensor_field_and_wrench_residual,0,9,False,False,smith_wrench_pairs_guarded,push_drag,push_drag,load-01,1,6,2,24.0,2,2,0.3,0.85,0.2,0.08726646259971647,0.16,75.23220033330487,7.549819273456516,6.0,True,True,False,False,2.314574791439737,1.7373693088629238e-06,9.95439288534063e-05,6.512883641633243,1.0,0.0,2.600378682671555,0.21845206527699546,0.5083537724769133,1.0,0,0.0,0,0.11500000000000077,0.21380940844370527,0.08000099999999977,0.08000099999999977,91.47645881479772,19.19950639465477,0.8192789109955187,686.272559628354,0.20188130917813754,0.8078563944672681,0.0,3.04,75.23220033330487,4,2,6510,1163.5213000699878,-31.956387947787682,300.302299964834,-332.25868791262167,1.0,1.0
SP5_MC_explicit_control_law,monte_carlo,monte_carlo_formation_corridor_push_seed6652,6652,ours_explicit_vgne_cbf_push,Ours explicit vGNE-CBF push,model_based,decentralized,proposed,closed_form_explicit_vgne_cbf_push,proposed_model_based_decentralized_push_drag,closed_form_model_based,distributed_explicit_vgne_cbf_transport,local_contact_geometry_consensus_scalars_and_wrench_residual,0,10,False,False,support_dual_wrench_market_guarded,push_drag,push_drag,load-01,1,6,2,24.0,2,2,0.3,0.85,0.2,0.08726646259971647,0.16,75.23220033330487,7.549819273456516,6.0,True,True,False,False,3.7788755034439507,1.9404929663124904e-08,1.1118205714452753e-06,6.901841710983019,1.0,0.0,4.38998928104541,0.2644874425582764,0.7792400250910002,1.0000000000979874,0,0.0,0,0.11499999999999932,0.3288670561082981,0.08000008957220905,0.08000005446346203,79.15691728022693,22.902223619529273,0.6868219851478143,636.9622520920849,0.1749764215457445,0.8078563944672681,0.0,4.64,75.23220033330487,3,3,5082,1155.7453999994323,-42.32582226580881,300.302299964834,-342.6281222306428,1.0,1.0
SP5_MC_explicit_control_law,monte_carlo,monte_carlo_formation_corridor_push_seed6652,6652,ours_explicit_vgne_cbf_cargo,Ours explicit vGNE-CBF cargo,model_based,decentralized,proposed,closed_form_explicit_vgne_cbf_cargo,proposed_model_based_decentralized_cargo,closed_form_model_based,distributed_explicit_vgne_cbf_caging_transport,local_contact_geometry_consensus_scalars_and_wrench_residual,0,10,False,False,support_dual_wrench_market_guarded,cargo,push_drag,load-01,1,6,2,24.0,2,2,0.3,0.85,0.2,0.08726646259971647,0.16,75.23220033330487,7.549819273456516,6.0,True,True,True,True,4.824101333850895e-11,4.440892098500626e-16,2.5444437451708134e-14,4.835591677802936,1.0,0.0,4.38998928104541,0.25012824997560845,0.09780949754051291,1.0,0,0.0,0,0.11499999999999932,0.7067345119692214,0.08000099999999954,0.08000099999999954,65.56554751587399,18.38153138946047,0.8557366825096695,524.3481488122538,0.14499991393423778,0.8254184899991651,0.0,4.48,42.88,3,3,5448,567.8859999170527,309.74602366096144,300.302299964834,9.44372369612745,0.0,0.0
SP5_MC_explicit_control_law,monte_carlo,monte_carlo_formation_corridor_push_seed6652,6652,ours_hamiltonian_cargo,Ours Hamiltonian cargo,model_based,decentralized,proposed,hamiltonian_tensor_cargo,proposed_model_based_decentralized_cargo,model_based_tuning_optional,distributed_hamiltonian_cargo_transport,local_energy_wrench_formation_game,0,9,False,False,support_dual_wrench_market_guarded,cargo,push_drag,load-01,1,6,2,24.0,2,2,0.3,0.85,0.2,0.08726646259971647,0.16,75.23220033330487,7.549819273456516,6.0,True,True,True,True,0.0002672316447882141,4.147349130789735e-12,2.3762560136150225e-10,4.916054949232975,1.0,0.0,4.38998928104541,0.24673613627972774,0.09212078652613893,1.0,0,0.0,0,0.1149999999999991,0.6906104231153971,0.08000099999999966,0.08000099999999966,70.88955956792827,20.124844186955205,0.7816085702099588,568.7951006871098,0.15674706228232796,0.8254184899991651,0.0,4.48,42.4,3,3,5426,493.42620000243187,308.6119329846498,300.302299964834,8.309633019815806,0.0,0.0
SP5_MC_explicit_control_law,monte_carlo,monte_carlo_formation_corridor_push_seed6652,6652,reference_centralized_mpc_cbf_cargo,Reference centralized MPC-CBF cargo,model_based_reference,centralized,reference,time_expanded_mpc_cbf_cargo,reference_model_based_reference_centralized_cargo,none,centralized_reference_mpc_cbf_cargo,global_state_and_time_expanded_constraints,0,10,False,False,wrench_oracle,cargo,push_drag,load-01,1,6,2,24.0,2,2,0.3,0.85,0.2,0.08726646259971647,0.16,75.23220033330487,7.549819273456516,6.0,True,True,True,True,0.0001429143543711537,5.417000181751064e-12,3.103712480359358e-10,4.780055345323995,1.0,0.0,2.600378682671555,0.18060798693490596,0.07510012402439385,1.0,0,0.0,0,0.11499999980875031,0.5210142619746074,0.08000099999999943,0.08000099999999943,97.23458387888986,21.381251816655524,0.7356795956357957,826.1823923065799,0.21447971935048904,0.8429805855310623,0.0,2.88,43.04,4,2,14130,1443.322400096804,300.302299964834,300.302299964834,0.0,0.0,0.0
SP5_MC_explicit_control_law,monte_carlo,monte_carlo_cargo_overhead_delivery_seed6653,6653,classic_decentralized_apf_push,Classic decentralized APF push,classic,decentralized,baseline,apf_push_drag,baseline_classic_decentralized_push_drag,none,distributed_apf_payload_tracking,local_obstacle_and_slot_state,0,3,False,False,greedy_capacity,push_drag,cargo,load-01,1,5,2,24.0,2,0,0.3,0.85,0.2,0.08726646259971647,0.12,75.94195998810613,5.837457131650884,inf,True,True,False,False,10.158924239894395,0.08235940503453376,4.7188463116872885,10.85988602607993,1.0,0.0,1.717250122120813,0.13753441056608467,0.790223295829465,1.0,0,0.0,0,0.11499999999999932,2.7144136463597954,inf,0.08000099999999977,17.56902665708007,6.95930502160566,1.0,175.79143610935577,0.04598223135982598,0.5615871646172718,0.0,1.7999999999999998,75.94195998810613,2,3,12660,770.456500002183,-85.14117947233744,305.66527297196603,-390.8064524443035,1.0,1.0
SP5_MC_explicit_control_law,monte_carlo,monte_carlo_cargo_overhead_delivery_seed6653,6653,sota_centralized_cbf_push,SOTA centralized CBF push,sota,centralized,baseline,cbf_payload_push_drag,baseline_sota_centralized_push_drag,none,centralized_cbf_payload_velocity_projection,global_payload_robot_traffic_state,0,6,False,False,wrench_greedy,push_drag,cargo,load-01,1,5,2,24.0,2,0,0.3,0.85,0.2,0.08726646259971647,0.12,75.94195998810613,5.837457131650884,inf,True,True,False,False,6.050200868194667,0.0018582419186037313,0.10646941925028645,8.608258556838345,0.8986486486486487,0.10135135135135132,3.624635177626845,0.3600144139333632,0.5151313034494539,1.0,0,0.0,0,0.11499999999999921,0.8063106056136702,inf,0.5589264850614808,100.79979302801762,21.248408119134574,0.7583878312144702,891.7981917956946,0.2650404881621677,0.7442360628792041,0.0,4.8,75.94195998810613,4,1,12660,1245.117099955678,-79.91564558433635,305.66527297196603,-385.5809185563024,1.0,1.0
SP5_MC_explicit_control_law,monte_carlo,monte_carlo_cargo_overhead_delivery_seed6653,6653,sota_decentralized_vo_push,SOTA decentralized VO push,sota,decentralized,baseline,velocity_obstacle_push_drag,baseline_sota_decentralized_push_drag,none,distributed_velocity_obstacle_payload_tracking,local_relative_traffic_state,0,6,False,False,cbba_wrench_score,push_drag,cargo,load-01,1,5,2,24.0,2,0,0.3,0.85,0.2,0.08726646259971647,0.12,75.94195998810613,5.837457131650884,inf,True,True,False,False,6.054332448397595,0.0024160243296882378,0.1384279972920598,8.692757036819929,0.8796610169491526,0.12033898305084745,3.624635177626845,0.41971324281197603,0.5065607899096575,1.0,0,0.0,0,0.11499999999999932,0.6933520687510617,inf,0.4362365361112257,102.00912869810614,21.433301436160757,0.7518456360177486,901.4013737491096,0.26820828191235996,0.7118779731888039,0.0,5.04,75.94195998810613,4,1,12660,1242.8972999332473,-82.09961350507126,305.66527297196603,-387.7648864770373,1.0,1.0
SP5_MC_explicit_control_law,monte_carlo,monte_carlo_cargo_overhead_delivery_seed6653,6653,sota_decentralized_vo_cargo,SOTA decentralized VO cargo,sota,decentralized,baseline,velocity_obstacle_cargo,baseline_sota_decentralized_cargo,none,distributed_velocity_obstacle_cargo_transport,local_relative_traffic_state,0,6,False,False,cbba_wrench_score,cargo,cargo,load-01,1,5,2,24.0,2,0,0.3,0.85,0.2,0.08726646259971647,0.12,75.94195998810613,5.837457131650884,inf,True,True,True,True,0.00031528133282791523,1.1152101464517727e-10,6.389683466185302e-09,4.855169847563103,0.8462837837837838,0.15371621621621623,3.624635177626845,0.41652672720609174,0.1019902368007513,1.0,0,0.0,0,0.11499999999999988,0.5140125639834041,inf,0.12213037609919408,86.86073322708668,19.264096015865718,0.8365061167136334,778.5555579479444,0.22839416697449413,0.728057018034004,0.0,4.92,39.6,4,1,12660,379.068800015375,290.71652324920575,305.66527297196603,-14.948749722760283,0.04890562011645759,0.04890562011645759
SP5_MC_explicit_control_law,monte_carlo,monte_carlo_cargo_overhead_delivery_seed6653,6653,ours_tensor_game_push,Ours tensor-game push,model_based,decentralized,proposed,smooth_tensor_game_wrench_push,proposed_model_based_decentralized_push_drag,model_based_tuning_optional,distributed_tensor_game_wrench_transport,local_tensor_field_and_wrench_residual,0,9,False,False,smith_wrench_pairs_guarded,push_drag,cargo,load-01,1,5,2,24.0,2,0,0.3,0.85,0.2,0.08726646259971647,0.12,75.94195998810613,5.837457131650884,inf,True,True,False,False,6.043453323874504,0.001625934168254961,0.09315916560712315,8.496767297766684,0.9003378378378378,0.09966216216216217,3.624635177626845,0.3577789745402413,0.5470077708355476,1.0,0,0.0,0,0.1149999999999991,0.7955271017656425,inf,0.5497796947279932,100.78055805037444,21.21822609727024,0.7594666055662198,891.2754892238019,0.2649857547473245,0.7442360628792041,0.0,4.8,75.94195998810613,4,1,12660,1316.1192999687046,-79.68052844613715,305.66527297196603,-385.3458014181032,1.0,1.0
SP5_MC_explicit_control_law,monte_carlo,monte_carlo_cargo_overhead_delivery_seed6653,6653,ours_explicit_vgne_cbf_push,Ours explicit vGNE-CBF push,model_based,decentralized,proposed,closed_form_explicit_vgne_cbf_push,proposed_model_based_decentralized_push_drag,closed_form_model_based,distributed_explicit_vgne_cbf_transport,local_contact_geometry_consensus_scalars_and_wrench_residual,0,10,False,False,support_dual_wrench_market_guarded,push_drag,cargo,load-01,1,5,2,24.0,2,0,0.3,0.85,0.2,0.08726646259971647,0.12,75.94195998810613,5.837457131650884,inf,True,True,False,False,4.824794105530159,0.0011229745451335482,0.06434170193677569,7.2960263397681935,0.9916666666666667,0.008333333333333304,2.7899758684157536,0.22359956681238202,0.7645553241534905,1.0000002393498535,0,0.0,0,0.2800009587836383,0.4901260359635525,inf,0.08000099999999954,66.70047842491947,19.846919923201774,0.811941309411539,652.8579559939687,0.1753430032200828,0.5871138539180568,0.0,3.36,75.94195998810613,3,2,12660,1177.0963000599295,-51.03187873774322,305.66527297196603,-356.69715170970926,1.0,1.0
SP5_MC_explicit_control_law,monte_carlo,monte_carlo_cargo_overhead_delivery_seed6653,6653,ours_explicit_vgne_cbf_cargo,Ours explicit vGNE-CBF cargo,model_based,decentralized,proposed,closed_form_explicit_vgne_cbf_cargo,proposed_model_based_decentralized_cargo,closed_form_model_based,distributed_explicit_vgne_cbf_caging_transport,local_contact_geometry_consensus_scalars_and_wrench_residual,0,10,False,False,support_dual_wrench_market_guarded,cargo,cargo,load-01,1,5,2,24.0,2,0,0.3,0.85,0.2,0.08726646259971647,0.12,75.94195998810613,5.837457131650884,inf,True,True,True,True,1.9245561878466604e-12,2.220446049250313e-15,1.2722218725854067e-13,4.619976837537958,0.9733777038269551,0.0266222961730449,2.7899758684157536,0.2257285554851774,0.08464391671908465,1.0,0,0.0,0,0.28131391748821,0.9886749200655021,inf,0.16633416176969473,59.973364258673385,18.031375901585253,0.8936940940160688,587.5990294169817,0.15765868627411514,0.5998771985684493,0.0,3.2399999999999998,39.48,3,2,12660,571.8977000797167,310.01448794397834,305.66527297196603,4.349214972012305,0.0,0.0
SP5_MC_explicit_control_law,monte_carlo,monte_carlo_cargo_overhead_delivery_seed6653,6653,ours_hamiltonian_cargo,Ours Hamiltonian cargo,model_based,decentralized,proposed,hamiltonian_tensor_cargo,proposed_model_based_decentralized_cargo,model_based_tuning_optional,distributed_hamiltonian_cargo_transport,local_energy_wrench_formation_game,0,9,False,False,support_dual_wrench_market_guarded,cargo,cargo,load-01,1,5,2,24.0,2,0,0.3,0.85,0.2,0.08726646259971647,0.12,75.94195998810613,5.837457131650884,inf,True,True,True,True,9.032317396973504e-05,7.611689056830073e-13,4.361176579222774e-11,4.623378750019393,0.9386401326699834,0.06135986733001664,2.7899758684157536,0.24764099769374162,0.07650434574484535,1.0,0,0.0,0,0.28125637258736436,1.080818860703002,inf,0.23113665140343387,63.69271203444652,19.334431419210567,0.8334630484255725,625.3595570740176,0.16743615151011165,0.5998771985684493,0.0,3.2399999999999998,38.76,3,2,12660,493.13830002211034,306.1309968439805,305.66527297196603,0.46572387201445054,0.0,0.0
SP5_MC_explicit_control_law,monte_carlo,monte_carlo_cargo_overhead_delivery_seed6653,6653,reference_centralized_mpc_cbf_cargo,Reference centralized MPC-CBF cargo,model_based_reference,centralized,reference,time_expanded_mpc_cbf_cargo,reference_model_based_reference_centralized_cargo,none,centralized_reference_mpc_cbf_cargo,global_state_and_time_expanded_constraints,0,10,False,False,wrench_oracle,cargo,cargo,load-01,1,5,2,24.0,2,0,0.3,0.85,0.2,0.08726646259971647,0.12,75.94195998810613,5.837457131650884,inf,True,True,True,True,5.045153211151211e-05,2.9620750296999176e-13,1.6971439780289325e-11,4.741570124601265,1.0,0.0,3.9582443205453544,0.24418806022434375,0.08630782088117157,1.0,0,0.0,0,0.11499999999999955,0.6898184767537423,inf,0.2611851804028933,87.41904438690749,19.35310333183636,0.8326589216170608,764.0704145496878,0.22981651247813936,0.7765941525696042,0.0,4.08,39.24,4,1,12660,497.9445000644773,305.66527297196603,305.66527297196603,0.0,0.0,0.0
SP5_MC_explicit_control_law,monte_carlo,monte_carlo_formation_corridor_push_seed6654,6654,classic_decentralized_apf_push,Classic decentralized APF push,classic,decentralized,baseline,apf_push_drag,baseline_classic_decentralized_push_drag,none,distributed_apf_payload_tracking,local_obstacle_and_slot_state,0,3,False,False,greedy_capacity,push_drag,push_drag,load-01,1,6,2,24.0,2,2,0.3,0.85,0.2,0.08726646259971647,0.16,79.22679570573945,7.475803245034211,6.0,True,True,False,False,12.277671437554405,1.6418624623284446,94.07178963237699,13.330715453913632,0.8463251670378619,0.15367483296213813,12.269741066962318,1.3307582684071586,0.9549917381828106,1.0214249914254496,0,0.0,0,0.11499999999999844,1.2271007563528984,3.902152762167675,4.0160194722032765,27.081494975852053,5.445026464535192,1.0,248.7809227591253,0.055679672681809164,0.7708360700955219,0.0,7.5200000000000005,79.22679570573945,2,4,11668,1116.24570004642,-151.93181333937224,296.08083116617786,-448.0126445055501,1.0,1.0
SP5_MC_explicit_control_law,monte_carlo,monte_carlo_formation_corridor_push_seed6654,6654,sota_centralized_cbf_push,SOTA centralized CBF push,sota,centralized,baseline,cbf_payload_push_drag,baseline_sota_centralized_push_drag,none,centralized_cbf_payload_velocity_projection,global_payload_robot_traffic_state,0,6,False,False,wrench_greedy,push_drag,push_drag,load-01,1,6,2,24.0,2,2,0.3,0.85,0.2,0.08726646259971647,0.16,79.22679570573945,7.475803245034211,6.0,True,True,False,False,10.948884000082863,6.974238431212143e-08,3.995944274263961e-06,11.344229936987045,0.9637526652452025,0.03624733475479747,3.9528061561191215,0.3139493670718636,0.8376846210450467,1.0,0,0.0,0,0.11499999999999855,0.4813010526148241,0.19947503221434065,0.20364467508175133,60.55996847128693,10.665385797101417,1.0,593.6873458279542,0.12792780987811408,0.7614698022454042,0.0,4.16,79.22679570573945,4,2,14880,1104.6312999678776,-109.42859331188615,296.08083116617786,-405.50942447806403,1.0,1.0
SP5_MC_explicit_control_law,monte_carlo,monte_carlo_formation_corridor_push_seed6654,6654,sota_decentralized_vo_push,SOTA decentralized VO push,sota,decentralized,baseline,velocity_obstacle_push_drag,baseline_sota_decentralized_push_drag,none,distributed_velocity_obstacle_payload_tracking,local_relative_traffic_state,0,6,False,False,cbba_wrench_score,push_drag,push_drag,load-01,1,6,2,24.0,2,2,0.3,0.85,0.2,0.08726646259971647,0.16,79.22679570573945,7.475803245034211,6.0,True,True,False,False,3.6158097941570446,0.0009794830461493653,0.056120244648976275,8.803752592651923,0.9508547008547008,0.04914529914529919,3.9528061561191215,0.34716893301900853,0.6985757684239087,1.0,0,0.0,0,0.11499999999999877,0.18163964576618136,0.08000099999999954,0.08000099999999954,102.70483621500844,21.071917031295825,0.7477103734296714,1027.4786644206204,0.2162389048792317,0.7283624195390821,0.0,4.32,79.22679570573945,4,2,8978,1035.6838000006974,-57.46543353210106,296.08083116617786,-353.54626469827895,1.0,1.0
SP5_MC_explicit_control_law,monte_carlo,monte_carlo_formation_corridor_push_seed6654,6654,sota_decentralized_vo_cargo,SOTA decentralized VO cargo,sota,decentralized,baseline,velocity_obstacle_cargo,baseline_sota_decentralized_cargo,none,distributed_velocity_obstacle_cargo_transport,local_relative_traffic_state,0,6,False,False,cbba_wrench_score,cargo,push_drag,load-01,1,6,2,24.0,2,2,0.3,0.85,0.2,0.08726646259971647,0.16,79.22679570573945,7.475803245034211,6.0,True,True,True,True,0.0006354848167454264,1.6192158724948058e-10,9.277423561454562e-09,4.5018665974584176,1.0,0.0,3.9528061561191215,0.2645833263986957,0.08990236424848196,1.0,0,0.0,0,0.11499999967948848,0.11500000000000005,0.08000017930039938,0.08000004404600203,102.60256776690382,21.87895635665633,0.7201299136718572,1029.6370932355596,0.21586573549394436,0.7449161108922431,0.0,4.32,41.12,4,2,9608,645.8731000311673,298.33017331686534,296.08083116617786,2.2493421506874824,0.0,0.0
SP5_MC_explicit_control_law,monte_carlo,monte_carlo_formation_corridor_push_seed6654,6654,ours_tensor_game_push,Ours tensor-game push,model_based,decentralized,proposed,smooth_tensor_game_wrench_push,proposed_model_based_decentralized_push_drag,model_based_tuning_optional,distributed_tensor_game_wrench_transport,local_tensor_field_and_wrench_residual,0,9,False,False,smith_wrench_pairs_guarded,push_drag,push_drag,load-01,1,6,2,24.0,2,2,0.3,0.85,0.2,0.08726646259971647,0.16,79.22679570573945,7.475803245034211,6.0,True,True,False,False,10.833965942834332,1.763699453150025e-08,1.010525349950277e-06,11.143480626407667,0.9936974789915967,0.006302521008403339,2.5653845016242447,0.22005562004943982,0.8614260047293837,1.0,0,0.0,0,0.11499999999999866,0.44452079089401303,0.19947503221434065,0.1650148619020262,72.5660475902558,10.659698041109758,1.0,629.7997450753954,0.15278213988471936,0.7576286988920763,0.0,2.72,79.22679570573945,4,2,6528,1236.0532000893727,-108.14401558522859,296.08083116617786,-404.22484675140646,1.0,1.0
SP5_MC_explicit_control_law,monte_carlo,monte_carlo_formation_corridor_push_seed6654,6654,ours_explicit_vgne_cbf_push,Ours explicit vGNE-CBF push,model_based,decentralized,proposed,closed_form_explicit_vgne_cbf_push,proposed_model_based_decentralized_push_drag,closed_form_model_based,distributed_explicit_vgne_cbf_transport,local_contact_geometry_consensus_scalars_and_wrench_residual,0,10,False,False,support_dual_wrench_market_guarded,push_drag,push_drag,load-01,1,6,2,24.0,2,2,0.3,0.85,0.2,0.08726646259971647,0.16,79.22679570573945,7.475803245034211,6.0,True,True,False,False,4.1278343653713705,0.03233699212301877,1.8527731707967634,7.747866122239216,0.8975501113585747,0.10244988864142535,13.448570760207597,1.488807920918032,0.82606803584199,1.1487514885055743,0,0.0,0,0.11499999999999821,0.5266272720138894,0.08000099999999943,0.08000099999999943,77.12463744225131,19.701175513583976,0.7997335459239827,771.4225036382802,0.1623201972258901,0.805874073281682,0.0,7.5200000000000005,79.22679570573945,3,3,8480,998.7366000423208,-60.02491613006127,296.08083116617786,-356.10574729623914,1.0,1.0
SP5_MC_explicit_control_law,monte_carlo,monte_carlo_formation_corridor_push_seed6654,6654,ours_explicit_vgne_cbf_cargo,Ours explicit vGNE-CBF cargo,model_based,decentralized,proposed,closed_form_explicit_vgne_cbf_cargo,proposed_model_based_decentralized_cargo,closed_form_model_based,distributed_explicit_vgne_cbf_caging_transport,local_contact_geometry_consensus_scalars_and_wrench_residual,0,10,False,False,support_dual_wrench_market_guarded,cargo,push_drag,load-01,1,6,2,24.0,2,2,0.3,0.85,0.2,0.08726646259971647,0.16,79.22679570573945,7.475803245034211,6.0,True,True,True,True,3.691439728298904e-12,4.440892098500626e-16,2.5444437451708134e-14,5.616297969658613,0.9020044543429844,0.09799554565701563,13.448570760207597,1.4290042745534535,0.21920744958628444,1.2339975736250954,0,0.0,0,0.11499999999999821,0.7859960628394698,0.1733752093554899,0.1733752093554899,64.37536072815529,15.839791338000197,0.9946905622772201,638.8180777732883,0.13537740587699484,0.823393074874762,0.0,7.5200000000000005,43.2,3,3,8246,660.1053000194952,299.0370412982029,296.08083116617786,2.956210132025035,0.0,0.0
SP5_MC_explicit_control_law,monte_carlo,monte_carlo_formation_corridor_push_seed6654,6654,ours_hamiltonian_cargo,Ours Hamiltonian cargo,model_based,decentralized,proposed,hamiltonian_tensor_cargo,proposed_model_based_decentralized_cargo,model_based_tuning_optional,distributed_hamiltonian_cargo_transport,local_energy_wrench_formation_game,0,9,False,False,support_dual_wrench_market_guarded,cargo,push_drag,load-01,1,6,2,24.0,2,2,0.3,0.85,0.2,0.08726646259971647,0.16,79.22679570573945,7.475803245034211,6.0,True,True,True,True,0.00029986326154672003,1.068158006489739e-09,6.120094562496963e-08,5.633194755496656,0.8997772828507795,0.10022271714922049,13.448570760207597,1.4335183745573092,0.20120824086583047,1.0112419012886678,0,0.0,0,0.1149999997369413,0.7676767996342779,0.20335140621867398,0.20335140621867398,69.29832083703054,17.202497194103803,0.9158955687985554,687.5421054527332,0.14612425212973346,0.823393074874762,0.0,7.5200000000000005,42.24,3,3,8272,662.5189000042155,298.071940066145,296.08083116617786,1.9911088999671165,0.0,0.0
SP5_MC_explicit_control_law,monte_carlo,monte_carlo_formation_corridor_push_seed6654,6654,reference_centralized_mpc_cbf_cargo,Reference centralized MPC-CBF cargo,model_based_reference,centralized,reference,time_expanded_mpc_cbf_cargo,reference_model_based_reference_centralized_cargo,none,centralized_reference_mpc_cbf_cargo,global_state_and_time_expanded_constraints,0,10,False,False,wrench_oracle,cargo,push_drag,load-01,1,6,2,24.0,2,2,0.3,0.85,0.2,0.08726646259971647,0.16,79.22679570573945,7.475803245034211,6.0,True,True,True,True,0.00011417910445231373,4.836131495267182e-13,2.7708992384910158e-11,4.390768582943933,1.0,0.0,2.917212559127381,0.2117649398686975,0.07145887869701327,1.0,0,0.0,1,0.11499999973719688,0.11500000000000005,0.08000001549867575,0.0799994365808443,107.56293438505557,23.424181042433293,0.6726250503190511,1083.0677527136145,0.22472377656035983,0.7945771849517259,0.0,2.72,42.08,4,2,14880,1675.7502000546083,296.08083116617786,296.08083116617786,0.0,0.0,0.0
SP5_MC_explicit_control_law,monte_carlo,monte_carlo_scarce_cargo_multi_load_seed6655,6655,classic_decentralized_apf_push,Classic decentralized APF push,classic,decentralized,baseline,apf_push_drag,baseline_classic_decentralized_push_drag,none,distributed_apf_payload_tracking,local_obstacle_and_slot_state,0,3,False,False,greedy_capacity,push_drag,cargo,load-01,1,4,5,24.0,2,2,0.3,0.85,0.2,0.08726646259971647,0.16,78.14925777171054,7.783300788185915,4.5,True,True,False,False,3.1120101075236817,0.00013982059507577915,0.008011129986849806,6.819056229645548,0.9892008639308856,0.010799136069114423,2.9339179576355012,0.24432588272871336,0.45751983912851574,1.00000036243926,0,0.0,0,0.11499999960199547,0.45734036896720337,0.08000000142263297,0.08000000142263297,78.77989158105314,23.293716454436126,0.7009778971179622,827.082815861668,0.25097364434014047,0.7115372185415777,0.0,3.36,78.14925777171054,3,1,3416,1029.4950999086723,-41.753843268702845,300.82828855303825,-342.5821318217411,1.0,1.0
SP5_MC_explicit_control_law,monte_carlo,monte_carlo_scarce_cargo_multi_load_seed6655,6655,sota_centralized_cbf_push,SOTA centralized CBF push,sota,centralized,baseline,cbf_payload_push_drag,baseline_sota_centralized_push_drag,none,centralized_cbf_payload_velocity_projection,global_payload_robot_traffic_state,0,6,False,False,wrench_greedy,push_drag,cargo,load-01,1,4,5,24.0,2,2,0.3,0.85,0.2,0.08726646259971647,0.16,78.14925777171054,7.783300788185915,4.5,True,True,False,False,3.1541708111854274,3.0895716024167035,177.0194133219479,6.863759345841962,0.415929203539823,0.584070796460177,3.502315089674335,1.1584369743296352,0.678883456837597,1.1104476420253737,0,0.0,0,0.11499999999999844,0.8292831770203541,0.08000099999999977,0.08000099999999977,66.83560992022713,21.7769872698089,0.7497997851580688,697.688120455513,0.21441139772228898,0.6585045235076049,0.0,5.44,78.14925777171054,2,2,5868,859.7251999890432,-148.50116236777626,300.82828855303825,-449.3294509208145,1.0,1.0
SP5_MC_explicit_control_law,monte_carlo,monte_carlo_scarce_cargo_multi_load_seed6655,6655,sota_decentralized_vo_push,SOTA decentralized VO push,sota,decentralized,baseline,velocity_obstacle_push_drag,baseline_sota_decentralized_push_drag,none,distributed_velocity_obstacle_payload_tracking,local_relative_traffic_state,0,6,False,False,cbba_wrench_score,push_drag,cargo,load-01,1,4,5,24.0,2,2,0.3,0.85,0.2,0.08726646259971647,0.16,78.14925777171054,7.783300788185915,4.5,True,True,False,False,1.5508385474619693,1.0347177054096468,59.28495750743359,7.203189482160641,0.22394678492239467,0.7760532150776054,3.502315089674335,1.4604579431948457,0.6402952689516235,1.103148062989319,0,0.0,0,0.114999999999985,0.9866574318272794,0.08000099999999977,0.08000099999999977,86.14806773756642,28.938101255719594,0.5642519608319297,907.7424163265505,0.27598717158250763,0.6298738920507525,0.0,5.6000000000000005,78.14925777171054,2,2,2756,828.6042000399902,-121.31902557436734,300.82828855303825,-422.1473141274056,1.0,1.0
SP5_MC_explicit_control_law,monte_carlo,monte_carlo_scarce_cargo_multi_load_seed6655,6655,sota_decentralized_vo_cargo,SOTA decentralized VO cargo,sota,decentralized,baseline,velocity_obstacle_cargo,baseline_sota_decentralized_cargo,none,distributed_velocity_obstacle_cargo_transport,local_relative_traffic_state,0,6,False,False,cbba_wrench_score,cargo,cargo,load-01,1,4,5,24.0,2,2,0.3,0.85,0.2,0.08726646259971647,0.16,78.14925777171054,7.783300788185915,4.5,True,True,True,True,0.0026727233392731782,7.477704107028416e-06,0.00042844088578037026,4.944220885850205,0.82560706401766,0.17439293598233996,3.502315089674335,0.43163629534399395,0.15453059516645173,1.0,0,0.0,0,0.11499999999999932,0.35311070022199936,0.08000099999999954,0.08000099999999954,49.51127823750555,21.017330926726917,0.776900760292476,558.3923404195828,0.15869586021637294,0.6441892077791788,0.0,5.44,41.12,2,2,2510,637.7930999733508,296.95574380516433,300.82828855303825,-3.872544747873917,0.01287294079456613,0.01287294079456613
SP5_MC_explicit_control_law,monte_carlo,monte_carlo_scarce_cargo_multi_load_seed6655,6655,ours_tensor_game_push,Ours tensor-game push,model_based,decentralized,proposed,smooth_tensor_game_wrench_push,proposed_model_based_decentralized_push_drag,model_based_tuning_optional,distributed_tensor_game_wrench_transport,local_tensor_field_and_wrench_residual,0,9,False,False,smith_wrench_pairs_guarded,push_drag,cargo,load-01,1,4,5,24.0,2,2,0.3,0.85,0.2,0.08726646259971647,0.16,78.14925777171054,7.783300788185915,4.5,True,True,False,False,3.1130657615430524,6.0339194544400954e-05,0.003457181186612977,7.057511068745103,0.9265033407572383,0.07349665924276172,3.502315089674335,0.3743382284743234,0.4892167225933019,1.000001974169583,0,0.0,0,0.11499999999999877,0.166286361214304,0.08000039217269017,0.0800003366388451,104.76112547279399,22.298203039465754,0.732273374109698,1010.7806353756285,0.3370394570897196,0.7438798193843768,0.0,6.08,78.14925777171054,4,0,5868,1096.3612999767065,-54.59917412584499,300.82828855303825,-355.4274626788832,1.0,1.0
SP5_MC_explicit_control_law,monte_carlo,monte_carlo_scarce_cargo_multi_load_seed6655,6655,ours_explicit_vgne_cbf_push,Ours explicit vGNE-CBF push,model_based,decentralized,proposed,closed_form_explicit_vgne_cbf_push,proposed_model_based_decentralized_push_drag,closed_form_model_based,distributed_explicit_vgne_cbf_transport,local_contact_geometry_consensus_scalars_and_wrench_residual,0,10,False,False,support_dual_wrench_market_guarded,push_drag,cargo,load-01,1,4,5,24.0,2,2,0.3,0.85,0.2,0.08726646259971647,0.16,78.14925777171054,7.783300788185915,4.5,True,True,False,False,3.145827661635725,2.0446556581177333e-07,1.1715013976768989e-05,6.794257056096302,1.0,0.0,3.863066562175688,0.2437724720691554,0.6873153908226167,1.000000000004399,0,0.0,0,0.11499999984319909,0.39716588571039063,0.08000099999999932,0.08000099999999932,77.96318852910632,22.771792956612007,0.7170441259238487,817.2430412386702,0.24941223172741667,0.7438798193843768,0.0,4.48,78.14925777171054,3,1,3382,1116.7808999307454,-40.76468639398779,300.82828855303825,-341.59297494702605,1.0,1.0
SP5_MC_explicit_control_law,monte_carlo,monte_carlo_scarce_cargo_multi_load_seed6655,6655,ours_explicit_vgne_cbf_cargo,Ours explicit vGNE-CBF cargo,model_based,decentralized,proposed,closed_form_explicit_vgne_cbf_cargo,proposed_model_based_decentralized_cargo,closed_form_model_based,distributed_explicit_vgne_cbf_caging_transport,local_contact_geometry_consensus_scalars_and_wrench_residual,0,10,False,False,support_dual_wrench_market_guarded,cargo,cargo,load-01,1,4,5,24.0,2,2,0.3,0.85,0.2,0.08726646259971647,0.16,78.14925777171054,7.783300788185915,4.5,True,True,True,True,4.377931550095607e-12,4.440892098500626e-16,2.5444437451708134e-14,4.822312053993848,1.0,0.0,3.863066562175688,0.210420829917143,0.0964711793837366,1.0,0,0.0,0,0.1149999996706178,0.5482274997816807,0.08000099999999943,0.08000099999999943,68.93335368919868,19.749552062292533,0.8267721882901939,719.8389508417666,0.22064817684267815,0.7600511198057761,0.0,4.48,42.72,3,1,3350,514.1972999554127,306.91392892580365,300.82828855303825,6.085640372765397,0.0,0.0
SP5_MC_explicit_control_law,monte_carlo,monte_carlo_scarce_cargo_multi_load_seed6655,6655,ours_hamiltonian_cargo,Ours Hamiltonian cargo,model_based,decentralized,proposed,hamiltonian_tensor_cargo,proposed_model_based_decentralized_cargo,model_based_tuning_optional,distributed_hamiltonian_cargo_transport,local_energy_wrench_formation_game,0,9,False,False,support_dual_wrench_market_guarded,cargo,cargo,load-01,1,4,5,24.0,2,2,0.3,0.85,0.2,0.08726646259971647,0.16,78.14925777171054,7.783300788185915,4.5,True,True,True,True,0.00027659812601483157,1.5802559261146598e-10,9.054199511690726e-09,4.911771308288477,1.0,0.0,3.863066562175688,0.21348294338102497,0.09020585701381126,1.0,0,0.0,0,0.11499999966377872,0.8041408089207107,0.08000099999999977,0.08000099999999977,74.81102474012752,21.69685344769315,0.7525690495009899,783.2537361288055,0.23938650310037454,0.7600511198057761,0.0,4.48,42.24,3,1,3346,491.4640999631956,305.45248132725277,300.82828855303825,4.624192774214521,0.0,0.0
SP5_MC_explicit_control_law,monte_carlo,monte_carlo_scarce_cargo_multi_load_seed6655,6655,reference_centralized_mpc_cbf_cargo,Reference centralized MPC-CBF cargo,model_based_reference,centralized,reference,time_expanded_mpc_cbf_cargo,reference_model_based_reference_centralized_cargo,none,centralized_reference_mpc_cbf_cargo,global_state_and_time_expanded_constraints,0,10,False,False,wrench_oracle,cargo,cargo,load-01,1,4,5,24.0,2,2,0.3,0.85,0.2,0.08726646259971647,0.16,78.14925777171054,7.783300788185915,4.5,True,True,True,True,0.00011195162900021846,9.582512561223666e-11,5.49037526889213e-09,5.0857650274605675,0.9427312775330396,0.05726872246696035,3.502315089674335,0.32591119330194335,0.1017411591206334,1.0,0,0.0,0,0.11499999999999821,0.7979513915097705,0.10506560992068659,0.10506560992068659,71.9927075981975,21.097233794829062,0.7739583556349838,727.6239898782593,0.23132105134565595,0.7682771478805551,0.0,5.44,42.72,3,1,5868,537.9369000438601,300.82828855303825,300.82828855303825,0.0,0.0,0.0
SP5_MC_explicit_control_law,monte_carlo,monte_carlo_overactuated_push_drag_seed6656,6656,classic_decentralized_apf_push,Classic decentralized APF push,classic,decentralized,baseline,apf_push_drag,baseline_classic_decentralized_push_drag,none,distributed_apf_payload_tracking,local_obstacle_and_slot_state,0,3,False,False,greedy_capacity,push_drag,push_drag,load-01,1,10,2,24.0,2,0,0.3,0.85,0.2,0.08726646259971647,0.16,76.17153644827856,5.568298176522575,4.5,True,True,False,False,11.99892115630805,1.7177074390185254,98.41738669398673,13.027157555292526,0.9072398190045249,0.09276018099547512,9.610996548933949,0.941414505054288,0.9398722118438625,1.0231080123656828,0,0.0,0,0.11499999986176468,0.5599145495901432,inf,3.4917621605115787,22.70186585445986,5.846968915901946,1.0,210.4889823954182,0.029653572163240972,0.6952249803330947,0.0,5.6000000000000005,76.17153644827856,2,8,9332,1139.8020000196993,-141.46209748243277,306.52340549899185,-447.9855029814246,1.0,1.0
SP5_MC_explicit_control_law,monte_carlo,monte_carlo_overactuated_push_drag_seed6656,6656,sota_centralized_cbf_push,SOTA centralized CBF push,sota,centralized,baseline,cbf_payload_push_drag,baseline_sota_centralized_push_drag,none,centralized_cbf_payload_velocity_projection,global_payload_robot_traffic_state,0,6,False,False,wrench_greedy,push_drag,push_drag,load-01,1,10,2,24.0,2,0,0.3,0.85,0.2,0.08726646259971647,0.16,76.17153644827856,5.568298176522575,4.5,True,True,False,False,5.503895026293948,3.625676159302316e-08,2.0773594180922463e-06,8.058524349265898,1.0,0.0,4.133870986985244,0.3121735842602043,0.459119420919445,1.0,0,0.0,0,0.11499999970946462,0.5599145495901432,inf,0.80779467427276,88.00336657034342,17.67996310989629,0.8892366762621638,773.9454740636418,0.1142773212935343,0.7148292558549081,0.0,4.8,76.17153644827856,4,6,42930,1051.3382999924943,-61.79165989690168,306.52340549899185,-368.3150653958935,1.0,1.0
SP5_MC_explicit_control_law,monte_carlo,monte_carlo_overactuated_push_drag_seed6656,6656,sota_decentralized_vo_push,SOTA decentralized VO push,sota,decentralized,baseline,velocity_obstacle_push_drag,baseline_sota_decentralized_push_drag,none,distributed_velocity_obstacle_payload_tracking,local_relative_traffic_state,0,6,False,False,cbba_wrench_score,push_drag,push_drag,load-01,1,10,2,24.0,2,0,0.3,0.85,0.2,0.08726646259971647,0.16,76.17153644827856,5.568298176522575,4.5,True,True,False,False,6.054001326207056,2.2892077788938536e-07,1.3116194415913515e-05,8.470681521744163,1.0,0.0,4.133870986985244,0.3148559057726077,0.49019218620980787,1.0,0,0.0,0,0.11499999968162478,0.5599145495901432,inf,0.7874430069811493,89.3764578096663,18.110447967002308,0.8680995445793017,787.0324129350802,0.11625708374077427,0.6837497229916513,0.0,4.96,76.17153644827856,4,6,14392,1007.5682000024244,-67.14681975360732,306.52340549899185,-373.67022525259915,1.0,1.0
SP5_MC_explicit_control_law,monte_carlo,monte_carlo_overactuated_push_drag_seed6656,6656,sota_decentralized_vo_cargo,SOTA decentralized VO cargo,sota,decentralized,baseline,velocity_obstacle_cargo,baseline_sota_decentralized_cargo,none,distributed_velocity_obstacle_cargo_transport,local_relative_traffic_state,0,6,False,False,cbba_wrench_score,cargo,push_drag,load-01,1,10,2,24.0,2,0,0.3,0.85,0.2,0.08726646259971647,0.16,76.17153644827856,5.568298176522575,4.5,True,True,True,True,0.00041897476593095014,7.552252156983741e-10,4.327121744137408e-08,4.651811963109142,1.0,0.0,4.133870986985244,0.2547304057065191,0.09505660645071767,1.0,0,0.0,0,0.11499999986176468,0.3551620275045733,inf,0.13685317425003007,87.30667188015428,19.243963909697523,0.8169663852029619,778.463946646368,0.11391514147734245,0.6992894894232797,0.0,4.8,39.04,4,6,12922,475.0163999851793,305.6594609153284,306.52340549899185,-0.8639445836634536,0.002818527290785614,0.002818527290785614
SP5_MC_explicit_control_law,monte_carlo,monte_carlo_overactuated_push_drag_seed6656,6656,ours_tensor_game_push,Ours tensor-game push,model_based,decentralized,proposed,smooth_tensor_game_wrench_push,proposed_model_based_decentralized_push_drag,model_based_tuning_optional,distributed_tensor_game_wrench_transport,local_tensor_field_and_wrench_residual,0,9,False,False,smith_wrench_pairs_guarded,push_drag,push_drag,load-01,1,10,2,24.0,2,0,0.3,0.85,0.2,0.08726646259971647,0.16,76.17153644827856,5.568298176522575,4.5,True,True,False,False,5.643170478734024,4.276286569293575e-08,2.450131724089999e-06,8.141102785524096,1.0,0.0,4.133870986985244,0.2780086570894782,0.5132350257504521,1.0,0,0.0,0,0.11499999986176468,0.5599145495901432,inf,0.6988759119089933,87.19944470829657,17.626825995804456,0.8919173330481576,767.8387567682752,0.11319791474177683,0.7148292558549082,0.0,4.8,76.17153644827856,4,6,14470,1494.984699995257,-62.8271525432594,306.52340549899185,-369.35055804225124,1.0,1.0
SP5_MC_explicit_control_law,monte_carlo,monte_carlo_overactuated_push_drag_seed6656,6656,ours_explicit_vgne_cbf_push,Ours explicit vGNE-CBF push,model_based,decentralized,proposed,closed_form_explicit_vgne_cbf_push,proposed_model_based_decentralized_push_drag,closed_form_model_based,distributed_explicit_vgne_cbf_transport,local_contact_geometry_consensus_scalars_and_wrench_residual,0,10,False,False,support_dual_wrench_market_guarded,push_drag,push_drag,load-01,1,10,2,24.0,2,0,0.3,0.85,0.2,0.08726646259971647,0.16,76.17153644827856,5.568298176522575,4.5,True,True,False,False,5.862724297806782,0.0035107557578046844,0.20115148782346146,8.343751457715314,0.9004524886877828,0.09954751131221717,10.612285585541667,1.0823040469382095,0.8191314771895147,1.2084771352750359,0,0.0,0,0.11499999961222396,0.47575422450398613,inf,0.08000100000000021,75.4835187390366,19.7736203565939,0.7950831131962716,668.4016107282392,0.1001556705152272,0.7268261158027808,0.0,5.6000000000000005,76.17153644827856,3,7,9142,918.4616999700665,-71.02123089653652,306.52340549899185,-377.54463639552836,1.0,1.0
SP5_MC_explicit_control_law,monte_carlo,monte_carlo_overactuated_push_drag_seed6656,6656,ours_explicit_vgne_cbf_cargo,Ours explicit vGNE-CBF cargo,model_based,decentralized,proposed,closed_form_explicit_vgne_cbf_cargo,proposed_model_based_decentralized_cargo,closed_form_model_based,distributed_explicit_vgne_cbf_caging_transport,local_contact_geometry_consensus_scalars_and_wrench_residual,0,10,False,False,support_dual_wrench_market_guarded,cargo,push_drag,load-01,1,10,2,24.0,2,0,0.3,0.85,0.2,0.08726646259971647,0.16,76.17153644827856,5.568298176522575,4.5,True,True,True,True,5.868124646125796e-12,4.440892098500626e-16,2.5444437451708134e-14,5.374204448002594,0.9049773755656109,0.09502262443438914,10.612285585541667,1.038102377239823,0.20218368365653688,1.2368597306770508,0,0.0,0,0.11499999973084607,0.5599145495901432,inf,0.08000099999999932,68.14921682380267,17.79428307694794,0.8835237454803047,603.3454849775993,0.09121862657287165,0.742626683537624,0.0,5.6000000000000005,40.800000000000004,3,7,8376,527.1638999693096,300.8658458306645,306.52340549899185,-5.6575596683273375,0.018457186520935823,0.018457186520935823
SP5_MC_explicit_control_law,monte_carlo,monte_carlo_overactuated_push_drag_seed6656,6656,ours_hamiltonian_cargo,Ours Hamiltonian cargo,model_based,decentralized,proposed,hamiltonian_tensor_cargo,proposed_model_based_decentralized_cargo,model_based_tuning_optional,distributed_hamiltonian_cargo_transport,local_energy_wrench_formation_game,0,9,False,False,support_dual_wrench_market_guarded,cargo,push_drag,load-01,1,10,2,24.0,2,0,0.3,0.85,0.2,0.08726646259971647,0.16,76.17153644827856,5.568298176522575,4.5,True,True,True,True,0.0004811163172802024,1.8646995059157234e-10,1.0683941174910083e-08,5.463591683750976,0.9049773755656109,0.09502262443438914,10.612285585541667,1.0428887193034992,0.17973863583885344,1.0112419012886678,0,0.0,0,0.11499999972365649,0.5599145495901432,inf,0.26716411226570247,73.68246793475673,19.652075522795187,0.8000005706290759,655.4269367609171,0.09845045147122723,0.742626683537624,0.0,5.6000000000000005,40.160000000000004,3,7,8400,468.74360006768256,299.7205531591339,306.52340549899185,-6.802852339857964,0.02219358201630165,0.02219358201630165
SP5_MC_explicit_control_law,monte_carlo,monte_carlo_overactuated_push_drag_seed6656,6656,reference_centralized_mpc_cbf_cargo,Reference centralized MPC-CBF cargo,model_based_reference,centralized,reference,time_expanded_mpc_cbf_cargo,reference_model_based_reference_centralized_cargo,none,centralized_reference_mpc_cbf_cargo,global_state_and_time_expanded_constraints,0,10,False,False,wrench_oracle,cargo,push_drag,load-01,1,10,2,24.0,2,0,0.3,0.85,0.2,0.08726646259971647,0.16,76.17153644827856,5.568298176522575,4.5,True,True,True,True,4.228785411469867e-05,4.452882507166578e-12,2.5513137432827744e-10,4.358080533548226,1.0,0.0,3.077435056703758,0.1909559432498975,0.07149024218353976,1.0,0,0.0,0,0.11499999986176468,0.5225764182879022,inf,0.2890143314301463,87.60663854191505,19.346166569306195,0.8126504843199882,782.2515810580259,0.11434731630008704,0.745908788718165,0.0,3.04,37.76,4,6,42930,8639.10249993205,306.52340549899185,306.52340549899185,0.0,0.0,0.0
SP5_MC_explicit_control_law,monte_carlo,monte_carlo_formation_corridor_push_seed6657,6657,classic_decentralized_apf_push,Classic decentralized APF push,classic,decentralized,baseline,apf_push_drag,baseline_classic_decentralized_push_drag,none,distributed_apf_payload_tracking,local_obstacle_and_slot_state,0,3,False,False,greedy_capacity,push_drag,push_drag,load-01,1,6,2,24.0,2,2,0.3,0.85,0.2,0.08726646259971647,0.12,79.71493397269326,6.462374275644625,9.0,True,True,False,False,4.055049924776913,0.01915228152686188,1.097344899535558,6.3880597529540575,0.9938080495356038,0.006191950464396245,1.7364857918099448,0.17584901880349352,0.3988339155498697,1.000001543086417,0,0.0,0,0.1149999997100154,0.7253921074495122,0.08000099999999943,0.08000099999999943,51.9797250883433,22.213974594506393,0.7078250868568353,583.3861217948931,0.10394135672138145,0.6687527450325019,0.0,1.7999999999999998,79.71493397269326,2,4,9840,847.3855999764055,-43.571610141553826,297.8924134869895,-341.4640236285433,1.0,1.0
SP5_MC_explicit_control_law,monte_carlo,monte_carlo_formation_corridor_push_seed6657,6657,sota_centralized_cbf_push,SOTA centralized CBF push,sota,centralized,baseline,cbf_payload_push_drag,baseline_sota_centralized_push_drag,none,centralized_cbf_payload_velocity_projection,global_payload_robot_traffic_state,0,6,False,False,wrench_greedy,push_drag,push_drag,load-01,1,6,2,24.0,2,2,0.3,0.85,0.2,0.08726646259971647,0.12,79.71493397269326,6.462374275644625,9.0,True,True,False,False,2.7545201518280886,3.1854788502982956e-05,0.0018251449385027812,8.04394802352853,0.8985270049099836,0.1014729950900164,9.999252106565093,0.9557247870385563,0.5903959605360554,1.0067672229058107,0,0.0,0,0.11499999969376529,0.13198952764760002,0.40892271325360263,0.08000099999999954,96.55232891378664,18.99371905431494,0.827832003402197,862.4558575536075,0.20098331506807646,0.7690527652440813,0.0,6.4799999999999995,79.71493397269326,4,2,19950,1358.4731000009924,-51.94627926084224,297.8924134869895,-349.8386927478317,1.0,1.0
SP5_MC_explicit_control_law,monte_carlo,monte_carlo_formation_corridor_push_seed6657,6657,sota_decentralized_vo_push,SOTA decentralized VO push,sota,decentralized,baseline,velocity_obstacle_push_drag,baseline_sota_decentralized_push_drag,none,distributed_velocity_obstacle_payload_tracking,local_relative_traffic_state,0,6,False,False,cbba_wrench_score,push_drag,push_drag,load-01,1,6,2,24.0,2,2,0.3,0.85,0.2,0.08726646259971647,0.12,79.71493397269326,6.462374275644625,9.0,True,True,False,False,4.181396736608327,0.0021975349137011158,0.12590947588771953,9.122893878340522,0.8952536824877251,0.10474631751227492,9.999252106565093,1.0025833862606166,0.7022594065055284,1.0063390223446471,0,0.0,0,0.11499999999999932,0.18593119399596075,0.08000099999999954,0.08000099999999932,102.97185579012908,20.503302931520498,0.766881733606907,864.9293901311825,0.21475382628607176,0.7630314501603807,0.0,6.4799999999999995,79.71493397269326,4,2,11862,1387.8476000390947,-66.32331362490505,297.8924134869895,-364.2157271118945,1.0,1.0
SP5_MC_explicit_control_law,monte_carlo,monte_carlo_formation_corridor_push_seed6657,6657,sota_decentralized_vo_cargo,SOTA decentralized VO cargo,sota,decentralized,baseline,velocity_obstacle_cargo,baseline_sota_decentralized_cargo,none,distributed_velocity_obstacle_cargo_transport,local_relative_traffic_state,0,6,False,False,cbba_wrench_score,cargo,push_drag,load-01,1,6,2,24.0,2,2,0.3,0.85,0.2,0.08726646259971647,0.12,79.71493397269326,6.462374275644625,9.0,True,True,True,True,0.000470810009421726,5.635669708681235e-10,3.229000890371569e-08,4.967071761793653,0.9328968903436988,0.06710310965630117,9.999252106565093,0.8784380014062838,0.16257166993111144,1.0072092717355359,0,0.0,0,0.11499999999999899,0.2645029538569373,0.0800009999999991,0.0800009999999991,94.28194326327117,19.63565420056928,0.8007682522915971,798.0521430936409,0.19662002250954402,0.7803730740276621,0.0,6.4799999999999995,39.36,4,2,12570,663.16250001546,297.5535917779099,297.8924134869895,-0.338821709079582,0.0011373962334706455,0.0011373962334706455
SP5_MC_explicit_control_law,monte_carlo,monte_carlo_formation_corridor_push_seed6657,6657,ours_tensor_game_push,Ours tensor-game push,model_based,decentralized,proposed,smooth_tensor_game_wrench_push,proposed_model_based_decentralized_push_drag,model_based_tuning_optional,distributed_tensor_game_wrench_transport,local_tensor_field_and_wrench_residual,0,9,False,False,smith_wrench_pairs_guarded,push_drag,push_drag,load-01,1,6,2,24.0,2,2,0.3,0.85,0.2,0.08726646259971647,0.12,79.71493397269326,6.462374275644625,9.0,True,True,False,False,2.512831026196009,2.074040874155969e-06,0.00011883378862676092,6.5120320981686115,1.0,0.0,3.741393889286638,0.2408987551604473,0.5106734073297371,1.0,0,0.0,0,0.11500000000000055,0.1410008117689357,0.08000099999999943,0.08000099999999943,94.43724758200433,19.02816745696915,0.8263333046836929,836.1460291657004,0.19317777792105872,0.7977146978949434,0.0,3.96,79.71493397269326,4,2,16752,1592.5485000479966,-39.43417396276895,297.8924134869895,-337.32658744975845,1.0,1.0
SP5_MC_explicit_control_law,monte_carlo,monte_carlo_formation_corridor_push_seed6657,6657,ours_explicit_vgne_cbf_push,Ours explicit vGNE-CBF push,model_based,decentralized,proposed,closed_form_explicit_vgne_cbf_push,proposed_model_based_decentralized_push_drag,closed_form_model_based,distributed_explicit_vgne_cbf_transport,local_contact_geometry_consensus_scalars_and_wrench_residual,0,10,False,False,support_dual_wrench_market_guarded,push_drag,push_drag,load-01,1,6,2,24.0,2,2,0.3,0.85,0.2,0.08726646259971647,0.12,79.71493397269326,6.462374275644625,9.0,True,True,False,False,3.9286592875495,0.008867600297711942,0.5080760714678466,7.0082669366685,0.9345335515548282,0.0654664484451718,3.516019018439002,0.3630216458799935,0.8429834885021444,1.0000189696828858,0,0.0,0,0.1149999997275305,0.3130342560524762,0.08000063748241426,0.08000007172694912,80.20086678057915,21.745578332683614,0.7230715254493567,779.6681520353676,0.16566836634460433,0.7407740571230488,0.0,6.4799999999999995,79.71493397269326,3,3,12342,1417.7885999670252,-55.31523732004424,297.8924134869895,-353.2076508070337,1.0,1.0
SP5_MC_explicit_control_law,monte_carlo,monte_carlo_formation_corridor_push_seed6657,6657,ours_explicit_vgne_cbf_cargo,Ours explicit vGNE-CBF cargo,model_based,decentralized,proposed,closed_form_explicit_vgne_cbf_cargo,proposed_model_based_decentralized_cargo,closed_form_model_based,distributed_explicit_vgne_cbf_caging_transport,local_contact_geometry_consensus_scalars_and_wrench_residual,0,10,False,False,support_dual_wrench_market_guarded,cargo,push_drag,load-01,1,6,2,24.0,2,2,0.3,0.85,0.2,0.08726646259971647,0.12,79.71493397269326,6.462374275644625,9.0,True,True,True,True,1.2621016125235746e-12,2.220446049250313e-15,1.2722218725854067e-13,4.795290230066419,0.8543371522094927,0.1456628477905073,3.516019018439002,0.45390371569883464,0.12440900577795362,1.0,0,0.0,0,0.1149999996925638,0.7263154420673599,0.08000099999999954,0.08000099999999954,66.59759354806039,17.908784577459215,0.8779830048646877,646.9988100706648,0.1387342263630234,0.7568778409735498,0.0,6.4799999999999995,42.96,3,3,12400,890.7897999743,294.19047690039156,297.8924134869895,-3.701936586597924,0.01242709253070524,0.01242709253070524
SP5_MC_explicit_control_law,monte_carlo,monte_carlo_formation_corridor_push_seed6657,6657,ours_hamiltonian_cargo,Ours Hamiltonian cargo,model_based,decentralized,proposed,hamiltonian_tensor_cargo,proposed_model_based_decentralized_cargo,model_based_tuning_optional,distributed_hamiltonian_cargo_transport,local_energy_wrench_formation_game,0,9,False,False,support_dual_wrench_market_guarded,cargo,push_drag,load-01,1,6,2,24.0,2,2,0.3,0.85,0.2,0.08726646259971647,0.12,79.71493397269326,6.462374275644625,9.0,True,True,True,True,0.00023020578872435767,1.0733192112866163e-11,6.149666087703339e-10,4.824256836119738,0.823240589198036,0.176759410801964,3.516019018439002,0.478786088409447,0.12230447489242062,1.0,0,0.0,0,0.11499999969385799,0.6918949476524672,0.08000099999999966,0.08000099999999966,69.2012995808904,19.13730518127082,0.8216208263314057,676.8451043170551,0.14473378115526803,0.7568778409735498,0.0,6.4799999999999995,42.0,3,3,12398,789.7486999863759,291.1274089451568,297.8924134869895,-6.765004541832695,0.02270955632150786,0.02270955632150786
SP5_MC_explicit_control_law,monte_carlo,monte_carlo_formation_corridor_push_seed6657,6657,reference_centralized_mpc_cbf_cargo,Reference centralized MPC-CBF cargo,model_based_reference,centralized,reference,time_expanded_mpc_cbf_cargo,reference_model_based_reference_centralized_cargo,none,centralized_reference_mpc_cbf_cargo,global_state_and_time_expanded_constraints,0,10,False,False,wrench_oracle,cargo,push_drag,load-01,1,6,2,24.0,2,2,0.3,0.85,0.2,0.08726646259971647,0.12,79.71493397269326,6.462374275644625,9.0,True,True,True,True,0.000194445921362084,2.708944180085382e-13,1.552110684554196e-11,4.4360188684542585,1.0,0.0,2.7530045349809984,0.1551098937230133,0.06874515573472038,1.0,0,0.0,1,0.11499999999999988,0.11500000000000005,0.08000099999999954,0.06351688628648988,104.47109304365708,22.973736342613087,0.6844166861803368,938.4199793212531,0.21425717093856608,0.8323979456295061,0.0,2.52,42.72,4,2,19950,1633.8414999190718,297.8924134869895,297.8924134869895,0.0,0.0,0.0
SP5_MC_explicit_control_law,monte_carlo,monte_carlo_overactuated_push_drag_seed6658,6658,classic_decentralized_apf_push,Classic decentralized APF push,classic,decentralized,baseline,apf_push_drag,baseline_classic_decentralized_push_drag,none,distributed_apf_payload_tracking,local_obstacle_and_slot_state,0,3,False,False,greedy_capacity,push_drag,push_drag,load-01,1,10,2,24.0,2,0,0.3,0.85,0.2,0.08726646259971647,0.16,74.92757190494982,6.91843480628876,inf,True,True,False,False,4.775327338309942,0.4682677081438613,26.829763358907062,12.040647835357179,0.4188235294117647,0.5811764705882353,16.494892769287073,3.6821492148732693,0.8639612184680062,1.040619652370265,0,0.0,0,0.11499999999999955,0.11500000000000005,inf,0.08000099999999999,87.24381175778737,19.39431713884131,0.8178642389880341,988.9466147307876,0.11877168736041245,0.7696866948150263,0.0,7.04,74.92757190494982,2,8,42210,669.5509999990463,-120.38545391914488,308.9003834813087,-429.2858374004536,1.0,1.0
SP5_MC_explicit_control_law,monte_carlo,monte_carlo_overactuated_push_drag_seed6658,6658,sota_centralized_cbf_push,SOTA centralized CBF push,sota,centralized,baseline,cbf_payload_push_drag,baseline_sota_centralized_push_drag,none,centralized_cbf_payload_velocity_projection,global_payload_robot_traffic_state,0,6,False,False,wrench_greedy,push_drag,push_drag,load-01,1,10,2,24.0,2,0,0.3,0.85,0.2,0.08726646259971647,0.16,74.92757190494982,6.91843480628876,inf,True,True,False,False,5.92177630020582,7.355537392506051e-07,4.214412486412592e-05,8.68871728379308,0.9811764705882353,0.018823529411764683,7.346461414925612,0.5685108934669614,0.5231297992247071,1.0,0,0.0,0,0.1149999999999991,0.8892384978437766,inf,0.6528380037576755,92.86461743314497,18.687845064127202,0.8487826377530945,762.0296751380419,0.12363086249156051,0.7752499817577548,0.0,7.04,74.92757190494982,4,6,42210,918.2264000410214,-67.13990140427228,308.9003834813087,-376.040284885581,1.0,1.0
SP5_MC_explicit_control_law,monte_carlo,monte_carlo_overactuated_push_drag_seed6658,6658,sota_decentralized_vo_push,SOTA decentralized VO push,sota,decentralized,baseline,velocity_obstacle_push_drag,baseline_sota_decentralized_push_drag,none,distributed_velocity_obstacle_payload_tracking,local_relative_traffic_state,0,6,False,False,cbba_wrench_score,push_drag,push_drag,load-01,1,10,2,24.0,2,0,0.3,0.85,0.2,0.08726646259971647,0.16,74.92757190494982,6.91843480628876,inf,True,True,False,False,6.485031583088748,2.0643295601807665e-06,0.0001182773713224554,9.097698855515652,0.9576470588235294,0.04235294117647059,7.346461414925612,0.6247083523062728,0.5473986576782989,1.0,0,0.0,0,0.1149999999999991,0.8004271924501487,inf,0.633303274815052,96.47442964321866,19.26433572183271,0.8233825789006761,790.780581117867,0.1283845299815292,0.7415434608117654,0.0,7.04,74.92757190494982,4,6,42210,917.2326000407338,-75.43929405540166,308.9003834813087,-384.3396775367104,1.0,1.0
SP5_MC_explicit_control_law,monte_carlo,monte_carlo_overactuated_push_drag_seed6658,6658,sota_decentralized_vo_cargo,SOTA decentralized VO cargo,sota,decentralized,baseline,velocity_obstacle_cargo,baseline_sota_decentralized_cargo,none,distributed_velocity_obstacle_cargo_transport,local_relative_traffic_state,0,6,False,False,cbba_wrench_score,cargo,push_drag,load-01,1,10,2,24.0,2,0,0.3,0.85,0.2,0.08726646259971647,0.16,74.92757190494982,6.91843480628876,inf,True,True,True,True,0.0002698751417877014,3.822933081210067e-10,2.1903793091428044e-08,4.923394303396573,0.9882352941176471,0.0117647058823529,7.346461414925612,0.5474138756951963,0.1276018294956971,1.0,0,0.0,0,0.1149999999999991,0.3360457789556089,inf,0.12959758766812302,88.98741282567629,19.149277407853138,0.8283298679952302,738.8228277739879,0.11850688544063348,0.75839672128476,0.0,7.04,38.24,4,6,42210,433.4466001018882,305.31631581610947,308.9003834813087,-3.5840676651992567,0.011602664991240212,0.011602664991240212
SP5_MC_explicit_control_law,monte_carlo,monte_carlo_overactuated_push_drag_seed6658,6658,ours_tensor_game_push,Ours tensor-game push,model_based,decentralized,proposed,smooth_tensor_game_wrench_push,proposed_model_based_decentralized_push_drag,model_based_tuning_optional,distributed_tensor_game_wrench_transport,local_tensor_field_and_wrench_residual,0,9,False,False,smith_wrench_pairs_guarded,push_drag,push_drag,load-01,1,10,2,24.0,2,0,0.3,0.85,0.2,0.08726646259971647,0.16,74.92757190494982,6.91843480628876,inf,True,True,False,False,6.123364203857239,6.142897079897125e-08,3.519620766613429e-06,8.40975624143597,1.0,0.0,3.493525685222095,0.2675558730364002,0.5549180693553422,1.0,0,0.0,0,0.11499999999999955,0.7178457083751233,inf,0.190264073590257,92.23724434566941,18.92708922367609,0.8380537672749593,804.5576222731235,0.12266082406186413,0.7886178097355647,0.0,4.16,74.92757190494982,4,6,42210,1468.0390000576153,-67.56335331864696,308.9003834813087,-376.46373679995565,1.0,1.0
SP5_MC_explicit_control_law,monte_carlo,monte_carlo_overactuated_push_drag_seed6658,6658,ours_explicit_vgne_cbf_push,Ours explicit vGNE-CBF push,model_based,decentralized,proposed,closed_form_explicit_vgne_cbf_push,proposed_model_based_decentralized_push_drag,closed_form_model_based,distributed_explicit_vgne_cbf_transport,local_contact_geometry_consensus_scalars_and_wrench_residual,0,10,False,False,support_dual_wrench_market_guarded,push_drag,push_drag,load-01,1,10,2,24.0,2,0,0.3,0.85,0.2,0.08726646259971647,0.16,74.92757190494982,6.91843480628876,inf,True,True,False,False,5.275408397989494,0.0035539428398996264,0.20362592535698662,10.45734278294653,0.7388235294117647,0.26117647058823534,18.98156960918891,3.4167318191181573,0.8029254553271546,1.208477135275036,0,0.0,0,0.11499999974219943,0.11500000000000005,inf,0.08000099999999932,96.68595055330428,19.508132240410028,0.8130926237312426,1025.4864352897748,0.1297059166960807,0.8046724536702548,0.0,7.04,74.92757190494982,3,7,42210,828.4857999533415,-88.25939851069043,308.9003834813087,-397.1597819919991,1.0,1.0
SP5_MC_explicit_control_law,monte_carlo,monte_carlo_overactuated_push_drag_seed6658,6658,ours_explicit_vgne_cbf_cargo,Ours explicit vGNE-CBF cargo,model_based,decentralized,proposed,closed_form_explicit_vgne_cbf_cargo,proposed_model_based_decentralized_cargo,closed_form_model_based,distributed_explicit_vgne_cbf_caging_transport,local_contact_geometry_consensus_scalars_and_wrench_residual,0,10,False,False,support_dual_wrench_market_guarded,cargo,push_drag,load-01,1,10,2,24.0,2,0,0.3,0.85,0.2,0.08726646259971647,0.16,74.92757190494982,6.91843480628876,inf,True,True,True,False,6.361564683958632e-08,6.661338147750939e-15,3.81666561775622e-13,8.016477850686798,0.7482352941176471,0.2517647058823529,18.98156960918891,3.3364012255202176,0.39484209870484305,1.2368597306770508,0,0.0,0,0.11499999999999955,0.11500000000000005,inf,0.08000099999999999,89.33157038648423,17.47903549333418,0.9074824771366903,940.9366271190129,0.11950381920032856,0.8221653330978689,0.0,7.04,53.120000000000005,3,7,42210,577.7056999504566,58.87143017364022,308.9003834813087,-250.0289533076685,0.8094161311483044,0.8094161311483044
SP5_MC_explicit_control_law,monte_carlo,monte_carlo_overactuated_push_drag_seed6658,6658,ours_hamiltonian_cargo,Ours Hamiltonian cargo,model_based,decentralized,proposed,hamiltonian_tensor_cargo,proposed_model_based_decentralized_cargo,model_based_tuning_optional,distributed_hamiltonian_cargo_transport,local_energy_wrench_formation_game,0,9,False,False,support_dual_wrench_market_guarded,cargo,push_drag,load-01,1,10,2,24.0,2,0,0.3,0.85,0.2,0.08726646259971647,0.16,74.92757190494982,6.91843480628876,inf,True,True,True,True,0.0004983506694428705,1.9858942046369066e-08,1.137833564851842e-06,8.11925677768377,0.7505882352941177,0.24941176470588233,18.98156960918891,3.3203176691735847,0.3388017478550828,1.0112419012886678,0,0.0,0,0.11499999999999899,0.11500000000000005,inf,0.23950532924160606,93.84217876627915,19.290956611330472,0.8222463378583618,996.4950218099992,0.12523599518590664,0.8221653330978689,0.0,7.04,52.64,3,7,42210,472.5340000586584,267.97186439980493,308.9003834813087,-40.928519081503794,0.132497469314344,0.132497469314344
SP5_MC_explicit_control_law,monte_carlo,monte_carlo_overactuated_push_drag_seed6658,6658,reference_centralized_mpc_cbf_cargo,Reference centralized MPC-CBF cargo,model_based_reference,centralized,reference,time_expanded_mpc_cbf_cargo,reference_model_based_reference_centralized_cargo,none,centralized_reference_mpc_cbf_cargo,global_state_and_time_expanded_constraints,0,10,False,False,wrench_oracle,cargo,push_drag,load-01,1,10,2,24.0,2,0,0.3,0.85,0.2,0.08726646259971647,0.16,74.92757190494982,6.91843480628876,inf,True,True,True,True,0.00013455202810874064,5.6710192097853e-12,3.249254662583129e-10,4.0567937325649135,0.9955654101995566,0.0044345898004434225,2.6131061604932744,0.19817841506842157,0.06763658425545918,1.0,0,0.0,0,0.11499999972510155,0.49508592542440427,inf,0.27005913486378064,87.0221980504297,19.213663889826748,0.8255540701869779,767.7603225180641,0.11523754503767514,0.8229055405936327,0.0,2.56,34.4,4,6,42210,8454.624000005424,308.9003834813087,308.9003834813087,0.0,0.0,0.0
SP5_MC_explicit_control_law,monte_carlo,monte_carlo_cargo_overhead_delivery_seed6659,6659,classic_decentralized_apf_push,Classic decentralized APF push,classic,decentralized,baseline,apf_push_drag,baseline_classic_decentralized_push_drag,none,distributed_apf_payload_tracking,local_obstacle_and_slot_state,0,3,False,False,greedy_capacity,push_drag,cargo,load-01,1,5,2,24.0,2,0,0.3,0.85,0.2,0.08726646259971647,0.12,77.18225262090566,7.4033954839818445,4.5,True,True,False,False,3.4082093863394256,1.513947664738264,86.74281159318944,8.066668503569565,0.33676975945017185,0.6632302405498282,7.428267446565518,1.5564387769848358,0.6389600970471835,1.0739637553015884,0,0.0,0,0.11499999999999977,0.7058454739322695,inf,0.0800009999999991,79.97448541680498,24.339286610548278,0.656631577716643,925.0500280174238,0.20670010700878091,0.7169708488596829,0.0,7.4399999999999995,77.18225262090566,2,3,6388,779.9628999782726,-134.3145124714905,305.5654122639475,-439.879924735438,1.0,1.0
SP5_MC_explicit_control_law,monte_carlo,monte_carlo_cargo_overhead_delivery_seed6659,6659,sota_centralized_cbf_push,SOTA centralized CBF push,sota,centralized,baseline,cbf_payload_push_drag,baseline_sota_centralized_push_drag,none,centralized_cbf_payload_velocity_projection,global_payload_robot_traffic_state,0,6,False,False,wrench_greedy,push_drag,cargo,load-01,1,5,2,24.0,2,0,0.3,0.85,0.2,0.08726646259971647,0.12,77.18225262090566,7.4033954839818445,4.5,True,True,False,False,6.051300726727237,0.0020168234619153402,0.11555547239071272,8.586480339861268,0.9833610648918469,0.016638935108153063,3.702871390250065,0.35689350599121117,0.522259648740712,1.0,0,0.0,0,0.11499999974839725,0.6797901148867485,inf,0.3367777941772001,107.26145127706313,21.67583158125885,0.7373163104570362,1158.4262017299604,0.27748779722793565,0.8033686546826982,0.0,5.04,77.18225262090566,4,1,12880,1304.2511000530794,-77.17357331444427,305.5654122639475,-382.73898557839175,1.0,1.0
SP5_MC_explicit_control_law,monte_carlo,monte_carlo_cargo_overhead_delivery_seed6659,6659,sota_decentralized_vo_push,SOTA decentralized VO push,sota,decentralized,baseline,velocity_obstacle_push_drag,baseline_sota_decentralized_push_drag,none,distributed_velocity_obstacle_payload_tracking,local_relative_traffic_state,0,6,False,False,cbba_wrench_score,push_drag,cargo,load-01,1,5,2,24.0,2,0,0.3,0.85,0.2,0.08726646259971647,0.12,77.18225262090566,7.4033954839818445,4.5,True,True,False,False,6.054630600219724,0.004618337705555309,0.2646112588944515,8.627272022463169,0.8647746243739566,0.13522537562604342,3.702871390250065,0.4457710031152615,0.5051868267096015,1.0,0,0.0,0,0.11499999978709385,0.5820932480847012,inf,0.26584183179787746,106.42914649036226,21.650276289876135,0.7381866149696751,1150.6781056913567,0.27590312461700545,0.7684395827399723,0.0,5.16,77.18225262090566,4,1,9196,1281.8697999464348,-88.27328926739236,305.5654122639475,-393.8387015313399,1.0,1.0
SP5_MC_explicit_control_law,monte_carlo,monte_carlo_cargo_overhead_delivery_seed6659,6659,sota_decentralized_vo_cargo,SOTA decentralized VO cargo,sota,decentralized,baseline,velocity_obstacle_cargo,baseline_sota_decentralized_cargo,none,distributed_velocity_obstacle_cargo_transport,local_relative_traffic_state,0,6,False,False,cbba_wrench_score,cargo,cargo,load-01,1,5,2,24.0,2,0,0.3,0.85,0.2,0.08726646259971647,0.12,77.18225262090566,7.4033954839818445,4.5,True,True,True,True,0.00026775735080006985,5.221778565100976e-11,2.991858733321649e-09,4.574886556183006,1.0,0.0,3.702871390250065,0.2693985166449265,0.09712959010467774,1.0,0,0.0,0,0.11499999999999855,0.5450823764227231,inf,0.12149752207475006,88.4512386703031,19.246002845059643,0.8304032944526125,966.2568648981929,0.2304221059690565,0.7859041187113353,0.0,5.16,37.8,4,1,7952,373.1145999627188,304.13128484347,305.5654122639475,-1.4341274204775232,0.004693356521773883,0.004693356521773883
SP5_MC_explicit_control_law,monte_carlo,monte_carlo_cargo_overhead_delivery_seed6659,6659,ours_tensor_game_push,Ours tensor-game push,model_based,decentralized,proposed,smooth_tensor_game_wrench_push,proposed_model_based_decentralized_push_drag,model_based_tuning_optional,distributed_tensor_game_wrench_transport,local_tensor_field_and_wrench_residual,0,9,False,False,smith_wrench_pairs_guarded,push_drag,cargo,load-01,1,5,2,24.0,2,0,0.3,0.85,0.2,0.08726646259971647,0.12,77.18225262090566,7.4033954839818445,4.5,True,True,False,False,6.040311092275547,0.0013585093982855234,0.07783685495061748,8.359312807643132,0.9966722129783694,0.0033277870216306127,3.702871390250065,0.30931139522956613,0.5424014783811374,1.0,0,0.0,0,0.11499999965314833,0.6766355120717329,inf,0.3322730557846987,105.29434401547176,21.377623223683113,0.7476015458012353,1138.0284120666365,0.2729756774789646,0.8033686546826982,0.0,4.92,77.18225262090566,4,1,9184,1341.7078000493348,-75.19940509996776,305.5654122639475,-380.76481736391526,1.0,1.0
SP5_MC_explicit_control_law,monte_carlo,monte_carlo_cargo_overhead_delivery_seed6659,6659,ours_explicit_vgne_cbf_push,Ours explicit vGNE-CBF push,model_based,decentralized,proposed,closed_form_explicit_vgne_cbf_push,proposed_model_based_decentralized_push_drag,closed_form_model_based,distributed_explicit_vgne_cbf_transport,local_contact_geometry_consensus_scalars_and_wrench_residual,0,10,False,False,support_dual_wrench_market_guarded,push_drag,cargo,load-01,1,5,2,24.0,2,0,0.3,0.85,0.2,0.08726646259971647,0.12,77.18225262090566,7.4033954839818445,4.5,True,True,False,False,4.66397084800818,0.0011949160046258456,0.0684636439376957,8.22772547580075,0.9020618556701031,0.09793814432989689,8.910384049958108,0.9476150039090109,0.7769387138904688,1.1563202611052064,0,0.0,0,0.11499999999999833,0.47542318518737453,inf,0.08000099999999954,75.37263947962533,19.914527711938568,0.8025268988930558,840.9285269432875,0.1972383082235966,0.7495604328987593,0.0,7.4399999999999995,77.18225262090566,3,2,6582,1059.0173000236973,-62.846276726828336,305.5654122639475,-368.4116889907758,1.0,1.0
SP5_MC_explicit_control_law,monte_carlo,monte_carlo_cargo_overhead_delivery_seed6659,6659,ours_explicit_vgne_cbf_cargo,Ours explicit vGNE-CBF cargo,model_based,decentralized,proposed,closed_form_explicit_vgne_cbf_cargo,proposed_model_based_decentralized_cargo,closed_form_model_based,distributed_explicit_vgne_cbf_caging_transport,local_contact_geometry_consensus_scalars_and_wrench_residual,0,10,False,False,support_dual_wrench_market_guarded,cargo,cargo,load-01,1,5,2,24.0,2,0,0.3,0.85,0.2,0.08726646259971647,0.12,77.18225262090566,7.4033954839818445,4.5,True,True,True,True,6.851537187482748e-11,2.220446049250313e-15,1.2722218725854067e-13,5.9439848372142094,0.9175257731958762,0.08247422680412375,8.910384049958108,0.8970612446720385,0.196053608945796,1.178086900984397,0,0.0,0,0.11499999999999821,0.8684607094433594,inf,0.08000099999999999,68.21931499017586,17.828855378328782,0.8964088736177732,759.6964638614361,0.1790711971842025,0.7658552249182975,0.0,7.4399999999999995,45.96,3,2,6484,495.8721000002697,296.29911418842266,305.5654122639475,-9.266298075524844,0.03032508819264077,0.03032508819264077
SP5_MC_explicit_control_law,monte_carlo,monte_carlo_cargo_overhead_delivery_seed6659,6659,ours_hamiltonian_cargo,Ours Hamiltonian cargo,model_based,decentralized,proposed,hamiltonian_tensor_cargo,proposed_model_based_decentralized_cargo,model_based_tuning_optional,distributed_hamiltonian_cargo_transport,local_energy_wrench_formation_game,0,9,False,False,support_dual_wrench_market_guarded,cargo,cargo,load-01,1,5,2,24.0,2,0,0.3,0.85,0.2,0.08726646259971647,0.12,77.18225262090566,7.4033954839818445,4.5,True,True,True,True,0.00037437907828684114,1.304778507460469e-11,7.475830167686366e-10,6.0303430567482,0.9209621993127147,0.07903780068728528,8.910384049958108,0.895620457854107,0.18217386038772132,1.0104573268451773,0,0.0,0,0.11499999988367293,0.9184988792329261,inf,0.23279522531954844,72.65995383798706,19.267231805878787,0.8294883421034824,811.1028116248714,0.19038089354774154,0.7658552249182975,0.0,7.4399999999999995,45.6,3,2,6480,396.81549998931587,295.47601409243237,305.5654122639475,-10.089398171515143,0.03301878343089406,0.03301878343089406
SP5_MC_explicit_control_law,monte_carlo,monte_carlo_cargo_overhead_delivery_seed6659,6659,reference_centralized_mpc_cbf_cargo,Reference centralized MPC-CBF cargo,model_based_reference,centralized,reference,time_expanded_mpc_cbf_cargo,reference_model_based_reference_centralized_cargo,none,centralized_reference_mpc_cbf_cargo,global_state_and_time_expanded_constraints,0,10,False,False,wrench_oracle,cargo,cargo,load-01,1,5,2,24.0,2,0,0.3,0.85,0.2,0.08726646259971647,0.12,77.18225262090566,7.4033954839818445,4.5,True,True,True,True,5.0192369681596136e-05,1.4166445794216997e-13,8.116775547094895e-12,4.212681426849324,0.9983818770226537,0.0016181229773463146,3.0371979981294612,0.18670218637209085,0.0702650824949556,1.0,0,0.0,0,0.3648600539897061,0.6891038031879577,inf,0.2627069513142106,87.06932560886267,19.335412136345074,0.82656340888335,952.3279760233013,0.2249853374906014,0.8382977266254242,0.0,3.0,36.24,4,1,12880,450.2337999874726,305.5654122639475,305.5654122639475,0.0,0.0,0.0
SP5_MC_explicit_control_law,monte_carlo,monte_carlo_formation_corridor_push_seed6660,6660,classic_decentralized_apf_push,Classic decentralized APF push,classic,decentralized,baseline,apf_push_drag,baseline_classic_decentralized_push_drag,none,distributed_apf_payload_tracking,local_obstacle_and_slot_state,0,3,False,False,greedy_capacity,push_drag,push_drag,load-01,1,6,2,24.0,2,2,0.3,0.85,0.2,0.08726646259971647,0.16,79.27916883533263,6.1267447028071835,inf,True,True,False,False,2.23288195657589,1.2884416707206081,73.82226988107539,7.2435816573378045,0.42669584245076586,0.5733041575492341,10.430086680024353,2.0707265548933846,0.5908318063546986,1.044763670185012,0,0.0,0,0.11499999999999855,0.11499994449147871,0.1149999999999996,0.08000099999999954,62.52990458562978,19.11827569226512,0.8194610569377849,618.2949537746913,0.12563942634649397,0.6371412349443393,0.0,6.24,79.27916883533263,2,4,14880,848.1794000836089,-105.88608154654034,296.053627899449,-401.93970944598937,1.0,1.0
SP5_MC_explicit_control_law,monte_carlo,monte_carlo_formation_corridor_push_seed6660,6660,sota_centralized_cbf_push,SOTA centralized CBF push,sota,centralized,baseline,cbf_payload_push_drag,baseline_sota_centralized_push_drag,none,centralized_cbf_payload_velocity_projection,global_payload_robot_traffic_state,0,6,False,False,wrench_greedy,push_drag,push_drag,load-01,1,6,2,24.0,2,2,0.3,0.85,0.2,0.08726646259971647,0.16,79.27916883533263,6.1267447028071835,inf,True,True,False,False,10.872256518921269,1.193840271085378e-08,6.840200894594624e-07,11.356848613079013,0.9678111587982833,0.03218884120171672,4.273287343643458,0.3417496213553485,0.8405453505029878,1.0,0,0.0,0,0.11499999999999932,0.11499994449147871,0.11499999999999927,0.23771435036585786,61.00204391017214,10.032827791132881,1.0,611.2803167133833,0.11934230827416077,0.7646764217308674,0.0,4.8,79.27916883533263,4,2,14880,1116.9792999280617,-108.6833571302368,296.053627899449,-404.7369850296858,1.0,1.0
SP5_MC_explicit_control_law,monte_carlo,monte_carlo_formation_corridor_push_seed6660,6660,sota_decentralized_vo_push,SOTA decentralized VO push,sota,decentralized,baseline,velocity_obstacle_push_drag,baseline_sota_decentralized_push_drag,none,distributed_velocity_obstacle_payload_tracking,local_relative_traffic_state,0,6,False,False,cbba_wrench_score,push_drag,push_drag,load-01,1,6,2,24.0,2,2,0.3,0.85,0.2,0.08726646259971647,0.16,79.27916883533263,6.1267447028071835,inf,True,True,False,False,4.082929459607723,0.010373064493854667,0.5943328161148799,9.224414546787065,0.9483870967741935,0.05161290322580647,4.273287343643458,0.3956645454751192,0.7345019879551783,1.0,0,0.0,0,0.11499999963417773,0.11499994449147871,0.08000099999999932,0.08000099999999932,110.11846869083412,21.32538479043268,0.7346494592979238,1122.762602940538,0.22209081509688117,0.731429620786047,0.0,4.96,79.27916883533263,4,2,14880,1249.8003999935463,-64.59015832994658,296.053627899449,-360.6437862293956,1.0,1.0
SP5_MC_explicit_control_law,monte_carlo,monte_carlo_formation_corridor_push_seed6660,6660,sota_decentralized_vo_cargo,SOTA decentralized VO cargo,sota,decentralized,baseline,velocity_obstacle_cargo,baseline_sota_decentralized_cargo,none,distributed_velocity_obstacle_cargo_transport,local_relative_traffic_state,0,6,False,False,cbba_wrench_score,cargo,push_drag,load-01,1,6,2,24.0,2,2,0.3,0.85,0.2,0.08726646259971647,0.16,79.27916883533263,6.1267447028071835,inf,True,True,True,True,0.0005411218614579181,2.527618114811503e-10,1.4482185019951267e-08,4.612538072379108,1.0,0.0,4.273287343643458,0.30133742162298927,0.09609254884924638,1.0,0,0.0,0,0.11499999999999866,0.11499994449147871,0.08000099999999943,0.08000099999999943,95.26627613507564,19.838760935078994,0.7897006499992462,989.7922699570997,0.19108156455176747,0.7480530212584572,0.0,4.96,41.6,4,2,14880,598.5618999693543,299.7696929548984,296.053627899449,3.7160650554494055,0.0,0.0
SP5_MC_explicit_control_law,monte_carlo,monte_carlo_formation_corridor_push_seed6660,6660,ours_tensor_game_push,Ours tensor-game push,model_based,decentralized,proposed,smooth_tensor_game_wrench_push,proposed_model_based_decentralized_push_drag,model_based_tuning_optional,distributed_tensor_game_wrench_transport,local_tensor_field_and_wrench_residual,0,9,False,False,smith_wrench_pairs_guarded,push_drag,push_drag,load-01,1,6,2,24.0,2,2,0.3,0.85,0.2,0.08726646259971647,0.16,79.27916883533263,6.1267447028071835,inf,True,True,False,False,10.804182644966506,2.890267847277528e-08,1.6560014931136434e-06,11.289708108070707,0.9699570815450643,0.030042918454935674,4.273287343643458,0.3325133675045472,0.8651823822202611,1.0,0,0.0,0,0.11499999999999899,0.11499994449147871,0.11499999999999927,0.23875393636745046,76.40026621410554,9.970713801691954,1.0,789.8401830082505,0.15161311386545748,0.7646764217308674,0.0,4.8,79.27916883533263,4,2,14880,1271.4973000111058,-112.78122831930312,296.053627899449,-408.8348562187521,1.0,1.0
SP5_MC_explicit_control_law,monte_carlo,monte_carlo_formation_corridor_push_seed6660,6660,ours_explicit_vgne_cbf_push,Ours explicit vGNE-CBF push,model_based,decentralized,proposed,closed_form_explicit_vgne_cbf_push,proposed_model_based_decentralized_push_drag,closed_form_model_based,distributed_explicit_vgne_cbf_transport,local_contact_geometry_consensus_scalars_and_wrench_residual,0,10,False,False,support_dual_wrench_market_guarded,push_drag,push_drag,load-01,1,6,2,24.0,2,2,0.3,0.85,0.2,0.08726646259971647,0.16,79.27916883533263,6.1267447028071835,inf,True,True,False,False,4.018418065320184,0.008865854876364043,0.50797606619114,7.911267488533488,0.7943107221006565,0.20568927789934355,11.426793332695203,1.4845709286119004,0.840313731008262,1.1722715682463714,0,0.0,0,0.11499999999999966,0.11499994449147871,0.08000099999999899,0.08000099999999899,76.37682062113801,19.239833618129087,0.8142836739944215,782.6711868675918,0.15373399243124317,0.666102200169082,0.0,6.24,79.27916883533263,3,3,14880,1137.8133000107482,-68.46508795680927,296.053627899449,-364.51871585625827,1.0,1.0
SP5_MC_explicit_control_law,monte_carlo,monte_carlo_formation_corridor_push_seed6660,6660,ours_explicit_vgne_cbf_cargo,Ours explicit vGNE-CBF cargo,model_based,decentralized,proposed,closed_form_explicit_vgne_cbf_cargo,proposed_model_based_decentralized_cargo,closed_form_model_based,distributed_explicit_vgne_cbf_caging_transport,local_contact_geometry_consensus_scalars_and_wrench_residual,0,10,False,False,support_dual_wrench_market_guarded,cargo,push_drag,load-01,1,6,2,24.0,2,2,0.3,0.85,0.2,0.08726646259971647,0.16,79.27916883533263,6.1267447028071835,inf,True,True,True,True,1.3138774879868787e-11,4.440892098500626e-16,2.5444437451708134e-14,5.847771836658911,0.8730853391684902,0.12691466083150982,11.426793332695203,1.337812060394664,0.23534867399521853,1.2368597306770506,0,0.0,0,0.4384222580850624,0.11499994449147871,0.1149999999999996,0.35883299521094814,62.24836013915494,15.719911612436357,0.9966138991021609,637.2715169211612,0.12440288355433164,0.6805826827814532,0.0,6.24,44.96,3,3,14880,742.4992000451311,295.3711441927866,296.053627899449,-0.6824837066624241,0.002305270540019261,0.002305270540019261
SP5_MC_explicit_control_law,monte_carlo,monte_carlo_formation_corridor_push_seed6660,6660,ours_hamiltonian_cargo,Ours Hamiltonian cargo,model_based,decentralized,proposed,hamiltonian_tensor_cargo,proposed_model_based_decentralized_cargo,model_based_tuning_optional,distributed_hamiltonian_cargo_transport,local_energy_wrench_formation_game,0,9,False,False,support_dual_wrench_market_guarded,cargo,push_drag,load-01,1,6,2,24.0,2,2,0.3,0.85,0.2,0.08726646259971647,0.16,79.27916883533263,6.1267447028071835,inf,True,True,True,True,0.00040824435617991465,1.482316491774327e-10,8.493047888130755e-09,5.860516913543382,0.8730853391684902,0.12691466083150982,11.426793332695203,1.3412387273742392,0.21119898123650102,1.0112419012886678,0,0.0,0,0.43850358985012605,0.11499994449147871,0.1149999999999996,0.3771287861030681,65.99270915829545,17.008258453439474,0.9211220801059358,678.1427322602609,0.13224937931305072,0.6805826827814532,0.0,6.24,44.0,3,3,14880,701.5614999691024,294.92303258351654,296.053627899449,-1.130595315932453,0.0038188868819281825,0.0038188868819281825
SP5_MC_explicit_control_law,monte_carlo,monte_carlo_formation_corridor_push_seed6660,6660,reference_centralized_mpc_cbf_cargo,Reference centralized MPC-CBF cargo,model_based_reference,centralized,reference,time_expanded_mpc_cbf_cargo,reference_model_based_reference_centralized_cargo,none,centralized_reference_mpc_cbf_cargo,global_state_and_time_expanded_constraints,0,10,False,False,wrench_oracle,cargo,push_drag,load-01,1,6,2,24.0,2,2,0.3,0.85,0.2,0.08726646259971647,0.16,79.27916883533263,6.1267447028071835,inf,True,True,True,True,0.00021693564472760488,7.16315895488151e-13,4.104187760960522e-11,4.494263727964507,1.0,0.0,2.706256317122995,0.18497143312947342,0.07468492050931351,1.0,0,0.0,1,0.2669018942150171,0.11499994449147871,0.08000099999999943,0.07999751052694526,105.06013192270049,22.592059057881198,0.6934596959698652,1082.7996611374574,0.21156586524681634,0.7979232226756876,0.0,3.04,42.72,4,2,14880,1694.3737999536097,296.053627899449,296.053627899449,0.0,0.0,0.0
SP5_MC_explicit_control_law,monte_carlo,monte_carlo_multi_group_crossing_push_seed6661,6661,classic_decentralized_apf_push,Classic decentralized APF push,classic,decentralized,baseline,apf_push_drag,baseline_classic_decentralized_push_drag,none,distributed_apf_payload_tracking,local_obstacle_and_slot_state,0,3,False,False,greedy_capacity,push_drag,push_drag,load-01,1,8,3,24.0,0,2,0.3,0.85,0.2,0.08726646259971647,0.16,78.7856395938853,7.285731197417694,4.5,True,True,False,False,12.505244679369358,1.6562420363665185,94.89567853595452,13.891915764655367,0.7046979865771812,0.2953020134228188,15.934000787897833,2.878336240755272,0.9747486240374145,1.0201962121858053,0,0.0,0,0.11499999999999955,inf,0.11500000000000005,3.4397107548607275,27.874213212953755,5.056364049210923,1.0,328.3799728334895,0.04372248648266475,0.7173269708474759,0.0,7.36,78.7856395938853,2,6,9658,1071.5193999931216,-168.46039779183684,292.9889326446505,-461.44933043648734,1.0,1.0
SP5_MC_explicit_control_law,monte_carlo,monte_carlo_multi_group_crossing_push_seed6661,6661,sota_centralized_cbf_push,SOTA centralized CBF push,sota,centralized,baseline,cbf_payload_push_drag,baseline_sota_centralized_push_drag,none,centralized_cbf_payload_velocity_projection,global_payload_robot_traffic_state,0,6,False,False,wrench_greedy,push_drag,push_drag,load-01,1,8,3,24.0,0,2,0.3,0.85,0.2,0.08726646259971647,0.16,78.7856395938853,7.285731197417694,4.5,True,True,False,False,4.750313527755168,6.229133521218344e-05,0.0035690306078927634,10.374317840816012,0.7002237136465325,0.29977628635346754,18.340319856787694,3.6490013714626324,0.6816777396633488,1.0067672229058104,0,0.0,0,0.11499999974899289,inf,0.11500000000000005,0.15696756123505917,102.05778166266757,17.65987692851209,0.8875105496296856,1166.0153224362748,0.16111547763120168,0.799948348522341,0.0,7.36,78.7856395938853,4,4,27608,1278.8922999752685,-92.68450446133917,292.9889326446505,-385.6734371059897,1.0,1.0
SP5_MC_explicit_control_law,monte_carlo,monte_carlo_multi_group_crossing_push_seed6661,6661,sota_decentralized_vo_push,SOTA decentralized VO push,sota,decentralized,baseline,velocity_obstacle_push_drag,baseline_sota_decentralized_push_drag,none,distributed_velocity_obstacle_payload_tracking,local_relative_traffic_state,0,6,False,False,cbba_wrench_score,push_drag,push_drag,load-01,1,8,3,24.0,0,2,0.3,0.85,0.2,0.08726646259971647,0.16,78.7856395938853,7.285731197417694,4.5,True,True,False,False,7.102958751208923,1.913846656842466e-05,0.0010965533607229566,10.512629963319903,0.6196868008948546,0.3803131991051454,12.01926211537773,1.6689615249010032,0.6558630409380518,1.006339022344647,0,0.0,0,0.11499999963016183,inf,0.08000099999999788,0.08000099999999788,118.65528510770142,21.912567624105208,0.7152665697640436,1349.8417675357591,0.19129036161614926,0.7651679855431088,0.0,7.36,78.7856395938853,4,4,9056,1123.2459999155253,-126.70200939349668,292.9889326446505,-419.69094203814717,1.0,1.0
SP5_MC_explicit_control_law,monte_carlo,monte_carlo_multi_group_crossing_push_seed6661,6661,sota_decentralized_vo_cargo,SOTA decentralized VO cargo,sota,decentralized,baseline,velocity_obstacle_cargo,baseline_sota_decentralized_cargo,none,distributed_velocity_obstacle_cargo_transport,local_relative_traffic_state,0,6,False,False,cbba_wrench_score,cargo,push_drag,load-01,1,8,3,24.0,0,2,0.3,0.85,0.2,0.08726646259971647,0.16,78.7856395938853,7.285731197417694,4.5,True,True,True,True,0.0009720876409893758,3.39239303315253e-09,1.9436980324922392e-07,5.730275426765033,0.9105145413870246,0.08948545861297541,12.01926211537773,1.2432611956855333,0.19237722763220058,1.0072092717355359,0,0.0,0,0.11499999979484654,inf,0.10885279788259106,0.10885279788259106,93.42917514818475,17.967337161501124,0.8723233130393877,1068.7640190487807,0.1506866172197593,0.782558167032725,0.0,7.36,44.160000000000004,4,4,10796,632.2922999970615,288.72771282667674,292.9889326446505,-4.2612198179737675,0.014543961710464869,0.014543961710464869
SP5_MC_explicit_control_law,monte_carlo,monte_carlo_multi_group_crossing_push_seed6661,6661,ours_tensor_game_push,Ours tensor-game push,model_based,decentralized,proposed,smooth_tensor_game_wrench_push,proposed_model_based_decentralized_push_drag,model_based_tuning_optional,distributed_tensor_game_wrench_transport,local_tensor_field_and_wrench_residual,0,9,False,False,smith_wrench_pairs_guarded,push_drag,push_drag,load-01,1,8,3,24.0,0,2,0.3,0.85,0.2,0.08726646259971647,0.16,78.7856395938853,7.285731197417694,4.5,True,True,False,False,4.508826168049851,1.6886887443945398e-09,9.675473796505338e-08,6.926624454781805,1.0,0.0,3.6297597962288,0.22314667085080286,0.4302101248757742,1.0,0,0.0,0,0.11499999999999899,inf,0.11500000000000005,0.5711114191590335,81.65034078163085,17.61316559655203,0.8898642889205899,899.0691135610896,0.1288075296964531,0.799948348522341,0.0,3.52,78.7856395938853,4,4,11996,1453.5900000482798,-55.15455594168566,292.9889326446505,-348.14348858633616,1.0,1.0
SP5_MC_explicit_control_law,monte_carlo,monte_carlo_multi_group_crossing_push_seed6661,6661,ours_explicit_vgne_cbf_push,Ours explicit vGNE-CBF push,model_based,decentralized,proposed,closed_form_explicit_vgne_cbf_push,proposed_model_based_decentralized_push_drag,closed_form_model_based,distributed_explicit_vgne_cbf_transport,local_contact_geometry_consensus_scalars_and_wrench_residual,0,10,False,False,support_dual_wrench_market_guarded,push_drag,push_drag,load-01,1,8,3,24.0,0,2,0.3,0.85,0.2,0.08726646259971647,0.16,78.7856395938853,7.285731197417694,4.5,True,True,False,False,4.0725945285166905,0.00047389842892053835,0.027152379895027282,9.765558803948114,0.6957494407158836,0.3042505592841164,18.340319856787694,3.631074911718171,0.9068156969602511,1.2084771352750359,0,0.0,0,0.11499999964836227,inf,0.11500000000000005,0.7119777218086518,82.6726583117015,18.553934261074485,0.8447441312810119,997.844029429901,0.13053672879002712,0.799948348522341,0.0,7.36,78.7856395938853,3,5,9636,981.7330000223592,-81.5101206050409,292.9889326446505,-374.4990532496914,1.0,1.0
SP5_MC_explicit_control_law,monte_carlo,monte_carlo_multi_group_crossing_push_seed6661,6661,ours_explicit_vgne_cbf_cargo,Ours explicit vGNE-CBF cargo,model_based,decentralized,proposed,closed_form_explicit_vgne_cbf_cargo,proposed_model_based_decentralized_cargo,closed_form_model_based,distributed_explicit_vgne_cbf_caging_transport,local_contact_geometry_consensus_scalars_and_wrench_residual,0,10,False,False,support_dual_wrench_market_guarded,cargo,push_drag,load-01,1,8,3,24.0,0,2,0.3,0.85,0.2,0.08726646259971647,0.16,78.7856395938853,7.285731197417694,4.5,True,True,True,False,5.487323763911119e-08,1.7319479184152442e-14,9.923330606166172e-13,8.238688513917557,0.7114093959731543,0.28859060402684567,18.340319856787694,3.5286920926755885,0.41998910649009125,1.2368597306770508,0,0.0,0,0.11499999999999888,inf,0.11500000000000005,1.7217133023145375,72.08171524357982,15.685153693080323,0.9992459994912787,865.9710957082219,0.11421726874706707,0.817338530011957,0.0,7.36,56.800000000000004,3,5,10416,881.995200063102,56.61753023124718,292.9889326446505,-236.37140241340333,0.806758809214424,0.806758809214424
SP5_MC_explicit_control_law,monte_carlo,monte_carlo_multi_group_crossing_push_seed6661,6661,ours_hamiltonian_cargo,Ours Hamiltonian cargo,model_based,decentralized,proposed,hamiltonian_tensor_cargo,proposed_model_based_decentralized_cargo,model_based_tuning_optional,distributed_hamiltonian_cargo_transport,local_energy_wrench_formation_game,0,9,False,False,support_dual_wrench_market_guarded,cargo,push_drag,load-01,1,8,3,24.0,0,2,0.3,0.85,0.2,0.08726646259971647,0.16,78.7856395938853,7.285731197417694,4.5,True,True,True,False,0.00201324930046205,2.0829263203125947e-08,1.193428871906263e-06,8.250096638118238,0.7158836689038032,0.28411633109619683,18.340319856787694,3.523883989364866,0.3632774565996241,1.011241901288668,0,0.0,0,0.11499999999999855,inf,0.11500000000000005,1.7330760918328945,75.91271450925095,16.9768227509916,0.923219103427401,915.09405949516,0.12011104135054074,0.817338530011957,0.0,7.36,55.84,3,5,10354,758.9203999377787,56.46541160162331,292.9889326446505,-236.5235210430272,0.8072780050360913,0.8072780050360913
SP5_MC_explicit_control_law,monte_carlo,monte_carlo_multi_group_crossing_push_seed6661,6661,reference_centralized_mpc_cbf_cargo,Reference centralized MPC-CBF cargo,model_based_reference,centralized,reference,time_expanded_mpc_cbf_cargo,reference_model_based_reference_centralized_cargo,none,centralized_reference_mpc_cbf_cargo,global_state_and_time_expanded_constraints,0,10,False,False,wrench_oracle,cargo,push_drag,load-01,1,8,3,24.0,0,2,0.3,0.85,0.2,0.08726646259971647,0.16,78.7856395938853,7.285731197417694,4.5,True,True,True,True,0.0003648094154224254,9.814371537686384e-13,5.623220676827498e-11,4.568582798780755,1.0,0.0,2.708118441423985,0.1756899364498762,0.07745963140046055,1.0,0,0.0,0,0.11499999999999921,inf,0.08000099999999577,0.08000099999999577,105.39481324527941,23.646304490592698,0.6628235327618213,1203.0598072035589,0.1658337069673348,0.8347287115015731,0.0,2.88,44.800000000000004,4,4,27608,4233.393199974671,292.9889326446505,292.9889326446505,0.0,0.0,0.0
