campaign_id,experiment,world_key,world_seed,scenario,N,K,capacity_cv,pressure,oracle_status,oracle_objective,oracle_bound,oracle_gap,oracle_runtime_s,oracle_feasible,oracle_certified,method,feasible,distance_cost,runtime_ms,messages,bytes,utility_messages,value_messages,utility_entries,induced_width,profiles_evaluated,method_family,optimality_gap
SP1_N4_DISTRIBUTED_FAMILY_v2,E5_DPOP_SMALL,E5_DPOP:N6:K2:uniform:cv0.35:p0.7:r0,3078339308,uniform,6,2,0.35,0.7,OPTIMAL,213.843323596999,213.843323596999,0.0,0.0069407999981194735,True,True,dpop_exact_small,True,213.843323596999,3.7081000045873225,10.0,2944.0,5.0,5.0,363.0,5.0,729.0,EXACT_DISTRIBUTED,0.0
SP1_N4_DISTRIBUTED_FAMILY_v2,E5_DPOP_SMALL,E5_DPOP:N6:K2:uniform:cv0.35:p0.7:r0,3078339308,uniform,6,2,0.35,0.7,OPTIMAL,213.843323596999,213.843323596999,0.0,0.0069407999981194735,True,True,milp_highs,True,213.843323596999,6.9407999981194735,,,,,,,,CENTRAL_ORACLE,0.0
SP1_N4_DISTRIBUTED_FAMILY_v2,E5_DPOP_SMALL,E5_DPOP:N6:K2:uniform:cv0.35:p0.7:r0,3078339308,uniform,6,2,0.35,0.7,OPTIMAL,213.843323596999,213.843323596999,0.0,0.0069407999981194735,True,True,geo_qpg_u,True,314.33845707542065,1.5944000042509288,43.0,1456.0,,,,,,N4_ATOMIC,0.4699474914064231
SP1_N4_DISTRIBUTED_FAMILY_v2,E5_DPOP_SMALL,E5_DPOP:N6:K2:uniform:cv0.35:p0.7:r0,3078339308,uniform,6,2,0.35,0.7,OPTIMAL,213.843323596999,213.843323596999,0.0,0.0069407999981194735,True,True,geo_qpg_p,True,275.81171582848015,5.053400003816932,125.0,4684.0,,,,,,N4_ATOMIC,0.28978408672820866
SP1_N4_DISTRIBUTED_FAMILY_v2,E5_DPOP_SMALL,E5_DPOP:N6:K2:uniform:cv0.35:p0.7:r0,3078339308,uniform,6,2,0.35,0.7,OPTIMAL,213.843323596999,213.843323596999,0.0,0.0069407999981194735,True,True,geo_qpg_c3,True,213.843323596999,11.767199990572408,292.0,11384.0,,,,,,N4_ATOMIC,0.0
SP1_N4_DISTRIBUTED_FAMILY_v2,E5_DPOP_SMALL,E5_DPOP:N6:K2:uniform:cv0.35:p0.7:r0,3078339308,uniform,6,2,0.35,0.7,OPTIMAL,213.843323596999,213.843323596999,0.0,0.0069407999981194735,True,True,geo_qpg_d,True,292.4608949468775,6.857300002593547,211.0,7692.0,,,,,,N4_ATOMIC,0.3676409907378646
SP1_N4_DISTRIBUTED_FAMILY_v2,E5_DPOP_SMALL,E5_DPOP:N6:K2:uniform:cv0.35:p0.7:r1,1922372963,uniform,6,2,0.35,0.7,OPTIMAL,169.0942362710231,169.0942362710231,0.0,0.004442899982677773,True,True,dpop_exact_small,True,169.0942362710231,3.4605000109877437,10.0,2944.0,5.0,5.0,363.0,5.0,729.0,EXACT_DISTRIBUTED,0.0
SP1_N4_DISTRIBUTED_FAMILY_v2,E5_DPOP_SMALL,E5_DPOP:N6:K2:uniform:cv0.35:p0.7:r1,1922372963,uniform,6,2,0.35,0.7,OPTIMAL,169.0942362710231,169.0942362710231,0.0,0.004442899982677773,True,True,milp_highs,True,169.0942362710231,4.442899982677773,,,,,,,,CENTRAL_ORACLE,0.0
SP1_N4_DISTRIBUTED_FAMILY_v2,E5_DPOP_SMALL,E5_DPOP:N6:K2:uniform:cv0.35:p0.7:r1,1922372963,uniform,6,2,0.35,0.7,OPTIMAL,169.0942362710231,169.0942362710231,0.0,0.004442899982677773,True,True,geo_qpg_u,True,210.22621686468818,1.4192999806255102,35.0,1220.0,,,,,,N4_ATOMIC,0.24324886229557235
SP1_N4_DISTRIBUTED_FAMILY_v2,E5_DPOP_SMALL,E5_DPOP:N6:K2:uniform:cv0.35:p0.7:r1,1922372963,uniform,6,2,0.35,0.7,OPTIMAL,169.0942362710231,169.0942362710231,0.0,0.004442899982677773,True,True,geo_qpg_p,True,169.0942362710231,6.686599983368069,143.0,5424.0,,,,,,N4_ATOMIC,0.0
SP1_N4_DISTRIBUTED_FAMILY_v2,E5_DPOP_SMALL,E5_DPOP:N6:K2:uniform:cv0.35:p0.7:r1,1922372963,uniform,6,2,0.35,0.7,OPTIMAL,169.0942362710231,169.0942362710231,0.0,0.004442899982677773,True,True,geo_qpg_c3,True,169.0942362710231,13.107100006891415,319.0,12464.0,,,,,,N4_ATOMIC,0.0
SP1_N4_DISTRIBUTED_FAMILY_v2,E5_DPOP_SMALL,E5_DPOP:N6:K2:uniform:cv0.35:p0.7:r1,1922372963,uniform,6,2,0.35,0.7,OPTIMAL,169.0942362710231,169.0942362710231,0.0,0.004442899982677773,True,True,geo_qpg_d,True,169.0942362710231,8.789799991063774,240.0,8896.0,,,,,,N4_ATOMIC,0.0
SP1_N4_DISTRIBUTED_FAMILY_v2,E5_DPOP_SMALL,E5_DPOP:N6:K2:uniform:cv0.35:p0.7:r2,2878508110,uniform,6,2,0.35,0.7,OPTIMAL,178.01798585820734,178.01798585820734,0.0,0.002806800010148436,True,True,dpop_exact_small,True,178.01798585820734,4.233599989674985,10.0,2944.0,5.0,5.0,363.0,5.0,729.0,EXACT_DISTRIBUTED,0.0
SP1_N4_DISTRIBUTED_FAMILY_v2,E5_DPOP_SMALL,E5_DPOP:N6:K2:uniform:cv0.35:p0.7:r2,2878508110,uniform,6,2,0.35,0.7,OPTIMAL,178.01798585820734,178.01798585820734,0.0,0.002806800010148436,True,True,milp_highs,True,178.01798585820734,2.806800010148436,,,,,,,,CENTRAL_ORACLE,0.0
SP1_N4_DISTRIBUTED_FAMILY_v2,E5_DPOP_SMALL,E5_DPOP:N6:K2:uniform:cv0.35:p0.7:r2,2878508110,uniform,6,2,0.35,0.7,OPTIMAL,178.01798585820734,178.01798585820734,0.0,0.002806800010148436,True,True,geo_qpg_u,True,262.95531897683304,1.583100005518645,49.0,1708.0,,,,,,N4_ATOMIC,0.4771278177828555
SP1_N4_DISTRIBUTED_FAMILY_v2,E5_DPOP_SMALL,E5_DPOP:N6:K2:uniform:cv0.35:p0.7:r2,2878508110,uniform,6,2,0.35,0.7,OPTIMAL,178.01798585820734,178.01798585820734,0.0,0.002806800010148436,True,True,geo_qpg_p,True,178.01798585820734,6.457499985117465,185.0,7312.0,,,,,,N4_ATOMIC,0.0
SP1_N4_DISTRIBUTED_FAMILY_v2,E5_DPOP_SMALL,E5_DPOP:N6:K2:uniform:cv0.35:p0.7:r2,2878508110,uniform,6,2,0.35,0.7,OPTIMAL,178.01798585820734,178.01798585820734,0.0,0.002806800010148436,True,True,geo_qpg_c3,True,178.01798585820734,12.855200009653345,329.0,13072.0,,,,,,N4_ATOMIC,0.0
SP1_N4_DISTRIBUTED_FAMILY_v2,E5_DPOP_SMALL,E5_DPOP:N6:K2:uniform:cv0.35:p0.7:r2,2878508110,uniform,6,2,0.35,0.7,OPTIMAL,178.01798585820734,178.01798585820734,0.0,0.002806800010148436,True,True,geo_qpg_d,True,178.01798585820734,7.543899992015213,246.0,8892.0,,,,,,N4_ATOMIC,0.0
SP1_N4_DISTRIBUTED_FAMILY_v2,E5_DPOP_SMALL,E5_DPOP:N6:K2:uniform:cv0.35:p0.7:r3,2871807150,uniform,6,2,0.35,0.7,OPTIMAL,141.89985981278613,141.89985981278613,0.0,0.0014291999978013337,True,True,dpop_exact_small,True,141.89985981278613,3.6139000148978084,10.0,2944.0,5.0,5.0,363.0,5.0,729.0,EXACT_DISTRIBUTED,0.0
SP1_N4_DISTRIBUTED_FAMILY_v2,E5_DPOP_SMALL,E5_DPOP:N6:K2:uniform:cv0.35:p0.7:r3,2871807150,uniform,6,2,0.35,0.7,OPTIMAL,141.89985981278613,141.89985981278613,0.0,0.0014291999978013337,True,True,milp_highs,True,141.89985981278613,1.4291999978013337,,,,,,,,CENTRAL_ORACLE,0.0
SP1_N4_DISTRIBUTED_FAMILY_v2,E5_DPOP_SMALL,E5_DPOP:N6:K2:uniform:cv0.35:p0.7:r3,2871807150,uniform,6,2,0.35,0.7,OPTIMAL,141.89985981278613,141.89985981278613,0.0,0.0014291999978013337,True,True,geo_qpg_u,True,192.87977245409223,1.1723999923560768,37.0,1304.0,,,,,,N4_ATOMIC,0.3592668287943754
SP1_N4_DISTRIBUTED_FAMILY_v2,E5_DPOP_SMALL,E5_DPOP:N6:K2:uniform:cv0.35:p0.7:r3,2871807150,uniform,6,2,0.35,0.7,OPTIMAL,141.89985981278613,141.89985981278613,0.0,0.0014291999978013337,True,True,geo_qpg_p,True,141.89985981278616,6.552999984705821,139.0,5368.0,,,,,,N4_ATOMIC,2.0029413325638128e-16
SP1_N4_DISTRIBUTED_FAMILY_v2,E5_DPOP_SMALL,E5_DPOP:N6:K2:uniform:cv0.35:p0.7:r3,2871807150,uniform,6,2,0.35,0.7,OPTIMAL,141.89985981278613,141.89985981278613,0.0,0.0014291999978013337,True,True,geo_qpg_c3,True,141.89985981278616,11.87650000792928,299.0,11768.0,,,,,,N4_ATOMIC,2.0029413325638128e-16
SP1_N4_DISTRIBUTED_FAMILY_v2,E5_DPOP_SMALL,E5_DPOP:N6:K2:uniform:cv0.35:p0.7:r3,2871807150,uniform,6,2,0.35,0.7,OPTIMAL,141.89985981278613,141.89985981278613,0.0,0.0014291999978013337,True,True,geo_qpg_d,True,141.89985981278616,6.221699994057417,155.0,5500.0,,,,,,N4_ATOMIC,2.0029413325638128e-16
SP1_N4_DISTRIBUTED_FAMILY_v2,E5_DPOP_SMALL,E5_DPOP:N6:K2:uniform:cv0.35:p0.7:r4,27355504,uniform,6,2,0.35,0.7,OPTIMAL,232.38417471004578,232.38417471004578,0.0,0.002371699985815212,True,True,dpop_exact_small,True,232.38417471004576,3.920599992852658,10.0,2944.0,5.0,5.0,363.0,5.0,729.0,EXACT_DISTRIBUTED,-1.2230484053342622e-16
SP1_N4_DISTRIBUTED_FAMILY_v2,E5_DPOP_SMALL,E5_DPOP:N6:K2:uniform:cv0.35:p0.7:r4,27355504,uniform,6,2,0.35,0.7,OPTIMAL,232.38417471004578,232.38417471004578,0.0,0.002371699985815212,True,True,milp_highs,True,232.38417471004578,2.371699985815212,,,,,,,,CENTRAL_ORACLE,0.0
SP1_N4_DISTRIBUTED_FAMILY_v2,E5_DPOP_SMALL,E5_DPOP:N6:K2:uniform:cv0.35:p0.7:r4,27355504,uniform,6,2,0.35,0.7,OPTIMAL,232.38417471004578,232.38417471004578,0.0,0.002371699985815212,True,True,geo_qpg_u,True,273.0879421327024,1.6434999997727573,49.0,1708.0,,,,,,N4_ATOMIC,0.17515722606087172
SP1_N4_DISTRIBUTED_FAMILY_v2,E5_DPOP_SMALL,E5_DPOP:N6:K2:uniform:cv0.35:p0.7:r4,27355504,uniform,6,2,0.35,0.7,OPTIMAL,232.38417471004578,232.38417471004578,0.0,0.002371699985815212,True,True,geo_qpg_p,True,232.38417471004573,6.3382999796886,134.0,5064.0,,,,,,N4_ATOMIC,-2.4460968106685243e-16
SP1_N4_DISTRIBUTED_FAMILY_v2,E5_DPOP_SMALL,E5_DPOP:N6:K2:uniform:cv0.35:p0.7:r4,27355504,uniform,6,2,0.35,0.7,OPTIMAL,232.38417471004578,232.38417471004578,0.0,0.002371699985815212,True,True,geo_qpg_c3,True,232.38417471004573,11.845200002426282,302.0,11784.0,,,,,,N4_ATOMIC,-2.4460968106685243e-16
SP1_N4_DISTRIBUTED_FAMILY_v2,E5_DPOP_SMALL,E5_DPOP:N6:K2:uniform:cv0.35:p0.7:r4,27355504,uniform,6,2,0.35,0.7,OPTIMAL,232.38417471004578,232.38417471004578,0.0,0.002371699985815212,True,True,geo_qpg_d,True,232.38417471004573,9.244199987733737,239.0,8800.0,,,,,,N4_ATOMIC,-2.4460968106685243e-16
SP1_N4_DISTRIBUTED_FAMILY_v2,E5_DPOP_SMALL,E5_DPOP:N6:K2:uniform:cv0.35:p0.7:r5,1990411043,uniform,6,2,0.35,0.7,OPTIMAL,259.70220691347924,259.70220691347924,0.0,0.0018875999958254397,True,True,dpop_exact_small,True,259.70220691347924,3.8588000170420855,10.0,2944.0,5.0,5.0,363.0,5.0,729.0,EXACT_DISTRIBUTED,0.0
SP1_N4_DISTRIBUTED_FAMILY_v2,E5_DPOP_SMALL,E5_DPOP:N6:K2:uniform:cv0.35:p0.7:r5,1990411043,uniform,6,2,0.35,0.7,OPTIMAL,259.70220691347924,259.70220691347924,0.0,0.0018875999958254397,True,True,milp_highs,True,259.70220691347924,1.8875999958254397,,,,,,,,CENTRAL_ORACLE,0.0
SP1_N4_DISTRIBUTED_FAMILY_v2,E5_DPOP_SMALL,E5_DPOP:N6:K2:uniform:cv0.35:p0.7:r5,1990411043,uniform,6,2,0.35,0.7,OPTIMAL,259.70220691347924,259.70220691347924,0.0,0.0018875999958254397,True,True,geo_qpg_u,True,323.53826704020537,1.6041000199038535,63.0,2296.0,,,,,,N4_ATOMIC,0.24580484272893893
SP1_N4_DISTRIBUTED_FAMILY_v2,E5_DPOP_SMALL,E5_DPOP:N6:K2:uniform:cv0.35:p0.7:r5,1990411043,uniform,6,2,0.35,0.7,OPTIMAL,259.70220691347924,259.70220691347924,0.0,0.0018875999958254397,True,True,geo_qpg_p,True,259.70220691347924,6.295900006080046,160.0,6348.0,,,,,,N4_ATOMIC,0.0
SP1_N4_DISTRIBUTED_FAMILY_v2,E5_DPOP_SMALL,E5_DPOP:N6:K2:uniform:cv0.35:p0.7:r5,1990411043,uniform,6,2,0.35,0.7,OPTIMAL,259.70220691347924,259.70220691347924,0.0,0.0018875999958254397,True,True,geo_qpg_c3,True,259.70220691347924,8.71039999765344,264.0,10508.0,,,,,,N4_ATOMIC,0.0
SP1_N4_DISTRIBUTED_FAMILY_v2,E5_DPOP_SMALL,E5_DPOP:N6:K2:uniform:cv0.35:p0.7:r5,1990411043,uniform,6,2,0.35,0.7,OPTIMAL,259.70220691347924,259.70220691347924,0.0,0.0018875999958254397,True,True,geo_qpg_d,True,259.70220691347924,6.50869999662973,334.0,12372.0,,,,,,N4_ATOMIC,0.0
SP1_N4_DISTRIBUTED_FAMILY_v2,E5_DPOP_SMALL,E5_DPOP:N6:K2:uniform:cv0.35:p0.7:r6,1724023510,uniform,6,2,0.35,0.7,OPTIMAL,171.50869897764522,171.5086989776452,0.0,0.002097799995681271,True,True,dpop_exact_small,True,171.5086989776452,3.672599996207282,10.0,2944.0,5.0,5.0,363.0,5.0,729.0,EXACT_DISTRIBUTED,-1.6571584764985332e-16
SP1_N4_DISTRIBUTED_FAMILY_v2,E5_DPOP_SMALL,E5_DPOP:N6:K2:uniform:cv0.35:p0.7:r6,1724023510,uniform,6,2,0.35,0.7,OPTIMAL,171.50869897764522,171.5086989776452,0.0,0.002097799995681271,True,True,milp_highs,True,171.50869897764522,2.097799995681271,,,,,,,,CENTRAL_ORACLE,0.0
SP1_N4_DISTRIBUTED_FAMILY_v2,E5_DPOP_SMALL,E5_DPOP:N6:K2:uniform:cv0.35:p0.7:r6,1724023510,uniform,6,2,0.35,0.7,OPTIMAL,171.50869897764522,171.5086989776452,0.0,0.002097799995681271,True,True,geo_qpg_u,True,213.65269993584417,1.2023000163026154,33.0,1136.0,,,,,,N4_ATOMIC,0.24572515102392606
SP1_N4_DISTRIBUTED_FAMILY_v2,E5_DPOP_SMALL,E5_DPOP:N6:K2:uniform:cv0.35:p0.7:r6,1724023510,uniform,6,2,0.35,0.7,OPTIMAL,171.50869897764522,171.5086989776452,0.0,0.002097799995681271,True,True,geo_qpg_p,True,173.40060655349237,6.853099999716505,136.0,5224.0,,,,,,N4_ATOMIC,0.011030971531617396
SP1_N4_DISTRIBUTED_FAMILY_v2,E5_DPOP_SMALL,E5_DPOP:N6:K2:uniform:cv0.35:p0.7:r6,1724023510,uniform,6,2,0.35,0.7,OPTIMAL,171.50869897764522,171.5086989776452,0.0,0.002097799995681271,True,True,geo_qpg_c3,True,171.50869897764522,13.504700007615611,330.0,13048.0,,,,,,N4_ATOMIC,0.0
SP1_N4_DISTRIBUTED_FAMILY_v2,E5_DPOP_SMALL,E5_DPOP:N6:K2:uniform:cv0.35:p0.7:r6,1724023510,uniform,6,2,0.35,0.7,OPTIMAL,171.50869897764522,171.5086989776452,0.0,0.002097799995681271,True,True,geo_qpg_d,True,171.50869897764522,7.474299985915422,194.0,7168.0,,,,,,N4_ATOMIC,0.0
SP1_N4_DISTRIBUTED_FAMILY_v2,E5_DPOP_SMALL,E5_DPOP:N6:K2:uniform:cv0.35:p0.7:r7,2959130934,uniform,6,2,0.35,0.7,OPTIMAL,80.10130556295334,80.10130556295334,0.0,0.0017871999880298972,True,True,dpop_exact_small,True,80.10130556295336,3.859899996314198,10.0,2944.0,5.0,5.0,363.0,5.0,729.0,EXACT_DISTRIBUTED,1.7741102489313843e-16
SP1_N4_DISTRIBUTED_FAMILY_v2,E5_DPOP_SMALL,E5_DPOP:N6:K2:uniform:cv0.35:p0.7:r7,2959130934,uniform,6,2,0.35,0.7,OPTIMAL,80.10130556295334,80.10130556295334,0.0,0.0017871999880298972,True,True,milp_highs,True,80.10130556295334,1.7871999880298972,,,,,,,,CENTRAL_ORACLE,0.0
SP1_N4_DISTRIBUTED_FAMILY_v2,E5_DPOP_SMALL,E5_DPOP:N6:K2:uniform:cv0.35:p0.7:r7,2959130934,uniform,6,2,0.35,0.7,OPTIMAL,80.10130556295334,80.10130556295334,0.0,0.0017871999880298972,True,True,geo_qpg_u,True,216.94923817314984,1.7303000204265118,58.0,2036.0,,,,,,N4_ATOMIC,1.7084357320823536
SP1_N4_DISTRIBUTED_FAMILY_v2,E5_DPOP_SMALL,E5_DPOP:N6:K2:uniform:cv0.35:p0.7:r7,2959130934,uniform,6,2,0.35,0.7,OPTIMAL,80.10130556295334,80.10130556295334,0.0,0.0017871999880298972,True,True,geo_qpg_p,True,204.19382144781602,4.6999999904073775,113.0,4228.0,,,,,,N4_ATOMIC,1.5491946730797752
SP1_N4_DISTRIBUTED_FAMILY_v2,E5_DPOP_SMALL,E5_DPOP:N6:K2:uniform:cv0.35:p0.7:r7,2959130934,uniform,6,2,0.35,0.7,OPTIMAL,80.10130556295334,80.10130556295334,0.0,0.0017871999880298972,True,True,geo_qpg_c3,True,80.10130556295334,10.89269999647513,304.0,11812.0,,,,,,N4_ATOMIC,0.0
SP1_N4_DISTRIBUTED_FAMILY_v2,E5_DPOP_SMALL,E5_DPOP:N6:K2:uniform:cv0.35:p0.7:r7,2959130934,uniform,6,2,0.35,0.7,OPTIMAL,80.10130556295334,80.10130556295334,0.0,0.0017871999880298972,True,True,geo_qpg_d,True,80.10130556295334,4.177199996775016,142.0,4988.0,,,,,,N4_ATOMIC,0.0
SP1_N4_DISTRIBUTED_FAMILY_v2,E5_DPOP_SMALL,E5_DPOP:N6:K2:uniform:cv0.35:p0.7:r8,703751354,uniform,6,2,0.35,0.7,OPTIMAL,256.7952391642508,256.7952391642508,0.0,0.0016639000095892698,True,True,dpop_exact_small,True,256.79523916425075,4.906299989670515,10.0,2944.0,5.0,5.0,363.0,5.0,729.0,EXACT_DISTRIBUTED,-2.213569809386145e-16
SP1_N4_DISTRIBUTED_FAMILY_v2,E5_DPOP_SMALL,E5_DPOP:N6:K2:uniform:cv0.35:p0.7:r8,703751354,uniform,6,2,0.35,0.7,OPTIMAL,256.7952391642508,256.7952391642508,0.0,0.0016639000095892698,True,True,milp_highs,True,256.7952391642508,1.6639000095892698,,,,,,,,CENTRAL_ORACLE,0.0
SP1_N4_DISTRIBUTED_FAMILY_v2,E5_DPOP_SMALL,E5_DPOP:N6:K2:uniform:cv0.35:p0.7:r8,703751354,uniform,6,2,0.35,0.7,OPTIMAL,256.7952391642508,256.7952391642508,0.0,0.0016639000095892698,True,True,geo_qpg_u,True,285.1852492278231,1.9195000058971345,38.0,1296.0,,,,,,N4_ATOMIC,0.11055504827880988
SP1_N4_DISTRIBUTED_FAMILY_v2,E5_DPOP_SMALL,E5_DPOP:N6:K2:uniform:cv0.35:p0.7:r8,703751354,uniform,6,2,0.35,0.7,OPTIMAL,256.7952391642508,256.7952391642508,0.0,0.0016639000095892698,True,True,geo_qpg_p,True,256.7952391642508,6.017100007738918,114.0,4256.0,,,,,,N4_ATOMIC,0.0
SP1_N4_DISTRIBUTED_FAMILY_v2,E5_DPOP_SMALL,E5_DPOP:N6:K2:uniform:cv0.35:p0.7:r8,703751354,uniform,6,2,0.35,0.7,OPTIMAL,256.7952391642508,256.7952391642508,0.0,0.0016639000095892698,True,True,geo_qpg_c3,True,256.7952391642508,12.044199975207448,290.0,11296.0,,,,,,N4_ATOMIC,0.0
SP1_N4_DISTRIBUTED_FAMILY_v2,E5_DPOP_SMALL,E5_DPOP:N6:K2:uniform:cv0.35:p0.7:r8,703751354,uniform,6,2,0.35,0.7,OPTIMAL,256.7952391642508,256.7952391642508,0.0,0.0016639000095892698,True,True,geo_qpg_d,True,256.7952391642508,9.405399992829189,362.0,13916.0,,,,,,N4_ATOMIC,0.0
SP1_N4_DISTRIBUTED_FAMILY_v2,E5_DPOP_SMALL,E5_DPOP:N6:K2:uniform:cv0.35:p0.7:r9,2561576771,uniform,6,2,0.35,0.7,OPTIMAL,101.64487959778289,101.64487959778289,0.0,0.0016434999997727573,True,True,dpop_exact_small,True,101.64487959778289,3.9348000136669725,10.0,2944.0,5.0,5.0,363.0,5.0,729.0,EXACT_DISTRIBUTED,0.0
SP1_N4_DISTRIBUTED_FAMILY_v2,E5_DPOP_SMALL,E5_DPOP:N6:K2:uniform:cv0.35:p0.7:r9,2561576771,uniform,6,2,0.35,0.7,OPTIMAL,101.64487959778289,101.64487959778289,0.0,0.0016434999997727573,True,True,milp_highs,True,101.64487959778289,1.6434999997727573,,,,,,,,CENTRAL_ORACLE,0.0
SP1_N4_DISTRIBUTED_FAMILY_v2,E5_DPOP_SMALL,E5_DPOP:N6:K2:uniform:cv0.35:p0.7:r9,2561576771,uniform,6,2,0.35,0.7,OPTIMAL,101.64487959778289,101.64487959778289,0.0,0.0016434999997727573,True,True,geo_qpg_u,True,186.63476187967402,2.511800004867837,59.0,2128.0,,,,,,N4_ATOMIC,0.8361452403525199
SP1_N4_DISTRIBUTED_FAMILY_v2,E5_DPOP_SMALL,E5_DPOP:N6:K2:uniform:cv0.35:p0.7:r9,2561576771,uniform,6,2,0.35,0.7,OPTIMAL,101.64487959778289,101.64487959778289,0.0,0.0016434999997727573,True,True,geo_qpg_p,True,101.64487959778289,4.753300017910078,132.0,5156.0,,,,,,N4_ATOMIC,0.0
SP1_N4_DISTRIBUTED_FAMILY_v2,E5_DPOP_SMALL,E5_DPOP:N6:K2:uniform:cv0.35:p0.7:r9,2561576771,uniform,6,2,0.35,0.7,OPTIMAL,101.64487959778289,101.64487959778289,0.0,0.0016434999997727573,True,True,geo_qpg_c3,True,101.64487959778289,8.780699979979545,260.0,10276.0,,,,,,N4_ATOMIC,0.0
SP1_N4_DISTRIBUTED_FAMILY_v2,E5_DPOP_SMALL,E5_DPOP:N6:K2:uniform:cv0.35:p0.7:r9,2561576771,uniform,6,2,0.35,0.7,OPTIMAL,101.64487959778289,101.64487959778289,0.0,0.0016434999997727573,True,True,geo_qpg_d,True,101.64487959778289,6.980700010899454,282.0,10160.0,,,,,,N4_ATOMIC,0.0
SP1_N4_DISTRIBUTED_FAMILY_v2,E5_DPOP_SMALL,E5_DPOP:N6:K2:uniform:cv0.35:p0.85:r0,3124854232,uniform,6,2,0.35,0.85,OPTIMAL,315.3379044030014,315.3379044030014,0.0,0.0024628999817650765,True,True,dpop_exact_small,True,315.3379044030014,3.7859999865759164,10.0,2944.0,5.0,5.0,363.0,5.0,729.0,EXACT_DISTRIBUTED,0.0
SP1_N4_DISTRIBUTED_FAMILY_v2,E5_DPOP_SMALL,E5_DPOP:N6:K2:uniform:cv0.35:p0.85:r0,3124854232,uniform,6,2,0.35,0.85,OPTIMAL,315.3379044030014,315.3379044030014,0.0,0.0024628999817650765,True,True,milp_highs,True,315.3379044030014,2.4628999817650765,,,,,,,,CENTRAL_ORACLE,0.0
SP1_N4_DISTRIBUTED_FAMILY_v2,E5_DPOP_SMALL,E5_DPOP:N6:K2:uniform:cv0.35:p0.85:r0,3124854232,uniform,6,2,0.35,0.85,OPTIMAL,315.3379044030014,315.3379044030014,0.0,0.0024628999817650765,True,True,geo_qpg_u,True,390.16925844296156,1.5524000045843422,45.0,1540.0,,,,,,N4_ATOMIC,0.23730529376616202
SP1_N4_DISTRIBUTED_FAMILY_v2,E5_DPOP_SMALL,E5_DPOP:N6:K2:uniform:cv0.35:p0.85:r0,3124854232,uniform,6,2,0.35,0.85,OPTIMAL,315.3379044030014,315.3379044030014,0.0,0.0024628999817650765,True,True,geo_qpg_p,True,315.3379044030014,6.169600004795939,118.0,4452.0,,,,,,N4_ATOMIC,0.0
SP1_N4_DISTRIBUTED_FAMILY_v2,E5_DPOP_SMALL,E5_DPOP:N6:K2:uniform:cv0.35:p0.85:r0,3124854232,uniform,6,2,0.35,0.85,OPTIMAL,315.3379044030014,315.3379044030014,0.0,0.0024628999817650765,True,True,geo_qpg_c3,True,315.3379044030014,11.375000001862645,270.0,10532.0,,,,,,N4_ATOMIC,0.0
SP1_N4_DISTRIBUTED_FAMILY_v2,E5_DPOP_SMALL,E5_DPOP:N6:K2:uniform:cv0.35:p0.85:r0,3124854232,uniform,6,2,0.35,0.85,OPTIMAL,315.3379044030014,315.3379044030014,0.0,0.0024628999817650765,True,True,geo_qpg_d,True,320.9370570487073,5.454899976029992,156.0,5568.0,,,,,,N4_ATOMIC,0.017756040639345962
SP1_N4_DISTRIBUTED_FAMILY_v2,E5_DPOP_SMALL,E5_DPOP:N6:K2:uniform:cv0.35:p0.85:r1,340258013,uniform,6,2,0.35,0.85,OPTIMAL,274.08149850929004,274.0814985092901,0.0,0.0018025999888777733,True,True,dpop_exact_small,True,274.08149850929004,3.8360999897122383,10.0,2944.0,5.0,5.0,363.0,5.0,729.0,EXACT_DISTRIBUTED,0.0
SP1_N4_DISTRIBUTED_FAMILY_v2,E5_DPOP_SMALL,E5_DPOP:N6:K2:uniform:cv0.35:p0.85:r1,340258013,uniform,6,2,0.35,0.85,OPTIMAL,274.08149850929004,274.0814985092901,0.0,0.0018025999888777733,True,True,milp_highs,True,274.08149850929004,1.8025999888777733,,,,,,,,CENTRAL_ORACLE,0.0
SP1_N4_DISTRIBUTED_FAMILY_v2,E5_DPOP_SMALL,E5_DPOP:N6:K2:uniform:cv0.35:p0.85:r1,340258013,uniform,6,2,0.35,0.85,OPTIMAL,274.08149850929004,274.0814985092901,0.0,0.0018025999888777733,True,True,geo_qpg_u,True,274.08149850929004,1.371499995002523,44.0,1548.0,,,,,,N4_ATOMIC,0.0
SP1_N4_DISTRIBUTED_FAMILY_v2,E5_DPOP_SMALL,E5_DPOP:N6:K2:uniform:cv0.35:p0.85:r1,340258013,uniform,6,2,0.35,0.85,OPTIMAL,274.08149850929004,274.0814985092901,0.0,0.0018025999888777733,True,True,geo_qpg_p,True,274.08149850929004,4.349599999841303,84.0,3148.0,,,,,,N4_ATOMIC,0.0
SP1_N4_DISTRIBUTED_FAMILY_v2,E5_DPOP_SMALL,E5_DPOP:N6:K2:uniform:cv0.35:p0.85:r1,340258013,uniform,6,2,0.35,0.85,OPTIMAL,274.08149850929004,274.0814985092901,0.0,0.0018025999888777733,True,True,geo_qpg_c3,True,274.08149850929004,8.789399988017976,212.0,8268.0,,,,,,N4_ATOMIC,0.0
SP1_N4_DISTRIBUTED_FAMILY_v2,E5_DPOP_SMALL,E5_DPOP:N6:K2:uniform:cv0.35:p0.85:r1,340258013,uniform,6,2,0.35,0.85,OPTIMAL,274.08149850929004,274.0814985092901,0.0,0.0018025999888777733,True,True,geo_qpg_d,True,274.08149850929004,6.257400003960356,188.0,6692.0,,,,,,N4_ATOMIC,0.0
SP1_N4_DISTRIBUTED_FAMILY_v2,E5_DPOP_SMALL,E5_DPOP:N6:K2:uniform:cv0.35:p0.85:r2,851923441,uniform,6,2,0.35,0.85,OPTIMAL,284.3671820764629,284.3671820764629,0.0,0.002207999990787357,True,True,dpop_exact_small,True,284.3671820764629,3.7081000045873225,10.0,2944.0,5.0,5.0,363.0,5.0,729.0,EXACT_DISTRIBUTED,0.0
SP1_N4_DISTRIBUTED_FAMILY_v2,E5_DPOP_SMALL,E5_DPOP:N6:K2:uniform:cv0.35:p0.85:r2,851923441,uniform,6,2,0.35,0.85,OPTIMAL,284.3671820764629,284.3671820764629,0.0,0.002207999990787357,True,True,milp_highs,True,284.3671820764629,2.207999990787357,,,,,,,,CENTRAL_ORACLE,0.0
SP1_N4_DISTRIBUTED_FAMILY_v2,E5_DPOP_SMALL,E5_DPOP:N6:K2:uniform:cv0.35:p0.85:r2,851923441,uniform,6,2,0.35,0.85,OPTIMAL,284.3671820764629,284.3671820764629,0.0,0.002207999990787357,True,True,geo_qpg_u,True,332.18851509602484,1.4030999736860394,38.0,1296.0,,,,,,N4_ATOMIC,0.1681675524945188
SP1_N4_DISTRIBUTED_FAMILY_v2,E5_DPOP_SMALL,E5_DPOP:N6:K2:uniform:cv0.35:p0.85:r2,851923441,uniform,6,2,0.35,0.85,OPTIMAL,284.3671820764629,284.3671820764629,0.0,0.002207999990787357,True,True,geo_qpg_p,True,284.3671820764629,6.741699995473027,145.0,5496.0,,,,,,N4_ATOMIC,0.0
SP1_N4_DISTRIBUTED_FAMILY_v2,E5_DPOP_SMALL,E5_DPOP:N6:K2:uniform:cv0.35:p0.85:r2,851923441,uniform,6,2,0.35,0.85,OPTIMAL,284.3671820764629,284.3671820764629,0.0,0.002207999990787357,True,True,geo_qpg_c3,True,284.3671820764629,13.4500999993179,317.0,12376.0,,,,,,N4_ATOMIC,0.0
SP1_N4_DISTRIBUTED_FAMILY_v2,E5_DPOP_SMALL,E5_DPOP:N6:K2:uniform:cv0.35:p0.85:r2,851923441,uniform,6,2,0.35,0.85,OPTIMAL,284.3671820764629,284.3671820764629,0.0,0.002207999990787357,True,True,geo_qpg_d,True,284.3671820764629,11.341400007950142,375.0,14228.0,,,,,,N4_ATOMIC,0.0
SP1_N4_DISTRIBUTED_FAMILY_v2,E5_DPOP_SMALL,E5_DPOP:N6:K2:uniform:cv0.35:p0.85:r3,2403716533,uniform,6,2,0.35,0.85,OPTIMAL,258.0503307712733,258.0503307712733,0.0,0.0020369999983813614,True,True,dpop_exact_small,True,258.0503307712733,4.263399983756244,10.0,2944.0,5.0,5.0,363.0,5.0,729.0,EXACT_DISTRIBUTED,0.0
SP1_N4_DISTRIBUTED_FAMILY_v2,E5_DPOP_SMALL,E5_DPOP:N6:K2:uniform:cv0.35:p0.85:r3,2403716533,uniform,6,2,0.35,0.85,OPTIMAL,258.0503307712733,258.0503307712733,0.0,0.0020369999983813614,True,True,milp_highs,True,258.0503307712733,2.0369999983813614,,,,,,,,CENTRAL_ORACLE,0.0
SP1_N4_DISTRIBUTED_FAMILY_v2,E5_DPOP_SMALL,E5_DPOP:N6:K2:uniform:cv0.35:p0.85:r3,2403716533,uniform,6,2,0.35,0.85,OPTIMAL,258.0503307712733,258.0503307712733,0.0,0.0020369999983813614,True,True,geo_qpg_u,True,312.349368139023,1.6443999775219709,63.0,2220.0,,,,,,N4_ATOMIC,0.21042033624005868
SP1_N4_DISTRIBUTED_FAMILY_v2,E5_DPOP_SMALL,E5_DPOP:N6:K2:uniform:cv0.35:p0.85:r3,2403716533,uniform,6,2,0.35,0.85,OPTIMAL,258.0503307712733,258.0503307712733,0.0,0.0020369999983813614,True,True,geo_qpg_p,True,258.0503307712733,5.786699999589473,135.0,5064.0,,,,,,N4_ATOMIC,0.0
SP1_N4_DISTRIBUTED_FAMILY_v2,E5_DPOP_SMALL,E5_DPOP:N6:K2:uniform:cv0.35:p0.85:r3,2403716533,uniform,6,2,0.35,0.85,OPTIMAL,258.0503307712733,258.0503307712733,0.0,0.0020369999983813614,True,True,geo_qpg_c3,True,258.0503307712733,12.389900017296895,311.0,12104.0,,,,,,N4_ATOMIC,0.0
SP1_N4_DISTRIBUTED_FAMILY_v2,E5_DPOP_SMALL,E5_DPOP:N6:K2:uniform:cv0.35:p0.85:r3,2403716533,uniform,6,2,0.35,0.85,OPTIMAL,258.0503307712733,258.0503307712733,0.0,0.0020369999983813614,True,True,geo_qpg_d,True,284.0092537371078,6.058099999791011,168.0,5960.0,,,,,,N4_ATOMIC,0.10059635609939825
SP1_N4_DISTRIBUTED_FAMILY_v2,E5_DPOP_SMALL,E5_DPOP:N6:K2:uniform:cv0.35:p0.85:r4,512659317,uniform,6,2,0.35,0.85,OPTIMAL,212.35679302361538,212.35679302361538,0.0,0.0014998999831732363,True,True,dpop_exact_small,True,212.35679302361538,5.449599993880838,10.0,2944.0,5.0,5.0,363.0,5.0,729.0,EXACT_DISTRIBUTED,0.0
SP1_N4_DISTRIBUTED_FAMILY_v2,E5_DPOP_SMALL,E5_DPOP:N6:K2:uniform:cv0.35:p0.85:r4,512659317,uniform,6,2,0.35,0.85,OPTIMAL,212.35679302361538,212.35679302361538,0.0,0.0014998999831732363,True,True,milp_highs,True,212.35679302361538,1.4998999831732363,,,,,,,,CENTRAL_ORACLE,0.0
SP1_N4_DISTRIBUTED_FAMILY_v2,E5_DPOP_SMALL,E5_DPOP:N6:K2:uniform:cv0.35:p0.85:r4,512659317,uniform,6,2,0.35,0.85,OPTIMAL,212.35679302361538,212.35679302361538,0.0,0.0014998999831732363,True,True,geo_qpg_u,True,263.15391350062293,1.4214999973773956,46.0,1632.0,,,,,,N4_ATOMIC,0.2392064777101743
SP1_N4_DISTRIBUTED_FAMILY_v2,E5_DPOP_SMALL,E5_DPOP:N6:K2:uniform:cv0.35:p0.85:r4,512659317,uniform,6,2,0.35,0.85,OPTIMAL,212.35679302361538,212.35679302361538,0.0,0.0014998999831732363,True,True,geo_qpg_p,True,212.35679302361538,4.501299990806729,114.0,4280.0,,,,,,N4_ATOMIC,0.0
SP1_N4_DISTRIBUTED_FAMILY_v2,E5_DPOP_SMALL,E5_DPOP:N6:K2:uniform:cv0.35:p0.85:r4,512659317,uniform,6,2,0.35,0.85,OPTIMAL,212.35679302361538,212.35679302361538,0.0,0.0014998999831732363,True,True,geo_qpg_c3,True,212.35679302361538,8.580599998822436,218.0,8440.0,,,,,,N4_ATOMIC,0.0
SP1_N4_DISTRIBUTED_FAMILY_v2,E5_DPOP_SMALL,E5_DPOP:N6:K2:uniform:cv0.35:p0.85:r4,512659317,uniform,6,2,0.35,0.85,OPTIMAL,212.35679302361538,212.35679302361538,0.0,0.0014998999831732363,True,True,geo_qpg_d,True,212.35679302361538,5.92349999351427,168.0,5860.0,,,,,,N4_ATOMIC,0.0
SP1_N4_DISTRIBUTED_FAMILY_v2,E5_DPOP_SMALL,E5_DPOP:N6:K2:uniform:cv0.35:p0.85:r5,968639946,uniform,6,2,0.35,0.85,OPTIMAL,249.41991023026415,249.41991023026418,0.0,0.0019632999901659787,True,True,dpop_exact_small,True,249.41991023026418,4.128799977479503,10.0,2944.0,5.0,5.0,363.0,5.0,729.0,EXACT_DISTRIBUTED,1.1395124552873553e-16
SP1_N4_DISTRIBUTED_FAMILY_v2,E5_DPOP_SMALL,E5_DPOP:N6:K2:uniform:cv0.35:p0.85:r5,968639946,uniform,6,2,0.35,0.85,OPTIMAL,249.41991023026415,249.41991023026418,0.0,0.0019632999901659787,True,True,milp_highs,True,249.41991023026415,1.9632999901659787,,,,,,,,CENTRAL_ORACLE,0.0
SP1_N4_DISTRIBUTED_FAMILY_v2,E5_DPOP_SMALL,E5_DPOP:N6:K2:uniform:cv0.35:p0.85:r5,968639946,uniform,6,2,0.35,0.85,OPTIMAL,249.41991023026415,249.41991023026418,0.0,0.0019632999901659787,True,True,geo_qpg_u,True,366.5725959916997,1.7239000007975847,45.0,1540.0,,,,,,N4_ATOMIC,0.4697006171371016
SP1_N4_DISTRIBUTED_FAMILY_v2,E5_DPOP_SMALL,E5_DPOP:N6:K2:uniform:cv0.35:p0.85:r5,968639946,uniform,6,2,0.35,0.85,OPTIMAL,249.41991023026415,249.41991023026418,0.0,0.0019632999901659787,True,True,geo_qpg_p,True,366.5725959916997,4.383199993753806,85.0,3140.0,,,,,,N4_ATOMIC,0.4697006171371016
SP1_N4_DISTRIBUTED_FAMILY_v2,E5_DPOP_SMALL,E5_DPOP:N6:K2:uniform:cv0.35:p0.85:r5,968639946,uniform,6,2,0.35,0.85,OPTIMAL,249.41991023026415,249.41991023026418,0.0,0.0019632999901659787,True,True,geo_qpg_c3,True,249.41991023026415,9.442500013392419,293.0,11716.0,,,,,,N4_ATOMIC,0.0
SP1_N4_DISTRIBUTED_FAMILY_v2,E5_DPOP_SMALL,E5_DPOP:N6:K2:uniform:cv0.35:p0.85:r5,968639946,uniform,6,2,0.35,0.85,OPTIMAL,249.41991023026415,249.41991023026418,0.0,0.0019632999901659787,True,True,geo_qpg_d,True,249.41991023026415,4.579000000376254,148.0,5124.0,,,,,,N4_ATOMIC,0.0
SP1_N4_DISTRIBUTED_FAMILY_v2,E5_DPOP_SMALL,E5_DPOP:N6:K2:uniform:cv0.35:p0.85:r6,2317996677,uniform,6,2,0.35,0.85,OPTIMAL,223.88496802667697,223.88496802667697,0.0,0.0019232999766245484,True,True,dpop_exact_small,True,223.88496802667697,3.182400017976761,10.0,2944.0,5.0,5.0,363.0,5.0,729.0,EXACT_DISTRIBUTED,0.0
SP1_N4_DISTRIBUTED_FAMILY_v2,E5_DPOP_SMALL,E5_DPOP:N6:K2:uniform:cv0.35:p0.85:r6,2317996677,uniform,6,2,0.35,0.85,OPTIMAL,223.88496802667697,223.88496802667697,0.0,0.0019232999766245484,True,True,milp_highs,True,223.88496802667697,1.9232999766245484,,,,,,,,CENTRAL_ORACLE,0.0
SP1_N4_DISTRIBUTED_FAMILY_v2,E5_DPOP_SMALL,E5_DPOP:N6:K2:uniform:cv0.35:p0.85:r6,2317996677,uniform,6,2,0.35,0.85,OPTIMAL,223.88496802667697,223.88496802667697,0.0,0.0019232999766245484,True,True,geo_qpg_u,True,359.73940435025077,1.2105000205338001,40.0,1380.0,,,,,,N4_ATOMIC,0.6068046350811104
SP1_N4_DISTRIBUTED_FAMILY_v2,E5_DPOP_SMALL,E5_DPOP:N6:K2:uniform:cv0.35:p0.85:r6,2317996677,uniform,6,2,0.35,0.85,OPTIMAL,223.88496802667697,223.88496802667697,0.0,0.0019232999766245484,True,True,geo_qpg_p,True,223.88496802667697,7.570899993879721,201.0,7720.0,,,,,,N4_ATOMIC,0.0
SP1_N4_DISTRIBUTED_FAMILY_v2,E5_DPOP_SMALL,E5_DPOP:N6:K2:uniform:cv0.35:p0.85:r6,2317996677,uniform,6,2,0.35,0.85,OPTIMAL,223.88496802667697,223.88496802667697,0.0,0.0019232999766245484,True,True,geo_qpg_c3,True,223.88496802667697,12.463499995646998,365.0,14280.0,,,,,,N4_ATOMIC,0.0
SP1_N4_DISTRIBUTED_FAMILY_v2,E5_DPOP_SMALL,E5_DPOP:N6:K2:uniform:cv0.35:p0.85:r6,2317996677,uniform,6,2,0.35,0.85,OPTIMAL,223.88496802667697,223.88496802667697,0.0,0.0019232999766245484,True,True,geo_qpg_d,True,223.88496802667697,8.515900000929832,282.0,10436.0,,,,,,N4_ATOMIC,0.0
SP1_N4_DISTRIBUTED_FAMILY_v2,E5_DPOP_SMALL,E5_DPOP:N6:K2:uniform:cv0.35:p0.85:r7,3037625386,uniform,6,2,0.35,0.85,OPTIMAL,125.31186987266085,125.31186987266085,0.0,0.0019146999984513968,True,True,dpop_exact_small,True,125.31186987266085,3.602700016926974,10.0,2944.0,5.0,5.0,363.0,5.0,729.0,EXACT_DISTRIBUTED,0.0
SP1_N4_DISTRIBUTED_FAMILY_v2,E5_DPOP_SMALL,E5_DPOP:N6:K2:uniform:cv0.35:p0.85:r7,3037625386,uniform,6,2,0.35,0.85,OPTIMAL,125.31186987266085,125.31186987266085,0.0,0.0019146999984513968,True,True,milp_highs,True,125.31186987266085,1.9146999984513968,,,,,,,,CENTRAL_ORACLE,0.0
SP1_N4_DISTRIBUTED_FAMILY_v2,E5_DPOP_SMALL,E5_DPOP:N6:K2:uniform:cv0.35:p0.85:r7,3037625386,uniform,6,2,0.35,0.85,OPTIMAL,125.31186987266085,125.31186987266085,0.0,0.0019146999984513968,True,True,geo_qpg_u,True,163.98346526848312,1.2353000056464225,42.0,1464.0,,,,,,N4_ATOMIC,0.3086028118096034
SP1_N4_DISTRIBUTED_FAMILY_v2,E5_DPOP_SMALL,E5_DPOP:N6:K2:uniform:cv0.35:p0.85:r7,3037625386,uniform,6,2,0.35,0.85,OPTIMAL,125.31186987266085,125.31186987266085,0.0,0.0019146999984513968,True,True,geo_qpg_p,True,125.31186987266085,4.828799981623888,115.0,4352.0,,,,,,N4_ATOMIC,0.0
SP1_N4_DISTRIBUTED_FAMILY_v2,E5_DPOP_SMALL,E5_DPOP:N6:K2:uniform:cv0.35:p0.85:r7,3037625386,uniform,6,2,0.35,0.85,OPTIMAL,125.31186987266085,125.31186987266085,0.0,0.0019146999984513968,True,True,geo_qpg_c3,True,125.31186987266085,8.861099981004372,231.0,8992.0,,,,,,N4_ATOMIC,0.0
SP1_N4_DISTRIBUTED_FAMILY_v2,E5_DPOP_SMALL,E5_DPOP:N6:K2:uniform:cv0.35:p0.85:r7,3037625386,uniform,6,2,0.35,0.85,OPTIMAL,125.31186987266085,125.31186987266085,0.0,0.0019146999984513968,True,True,geo_qpg_d,True,125.31186987266085,7.220700004836544,266.0,9812.0,,,,,,N4_ATOMIC,0.0
SP1_N4_DISTRIBUTED_FAMILY_v2,E5_DPOP_SMALL,E5_DPOP:N6:K2:uniform:cv0.35:p0.85:r8,3675849560,uniform,6,2,0.35,0.85,OPTIMAL,241.81988689305797,241.81988689305797,0.0,0.0013970999862067401,True,True,dpop_exact_small,True,241.81988689305797,4.611299984389916,10.0,2944.0,5.0,5.0,363.0,5.0,729.0,EXACT_DISTRIBUTED,0.0
SP1_N4_DISTRIBUTED_FAMILY_v2,E5_DPOP_SMALL,E5_DPOP:N6:K2:uniform:cv0.35:p0.85:r8,3675849560,uniform,6,2,0.35,0.85,OPTIMAL,241.81988689305797,241.81988689305797,0.0,0.0013970999862067401,True,True,milp_highs,True,241.81988689305797,1.3970999862067401,,,,,,,,CENTRAL_ORACLE,0.0
SP1_N4_DISTRIBUTED_FAMILY_v2,E5_DPOP_SMALL,E5_DPOP:N6:K2:uniform:cv0.35:p0.85:r8,3675849560,uniform,6,2,0.35,0.85,OPTIMAL,241.81988689305797,241.81988689305797,0.0,0.0013970999862067401,True,True,geo_qpg_u,True,316.3902433909222,1.5947000065352768,69.0,2496.0,,,,,,N4_ATOMIC,0.3083714803441377
SP1_N4_DISTRIBUTED_FAMILY_v2,E5_DPOP_SMALL,E5_DPOP:N6:K2:uniform:cv0.35:p0.85:r8,3675849560,uniform,6,2,0.35,0.85,OPTIMAL,241.81988689305797,241.81988689305797,0.0,0.0013970999862067401,True,True,geo_qpg_p,True,311.40360531455565,5.275199975585565,139.0,5260.0,,,,,,N4_ATOMIC,0.28775019009197644
SP1_N4_DISTRIBUTED_FAMILY_v2,E5_DPOP_SMALL,E5_DPOP:N6:K2:uniform:cv0.35:p0.85:r8,3675849560,uniform,6,2,0.35,0.85,OPTIMAL,241.81988689305797,241.81988689305797,0.0,0.0013970999862067401,True,True,geo_qpg_c3,True,241.81988689305797,11.827999987872317,365.0,14284.0,,,,,,N4_ATOMIC,0.0
SP1_N4_DISTRIBUTED_FAMILY_v2,E5_DPOP_SMALL,E5_DPOP:N6:K2:uniform:cv0.35:p0.85:r8,3675849560,uniform,6,2,0.35,0.85,OPTIMAL,241.81988689305797,241.81988689305797,0.0,0.0013970999862067401,True,True,geo_qpg_d,True,241.81988689305797,7.723199989413843,225.0,8096.0,,,,,,N4_ATOMIC,0.0
SP1_N4_DISTRIBUTED_FAMILY_v2,E5_DPOP_SMALL,E5_DPOP:N6:K2:uniform:cv0.35:p0.85:r9,3985460921,uniform,6,2,0.35,0.85,OPTIMAL,167.6931782302207,167.69317823022072,0.0,0.0013280999846756458,True,True,dpop_exact_small,True,167.69317823022072,3.5800000187009573,10.0,2944.0,5.0,5.0,363.0,5.0,729.0,EXACT_DISTRIBUTED,1.6948637821977908e-16
SP1_N4_DISTRIBUTED_FAMILY_v2,E5_DPOP_SMALL,E5_DPOP:N6:K2:uniform:cv0.35:p0.85:r9,3985460921,uniform,6,2,0.35,0.85,OPTIMAL,167.6931782302207,167.69317823022072,0.0,0.0013280999846756458,True,True,milp_highs,True,167.6931782302207,1.3280999846756458,,,,,,,,CENTRAL_ORACLE,0.0
SP1_N4_DISTRIBUTED_FAMILY_v2,E5_DPOP_SMALL,E5_DPOP:N6:K2:uniform:cv0.35:p0.85:r9,3985460921,uniform,6,2,0.35,0.85,OPTIMAL,167.6931782302207,167.69317823022072,0.0,0.0013280999846756458,True,True,geo_qpg_u,True,319.3744975959501,1.3509000127669424,60.0,2156.0,,,,,,N4_ATOMIC,0.9045169336434837
SP1_N4_DISTRIBUTED_FAMILY_v2,E5_DPOP_SMALL,E5_DPOP:N6:K2:uniform:cv0.35:p0.85:r9,3985460921,uniform,6,2,0.35,0.85,OPTIMAL,167.6931782302207,167.69317823022072,0.0,0.0013280999846756458,True,True,geo_qpg_p,True,167.6931782302207,5.731499986723065,135.0,5200.0,,,,,,N4_ATOMIC,0.0
SP1_N4_DISTRIBUTED_FAMILY_v2,E5_DPOP_SMALL,E5_DPOP:N6:K2:uniform:cv0.35:p0.85:r9,3985460921,uniform,6,2,0.35,0.85,OPTIMAL,167.6931782302207,167.69317823022072,0.0,0.0013280999846756458,True,True,geo_qpg_c3,True,167.6931782302207,11.37000002199784,283.0,11120.0,,,,,,N4_ATOMIC,0.0
SP1_N4_DISTRIBUTED_FAMILY_v2,E5_DPOP_SMALL,E5_DPOP:N6:K2:uniform:cv0.35:p0.85:r9,3985460921,uniform,6,2,0.35,0.85,OPTIMAL,167.6931782302207,167.69317823022072,0.0,0.0013280999846756458,True,True,geo_qpg_d,True,246.73115386064921,5.206699977861717,161.0,5632.0,,,,,,N4_ATOMIC,0.4713249308324264
SP1_N4_DISTRIBUTED_FAMILY_v2,E5_DPOP_SMALL,E5_DPOP:N6:K2:uniform:cv0.65:p0.7:r0,3461453233,uniform,6,2,0.65,0.7,OPTIMAL,79.78697307006993,79.78697307006993,0.0,0.0012580000038724393,True,True,dpop_exact_small,True,79.78697307006993,3.219100006390363,10.0,2944.0,5.0,5.0,363.0,5.0,729.0,EXACT_DISTRIBUTED,0.0
SP1_N4_DISTRIBUTED_FAMILY_v2,E5_DPOP_SMALL,E5_DPOP:N6:K2:uniform:cv0.65:p0.7:r0,3461453233,uniform,6,2,0.65,0.7,OPTIMAL,79.78697307006993,79.78697307006993,0.0,0.0012580000038724393,True,True,milp_highs,True,79.78697307006993,1.2580000038724393,,,,,,,,CENTRAL_ORACLE,0.0
SP1_N4_DISTRIBUTED_FAMILY_v2,E5_DPOP_SMALL,E5_DPOP:N6:K2:uniform:cv0.65:p0.7:r0,3461453233,uniform,6,2,0.65,0.7,OPTIMAL,79.78697307006993,79.78697307006993,0.0,0.0012580000038724393,True,True,geo_qpg_u,True,94.41689438081212,1.2288999860174954,42.0,1464.0,,,,,,N4_ATOMIC,0.18336228017942238
SP1_N4_DISTRIBUTED_FAMILY_v2,E5_DPOP_SMALL,E5_DPOP:N6:K2:uniform:cv0.65:p0.7:r0,3461453233,uniform,6,2,0.65,0.7,OPTIMAL,79.78697307006993,79.78697307006993,0.0,0.0012580000038724393,True,True,geo_qpg_p,True,79.78697307006993,6.058800005121157,115.0,4376.0,,,,,,N4_ATOMIC,0.0
SP1_N4_DISTRIBUTED_FAMILY_v2,E5_DPOP_SMALL,E5_DPOP:N6:K2:uniform:cv0.65:p0.7:r0,3461453233,uniform,6,2,0.65,0.7,OPTIMAL,79.78697307006993,79.78697307006993,0.0,0.0012580000038724393,True,True,geo_qpg_c3,True,79.78697307006993,11.567900015506893,287.0,11256.0,,,,,,N4_ATOMIC,0.0
SP1_N4_DISTRIBUTED_FAMILY_v2,E5_DPOP_SMALL,E5_DPOP:N6:K2:uniform:cv0.65:p0.7:r0,3461453233,uniform,6,2,0.65,0.7,OPTIMAL,79.78697307006993,79.78697307006993,0.0,0.0012580000038724393,True,True,geo_qpg_d,True,175.0784382037063,5.270699999528006,200.0,6980.0,,,,,,N4_ATOMIC,1.194323602801051
SP1_N4_DISTRIBUTED_FAMILY_v2,E5_DPOP_SMALL,E5_DPOP:N6:K2:uniform:cv0.65:p0.7:r1,4210495557,uniform,6,2,0.65,0.7,OPTIMAL,125.9454391644563,125.94543916445632,0.0,0.0028637000068556517,True,True,dpop_exact_small,True,125.9454391644563,4.27450001006946,10.0,2944.0,5.0,5.0,363.0,5.0,729.0,EXACT_DISTRIBUTED,0.0
SP1_N4_DISTRIBUTED_FAMILY_v2,E5_DPOP_SMALL,E5_DPOP:N6:K2:uniform:cv0.65:p0.7:r1,4210495557,uniform,6,2,0.65,0.7,OPTIMAL,125.9454391644563,125.94543916445632,0.0,0.0028637000068556517,True,True,milp_highs,True,125.9454391644563,2.8637000068556517,,,,,,,,CENTRAL_ORACLE,0.0
SP1_N4_DISTRIBUTED_FAMILY_v2,E5_DPOP_SMALL,E5_DPOP:N6:K2:uniform:cv0.65:p0.7:r1,4210495557,uniform,6,2,0.65,0.7,OPTIMAL,125.9454391644563,125.94543916445632,0.0,0.0028637000068556517,True,True,geo_qpg_u,True,169.30817997887388,1.3216000224929303,53.0,1876.0,,,,,,N4_ATOMIC,0.3442978253289159
SP1_N4_DISTRIBUTED_FAMILY_v2,E5_DPOP_SMALL,E5_DPOP:N6:K2:uniform:cv0.65:p0.7:r1,4210495557,uniform,6,2,0.65,0.7,OPTIMAL,125.9454391644563,125.94543916445632,0.0,0.0028637000068556517,True,True,geo_qpg_p,True,169.30817997887388,4.912600008537993,105.0,3956.0,,,,,,N4_ATOMIC,0.3442978253289159
SP1_N4_DISTRIBUTED_FAMILY_v2,E5_DPOP_SMALL,E5_DPOP:N6:K2:uniform:cv0.65:p0.7:r1,4210495557,uniform,6,2,0.65,0.7,OPTIMAL,125.9454391644563,125.94543916445632,0.0,0.0028637000068556517,True,True,geo_qpg_c3,True,125.9454391644563,11.261200008448213,330.0,12968.0,,,,,,N4_ATOMIC,0.0
SP1_N4_DISTRIBUTED_FAMILY_v2,E5_DPOP_SMALL,E5_DPOP:N6:K2:uniform:cv0.65:p0.7:r1,4210495557,uniform,6,2,0.65,0.7,OPTIMAL,125.9454391644563,125.94543916445632,0.0,0.0028637000068556517,True,True,geo_qpg_d,True,126.62661927426467,5.872000008821487,182.0,6684.0,,,,,,N4_ATOMIC,0.005408533364347548
SP1_N4_DISTRIBUTED_FAMILY_v2,E5_DPOP_SMALL,E5_DPOP:N6:K2:uniform:cv0.65:p0.7:r2,1604672285,uniform,6,2,0.65,0.7,OPTIMAL,150.02433007417994,150.02433007417991,0.0,0.003517699980875477,True,True,dpop_exact_small,True,150.02433007417991,3.236399992601946,10.0,2944.0,5.0,5.0,363.0,5.0,729.0,EXACT_DISTRIBUTED,-1.894473344180295e-16
SP1_N4_DISTRIBUTED_FAMILY_v2,E5_DPOP_SMALL,E5_DPOP:N6:K2:uniform:cv0.65:p0.7:r2,1604672285,uniform,6,2,0.65,0.7,OPTIMAL,150.02433007417994,150.02433007417991,0.0,0.003517699980875477,True,True,milp_highs,True,150.02433007417994,3.517699980875477,,,,,,,,CENTRAL_ORACLE,0.0
SP1_N4_DISTRIBUTED_FAMILY_v2,E5_DPOP_SMALL,E5_DPOP:N6:K2:uniform:cv0.65:p0.7:r2,1604672285,uniform,6,2,0.65,0.7,OPTIMAL,150.02433007417994,150.02433007417991,0.0,0.003517699980875477,True,True,geo_qpg_u,True,173.53567133348423,1.3740000140387565,58.0,2036.0,,,,,,N4_ATOMIC,0.15671685551056314
SP1_N4_DISTRIBUTED_FAMILY_v2,E5_DPOP_SMALL,E5_DPOP:N6:K2:uniform:cv0.65:p0.7:r2,1604672285,uniform,6,2,0.65,0.7,OPTIMAL,150.02433007417994,150.02433007417991,0.0,0.003517699980875477,True,True,geo_qpg_p,True,150.02433007417994,5.034200003137812,119.0,4436.0,,,,,,N4_ATOMIC,0.0
SP1_N4_DISTRIBUTED_FAMILY_v2,E5_DPOP_SMALL,E5_DPOP:N6:K2:uniform:cv0.65:p0.7:r2,1604672285,uniform,6,2,0.65,0.7,OPTIMAL,150.02433007417994,150.02433007417991,0.0,0.003517699980875477,True,True,geo_qpg_c3,True,150.02433007417994,10.37119998363778,271.0,10516.0,,,,,,N4_ATOMIC,0.0
SP1_N4_DISTRIBUTED_FAMILY_v2,E5_DPOP_SMALL,E5_DPOP:N6:K2:uniform:cv0.65:p0.7:r2,1604672285,uniform,6,2,0.65,0.7,OPTIMAL,150.02433007417994,150.02433007417991,0.0,0.003517699980875477,True,True,geo_qpg_d,True,150.02433007417994,7.380700000794604,267.0,9928.0,,,,,,N4_ATOMIC,0.0
SP1_N4_DISTRIBUTED_FAMILY_v2,E5_DPOP_SMALL,E5_DPOP:N6:K2:uniform:cv0.65:p0.7:r3,1213634817,uniform,6,2,0.65,0.7,OPTIMAL,141.59471476918588,141.59471476918588,0.0,0.0014699999883305281,True,True,dpop_exact_small,True,141.59471476918588,5.35749999107793,10.0,2944.0,5.0,5.0,363.0,5.0,729.0,EXACT_DISTRIBUTED,0.0
SP1_N4_DISTRIBUTED_FAMILY_v2,E5_DPOP_SMALL,E5_DPOP:N6:K2:uniform:cv0.65:p0.7:r3,1213634817,uniform,6,2,0.65,0.7,OPTIMAL,141.59471476918588,141.59471476918588,0.0,0.0014699999883305281,True,True,milp_highs,True,141.59471476918588,1.4699999883305281,,,,,,,,CENTRAL_ORACLE,0.0
SP1_N4_DISTRIBUTED_FAMILY_v2,E5_DPOP_SMALL,E5_DPOP:N6:K2:uniform:cv0.65:p0.7:r3,1213634817,uniform,6,2,0.65,0.7,OPTIMAL,141.59471476918588,141.59471476918588,0.0,0.0014699999883305281,True,True,geo_qpg_u,True,160.83084428518447,1.6469999973196536,72.0,2560.0,,,,,,N4_ATOMIC,0.13585344302826188
SP1_N4_DISTRIBUTED_FAMILY_v2,E5_DPOP_SMALL,E5_DPOP:N6:K2:uniform:cv0.65:p0.7:r3,1213634817,uniform,6,2,0.65,0.7,OPTIMAL,141.59471476918588,141.59471476918588,0.0,0.0014699999883305281,True,True,geo_qpg_p,True,141.59471476918588,6.257100001676008,145.0,5472.0,,,,,,N4_ATOMIC,0.0
SP1_N4_DISTRIBUTED_FAMILY_v2,E5_DPOP_SMALL,E5_DPOP:N6:K2:uniform:cv0.65:p0.7:r3,1213634817,uniform,6,2,0.65,0.7,OPTIMAL,141.59471476918588,141.59471476918588,0.0,0.0014699999883305281,True,True,geo_qpg_c3,True,141.59471476918588,12.449200003175065,313.0,12192.0,,,,,,N4_ATOMIC,0.0
SP1_N4_DISTRIBUTED_FAMILY_v2,E5_DPOP_SMALL,E5_DPOP:N6:K2:uniform:cv0.65:p0.7:r3,1213634817,uniform,6,2,0.65,0.7,OPTIMAL,141.59471476918588,141.59471476918588,0.0,0.0014699999883305281,True,True,geo_qpg_d,True,141.59471476918588,9.705100004794076,217.0,7944.0,,,,,,N4_ATOMIC,0.0
SP1_N4_DISTRIBUTED_FAMILY_v2,E5_DPOP_SMALL,E5_DPOP:N6:K2:uniform:cv0.65:p0.7:r4,23095544,uniform,6,2,0.65,0.7,OPTIMAL,128.0269394021186,128.02693940211856,0.0,0.0019182999967597425,True,True,dpop_exact_small,True,128.02693940211856,3.9576000126544386,10.0,2944.0,5.0,5.0,363.0,5.0,729.0,EXACT_DISTRIBUTED,-2.2199788234517216e-16
SP1_N4_DISTRIBUTED_FAMILY_v2,E5_DPOP_SMALL,E5_DPOP:N6:K2:uniform:cv0.65:p0.7:r4,23095544,uniform,6,2,0.65,0.7,OPTIMAL,128.0269394021186,128.02693940211856,0.0,0.0019182999967597425,True,True,milp_highs,True,128.0269394021186,1.9182999967597425,,,,,,,,CENTRAL_ORACLE,0.0
SP1_N4_DISTRIBUTED_FAMILY_v2,E5_DPOP_SMALL,E5_DPOP:N6:K2:uniform:cv0.65:p0.7:r4,23095544,uniform,6,2,0.65,0.7,OPTIMAL,128.0269394021186,128.02693940211856,0.0,0.0019182999967597425,True,True,geo_qpg_u,True,147.79433388593884,1.7803999944590032,47.0,1624.0,,,,,,N4_ATOMIC,0.15440027369343756
SP1_N4_DISTRIBUTED_FAMILY_v2,E5_DPOP_SMALL,E5_DPOP:N6:K2:uniform:cv0.65:p0.7:r4,23095544,uniform,6,2,0.65,0.7,OPTIMAL,128.0269394021186,128.02693940211856,0.0,0.0019182999967597425,True,True,geo_qpg_p,True,147.79433388593884,5.562100006500259,103.0,3864.0,,,,,,N4_ATOMIC,0.15440027369343756
SP1_N4_DISTRIBUTED_FAMILY_v2,E5_DPOP_SMALL,E5_DPOP:N6:K2:uniform:cv0.65:p0.7:r4,23095544,uniform,6,2,0.65,0.7,OPTIMAL,128.0269394021186,128.02693940211856,0.0,0.0019182999967597425,True,True,geo_qpg_c3,True,128.0269394021186,12.768199987476692,311.0,12164.0,,,,,,N4_ATOMIC,0.0
SP1_N4_DISTRIBUTED_FAMILY_v2,E5_DPOP_SMALL,E5_DPOP:N6:K2:uniform:cv0.65:p0.7:r4,23095544,uniform,6,2,0.65,0.7,OPTIMAL,128.0269394021186,128.02693940211856,0.0,0.0019182999967597425,True,True,geo_qpg_d,True,128.0269394021186,5.308299994794652,148.0,5328.0,,,,,,N4_ATOMIC,0.0
SP1_N4_DISTRIBUTED_FAMILY_v2,E5_DPOP_SMALL,E5_DPOP:N6:K2:uniform:cv0.65:p0.7:r5,65795520,uniform,6,2,0.65,0.7,OPTIMAL,148.9403534901967,148.94035349019669,0.0,0.0012542999756988138,True,True,dpop_exact_small,True,148.9403534901967,4.1074999899137765,10.0,2944.0,5.0,5.0,363.0,5.0,729.0,EXACT_DISTRIBUTED,0.0
SP1_N4_DISTRIBUTED_FAMILY_v2,E5_DPOP_SMALL,E5_DPOP:N6:K2:uniform:cv0.65:p0.7:r5,65795520,uniform,6,2,0.65,0.7,OPTIMAL,148.9403534901967,148.94035349019669,0.0,0.0012542999756988138,True,True,milp_highs,True,148.9403534901967,1.2542999756988138,,,,,,,,CENTRAL_ORACLE,0.0
SP1_N4_DISTRIBUTED_FAMILY_v2,E5_DPOP_SMALL,E5_DPOP:N6:K2:uniform:cv0.65:p0.7:r5,65795520,uniform,6,2,0.65,0.7,OPTIMAL,148.9403534901967,148.94035349019669,0.0,0.0012542999756988138,True,True,geo_qpg_u,True,242.09465087734446,1.1158999986946583,37.0,1304.0,,,,,,N4_ATOMIC,0.6254470007906835
SP1_N4_DISTRIBUTED_FAMILY_v2,E5_DPOP_SMALL,E5_DPOP:N6:K2:uniform:cv0.65:p0.7:r5,65795520,uniform,6,2,0.65,0.7,OPTIMAL,148.9403534901967,148.94035349019669,0.0,0.0012542999756988138,True,True,geo_qpg_p,True,192.18325805774734,5.1448000012896955,120.0,4624.0,,,,,,N4_ATOMIC,0.2903370614760685
SP1_N4_DISTRIBUTED_FAMILY_v2,E5_DPOP_SMALL,E5_DPOP:N6:K2:uniform:cv0.65:p0.7:r5,65795520,uniform,6,2,0.65,0.7,OPTIMAL,148.9403534901967,148.94035349019669,0.0,0.0012542999756988138,True,True,geo_qpg_c3,True,148.9403534901967,12.503600009949878,377.0,14908.0,,,,,,N4_ATOMIC,0.0
SP1_N4_DISTRIBUTED_FAMILY_v2,E5_DPOP_SMALL,E5_DPOP:N6:K2:uniform:cv0.65:p0.7:r5,65795520,uniform,6,2,0.65,0.7,OPTIMAL,148.9403534901967,148.94035349019669,0.0,0.0012542999756988138,True,True,geo_qpg_d,True,192.18325805774734,5.441499990411103,187.0,6548.0,,,,,,N4_ATOMIC,0.2903370614760685
SP1_N4_DISTRIBUTED_FAMILY_v2,E5_DPOP_SMALL,E5_DPOP:N6:K2:uniform:cv0.65:p0.7:r6,151354535,uniform,6,2,0.65,0.7,OPTIMAL,274.44458677324616,274.44458677324616,0.0,0.0017129999760072678,True,True,dpop_exact_small,True,274.4445867732461,4.151300003286451,10.0,2944.0,5.0,5.0,363.0,5.0,729.0,EXACT_DISTRIBUTED,-2.071216617137129e-16
SP1_N4_DISTRIBUTED_FAMILY_v2,E5_DPOP_SMALL,E5_DPOP:N6:K2:uniform:cv0.65:p0.7:r6,151354535,uniform,6,2,0.65,0.7,OPTIMAL,274.44458677324616,274.44458677324616,0.0,0.0017129999760072678,True,True,milp_highs,True,274.44458677324616,1.7129999760072678,,,,,,,,CENTRAL_ORACLE,0.0
SP1_N4_DISTRIBUTED_FAMILY_v2,E5_DPOP_SMALL,E5_DPOP:N6:K2:uniform:cv0.65:p0.7:r6,151354535,uniform,6,2,0.65,0.7,OPTIMAL,274.44458677324616,274.44458677324616,0.0,0.0017129999760072678,True,True,geo_qpg_u,True,274.782826584656,1.3384999765548855,35.0,1220.0,,,,,,N4_ATOMIC,0.0012324521149666484
SP1_N4_DISTRIBUTED_FAMILY_v2,E5_DPOP_SMALL,E5_DPOP:N6:K2:uniform:cv0.65:p0.7:r6,151354535,uniform,6,2,0.65,0.7,OPTIMAL,274.44458677324616,274.44458677324616,0.0,0.0017129999760072678,True,True,geo_qpg_p,True,274.4445867732461,6.0286000079941005,116.0,4452.0,,,,,,N4_ATOMIC,-2.071216617137129e-16
SP1_N4_DISTRIBUTED_FAMILY_v2,E5_DPOP_SMALL,E5_DPOP:N6:K2:uniform:cv0.65:p0.7:r6,151354535,uniform,6,2,0.65,0.7,OPTIMAL,274.44458677324616,274.44458677324616,0.0,0.0017129999760072678,True,True,geo_qpg_c3,True,274.4445867732461,13.270199997350574,284.0,11172.0,,,,,,N4_ATOMIC,-2.071216617137129e-16
SP1_N4_DISTRIBUTED_FAMILY_v2,E5_DPOP_SMALL,E5_DPOP:N6:K2:uniform:cv0.65:p0.7:r6,151354535,uniform,6,2,0.65,0.7,OPTIMAL,274.44458677324616,274.44458677324616,0.0,0.0017129999760072678,True,True,geo_qpg_d,True,274.4445867732461,8.958499995060265,286.0,10340.0,,,,,,N4_ATOMIC,-2.071216617137129e-16
SP1_N4_DISTRIBUTED_FAMILY_v2,E5_DPOP_SMALL,E5_DPOP:N6:K2:uniform:cv0.65:p0.7:r7,3602519020,uniform,6,2,0.65,0.7,OPTIMAL,148.06315659519038,148.06315659519038,0.0,0.0019018000166397542,True,True,dpop_exact_small,True,148.06315659519038,3.794799995375797,10.0,2944.0,5.0,5.0,363.0,5.0,729.0,EXACT_DISTRIBUTED,0.0
SP1_N4_DISTRIBUTED_FAMILY_v2,E5_DPOP_SMALL,E5_DPOP:N6:K2:uniform:cv0.65:p0.7:r7,3602519020,uniform,6,2,0.65,0.7,OPTIMAL,148.06315659519038,148.06315659519038,0.0,0.0019018000166397542,True,True,milp_highs,True,148.06315659519038,1.9018000166397542,,,,,,,,CENTRAL_ORACLE,0.0
SP1_N4_DISTRIBUTED_FAMILY_v2,E5_DPOP_SMALL,E5_DPOP:N6:K2:uniform:cv0.65:p0.7:r7,3602519020,uniform,6,2,0.65,0.7,OPTIMAL,148.06315659519038,148.06315659519038,0.0,0.0019018000166397542,True,True,geo_qpg_u,True,251.09001343358676,1.571700006024912,55.0,1960.0,,,,,,N4_ATOMIC,0.6958304767206555
SP1_N4_DISTRIBUTED_FAMILY_v2,E5_DPOP_SMALL,E5_DPOP:N6:K2:uniform:cv0.65:p0.7:r7,3602519020,uniform,6,2,0.65,0.7,OPTIMAL,148.06315659519038,148.06315659519038,0.0,0.0019018000166397542,True,True,geo_qpg_p,True,157.83744913267506,6.472999986726791,152.0,5880.0,,,,,,N4_ATOMIC,0.06601434659540541
SP1_N4_DISTRIBUTED_FAMILY_v2,E5_DPOP_SMALL,E5_DPOP:N6:K2:uniform:cv0.65:p0.7:r7,3602519020,uniform,6,2,0.65,0.7,OPTIMAL,148.06315659519038,148.06315659519038,0.0,0.0019018000166397542,True,True,geo_qpg_c3,True,148.06315659519038,12.12989998748526,382.0,15144.0,,,,,,N4_ATOMIC,0.0
SP1_N4_DISTRIBUTED_FAMILY_v2,E5_DPOP_SMALL,E5_DPOP:N6:K2:uniform:cv0.65:p0.7:r7,3602519020,uniform,6,2,0.65,0.7,OPTIMAL,148.06315659519038,148.06315659519038,0.0,0.0019018000166397542,True,True,geo_qpg_d,True,157.83744913267506,7.287000014912337,216.0,7800.0,,,,,,N4_ATOMIC,0.06601434659540541
SP1_N4_DISTRIBUTED_FAMILY_v2,E5_DPOP_SMALL,E5_DPOP:N6:K2:uniform:cv0.65:p0.7:r8,2715403394,uniform,6,2,0.65,0.7,OPTIMAL,98.11618011012001,98.11618011012001,0.0,0.0015020999999251217,True,True,dpop_exact_small,True,98.11618011012001,3.7680999957956374,10.0,2944.0,5.0,5.0,363.0,5.0,729.0,EXACT_DISTRIBUTED,0.0
SP1_N4_DISTRIBUTED_FAMILY_v2,E5_DPOP_SMALL,E5_DPOP:N6:K2:uniform:cv0.65:p0.7:r8,2715403394,uniform,6,2,0.65,0.7,OPTIMAL,98.11618011012001,98.11618011012001,0.0,0.0015020999999251217,True,True,milp_highs,True,98.11618011012001,1.5020999999251217,,,,,,,,CENTRAL_ORACLE,0.0
SP1_N4_DISTRIBUTED_FAMILY_v2,E5_DPOP_SMALL,E5_DPOP:N6:K2:uniform:cv0.65:p0.7:r8,2715403394,uniform,6,2,0.65,0.7,OPTIMAL,98.11618011012001,98.11618011012001,0.0,0.0015020999999251217,True,True,geo_qpg_u,True,218.29991621678965,1.305399986449629,33.0,1136.0,,,,,,N4_ATOMIC,1.2249125064977282
SP1_N4_DISTRIBUTED_FAMILY_v2,E5_DPOP_SMALL,E5_DPOP:N6:K2:uniform:cv0.65:p0.7:r8,2715403394,uniform,6,2,0.65,0.7,OPTIMAL,98.11618011012001,98.11618011012001,0.0,0.0015020999999251217,True,True,geo_qpg_p,True,218.29991621678965,5.659299989929423,73.0,2736.0,,,,,,N4_ATOMIC,1.2249125064977282
SP1_N4_DISTRIBUTED_FAMILY_v2,E5_DPOP_SMALL,E5_DPOP:N6:K2:uniform:cv0.65:p0.7:r8,2715403394,uniform,6,2,0.65,0.7,OPTIMAL,98.11618011012001,98.11618011012001,0.0,0.0015020999999251217,True,True,geo_qpg_c3,True,98.11618011012001,8.30729998415336,223.0,8728.0,,,,,,N4_ATOMIC,0.0
SP1_N4_DISTRIBUTED_FAMILY_v2,E5_DPOP_SMALL,E5_DPOP:N6:K2:uniform:cv0.65:p0.7:r8,2715403394,uniform,6,2,0.65,0.7,OPTIMAL,98.11618011012001,98.11618011012001,0.0,0.0015020999999251217,True,True,geo_qpg_d,True,98.11618011012001,7.023699989076704,159.0,5516.0,,,,,,N4_ATOMIC,0.0
SP1_N4_DISTRIBUTED_FAMILY_v2,E5_DPOP_SMALL,E5_DPOP:N6:K2:uniform:cv0.65:p0.7:r9,1318995904,uniform,6,2,0.65,0.7,OPTIMAL,253.38580524445825,253.38580524445825,0.0,0.0017834999889601022,True,True,dpop_exact_small,True,253.38580524445825,3.9247999957296997,10.0,2944.0,5.0,5.0,363.0,5.0,729.0,EXACT_DISTRIBUTED,0.0
SP1_N4_DISTRIBUTED_FAMILY_v2,E5_DPOP_SMALL,E5_DPOP:N6:K2:uniform:cv0.65:p0.7:r9,1318995904,uniform,6,2,0.65,0.7,OPTIMAL,253.38580524445825,253.38580524445825,0.0,0.0017834999889601022,True,True,milp_highs,True,253.38580524445825,1.7834999889601022,,,,,,,,CENTRAL_ORACLE,0.0
SP1_N4_DISTRIBUTED_FAMILY_v2,E5_DPOP_SMALL,E5_DPOP:N6:K2:uniform:cv0.65:p0.7:r9,1318995904,uniform,6,2,0.65,0.7,OPTIMAL,253.38580524445825,253.38580524445825,0.0,0.0017834999889601022,True,True,geo_qpg_u,True,263.8469908488298,1.7213999817613512,62.0,2204.0,,,,,,N4_ATOMIC,0.04128560238123426
SP1_N4_DISTRIBUTED_FAMILY_v2,E5_DPOP_SMALL,E5_DPOP:N6:K2:uniform:cv0.65:p0.7:r9,1318995904,uniform,6,2,0.65,0.7,OPTIMAL,253.38580524445825,253.38580524445825,0.0,0.0017834999889601022,True,True,geo_qpg_p,True,253.38580524445825,7.7173999743536115,162.0,6188.0,,,,,,N4_ATOMIC,0.0
SP1_N4_DISTRIBUTED_FAMILY_v2,E5_DPOP_SMALL,E5_DPOP:N6:K2:uniform:cv0.65:p0.7:r9,1318995904,uniform,6,2,0.65,0.7,OPTIMAL,253.38580524445825,253.38580524445825,0.0,0.0017834999889601022,True,True,geo_qpg_c3,True,253.38580524445825,10.364599991589785,334.0,13068.0,,,,,,N4_ATOMIC,0.0
SP1_N4_DISTRIBUTED_FAMILY_v2,E5_DPOP_SMALL,E5_DPOP:N6:K2:uniform:cv0.65:p0.7:r9,1318995904,uniform,6,2,0.65,0.7,OPTIMAL,253.38580524445825,253.38580524445825,0.0,0.0017834999889601022,True,True,geo_qpg_d,True,253.38580524445825,4.902400018181652,192.0,6716.0,,,,,,N4_ATOMIC,0.0
SP1_N4_DISTRIBUTED_FAMILY_v2,E5_DPOP_SMALL,E5_DPOP:N6:K2:uniform:cv0.65:p0.85:r0,3893765898,uniform,6,2,0.65,0.85,OPTIMAL,235.84299383270266,235.84299383270263,0.0,0.002081899991026148,True,True,dpop_exact_small,True,235.84299383270263,3.9037000096868724,10.0,2944.0,5.0,5.0,363.0,5.0,729.0,EXACT_DISTRIBUTED,-1.2051114586242576e-16
SP1_N4_DISTRIBUTED_FAMILY_v2,E5_DPOP_SMALL,E5_DPOP:N6:K2:uniform:cv0.65:p0.85:r0,3893765898,uniform,6,2,0.65,0.85,OPTIMAL,235.84299383270266,235.84299383270263,0.0,0.002081899991026148,True,True,milp_highs,True,235.84299383270266,2.081899991026148,,,,,,,,CENTRAL_ORACLE,0.0
SP1_N4_DISTRIBUTED_FAMILY_v2,E5_DPOP_SMALL,E5_DPOP:N6:K2:uniform:cv0.65:p0.85:r0,3893765898,uniform,6,2,0.65,0.85,OPTIMAL,235.84299383270266,235.84299383270263,0.0,0.002081899991026148,True,True,geo_qpg_u,True,289.7661887314082,1.6152999887708575,47.0,1624.0,,,,,,N4_ATOMIC,0.22864022383025054
SP1_N4_DISTRIBUTED_FAMILY_v2,E5_DPOP_SMALL,E5_DPOP:N6:K2:uniform:cv0.65:p0.85:r0,3893765898,uniform,6,2,0.65,0.85,OPTIMAL,235.84299383270266,235.84299383270263,0.0,0.002081899991026148,True,True,geo_qpg_p,True,240.87814271309364,8.397500001592562,156.0,5940.0,,,,,,N4_ATOMIC,0.021349580068351342
SP1_N4_DISTRIBUTED_FAMILY_v2,E5_DPOP_SMALL,E5_DPOP:N6:K2:uniform:cv0.65:p0.85:r0,3893765898,uniform,6,2,0.65,0.85,OPTIMAL,235.84299383270266,235.84299383270263,0.0,0.002081899991026148,True,True,geo_qpg_c3,True,240.87814271309364,13.545699999667704,316.0,12340.0,,,,,,N4_ATOMIC,0.021349580068351342
SP1_N4_DISTRIBUTED_FAMILY_v2,E5_DPOP_SMALL,E5_DPOP:N6:K2:uniform:cv0.65:p0.85:r0,3893765898,uniform,6,2,0.65,0.85,OPTIMAL,235.84299383270266,235.84299383270263,0.0,0.002081899991026148,True,True,geo_qpg_d,True,235.84299383270266,6.186099984915927,166.0,5864.0,,,,,,N4_ATOMIC,0.0
SP1_N4_DISTRIBUTED_FAMILY_v2,E5_DPOP_SMALL,E5_DPOP:N6:K2:uniform:cv0.65:p0.85:r1,2472949986,uniform,6,2,0.65,0.85,OPTIMAL,193.0063875244319,193.0063875244319,0.0,0.002207200013799593,True,True,dpop_exact_small,True,193.00638752443191,4.488500009756535,10.0,2944.0,5.0,5.0,363.0,5.0,729.0,EXACT_DISTRIBUTED,1.472578695189879e-16
SP1_N4_DISTRIBUTED_FAMILY_v2,E5_DPOP_SMALL,E5_DPOP:N6:K2:uniform:cv0.65:p0.85:r1,2472949986,uniform,6,2,0.65,0.85,OPTIMAL,193.0063875244319,193.0063875244319,0.0,0.002207200013799593,True,True,milp_highs,True,193.0063875244319,2.207200013799593,,,,,,,,CENTRAL_ORACLE,0.0
SP1_N4_DISTRIBUTED_FAMILY_v2,E5_DPOP_SMALL,E5_DPOP:N6:K2:uniform:cv0.65:p0.85:r1,2472949986,uniform,6,2,0.65,0.85,OPTIMAL,193.0063875244319,193.0063875244319,0.0,0.002207200013799593,True,True,geo_qpg_u,True,233.6942827667269,1.350500009721145,51.0,1792.0,,,,,,N4_ATOMIC,0.2108111330623423
SP1_N4_DISTRIBUTED_FAMILY_v2,E5_DPOP_SMALL,E5_DPOP:N6:K2:uniform:cv0.65:p0.85:r1,2472949986,uniform,6,2,0.65,0.85,OPTIMAL,193.0063875244319,193.0063875244319,0.0,0.002207200013799593,True,True,geo_qpg_p,True,193.0063875244319,5.190199997741729,117.0,4396.0,,,,,,N4_ATOMIC,0.0
SP1_N4_DISTRIBUTED_FAMILY_v2,E5_DPOP_SMALL,E5_DPOP:N6:K2:uniform:cv0.65:p0.85:r1,2472949986,uniform,6,2,0.65,0.85,OPTIMAL,193.0063875244319,193.0063875244319,0.0,0.002207200013799593,True,True,geo_qpg_c3,True,193.0063875244319,9.84529999550432,253.0,9836.0,,,,,,N4_ATOMIC,0.0
SP1_N4_DISTRIBUTED_FAMILY_v2,E5_DPOP_SMALL,E5_DPOP:N6:K2:uniform:cv0.65:p0.85:r1,2472949986,uniform,6,2,0.65,0.85,OPTIMAL,193.0063875244319,193.0063875244319,0.0,0.002207200013799593,True,True,geo_qpg_d,True,193.0063875244319,6.284100003540516,198.0,6988.0,,,,,,N4_ATOMIC,0.0
SP1_N4_DISTRIBUTED_FAMILY_v2,E5_DPOP_SMALL,E5_DPOP:N6:K2:uniform:cv0.65:p0.85:r2,2596076971,uniform,6,2,0.65,0.85,OPTIMAL,289.44703082515537,289.4470308251553,0.0,0.0013827999937348068,True,True,dpop_exact_small,True,289.4470308251553,3.8770999817643315,10.0,2944.0,5.0,5.0,363.0,5.0,729.0,EXACT_DISTRIBUTED,-1.9638625657606107e-16
SP1_N4_DISTRIBUTED_FAMILY_v2,E5_DPOP_SMALL,E5_DPOP:N6:K2:uniform:cv0.65:p0.85:r2,2596076971,uniform,6,2,0.65,0.85,OPTIMAL,289.44703082515537,289.4470308251553,0.0,0.0013827999937348068,True,True,milp_highs,True,289.44703082515537,1.3827999937348068,,,,,,,,CENTRAL_ORACLE,0.0
SP1_N4_DISTRIBUTED_FAMILY_v2,E5_DPOP_SMALL,E5_DPOP:N6:K2:uniform:cv0.65:p0.85:r2,2596076971,uniform,6,2,0.65,0.85,OPTIMAL,289.44703082515537,289.4470308251553,0.0,0.0013827999937348068,True,True,geo_qpg_u,True,316.05395448628553,1.5845000161789358,63.0,2220.0,,,,,,N4_ATOMIC,0.091923291060472
SP1_N4_DISTRIBUTED_FAMILY_v2,E5_DPOP_SMALL,E5_DPOP:N6:K2:uniform:cv0.65:p0.85:r2,2596076971,uniform,6,2,0.65,0.85,OPTIMAL,289.44703082515537,289.4470308251553,0.0,0.0013827999937348068,True,True,geo_qpg_p,True,289.44703082515537,6.180600001243874,144.0,5484.0,,,,,,N4_ATOMIC,0.0
SP1_N4_DISTRIBUTED_FAMILY_v2,E5_DPOP_SMALL,E5_DPOP:N6:K2:uniform:cv0.65:p0.85:r2,2596076971,uniform,6,2,0.65,0.85,OPTIMAL,289.44703082515537,289.4470308251553,0.0,0.0013827999937348068,True,True,geo_qpg_c3,True,289.44703082515537,11.440300004323944,308.0,12044.0,,,,,,N4_ATOMIC,0.0
SP1_N4_DISTRIBUTED_FAMILY_v2,E5_DPOP_SMALL,E5_DPOP:N6:K2:uniform:cv0.65:p0.85:r2,2596076971,uniform,6,2,0.65,0.85,OPTIMAL,289.44703082515537,289.4470308251553,0.0,0.0013827999937348068,True,True,geo_qpg_d,True,289.44703082515537,6.70430000172928,157.0,5632.0,,,,,,N4_ATOMIC,0.0
SP1_N4_DISTRIBUTED_FAMILY_v2,E5_DPOP_SMALL,E5_DPOP:N6:K2:uniform:cv0.65:p0.85:r3,4246909590,uniform,6,2,0.65,0.85,OPTIMAL,193.86764018763404,193.86764018763404,0.0,0.001424000016413629,True,True,dpop_exact_small,True,193.86764018763404,4.384200001368299,10.0,2944.0,5.0,5.0,363.0,5.0,729.0,EXACT_DISTRIBUTED,0.0
SP1_N4_DISTRIBUTED_FAMILY_v2,E5_DPOP_SMALL,E5_DPOP:N6:K2:uniform:cv0.65:p0.85:r3,4246909590,uniform,6,2,0.65,0.85,OPTIMAL,193.86764018763404,193.86764018763404,0.0,0.001424000016413629,True,True,milp_highs,True,193.86764018763404,1.424000016413629,,,,,,,,CENTRAL_ORACLE,0.0
SP1_N4_DISTRIBUTED_FAMILY_v2,E5_DPOP_SMALL,E5_DPOP:N6:K2:uniform:cv0.65:p0.85:r3,4246909590,uniform,6,2,0.65,0.85,OPTIMAL,193.86764018763404,193.86764018763404,0.0,0.001424000016413629,True,True,geo_qpg_u,True,266.9963503105381,1.7895999772008508,47.0,1624.0,,,,,,N4_ATOMIC,0.377209471638107
SP1_N4_DISTRIBUTED_FAMILY_v2,E5_DPOP_SMALL,E5_DPOP:N6:K2:uniform:cv0.65:p0.85:r3,4246909590,uniform,6,2,0.65,0.85,OPTIMAL,193.86764018763404,193.86764018763404,0.0,0.001424000016413629,True,True,geo_qpg_p,True,251.38584768779367,6.589500000700355,122.0,4616.0,,,,,,N4_ATOMIC,0.29668802614242823
SP1_N4_DISTRIBUTED_FAMILY_v2,E5_DPOP_SMALL,E5_DPOP:N6:K2:uniform:cv0.65:p0.85:r3,4246909590,uniform,6,2,0.65,0.85,OPTIMAL,193.86764018763404,193.86764018763404,0.0,0.001424000016413629,True,True,geo_qpg_c3,True,193.86764018763407,12.027300021145493,307.0,12036.0,,,,,,N4_ATOMIC,1.4660367972136127e-16
SP1_N4_DISTRIBUTED_FAMILY_v2,E5_DPOP_SMALL,E5_DPOP:N6:K2:uniform:cv0.65:p0.85:r3,4246909590,uniform,6,2,0.65,0.85,OPTIMAL,193.86764018763404,193.86764018763404,0.0,0.001424000016413629,True,True,geo_qpg_d,True,234.4119636669921,7.039399992208928,223.0,7924.0,,,,,,N4_ATOMIC,0.20913404341290484
SP1_N4_DISTRIBUTED_FAMILY_v2,E5_DPOP_SMALL,E5_DPOP:N6:K2:uniform:cv0.65:p0.85:r4,807365922,uniform,6,2,0.65,0.85,OPTIMAL,171.32437738427026,171.32437738427026,0.0,0.0014936999941710383,True,True,dpop_exact_small,True,171.3243773842703,3.738299972610548,10.0,2944.0,5.0,5.0,363.0,5.0,729.0,EXACT_DISTRIBUTED,1.6589413523246505e-16
SP1_N4_DISTRIBUTED_FAMILY_v2,E5_DPOP_SMALL,E5_DPOP:N6:K2:uniform:cv0.65:p0.85:r4,807365922,uniform,6,2,0.65,0.85,OPTIMAL,171.32437738427026,171.32437738427026,0.0,0.0014936999941710383,True,True,milp_highs,True,171.32437738427026,1.4936999941710383,,,,,,,,CENTRAL_ORACLE,0.0
SP1_N4_DISTRIBUTED_FAMILY_v2,E5_DPOP_SMALL,E5_DPOP:N6:K2:uniform:cv0.65:p0.85:r4,807365922,uniform,6,2,0.65,0.85,OPTIMAL,171.32437738427026,171.32437738427026,0.0,0.0014936999941710383,True,True,geo_qpg_u,True,176.26980594280778,1.5576000150758773,53.0,1876.0,,,,,,N4_ATOMIC,0.028865877898071775
SP1_N4_DISTRIBUTED_FAMILY_v2,E5_DPOP_SMALL,E5_DPOP:N6:K2:uniform:cv0.65:p0.85:r4,807365922,uniform,6,2,0.65,0.85,OPTIMAL,171.32437738427026,171.32437738427026,0.0,0.0014936999941710383,True,True,geo_qpg_p,True,176.26980594280778,4.925000015646219,89.0,3316.0,,,,,,N4_ATOMIC,0.028865877898071775
SP1_N4_DISTRIBUTED_FAMILY_v2,E5_DPOP_SMALL,E5_DPOP:N6:K2:uniform:cv0.65:p0.85:r4,807365922,uniform,6,2,0.65,0.85,OPTIMAL,171.32437738427026,171.32437738427026,0.0,0.0014936999941710383,True,True,geo_qpg_c3,True,171.32437738427026,8.59030001447536,216.0,8416.0,,,,,,N4_ATOMIC,0.0
SP1_N4_DISTRIBUTED_FAMILY_v2,E5_DPOP_SMALL,E5_DPOP:N6:K2:uniform:cv0.65:p0.85:r4,807365922,uniform,6,2,0.65,0.85,OPTIMAL,171.32437738427026,171.32437738427026,0.0,0.0014936999941710383,True,True,geo_qpg_d,True,176.26980594280778,5.570100009208545,166.0,5744.0,,,,,,N4_ATOMIC,0.028865877898071775
SP1_N4_DISTRIBUTED_FAMILY_v2,E5_DPOP_SMALL,E5_DPOP:N6:K2:uniform:cv0.65:p0.85:r5,2014917052,uniform,6,2,0.65,0.85,OPTIMAL,236.2251776146939,236.2251776146939,0.0,0.005174999998416752,True,True,dpop_exact_small,True,236.22517761469396,3.3522000012453645,10.0,2944.0,5.0,5.0,363.0,5.0,729.0,EXACT_DISTRIBUTED,2.406323467921151e-16
SP1_N4_DISTRIBUTED_FAMILY_v2,E5_DPOP_SMALL,E5_DPOP:N6:K2:uniform:cv0.65:p0.85:r5,2014917052,uniform,6,2,0.65,0.85,OPTIMAL,236.2251776146939,236.2251776146939,0.0,0.005174999998416752,True,True,milp_highs,True,236.2251776146939,5.174999998416752,,,,,,,,CENTRAL_ORACLE,0.0
SP1_N4_DISTRIBUTED_FAMILY_v2,E5_DPOP_SMALL,E5_DPOP:N6:K2:uniform:cv0.65:p0.85:r5,2014917052,uniform,6,2,0.65,0.85,OPTIMAL,236.2251776146939,236.2251776146939,0.0,0.005174999998416752,True,True,geo_qpg_u,True,236.4606882505968,1.433600002201274,61.0,2124.0,,,,,,N4_ATOMIC,0.0009969751670037418
SP1_N4_DISTRIBUTED_FAMILY_v2,E5_DPOP_SMALL,E5_DPOP:N6:K2:uniform:cv0.65:p0.85:r5,2014917052,uniform,6,2,0.65,0.85,OPTIMAL,236.2251776146939,236.2251776146939,0.0,0.005174999998416752,True,True,geo_qpg_p,True,236.225177614694,6.4205999951809645,118.0,4396.0,,,,,,N4_ATOMIC,3.609485201881727e-16
SP1_N4_DISTRIBUTED_FAMILY_v2,E5_DPOP_SMALL,E5_DPOP:N6:K2:uniform:cv0.65:p0.85:r5,2014917052,uniform,6,2,0.65,0.85,OPTIMAL,236.2251776146939,236.2251776146939,0.0,0.005174999998416752,True,True,geo_qpg_c3,True,236.225177614694,9.028100001160055,246.0,9516.0,,,,,,N4_ATOMIC,3.609485201881727e-16
SP1_N4_DISTRIBUTED_FAMILY_v2,E5_DPOP_SMALL,E5_DPOP:N6:K2:uniform:cv0.65:p0.85:r5,2014917052,uniform,6,2,0.65,0.85,OPTIMAL,236.2251776146939,236.2251776146939,0.0,0.005174999998416752,True,True,geo_qpg_d,True,254.6663380171951,5.458500003442168,190.0,6664.0,,,,,,N4_ATOMIC,0.07806602407377808
SP1_N4_DISTRIBUTED_FAMILY_v2,E5_DPOP_SMALL,E5_DPOP:N6:K2:uniform:cv0.65:p0.85:r6,2700132999,uniform,6,2,0.65,0.85,OPTIMAL,230.9687321658078,230.96873216580778,0.0,0.0020422999805305153,True,True,dpop_exact_small,True,230.9687321658078,3.7757999962195754,10.0,2944.0,5.0,5.0,363.0,5.0,729.0,EXACT_DISTRIBUTED,0.0
SP1_N4_DISTRIBUTED_FAMILY_v2,E5_DPOP_SMALL,E5_DPOP:N6:K2:uniform:cv0.65:p0.85:r6,2700132999,uniform,6,2,0.65,0.85,OPTIMAL,230.9687321658078,230.96873216580778,0.0,0.0020422999805305153,True,True,milp_highs,True,230.9687321658078,2.0422999805305153,,,,,,,,CENTRAL_ORACLE,0.0
SP1_N4_DISTRIBUTED_FAMILY_v2,E5_DPOP_SMALL,E5_DPOP:N6:K2:uniform:cv0.65:p0.85:r6,2700132999,uniform,6,2,0.65,0.85,OPTIMAL,230.9687321658078,230.96873216580778,0.0,0.0020422999805305153,True,True,geo_qpg_u,True,253.61748873007178,1.9156000053044409,64.0,2212.0,,,,,,N4_ATOMIC,0.09805983845469131
SP1_N4_DISTRIBUTED_FAMILY_v2,E5_DPOP_SMALL,E5_DPOP:N6:K2:uniform:cv0.65:p0.85:r6,2700132999,uniform,6,2,0.65,0.85,OPTIMAL,230.9687321658078,230.96873216580778,0.0,0.0020422999805305153,True,True,geo_qpg_p,True,253.61748873007178,5.437899992102757,116.0,4292.0,,,,,,N4_ATOMIC,0.09805983845469131
SP1_N4_DISTRIBUTED_FAMILY_v2,E5_DPOP_SMALL,E5_DPOP:N6:K2:uniform:cv0.65:p0.85:r6,2700132999,uniform,6,2,0.65,0.85,OPTIMAL,230.9687321658078,230.96873216580778,0.0,0.0020422999805305153,True,True,geo_qpg_c3,True,253.61748873007178,11.290199996437877,272.0,10532.0,,,,,,N4_ATOMIC,0.09805983845469131
SP1_N4_DISTRIBUTED_FAMILY_v2,E5_DPOP_SMALL,E5_DPOP:N6:K2:uniform:cv0.65:p0.85:r6,2700132999,uniform,6,2,0.65,0.85,OPTIMAL,230.9687321658078,230.96873216580778,0.0,0.0020422999805305153,True,True,geo_qpg_d,True,297.08542407357754,5.379400012316182,135.0,4840.0,,,,,,N4_ATOMIC,0.286258192993439
SP1_N4_DISTRIBUTED_FAMILY_v2,E5_DPOP_SMALL,E5_DPOP:N6:K2:uniform:cv0.65:p0.85:r7,3000472290,uniform,6,2,0.65,0.85,OPTIMAL,258.16606774984274,258.1660677498428,0.0,0.0030774000042583793,True,True,dpop_exact_small,True,258.16606774984274,3.653799998573959,10.0,2944.0,5.0,5.0,363.0,5.0,729.0,EXACT_DISTRIBUTED,0.0
SP1_N4_DISTRIBUTED_FAMILY_v2,E5_DPOP_SMALL,E5_DPOP:N6:K2:uniform:cv0.65:p0.85:r7,3000472290,uniform,6,2,0.65,0.85,OPTIMAL,258.16606774984274,258.1660677498428,0.0,0.0030774000042583793,True,True,milp_highs,True,258.16606774984274,3.0774000042583793,,,,,,,,CENTRAL_ORACLE,0.0
SP1_N4_DISTRIBUTED_FAMILY_v2,E5_DPOP_SMALL,E5_DPOP:N6:K2:uniform:cv0.65:p0.85:r7,3000472290,uniform,6,2,0.65,0.85,OPTIMAL,258.16606774984274,258.1660677498428,0.0,0.0030774000042583793,True,True,geo_qpg_u,True,262.31859547907607,1.5986000071279705,53.0,1876.0,,,,,,N4_ATOMIC,0.016084715413712057
SP1_N4_DISTRIBUTED_FAMILY_v2,E5_DPOP_SMALL,E5_DPOP:N6:K2:uniform:cv0.65:p0.85:r7,3000472290,uniform,6,2,0.65,0.85,OPTIMAL,258.16606774984274,258.1660677498428,0.0,0.0030774000042583793,True,True,geo_qpg_p,True,260.3658524790512,4.307199997128919,104.0,3908.0,,,,,,N4_ATOMIC,0.00852081277908308
SP1_N4_DISTRIBUTED_FAMILY_v2,E5_DPOP_SMALL,E5_DPOP:N6:K2:uniform:cv0.65:p0.85:r7,3000472290,uniform,6,2,0.65,0.85,OPTIMAL,258.16606774984274,258.1660677498428,0.0,0.0030774000042583793,True,True,geo_qpg_c3,True,258.16606774984274,11.228099989239126,274.0,10772.0,,,,,,N4_ATOMIC,0.0
SP1_N4_DISTRIBUTED_FAMILY_v2,E5_DPOP_SMALL,E5_DPOP:N6:K2:uniform:cv0.65:p0.85:r7,3000472290,uniform,6,2,0.65,0.85,OPTIMAL,258.16606774984274,258.1660677498428,0.0,0.0030774000042583793,True,True,geo_qpg_d,True,258.16606774984274,4.755000001750886,161.0,5612.0,,,,,,N4_ATOMIC,0.0
SP1_N4_DISTRIBUTED_FAMILY_v2,E5_DPOP_SMALL,E5_DPOP:N6:K2:uniform:cv0.65:p0.85:r8,3612947580,uniform,6,2,0.65,0.85,OPTIMAL,179.56646870666464,179.5664687066646,0.0,0.0049193000013474375,True,True,dpop_exact_small,True,179.56646870666464,3.6723999946843833,10.0,2944.0,5.0,5.0,363.0,5.0,729.0,EXACT_DISTRIBUTED,0.0
SP1_N4_DISTRIBUTED_FAMILY_v2,E5_DPOP_SMALL,E5_DPOP:N6:K2:uniform:cv0.65:p0.85:r8,3612947580,uniform,6,2,0.65,0.85,OPTIMAL,179.56646870666464,179.5664687066646,0.0,0.0049193000013474375,True,True,milp_highs,True,179.56646870666464,4.9193000013474375,,,,,,,,CENTRAL_ORACLE,0.0
SP1_N4_DISTRIBUTED_FAMILY_v2,E5_DPOP_SMALL,E5_DPOP:N6:K2:uniform:cv0.65:p0.85:r8,3612947580,uniform,6,2,0.65,0.85,OPTIMAL,179.56646870666464,179.5664687066646,0.0,0.0049193000013474375,True,True,geo_qpg_u,True,179.56646870666464,1.5767999866511673,53.0,1876.0,,,,,,N4_ATOMIC,0.0
SP1_N4_DISTRIBUTED_FAMILY_v2,E5_DPOP_SMALL,E5_DPOP:N6:K2:uniform:cv0.65:p0.85:r8,3612947580,uniform,6,2,0.65,0.85,OPTIMAL,179.56646870666464,179.5664687066646,0.0,0.0049193000013474375,True,True,geo_qpg_p,True,179.56646870666464,4.259899986209348,93.0,3476.0,,,,,,N4_ATOMIC,0.0
SP1_N4_DISTRIBUTED_FAMILY_v2,E5_DPOP_SMALL,E5_DPOP:N6:K2:uniform:cv0.65:p0.85:r8,3612947580,uniform,6,2,0.65,0.85,OPTIMAL,179.56646870666464,179.5664687066646,0.0,0.0049193000013474375,True,True,geo_qpg_c3,True,179.56646870666464,9.1993999958504,233.0,9076.0,,,,,,N4_ATOMIC,0.0
SP1_N4_DISTRIBUTED_FAMILY_v2,E5_DPOP_SMALL,E5_DPOP:N6:K2:uniform:cv0.65:p0.85:r8,3612947580,uniform,6,2,0.65,0.85,OPTIMAL,179.56646870666464,179.5664687066646,0.0,0.0049193000013474375,True,True,geo_qpg_d,True,205.45768464674063,4.839800007175654,142.0,5028.0,,,,,,N4_ATOMIC,0.14418736486025824
SP1_N4_DISTRIBUTED_FAMILY_v2,E5_DPOP_SMALL,E5_DPOP:N6:K2:uniform:cv0.65:p0.85:r9,248775040,uniform,6,2,0.65,0.85,OPTIMAL,275.3897398855755,275.3897398855755,0.0,0.002627899986691773,True,True,dpop_exact_small,True,275.3897398855755,5.070800019893795,10.0,2944.0,5.0,5.0,363.0,5.0,729.0,EXACT_DISTRIBUTED,0.0
SP1_N4_DISTRIBUTED_FAMILY_v2,E5_DPOP_SMALL,E5_DPOP:N6:K2:uniform:cv0.65:p0.85:r9,248775040,uniform,6,2,0.65,0.85,OPTIMAL,275.3897398855755,275.3897398855755,0.0,0.002627899986691773,True,True,milp_highs,True,275.3897398855755,2.627899986691773,,,,,,,,CENTRAL_ORACLE,0.0
SP1_N4_DISTRIBUTED_FAMILY_v2,E5_DPOP_SMALL,E5_DPOP:N6:K2:uniform:cv0.65:p0.85:r9,248775040,uniform,6,2,0.65,0.85,OPTIMAL,275.3897398855755,275.3897398855755,0.0,0.002627899986691773,True,True,geo_qpg_u,True,362.677805968827,1.5981999749783427,52.0,1808.0,,,,,,N4_ATOMIC,0.3169619395389228
SP1_N4_DISTRIBUTED_FAMILY_v2,E5_DPOP_SMALL,E5_DPOP:N6:K2:uniform:cv0.65:p0.85:r9,248775040,uniform,6,2,0.65,0.85,OPTIMAL,275.3897398855755,275.3897398855755,0.0,0.002627899986691773,True,True,geo_qpg_p,True,339.63422463066,7.336999988183379,172.0,6624.0,,,,,,N4_ATOMIC,0.23328568730185112
SP1_N4_DISTRIBUTED_FAMILY_v2,E5_DPOP_SMALL,E5_DPOP:N6:K2:uniform:cv0.65:p0.85:r9,248775040,uniform,6,2,0.65,0.85,OPTIMAL,275.3897398855755,275.3897398855755,0.0,0.002627899986691773,True,True,geo_qpg_c3,True,275.3897398855755,14.453399984631687,411.0,16188.0,,,,,,N4_ATOMIC,0.0
SP1_N4_DISTRIBUTED_FAMILY_v2,E5_DPOP_SMALL,E5_DPOP:N6:K2:uniform:cv0.65:p0.85:r9,248775040,uniform,6,2,0.65,0.85,OPTIMAL,275.3897398855755,275.3897398855755,0.0,0.002627899986691773,True,True,geo_qpg_d,True,339.63422463066,7.803499989677221,200.0,7432.0,,,,,,N4_ATOMIC,0.23328568730185112
SP1_N4_DISTRIBUTED_FAMILY_v2,E5_DPOP_SMALL,E5_DPOP:N6:K2:clustered:cv0.35:p0.7:r0,4176196977,clustered,6,2,0.35,0.7,OPTIMAL,121.00757218422362,121.00757218422365,0.0,0.001858100004028529,True,True,dpop_exact_small,True,121.00757218422363,3.413900005398318,10.0,2944.0,5.0,5.0,363.0,5.0,729.0,EXACT_DISTRIBUTED,1.174377310336183e-16
SP1_N4_DISTRIBUTED_FAMILY_v2,E5_DPOP_SMALL,E5_DPOP:N6:K2:clustered:cv0.35:p0.7:r0,4176196977,clustered,6,2,0.35,0.7,OPTIMAL,121.00757218422362,121.00757218422365,0.0,0.001858100004028529,True,True,milp_highs,True,121.00757218422362,1.858100004028529,,,,,,,,CENTRAL_ORACLE,0.0
SP1_N4_DISTRIBUTED_FAMILY_v2,E5_DPOP_SMALL,E5_DPOP:N6:K2:clustered:cv0.35:p0.7:r0,4176196977,clustered,6,2,0.35,0.7,OPTIMAL,121.00757218422362,121.00757218422365,0.0,0.001858100004028529,True,True,geo_qpg_u,True,211.39976007736777,1.36009999550879,51.0,1792.0,,,,,,N4_ATOMIC,0.7469961281061802
SP1_N4_DISTRIBUTED_FAMILY_v2,E5_DPOP_SMALL,E5_DPOP:N6:K2:clustered:cv0.35:p0.7:r0,4176196977,clustered,6,2,0.35,0.7,OPTIMAL,121.00757218422362,121.00757218422365,0.0,0.001858100004028529,True,True,geo_qpg_p,True,121.00757218422362,8.66449999739416,220.0,8424.0,,,,,,N4_ATOMIC,0.0
SP1_N4_DISTRIBUTED_FAMILY_v2,E5_DPOP_SMALL,E5_DPOP:N6:K2:clustered:cv0.35:p0.7:r0,4176196977,clustered,6,2,0.35,0.7,OPTIMAL,121.00757218422362,121.00757218422365,0.0,0.001858100004028529,True,True,geo_qpg_c3,True,121.00757218422362,14.813299989327788,392.0,15304.0,,,,,,N4_ATOMIC,0.0
SP1_N4_DISTRIBUTED_FAMILY_v2,E5_DPOP_SMALL,E5_DPOP:N6:K2:clustered:cv0.35:p0.7:r0,4176196977,clustered,6,2,0.35,0.7,OPTIMAL,121.00757218422362,121.00757218422365,0.0,0.001858100004028529,True,True,geo_qpg_d,True,121.00757218422362,8.015300001716241,222.0,8096.0,,,,,,N4_ATOMIC,0.0
SP1_N4_DISTRIBUTED_FAMILY_v2,E5_DPOP_SMALL,E5_DPOP:N6:K2:clustered:cv0.35:p0.7:r1,1741759040,clustered,6,2,0.35,0.7,OPTIMAL,136.69025145219183,136.69025145219183,0.0,0.0017644999898038805,True,True,dpop_exact_small,True,136.69025145219183,3.706300019985065,10.0,2944.0,5.0,5.0,363.0,5.0,729.0,EXACT_DISTRIBUTED,0.0
SP1_N4_DISTRIBUTED_FAMILY_v2,E5_DPOP_SMALL,E5_DPOP:N6:K2:clustered:cv0.35:p0.7:r1,1741759040,clustered,6,2,0.35,0.7,OPTIMAL,136.69025145219183,136.69025145219183,0.0,0.0017644999898038805,True,True,milp_highs,True,136.69025145219183,1.7644999898038805,,,,,,,,CENTRAL_ORACLE,0.0
SP1_N4_DISTRIBUTED_FAMILY_v2,E5_DPOP_SMALL,E5_DPOP:N6:K2:clustered:cv0.35:p0.7:r1,1741759040,clustered,6,2,0.35,0.7,OPTIMAL,136.69025145219183,136.69025145219183,0.0,0.0017644999898038805,True,True,geo_qpg_u,True,241.0441872828278,1.3266000023577362,33.0,1136.0,,,,,,N4_ATOMIC,0.7634336371612743
SP1_N4_DISTRIBUTED_FAMILY_v2,E5_DPOP_SMALL,E5_DPOP:N6:K2:clustered:cv0.35:p0.7:r1,1741759040,clustered,6,2,0.35,0.7,OPTIMAL,136.69025145219183,136.69025145219183,0.0,0.0017644999898038805,True,True,geo_qpg_p,True,140.71549304163887,4.982800019206479,117.0,4424.0,,,,,,N4_ATOMIC,0.02944790536766907
SP1_N4_DISTRIBUTED_FAMILY_v2,E5_DPOP_SMALL,E5_DPOP:N6:K2:clustered:cv0.35:p0.7:r1,1741759040,clustered,6,2,0.35,0.7,OPTIMAL,136.69025145219183,136.69025145219183,0.0,0.0017644999898038805,True,True,geo_qpg_c3,True,140.71549304163887,12.479199998779222,285.0,11144.0,,,,,,N4_ATOMIC,0.02944790536766907
SP1_N4_DISTRIBUTED_FAMILY_v2,E5_DPOP_SMALL,E5_DPOP:N6:K2:clustered:cv0.35:p0.7:r1,1741759040,clustered,6,2,0.35,0.7,OPTIMAL,136.69025145219183,136.69025145219183,0.0,0.0017644999898038805,True,True,geo_qpg_d,True,140.71549304163887,8.303700014948845,270.0,10036.0,,,,,,N4_ATOMIC,0.02944790536766907
SP1_N4_DISTRIBUTED_FAMILY_v2,E5_DPOP_SMALL,E5_DPOP:N6:K2:clustered:cv0.35:p0.7:r2,1972339839,clustered,6,2,0.35,0.7,OPTIMAL,213.05818129246927,213.0581812924693,0.0,0.002554600010626018,True,True,dpop_exact_small,True,213.05818129246933,4.026400012662634,10.0,2944.0,5.0,5.0,363.0,5.0,729.0,EXACT_DISTRIBUTED,2.6679763488067093e-16
SP1_N4_DISTRIBUTED_FAMILY_v2,E5_DPOP_SMALL,E5_DPOP:N6:K2:clustered:cv0.35:p0.7:r2,1972339839,clustered,6,2,0.35,0.7,OPTIMAL,213.05818129246927,213.0581812924693,0.0,0.002554600010626018,True,True,milp_highs,True,213.05818129246927,2.554600010626018,,,,,,,,CENTRAL_ORACLE,0.0
SP1_N4_DISTRIBUTED_FAMILY_v2,E5_DPOP_SMALL,E5_DPOP:N6:K2:clustered:cv0.35:p0.7:r2,1972339839,clustered,6,2,0.35,0.7,OPTIMAL,213.05818129246927,213.0581812924693,0.0,0.002554600010626018,True,True,geo_qpg_u,True,262.37378280961616,1.129399985074997,35.0,1220.0,,,,,,N4_ATOMIC,0.23146542046864826
SP1_N4_DISTRIBUTED_FAMILY_v2,E5_DPOP_SMALL,E5_DPOP:N6:K2:clustered:cv0.35:p0.7:r2,1972339839,clustered,6,2,0.35,0.7,OPTIMAL,213.05818129246927,213.0581812924693,0.0,0.002554600010626018,True,True,geo_qpg_p,True,230.76106387742522,5.765400012023747,131.0,5044.0,,,,,,N4_ATOMIC,0.08308942880092851
SP1_N4_DISTRIBUTED_FAMILY_v2,E5_DPOP_SMALL,E5_DPOP:N6:K2:clustered:cv0.35:p0.7:r2,1972339839,clustered,6,2,0.35,0.7,OPTIMAL,213.05818129246927,213.0581812924693,0.0,0.002554600010626018,True,True,geo_qpg_c3,True,213.05818129246927,13.797699997667223,358.0,14136.0,,,,,,N4_ATOMIC,0.0
SP1_N4_DISTRIBUTED_FAMILY_v2,E5_DPOP_SMALL,E5_DPOP:N6:K2:clustered:cv0.35:p0.7:r2,1972339839,clustered,6,2,0.35,0.7,OPTIMAL,213.05818129246927,213.0581812924693,0.0,0.002554600010626018,True,True,geo_qpg_d,True,213.05818129246927,6.620000000111759,183.0,6748.0,,,,,,N4_ATOMIC,0.0
SP1_N4_DISTRIBUTED_FAMILY_v2,E5_DPOP_SMALL,E5_DPOP:N6:K2:clustered:cv0.35:p0.7:r3,4095970845,clustered,6,2,0.35,0.7,OPTIMAL,151.41713248831542,151.41713248831542,0.0,0.002234000014141202,True,True,dpop_exact_small,True,151.41713248831542,4.006000002846122,10.0,2944.0,5.0,5.0,363.0,5.0,729.0,EXACT_DISTRIBUTED,0.0
SP1_N4_DISTRIBUTED_FAMILY_v2,E5_DPOP_SMALL,E5_DPOP:N6:K2:clustered:cv0.35:p0.7:r3,4095970845,clustered,6,2,0.35,0.7,OPTIMAL,151.41713248831542,151.41713248831542,0.0,0.002234000014141202,True,True,milp_highs,True,151.41713248831542,2.234000014141202,,,,,,,,CENTRAL_ORACLE,0.0
SP1_N4_DISTRIBUTED_FAMILY_v2,E5_DPOP_SMALL,E5_DPOP:N6:K2:clustered:cv0.35:p0.7:r3,4095970845,clustered,6,2,0.35,0.7,OPTIMAL,151.41713248831542,151.41713248831542,0.0,0.002234000014141202,True,True,geo_qpg_u,True,218.215735865455,1.1730999976862222,33.0,1136.0,,,,,,N4_ATOMIC,0.4411561775038522
SP1_N4_DISTRIBUTED_FAMILY_v2,E5_DPOP_SMALL,E5_DPOP:N6:K2:clustered:cv0.35:p0.7:r3,4095970845,clustered,6,2,0.35,0.7,OPTIMAL,151.41713248831542,151.41713248831542,0.0,0.002234000014141202,True,True,geo_qpg_p,True,184.37933164117274,5.871100001968443,134.0,5064.0,,,,,,N4_ATOMIC,0.21769134450753752
SP1_N4_DISTRIBUTED_FAMILY_v2,E5_DPOP_SMALL,E5_DPOP:N6:K2:clustered:cv0.35:p0.7:r3,4095970845,clustered,6,2,0.35,0.7,OPTIMAL,151.41713248831542,151.41713248831542,0.0,0.002234000014141202,True,True,geo_qpg_c3,True,184.37933164117274,11.10920001519844,282.0,10984.0,,,,,,N4_ATOMIC,0.21769134450753752
SP1_N4_DISTRIBUTED_FAMILY_v2,E5_DPOP_SMALL,E5_DPOP:N6:K2:clustered:cv0.35:p0.7:r3,4095970845,clustered,6,2,0.35,0.7,OPTIMAL,151.41713248831542,151.41713248831542,0.0,0.002234000014141202,True,True,geo_qpg_d,True,184.37933164117274,6.1867000185884535,203.0,7248.0,,,,,,N4_ATOMIC,0.21769134450753752
SP1_N4_DISTRIBUTED_FAMILY_v2,E5_DPOP_SMALL,E5_DPOP:N6:K2:clustered:cv0.35:p0.7:r4,1223553071,clustered,6,2,0.35,0.7,OPTIMAL,172.79531181154346,172.79531181154346,0.0,0.003072699997574091,True,True,dpop_exact_small,True,172.79531181154346,4.251300008036196,10.0,2944.0,5.0,5.0,363.0,5.0,729.0,EXACT_DISTRIBUTED,0.0
SP1_N4_DISTRIBUTED_FAMILY_v2,E5_DPOP_SMALL,E5_DPOP:N6:K2:clustered:cv0.35:p0.7:r4,1223553071,clustered,6,2,0.35,0.7,OPTIMAL,172.79531181154346,172.79531181154346,0.0,0.003072699997574091,True,True,milp_highs,True,172.79531181154346,3.072699997574091,,,,,,,,CENTRAL_ORACLE,0.0
SP1_N4_DISTRIBUTED_FAMILY_v2,E5_DPOP_SMALL,E5_DPOP:N6:K2:clustered:cv0.35:p0.7:r4,1223553071,clustered,6,2,0.35,0.7,OPTIMAL,172.79531181154346,172.79531181154346,0.0,0.003072699997574091,True,True,geo_qpg_u,True,342.3786255177773,1.2420999992173165,35.0,1220.0,,,,,,N4_ATOMIC,0.9814115436834727
SP1_N4_DISTRIBUTED_FAMILY_v2,E5_DPOP_SMALL,E5_DPOP:N6:K2:clustered:cv0.35:p0.7:r4,1223553071,clustered,6,2,0.35,0.7,OPTIMAL,172.79531181154346,172.79531181154346,0.0,0.003072699997574091,True,True,geo_qpg_p,True,177.97051423422266,5.725800001528114,136.0,5224.0,,,,,,N4_ATOMIC,0.029949900656584136
SP1_N4_DISTRIBUTED_FAMILY_v2,E5_DPOP_SMALL,E5_DPOP:N6:K2:clustered:cv0.35:p0.7:r4,1223553071,clustered,6,2,0.35,0.7,OPTIMAL,172.79531181154346,172.79531181154346,0.0,0.003072699997574091,True,True,geo_qpg_c3,True,172.79531181154346,11.558799975318834,321.0,12644.0,,,,,,N4_ATOMIC,0.0
SP1_N4_DISTRIBUTED_FAMILY_v2,E5_DPOP_SMALL,E5_DPOP:N6:K2:clustered:cv0.35:p0.7:r4,1223553071,clustered,6,2,0.35,0.7,OPTIMAL,172.79531181154346,172.79531181154346,0.0,0.003072699997574091,True,True,geo_qpg_d,True,177.97051423422266,5.271000001812354,160.0,5664.0,,,,,,N4_ATOMIC,0.029949900656584136
SP1_N4_DISTRIBUTED_FAMILY_v2,E5_DPOP_SMALL,E5_DPOP:N6:K2:clustered:cv0.35:p0.7:r5,3155004511,clustered,6,2,0.35,0.7,OPTIMAL,278.201263822807,278.201263822807,0.0,0.001636600005440414,True,True,dpop_exact_small,True,278.201263822807,4.345399996964261,10.0,2944.0,5.0,5.0,363.0,5.0,729.0,EXACT_DISTRIBUTED,0.0
SP1_N4_DISTRIBUTED_FAMILY_v2,E5_DPOP_SMALL,E5_DPOP:N6:K2:clustered:cv0.35:p0.7:r5,3155004511,clustered,6,2,0.35,0.7,OPTIMAL,278.201263822807,278.201263822807,0.0,0.001636600005440414,True,True,milp_highs,True,278.201263822807,1.636600005440414,,,,,,,,CENTRAL_ORACLE,0.0
SP1_N4_DISTRIBUTED_FAMILY_v2,E5_DPOP_SMALL,E5_DPOP:N6:K2:clustered:cv0.35:p0.7:r5,3155004511,clustered,6,2,0.35,0.7,OPTIMAL,278.201263822807,278.201263822807,0.0,0.001636600005440414,True,True,geo_qpg_u,True,290.14859013805244,1.4745000225957483,49.0,1708.0,,,,,,N4_ATOMIC,0.04294490309308941
SP1_N4_DISTRIBUTED_FAMILY_v2,E5_DPOP_SMALL,E5_DPOP:N6:K2:clustered:cv0.35:p0.7:r5,3155004511,clustered,6,2,0.35,0.7,OPTIMAL,278.201263822807,278.201263822807,0.0,0.001636600005440414,True,True,geo_qpg_p,True,278.201263822807,5.542099999729544,149.0,5688.0,,,,,,N4_ATOMIC,0.0
SP1_N4_DISTRIBUTED_FAMILY_v2,E5_DPOP_SMALL,E5_DPOP:N6:K2:clustered:cv0.35:p0.7:r5,3155004511,clustered,6,2,0.35,0.7,OPTIMAL,278.201263822807,278.201263822807,0.0,0.001636600005440414,True,True,geo_qpg_c3,True,278.201263822807,11.254899989580736,269.0,10488.0,,,,,,N4_ATOMIC,0.0
SP1_N4_DISTRIBUTED_FAMILY_v2,E5_DPOP_SMALL,E5_DPOP:N6:K2:clustered:cv0.35:p0.7:r5,3155004511,clustered,6,2,0.35,0.7,OPTIMAL,278.201263822807,278.201263822807,0.0,0.001636600005440414,True,True,geo_qpg_d,True,278.201263822807,4.901299980701879,167.0,5868.0,,,,,,N4_ATOMIC,0.0
SP1_N4_DISTRIBUTED_FAMILY_v2,E5_DPOP_SMALL,E5_DPOP:N6:K2:clustered:cv0.35:p0.7:r6,3485387252,clustered,6,2,0.35,0.7,OPTIMAL,178.03410909427873,178.03410909427876,0.0,0.001718400017125532,True,True,dpop_exact_small,True,178.03410909427873,5.249800015008077,10.0,2944.0,5.0,5.0,363.0,5.0,729.0,EXACT_DISTRIBUTED,0.0
SP1_N4_DISTRIBUTED_FAMILY_v2,E5_DPOP_SMALL,E5_DPOP:N6:K2:clustered:cv0.35:p0.7:r6,3485387252,clustered,6,2,0.35,0.7,OPTIMAL,178.03410909427873,178.03410909427876,0.0,0.001718400017125532,True,True,milp_highs,True,178.03410909427873,1.718400017125532,,,,,,,,CENTRAL_ORACLE,0.0
SP1_N4_DISTRIBUTED_FAMILY_v2,E5_DPOP_SMALL,E5_DPOP:N6:K2:clustered:cv0.35:p0.7:r6,3485387252,clustered,6,2,0.35,0.7,OPTIMAL,178.03410909427873,178.03410909427876,0.0,0.001718400017125532,True,True,geo_qpg_u,True,227.77925975949432,2.035000012256205,52.0,1784.0,,,,,,N4_ATOMIC,0.2794135961827002
SP1_N4_DISTRIBUTED_FAMILY_v2,E5_DPOP_SMALL,E5_DPOP:N6:K2:clustered:cv0.35:p0.7:r6,3485387252,clustered,6,2,0.35,0.7,OPTIMAL,178.03410909427873,178.03410909427876,0.0,0.001718400017125532,True,True,geo_qpg_p,True,178.03410909427873,8.139399986248463,182.0,6932.0,,,,,,N4_ATOMIC,0.0
SP1_N4_DISTRIBUTED_FAMILY_v2,E5_DPOP_SMALL,E5_DPOP:N6:K2:clustered:cv0.35:p0.7:r6,3485387252,clustered,6,2,0.35,0.7,OPTIMAL,178.03410909427873,178.03410909427876,0.0,0.001718400017125532,True,True,geo_qpg_c3,True,178.03410909427873,14.469099987763911,342.0,13332.0,,,,,,N4_ATOMIC,0.0
SP1_N4_DISTRIBUTED_FAMILY_v2,E5_DPOP_SMALL,E5_DPOP:N6:K2:clustered:cv0.35:p0.7:r6,3485387252,clustered,6,2,0.35,0.7,OPTIMAL,178.03410909427873,178.03410909427876,0.0,0.001718400017125532,True,True,geo_qpg_d,True,178.03410909427873,11.675599991576746,349.0,13188.0,,,,,,N4_ATOMIC,0.0
SP1_N4_DISTRIBUTED_FAMILY_v2,E5_DPOP_SMALL,E5_DPOP:N6:K2:clustered:cv0.35:p0.7:r7,1382291175,clustered,6,2,0.35,0.7,OPTIMAL,149.23264660805674,149.23264660805674,0.0,0.002485199976945296,True,True,dpop_exact_small,True,149.23264660805674,4.109600005904213,10.0,2944.0,5.0,5.0,363.0,5.0,729.0,EXACT_DISTRIBUTED,0.0
SP1_N4_DISTRIBUTED_FAMILY_v2,E5_DPOP_SMALL,E5_DPOP:N6:K2:clustered:cv0.35:p0.7:r7,1382291175,clustered,6,2,0.35,0.7,OPTIMAL,149.23264660805674,149.23264660805674,0.0,0.002485199976945296,True,True,milp_highs,True,149.23264660805674,2.485199976945296,,,,,,,,CENTRAL_ORACLE,0.0
SP1_N4_DISTRIBUTED_FAMILY_v2,E5_DPOP_SMALL,E5_DPOP:N6:K2:clustered:cv0.35:p0.7:r7,1382291175,clustered,6,2,0.35,0.7,OPTIMAL,149.23264660805674,149.23264660805674,0.0,0.002485199976945296,True,True,geo_qpg_u,True,237.32144175708095,1.3273000076878816,41.0,1472.0,,,,,,N4_ATOMIC,0.5902783147737091
SP1_N4_DISTRIBUTED_FAMILY_v2,E5_DPOP_SMALL,E5_DPOP:N6:K2:clustered:cv0.35:p0.7:r7,1382291175,clustered,6,2,0.35,0.7,OPTIMAL,149.23264660805674,149.23264660805674,0.0,0.002485199976945296,True,True,geo_qpg_p,True,199.6738675844158,6.339700019452721,132.0,5088.0,,,,,,N4_ATOMIC,0.3380039295881244
SP1_N4_DISTRIBUTED_FAMILY_v2,E5_DPOP_SMALL,E5_DPOP:N6:K2:clustered:cv0.35:p0.7:r7,1382291175,clustered,6,2,0.35,0.7,OPTIMAL,149.23264660805674,149.23264660805674,0.0,0.002485199976945296,True,True,geo_qpg_c3,True,149.23264660805674,10.509600018849596,309.0,12192.0,,,,,,N4_ATOMIC,0.0
SP1_N4_DISTRIBUTED_FAMILY_v2,E5_DPOP_SMALL,E5_DPOP:N6:K2:clustered:cv0.35:p0.7:r7,1382291175,clustered,6,2,0.35,0.7,OPTIMAL,149.23264660805674,149.23264660805674,0.0,0.002485199976945296,True,True,geo_qpg_d,True,149.23264660805674,5.336400005035102,184.0,6572.0,,,,,,N4_ATOMIC,0.0
SP1_N4_DISTRIBUTED_FAMILY_v2,E5_DPOP_SMALL,E5_DPOP:N6:K2:clustered:cv0.35:p0.7:r8,4148023150,clustered,6,2,0.35,0.7,OPTIMAL,194.05987359869704,194.05987359869704,0.0,0.0016930999991018325,True,True,dpop_exact_small,True,194.05987359869704,3.877700015436858,10.0,2944.0,5.0,5.0,363.0,5.0,729.0,EXACT_DISTRIBUTED,0.0
SP1_N4_DISTRIBUTED_FAMILY_v2,E5_DPOP_SMALL,E5_DPOP:N6:K2:clustered:cv0.35:p0.7:r8,4148023150,clustered,6,2,0.35,0.7,OPTIMAL,194.05987359869704,194.05987359869704,0.0,0.0016930999991018325,True,True,milp_highs,True,194.05987359869704,1.6930999991018325,,,,,,,,CENTRAL_ORACLE,0.0
SP1_N4_DISTRIBUTED_FAMILY_v2,E5_DPOP_SMALL,E5_DPOP:N6:K2:clustered:cv0.35:p0.7:r8,4148023150,clustered,6,2,0.35,0.7,OPTIMAL,194.05987359869704,194.05987359869704,0.0,0.0016930999991018325,True,True,geo_qpg_u,True,239.31078334202027,1.1573999945539981,35.0,1220.0,,,,,,N4_ATOMIC,0.23318014643717186
SP1_N4_DISTRIBUTED_FAMILY_v2,E5_DPOP_SMALL,E5_DPOP:N6:K2:clustered:cv0.35:p0.7:r8,4148023150,clustered,6,2,0.35,0.7,OPTIMAL,194.05987359869704,194.05987359869704,0.0,0.0016930999991018325,True,True,geo_qpg_p,True,194.05987359869704,7.850299996789545,171.0,6508.0,,,,,,N4_ATOMIC,0.0
SP1_N4_DISTRIBUTED_FAMILY_v2,E5_DPOP_SMALL,E5_DPOP:N6:K2:clustered:cv0.35:p0.7:r8,4148023150,clustered,6,2,0.35,0.7,OPTIMAL,194.05987359869704,194.05987359869704,0.0,0.0016930999991018325,True,True,geo_qpg_c3,True,194.05987359869704,14.423300017369911,331.0,12908.0,,,,,,N4_ATOMIC,0.0
SP1_N4_DISTRIBUTED_FAMILY_v2,E5_DPOP_SMALL,E5_DPOP:N6:K2:clustered:cv0.35:p0.7:r8,4148023150,clustered,6,2,0.35,0.7,OPTIMAL,194.05987359869704,194.05987359869704,0.0,0.0016930999991018325,True,True,geo_qpg_d,True,194.05987359869704,7.483299996238202,218.0,8104.0,,,,,,N4_ATOMIC,0.0
SP1_N4_DISTRIBUTED_FAMILY_v2,E5_DPOP_SMALL,E5_DPOP:N6:K2:clustered:cv0.35:p0.7:r9,2718797999,clustered,6,2,0.35,0.7,OPTIMAL,127.60157472605916,127.60157472605917,0.0,0.0013552000164054334,True,True,dpop_exact_small,True,127.60157472605917,4.463100020075217,10.0,2944.0,5.0,5.0,363.0,5.0,729.0,EXACT_DISTRIBUTED,1.113689603416769e-16
SP1_N4_DISTRIBUTED_FAMILY_v2,E5_DPOP_SMALL,E5_DPOP:N6:K2:clustered:cv0.35:p0.7:r9,2718797999,clustered,6,2,0.35,0.7,OPTIMAL,127.60157472605916,127.60157472605917,0.0,0.0013552000164054334,True,True,milp_highs,True,127.60157472605916,1.3552000164054334,,,,,,,,CENTRAL_ORACLE,0.0
SP1_N4_DISTRIBUTED_FAMILY_v2,E5_DPOP_SMALL,E5_DPOP:N6:K2:clustered:cv0.35:p0.7:r9,2718797999,clustered,6,2,0.35,0.7,OPTIMAL,127.60157472605916,127.60157472605917,0.0,0.0013552000164054334,True,True,geo_qpg_u,True,227.49769542714228,1.7315000004600734,50.0,1700.0,,,,,,N4_ATOMIC,0.7828752969196865
SP1_N4_DISTRIBUTED_FAMILY_v2,E5_DPOP_SMALL,E5_DPOP:N6:K2:clustered:cv0.35:p0.7:r9,2718797999,clustered,6,2,0.35,0.7,OPTIMAL,127.60157472605916,127.60157472605917,0.0,0.0013552000164054334,True,True,geo_qpg_p,True,127.60157472605917,6.330500007607043,152.0,5796.0,,,,,,N4_ATOMIC,1.113689603416769e-16
SP1_N4_DISTRIBUTED_FAMILY_v2,E5_DPOP_SMALL,E5_DPOP:N6:K2:clustered:cv0.35:p0.7:r9,2718797999,clustered,6,2,0.35,0.7,OPTIMAL,127.60157472605916,127.60157472605917,0.0,0.0013552000164054334,True,True,geo_qpg_c3,True,127.60157472605917,11.264000000664964,304.0,11876.0,,,,,,N4_ATOMIC,1.113689603416769e-16
SP1_N4_DISTRIBUTED_FAMILY_v2,E5_DPOP_SMALL,E5_DPOP:N6:K2:clustered:cv0.35:p0.7:r9,2718797999,clustered,6,2,0.35,0.7,OPTIMAL,127.60157472605916,127.60157472605917,0.0,0.0013552000164054334,True,True,geo_qpg_d,True,127.60157472605917,6.402400002116337,209.0,7448.0,,,,,,N4_ATOMIC,1.113689603416769e-16
SP1_N4_DISTRIBUTED_FAMILY_v2,E5_DPOP_SMALL,E5_DPOP:N6:K2:clustered:cv0.35:p0.85:r0,1810891915,clustered,6,2,0.35,0.85,OPTIMAL,187.80590186617985,187.80590186617985,0.0,0.002856799983419478,True,True,dpop_exact_small,True,187.80590186617985,5.50709999515675,10.0,2944.0,5.0,5.0,363.0,5.0,729.0,EXACT_DISTRIBUTED,0.0
SP1_N4_DISTRIBUTED_FAMILY_v2,E5_DPOP_SMALL,E5_DPOP:N6:K2:clustered:cv0.35:p0.85:r0,1810891915,clustered,6,2,0.35,0.85,OPTIMAL,187.80590186617985,187.80590186617985,0.0,0.002856799983419478,True,True,milp_highs,True,187.80590186617985,2.856799983419478,,,,,,,,CENTRAL_ORACLE,0.0
SP1_N4_DISTRIBUTED_FAMILY_v2,E5_DPOP_SMALL,E5_DPOP:N6:K2:clustered:cv0.35:p0.85:r0,1810891915,clustered,6,2,0.35,0.85,OPTIMAL,187.80590186617985,187.80590186617985,0.0,0.002856799983419478,True,True,geo_qpg_u,True,222.9366350975759,1.2359000102151185,38.0,1296.0,,,,,,N4_ATOMIC,0.18705872862519665
SP1_N4_DISTRIBUTED_FAMILY_v2,E5_DPOP_SMALL,E5_DPOP:N6:K2:clustered:cv0.35:p0.85:r0,1810891915,clustered,6,2,0.35,0.85,OPTIMAL,187.80590186617985,187.80590186617985,0.0,0.002856799983419478,True,True,geo_qpg_p,True,187.80590186617985,6.283199996687472,124.0,4700.0,,,,,,N4_ATOMIC,0.0
SP1_N4_DISTRIBUTED_FAMILY_v2,E5_DPOP_SMALL,E5_DPOP:N6:K2:clustered:cv0.35:p0.85:r0,1810891915,clustered,6,2,0.35,0.85,OPTIMAL,187.80590186617985,187.80590186617985,0.0,0.002856799983419478,True,True,geo_qpg_c3,True,187.80590186617985,12.720800004899502,296.0,11580.0,,,,,,N4_ATOMIC,0.0
SP1_N4_DISTRIBUTED_FAMILY_v2,E5_DPOP_SMALL,E5_DPOP:N6:K2:clustered:cv0.35:p0.85:r0,1810891915,clustered,6,2,0.35,0.85,OPTIMAL,187.80590186617985,187.80590186617985,0.0,0.002856799983419478,True,True,geo_qpg_d,True,187.80590186617985,7.703300012508407,225.0,8248.0,,,,,,N4_ATOMIC,0.0
SP1_N4_DISTRIBUTED_FAMILY_v2,E5_DPOP_SMALL,E5_DPOP:N6:K2:clustered:cv0.35:p0.85:r1,2462834646,clustered,6,2,0.35,0.85,OPTIMAL,287.6381076474289,287.63810764742897,0.0,0.0032014000171329826,True,True,dpop_exact_small,True,287.6381076474289,3.5186000168323517,10.0,2944.0,5.0,5.0,363.0,5.0,729.0,EXACT_DISTRIBUTED,0.0
SP1_N4_DISTRIBUTED_FAMILY_v2,E5_DPOP_SMALL,E5_DPOP:N6:K2:clustered:cv0.35:p0.85:r1,2462834646,clustered,6,2,0.35,0.85,OPTIMAL,287.6381076474289,287.63810764742897,0.0,0.0032014000171329826,True,True,milp_highs,True,287.6381076474289,3.2014000171329826,,,,,,,,CENTRAL_ORACLE,0.0
SP1_N4_DISTRIBUTED_FAMILY_v2,E5_DPOP_SMALL,E5_DPOP:N6:K2:clustered:cv0.35:p0.85:r1,2462834646,clustered,6,2,0.35,0.85,OPTIMAL,287.6381076474289,287.63810764742897,0.0,0.0032014000171329826,True,True,geo_qpg_u,False,321.67219230041417,1.3512000150512904,40.0,1380.0,,,,,,N4_ATOMIC,
SP1_N4_DISTRIBUTED_FAMILY_v2,E5_DPOP_SMALL,E5_DPOP:N6:K2:clustered:cv0.35:p0.85:r1,2462834646,clustered,6,2,0.35,0.85,OPTIMAL,287.6381076474289,287.63810764742897,0.0,0.0032014000171329826,True,True,geo_qpg_p,True,313.96009618132564,7.938100025057793,160.0,6108.0,,,,,,N4_ATOMIC,0.09151078328661787
SP1_N4_DISTRIBUTED_FAMILY_v2,E5_DPOP_SMALL,E5_DPOP:N6:K2:clustered:cv0.35:p0.85:r1,2462834646,clustered,6,2,0.35,0.85,OPTIMAL,287.6381076474289,287.63810764742897,0.0,0.0032014000171329826,True,True,geo_qpg_c3,True,287.6381076474289,13.90800002263859,360.0,14100.0,,,,,,N4_ATOMIC,0.0
SP1_N4_DISTRIBUTED_FAMILY_v2,E5_DPOP_SMALL,E5_DPOP:N6:K2:clustered:cv0.35:p0.85:r1,2462834646,clustered,6,2,0.35,0.85,OPTIMAL,287.6381076474289,287.63810764742897,0.0,0.0032014000171329826,True,True,geo_qpg_d,True,313.96009618132564,8.679799997480586,227.0,8156.0,,,,,,N4_ATOMIC,0.09151078328661787
SP1_N4_DISTRIBUTED_FAMILY_v2,E5_DPOP_SMALL,E5_DPOP:N6:K2:clustered:cv0.35:p0.85:r2,3741344256,clustered,6,2,0.35,0.85,OPTIMAL,274.93797210090923,274.93797210090923,0.0,0.002476499998010695,True,True,dpop_exact_small,True,274.93797210090923,3.916599991498515,10.0,2944.0,5.0,5.0,363.0,5.0,729.0,EXACT_DISTRIBUTED,0.0
SP1_N4_DISTRIBUTED_FAMILY_v2,E5_DPOP_SMALL,E5_DPOP:N6:K2:clustered:cv0.35:p0.85:r2,3741344256,clustered,6,2,0.35,0.85,OPTIMAL,274.93797210090923,274.93797210090923,0.0,0.002476499998010695,True,True,milp_highs,True,274.93797210090923,2.476499998010695,,,,,,,,CENTRAL_ORACLE,0.0
SP1_N4_DISTRIBUTED_FAMILY_v2,E5_DPOP_SMALL,E5_DPOP:N6:K2:clustered:cv0.35:p0.85:r2,3741344256,clustered,6,2,0.35,0.85,OPTIMAL,274.93797210090923,274.93797210090923,0.0,0.002476499998010695,True,True,geo_qpg_u,True,330.2577084152109,1.7222999886143953,56.0,1976.0,,,,,,N4_ATOMIC,0.20120806119133638
SP1_N4_DISTRIBUTED_FAMILY_v2,E5_DPOP_SMALL,E5_DPOP:N6:K2:clustered:cv0.35:p0.85:r2,3741344256,clustered,6,2,0.35,0.85,OPTIMAL,274.93797210090923,274.93797210090923,0.0,0.002476499998010695,True,True,geo_qpg_p,True,330.2577084152109,4.829600016819313,100.0,3736.0,,,,,,N4_ATOMIC,0.20120806119133638
SP1_N4_DISTRIBUTED_FAMILY_v2,E5_DPOP_SMALL,E5_DPOP:N6:K2:clustered:cv0.35:p0.85:r2,3741344256,clustered,6,2,0.35,0.85,OPTIMAL,274.93797210090923,274.93797210090923,0.0,0.002476499998010695,True,True,geo_qpg_c3,True,328.70416738574556,10.385499976109713,320.0,12600.0,,,,,,N4_ATOMIC,0.1955575465767339
SP1_N4_DISTRIBUTED_FAMILY_v2,E5_DPOP_SMALL,E5_DPOP:N6:K2:clustered:cv0.35:p0.85:r2,3741344256,clustered,6,2,0.35,0.85,OPTIMAL,274.93797210090923,274.93797210090923,0.0,0.002476499998010695,True,True,geo_qpg_d,True,274.93797210090923,5.608800012851134,146.0,5116.0,,,,,,N4_ATOMIC,0.0
SP1_N4_DISTRIBUTED_FAMILY_v2,E5_DPOP_SMALL,E5_DPOP:N6:K2:clustered:cv0.35:p0.85:r3,3146077618,clustered,6,2,0.35,0.85,OPTIMAL,191.45028040796734,191.45028040796734,0.0,0.0014702000189572573,True,True,dpop_exact_small,True,191.45028040796734,3.7665000127162784,10.0,2944.0,5.0,5.0,363.0,5.0,729.0,EXACT_DISTRIBUTED,0.0
SP1_N4_DISTRIBUTED_FAMILY_v2,E5_DPOP_SMALL,E5_DPOP:N6:K2:clustered:cv0.35:p0.85:r3,3146077618,clustered,6,2,0.35,0.85,OPTIMAL,191.45028040796734,191.45028040796734,0.0,0.0014702000189572573,True,True,milp_highs,True,191.45028040796734,1.4702000189572573,,,,,,,,CENTRAL_ORACLE,0.0
SP1_N4_DISTRIBUTED_FAMILY_v2,E5_DPOP_SMALL,E5_DPOP:N6:K2:clustered:cv0.35:p0.85:r3,3146077618,clustered,6,2,0.35,0.85,OPTIMAL,191.45028040796734,191.45028040796734,0.0,0.0014702000189572573,True,True,geo_qpg_u,True,230.07647645655578,1.4184999745339155,40.0,1380.0,,,,,,N4_ATOMIC,0.20175575593975983
SP1_N4_DISTRIBUTED_FAMILY_v2,E5_DPOP_SMALL,E5_DPOP:N6:K2:clustered:cv0.35:p0.85:r3,3146077618,clustered,6,2,0.35,0.85,OPTIMAL,191.45028040796734,191.45028040796734,0.0,0.0014702000189572573,True,True,geo_qpg_p,True,191.45028040796734,7.42579999496229,166.0,6312.0,,,,,,N4_ATOMIC,0.0
SP1_N4_DISTRIBUTED_FAMILY_v2,E5_DPOP_SMALL,E5_DPOP:N6:K2:clustered:cv0.35:p0.85:r3,3146077618,clustered,6,2,0.35,0.85,OPTIMAL,191.45028040796734,191.45028040796734,0.0,0.0014702000189572573,True,True,geo_qpg_c3,True,191.45028040796734,13.350599998375401,330.0,12872.0,,,,,,N4_ATOMIC,0.0
SP1_N4_DISTRIBUTED_FAMILY_v2,E5_DPOP_SMALL,E5_DPOP:N6:K2:clustered:cv0.35:p0.85:r3,3146077618,clustered,6,2,0.35,0.85,OPTIMAL,191.45028040796734,191.45028040796734,0.0,0.0014702000189572573,True,True,geo_qpg_d,True,191.45028040796734,6.890799995744601,188.0,6824.0,,,,,,N4_ATOMIC,0.0
SP1_N4_DISTRIBUTED_FAMILY_v2,E5_DPOP_SMALL,E5_DPOP:N6:K2:clustered:cv0.35:p0.85:r4,634413334,clustered,6,2,0.35,0.85,OPTIMAL,237.88494941218866,237.88494941218866,0.0,0.0030368999869097024,True,True,dpop_exact_small,True,237.8849494121887,3.782100015087053,10.0,2944.0,5.0,5.0,363.0,5.0,729.0,EXACT_DISTRIBUTED,1.1947670292144908e-16
SP1_N4_DISTRIBUTED_FAMILY_v2,E5_DPOP_SMALL,E5_DPOP:N6:K2:clustered:cv0.35:p0.85:r4,634413334,clustered,6,2,0.35,0.85,OPTIMAL,237.88494941218866,237.88494941218866,0.0,0.0030368999869097024,True,True,milp_highs,True,237.88494941218866,3.0368999869097024,,,,,,,,CENTRAL_ORACLE,0.0
SP1_N4_DISTRIBUTED_FAMILY_v2,E5_DPOP_SMALL,E5_DPOP:N6:K2:clustered:cv0.35:p0.85:r4,634413334,clustered,6,2,0.35,0.85,OPTIMAL,237.88494941218866,237.88494941218866,0.0,0.0030368999869097024,True,True,geo_qpg_u,True,291.33552165844736,1.7151000211015344,38.0,1296.0,,,,,,N4_ATOMIC,0.22469085319745757
SP1_N4_DISTRIBUTED_FAMILY_v2,E5_DPOP_SMALL,E5_DPOP:N6:K2:clustered:cv0.35:p0.85:r4,634413334,clustered,6,2,0.35,0.85,OPTIMAL,237.88494941218866,237.88494941218866,0.0,0.0030368999869097024,True,True,geo_qpg_p,True,243.95456218067997,5.3490000136662275,142.0,5480.0,,,,,,N4_ATOMIC,0.025514908713179473
SP1_N4_DISTRIBUTED_FAMILY_v2,E5_DPOP_SMALL,E5_DPOP:N6:K2:clustered:cv0.35:p0.85:r4,634413334,clustered,6,2,0.35,0.85,OPTIMAL,237.88494941218866,237.88494941218866,0.0,0.0030368999869097024,True,True,geo_qpg_c3,True,243.95456218067997,11.54770000721328,302.0,11880.0,,,,,,N4_ATOMIC,0.025514908713179473
SP1_N4_DISTRIBUTED_FAMILY_v2,E5_DPOP_SMALL,E5_DPOP:N6:K2:clustered:cv0.35:p0.85:r4,634413334,clustered,6,2,0.35,0.85,OPTIMAL,237.88494941218866,237.88494941218866,0.0,0.0030368999869097024,True,True,geo_qpg_d,True,243.95456218067997,7.7664999989792705,252.0,9688.0,,,,,,N4_ATOMIC,0.025514908713179473
SP1_N4_DISTRIBUTED_FAMILY_v2,E5_DPOP_SMALL,E5_DPOP:N6:K2:clustered:cv0.35:p0.85:r5,1417774793,clustered,6,2,0.35,0.85,OPTIMAL,246.41601575091482,246.41601575091482,0.0,0.0017143000150099397,True,True,dpop_exact_small,True,246.41601575091482,4.059800005052239,10.0,2944.0,5.0,5.0,363.0,5.0,729.0,EXACT_DISTRIBUTED,0.0
SP1_N4_DISTRIBUTED_FAMILY_v2,E5_DPOP_SMALL,E5_DPOP:N6:K2:clustered:cv0.35:p0.85:r5,1417774793,clustered,6,2,0.35,0.85,OPTIMAL,246.41601575091482,246.41601575091482,0.0,0.0017143000150099397,True,True,milp_highs,True,246.41601575091482,1.7143000150099397,,,,,,,,CENTRAL_ORACLE,0.0
SP1_N4_DISTRIBUTED_FAMILY_v2,E5_DPOP_SMALL,E5_DPOP:N6:K2:clustered:cv0.35:p0.85:r5,1417774793,clustered,6,2,0.35,0.85,OPTIMAL,246.41601575091482,246.41601575091482,0.0,0.0017143000150099397,True,True,geo_qpg_u,True,294.0951529485579,1.2987000227440149,44.0,1548.0,,,,,,N4_ATOMIC,0.1934904151921629
SP1_N4_DISTRIBUTED_FAMILY_v2,E5_DPOP_SMALL,E5_DPOP:N6:K2:clustered:cv0.35:p0.85:r5,1417774793,clustered,6,2,0.35,0.85,OPTIMAL,246.41601575091482,246.41601575091482,0.0,0.0017143000150099397,True,True,geo_qpg_p,True,246.41601575091485,5.924400000367314,147.0,5556.0,,,,,,N4_ATOMIC,1.1534034970816823e-16
SP1_N4_DISTRIBUTED_FAMILY_v2,E5_DPOP_SMALL,E5_DPOP:N6:K2:clustered:cv0.35:p0.85:r5,1417774793,clustered,6,2,0.35,0.85,OPTIMAL,246.41601575091482,246.41601575091482,0.0,0.0017143000150099397,True,True,geo_qpg_c3,True,246.41601575091485,11.44819997716695,287.0,11156.0,,,,,,N4_ATOMIC,1.1534034970816823e-16
SP1_N4_DISTRIBUTED_FAMILY_v2,E5_DPOP_SMALL,E5_DPOP:N6:K2:clustered:cv0.35:p0.85:r5,1417774793,clustered,6,2,0.35,0.85,OPTIMAL,246.41601575091482,246.41601575091482,0.0,0.0017143000150099397,True,True,geo_qpg_d,True,246.41601575091485,9.407400008058175,249.0,9044.0,,,,,,N4_ATOMIC,1.1534034970816823e-16
SP1_N4_DISTRIBUTED_FAMILY_v2,E5_DPOP_SMALL,E5_DPOP:N6:K2:clustered:cv0.35:p0.85:r6,2830144354,clustered,6,2,0.35,0.85,OPTIMAL,355.3693543219266,355.36935432192666,0.0,0.0023498999944422394,True,True,dpop_exact_small,True,355.36935432192666,3.5949999873992056,10.0,2944.0,5.0,5.0,363.0,5.0,729.0,EXACT_DISTRIBUTED,1.5995588299747974e-16
SP1_N4_DISTRIBUTED_FAMILY_v2,E5_DPOP_SMALL,E5_DPOP:N6:K2:clustered:cv0.35:p0.85:r6,2830144354,clustered,6,2,0.35,0.85,OPTIMAL,355.3693543219266,355.36935432192666,0.0,0.0023498999944422394,True,True,milp_highs,True,355.3693543219266,2.3498999944422394,,,,,,,,CENTRAL_ORACLE,0.0
SP1_N4_DISTRIBUTED_FAMILY_v2,E5_DPOP_SMALL,E5_DPOP:N6:K2:clustered:cv0.35:p0.85:r6,2830144354,clustered,6,2,0.35,0.85,OPTIMAL,355.3693543219266,355.36935432192666,0.0,0.0023498999944422394,True,True,geo_qpg_u,True,356.24824797407217,1.3966999831609428,40.0,1380.0,,,,,,N4_ATOMIC,0.0024731835805666584
SP1_N4_DISTRIBUTED_FAMILY_v2,E5_DPOP_SMALL,E5_DPOP:N6:K2:clustered:cv0.35:p0.85:r6,2830144354,clustered,6,2,0.35,0.85,OPTIMAL,355.3693543219266,355.36935432192666,0.0,0.0023498999944422394,True,True,geo_qpg_p,True,356.24824797407217,5.5330999894067645,100.0,3780.0,,,,,,N4_ATOMIC,0.0024731835805666584
SP1_N4_DISTRIBUTED_FAMILY_v2,E5_DPOP_SMALL,E5_DPOP:N6:K2:clustered:cv0.35:p0.85:r6,2830144354,clustered,6,2,0.35,0.85,OPTIMAL,355.3693543219266,355.36935432192666,0.0,0.0023498999944422394,True,True,geo_qpg_c3,True,355.3693543219266,12.010300008114427,292.0,11452.0,,,,,,N4_ATOMIC,0.0
SP1_N4_DISTRIBUTED_FAMILY_v2,E5_DPOP_SMALL,E5_DPOP:N6:K2:clustered:cv0.35:p0.85:r6,2830144354,clustered,6,2,0.35,0.85,OPTIMAL,355.3693543219266,355.36935432192666,0.0,0.0023498999944422394,True,True,geo_qpg_d,True,355.3693543219266,7.665899989660829,226.0,8160.0,,,,,,N4_ATOMIC,0.0
SP1_N4_DISTRIBUTED_FAMILY_v2,E5_DPOP_SMALL,E5_DPOP:N6:K2:clustered:cv0.35:p0.85:r7,222383059,clustered,6,2,0.35,0.85,OPTIMAL,167.3534495083099,167.35344950830986,0.0,0.002330699993763119,True,True,dpop_exact_small,True,167.35344950830986,3.731699980562553,10.0,2944.0,5.0,5.0,363.0,5.0,729.0,EXACT_DISTRIBUTED,-1.698304368025156e-16
SP1_N4_DISTRIBUTED_FAMILY_v2,E5_DPOP_SMALL,E5_DPOP:N6:K2:clustered:cv0.35:p0.85:r7,222383059,clustered,6,2,0.35,0.85,OPTIMAL,167.3534495083099,167.35344950830986,0.0,0.002330699993763119,True,True,milp_highs,True,167.3534495083099,2.330699993763119,,,,,,,,CENTRAL_ORACLE,0.0
SP1_N4_DISTRIBUTED_FAMILY_v2,E5_DPOP_SMALL,E5_DPOP:N6:K2:clustered:cv0.35:p0.85:r7,222383059,clustered,6,2,0.35,0.85,OPTIMAL,167.3534495083099,167.35344950830986,0.0,0.002330699993763119,True,True,geo_qpg_u,True,199.31950555850665,1.3955000031273812,40.0,1380.0,,,,,,N4_ATOMIC,0.1910092450685308
SP1_N4_DISTRIBUTED_FAMILY_v2,E5_DPOP_SMALL,E5_DPOP:N6:K2:clustered:cv0.35:p0.85:r7,222383059,clustered,6,2,0.35,0.85,OPTIMAL,167.3534495083099,167.35344950830986,0.0,0.002330699993763119,True,True,geo_qpg_p,True,167.35344950830984,5.3724999888800085,126.0,4836.0,,,,,,N4_ATOMIC,-3.396608736050312e-16
SP1_N4_DISTRIBUTED_FAMILY_v2,E5_DPOP_SMALL,E5_DPOP:N6:K2:clustered:cv0.35:p0.85:r7,222383059,clustered,6,2,0.35,0.85,OPTIMAL,167.3534495083099,167.35344950830986,0.0,0.002330699993763119,True,True,geo_qpg_c3,True,167.35344950830984,11.119600007077679,286.0,11236.0,,,,,,N4_ATOMIC,-3.396608736050312e-16
SP1_N4_DISTRIBUTED_FAMILY_v2,E5_DPOP_SMALL,E5_DPOP:N6:K2:clustered:cv0.35:p0.85:r7,222383059,clustered,6,2,0.35,0.85,OPTIMAL,167.3534495083099,167.35344950830986,0.0,0.002330699993763119,True,True,geo_qpg_d,True,167.35344950830984,7.73099999059923,255.0,9264.0,,,,,,N4_ATOMIC,-3.396608736050312e-16
SP1_N4_DISTRIBUTED_FAMILY_v2,E5_DPOP_SMALL,E5_DPOP:N6:K2:clustered:cv0.35:p0.85:r8,3541015117,clustered,6,2,0.35,0.85,OPTIMAL,187.79264371649103,187.792643716491,0.0,0.0018395000079181045,True,True,dpop_exact_small,True,187.792643716491,3.6687999963760376,10.0,2944.0,5.0,5.0,363.0,5.0,729.0,EXACT_DISTRIBUTED,-1.5134623416512535e-16
SP1_N4_DISTRIBUTED_FAMILY_v2,E5_DPOP_SMALL,E5_DPOP:N6:K2:clustered:cv0.35:p0.85:r8,3541015117,clustered,6,2,0.35,0.85,OPTIMAL,187.79264371649103,187.792643716491,0.0,0.0018395000079181045,True,True,milp_highs,True,187.79264371649103,1.8395000079181045,,,,,,,,CENTRAL_ORACLE,0.0
SP1_N4_DISTRIBUTED_FAMILY_v2,E5_DPOP_SMALL,E5_DPOP:N6:K2:clustered:cv0.35:p0.85:r8,3541015117,clustered,6,2,0.35,0.85,OPTIMAL,187.79264371649103,187.792643716491,0.0,0.0018395000079181045,True,True,geo_qpg_u,True,187.79264371649103,1.4042000111658126,38.0,1296.0,,,,,,N4_ATOMIC,0.0
SP1_N4_DISTRIBUTED_FAMILY_v2,E5_DPOP_SMALL,E5_DPOP:N6:K2:clustered:cv0.35:p0.85:r8,3541015117,clustered,6,2,0.35,0.85,OPTIMAL,187.79264371649103,187.792643716491,0.0,0.0018395000079181045,True,True,geo_qpg_p,True,187.79264371649103,5.3171999752521515,94.0,3536.0,,,,,,N4_ATOMIC,0.0
SP1_N4_DISTRIBUTED_FAMILY_v2,E5_DPOP_SMALL,E5_DPOP:N6:K2:clustered:cv0.35:p0.85:r8,3541015117,clustered,6,2,0.35,0.85,OPTIMAL,187.79264371649103,187.792643716491,0.0,0.0018395000079181045,True,True,geo_qpg_c3,True,187.79264371649103,12.563399999635294,258.0,10096.0,,,,,,N4_ATOMIC,0.0
SP1_N4_DISTRIBUTED_FAMILY_v2,E5_DPOP_SMALL,E5_DPOP:N6:K2:clustered:cv0.35:p0.85:r8,3541015117,clustered,6,2,0.35,0.85,OPTIMAL,187.79264371649103,187.792643716491,0.0,0.0018395000079181045,True,True,geo_qpg_d,True,187.79264371649103,7.614900008775294,208.0,7620.0,,,,,,N4_ATOMIC,0.0
SP1_N4_DISTRIBUTED_FAMILY_v2,E5_DPOP_SMALL,E5_DPOP:N6:K2:clustered:cv0.35:p0.85:r9,933848040,clustered,6,2,0.35,0.85,OPTIMAL,212.9683594749339,212.9683594749339,0.0,0.0018222999933641404,True,True,dpop_exact_small,True,212.968359474934,3.408000018680468,10.0,2944.0,5.0,5.0,363.0,5.0,729.0,EXACT_DISTRIBUTED,5.338203196094809e-16
SP1_N4_DISTRIBUTED_FAMILY_v2,E5_DPOP_SMALL,E5_DPOP:N6:K2:clustered:cv0.35:p0.85:r9,933848040,clustered,6,2,0.35,0.85,OPTIMAL,212.9683594749339,212.9683594749339,0.0,0.0018222999933641404,True,True,milp_highs,True,212.9683594749339,1.8222999933641404,,,,,,,,CENTRAL_ORACLE,0.0
SP1_N4_DISTRIBUTED_FAMILY_v2,E5_DPOP_SMALL,E5_DPOP:N6:K2:clustered:cv0.35:p0.85:r9,933848040,clustered,6,2,0.35,0.85,OPTIMAL,212.9683594749339,212.9683594749339,0.0,0.0018222999933641404,True,True,geo_qpg_u,True,212.968359474934,1.8282000091858208,55.0,1960.0,,,,,,N4_ATOMIC,5.338203196094809e-16
SP1_N4_DISTRIBUTED_FAMILY_v2,E5_DPOP_SMALL,E5_DPOP:N6:K2:clustered:cv0.35:p0.85:r9,933848040,clustered,6,2,0.35,0.85,OPTIMAL,212.9683594749339,212.9683594749339,0.0,0.0018222999933641404,True,True,geo_qpg_p,True,212.968359474934,4.012399993371218,95.0,3560.0,,,,,,N4_ATOMIC,5.338203196094809e-16
SP1_N4_DISTRIBUTED_FAMILY_v2,E5_DPOP_SMALL,E5_DPOP:N6:K2:clustered:cv0.35:p0.85:r9,933848040,clustered,6,2,0.35,0.85,OPTIMAL,212.9683594749339,212.9683594749339,0.0,0.0018222999933641404,True,True,geo_qpg_c3,True,212.968359474934,9.357300004921854,243.0,9480.0,,,,,,N4_ATOMIC,5.338203196094809e-16
SP1_N4_DISTRIBUTED_FAMILY_v2,E5_DPOP_SMALL,E5_DPOP:N6:K2:clustered:cv0.35:p0.85:r9,933848040,clustered,6,2,0.35,0.85,OPTIMAL,212.9683594749339,212.9683594749339,0.0,0.0018222999933641404,True,True,geo_qpg_d,True,263.1384001767376,4.791299987118691,158.0,5524.0,,,,,,N4_ATOMIC,0.2355750911801932
SP1_N4_DISTRIBUTED_FAMILY_v2,E5_DPOP_SMALL,E5_DPOP:N6:K2:clustered:cv0.65:p0.7:r0,1746735563,clustered,6,2,0.65,0.7,OPTIMAL,153.29037543448936,153.29037543448936,0.0,0.003853700007312,True,True,dpop_exact_small,True,153.29037543448936,3.6484999873209745,10.0,2944.0,5.0,5.0,363.0,5.0,729.0,EXACT_DISTRIBUTED,0.0
SP1_N4_DISTRIBUTED_FAMILY_v2,E5_DPOP_SMALL,E5_DPOP:N6:K2:clustered:cv0.65:p0.7:r0,1746735563,clustered,6,2,0.65,0.7,OPTIMAL,153.29037543448936,153.29037543448936,0.0,0.003853700007312,True,True,milp_highs,True,153.29037543448936,3.853700007312,,,,,,,,CENTRAL_ORACLE,0.0
SP1_N4_DISTRIBUTED_FAMILY_v2,E5_DPOP_SMALL,E5_DPOP:N6:K2:clustered:cv0.65:p0.7:r0,1746735563,clustered,6,2,0.65,0.7,OPTIMAL,153.29037543448936,153.29037543448936,0.0,0.003853700007312,True,True,geo_qpg_u,True,153.29037543448936,1.0756999836303294,39.0,1388.0,,,,,,N4_ATOMIC,0.0
SP1_N4_DISTRIBUTED_FAMILY_v2,E5_DPOP_SMALL,E5_DPOP:N6:K2:clustered:cv0.65:p0.7:r0,1746735563,clustered,6,2,0.65,0.7,OPTIMAL,153.29037543448936,153.29037543448936,0.0,0.003853700007312,True,True,geo_qpg_p,True,153.29037543448936,3.5804999934043735,75.0,2828.0,,,,,,N4_ATOMIC,0.0
SP1_N4_DISTRIBUTED_FAMILY_v2,E5_DPOP_SMALL,E5_DPOP:N6:K2:clustered:cv0.65:p0.7:r0,1746735563,clustered,6,2,0.65,0.7,OPTIMAL,153.29037543448936,153.29037543448936,0.0,0.003853700007312,True,True,geo_qpg_c3,True,153.29037543448936,7.20950000686571,175.0,6828.0,,,,,,N4_ATOMIC,0.0
SP1_N4_DISTRIBUTED_FAMILY_v2,E5_DPOP_SMALL,E5_DPOP:N6:K2:clustered:cv0.65:p0.7:r0,1746735563,clustered,6,2,0.65,0.7,OPTIMAL,153.29037543448936,153.29037543448936,0.0,0.003853700007312,True,True,geo_qpg_d,True,171.2455033852281,4.6833000087644905,163.0,5760.0,,,,,,N4_ATOMIC,0.11713147612722813
SP1_N4_DISTRIBUTED_FAMILY_v2,E5_DPOP_SMALL,E5_DPOP:N6:K2:clustered:cv0.65:p0.7:r1,792355428,clustered,6,2,0.65,0.7,OPTIMAL,96.44915026253527,96.44915026253527,0.0,0.001255700015462935,True,True,dpop_exact_small,True,96.44915026253528,3.766700014239177,10.0,2944.0,5.0,5.0,363.0,5.0,729.0,EXACT_DISTRIBUTED,1.4734038274593355e-16
SP1_N4_DISTRIBUTED_FAMILY_v2,E5_DPOP_SMALL,E5_DPOP:N6:K2:clustered:cv0.65:p0.7:r1,792355428,clustered,6,2,0.65,0.7,OPTIMAL,96.44915026253527,96.44915026253527,0.0,0.001255700015462935,True,True,milp_highs,True,96.44915026253527,1.255700015462935,,,,,,,,CENTRAL_ORACLE,0.0
SP1_N4_DISTRIBUTED_FAMILY_v2,E5_DPOP_SMALL,E5_DPOP:N6:K2:clustered:cv0.65:p0.7:r1,792355428,clustered,6,2,0.65,0.7,OPTIMAL,96.44915026253527,96.44915026253527,0.0,0.001255700015462935,True,True,geo_qpg_u,True,214.44115958506697,1.3153999752830714,33.0,1136.0,,,,,,N4_ATOMIC,1.2233597600534232
SP1_N4_DISTRIBUTED_FAMILY_v2,E5_DPOP_SMALL,E5_DPOP:N6:K2:clustered:cv0.65:p0.7:r1,792355428,clustered,6,2,0.65,0.7,OPTIMAL,96.44915026253527,96.44915026253527,0.0,0.001255700015462935,True,True,geo_qpg_p,True,167.8254290576039,5.577499978244305,128.0,4976.0,,,,,,N4_ATOMIC,0.7400405146212476
SP1_N4_DISTRIBUTED_FAMILY_v2,E5_DPOP_SMALL,E5_DPOP:N6:K2:clustered:cv0.65:p0.7:r1,792355428,clustered,6,2,0.65,0.7,OPTIMAL,96.44915026253527,96.44915026253527,0.0,0.001255700015462935,True,True,geo_qpg_c3,True,96.44915026253527,11.753300001146272,376.0,14888.0,,,,,,N4_ATOMIC,0.0
SP1_N4_DISTRIBUTED_FAMILY_v2,E5_DPOP_SMALL,E5_DPOP:N6:K2:clustered:cv0.65:p0.7:r1,792355428,clustered,6,2,0.65,0.7,OPTIMAL,96.44915026253527,96.44915026253527,0.0,0.001255700015462935,True,True,geo_qpg_d,True,167.8254290576039,5.247699999017641,146.0,5320.0,,,,,,N4_ATOMIC,0.7400405146212476
SP1_N4_DISTRIBUTED_FAMILY_v2,E5_DPOP_SMALL,E5_DPOP:N6:K2:clustered:cv0.65:p0.7:r2,3679998829,clustered,6,2,0.65,0.7,OPTIMAL,131.67439014015827,131.67439014015827,0.0,0.0015252000011969358,True,True,dpop_exact_small,True,131.6743901401583,3.741499996976927,10.0,2944.0,5.0,5.0,363.0,5.0,729.0,EXACT_DISTRIBUTED,2.15848422765817e-16
SP1_N4_DISTRIBUTED_FAMILY_v2,E5_DPOP_SMALL,E5_DPOP:N6:K2:clustered:cv0.65:p0.7:r2,3679998829,clustered,6,2,0.65,0.7,OPTIMAL,131.67439014015827,131.67439014015827,0.0,0.0015252000011969358,True,True,milp_highs,True,131.67439014015827,1.5252000011969358,,,,,,,,CENTRAL_ORACLE,0.0
SP1_N4_DISTRIBUTED_FAMILY_v2,E5_DPOP_SMALL,E5_DPOP:N6:K2:clustered:cv0.65:p0.7:r2,3679998829,clustered,6,2,0.65,0.7,OPTIMAL,131.67439014015827,131.67439014015827,0.0,0.0015252000011969358,True,True,geo_qpg_u,True,183.60923694662978,1.5093999973032624,40.0,1380.0,,,,,,N4_ATOMIC,0.39441873815546413
SP1_N4_DISTRIBUTED_FAMILY_v2,E5_DPOP_SMALL,E5_DPOP:N6:K2:clustered:cv0.65:p0.7:r2,3679998829,clustered,6,2,0.65,0.7,OPTIMAL,131.67439014015827,131.67439014015827,0.0,0.0015252000011969358,True,True,geo_qpg_p,True,131.67439014015827,6.528300000354648,164.0,6428.0,,,,,,N4_ATOMIC,0.0
SP1_N4_DISTRIBUTED_FAMILY_v2,E5_DPOP_SMALL,E5_DPOP:N6:K2:clustered:cv0.65:p0.7:r2,3679998829,clustered,6,2,0.65,0.7,OPTIMAL,131.67439014015827,131.67439014015827,0.0,0.0015252000011969358,True,True,geo_qpg_c3,True,131.67439014015827,11.168099998030812,312.0,12348.0,,,,,,N4_ATOMIC,0.0
SP1_N4_DISTRIBUTED_FAMILY_v2,E5_DPOP_SMALL,E5_DPOP:N6:K2:clustered:cv0.65:p0.7:r2,3679998829,clustered,6,2,0.65,0.7,OPTIMAL,131.67439014015827,131.67439014015827,0.0,0.0015252000011969358,True,True,geo_qpg_d,True,131.67439014015827,4.162400000495836,139.0,5000.0,,,,,,N4_ATOMIC,0.0
SP1_N4_DISTRIBUTED_FAMILY_v2,E5_DPOP_SMALL,E5_DPOP:N6:K2:clustered:cv0.65:p0.7:r3,2177383888,clustered,6,2,0.65,0.7,OPTIMAL,146.09786778395735,146.09786778395733,0.0,0.0026489000010769814,True,True,dpop_exact_small,True,146.09786778395733,3.231199982110411,10.0,2944.0,5.0,5.0,363.0,5.0,729.0,EXACT_DISTRIBUTED,-1.9453883798244538e-16
SP1_N4_DISTRIBUTED_FAMILY_v2,E5_DPOP_SMALL,E5_DPOP:N6:K2:clustered:cv0.65:p0.7:r3,2177383888,clustered,6,2,0.65,0.7,OPTIMAL,146.09786778395735,146.09786778395733,0.0,0.0026489000010769814,True,True,milp_highs,True,146.09786778395735,2.6489000010769814,,,,,,,,CENTRAL_ORACLE,0.0
SP1_N4_DISTRIBUTED_FAMILY_v2,E5_DPOP_SMALL,E5_DPOP:N6:K2:clustered:cv0.65:p0.7:r3,2177383888,clustered,6,2,0.65,0.7,OPTIMAL,146.09786778395735,146.09786778395733,0.0,0.0026489000010769814,True,True,geo_qpg_u,True,190.34999527136293,1.3328000204637647,47.0,1624.0,,,,,,N4_ATOMIC,0.30289372568286577
SP1_N4_DISTRIBUTED_FAMILY_v2,E5_DPOP_SMALL,E5_DPOP:N6:K2:clustered:cv0.65:p0.7:r3,2177383888,clustered,6,2,0.65,0.7,OPTIMAL,146.09786778395735,146.09786778395733,0.0,0.0026489000010769814,True,True,geo_qpg_p,True,190.34999527136293,5.021400022087619,99.0,3704.0,,,,,,N4_ATOMIC,0.30289372568286577
SP1_N4_DISTRIBUTED_FAMILY_v2,E5_DPOP_SMALL,E5_DPOP:N6:K2:clustered:cv0.65:p0.7:r3,2177383888,clustered,6,2,0.65,0.7,OPTIMAL,146.09786778395735,146.09786778395733,0.0,0.0026489000010769814,True,True,geo_qpg_c3,True,146.09786778395733,14.210599998477846,407.0,16000.0,,,,,,N4_ATOMIC,-1.9453883798244538e-16
SP1_N4_DISTRIBUTED_FAMILY_v2,E5_DPOP_SMALL,E5_DPOP:N6:K2:clustered:cv0.65:p0.7:r3,2177383888,clustered,6,2,0.65,0.7,OPTIMAL,146.09786778395735,146.09786778395733,0.0,0.0026489000010769814,True,True,geo_qpg_d,True,146.09786778395733,5.388299992773682,134.0,4788.0,,,,,,N4_ATOMIC,-1.9453883798244538e-16
SP1_N4_DISTRIBUTED_FAMILY_v2,E5_DPOP_SMALL,E5_DPOP:N6:K2:clustered:cv0.65:p0.7:r4,2763428645,clustered,6,2,0.65,0.7,OPTIMAL,158.32399673539996,158.32399673539996,0.0,0.0019046000088565052,True,True,dpop_exact_small,True,158.32399673539996,3.7736000085715204,10.0,2944.0,5.0,5.0,363.0,5.0,729.0,EXACT_DISTRIBUTED,0.0
SP1_N4_DISTRIBUTED_FAMILY_v2,E5_DPOP_SMALL,E5_DPOP:N6:K2:clustered:cv0.65:p0.7:r4,2763428645,clustered,6,2,0.65,0.7,OPTIMAL,158.32399673539996,158.32399673539996,0.0,0.0019046000088565052,True,True,milp_highs,True,158.32399673539996,1.9046000088565052,,,,,,,,CENTRAL_ORACLE,0.0
SP1_N4_DISTRIBUTED_FAMILY_v2,E5_DPOP_SMALL,E5_DPOP:N6:K2:clustered:cv0.65:p0.7:r4,2763428645,clustered,6,2,0.65,0.7,OPTIMAL,158.32399673539996,158.32399673539996,0.0,0.0019046000088565052,True,True,geo_qpg_u,True,200.156138219249,1.2257999915163964,44.0,1548.0,,,,,,N4_ATOMIC,0.2642185792830968
SP1_N4_DISTRIBUTED_FAMILY_v2,E5_DPOP_SMALL,E5_DPOP:N6:K2:clustered:cv0.65:p0.7:r4,2763428645,clustered,6,2,0.65,0.7,OPTIMAL,158.32399673539996,158.32399673539996,0.0,0.0019046000088565052,True,True,geo_qpg_p,True,158.32399673539996,5.404399998951703,127.0,4792.0,,,,,,N4_ATOMIC,0.0
SP1_N4_DISTRIBUTED_FAMILY_v2,E5_DPOP_SMALL,E5_DPOP:N6:K2:clustered:cv0.65:p0.7:r4,2763428645,clustered,6,2,0.65,0.7,OPTIMAL,158.32399673539996,158.32399673539996,0.0,0.0019046000088565052,True,True,geo_qpg_c3,True,158.32399673539996,12.176199990790337,307.0,11992.0,,,,,,N4_ATOMIC,0.0
SP1_N4_DISTRIBUTED_FAMILY_v2,E5_DPOP_SMALL,E5_DPOP:N6:K2:clustered:cv0.65:p0.7:r4,2763428645,clustered,6,2,0.65,0.7,OPTIMAL,158.32399673539996,158.32399673539996,0.0,0.0019046000088565052,True,True,geo_qpg_d,True,158.32399673539996,5.284399987431243,140.0,5000.0,,,,,,N4_ATOMIC,0.0
SP1_N4_DISTRIBUTED_FAMILY_v2,E5_DPOP_SMALL,E5_DPOP:N6:K2:clustered:cv0.65:p0.7:r5,4041526050,clustered,6,2,0.65,0.7,OPTIMAL,181.7885958210219,181.7885958210219,0.0,0.005825800006277859,True,True,dpop_exact_small,True,181.78859582102191,3.2475999905727804,10.0,2944.0,5.0,5.0,363.0,5.0,729.0,EXACT_DISTRIBUTED,1.563448427666294e-16
SP1_N4_DISTRIBUTED_FAMILY_v2,E5_DPOP_SMALL,E5_DPOP:N6:K2:clustered:cv0.65:p0.7:r5,4041526050,clustered,6,2,0.65,0.7,OPTIMAL,181.7885958210219,181.7885958210219,0.0,0.005825800006277859,True,True,milp_highs,True,181.7885958210219,5.825800006277859,,,,,,,,CENTRAL_ORACLE,0.0
SP1_N4_DISTRIBUTED_FAMILY_v2,E5_DPOP_SMALL,E5_DPOP:N6:K2:clustered:cv0.65:p0.7:r5,4041526050,clustered,6,2,0.65,0.7,OPTIMAL,181.7885958210219,181.7885958210219,0.0,0.005825800006277859,True,True,geo_qpg_u,True,270.45522292068074,1.0943000088445842,31.0,1052.0,,,,,,N4_ATOMIC,0.48774581650300375
SP1_N4_DISTRIBUTED_FAMILY_v2,E5_DPOP_SMALL,E5_DPOP:N6:K2:clustered:cv0.65:p0.7:r5,4041526050,clustered,6,2,0.65,0.7,OPTIMAL,181.7885958210219,181.7885958210219,0.0,0.005825800006277859,True,True,geo_qpg_p,True,190.94189913738273,6.905400019604713,129.0,4888.0,,,,,,N4_ATOMIC,0.0503513615638059
SP1_N4_DISTRIBUTED_FAMILY_v2,E5_DPOP_SMALL,E5_DPOP:N6:K2:clustered:cv0.65:p0.7:r5,4041526050,clustered,6,2,0.65,0.7,OPTIMAL,181.7885958210219,181.7885958210219,0.0,0.005825800006277859,True,True,geo_qpg_c3,True,190.94189913738273,12.589100020704791,257.0,10008.0,,,,,,N4_ATOMIC,0.0503513615638059
SP1_N4_DISTRIBUTED_FAMILY_v2,E5_DPOP_SMALL,E5_DPOP:N6:K2:clustered:cv0.65:p0.7:r5,4041526050,clustered,6,2,0.65,0.7,OPTIMAL,181.7885958210219,181.7885958210219,0.0,0.005825800006277859,True,True,geo_qpg_d,True,190.94189913738273,7.0767000142950565,186.0,6644.0,,,,,,N4_ATOMIC,0.0503513615638059
SP1_N4_DISTRIBUTED_FAMILY_v2,E5_DPOP_SMALL,E5_DPOP:N6:K2:clustered:cv0.65:p0.7:r6,3603841295,clustered,6,2,0.65,0.7,OPTIMAL,166.9974196342976,166.9974196342976,0.0,0.0016200999962165952,True,True,dpop_exact_small,True,166.9974196342976,3.4488000092096627,10.0,2944.0,5.0,5.0,363.0,5.0,729.0,EXACT_DISTRIBUTED,0.0
SP1_N4_DISTRIBUTED_FAMILY_v2,E5_DPOP_SMALL,E5_DPOP:N6:K2:clustered:cv0.65:p0.7:r6,3603841295,clustered,6,2,0.65,0.7,OPTIMAL,166.9974196342976,166.9974196342976,0.0,0.0016200999962165952,True,True,milp_highs,True,166.9974196342976,1.6200999962165952,,,,,,,,CENTRAL_ORACLE,0.0
SP1_N4_DISTRIBUTED_FAMILY_v2,E5_DPOP_SMALL,E5_DPOP:N6:K2:clustered:cv0.65:p0.7:r6,3603841295,clustered,6,2,0.65,0.7,OPTIMAL,166.9974196342976,166.9974196342976,0.0,0.0016200999962165952,True,True,geo_qpg_u,True,186.87124923804004,0.981699995463714,26.0,892.0,,,,,,N4_ATOMIC,0.11900680649595381
SP1_N4_DISTRIBUTED_FAMILY_v2,E5_DPOP_SMALL,E5_DPOP:N6:K2:clustered:cv0.65:p0.7:r6,3603841295,clustered,6,2,0.65,0.7,OPTIMAL,166.9974196342976,166.9974196342976,0.0,0.0016200999962165952,True,True,geo_qpg_p,True,166.99741963429761,6.8971999862696975,128.0,4924.0,,,,,,N4_ATOMIC,1.7019250652281825e-16
SP1_N4_DISTRIBUTED_FAMILY_v2,E5_DPOP_SMALL,E5_DPOP:N6:K2:clustered:cv0.65:p0.7:r6,3603841295,clustered,6,2,0.65,0.7,OPTIMAL,166.9974196342976,166.9974196342976,0.0,0.0016200999962165952,True,True,geo_qpg_c3,True,166.99741963429761,11.793199984822422,288.0,11324.0,,,,,,N4_ATOMIC,1.7019250652281825e-16
SP1_N4_DISTRIBUTED_FAMILY_v2,E5_DPOP_SMALL,E5_DPOP:N6:K2:clustered:cv0.65:p0.7:r6,3603841295,clustered,6,2,0.65,0.7,OPTIMAL,166.9974196342976,166.9974196342976,0.0,0.0016200999962165952,True,True,geo_qpg_d,True,166.99741963429761,6.133400020189583,146.0,5276.0,,,,,,N4_ATOMIC,1.7019250652281825e-16
SP1_N4_DISTRIBUTED_FAMILY_v2,E5_DPOP_SMALL,E5_DPOP:N6:K2:clustered:cv0.65:p0.7:r7,1268197242,clustered,6,2,0.65,0.7,OPTIMAL,213.48231546209368,213.48231546209365,0.0,0.0013780999870505184,True,True,dpop_exact_small,True,213.48231546209368,3.4799999848473817,10.0,2944.0,5.0,5.0,363.0,5.0,729.0,EXACT_DISTRIBUTED,0.0
SP1_N4_DISTRIBUTED_FAMILY_v2,E5_DPOP_SMALL,E5_DPOP:N6:K2:clustered:cv0.65:p0.7:r7,1268197242,clustered,6,2,0.65,0.7,OPTIMAL,213.48231546209368,213.48231546209365,0.0,0.0013780999870505184,True,True,milp_highs,True,213.48231546209368,1.3780999870505184,,,,,,,,CENTRAL_ORACLE,0.0
SP1_N4_DISTRIBUTED_FAMILY_v2,E5_DPOP_SMALL,E5_DPOP:N6:K2:clustered:cv0.65:p0.7:r7,1268197242,clustered,6,2,0.65,0.7,OPTIMAL,213.48231546209368,213.48231546209365,0.0,0.0013780999870505184,True,True,geo_qpg_u,True,297.1766694039439,1.3098999916110188,31.0,1052.0,,,,,,N4_ATOMIC,0.3920434990630928
SP1_N4_DISTRIBUTED_FAMILY_v2,E5_DPOP_SMALL,E5_DPOP:N6:K2:clustered:cv0.65:p0.7:r7,1268197242,clustered,6,2,0.65,0.7,OPTIMAL,213.48231546209368,213.48231546209365,0.0,0.0013780999870505184,True,True,geo_qpg_p,True,281.80429703586833,5.317300005117431,102.0,3852.0,,,,,,N4_ATOMIC,0.3200357904395412
SP1_N4_DISTRIBUTED_FAMILY_v2,E5_DPOP_SMALL,E5_DPOP:N6:K2:clustered:cv0.65:p0.7:r7,1268197242,clustered,6,2,0.65,0.7,OPTIMAL,213.48231546209368,213.48231546209365,0.0,0.0013780999870505184,True,True,geo_qpg_c3,True,213.48231546209368,11.12089998787269,328.0,12884.0,,,,,,N4_ATOMIC,0.0
SP1_N4_DISTRIBUTED_FAMILY_v2,E5_DPOP_SMALL,E5_DPOP:N6:K2:clustered:cv0.65:p0.7:r7,1268197242,clustered,6,2,0.65,0.7,OPTIMAL,213.48231546209368,213.48231546209365,0.0,0.0013780999870505184,True,True,geo_qpg_d,True,213.48231546209368,5.17080002464354,139.0,4852.0,,,,,,N4_ATOMIC,0.0
SP1_N4_DISTRIBUTED_FAMILY_v2,E5_DPOP_SMALL,E5_DPOP:N6:K2:clustered:cv0.65:p0.7:r8,2163056078,clustered,6,2,0.65,0.7,OPTIMAL,177.45272554745992,177.45272554745995,0.0,0.002557100000558421,True,True,dpop_exact_small,True,177.45272554745992,3.6925000022165477,10.0,2944.0,5.0,5.0,363.0,5.0,729.0,EXACT_DISTRIBUTED,0.0
SP1_N4_DISTRIBUTED_FAMILY_v2,E5_DPOP_SMALL,E5_DPOP:N6:K2:clustered:cv0.65:p0.7:r8,2163056078,clustered,6,2,0.65,0.7,OPTIMAL,177.45272554745992,177.45272554745995,0.0,0.002557100000558421,True,True,milp_highs,True,177.45272554745992,2.557100000558421,,,,,,,,CENTRAL_ORACLE,0.0
SP1_N4_DISTRIBUTED_FAMILY_v2,E5_DPOP_SMALL,E5_DPOP:N6:K2:clustered:cv0.65:p0.7:r8,2163056078,clustered,6,2,0.65,0.7,OPTIMAL,177.45272554745992,177.45272554745995,0.0,0.002557100000558421,True,True,geo_qpg_u,True,225.18483238212184,1.5222000074572861,46.0,1632.0,,,,,,N4_ATOMIC,0.26898491802480606
SP1_N4_DISTRIBUTED_FAMILY_v2,E5_DPOP_SMALL,E5_DPOP:N6:K2:clustered:cv0.65:p0.7:r8,2163056078,clustered,6,2,0.65,0.7,OPTIMAL,177.45272554745992,177.45272554745995,0.0,0.002557100000558421,True,True,geo_qpg_p,True,225.18483238212184,3.6958999990019947,78.0,2912.0,,,,,,N4_ATOMIC,0.26898491802480606
SP1_N4_DISTRIBUTED_FAMILY_v2,E5_DPOP_SMALL,E5_DPOP:N6:K2:clustered:cv0.65:p0.7:r8,2163056078,clustered,6,2,0.65,0.7,OPTIMAL,177.45272554745992,177.45272554745995,0.0,0.002557100000558421,True,True,geo_qpg_c3,True,177.45272554745992,10.268400015775114,257.0,10016.0,,,,,,N4_ATOMIC,0.0
SP1_N4_DISTRIBUTED_FAMILY_v2,E5_DPOP_SMALL,E5_DPOP:N6:K2:clustered:cv0.65:p0.7:r8,2163056078,clustered,6,2,0.65,0.7,OPTIMAL,177.45272554745992,177.45272554745995,0.0,0.002557100000558421,True,True,geo_qpg_d,True,177.45272554745992,3.850100009003654,164.0,5728.0,,,,,,N4_ATOMIC,0.0
SP1_N4_DISTRIBUTED_FAMILY_v2,E5_DPOP_SMALL,E5_DPOP:N6:K2:clustered:cv0.65:p0.7:r9,1923752037,clustered,6,2,0.65,0.7,OPTIMAL,133.6803244011502,133.6803244011502,0.0,0.002288599993335083,True,True,dpop_exact_small,True,133.6803244011502,5.091300001367927,10.0,2944.0,5.0,5.0,363.0,5.0,729.0,EXACT_DISTRIBUTED,0.0
SP1_N4_DISTRIBUTED_FAMILY_v2,E5_DPOP_SMALL,E5_DPOP:N6:K2:clustered:cv0.65:p0.7:r9,1923752037,clustered,6,2,0.65,0.7,OPTIMAL,133.6803244011502,133.6803244011502,0.0,0.002288599993335083,True,True,milp_highs,True,133.6803244011502,2.288599993335083,,,,,,,,CENTRAL_ORACLE,0.0
SP1_N4_DISTRIBUTED_FAMILY_v2,E5_DPOP_SMALL,E5_DPOP:N6:K2:clustered:cv0.65:p0.7:r9,1923752037,clustered,6,2,0.65,0.7,OPTIMAL,133.6803244011502,133.6803244011502,0.0,0.002288599993335083,True,True,geo_qpg_u,True,156.83400562086723,1.3285999884828925,35.0,1220.0,,,,,,N4_ATOMIC,0.17320186290270423
SP1_N4_DISTRIBUTED_FAMILY_v2,E5_DPOP_SMALL,E5_DPOP:N6:K2:clustered:cv0.65:p0.7:r9,1923752037,clustered,6,2,0.65,0.7,OPTIMAL,133.6803244011502,133.6803244011502,0.0,0.002288599993335083,True,True,geo_qpg_p,True,156.83400562086723,3.857500007143244,75.0,2820.0,,,,,,N4_ATOMIC,0.17320186290270423
SP1_N4_DISTRIBUTED_FAMILY_v2,E5_DPOP_SMALL,E5_DPOP:N6:K2:clustered:cv0.65:p0.7:r9,1923752037,clustered,6,2,0.65,0.7,OPTIMAL,133.6803244011502,133.6803244011502,0.0,0.002288599993335083,True,True,geo_qpg_c3,True,133.6803244011502,8.830599981592968,231.0,9052.0,,,,,,N4_ATOMIC,0.0
SP1_N4_DISTRIBUTED_FAMILY_v2,E5_DPOP_SMALL,E5_DPOP:N6:K2:clustered:cv0.65:p0.7:r9,1923752037,clustered,6,2,0.65,0.7,OPTIMAL,133.6803244011502,133.6803244011502,0.0,0.002288599993335083,True,True,geo_qpg_d,True,212.79960625451727,4.225399985443801,145.0,5100.0,,,,,,N4_ATOMIC,0.5918543525967561
SP1_N4_DISTRIBUTED_FAMILY_v2,E5_DPOP_SMALL,E5_DPOP:N6:K2:clustered:cv0.65:p0.85:r0,2828768267,clustered,6,2,0.65,0.85,OPTIMAL,155.46846701802036,155.46846701802036,0.0,0.0013726000033784658,True,True,dpop_exact_small,True,155.46846701802033,3.2030000002123415,10.0,2944.0,5.0,5.0,363.0,5.0,729.0,EXACT_DISTRIBUTED,-1.8281333813569826e-16
SP1_N4_DISTRIBUTED_FAMILY_v2,E5_DPOP_SMALL,E5_DPOP:N6:K2:clustered:cv0.65:p0.85:r0,2828768267,clustered,6,2,0.65,0.85,OPTIMAL,155.46846701802036,155.46846701802036,0.0,0.0013726000033784658,True,True,milp_highs,True,155.46846701802036,1.3726000033784658,,,,,,,,CENTRAL_ORACLE,0.0
SP1_N4_DISTRIBUTED_FAMILY_v2,E5_DPOP_SMALL,E5_DPOP:N6:K2:clustered:cv0.65:p0.85:r0,2828768267,clustered,6,2,0.65,0.85,OPTIMAL,155.46846701802036,155.46846701802036,0.0,0.0013726000033784658,True,True,geo_qpg_u,True,157.0948176217764,1.3535000034607947,53.0,1876.0,,,,,,N4_ATOMIC,0.010460967647976662
SP1_N4_DISTRIBUTED_FAMILY_v2,E5_DPOP_SMALL,E5_DPOP:N6:K2:clustered:cv0.65:p0.85:r0,2828768267,clustered,6,2,0.65,0.85,OPTIMAL,155.46846701802036,155.46846701802036,0.0,0.0013726000033784658,True,True,geo_qpg_p,True,155.46846701802036,6.2516000180039555,151.0,5768.0,,,,,,N4_ATOMIC,0.0
SP1_N4_DISTRIBUTED_FAMILY_v2,E5_DPOP_SMALL,E5_DPOP:N6:K2:clustered:cv0.65:p0.85:r0,2828768267,clustered,6,2,0.65,0.85,OPTIMAL,155.46846701802036,155.46846701802036,0.0,0.0013726000033784658,True,True,geo_qpg_c3,True,155.46846701802036,10.814499983098358,295.0,11528.0,,,,,,N4_ATOMIC,0.0
SP1_N4_DISTRIBUTED_FAMILY_v2,E5_DPOP_SMALL,E5_DPOP:N6:K2:clustered:cv0.65:p0.85:r0,2828768267,clustered,6,2,0.65,0.85,OPTIMAL,155.46846701802036,155.46846701802036,0.0,0.0013726000033784658,True,True,geo_qpg_d,True,155.46846701802036,7.462600013241172,220.0,7980.0,,,,,,N4_ATOMIC,0.0
SP1_N4_DISTRIBUTED_FAMILY_v2,E5_DPOP_SMALL,E5_DPOP:N6:K2:clustered:cv0.65:p0.85:r1,560607066,clustered,6,2,0.65,0.85,OPTIMAL,190.96904790284538,190.96904790284538,0.0,0.001212799979839474,True,True,dpop_exact_small,True,190.96904790284538,3.8144999998621643,10.0,2944.0,5.0,5.0,363.0,5.0,729.0,EXACT_DISTRIBUTED,0.0
SP1_N4_DISTRIBUTED_FAMILY_v2,E5_DPOP_SMALL,E5_DPOP:N6:K2:clustered:cv0.65:p0.85:r1,560607066,clustered,6,2,0.65,0.85,OPTIMAL,190.96904790284538,190.96904790284538,0.0,0.001212799979839474,True,True,milp_highs,True,190.96904790284538,1.212799979839474,,,,,,,,CENTRAL_ORACLE,0.0
SP1_N4_DISTRIBUTED_FAMILY_v2,E5_DPOP_SMALL,E5_DPOP:N6:K2:clustered:cv0.65:p0.85:r1,560607066,clustered,6,2,0.65,0.85,OPTIMAL,190.96904790284538,190.96904790284538,0.0,0.001212799979839474,True,True,geo_qpg_u,True,295.7253149950991,1.6916999884415418,49.0,1708.0,,,,,,N4_ATOMIC,0.5485510256381861
SP1_N4_DISTRIBUTED_FAMILY_v2,E5_DPOP_SMALL,E5_DPOP:N6:K2:clustered:cv0.65:p0.85:r1,560607066,clustered,6,2,0.65,0.85,OPTIMAL,190.96904790284538,190.96904790284538,0.0,0.001212799979839474,True,True,geo_qpg_p,True,295.7253149950991,5.872400011867285,105.0,3948.0,,,,,,N4_ATOMIC,0.5485510256381861
SP1_N4_DISTRIBUTED_FAMILY_v2,E5_DPOP_SMALL,E5_DPOP:N6:K2:clustered:cv0.65:p0.85:r1,560607066,clustered,6,2,0.65,0.85,OPTIMAL,190.96904790284538,190.96904790284538,0.0,0.001212799979839474,True,True,geo_qpg_c3,True,190.96904790284538,14.09010001225397,433.0,17044.0,,,,,,N4_ATOMIC,0.0
SP1_N4_DISTRIBUTED_FAMILY_v2,E5_DPOP_SMALL,E5_DPOP:N6:K2:clustered:cv0.65:p0.85:r1,560607066,clustered,6,2,0.65,0.85,OPTIMAL,190.96904790284538,190.96904790284538,0.0,0.001212799979839474,True,True,geo_qpg_d,True,260.61812043664156,6.84350001392886,147.0,5272.0,,,,,,N4_ATOMIC,0.3647139329575012
SP1_N4_DISTRIBUTED_FAMILY_v2,E5_DPOP_SMALL,E5_DPOP:N6:K2:clustered:cv0.65:p0.85:r2,2707856640,clustered,6,2,0.65,0.85,OPTIMAL,217.33852698288638,217.3385269828864,0.0,0.004724700003862381,True,True,dpop_exact_small,True,217.33852698288638,3.8828999968245625,10.0,2944.0,5.0,5.0,363.0,5.0,729.0,EXACT_DISTRIBUTED,0.0
SP1_N4_DISTRIBUTED_FAMILY_v2,E5_DPOP_SMALL,E5_DPOP:N6:K2:clustered:cv0.65:p0.85:r2,2707856640,clustered,6,2,0.65,0.85,OPTIMAL,217.33852698288638,217.3385269828864,0.0,0.004724700003862381,True,True,milp_highs,True,217.33852698288638,4.724700003862381,,,,,,,,CENTRAL_ORACLE,0.0
SP1_N4_DISTRIBUTED_FAMILY_v2,E5_DPOP_SMALL,E5_DPOP:N6:K2:clustered:cv0.65:p0.85:r2,2707856640,clustered,6,2,0.65,0.85,OPTIMAL,217.33852698288638,217.3385269828864,0.0,0.004724700003862381,True,True,geo_qpg_u,False,317.1741845753898,1.7672999820206314,44.0,1548.0,,,,,,N4_ATOMIC,
SP1_N4_DISTRIBUTED_FAMILY_v2,E5_DPOP_SMALL,E5_DPOP:N6:K2:clustered:cv0.65:p0.85:r2,2707856640,clustered,6,2,0.65,0.85,OPTIMAL,217.33852698288638,217.3385269828864,0.0,0.004724700003862381,True,True,geo_qpg_p,True,217.33852698288638,4.664599982788786,125.0,4740.0,,,,,,N4_ATOMIC,0.0
SP1_N4_DISTRIBUTED_FAMILY_v2,E5_DPOP_SMALL,E5_DPOP:N6:K2:clustered:cv0.65:p0.85:r2,2707856640,clustered,6,2,0.65,0.85,OPTIMAL,217.33852698288638,217.3385269828864,0.0,0.004724700003862381,True,True,geo_qpg_c3,True,217.33852698288638,9.226300026057288,245.0,9540.0,,,,,,N4_ATOMIC,0.0
SP1_N4_DISTRIBUTED_FAMILY_v2,E5_DPOP_SMALL,E5_DPOP:N6:K2:clustered:cv0.65:p0.85:r2,2707856640,clustered,6,2,0.65,0.85,OPTIMAL,217.33852698288638,217.3385269828864,0.0,0.004724700003862381,True,True,geo_qpg_d,True,259.33432623151145,5.632100015645847,168.0,5824.0,,,,,,N4_ATOMIC,0.19322758754103408
SP1_N4_DISTRIBUTED_FAMILY_v2,E5_DPOP_SMALL,E5_DPOP:N6:K2:clustered:cv0.65:p0.85:r3,759280212,clustered,6,2,0.65,0.85,OPTIMAL,139.80044395379005,139.80044395379002,0.0,0.0020770999835804105,True,True,dpop_exact_small,True,139.80044395379042,3.783899999689311,10.0,2944.0,5.0,5.0,363.0,5.0,729.0,EXACT_DISTRIBUTED,2.642925960359479e-15
SP1_N4_DISTRIBUTED_FAMILY_v2,E5_DPOP_SMALL,E5_DPOP:N6:K2:clustered:cv0.65:p0.85:r3,759280212,clustered,6,2,0.65,0.85,OPTIMAL,139.80044395379005,139.80044395379002,0.0,0.0020770999835804105,True,True,milp_highs,True,139.80044395379005,2.0770999835804105,,,,,,,,CENTRAL_ORACLE,0.0
SP1_N4_DISTRIBUTED_FAMILY_v2,E5_DPOP_SMALL,E5_DPOP:N6:K2:clustered:cv0.65:p0.85:r3,759280212,clustered,6,2,0.65,0.85,OPTIMAL,139.80044395379005,139.80044395379002,0.0,0.0020770999835804105,True,True,geo_qpg_u,True,206.8909486361427,1.4204999897629023,40.0,1380.0,,,,,,N4_ATOMIC,0.47990194297615313
SP1_N4_DISTRIBUTED_FAMILY_v2,E5_DPOP_SMALL,E5_DPOP:N6:K2:clustered:cv0.65:p0.85:r3,759280212,clustered,6,2,0.65,0.85,OPTIMAL,139.80044395379005,139.80044395379002,0.0,0.0020770999835804105,True,True,geo_qpg_p,True,206.8909486361427,5.9852999984286726,80.0,2980.0,,,,,,N4_ATOMIC,0.47990194297615313
SP1_N4_DISTRIBUTED_FAMILY_v2,E5_DPOP_SMALL,E5_DPOP:N6:K2:clustered:cv0.65:p0.85:r3,759280212,clustered,6,2,0.65,0.85,OPTIMAL,139.80044395379005,139.80044395379002,0.0,0.0020770999835804105,True,True,geo_qpg_c3,True,206.8909486361427,8.375100005650893,200.0,7780.0,,,,,,N4_ATOMIC,0.47990194297615313
SP1_N4_DISTRIBUTED_FAMILY_v2,E5_DPOP_SMALL,E5_DPOP:N6:K2:clustered:cv0.65:p0.85:r3,759280212,clustered,6,2,0.65,0.85,OPTIMAL,139.80044395379005,139.80044395379002,0.0,0.0020770999835804105,True,True,geo_qpg_d,True,206.8909486361427,7.185599999502301,141.0,4992.0,,,,,,N4_ATOMIC,0.47990194297615313
SP1_N4_DISTRIBUTED_FAMILY_v2,E5_DPOP_SMALL,E5_DPOP:N6:K2:clustered:cv0.65:p0.85:r4,576192064,clustered,6,2,0.65,0.85,OPTIMAL,196.48848090717405,196.48848090717402,1.4464822212061945e-16,0.0019576999766286463,True,True,dpop_exact_small,True,196.48848090717405,4.401700018206611,10.0,2944.0,5.0,5.0,363.0,5.0,729.0,EXACT_DISTRIBUTED,0.0
SP1_N4_DISTRIBUTED_FAMILY_v2,E5_DPOP_SMALL,E5_DPOP:N6:K2:clustered:cv0.65:p0.85:r4,576192064,clustered,6,2,0.65,0.85,OPTIMAL,196.48848090717405,196.48848090717402,1.4464822212061945e-16,0.0019576999766286463,True,True,milp_highs,True,196.48848090717405,1.9576999766286463,,,,,,,,CENTRAL_ORACLE,0.0
SP1_N4_DISTRIBUTED_FAMILY_v2,E5_DPOP_SMALL,E5_DPOP:N6:K2:clustered:cv0.65:p0.85:r4,576192064,clustered,6,2,0.65,0.85,OPTIMAL,196.48848090717405,196.48848090717402,1.4464822212061945e-16,0.0019576999766286463,True,True,geo_qpg_u,True,268.2042081294395,1.9991000008303672,53.0,1876.0,,,,,,N4_ATOMIC,0.3649869289596967
SP1_N4_DISTRIBUTED_FAMILY_v2,E5_DPOP_SMALL,E5_DPOP:N6:K2:clustered:cv0.65:p0.85:r4,576192064,clustered,6,2,0.65,0.85,OPTIMAL,196.48848090717405,196.48848090717402,1.4464822212061945e-16,0.0019576999766286463,True,True,geo_qpg_p,True,268.2042081294395,5.0614000065252185,97.0,3636.0,,,,,,N4_ATOMIC,0.3649869289596967
SP1_N4_DISTRIBUTED_FAMILY_v2,E5_DPOP_SMALL,E5_DPOP:N6:K2:clustered:cv0.65:p0.85:r4,576192064,clustered,6,2,0.65,0.85,OPTIMAL,196.48848090717405,196.48848090717402,1.4464822212061945e-16,0.0019576999766286463,True,True,geo_qpg_c3,True,206.596676660458,10.373900004196912,330.0,13040.0,,,,,,N4_ATOMIC,0.0514442154909799
SP1_N4_DISTRIBUTED_FAMILY_v2,E5_DPOP_SMALL,E5_DPOP:N6:K2:clustered:cv0.65:p0.85:r4,576192064,clustered,6,2,0.65,0.85,OPTIMAL,196.48848090717405,196.48848090717402,1.4464822212061945e-16,0.0019576999766286463,True,True,geo_qpg_d,True,196.48848090717405,6.603199988603592,163.0,5852.0,,,,,,N4_ATOMIC,0.0
SP1_N4_DISTRIBUTED_FAMILY_v2,E5_DPOP_SMALL,E5_DPOP:N6:K2:clustered:cv0.65:p0.85:r5,2077467606,clustered,6,2,0.65,0.85,OPTIMAL,143.5391628631519,143.5391628631519,0.0,0.0014731000119354576,True,True,dpop_exact_small,True,143.5391628631519,3.9437000232283026,10.0,2944.0,5.0,5.0,363.0,5.0,729.0,EXACT_DISTRIBUTED,0.0
SP1_N4_DISTRIBUTED_FAMILY_v2,E5_DPOP_SMALL,E5_DPOP:N6:K2:clustered:cv0.65:p0.85:r5,2077467606,clustered,6,2,0.65,0.85,OPTIMAL,143.5391628631519,143.5391628631519,0.0,0.0014731000119354576,True,True,milp_highs,True,143.5391628631519,1.4731000119354576,,,,,,,,CENTRAL_ORACLE,0.0
SP1_N4_DISTRIBUTED_FAMILY_v2,E5_DPOP_SMALL,E5_DPOP:N6:K2:clustered:cv0.65:p0.85:r5,2077467606,clustered,6,2,0.65,0.85,OPTIMAL,143.5391628631519,143.5391628631519,0.0,0.0014731000119354576,True,True,geo_qpg_u,True,261.8035327421016,1.3811000098939985,31.0,1052.0,,,,,,N4_ATOMIC,0.8239170935649194
SP1_N4_DISTRIBUTED_FAMILY_v2,E5_DPOP_SMALL,E5_DPOP:N6:K2:clustered:cv0.65:p0.85:r5,2077467606,clustered,6,2,0.65,0.85,OPTIMAL,143.5391628631519,143.5391628631519,0.0,0.0014731000119354576,True,True,geo_qpg_p,True,252.05846448084242,6.982099992455915,126.0,4812.0,,,,,,N4_ATOMIC,0.7560257385724845
SP1_N4_DISTRIBUTED_FAMILY_v2,E5_DPOP_SMALL,E5_DPOP:N6:K2:clustered:cv0.65:p0.85:r5,2077467606,clustered,6,2,0.65,0.85,OPTIMAL,143.5391628631519,143.5391628631519,0.0,0.0014731000119354576,True,True,geo_qpg_c3,True,143.5391628631519,15.501099987886846,370.0,14564.0,,,,,,N4_ATOMIC,0.0
SP1_N4_DISTRIBUTED_FAMILY_v2,E5_DPOP_SMALL,E5_DPOP:N6:K2:clustered:cv0.65:p0.85:r5,2077467606,clustered,6,2,0.65,0.85,OPTIMAL,143.5391628631519,143.5391628631519,0.0,0.0014731000119354576,True,True,geo_qpg_d,True,143.5391628631519,7.7859000011812896,174.0,6208.0,,,,,,N4_ATOMIC,0.0
SP1_N4_DISTRIBUTED_FAMILY_v2,E5_DPOP_SMALL,E5_DPOP:N6:K2:clustered:cv0.65:p0.85:r6,3859971238,clustered,6,2,0.65,0.85,OPTIMAL,172.99774167991856,172.9977416799186,0.0,0.0013970000145491213,True,True,dpop_exact_small,True,172.99774167991856,4.003899986855686,10.0,2944.0,5.0,5.0,363.0,5.0,729.0,EXACT_DISTRIBUTED,0.0
SP1_N4_DISTRIBUTED_FAMILY_v2,E5_DPOP_SMALL,E5_DPOP:N6:K2:clustered:cv0.65:p0.85:r6,3859971238,clustered,6,2,0.65,0.85,OPTIMAL,172.99774167991856,172.9977416799186,0.0,0.0013970000145491213,True,True,milp_highs,True,172.99774167991856,1.3970000145491213,,,,,,,,CENTRAL_ORACLE,0.0
SP1_N4_DISTRIBUTED_FAMILY_v2,E5_DPOP_SMALL,E5_DPOP:N6:K2:clustered:cv0.65:p0.85:r6,3859971238,clustered,6,2,0.65,0.85,OPTIMAL,172.99774167991856,172.9977416799186,0.0,0.0013970000145491213,True,True,geo_qpg_u,True,221.56069254608505,1.640300004510209,59.0,2052.0,,,,,,N4_ATOMIC,0.28071436305809094
SP1_N4_DISTRIBUTED_FAMILY_v2,E5_DPOP_SMALL,E5_DPOP:N6:K2:clustered:cv0.65:p0.85:r6,3859971238,clustered,6,2,0.65,0.85,OPTIMAL,172.99774167991856,172.9977416799186,0.0,0.0013970000145491213,True,True,geo_qpg_p,True,219.40560958431084,5.671399994753301,122.0,4564.0,,,,,,N4_ATOMIC,0.2682570734955395
SP1_N4_DISTRIBUTED_FAMILY_v2,E5_DPOP_SMALL,E5_DPOP:N6:K2:clustered:cv0.65:p0.85:r6,3859971238,clustered,6,2,0.65,0.85,OPTIMAL,172.99774167991856,172.9977416799186,0.0,0.0013970000145491213,True,True,geo_qpg_c3,True,219.40560958431084,11.035300005460158,282.0,10964.0,,,,,,N4_ATOMIC,0.2682570734955395
SP1_N4_DISTRIBUTED_FAMILY_v2,E5_DPOP_SMALL,E5_DPOP:N6:K2:clustered:cv0.65:p0.85:r6,3859971238,clustered,6,2,0.65,0.85,OPTIMAL,172.99774167991856,172.9977416799186,0.0,0.0013970000145491213,True,True,geo_qpg_d,True,219.40560958431084,5.3564000118058175,162.0,5760.0,,,,,,N4_ATOMIC,0.2682570734955395
SP1_N4_DISTRIBUTED_FAMILY_v2,E5_DPOP_SMALL,E5_DPOP:N6:K2:clustered:cv0.65:p0.85:r7,874158224,clustered,6,2,0.65,0.85,OPTIMAL,313.6912562054463,313.6912562054463,0.0,0.0020281000179238617,True,True,dpop_exact_small,True,313.6912562054464,4.048500006319955,10.0,2944.0,5.0,5.0,363.0,5.0,729.0,EXACT_DISTRIBUTED,3.6241634241522797e-16
SP1_N4_DISTRIBUTED_FAMILY_v2,E5_DPOP_SMALL,E5_DPOP:N6:K2:clustered:cv0.65:p0.85:r7,874158224,clustered,6,2,0.65,0.85,OPTIMAL,313.6912562054463,313.6912562054463,0.0,0.0020281000179238617,True,True,milp_highs,True,313.6912562054463,2.0281000179238617,,,,,,,,CENTRAL_ORACLE,0.0
SP1_N4_DISTRIBUTED_FAMILY_v2,E5_DPOP_SMALL,E5_DPOP:N6:K2:clustered:cv0.65:p0.85:r7,874158224,clustered,6,2,0.65,0.85,OPTIMAL,313.6912562054463,313.6912562054463,0.0,0.0020281000179238617,True,True,geo_qpg_u,True,345.14054625415935,1.42090002191253,55.0,1960.0,,,,,,N4_ATOMIC,0.1002555520008372
SP1_N4_DISTRIBUTED_FAMILY_v2,E5_DPOP_SMALL,E5_DPOP:N6:K2:clustered:cv0.65:p0.85:r7,874158224,clustered,6,2,0.65,0.85,OPTIMAL,313.6912562054463,313.6912562054463,0.0,0.0020281000179238617,True,True,geo_qpg_p,True,313.69125620544634,5.034200003137812,134.0,5272.0,,,,,,N4_ATOMIC,1.8120817120761398e-16
SP1_N4_DISTRIBUTED_FAMILY_v2,E5_DPOP_SMALL,E5_DPOP:N6:K2:clustered:cv0.65:p0.85:r7,874158224,clustered,6,2,0.65,0.85,OPTIMAL,313.6912562054463,313.6912562054463,0.0,0.0020281000179238617,True,True,geo_qpg_c3,True,313.69125620544634,6.95759998052381,202.0,7992.0,,,,,,N4_ATOMIC,1.8120817120761398e-16
SP1_N4_DISTRIBUTED_FAMILY_v2,E5_DPOP_SMALL,E5_DPOP:N6:K2:clustered:cv0.65:p0.85:r7,874158224,clustered,6,2,0.65,0.85,OPTIMAL,313.6912562054463,313.6912562054463,0.0,0.0020281000179238617,True,True,geo_qpg_d,True,313.69125620544634,4.422800004249439,228.0,7888.0,,,,,,N4_ATOMIC,1.8120817120761398e-16
SP1_N4_DISTRIBUTED_FAMILY_v2,E5_DPOP_SMALL,E5_DPOP:N6:K2:clustered:cv0.65:p0.85:r8,3528386701,clustered,6,2,0.65,0.85,OPTIMAL,235.81035985716008,235.81035985716008,0.0,0.0019382000027690083,True,True,dpop_exact_small,True,235.8103598571601,3.7388000055216253,10.0,2944.0,5.0,5.0,363.0,5.0,729.0,EXACT_DISTRIBUTED,1.2052782349181007e-16
SP1_N4_DISTRIBUTED_FAMILY_v2,E5_DPOP_SMALL,E5_DPOP:N6:K2:clustered:cv0.65:p0.85:r8,3528386701,clustered,6,2,0.65,0.85,OPTIMAL,235.81035985716008,235.81035985716008,0.0,0.0019382000027690083,True,True,milp_highs,True,235.81035985716008,1.9382000027690083,,,,,,,,CENTRAL_ORACLE,0.0
SP1_N4_DISTRIBUTED_FAMILY_v2,E5_DPOP_SMALL,E5_DPOP:N6:K2:clustered:cv0.65:p0.85:r8,3528386701,clustered,6,2,0.65,0.85,OPTIMAL,235.81035985716008,235.81035985716008,0.0,0.0019382000027690083,True,True,geo_qpg_u,True,325.3351619881037,1.590800005942583,58.0,2060.0,,,,,,N4_ATOMIC,0.37964745138921147
SP1_N4_DISTRIBUTED_FAMILY_v2,E5_DPOP_SMALL,E5_DPOP:N6:K2:clustered:cv0.65:p0.85:r8,3528386701,clustered,6,2,0.65,0.85,OPTIMAL,235.81035985716008,235.81035985716008,0.0,0.0019382000027690083,True,True,geo_qpg_p,True,317.20460445572314,5.4376000189222395,148.0,5720.0,,,,,,N4_ATOMIC,0.34516823030110666
SP1_N4_DISTRIBUTED_FAMILY_v2,E5_DPOP_SMALL,E5_DPOP:N6:K2:clustered:cv0.65:p0.85:r8,3528386701,clustered,6,2,0.65,0.85,OPTIMAL,235.81035985716008,235.81035985716008,0.0,0.0019382000027690083,True,True,geo_qpg_c3,True,317.20460445572314,11.776600003940985,296.0,11640.0,,,,,,N4_ATOMIC,0.34516823030110666
SP1_N4_DISTRIBUTED_FAMILY_v2,E5_DPOP_SMALL,E5_DPOP:N6:K2:clustered:cv0.65:p0.85:r8,3528386701,clustered,6,2,0.65,0.85,OPTIMAL,235.81035985716008,235.81035985716008,0.0,0.0019382000027690083,True,True,geo_qpg_d,True,317.20460445572314,7.290499983355403,305.0,11632.0,,,,,,N4_ATOMIC,0.34516823030110666
SP1_N4_DISTRIBUTED_FAMILY_v2,E5_DPOP_SMALL,E5_DPOP:N6:K2:clustered:cv0.65:p0.85:r9,701823529,clustered,6,2,0.65,0.85,OPTIMAL,128.38145581588566,128.38145581588566,0.0,0.0017457999929320067,True,True,dpop_exact_small,True,128.38145581588566,5.422100017312914,10.0,2944.0,5.0,5.0,363.0,5.0,729.0,EXACT_DISTRIBUTED,0.0
SP1_N4_DISTRIBUTED_FAMILY_v2,E5_DPOP_SMALL,E5_DPOP:N6:K2:clustered:cv0.65:p0.85:r9,701823529,clustered,6,2,0.65,0.85,OPTIMAL,128.38145581588566,128.38145581588566,0.0,0.0017457999929320067,True,True,milp_highs,True,128.38145581588566,1.7457999929320067,,,,,,,,CENTRAL_ORACLE,0.0
SP1_N4_DISTRIBUTED_FAMILY_v2,E5_DPOP_SMALL,E5_DPOP:N6:K2:clustered:cv0.65:p0.85:r9,701823529,clustered,6,2,0.65,0.85,OPTIMAL,128.38145581588566,128.38145581588566,0.0,0.0017457999929320067,True,True,geo_qpg_u,True,244.866274052155,1.6831000102683902,53.0,1876.0,,,,,,N4_ATOMIC,0.9073336760047533
SP1_N4_DISTRIBUTED_FAMILY_v2,E5_DPOP_SMALL,E5_DPOP:N6:K2:clustered:cv0.65:p0.85:r9,701823529,clustered,6,2,0.65,0.85,OPTIMAL,128.38145581588566,128.38145581588566,0.0,0.0017457999929320067,True,True,geo_qpg_p,True,175.09737061767524,6.671900016954169,132.0,5024.0,,,,,,N4_ATOMIC,0.36388366610194683
SP1_N4_DISTRIBUTED_FAMILY_v2,E5_DPOP_SMALL,E5_DPOP:N6:K2:clustered:cv0.65:p0.85:r9,701823529,clustered,6,2,0.65,0.85,OPTIMAL,128.38145581588566,128.38145581588566,0.0,0.0017457999929320067,True,True,geo_qpg_c3,True,175.09737061767524,10.878800007048994,300.0,11744.0,,,,,,N4_ATOMIC,0.36388366610194683
SP1_N4_DISTRIBUTED_FAMILY_v2,E5_DPOP_SMALL,E5_DPOP:N6:K2:clustered:cv0.65:p0.85:r9,701823529,clustered,6,2,0.65,0.85,OPTIMAL,128.38145581588566,128.38145581588566,0.0,0.0017457999929320067,True,True,geo_qpg_d,True,128.38145581588566,5.163599998923019,147.0,5216.0,,,,,,N4_ATOMIC,0.0
SP1_N4_DISTRIBUTED_FAMILY_v2,E5_DPOP_SMALL,E5_DPOP:N6:K2:separated:cv0.35:p0.7:r0,3527074867,separated,6,2,0.35,0.7,OPTIMAL,345.7997697507325,345.7997697507325,0.0,0.0032035000040195882,True,True,dpop_exact_small,True,345.7997697507325,4.4781999895349145,10.0,2944.0,5.0,5.0,363.0,5.0,729.0,EXACT_DISTRIBUTED,0.0
SP1_N4_DISTRIBUTED_FAMILY_v2,E5_DPOP_SMALL,E5_DPOP:N6:K2:separated:cv0.35:p0.7:r0,3527074867,separated,6,2,0.35,0.7,OPTIMAL,345.7997697507325,345.7997697507325,0.0,0.0032035000040195882,True,True,milp_highs,True,345.7997697507325,3.2035000040195882,,,,,,,,CENTRAL_ORACLE,0.0
SP1_N4_DISTRIBUTED_FAMILY_v2,E5_DPOP_SMALL,E5_DPOP:N6:K2:separated:cv0.35:p0.7:r0,3527074867,separated,6,2,0.35,0.7,OPTIMAL,345.7997697507325,345.7997697507325,0.0,0.0032035000040195882,True,True,geo_qpg_u,True,447.89666633355256,1.3198000087868422,35.0,1220.0,,,,,,N4_ATOMIC,0.29524859619315524
SP1_N4_DISTRIBUTED_FAMILY_v2,E5_DPOP_SMALL,E5_DPOP:N6:K2:separated:cv0.35:p0.7:r0,3527074867,separated,6,2,0.35,0.7,OPTIMAL,345.7997697507325,345.7997697507325,0.0,0.0032035000040195882,True,True,geo_qpg_p,True,424.71909239317233,4.6894999977666885,100.0,3776.0,,,,,,N4_ATOMIC,0.22822260031962524
SP1_N4_DISTRIBUTED_FAMILY_v2,E5_DPOP_SMALL,E5_DPOP:N6:K2:separated:cv0.35:p0.7:r0,3527074867,separated,6,2,0.35,0.7,OPTIMAL,345.7997697507325,345.7997697507325,0.0,0.0032035000040195882,True,True,geo_qpg_c3,True,345.7997697507325,9.628500003600493,239.0,9356.0,,,,,,N4_ATOMIC,0.0
SP1_N4_DISTRIBUTED_FAMILY_v2,E5_DPOP_SMALL,E5_DPOP:N6:K2:separated:cv0.35:p0.7:r0,3527074867,separated,6,2,0.35,0.7,OPTIMAL,345.7997697507325,345.7997697507325,0.0,0.0032035000040195882,True,True,geo_qpg_d,True,404.99494183481755,4.1486000118311495,154.0,5360.0,,,,,,N4_ATOMIC,0.17118337622594582
SP1_N4_DISTRIBUTED_FAMILY_v2,E5_DPOP_SMALL,E5_DPOP:N6:K2:separated:cv0.35:p0.7:r1,1762528301,separated,6,2,0.35,0.7,OPTIMAL,313.934574037676,313.934574037676,0.0,0.0025381000014021993,True,True,dpop_exact_small,True,313.934574037676,3.99289999040775,10.0,2944.0,5.0,5.0,363.0,5.0,729.0,EXACT_DISTRIBUTED,0.0
SP1_N4_DISTRIBUTED_FAMILY_v2,E5_DPOP_SMALL,E5_DPOP:N6:K2:separated:cv0.35:p0.7:r1,1762528301,separated,6,2,0.35,0.7,OPTIMAL,313.934574037676,313.934574037676,0.0,0.0025381000014021993,True,True,milp_highs,True,313.934574037676,2.5381000014021993,,,,,,,,CENTRAL_ORACLE,0.0
SP1_N4_DISTRIBUTED_FAMILY_v2,E5_DPOP_SMALL,E5_DPOP:N6:K2:separated:cv0.35:p0.7:r1,1762528301,separated,6,2,0.35,0.7,OPTIMAL,313.934574037676,313.934574037676,0.0,0.0025381000014021993,True,True,geo_qpg_u,True,313.934574037676,1.228799985256046,36.0,1212.0,,,,,,N4_ATOMIC,0.0
SP1_N4_DISTRIBUTED_FAMILY_v2,E5_DPOP_SMALL,E5_DPOP:N6:K2:separated:cv0.35:p0.7:r1,1762528301,separated,6,2,0.35,0.7,OPTIMAL,313.934574037676,313.934574037676,0.0,0.0025381000014021993,True,True,geo_qpg_p,True,313.934574037676,4.0868000069167465,76.0,2812.0,,,,,,N4_ATOMIC,0.0
SP1_N4_DISTRIBUTED_FAMILY_v2,E5_DPOP_SMALL,E5_DPOP:N6:K2:separated:cv0.35:p0.7:r1,1762528301,separated,6,2,0.35,0.7,OPTIMAL,313.934574037676,313.934574037676,0.0,0.0025381000014021993,True,True,geo_qpg_c3,True,313.934574037676,9.744999988470227,208.0,8092.0,,,,,,N4_ATOMIC,0.0
SP1_N4_DISTRIBUTED_FAMILY_v2,E5_DPOP_SMALL,E5_DPOP:N6:K2:separated:cv0.35:p0.7:r1,1762528301,separated,6,2,0.35,0.7,OPTIMAL,313.934574037676,313.934574037676,0.0,0.0025381000014021993,True,True,geo_qpg_d,True,313.934574037676,5.2121000189799815,153.0,5384.0,,,,,,N4_ATOMIC,0.0
SP1_N4_DISTRIBUTED_FAMILY_v2,E5_DPOP_SMALL,E5_DPOP:N6:K2:separated:cv0.35:p0.7:r2,1769399265,separated,6,2,0.35,0.7,OPTIMAL,263.37160615877235,263.37160615877235,0.0,0.0031334999948740005,True,True,dpop_exact_small,True,263.37160615877235,3.9932999934535474,10.0,2944.0,5.0,5.0,363.0,5.0,729.0,EXACT_DISTRIBUTED,0.0
SP1_N4_DISTRIBUTED_FAMILY_v2,E5_DPOP_SMALL,E5_DPOP:N6:K2:separated:cv0.35:p0.7:r2,1769399265,separated,6,2,0.35,0.7,OPTIMAL,263.37160615877235,263.37160615877235,0.0,0.0031334999948740005,True,True,milp_highs,True,263.37160615877235,3.1334999948740005,,,,,,,,CENTRAL_ORACLE,0.0
SP1_N4_DISTRIBUTED_FAMILY_v2,E5_DPOP_SMALL,E5_DPOP:N6:K2:separated:cv0.35:p0.7:r2,1769399265,separated,6,2,0.35,0.7,OPTIMAL,263.37160615877235,263.37160615877235,0.0,0.0031334999948740005,True,True,geo_qpg_u,True,344.44180495176005,1.6961999936029315,39.0,1388.0,,,,,,N4_ATOMIC,0.3078167763616663
SP1_N4_DISTRIBUTED_FAMILY_v2,E5_DPOP_SMALL,E5_DPOP:N6:K2:separated:cv0.35:p0.7:r2,1769399265,separated,6,2,0.35,0.7,OPTIMAL,263.37160615877235,263.37160615877235,0.0,0.0031334999948740005,True,True,geo_qpg_p,True,269.3985491972663,9.91179997799918,233.0,9208.0,,,,,,N4_ATOMIC,0.022883799534793477
SP1_N4_DISTRIBUTED_FAMILY_v2,E5_DPOP_SMALL,E5_DPOP:N6:K2:separated:cv0.35:p0.7:r2,1769399265,separated,6,2,0.35,0.7,OPTIMAL,263.37160615877235,263.37160615877235,0.0,0.0031334999948740005,True,True,geo_qpg_c3,True,263.37160615877235,14.362099987920374,459.0,18376.0,,,,,,N4_ATOMIC,0.0
SP1_N4_DISTRIBUTED_FAMILY_v2,E5_DPOP_SMALL,E5_DPOP:N6:K2:separated:cv0.35:p0.7:r2,1769399265,separated,6,2,0.35,0.7,OPTIMAL,263.37160615877235,263.37160615877235,0.0,0.0031334999948740005,True,True,geo_qpg_d,True,263.37160615877235,5.777800019131973,197.0,6940.0,,,,,,N4_ATOMIC,0.0
SP1_N4_DISTRIBUTED_FAMILY_v2,E5_DPOP_SMALL,E5_DPOP:N6:K2:separated:cv0.35:p0.7:r3,2026719432,separated,6,2,0.35,0.7,OPTIMAL,311.42905234606604,311.42905234606604,0.0,0.002244800009066239,True,True,dpop_exact_small,True,311.42905234606604,4.272499994840473,10.0,2944.0,5.0,5.0,363.0,5.0,729.0,EXACT_DISTRIBUTED,0.0
SP1_N4_DISTRIBUTED_FAMILY_v2,E5_DPOP_SMALL,E5_DPOP:N6:K2:separated:cv0.35:p0.7:r3,2026719432,separated,6,2,0.35,0.7,OPTIMAL,311.42905234606604,311.42905234606604,0.0,0.002244800009066239,True,True,milp_highs,True,311.42905234606604,2.244800009066239,,,,,,,,CENTRAL_ORACLE,0.0
SP1_N4_DISTRIBUTED_FAMILY_v2,E5_DPOP_SMALL,E5_DPOP:N6:K2:separated:cv0.35:p0.7:r3,2026719432,separated,6,2,0.35,0.7,OPTIMAL,311.42905234606604,311.42905234606604,0.0,0.002244800009066239,True,True,geo_qpg_u,True,397.64044406136526,1.1712000123225152,41.0,1472.0,,,,,,N4_ATOMIC,0.2768251422462007
SP1_N4_DISTRIBUTED_FAMILY_v2,E5_DPOP_SMALL,E5_DPOP:N6:K2:separated:cv0.35:p0.7:r3,2026719432,separated,6,2,0.35,0.7,OPTIMAL,311.42905234606604,311.42905234606604,0.0,0.002244800009066239,True,True,geo_qpg_p,True,312.6428350160226,6.585900002392009,131.0,5052.0,,,,,,N4_ATOMIC,0.003897461270272862
SP1_N4_DISTRIBUTED_FAMILY_v2,E5_DPOP_SMALL,E5_DPOP:N6:K2:separated:cv0.35:p0.7:r3,2026719432,separated,6,2,0.35,0.7,OPTIMAL,311.42905234606604,311.42905234606604,0.0,0.002244800009066239,True,True,geo_qpg_c3,True,311.42905234606604,8.425999985774979,265.0,10828.0,,,,,,N4_ATOMIC,0.0
SP1_N4_DISTRIBUTED_FAMILY_v2,E5_DPOP_SMALL,E5_DPOP:N6:K2:separated:cv0.35:p0.7:r3,2026719432,separated,6,2,0.35,0.7,OPTIMAL,311.42905234606604,311.42905234606604,0.0,0.002244800009066239,True,True,geo_qpg_d,True,359.06045944112634,6.623799999943003,252.0,8936.0,,,,,,N4_ATOMIC,0.15294464898583499
SP1_N4_DISTRIBUTED_FAMILY_v2,E5_DPOP_SMALL,E5_DPOP:N6:K2:separated:cv0.35:p0.7:r4,2064350823,separated,6,2,0.35,0.7,OPTIMAL,230.10449008973725,230.10449008973725,0.0,0.0016632000042591244,True,True,dpop_exact_small,True,230.10449008973725,4.066699999384582,10.0,2944.0,5.0,5.0,363.0,5.0,729.0,EXACT_DISTRIBUTED,0.0
SP1_N4_DISTRIBUTED_FAMILY_v2,E5_DPOP_SMALL,E5_DPOP:N6:K2:separated:cv0.35:p0.7:r4,2064350823,separated,6,2,0.35,0.7,OPTIMAL,230.10449008973725,230.10449008973725,0.0,0.0016632000042591244,True,True,milp_highs,True,230.10449008973725,1.6632000042591244,,,,,,,,CENTRAL_ORACLE,0.0
SP1_N4_DISTRIBUTED_FAMILY_v2,E5_DPOP_SMALL,E5_DPOP:N6:K2:separated:cv0.35:p0.7:r4,2064350823,separated,6,2,0.35,0.7,OPTIMAL,230.10449008973725,230.10449008973725,0.0,0.0016632000042591244,True,True,geo_qpg_u,True,237.34240379066128,1.4593999949283898,42.0,1464.0,,,,,,N4_ATOMIC,0.03145489989396273
SP1_N4_DISTRIBUTED_FAMILY_v2,E5_DPOP_SMALL,E5_DPOP:N6:K2:separated:cv0.35:p0.7:r4,2064350823,separated,6,2,0.35,0.7,OPTIMAL,230.10449008973725,230.10449008973725,0.0,0.0016632000042591244,True,True,geo_qpg_p,True,230.10449008973725,6.811800005380064,134.0,5108.0,,,,,,N4_ATOMIC,0.0
SP1_N4_DISTRIBUTED_FAMILY_v2,E5_DPOP_SMALL,E5_DPOP:N6:K2:separated:cv0.35:p0.7:r4,2064350823,separated,6,2,0.35,0.7,OPTIMAL,230.10449008973725,230.10449008973725,0.0,0.0016632000042591244,True,True,geo_qpg_c3,True,230.10449008973725,13.898800010792911,306.0,11988.0,,,,,,N4_ATOMIC,0.0
SP1_N4_DISTRIBUTED_FAMILY_v2,E5_DPOP_SMALL,E5_DPOP:N6:K2:separated:cv0.35:p0.7:r4,2064350823,separated,6,2,0.35,0.7,OPTIMAL,230.10449008973725,230.10449008973725,0.0,0.0016632000042591244,True,True,geo_qpg_d,True,231.7050350141334,8.49999999627471,254.0,9524.0,,,,,,N4_ATOMIC,0.006955730954106737
SP1_N4_DISTRIBUTED_FAMILY_v2,E5_DPOP_SMALL,E5_DPOP:N6:K2:separated:cv0.35:p0.7:r5,2240330801,separated,6,2,0.35,0.7,OPTIMAL,300.07150311256675,300.07150311256675,0.0,0.0021031000069342554,True,True,dpop_exact_small,True,300.0715031125667,3.7792999937664717,10.0,2944.0,5.0,5.0,363.0,5.0,729.0,EXACT_DISTRIBUTED,-1.894329127264183e-16
SP1_N4_DISTRIBUTED_FAMILY_v2,E5_DPOP_SMALL,E5_DPOP:N6:K2:separated:cv0.35:p0.7:r5,2240330801,separated,6,2,0.35,0.7,OPTIMAL,300.07150311256675,300.07150311256675,0.0,0.0021031000069342554,True,True,milp_highs,True,300.07150311256675,2.1031000069342554,,,,,,,,CENTRAL_ORACLE,0.0
SP1_N4_DISTRIBUTED_FAMILY_v2,E5_DPOP_SMALL,E5_DPOP:N6:K2:separated:cv0.35:p0.7:r5,2240330801,separated,6,2,0.35,0.7,OPTIMAL,300.07150311256675,300.07150311256675,0.0,0.0021031000069342554,True,True,geo_qpg_u,True,374.3081131104446,1.3083999801892787,37.0,1304.0,,,,,,N4_ATOMIC,0.24739640128382748
SP1_N4_DISTRIBUTED_FAMILY_v2,E5_DPOP_SMALL,E5_DPOP:N6:K2:separated:cv0.35:p0.7:r5,2240330801,separated,6,2,0.35,0.7,OPTIMAL,300.07150311256675,300.07150311256675,0.0,0.0021031000069342554,True,True,geo_qpg_p,True,300.0715031125667,4.423700011102483,128.0,4984.0,,,,,,N4_ATOMIC,-1.894329127264183e-16
SP1_N4_DISTRIBUTED_FAMILY_v2,E5_DPOP_SMALL,E5_DPOP:N6:K2:separated:cv0.35:p0.7:r5,2240330801,separated,6,2,0.35,0.7,OPTIMAL,300.07150311256675,300.07150311256675,0.0,0.0021031000069342554,True,True,geo_qpg_c3,True,300.0715031125667,9.624800004530698,260.0,10264.0,,,,,,N4_ATOMIC,-1.894329127264183e-16
SP1_N4_DISTRIBUTED_FAMILY_v2,E5_DPOP_SMALL,E5_DPOP:N6:K2:separated:cv0.35:p0.7:r5,2240330801,separated,6,2,0.35,0.7,OPTIMAL,300.07150311256675,300.07150311256675,0.0,0.0021031000069342554,True,True,geo_qpg_d,True,300.0715031125667,6.698199984384701,234.0,8652.0,,,,,,N4_ATOMIC,-1.894329127264183e-16
SP1_N4_DISTRIBUTED_FAMILY_v2,E5_DPOP_SMALL,E5_DPOP:N6:K2:separated:cv0.35:p0.7:r6,2841558563,separated,6,2,0.35,0.7,OPTIMAL,438.45030718006046,438.45030718006046,0.0,0.002202400006353855,True,True,dpop_exact_small,True,438.45030718006046,4.073899996001273,10.0,2944.0,5.0,5.0,363.0,5.0,729.0,EXACT_DISTRIBUTED,0.0
SP1_N4_DISTRIBUTED_FAMILY_v2,E5_DPOP_SMALL,E5_DPOP:N6:K2:separated:cv0.35:p0.7:r6,2841558563,separated,6,2,0.35,0.7,OPTIMAL,438.45030718006046,438.45030718006046,0.0,0.002202400006353855,True,True,milp_highs,True,438.45030718006046,2.202400006353855,,,,,,,,CENTRAL_ORACLE,0.0
SP1_N4_DISTRIBUTED_FAMILY_v2,E5_DPOP_SMALL,E5_DPOP:N6:K2:separated:cv0.35:p0.7:r6,2841558563,separated,6,2,0.35,0.7,OPTIMAL,438.45030718006046,438.45030718006046,0.0,0.002202400006353855,True,True,geo_qpg_u,True,454.1654465935668,1.5783999988343567,35.0,1220.0,,,,,,N4_ATOMIC,0.03584246414281225
SP1_N4_DISTRIBUTED_FAMILY_v2,E5_DPOP_SMALL,E5_DPOP:N6:K2:separated:cv0.35:p0.7:r6,2841558563,separated,6,2,0.35,0.7,OPTIMAL,438.45030718006046,438.45030718006046,0.0,0.002202400006353855,True,True,geo_qpg_p,True,438.45030718006046,7.215799996629357,170.0,6592.0,,,,,,N4_ATOMIC,0.0
SP1_N4_DISTRIBUTED_FAMILY_v2,E5_DPOP_SMALL,E5_DPOP:N6:K2:separated:cv0.35:p0.7:r6,2841558563,separated,6,2,0.35,0.7,OPTIMAL,438.45030718006046,438.45030718006046,0.0,0.002202400006353855,True,True,geo_qpg_c3,True,438.45030718006046,15.4888000106439,330.0,12992.0,,,,,,N4_ATOMIC,0.0
SP1_N4_DISTRIBUTED_FAMILY_v2,E5_DPOP_SMALL,E5_DPOP:N6:K2:separated:cv0.35:p0.7:r6,2841558563,separated,6,2,0.35,0.7,OPTIMAL,438.45030718006046,438.45030718006046,0.0,0.002202400006353855,True,True,geo_qpg_d,True,442.3492695988987,6.838899978902191,159.0,5668.0,,,,,,N4_ATOMIC,0.008892598214641013
SP1_N4_DISTRIBUTED_FAMILY_v2,E5_DPOP_SMALL,E5_DPOP:N6:K2:separated:cv0.35:p0.7:r7,3992455235,separated,6,2,0.35,0.7,OPTIMAL,372.99970644700187,372.9997064470019,0.0,0.002046799985691905,True,True,dpop_exact_small,True,372.9997064470019,3.7773999792989343,10.0,2944.0,5.0,5.0,363.0,5.0,729.0,EXACT_DISTRIBUTED,1.5239534476385623e-16
SP1_N4_DISTRIBUTED_FAMILY_v2,E5_DPOP_SMALL,E5_DPOP:N6:K2:separated:cv0.35:p0.7:r7,3992455235,separated,6,2,0.35,0.7,OPTIMAL,372.99970644700187,372.9997064470019,0.0,0.002046799985691905,True,True,milp_highs,True,372.99970644700187,2.046799985691905,,,,,,,,CENTRAL_ORACLE,0.0
SP1_N4_DISTRIBUTED_FAMILY_v2,E5_DPOP_SMALL,E5_DPOP:N6:K2:separated:cv0.35:p0.7:r7,3992455235,separated,6,2,0.35,0.7,OPTIMAL,372.99970644700187,372.9997064470019,0.0,0.002046799985691905,True,True,geo_qpg_u,True,417.4971164126247,1.2752999900840223,41.0,1472.0,,,,,,N4_ATOMIC,0.11929609915643534
SP1_N4_DISTRIBUTED_FAMILY_v2,E5_DPOP_SMALL,E5_DPOP:N6:K2:separated:cv0.35:p0.7:r7,3992455235,separated,6,2,0.35,0.7,OPTIMAL,372.99970644700187,372.9997064470019,0.0,0.002046799985691905,True,True,geo_qpg_p,True,372.99970644700187,6.683699990389869,175.0,6884.0,,,,,,N4_ATOMIC,0.0
SP1_N4_DISTRIBUTED_FAMILY_v2,E5_DPOP_SMALL,E5_DPOP:N6:K2:separated:cv0.35:p0.7:r7,3992455235,separated,6,2,0.35,0.7,OPTIMAL,372.99970644700187,372.9997064470019,0.0,0.002046799985691905,True,True,geo_qpg_c3,True,372.99970644700187,11.346500017680228,323.0,12804.0,,,,,,N4_ATOMIC,0.0
SP1_N4_DISTRIBUTED_FAMILY_v2,E5_DPOP_SMALL,E5_DPOP:N6:K2:separated:cv0.35:p0.7:r7,3992455235,separated,6,2,0.35,0.7,OPTIMAL,372.99970644700187,372.9997064470019,0.0,0.002046799985691905,True,True,geo_qpg_d,True,372.99970644700187,8.112000010441989,267.0,10228.0,,,,,,N4_ATOMIC,0.0
SP1_N4_DISTRIBUTED_FAMILY_v2,E5_DPOP_SMALL,E5_DPOP:N6:K2:separated:cv0.35:p0.7:r8,2660548235,separated,6,2,0.35,0.7,OPTIMAL,239.86611928649012,239.86611928649015,0.0,0.0013872000272385776,True,True,dpop_exact_small,True,239.86611928649015,3.7890000094193965,10.0,2944.0,5.0,5.0,363.0,5.0,729.0,EXACT_DISTRIBUTED,1.1848988725438887e-16
SP1_N4_DISTRIBUTED_FAMILY_v2,E5_DPOP_SMALL,E5_DPOP:N6:K2:separated:cv0.35:p0.7:r8,2660548235,separated,6,2,0.35,0.7,OPTIMAL,239.86611928649012,239.86611928649015,0.0,0.0013872000272385776,True,True,milp_highs,True,239.86611928649012,1.3872000272385776,,,,,,,,CENTRAL_ORACLE,0.0
SP1_N4_DISTRIBUTED_FAMILY_v2,E5_DPOP_SMALL,E5_DPOP:N6:K2:separated:cv0.35:p0.7:r8,2660548235,separated,6,2,0.35,0.7,OPTIMAL,239.86611928649012,239.86611928649015,0.0,0.0013872000272385776,True,True,geo_qpg_u,True,239.86611928649012,1.6931999998632818,54.0,1868.0,,,,,,N4_ATOMIC,0.0
SP1_N4_DISTRIBUTED_FAMILY_v2,E5_DPOP_SMALL,E5_DPOP:N6:K2:separated:cv0.35:p0.7:r8,2660548235,separated,6,2,0.35,0.7,OPTIMAL,239.86611928649012,239.86611928649015,0.0,0.0013872000272385776,True,True,geo_qpg_p,True,239.86611928649012,4.511400009505451,90.0,3308.0,,,,,,N4_ATOMIC,0.0
SP1_N4_DISTRIBUTED_FAMILY_v2,E5_DPOP_SMALL,E5_DPOP:N6:K2:separated:cv0.35:p0.7:r8,2660548235,separated,6,2,0.35,0.7,OPTIMAL,239.86611928649012,239.86611928649015,0.0,0.0013872000272385776,True,True,geo_qpg_c3,True,239.86611928649012,7.895800023106858,186.0,7148.0,,,,,,N4_ATOMIC,0.0
SP1_N4_DISTRIBUTED_FAMILY_v2,E5_DPOP_SMALL,E5_DPOP:N6:K2:separated:cv0.35:p0.7:r8,2660548235,separated,6,2,0.35,0.7,OPTIMAL,239.86611928649012,239.86611928649015,0.0,0.0013872000272385776,True,True,geo_qpg_d,True,239.86611928649012,4.71450001350604,207.0,7192.0,,,,,,N4_ATOMIC,0.0
SP1_N4_DISTRIBUTED_FAMILY_v2,E5_DPOP_SMALL,E5_DPOP:N6:K2:separated:cv0.35:p0.7:r9,3551590856,separated,6,2,0.35,0.7,OPTIMAL,276.0171676967533,276.0171676967533,0.0,0.0019204000127501786,True,True,dpop_exact_small,True,276.0171676967533,3.759699990041554,10.0,2944.0,5.0,5.0,363.0,5.0,729.0,EXACT_DISTRIBUTED,0.0
SP1_N4_DISTRIBUTED_FAMILY_v2,E5_DPOP_SMALL,E5_DPOP:N6:K2:separated:cv0.35:p0.7:r9,3551590856,separated,6,2,0.35,0.7,OPTIMAL,276.0171676967533,276.0171676967533,0.0,0.0019204000127501786,True,True,milp_highs,True,276.0171676967533,1.9204000127501786,,,,,,,,CENTRAL_ORACLE,0.0
SP1_N4_DISTRIBUTED_FAMILY_v2,E5_DPOP_SMALL,E5_DPOP:N6:K2:separated:cv0.35:p0.7:r9,3551590856,separated,6,2,0.35,0.7,OPTIMAL,276.0171676967533,276.0171676967533,0.0,0.0019204000127501786,True,True,geo_qpg_u,True,344.16021728783727,1.351100014289841,43.0,1556.0,,,,,,N4_ATOMIC,0.2468797508492278
SP1_N4_DISTRIBUTED_FAMILY_v2,E5_DPOP_SMALL,E5_DPOP:N6:K2:separated:cv0.35:p0.7:r9,3551590856,separated,6,2,0.35,0.7,OPTIMAL,276.0171676967533,276.0171676967533,0.0,0.0019204000127501786,True,True,geo_qpg_p,True,344.16021728783727,3.902700002072379,79.0,2996.0,,,,,,N4_ATOMIC,0.2468797508492278
SP1_N4_DISTRIBUTED_FAMILY_v2,E5_DPOP_SMALL,E5_DPOP:N6:K2:separated:cv0.35:p0.7:r9,3551590856,separated,6,2,0.35,0.7,OPTIMAL,276.0171676967533,276.0171676967533,0.0,0.0019204000127501786,True,True,geo_qpg_c3,True,344.16021728783727,8.804899989627302,191.0,7476.0,,,,,,N4_ATOMIC,0.2468797508492278
SP1_N4_DISTRIBUTED_FAMILY_v2,E5_DPOP_SMALL,E5_DPOP:N6:K2:separated:cv0.35:p0.7:r9,3551590856,separated,6,2,0.35,0.7,OPTIMAL,276.0171676967533,276.0171676967533,0.0,0.0019204000127501786,True,True,geo_qpg_d,True,348.51690705094734,4.692500020610169,174.0,6068.0,,,,,,N4_ATOMIC,0.2626638768855349
SP1_N4_DISTRIBUTED_FAMILY_v2,E5_DPOP_SMALL,E5_DPOP:N6:K2:separated:cv0.35:p0.85:r0,1004840817,separated,6,2,0.35,0.85,OPTIMAL,384.2524975405674,384.2524975405674,0.0,0.0023879999935161322,True,True,dpop_exact_small,True,384.2524975405674,6.729200016707182,10.0,2944.0,5.0,5.0,363.0,5.0,729.0,EXACT_DISTRIBUTED,0.0
SP1_N4_DISTRIBUTED_FAMILY_v2,E5_DPOP_SMALL,E5_DPOP:N6:K2:separated:cv0.35:p0.85:r0,1004840817,separated,6,2,0.35,0.85,OPTIMAL,384.2524975405674,384.2524975405674,0.0,0.0023879999935161322,True,True,milp_highs,True,384.2524975405674,2.3879999935161322,,,,,,,,CENTRAL_ORACLE,0.0
SP1_N4_DISTRIBUTED_FAMILY_v2,E5_DPOP_SMALL,E5_DPOP:N6:K2:separated:cv0.35:p0.85:r0,1004840817,separated,6,2,0.35,0.85,OPTIMAL,384.2524975405674,384.2524975405674,0.0,0.0023879999935161322,True,True,geo_qpg_u,True,487.8528868211654,1.363799994578585,40.0,1380.0,,,,,,N4_ATOMIC,0.269615395979724
SP1_N4_DISTRIBUTED_FAMILY_v2,E5_DPOP_SMALL,E5_DPOP:N6:K2:separated:cv0.35:p0.85:r0,1004840817,separated,6,2,0.35,0.85,OPTIMAL,384.2524975405674,384.2524975405674,0.0,0.0023879999935161322,True,True,geo_qpg_p,True,384.2524975405674,4.10560000455007,107.0,4104.0,,,,,,N4_ATOMIC,0.0
SP1_N4_DISTRIBUTED_FAMILY_v2,E5_DPOP_SMALL,E5_DPOP:N6:K2:separated:cv0.35:p0.85:r0,1004840817,separated,6,2,0.35,0.85,OPTIMAL,384.2524975405674,384.2524975405674,0.0,0.0023879999935161322,True,True,geo_qpg_c3,True,384.2524975405674,9.572000009939075,239.0,9384.0,,,,,,N4_ATOMIC,0.0
SP1_N4_DISTRIBUTED_FAMILY_v2,E5_DPOP_SMALL,E5_DPOP:N6:K2:separated:cv0.35:p0.85:r0,1004840817,separated,6,2,0.35,0.85,OPTIMAL,384.2524975405674,384.2524975405674,0.0,0.0023879999935161322,True,True,geo_qpg_d,True,384.2524975405674,8.411600021645427,308.0,11252.0,,,,,,N4_ATOMIC,0.0
SP1_N4_DISTRIBUTED_FAMILY_v2,E5_DPOP_SMALL,E5_DPOP:N6:K2:separated:cv0.35:p0.85:r1,4090580928,separated,6,2,0.35,0.85,OPTIMAL,413.9228233019863,413.92282330198634,0.0,0.0033873000065796077,True,True,dpop_exact_small,True,413.92282330198515,4.432699992321432,10.0,2944.0,5.0,5.0,363.0,5.0,729.0,EXACT_DISTRIBUTED,-2.7465708900683972e-15
SP1_N4_DISTRIBUTED_FAMILY_v2,E5_DPOP_SMALL,E5_DPOP:N6:K2:separated:cv0.35:p0.85:r1,4090580928,separated,6,2,0.35,0.85,OPTIMAL,413.9228233019863,413.92282330198634,0.0,0.0033873000065796077,True,True,milp_highs,True,413.9228233019863,3.3873000065796077,,,,,,,,CENTRAL_ORACLE,0.0
SP1_N4_DISTRIBUTED_FAMILY_v2,E5_DPOP_SMALL,E5_DPOP:N6:K2:separated:cv0.35:p0.85:r1,4090580928,separated,6,2,0.35,0.85,OPTIMAL,413.9228233019863,413.92282330198634,0.0,0.0033873000065796077,True,True,geo_qpg_u,True,481.9799152610522,1.2824999867007136,46.0,1632.0,,,,,,N4_ATOMIC,0.16441976167478306
SP1_N4_DISTRIBUTED_FAMILY_v2,E5_DPOP_SMALL,E5_DPOP:N6:K2:separated:cv0.35:p0.85:r1,4090580928,separated,6,2,0.35,0.85,OPTIMAL,413.9228233019863,413.92282330198634,0.0,0.0033873000065796077,True,True,geo_qpg_p,True,481.9799152610522,3.5127000010106713,82.0,3072.0,,,,,,N4_ATOMIC,0.16441976167478306
SP1_N4_DISTRIBUTED_FAMILY_v2,E5_DPOP_SMALL,E5_DPOP:N6:K2:separated:cv0.35:p0.85:r1,4090580928,separated,6,2,0.35,0.85,OPTIMAL,413.9228233019863,413.92282330198634,0.0,0.0033873000065796077,True,True,geo_qpg_c3,True,413.9228233019851,7.045500009553507,220.0,8584.0,,,,,,N4_ATOMIC,-2.883899434571817e-15
SP1_N4_DISTRIBUTED_FAMILY_v2,E5_DPOP_SMALL,E5_DPOP:N6:K2:separated:cv0.35:p0.85:r1,4090580928,separated,6,2,0.35,0.85,OPTIMAL,413.9228233019863,413.92282330198634,0.0,0.0033873000065796077,True,True,geo_qpg_d,True,481.9799152610522,9.549199981847778,365.0,13604.0,,,,,,N4_ATOMIC,0.16441976167478306
SP1_N4_DISTRIBUTED_FAMILY_v2,E5_DPOP_SMALL,E5_DPOP:N6:K2:separated:cv0.35:p0.85:r2,2550859802,separated,6,2,0.35,0.85,OPTIMAL,339.74114706062267,339.74114706062267,0.0,0.0015883000160101801,True,True,dpop_exact_small,True,339.74114706062267,6.306499999482185,10.0,2944.0,5.0,5.0,363.0,5.0,729.0,EXACT_DISTRIBUTED,0.0
SP1_N4_DISTRIBUTED_FAMILY_v2,E5_DPOP_SMALL,E5_DPOP:N6:K2:separated:cv0.35:p0.85:r2,2550859802,separated,6,2,0.35,0.85,OPTIMAL,339.74114706062267,339.74114706062267,0.0,0.0015883000160101801,True,True,milp_highs,True,339.74114706062267,1.5883000160101801,,,,,,,,CENTRAL_ORACLE,0.0
SP1_N4_DISTRIBUTED_FAMILY_v2,E5_DPOP_SMALL,E5_DPOP:N6:K2:separated:cv0.35:p0.85:r2,2550859802,separated,6,2,0.35,0.85,OPTIMAL,339.74114706062267,339.74114706062267,0.0,0.0015883000160101801,True,True,geo_qpg_u,True,455.0582189845006,1.3356999843381345,44.0,1548.0,,,,,,N4_ATOMIC,0.3394262747435212
SP1_N4_DISTRIBUTED_FAMILY_v2,E5_DPOP_SMALL,E5_DPOP:N6:K2:separated:cv0.35:p0.85:r2,2550859802,separated,6,2,0.35,0.85,OPTIMAL,339.74114706062267,339.74114706062267,0.0,0.0015883000160101801,True,True,geo_qpg_p,True,455.0582189845006,3.5720000159926713,80.0,2988.0,,,,,,N4_ATOMIC,0.3394262747435212
SP1_N4_DISTRIBUTED_FAMILY_v2,E5_DPOP_SMALL,E5_DPOP:N6:K2:separated:cv0.35:p0.85:r2,2550859802,separated,6,2,0.35,0.85,OPTIMAL,339.74114706062267,339.74114706062267,0.0,0.0015883000160101801,True,True,geo_qpg_c3,True,339.74114706062267,9.692999999970198,282.0,11036.0,,,,,,N4_ATOMIC,0.0
SP1_N4_DISTRIBUTED_FAMILY_v2,E5_DPOP_SMALL,E5_DPOP:N6:K2:separated:cv0.35:p0.85:r2,2550859802,separated,6,2,0.35,0.85,OPTIMAL,339.74114706062267,339.74114706062267,0.0,0.0015883000160101801,True,True,geo_qpg_d,True,455.0582189845006,4.950600006850436,179.0,6296.0,,,,,,N4_ATOMIC,0.3394262747435212
SP1_N4_DISTRIBUTED_FAMILY_v2,E5_DPOP_SMALL,E5_DPOP:N6:K2:separated:cv0.35:p0.85:r3,455409821,separated,6,2,0.35,0.85,OPTIMAL,372.2671694176739,372.2671694176739,0.0,0.00404629998956807,True,True,dpop_exact_small,True,372.2671694176739,4.0213000029325485,10.0,2944.0,5.0,5.0,363.0,5.0,729.0,EXACT_DISTRIBUTED,0.0
SP1_N4_DISTRIBUTED_FAMILY_v2,E5_DPOP_SMALL,E5_DPOP:N6:K2:separated:cv0.35:p0.85:r3,455409821,separated,6,2,0.35,0.85,OPTIMAL,372.2671694176739,372.2671694176739,0.0,0.00404629998956807,True,True,milp_highs,True,372.2671694176739,4.04629998956807,,,,,,,,CENTRAL_ORACLE,0.0
SP1_N4_DISTRIBUTED_FAMILY_v2,E5_DPOP_SMALL,E5_DPOP:N6:K2:separated:cv0.35:p0.85:r3,455409821,separated,6,2,0.35,0.85,OPTIMAL,372.2671694176739,372.2671694176739,0.0,0.00404629998956807,True,True,geo_qpg_u,True,395.68116676686145,1.5918000135570765,42.0,1464.0,,,,,,N4_ATOMIC,0.06289568157679153
SP1_N4_DISTRIBUTED_FAMILY_v2,E5_DPOP_SMALL,E5_DPOP:N6:K2:separated:cv0.35:p0.85:r3,455409821,separated,6,2,0.35,0.85,OPTIMAL,372.2671694176739,372.2671694176739,0.0,0.00404629998956807,True,True,geo_qpg_p,True,372.2671694176739,6.885399983730167,158.0,6128.0,,,,,,N4_ATOMIC,0.0
SP1_N4_DISTRIBUTED_FAMILY_v2,E5_DPOP_SMALL,E5_DPOP:N6:K2:separated:cv0.35:p0.85:r3,455409821,separated,6,2,0.35,0.85,OPTIMAL,372.2671694176739,372.2671694176739,0.0,0.00404629998956807,True,True,geo_qpg_c3,True,372.2671694176739,13.48560000769794,298.0,11728.0,,,,,,N4_ATOMIC,0.0
SP1_N4_DISTRIBUTED_FAMILY_v2,E5_DPOP_SMALL,E5_DPOP:N6:K2:separated:cv0.35:p0.85:r3,455409821,separated,6,2,0.35,0.85,OPTIMAL,372.2671694176739,372.2671694176739,0.0,0.00404629998956807,True,True,geo_qpg_d,True,372.2671694176739,5.957100016530603,205.0,7568.0,,,,,,N4_ATOMIC,0.0
SP1_N4_DISTRIBUTED_FAMILY_v2,E5_DPOP_SMALL,E5_DPOP:N6:K2:separated:cv0.35:p0.85:r4,1460480447,separated,6,2,0.35,0.85,OPTIMAL,350.96126629996286,350.96126629996286,0.0,0.0017796999891288579,True,True,dpop_exact_small,True,350.96126629996286,5.427199997939169,10.0,2944.0,5.0,5.0,363.0,5.0,729.0,EXACT_DISTRIBUTED,0.0
SP1_N4_DISTRIBUTED_FAMILY_v2,E5_DPOP_SMALL,E5_DPOP:N6:K2:separated:cv0.35:p0.85:r4,1460480447,separated,6,2,0.35,0.85,OPTIMAL,350.96126629996286,350.96126629996286,0.0,0.0017796999891288579,True,True,milp_highs,True,350.96126629996286,1.7796999891288579,,,,,,,,CENTRAL_ORACLE,0.0
SP1_N4_DISTRIBUTED_FAMILY_v2,E5_DPOP_SMALL,E5_DPOP:N6:K2:separated:cv0.35:p0.85:r4,1460480447,separated,6,2,0.35,0.85,OPTIMAL,350.96126629996286,350.96126629996286,0.0,0.0017796999891288579,True,True,geo_qpg_u,True,358.03700370110073,1.5787000011187047,31.0,1052.0,,,,,,N4_ATOMIC,0.020161020832111753
SP1_N4_DISTRIBUTED_FAMILY_v2,E5_DPOP_SMALL,E5_DPOP:N6:K2:separated:cv0.35:p0.85:r4,1460480447,separated,6,2,0.35,0.85,OPTIMAL,350.96126629996286,350.96126629996286,0.0,0.0017796999891288579,True,True,geo_qpg_p,True,358.03700370110073,2.48170000850223,55.0,2012.0,,,,,,N4_ATOMIC,0.020161020832111753
SP1_N4_DISTRIBUTED_FAMILY_v2,E5_DPOP_SMALL,E5_DPOP:N6:K2:separated:cv0.35:p0.85:r4,1460480447,separated,6,2,0.35,0.85,OPTIMAL,350.96126629996286,350.96126629996286,0.0,0.0017796999891288579,True,True,geo_qpg_c3,True,350.96126629996286,4.890499985776842,165.0,6540.0,,,,,,N4_ATOMIC,0.0
SP1_N4_DISTRIBUTED_FAMILY_v2,E5_DPOP_SMALL,E5_DPOP:N6:K2:separated:cv0.35:p0.85:r4,1460480447,separated,6,2,0.35,0.85,OPTIMAL,350.96126629996286,350.96126629996286,0.0,0.0017796999891288579,True,True,geo_qpg_d,True,350.96126629996286,4.588200012221932,294.0,10004.0,,,,,,N4_ATOMIC,0.0
SP1_N4_DISTRIBUTED_FAMILY_v2,E5_DPOP_SMALL,E5_DPOP:N6:K2:separated:cv0.35:p0.85:r5,1224457244,separated,6,2,0.35,0.85,OPTIMAL,364.1615009881598,364.16150098815984,0.0,0.0015356999938376248,True,True,dpop_exact_small,True,364.16150098815984,3.410200006328523,10.0,2944.0,5.0,5.0,363.0,5.0,729.0,EXACT_DISTRIBUTED,1.5609398222097123e-16
SP1_N4_DISTRIBUTED_FAMILY_v2,E5_DPOP_SMALL,E5_DPOP:N6:K2:separated:cv0.35:p0.85:r5,1224457244,separated,6,2,0.35,0.85,OPTIMAL,364.1615009881598,364.16150098815984,0.0,0.0015356999938376248,True,True,milp_highs,True,364.1615009881598,1.5356999938376248,,,,,,,,CENTRAL_ORACLE,0.0
SP1_N4_DISTRIBUTED_FAMILY_v2,E5_DPOP_SMALL,E5_DPOP:N6:K2:separated:cv0.35:p0.85:r5,1224457244,separated,6,2,0.35,0.85,OPTIMAL,364.1615009881598,364.16150098815984,0.0,0.0015356999938376248,True,True,geo_qpg_u,True,388.0564935126523,1.3986999983899295,38.0,1296.0,,,,,,N4_ATOMIC,0.0656164708780389
SP1_N4_DISTRIBUTED_FAMILY_v2,E5_DPOP_SMALL,E5_DPOP:N6:K2:separated:cv0.35:p0.85:r5,1224457244,separated,6,2,0.35,0.85,OPTIMAL,364.1615009881598,364.16150098815984,0.0,0.0015356999938376248,True,True,geo_qpg_p,True,364.1615009881598,7.03909998992458,178.0,6796.0,,,,,,N4_ATOMIC,0.0
SP1_N4_DISTRIBUTED_FAMILY_v2,E5_DPOP_SMALL,E5_DPOP:N6:K2:separated:cv0.35:p0.85:r5,1224457244,separated,6,2,0.35,0.85,OPTIMAL,364.1615009881598,364.16150098815984,0.0,0.0015356999938376248,True,True,geo_qpg_c3,True,364.1615009881598,12.86479999544099,338.0,13196.0,,,,,,N4_ATOMIC,0.0
SP1_N4_DISTRIBUTED_FAMILY_v2,E5_DPOP_SMALL,E5_DPOP:N6:K2:separated:cv0.35:p0.85:r5,1224457244,separated,6,2,0.35,0.85,OPTIMAL,364.1615009881598,364.16150098815984,0.0,0.0015356999938376248,True,True,geo_qpg_d,True,364.1615009881598,9.474299993598834,293.0,11192.0,,,,,,N4_ATOMIC,0.0
SP1_N4_DISTRIBUTED_FAMILY_v2,E5_DPOP_SMALL,E5_DPOP:N6:K2:separated:cv0.35:p0.85:r6,2243029777,separated,6,2,0.35,0.85,OPTIMAL,436.2313647601593,436.2313647601593,0.0,0.0031153000018093735,True,True,dpop_exact_small,True,436.2313647601593,4.647000023396686,10.0,2944.0,5.0,5.0,363.0,5.0,729.0,EXACT_DISTRIBUTED,0.0
SP1_N4_DISTRIBUTED_FAMILY_v2,E5_DPOP_SMALL,E5_DPOP:N6:K2:separated:cv0.35:p0.85:r6,2243029777,separated,6,2,0.35,0.85,OPTIMAL,436.2313647601593,436.2313647601593,0.0,0.0031153000018093735,True,True,milp_highs,True,436.2313647601593,3.1153000018093735,,,,,,,,CENTRAL_ORACLE,0.0
SP1_N4_DISTRIBUTED_FAMILY_v2,E5_DPOP_SMALL,E5_DPOP:N6:K2:separated:cv0.35:p0.85:r6,2243029777,separated,6,2,0.35,0.85,OPTIMAL,436.2313647601593,436.2313647601593,0.0,0.0031153000018093735,True,True,geo_qpg_u,True,583.7795225978441,1.7428999999538064,46.0,1632.0,,,,,,N4_ATOMIC,0.33823372127037915
SP1_N4_DISTRIBUTED_FAMILY_v2,E5_DPOP_SMALL,E5_DPOP:N6:K2:separated:cv0.35:p0.85:r6,2243029777,separated,6,2,0.35,0.85,OPTIMAL,436.2313647601593,436.2313647601593,0.0,0.0031153000018093735,True,True,geo_qpg_p,True,436.2313647601593,6.449100008467212,141.0,5572.0,,,,,,N4_ATOMIC,0.0
SP1_N4_DISTRIBUTED_FAMILY_v2,E5_DPOP_SMALL,E5_DPOP:N6:K2:separated:cv0.35:p0.85:r6,2243029777,separated,6,2,0.35,0.85,OPTIMAL,436.2313647601593,436.2313647601593,0.0,0.0031153000018093735,True,True,geo_qpg_c3,True,436.2313647601593,8.447600004728884,253.0,10052.0,,,,,,N4_ATOMIC,0.0
SP1_N4_DISTRIBUTED_FAMILY_v2,E5_DPOP_SMALL,E5_DPOP:N6:K2:separated:cv0.35:p0.85:r6,2243029777,separated,6,2,0.35,0.85,OPTIMAL,436.2313647601593,436.2313647601593,0.0,0.0031153000018093735,True,True,geo_qpg_d,True,498.2719355958947,8.584600000176579,214.0,7796.0,,,,,,N4_ATOMIC,0.14221941806005955
SP1_N4_DISTRIBUTED_FAMILY_v2,E5_DPOP_SMALL,E5_DPOP:N6:K2:separated:cv0.35:p0.85:r7,2179044176,separated,6,2,0.35,0.85,OPTIMAL,315.66828043535156,315.66828043535156,0.0,0.0013509999844245613,True,True,dpop_exact_small,True,315.66828043535156,3.229299996746704,10.0,2944.0,5.0,5.0,363.0,5.0,729.0,EXACT_DISTRIBUTED,0.0
SP1_N4_DISTRIBUTED_FAMILY_v2,E5_DPOP_SMALL,E5_DPOP:N6:K2:separated:cv0.35:p0.85:r7,2179044176,separated,6,2,0.35,0.85,OPTIMAL,315.66828043535156,315.66828043535156,0.0,0.0013509999844245613,True,True,milp_highs,True,315.66828043535156,1.3509999844245613,,,,,,,,CENTRAL_ORACLE,0.0
SP1_N4_DISTRIBUTED_FAMILY_v2,E5_DPOP_SMALL,E5_DPOP:N6:K2:separated:cv0.35:p0.85:r7,2179044176,separated,6,2,0.35,0.85,OPTIMAL,315.66828043535156,315.66828043535156,0.0,0.0013509999844245613,True,True,geo_qpg_u,True,331.8355857362043,1.3532000011764467,57.0,2044.0,,,,,,N4_ATOMIC,0.05121612243889598
SP1_N4_DISTRIBUTED_FAMILY_v2,E5_DPOP_SMALL,E5_DPOP:N6:K2:separated:cv0.35:p0.85:r7,2179044176,separated,6,2,0.35,0.85,OPTIMAL,315.66828043535156,315.66828043535156,0.0,0.0013509999844245613,True,True,geo_qpg_p,True,331.8355857362043,3.428600000916049,89.0,3324.0,,,,,,N4_ATOMIC,0.05121612243889598
SP1_N4_DISTRIBUTED_FAMILY_v2,E5_DPOP_SMALL,E5_DPOP:N6:K2:separated:cv0.35:p0.85:r7,2179044176,separated,6,2,0.35,0.85,OPTIMAL,315.66828043535156,315.66828043535156,0.0,0.0013509999844245613,True,True,geo_qpg_c3,True,331.8355857362043,6.242100003873929,177.0,6844.0,,,,,,N4_ATOMIC,0.05121612243889598
SP1_N4_DISTRIBUTED_FAMILY_v2,E5_DPOP_SMALL,E5_DPOP:N6:K2:separated:cv0.35:p0.85:r7,2179044176,separated,6,2,0.35,0.85,OPTIMAL,315.66828043535156,315.66828043535156,0.0,0.0013509999844245613,True,True,geo_qpg_d,True,331.8355857362043,5.040799995185807,188.0,6464.0,,,,,,N4_ATOMIC,0.05121612243889598
SP1_N4_DISTRIBUTED_FAMILY_v2,E5_DPOP_SMALL,E5_DPOP:N6:K2:separated:cv0.35:p0.85:r8,4128832728,separated,6,2,0.35,0.85,OPTIMAL,348.7524929648052,348.7524929648051,0.0,0.0055782000126782805,True,True,dpop_exact_small,True,348.7524929648052,7.346200000029057,10.0,2944.0,5.0,5.0,363.0,5.0,729.0,EXACT_DISTRIBUTED,0.0
SP1_N4_DISTRIBUTED_FAMILY_v2,E5_DPOP_SMALL,E5_DPOP:N6:K2:separated:cv0.35:p0.85:r8,4128832728,separated,6,2,0.35,0.85,OPTIMAL,348.7524929648052,348.7524929648051,0.0,0.0055782000126782805,True,True,milp_highs,True,348.7524929648052,5.5782000126782805,,,,,,,,CENTRAL_ORACLE,0.0
SP1_N4_DISTRIBUTED_FAMILY_v2,E5_DPOP_SMALL,E5_DPOP:N6:K2:separated:cv0.35:p0.85:r8,4128832728,separated,6,2,0.35,0.85,OPTIMAL,348.7524929648052,348.7524929648051,0.0,0.0055782000126782805,True,True,geo_qpg_u,True,457.92543599145773,3.365099983057007,58.0,2060.0,,,,,,N4_ATOMIC,0.31303845916212525
SP1_N4_DISTRIBUTED_FAMILY_v2,E5_DPOP_SMALL,E5_DPOP:N6:K2:separated:cv0.35:p0.85:r8,4128832728,separated,6,2,0.35,0.85,OPTIMAL,348.7524929648052,348.7524929648051,0.0,0.0055782000126782805,True,True,geo_qpg_p,True,457.92543599145773,7.490200019674376,114.0,4300.0,,,,,,N4_ATOMIC,0.31303845916212525
SP1_N4_DISTRIBUTED_FAMILY_v2,E5_DPOP_SMALL,E5_DPOP:N6:K2:separated:cv0.35:p0.85:r8,4128832728,separated,6,2,0.35,0.85,OPTIMAL,348.7524929648052,348.7524929648051,0.0,0.0055782000126782805,True,True,geo_qpg_c3,True,348.7524929648052,15.911700000287965,350.0,13788.0,,,,,,N4_ATOMIC,0.0
SP1_N4_DISTRIBUTED_FAMILY_v2,E5_DPOP_SMALL,E5_DPOP:N6:K2:separated:cv0.35:p0.85:r8,4128832728,separated,6,2,0.35,0.85,OPTIMAL,348.7524929648052,348.7524929648051,0.0,0.0055782000126782805,True,True,geo_qpg_d,True,382.5575072607769,8.380399987800047,198.0,7212.0,,,,,,N4_ATOMIC,0.09693124774131204
SP1_N4_DISTRIBUTED_FAMILY_v2,E5_DPOP_SMALL,E5_DPOP:N6:K2:separated:cv0.35:p0.85:r9,3082542432,separated,6,2,0.35,0.85,OPTIMAL,339.8750005454803,339.87500054548025,0.0,0.002765600016573444,True,True,dpop_exact_small,True,339.87500054548036,4.0194999892264605,10.0,2944.0,5.0,5.0,363.0,5.0,729.0,EXACT_DISTRIBUTED,1.6724801403332848e-16
SP1_N4_DISTRIBUTED_FAMILY_v2,E5_DPOP_SMALL,E5_DPOP:N6:K2:separated:cv0.35:p0.85:r9,3082542432,separated,6,2,0.35,0.85,OPTIMAL,339.8750005454803,339.87500054548025,0.0,0.002765600016573444,True,True,milp_highs,True,339.8750005454803,2.765600016573444,,,,,,,,CENTRAL_ORACLE,0.0
SP1_N4_DISTRIBUTED_FAMILY_v2,E5_DPOP_SMALL,E5_DPOP:N6:K2:separated:cv0.35:p0.85:r9,3082542432,separated,6,2,0.35,0.85,OPTIMAL,339.8750005454803,339.87500054548025,0.0,0.002765600016573444,True,True,geo_qpg_u,True,408.24555743041213,1.571700006024912,50.0,1800.0,,,,,,N4_ATOMIC,0.20116383015873754
SP1_N4_DISTRIBUTED_FAMILY_v2,E5_DPOP_SMALL,E5_DPOP:N6:K2:separated:cv0.35:p0.85:r9,3082542432,separated,6,2,0.35,0.85,OPTIMAL,339.8750005454803,339.87500054548025,0.0,0.002765600016573444,True,True,geo_qpg_p,True,370.32179118913575,4.977900010999292,108.0,4172.0,,,,,,N4_ATOMIC,0.08958231877834515
SP1_N4_DISTRIBUTED_FAMILY_v2,E5_DPOP_SMALL,E5_DPOP:N6:K2:separated:cv0.35:p0.85:r9,3082542432,separated,6,2,0.35,0.85,OPTIMAL,339.8750005454803,339.87500054548025,0.0,0.002765600016573444,True,True,geo_qpg_c3,True,339.8750005454803,11.260900006163865,272.0,10724.0,,,,,,N4_ATOMIC,0.0
SP1_N4_DISTRIBUTED_FAMILY_v2,E5_DPOP_SMALL,E5_DPOP:N6:K2:separated:cv0.35:p0.85:r9,3082542432,separated,6,2,0.35,0.85,OPTIMAL,339.8750005454803,339.87500054548025,0.0,0.002765600016573444,True,True,geo_qpg_d,True,370.32179118913575,5.831099988427013,231.0,8212.0,,,,,,N4_ATOMIC,0.08958231877834515
SP1_N4_DISTRIBUTED_FAMILY_v2,E5_DPOP_SMALL,E5_DPOP:N6:K2:separated:cv0.65:p0.7:r0,215060116,separated,6,2,0.65,0.7,OPTIMAL,342.96552841600413,342.9655284160041,0.0,0.0020973999926354736,True,True,dpop_exact_small,True,342.9655284160035,4.9254999903496355,10.0,2944.0,5.0,5.0,363.0,5.0,729.0,EXACT_DISTRIBUTED,-1.8231500126463152e-15
SP1_N4_DISTRIBUTED_FAMILY_v2,E5_DPOP_SMALL,E5_DPOP:N6:K2:separated:cv0.65:p0.7:r0,215060116,separated,6,2,0.65,0.7,OPTIMAL,342.96552841600413,342.9655284160041,0.0,0.0020973999926354736,True,True,milp_highs,True,342.96552841600413,2.0973999926354736,,,,,,,,CENTRAL_ORACLE,0.0
SP1_N4_DISTRIBUTED_FAMILY_v2,E5_DPOP_SMALL,E5_DPOP:N6:K2:separated:cv0.65:p0.7:r0,215060116,separated,6,2,0.65,0.7,OPTIMAL,342.96552841600413,342.9655284160041,0.0,0.0020973999926354736,True,True,geo_qpg_u,True,458.78470166719944,1.2698999780695885,37.0,1304.0,,,,,,N4_ATOMIC,0.3376991669865756
SP1_N4_DISTRIBUTED_FAMILY_v2,E5_DPOP_SMALL,E5_DPOP:N6:K2:separated:cv0.65:p0.7:r0,215060116,separated,6,2,0.65,0.7,OPTIMAL,342.96552841600413,342.9655284160041,0.0,0.0020973999926354736,True,True,geo_qpg_p,True,343.5524718669668,5.25380001636222,130.0,5108.0,,,,,,N4_ATOMIC,0.0017113773902394601
SP1_N4_DISTRIBUTED_FAMILY_v2,E5_DPOP_SMALL,E5_DPOP:N6:K2:separated:cv0.65:p0.7:r0,215060116,separated,6,2,0.65,0.7,OPTIMAL,342.96552841600413,342.9655284160041,0.0,0.0020973999926354736,True,True,geo_qpg_c3,True,343.5524718669668,10.325799987185746,258.0,10228.0,,,,,,N4_ATOMIC,0.0017113773902394601
SP1_N4_DISTRIBUTED_FAMILY_v2,E5_DPOP_SMALL,E5_DPOP:N6:K2:separated:cv0.65:p0.7:r0,215060116,separated,6,2,0.65,0.7,OPTIMAL,342.96552841600413,342.9655284160041,0.0,0.0020973999926354736,True,True,geo_qpg_d,True,436.78858582982474,5.503299995325506,152.0,5348.0,,,,,,N4_ATOMIC,0.27356410379534357
SP1_N4_DISTRIBUTED_FAMILY_v2,E5_DPOP_SMALL,E5_DPOP:N6:K2:separated:cv0.65:p0.7:r1,499253815,separated,6,2,0.65,0.7,OPTIMAL,280.81001566345054,280.8100156634505,0.0,0.003040600015083328,True,True,dpop_exact_small,True,280.8100156634505,4.565000010188669,10.0,2944.0,5.0,5.0,363.0,5.0,729.0,EXACT_DISTRIBUTED,-2.0242660763544339e-16
SP1_N4_DISTRIBUTED_FAMILY_v2,E5_DPOP_SMALL,E5_DPOP:N6:K2:separated:cv0.65:p0.7:r1,499253815,separated,6,2,0.65,0.7,OPTIMAL,280.81001566345054,280.8100156634505,0.0,0.003040600015083328,True,True,milp_highs,True,280.81001566345054,3.040600015083328,,,,,,,,CENTRAL_ORACLE,0.0
SP1_N4_DISTRIBUTED_FAMILY_v2,E5_DPOP_SMALL,E5_DPOP:N6:K2:separated:cv0.65:p0.7:r1,499253815,separated,6,2,0.65,0.7,OPTIMAL,280.81001566345054,280.8100156634505,0.0,0.003040600015083328,True,True,geo_qpg_u,True,370.344943659798,1.2931000092066824,49.0,1708.0,,,,,,N4_ATOMIC,0.31884520851156045
SP1_N4_DISTRIBUTED_FAMILY_v2,E5_DPOP_SMALL,E5_DPOP:N6:K2:separated:cv0.65:p0.7:r1,499253815,separated,6,2,0.65,0.7,OPTIMAL,280.81001566345054,280.8100156634505,0.0,0.003040600015083328,True,True,geo_qpg_p,True,293.6933463539976,4.517499997746199,113.0,4188.0,,,,,,N4_ATOMIC,0.04587917086970164
SP1_N4_DISTRIBUTED_FAMILY_v2,E5_DPOP_SMALL,E5_DPOP:N6:K2:separated:cv0.65:p0.7:r1,499253815,separated,6,2,0.65,0.7,OPTIMAL,280.81001566345054,280.8100156634505,0.0,0.003040600015083328,True,True,geo_qpg_c3,True,280.81001566345054,8.973899995908141,255.0,9860.0,,,,,,N4_ATOMIC,0.0
SP1_N4_DISTRIBUTED_FAMILY_v2,E5_DPOP_SMALL,E5_DPOP:N6:K2:separated:cv0.65:p0.7:r1,499253815,separated,6,2,0.65,0.7,OPTIMAL,280.81001566345054,280.8100156634505,0.0,0.003040600015083328,True,True,geo_qpg_d,True,327.6406137837959,4.229699989082292,149.0,5288.0,,,,,,N4_ATOMIC,0.16676968593766833
SP1_N4_DISTRIBUTED_FAMILY_v2,E5_DPOP_SMALL,E5_DPOP:N6:K2:separated:cv0.65:p0.7:r2,793702253,separated,6,2,0.65,0.7,OPTIMAL,317.4126415863632,317.4126415863632,0.0,0.002566399984061718,True,True,dpop_exact_small,True,317.4126415863632,4.422400001203641,10.0,2944.0,5.0,5.0,363.0,5.0,729.0,EXACT_DISTRIBUTED,0.0
SP1_N4_DISTRIBUTED_FAMILY_v2,E5_DPOP_SMALL,E5_DPOP:N6:K2:separated:cv0.65:p0.7:r2,793702253,separated,6,2,0.65,0.7,OPTIMAL,317.4126415863632,317.4126415863632,0.0,0.002566399984061718,True,True,milp_highs,True,317.4126415863632,2.566399984061718,,,,,,,,CENTRAL_ORACLE,0.0
SP1_N4_DISTRIBUTED_FAMILY_v2,E5_DPOP_SMALL,E5_DPOP:N6:K2:separated:cv0.65:p0.7:r2,793702253,separated,6,2,0.65,0.7,OPTIMAL,317.4126415863632,317.4126415863632,0.0,0.002566399984061718,True,True,geo_qpg_u,True,387.0051766972038,1.6537999908905476,47.0,1624.0,,,,,,N4_ATOMIC,0.21924941225727945
SP1_N4_DISTRIBUTED_FAMILY_v2,E5_DPOP_SMALL,E5_DPOP:N6:K2:separated:cv0.65:p0.7:r2,793702253,separated,6,2,0.65,0.7,OPTIMAL,317.4126415863632,317.4126415863632,0.0,0.002566399984061718,True,True,geo_qpg_p,True,317.4126415863632,6.736199982697144,152.0,5792.0,,,,,,N4_ATOMIC,0.0
SP1_N4_DISTRIBUTED_FAMILY_v2,E5_DPOP_SMALL,E5_DPOP:N6:K2:separated:cv0.65:p0.7:r2,793702253,separated,6,2,0.65,0.7,OPTIMAL,317.4126415863632,317.4126415863632,0.0,0.002566399984061718,True,True,geo_qpg_c3,True,317.4126415863632,11.819100007414818,312.0,12192.0,,,,,,N4_ATOMIC,0.0
SP1_N4_DISTRIBUTED_FAMILY_v2,E5_DPOP_SMALL,E5_DPOP:N6:K2:separated:cv0.65:p0.7:r2,793702253,separated,6,2,0.65,0.7,OPTIMAL,317.4126415863632,317.4126415863632,0.0,0.002566399984061718,True,True,geo_qpg_d,True,317.4126415863632,7.223599997814745,192.0,7040.0,,,,,,N4_ATOMIC,0.0
SP1_N4_DISTRIBUTED_FAMILY_v2,E5_DPOP_SMALL,E5_DPOP:N6:K2:separated:cv0.65:p0.7:r3,2400188525,separated,6,2,0.65,0.7,OPTIMAL,318.9968893258552,318.9968893258552,0.0,0.0015648000116925687,True,True,dpop_exact_small,True,318.9968893258552,3.1629999866709113,10.0,2944.0,5.0,5.0,363.0,5.0,729.0,EXACT_DISTRIBUTED,0.0
SP1_N4_DISTRIBUTED_FAMILY_v2,E5_DPOP_SMALL,E5_DPOP:N6:K2:separated:cv0.65:p0.7:r3,2400188525,separated,6,2,0.65,0.7,OPTIMAL,318.9968893258552,318.9968893258552,0.0,0.0015648000116925687,True,True,milp_highs,True,318.9968893258552,1.5648000116925687,,,,,,,,CENTRAL_ORACLE,0.0
SP1_N4_DISTRIBUTED_FAMILY_v2,E5_DPOP_SMALL,E5_DPOP:N6:K2:separated:cv0.65:p0.7:r3,2400188525,separated,6,2,0.65,0.7,OPTIMAL,318.9968893258552,318.9968893258552,0.0,0.0015648000116925687,True,True,geo_qpg_u,True,345.0752105264975,1.4140999992378056,62.0,2204.0,,,,,,N4_ATOMIC,0.08175102038065106
SP1_N4_DISTRIBUTED_FAMILY_v2,E5_DPOP_SMALL,E5_DPOP:N6:K2:separated:cv0.65:p0.7:r3,2400188525,separated,6,2,0.65,0.7,OPTIMAL,318.9968893258552,318.9968893258552,0.0,0.0015648000116925687,True,True,geo_qpg_p,True,343.15553027767106,4.517699999269098,123.0,4668.0,,,,,,N4_ATOMIC,0.07573315527581156
SP1_N4_DISTRIBUTED_FAMILY_v2,E5_DPOP_SMALL,E5_DPOP:N6:K2:separated:cv0.65:p0.7:r3,2400188525,separated,6,2,0.65,0.7,OPTIMAL,318.9968893258552,318.9968893258552,0.0,0.0015648000116925687,True,True,geo_qpg_c3,True,318.9968893258552,9.129899990512058,323.0,12708.0,,,,,,N4_ATOMIC,0.0
SP1_N4_DISTRIBUTED_FAMILY_v2,E5_DPOP_SMALL,E5_DPOP:N6:K2:separated:cv0.65:p0.7:r3,2400188525,separated,6,2,0.65,0.7,OPTIMAL,318.9968893258552,318.9968893258552,0.0,0.0015648000116925687,True,True,geo_qpg_d,True,318.9968893258552,4.257100023096427,164.0,5776.0,,,,,,N4_ATOMIC,0.0
SP1_N4_DISTRIBUTED_FAMILY_v2,E5_DPOP_SMALL,E5_DPOP:N6:K2:separated:cv0.65:p0.7:r4,2882040193,separated,6,2,0.65,0.7,OPTIMAL,227.8356699670447,227.83566996704468,0.0,0.0016937000036705285,True,True,dpop_exact_small,True,227.83566996704474,3.3451000053901225,10.0,2944.0,5.0,5.0,363.0,5.0,729.0,EXACT_DISTRIBUTED,1.2474653084179077e-16
SP1_N4_DISTRIBUTED_FAMILY_v2,E5_DPOP_SMALL,E5_DPOP:N6:K2:separated:cv0.65:p0.7:r4,2882040193,separated,6,2,0.65,0.7,OPTIMAL,227.8356699670447,227.83566996704468,0.0,0.0016937000036705285,True,True,milp_highs,True,227.8356699670447,1.6937000036705285,,,,,,,,CENTRAL_ORACLE,0.0
SP1_N4_DISTRIBUTED_FAMILY_v2,E5_DPOP_SMALL,E5_DPOP:N6:K2:separated:cv0.65:p0.7:r4,2882040193,separated,6,2,0.65,0.7,OPTIMAL,227.8356699670447,227.83566996704468,0.0,0.0016937000036705285,True,True,geo_qpg_u,True,336.3349714261536,1.117900013923645,37.0,1304.0,,,,,,N4_ATOMIC,0.47621736084961036
SP1_N4_DISTRIBUTED_FAMILY_v2,E5_DPOP_SMALL,E5_DPOP:N6:K2:separated:cv0.65:p0.7:r4,2882040193,separated,6,2,0.65,0.7,OPTIMAL,227.8356699670447,227.83566996704468,0.0,0.0016937000036705285,True,True,geo_qpg_p,True,235.98469410368,5.813199997646734,190.0,7588.0,,,,,,N4_ATOMIC,0.03576711292754996
SP1_N4_DISTRIBUTED_FAMILY_v2,E5_DPOP_SMALL,E5_DPOP:N6:K2:separated:cv0.65:p0.7:r4,2882040193,separated,6,2,0.65,0.7,OPTIMAL,227.8356699670447,227.83566996704468,0.0,0.0016937000036705285,True,True,geo_qpg_c3,True,235.98469410368,11.631400004262105,298.0,11908.0,,,,,,N4_ATOMIC,0.03576711292754996
SP1_N4_DISTRIBUTED_FAMILY_v2,E5_DPOP_SMALL,E5_DPOP:N6:K2:separated:cv0.65:p0.7:r4,2882040193,separated,6,2,0.65,0.7,OPTIMAL,227.8356699670447,227.83566996704468,0.0,0.0016937000036705285,True,True,geo_qpg_d,True,227.83566996704474,8.081200008746237,336.0,12504.0,,,,,,N4_ATOMIC,1.2474653084179077e-16
SP1_N4_DISTRIBUTED_FAMILY_v2,E5_DPOP_SMALL,E5_DPOP:N6:K2:separated:cv0.65:p0.7:r5,1329421990,separated,6,2,0.65,0.7,OPTIMAL,308.16725794705724,308.16725794705724,0.0,0.004701700003352016,True,True,dpop_exact_small,True,308.16725794705724,3.406800009543076,10.0,2944.0,5.0,5.0,363.0,5.0,729.0,EXACT_DISTRIBUTED,0.0
SP1_N4_DISTRIBUTED_FAMILY_v2,E5_DPOP_SMALL,E5_DPOP:N6:K2:separated:cv0.65:p0.7:r5,1329421990,separated,6,2,0.65,0.7,OPTIMAL,308.16725794705724,308.16725794705724,0.0,0.004701700003352016,True,True,milp_highs,True,308.16725794705724,4.701700003352016,,,,,,,,CENTRAL_ORACLE,0.0
SP1_N4_DISTRIBUTED_FAMILY_v2,E5_DPOP_SMALL,E5_DPOP:N6:K2:separated:cv0.65:p0.7:r5,1329421990,separated,6,2,0.65,0.7,OPTIMAL,308.16725794705724,308.16725794705724,0.0,0.004701700003352016,True,True,geo_qpg_u,True,331.91830831505297,1.292700006160885,42.0,1464.0,,,,,,N4_ATOMIC,0.07707194633920561
SP1_N4_DISTRIBUTED_FAMILY_v2,E5_DPOP_SMALL,E5_DPOP:N6:K2:separated:cv0.65:p0.7:r5,1329421990,separated,6,2,0.65,0.7,OPTIMAL,308.16725794705724,308.16725794705724,0.0,0.004701700003352016,True,True,geo_qpg_p,True,308.16725794705724,5.61680001555942,122.0,4616.0,,,,,,N4_ATOMIC,0.0
SP1_N4_DISTRIBUTED_FAMILY_v2,E5_DPOP_SMALL,E5_DPOP:N6:K2:separated:cv0.65:p0.7:r5,1329421990,separated,6,2,0.65,0.7,OPTIMAL,308.16725794705724,308.16725794705724,0.0,0.004701700003352016,True,True,geo_qpg_c3,True,308.16725794705724,9.95029998011887,282.0,11016.0,,,,,,N4_ATOMIC,0.0
SP1_N4_DISTRIBUTED_FAMILY_v2,E5_DPOP_SMALL,E5_DPOP:N6:K2:separated:cv0.65:p0.7:r5,1329421990,separated,6,2,0.65,0.7,OPTIMAL,308.16725794705724,308.16725794705724,0.0,0.004701700003352016,True,True,geo_qpg_d,True,314.57654982172147,5.273499991744757,142.0,5072.0,,,,,,N4_ATOMIC,0.02079809489613378
SP1_N4_DISTRIBUTED_FAMILY_v2,E5_DPOP_SMALL,E5_DPOP:N6:K2:separated:cv0.65:p0.7:r6,4005216551,separated,6,2,0.65,0.7,OPTIMAL,165.5630354038342,165.5630354038342,0.0,0.0028421999886631966,True,True,dpop_exact_small,True,165.5630354038342,7.41250001010485,10.0,2944.0,5.0,5.0,363.0,5.0,729.0,EXACT_DISTRIBUTED,0.0
SP1_N4_DISTRIBUTED_FAMILY_v2,E5_DPOP_SMALL,E5_DPOP:N6:K2:separated:cv0.65:p0.7:r6,4005216551,separated,6,2,0.65,0.7,OPTIMAL,165.5630354038342,165.5630354038342,0.0,0.0028421999886631966,True,True,milp_highs,True,165.5630354038342,2.8421999886631966,,,,,,,,CENTRAL_ORACLE,0.0
SP1_N4_DISTRIBUTED_FAMILY_v2,E5_DPOP_SMALL,E5_DPOP:N6:K2:separated:cv0.65:p0.7:r6,4005216551,separated,6,2,0.65,0.7,OPTIMAL,165.5630354038342,165.5630354038342,0.0,0.0028421999886631966,True,True,geo_qpg_u,True,261.900066212148,3.93509998684749,68.0,2368.0,,,,,,N4_ATOMIC,0.5818752390793794
SP1_N4_DISTRIBUTED_FAMILY_v2,E5_DPOP_SMALL,E5_DPOP:N6:K2:separated:cv0.65:p0.7:r6,4005216551,separated,6,2,0.65,0.7,OPTIMAL,165.5630354038342,165.5630354038342,0.0,0.0028421999886631966,True,True,geo_qpg_p,True,165.5630354038342,5.556500022066757,143.0,5312.0,,,,,,N4_ATOMIC,0.0
SP1_N4_DISTRIBUTED_FAMILY_v2,E5_DPOP_SMALL,E5_DPOP:N6:K2:separated:cv0.65:p0.7:r6,4005216551,separated,6,2,0.65,0.7,OPTIMAL,165.5630354038342,165.5630354038342,0.0,0.0028421999886631966,True,True,geo_qpg_c3,True,165.5630354038342,11.742200003936887,275.0,10592.0,,,,,,N4_ATOMIC,0.0
SP1_N4_DISTRIBUTED_FAMILY_v2,E5_DPOP_SMALL,E5_DPOP:N6:K2:separated:cv0.65:p0.7:r6,4005216551,separated,6,2,0.65,0.7,OPTIMAL,165.5630354038342,165.5630354038342,0.0,0.0028421999886631966,True,True,geo_qpg_d,True,165.5630354038342,6.592399993678555,211.0,7724.0,,,,,,N4_ATOMIC,0.0
SP1_N4_DISTRIBUTED_FAMILY_v2,E5_DPOP_SMALL,E5_DPOP:N6:K2:separated:cv0.65:p0.7:r7,109930090,separated,6,2,0.65,0.7,OPTIMAL,276.2744076843779,276.27440768437793,0.0,0.0019589000148698688,True,True,dpop_exact_small,True,276.27440768437793,4.091399983735755,10.0,2944.0,5.0,5.0,363.0,5.0,729.0,EXACT_DISTRIBUTED,2.0574985333331062e-16
SP1_N4_DISTRIBUTED_FAMILY_v2,E5_DPOP_SMALL,E5_DPOP:N6:K2:separated:cv0.65:p0.7:r7,109930090,separated,6,2,0.65,0.7,OPTIMAL,276.2744076843779,276.27440768437793,0.0,0.0019589000148698688,True,True,milp_highs,True,276.2744076843779,1.9589000148698688,,,,,,,,CENTRAL_ORACLE,0.0
SP1_N4_DISTRIBUTED_FAMILY_v2,E5_DPOP_SMALL,E5_DPOP:N6:K2:separated:cv0.65:p0.7:r7,109930090,separated,6,2,0.65,0.7,OPTIMAL,276.2744076843779,276.27440768437793,0.0,0.0019589000148698688,True,True,geo_qpg_u,True,363.447112734631,1.337299996521324,37.0,1304.0,,,,,,N4_ATOMIC,0.31552942518599547
SP1_N4_DISTRIBUTED_FAMILY_v2,E5_DPOP_SMALL,E5_DPOP:N6:K2:separated:cv0.65:p0.7:r7,109930090,separated,6,2,0.65,0.7,OPTIMAL,276.2744076843779,276.27440768437793,0.0,0.0019589000148698688,True,True,geo_qpg_p,True,276.2744076843779,6.024599977536127,163.0,6264.0,,,,,,N4_ATOMIC,0.0
SP1_N4_DISTRIBUTED_FAMILY_v2,E5_DPOP_SMALL,E5_DPOP:N6:K2:separated:cv0.65:p0.7:r7,109930090,separated,6,2,0.65,0.7,OPTIMAL,276.2744076843779,276.27440768437793,0.0,0.0019589000148698688,True,True,geo_qpg_c3,True,276.2744076843779,10.835299995960668,315.0,12344.0,,,,,,N4_ATOMIC,0.0
SP1_N4_DISTRIBUTED_FAMILY_v2,E5_DPOP_SMALL,E5_DPOP:N6:K2:separated:cv0.65:p0.7:r7,109930090,separated,6,2,0.65,0.7,OPTIMAL,276.2744076843779,276.27440768437793,0.0,0.0019589000148698688,True,True,geo_qpg_d,True,276.2744076843779,4.378799989353865,149.0,5320.0,,,,,,N4_ATOMIC,0.0
SP1_N4_DISTRIBUTED_FAMILY_v2,E5_DPOP_SMALL,E5_DPOP:N6:K2:separated:cv0.65:p0.7:r8,1986283562,separated,6,2,0.65,0.7,OPTIMAL,203.7462838683968,203.7462838683968,0.0,0.0014754000003449619,True,True,dpop_exact_small,True,203.7462838683968,3.4288000024389476,10.0,2944.0,5.0,5.0,363.0,5.0,729.0,EXACT_DISTRIBUTED,0.0
SP1_N4_DISTRIBUTED_FAMILY_v2,E5_DPOP_SMALL,E5_DPOP:N6:K2:separated:cv0.65:p0.7:r8,1986283562,separated,6,2,0.65,0.7,OPTIMAL,203.7462838683968,203.7462838683968,0.0,0.0014754000003449619,True,True,milp_highs,True,203.7462838683968,1.4754000003449619,,,,,,,,CENTRAL_ORACLE,0.0
SP1_N4_DISTRIBUTED_FAMILY_v2,E5_DPOP_SMALL,E5_DPOP:N6:K2:separated:cv0.65:p0.7:r8,1986283562,separated,6,2,0.65,0.7,OPTIMAL,203.7462838683968,203.7462838683968,0.0,0.0014754000003449619,True,True,geo_qpg_u,True,254.4437816697057,1.0898000036831945,28.0,976.0,,,,,,N4_ATOMIC,0.2488266133681008
SP1_N4_DISTRIBUTED_FAMILY_v2,E5_DPOP_SMALL,E5_DPOP:N6:K2:separated:cv0.65:p0.7:r8,1986283562,separated,6,2,0.65,0.7,OPTIMAL,203.7462838683968,203.7462838683968,0.0,0.0014754000003449619,True,True,geo_qpg_p,True,239.2013278407175,4.313799989176914,83.0,3168.0,,,,,,N4_ATOMIC,0.17401565957012363
SP1_N4_DISTRIBUTED_FAMILY_v2,E5_DPOP_SMALL,E5_DPOP:N6:K2:separated:cv0.65:p0.7:r8,1986283562,separated,6,2,0.65,0.7,OPTIMAL,203.7462838683968,203.7462838683968,0.0,0.0014754000003449619,True,True,geo_qpg_c3,True,239.2013278407175,8.486000006087124,199.0,7808.0,,,,,,N4_ATOMIC,0.17401565957012363
SP1_N4_DISTRIBUTED_FAMILY_v2,E5_DPOP_SMALL,E5_DPOP:N6:K2:separated:cv0.65:p0.7:r8,1986283562,separated,6,2,0.65,0.7,OPTIMAL,203.7462838683968,203.7462838683968,0.0,0.0014754000003449619,True,True,geo_qpg_d,True,203.7462838683968,5.2029000071343035,136.0,4788.0,,,,,,N4_ATOMIC,0.0
SP1_N4_DISTRIBUTED_FAMILY_v2,E5_DPOP_SMALL,E5_DPOP:N6:K2:separated:cv0.65:p0.7:r9,1639183019,separated,6,2,0.65,0.7,OPTIMAL,247.16568356697962,247.16568356697962,0.0,0.001589599996805191,True,True,dpop_exact_small,True,247.1656835669796,3.480200015474111,10.0,2944.0,5.0,5.0,363.0,5.0,729.0,EXACT_DISTRIBUTED,-1.1499051575540416e-16
SP1_N4_DISTRIBUTED_FAMILY_v2,E5_DPOP_SMALL,E5_DPOP:N6:K2:separated:cv0.65:p0.7:r9,1639183019,separated,6,2,0.65,0.7,OPTIMAL,247.16568356697962,247.16568356697962,0.0,0.001589599996805191,True,True,milp_highs,True,247.16568356697962,1.589599996805191,,,,,,,,CENTRAL_ORACLE,0.0
SP1_N4_DISTRIBUTED_FAMILY_v2,E5_DPOP_SMALL,E5_DPOP:N6:K2:separated:cv0.65:p0.7:r9,1639183019,separated,6,2,0.65,0.7,OPTIMAL,247.16568356697962,247.16568356697962,0.0,0.001589599996805191,True,True,geo_qpg_u,True,247.16568356697962,1.6272999928332865,61.0,2112.0,,,,,,N4_ATOMIC,0.0
SP1_N4_DISTRIBUTED_FAMILY_v2,E5_DPOP_SMALL,E5_DPOP:N6:K2:separated:cv0.65:p0.7:r9,1639183019,separated,6,2,0.65,0.7,OPTIMAL,247.16568356697962,247.16568356697962,0.0,0.001589599996805191,True,True,geo_qpg_p,True,247.16568356697962,4.83150000218302,109.0,4032.0,,,,,,N4_ATOMIC,0.0
SP1_N4_DISTRIBUTED_FAMILY_v2,E5_DPOP_SMALL,E5_DPOP:N6:K2:separated:cv0.65:p0.7:r9,1639183019,separated,6,2,0.65,0.7,OPTIMAL,247.16568356697962,247.16568356697962,0.0,0.001589599996805191,True,True,geo_qpg_c3,True,247.16568356697962,10.319599998183548,269.0,10432.0,,,,,,N4_ATOMIC,0.0
SP1_N4_DISTRIBUTED_FAMILY_v2,E5_DPOP_SMALL,E5_DPOP:N6:K2:separated:cv0.65:p0.7:r9,1639183019,separated,6,2,0.65,0.7,OPTIMAL,247.16568356697962,247.16568356697962,0.0,0.001589599996805191,True,True,geo_qpg_d,True,247.16568356697962,6.649099988862872,161.0,5644.0,,,,,,N4_ATOMIC,0.0
SP1_N4_DISTRIBUTED_FAMILY_v2,E5_DPOP_SMALL,E5_DPOP:N6:K2:separated:cv0.65:p0.85:r0,88358779,separated,6,2,0.65,0.85,OPTIMAL,339.6769762461694,339.6769762461694,0.0,0.0025714999937918037,True,True,dpop_exact_small,True,339.67697624616807,3.663699986645952,10.0,2944.0,5.0,5.0,363.0,5.0,729.0,EXACT_DISTRIBUTED,-3.848946867835669e-15
SP1_N4_DISTRIBUTED_FAMILY_v2,E5_DPOP_SMALL,E5_DPOP:N6:K2:separated:cv0.65:p0.85:r0,88358779,separated,6,2,0.65,0.85,OPTIMAL,339.6769762461694,339.6769762461694,0.0,0.0025714999937918037,True,True,milp_highs,True,339.6769762461694,2.5714999937918037,,,,,,,,CENTRAL_ORACLE,0.0
SP1_N4_DISTRIBUTED_FAMILY_v2,E5_DPOP_SMALL,E5_DPOP:N6:K2:separated:cv0.65:p0.85:r0,88358779,separated,6,2,0.65,0.85,OPTIMAL,339.6769762461694,339.6769762461694,0.0,0.0025714999937918037,True,True,geo_qpg_u,True,424.6597728135552,1.6466999950353056,44.0,1548.0,,,,,,N4_ATOMIC,0.2501870968899506
SP1_N4_DISTRIBUTED_FAMILY_v2,E5_DPOP_SMALL,E5_DPOP:N6:K2:separated:cv0.65:p0.85:r0,88358779,separated,6,2,0.65,0.85,OPTIMAL,339.6769762461694,339.6769762461694,0.0,0.0025714999937918037,True,True,geo_qpg_p,True,424.6597728135552,6.045200017979369,84.0,3148.0,,,,,,N4_ATOMIC,0.2501870968899506
SP1_N4_DISTRIBUTED_FAMILY_v2,E5_DPOP_SMALL,E5_DPOP:N6:K2:separated:cv0.65:p0.85:r0,88358779,separated,6,2,0.65,0.85,OPTIMAL,339.6769762461694,339.6769762461694,0.0,0.0025714999937918037,True,True,geo_qpg_c3,True,339.67697624616807,7.972799998242408,236.0,9220.0,,,,,,N4_ATOMIC,-3.848946867835669e-15
SP1_N4_DISTRIBUTED_FAMILY_v2,E5_DPOP_SMALL,E5_DPOP:N6:K2:separated:cv0.65:p0.85:r0,88358779,separated,6,2,0.65,0.85,OPTIMAL,339.6769762461694,339.6769762461694,0.0,0.0025714999937918037,True,True,geo_qpg_d,True,342.96441494232926,6.681200000457466,239.0,8308.0,,,,,,N4_ATOMIC,0.009678132243433014
SP1_N4_DISTRIBUTED_FAMILY_v2,E5_DPOP_SMALL,E5_DPOP:N6:K2:separated:cv0.65:p0.85:r1,2501333085,separated,6,2,0.65,0.85,OPTIMAL,305.39408866994563,305.39408866994563,0.0,0.0018456999969203025,True,True,dpop_exact_small,True,305.3940886699456,4.465400008484721,10.0,2944.0,5.0,5.0,363.0,5.0,729.0,EXACT_DISTRIBUTED,-1.8613136589635004e-16
SP1_N4_DISTRIBUTED_FAMILY_v2,E5_DPOP_SMALL,E5_DPOP:N6:K2:separated:cv0.65:p0.85:r1,2501333085,separated,6,2,0.65,0.85,OPTIMAL,305.39408866994563,305.39408866994563,0.0,0.0018456999969203025,True,True,milp_highs,True,305.39408866994563,1.8456999969203025,,,,,,,,CENTRAL_ORACLE,0.0
SP1_N4_DISTRIBUTED_FAMILY_v2,E5_DPOP_SMALL,E5_DPOP:N6:K2:separated:cv0.65:p0.85:r1,2501333085,separated,6,2,0.65,0.85,OPTIMAL,305.39408866994563,305.39408866994563,0.0,0.0018456999969203025,True,True,geo_qpg_u,True,429.9557786557092,1.5647000109311193,78.0,2924.0,,,,,,N4_ATOMIC,0.4078719746287673
SP1_N4_DISTRIBUTED_FAMILY_v2,E5_DPOP_SMALL,E5_DPOP:N6:K2:separated:cv0.65:p0.85:r1,2501333085,separated,6,2,0.65,0.85,OPTIMAL,305.39408866994563,305.39408866994563,0.0,0.0018456999969203025,True,True,geo_qpg_p,True,325.73997531844725,3.811999980825931,148.0,5916.0,,,,,,N4_ATOMIC,0.06662174352199206
SP1_N4_DISTRIBUTED_FAMILY_v2,E5_DPOP_SMALL,E5_DPOP:N6:K2:separated:cv0.65:p0.85:r1,2501333085,separated,6,2,0.65,0.85,OPTIMAL,305.39408866994563,305.39408866994563,0.0,0.0018456999969203025,True,True,geo_qpg_c3,True,305.39408866994563,7.696499989833683,322.0,13500.0,,,,,,N4_ATOMIC,0.0
SP1_N4_DISTRIBUTED_FAMILY_v2,E5_DPOP_SMALL,E5_DPOP:N6:K2:separated:cv0.65:p0.85:r1,2501333085,separated,6,2,0.65,0.85,OPTIMAL,305.39408866994563,305.39408866994563,0.0,0.0018456999969203025,True,True,geo_qpg_d,True,305.39408866994563,5.6056999892462045,214.0,7580.0,,,,,,N4_ATOMIC,0.0
SP1_N4_DISTRIBUTED_FAMILY_v2,E5_DPOP_SMALL,E5_DPOP:N6:K2:separated:cv0.65:p0.85:r2,2024375296,separated,6,2,0.65,0.85,OPTIMAL,364.5039024853403,364.5039024853403,0.0,0.0025593000173103064,True,True,dpop_exact_small,True,364.5039024853403,3.4682000114116818,10.0,2944.0,5.0,5.0,363.0,5.0,729.0,EXACT_DISTRIBUTED,0.0
SP1_N4_DISTRIBUTED_FAMILY_v2,E5_DPOP_SMALL,E5_DPOP:N6:K2:separated:cv0.65:p0.85:r2,2024375296,separated,6,2,0.65,0.85,OPTIMAL,364.5039024853403,364.5039024853403,0.0,0.0025593000173103064,True,True,milp_highs,True,364.5039024853403,2.5593000173103064,,,,,,,,CENTRAL_ORACLE,0.0
SP1_N4_DISTRIBUTED_FAMILY_v2,E5_DPOP_SMALL,E5_DPOP:N6:K2:separated:cv0.65:p0.85:r2,2024375296,separated,6,2,0.65,0.85,OPTIMAL,364.5039024853403,364.5039024853403,0.0,0.0025593000173103064,True,True,geo_qpg_u,True,393.6223384992735,1.250800007255748,48.0,1716.0,,,,,,N4_ATOMIC,0.0798851145773516
SP1_N4_DISTRIBUTED_FAMILY_v2,E5_DPOP_SMALL,E5_DPOP:N6:K2:separated:cv0.65:p0.85:r2,2024375296,separated,6,2,0.65,0.85,OPTIMAL,364.5039024853403,364.5039024853403,0.0,0.0025593000173103064,True,True,geo_qpg_p,True,393.6223384992735,3.8889000134076923,88.0,3316.0,,,,,,N4_ATOMIC,0.0798851145773516
SP1_N4_DISTRIBUTED_FAMILY_v2,E5_DPOP_SMALL,E5_DPOP:N6:K2:separated:cv0.65:p0.85:r2,2024375296,separated,6,2,0.65,0.85,OPTIMAL,364.5039024853403,364.5039024853403,0.0,0.0025593000173103064,True,True,geo_qpg_c3,True,364.5039024853403,10.026099975220859,306.0,12100.0,,,,,,N4_ATOMIC,0.0
SP1_N4_DISTRIBUTED_FAMILY_v2,E5_DPOP_SMALL,E5_DPOP:N6:K2:separated:cv0.65:p0.85:r2,2024375296,separated,6,2,0.65,0.85,OPTIMAL,364.5039024853403,364.5039024853403,0.0,0.0025593000173103064,True,True,geo_qpg_d,True,393.6223384992735,4.349399998318404,167.0,5748.0,,,,,,N4_ATOMIC,0.0798851145773516
SP1_N4_DISTRIBUTED_FAMILY_v2,E5_DPOP_SMALL,E5_DPOP:N6:K2:separated:cv0.65:p0.85:r3,3488897478,separated,6,2,0.65,0.85,OPTIMAL,323.9667888961242,323.9667888961243,0.0,0.003277699986938387,True,True,dpop_exact_small,True,323.9667888961243,3.910400002496317,10.0,2944.0,5.0,5.0,363.0,5.0,729.0,EXACT_DISTRIBUTED,1.754606361179637e-16
SP1_N4_DISTRIBUTED_FAMILY_v2,E5_DPOP_SMALL,E5_DPOP:N6:K2:separated:cv0.65:p0.85:r3,3488897478,separated,6,2,0.65,0.85,OPTIMAL,323.9667888961242,323.9667888961243,0.0,0.003277699986938387,True,True,milp_highs,True,323.9667888961242,3.277699986938387,,,,,,,,CENTRAL_ORACLE,0.0
SP1_N4_DISTRIBUTED_FAMILY_v2,E5_DPOP_SMALL,E5_DPOP:N6:K2:separated:cv0.65:p0.85:r3,3488897478,separated,6,2,0.65,0.85,OPTIMAL,323.9667888961242,323.9667888961243,0.0,0.003277699986938387,True,True,geo_qpg_u,False,478.4209136517745,1.6212000045925379,56.0,1988.0,,,,,,N4_ATOMIC,
SP1_N4_DISTRIBUTED_FAMILY_v2,E5_DPOP_SMALL,E5_DPOP:N6:K2:separated:cv0.65:p0.85:r3,3488897478,separated,6,2,0.65,0.85,OPTIMAL,323.9667888961242,323.9667888961243,0.0,0.003277699986938387,True,True,geo_qpg_p,True,323.9667888961243,6.30130001809448,173.0,6552.0,,,,,,N4_ATOMIC,1.754606361179637e-16
SP1_N4_DISTRIBUTED_FAMILY_v2,E5_DPOP_SMALL,E5_DPOP:N6:K2:separated:cv0.65:p0.85:r3,3488897478,separated,6,2,0.65,0.85,OPTIMAL,323.9667888961242,323.9667888961243,0.0,0.003277699986938387,True,True,geo_qpg_c3,True,323.9667888961243,12.24089998868294,333.0,12952.0,,,,,,N4_ATOMIC,1.754606361179637e-16
SP1_N4_DISTRIBUTED_FAMILY_v2,E5_DPOP_SMALL,E5_DPOP:N6:K2:separated:cv0.65:p0.85:r3,3488897478,separated,6,2,0.65,0.85,OPTIMAL,323.9667888961242,323.9667888961243,0.0,0.003277699986938387,True,True,geo_qpg_d,True,379.38788940431664,5.236400000285357,179.0,6308.0,,,,,,N4_ATOMIC,0.17107031463636377
SP1_N4_DISTRIBUTED_FAMILY_v2,E5_DPOP_SMALL,E5_DPOP:N6:K2:separated:cv0.65:p0.85:r4,559385633,separated,6,2,0.65,0.85,OPTIMAL,422.2153149410137,422.2153149410137,0.0,0.0028514000005088747,True,True,dpop_exact_small,True,422.2153149410137,3.6188000231049955,10.0,2944.0,5.0,5.0,363.0,5.0,729.0,EXACT_DISTRIBUTED,0.0
SP1_N4_DISTRIBUTED_FAMILY_v2,E5_DPOP_SMALL,E5_DPOP:N6:K2:separated:cv0.65:p0.85:r4,559385633,separated,6,2,0.65,0.85,OPTIMAL,422.2153149410137,422.2153149410137,0.0,0.0028514000005088747,True,True,milp_highs,True,422.2153149410137,2.8514000005088747,,,,,,,,CENTRAL_ORACLE,0.0
SP1_N4_DISTRIBUTED_FAMILY_v2,E5_DPOP_SMALL,E5_DPOP:N6:K2:separated:cv0.65:p0.85:r4,559385633,separated,6,2,0.65,0.85,OPTIMAL,422.2153149410137,422.2153149410137,0.0,0.0028514000005088747,True,True,geo_qpg_u,True,448.48321430953797,1.5745999990031123,45.0,1540.0,,,,,,N4_ATOMIC,0.06221446366102115
SP1_N4_DISTRIBUTED_FAMILY_v2,E5_DPOP_SMALL,E5_DPOP:N6:K2:separated:cv0.65:p0.85:r4,559385633,separated,6,2,0.65,0.85,OPTIMAL,422.2153149410137,422.2153149410137,0.0,0.0028514000005088747,True,True,geo_qpg_p,True,448.48321430953797,4.955000011250377,93.0,3460.0,,,,,,N4_ATOMIC,0.06221446366102115
SP1_N4_DISTRIBUTED_FAMILY_v2,E5_DPOP_SMALL,E5_DPOP:N6:K2:separated:cv0.65:p0.85:r4,559385633,separated,6,2,0.65,0.85,OPTIMAL,422.2153149410137,422.2153149410137,0.0,0.0028514000005088747,True,True,geo_qpg_c3,True,422.2153149410137,11.243599990848452,252.0,9780.0,,,,,,N4_ATOMIC,0.0
SP1_N4_DISTRIBUTED_FAMILY_v2,E5_DPOP_SMALL,E5_DPOP:N6:K2:separated:cv0.65:p0.85:r4,559385633,separated,6,2,0.65,0.85,OPTIMAL,422.2153149410137,422.2153149410137,0.0,0.0028514000005088747,True,True,geo_qpg_d,True,505.2415664284895,4.809000005479902,167.0,5840.0,,,,,,N4_ATOMIC,0.1966443389176329
SP1_N4_DISTRIBUTED_FAMILY_v2,E5_DPOP_SMALL,E5_DPOP:N6:K2:separated:cv0.65:p0.85:r5,2057357604,separated,6,2,0.65,0.85,OPTIMAL,309.69254741124576,309.69254741124576,0.0,0.0031430000090040267,True,True,dpop_exact_small,True,309.69254741124576,3.4358999982941896,10.0,2944.0,5.0,5.0,363.0,5.0,729.0,EXACT_DISTRIBUTED,0.0
SP1_N4_DISTRIBUTED_FAMILY_v2,E5_DPOP_SMALL,E5_DPOP:N6:K2:separated:cv0.65:p0.85:r5,2057357604,separated,6,2,0.65,0.85,OPTIMAL,309.69254741124576,309.69254741124576,0.0,0.0031430000090040267,True,True,milp_highs,True,309.69254741124576,3.1430000090040267,,,,,,,,CENTRAL_ORACLE,0.0
SP1_N4_DISTRIBUTED_FAMILY_v2,E5_DPOP_SMALL,E5_DPOP:N6:K2:separated:cv0.65:p0.85:r5,2057357604,separated,6,2,0.65,0.85,OPTIMAL,309.69254741124576,309.69254741124576,0.0,0.0031430000090040267,True,True,geo_qpg_u,True,309.69254741124576,1.4131999923847616,51.0,1792.0,,,,,,N4_ATOMIC,0.0
SP1_N4_DISTRIBUTED_FAMILY_v2,E5_DPOP_SMALL,E5_DPOP:N6:K2:separated:cv0.65:p0.85:r5,2057357604,separated,6,2,0.65,0.85,OPTIMAL,309.69254741124576,309.69254741124576,0.0,0.0031430000090040267,True,True,geo_qpg_p,True,309.69254741124576,3.7039000017102808,87.0,3232.0,,,,,,N4_ATOMIC,0.0
SP1_N4_DISTRIBUTED_FAMILY_v2,E5_DPOP_SMALL,E5_DPOP:N6:K2:separated:cv0.65:p0.85:r5,2057357604,separated,6,2,0.65,0.85,OPTIMAL,309.69254741124576,309.69254741124576,0.0,0.0031430000090040267,True,True,geo_qpg_c3,True,309.69254741124576,7.733399979770184,175.0,6752.0,,,,,,N4_ATOMIC,0.0
SP1_N4_DISTRIBUTED_FAMILY_v2,E5_DPOP_SMALL,E5_DPOP:N6:K2:separated:cv0.65:p0.85:r5,2057357604,separated,6,2,0.65,0.85,OPTIMAL,309.69254741124576,309.69254741124576,0.0,0.0031430000090040267,True,True,geo_qpg_d,True,309.69254741124576,4.143400001339614,153.0,5380.0,,,,,,N4_ATOMIC,0.0
SP1_N4_DISTRIBUTED_FAMILY_v2,E5_DPOP_SMALL,E5_DPOP:N6:K2:separated:cv0.65:p0.85:r6,1273275220,separated,6,2,0.65,0.85,OPTIMAL,268.9099330458536,268.9099330458536,0.0,0.0025215999921783805,True,True,dpop_exact_small,True,268.9099330458536,3.4402000019326806,10.0,2944.0,5.0,5.0,363.0,5.0,729.0,EXACT_DISTRIBUTED,0.0
SP1_N4_DISTRIBUTED_FAMILY_v2,E5_DPOP_SMALL,E5_DPOP:N6:K2:separated:cv0.65:p0.85:r6,1273275220,separated,6,2,0.65,0.85,OPTIMAL,268.9099330458536,268.9099330458536,0.0,0.0025215999921783805,True,True,milp_highs,True,268.9099330458536,2.5215999921783805,,,,,,,,CENTRAL_ORACLE,0.0
SP1_N4_DISTRIBUTED_FAMILY_v2,E5_DPOP_SMALL,E5_DPOP:N6:K2:separated:cv0.65:p0.85:r6,1273275220,separated,6,2,0.65,0.85,OPTIMAL,268.9099330458536,268.9099330458536,0.0,0.0025215999921783805,True,True,geo_qpg_u,True,287.05049754196045,1.1549000046215951,35.0,1220.0,,,,,,N4_ATOMIC,0.06745962966348873
SP1_N4_DISTRIBUTED_FAMILY_v2,E5_DPOP_SMALL,E5_DPOP:N6:K2:separated:cv0.65:p0.85:r6,1273275220,separated,6,2,0.65,0.85,OPTIMAL,268.9099330458536,268.9099330458536,0.0,0.0025215999921783805,True,True,geo_qpg_p,True,278.665876823927,6.436800002120435,126.0,4852.0,,,,,,N4_ATOMIC,0.03627959617397194
SP1_N4_DISTRIBUTED_FAMILY_v2,E5_DPOP_SMALL,E5_DPOP:N6:K2:separated:cv0.65:p0.85:r6,1273275220,separated,6,2,0.65,0.85,OPTIMAL,268.9099330458536,268.9099330458536,0.0,0.0025215999921783805,True,True,geo_qpg_c3,True,268.9099330458536,12.338300002738833,378.0,15068.0,,,,,,N4_ATOMIC,0.0
SP1_N4_DISTRIBUTED_FAMILY_v2,E5_DPOP_SMALL,E5_DPOP:N6:K2:separated:cv0.65:p0.85:r6,1273275220,separated,6,2,0.65,0.85,OPTIMAL,268.9099330458536,268.9099330458536,0.0,0.0025215999921783805,True,True,geo_qpg_d,True,268.9099330458536,7.961700001033023,283.0,10608.0,,,,,,N4_ATOMIC,0.0
SP1_N4_DISTRIBUTED_FAMILY_v2,E5_DPOP_SMALL,E5_DPOP:N6:K2:separated:cv0.65:p0.85:r7,747497995,separated,6,2,0.65,0.85,OPTIMAL,376.73801654722945,376.73801654722945,0.0,0.0022689999896101654,True,True,dpop_exact_small,True,376.73801654722945,3.2417999755125493,10.0,2944.0,5.0,5.0,363.0,5.0,729.0,EXACT_DISTRIBUTED,0.0
SP1_N4_DISTRIBUTED_FAMILY_v2,E5_DPOP_SMALL,E5_DPOP:N6:K2:separated:cv0.65:p0.85:r7,747497995,separated,6,2,0.65,0.85,OPTIMAL,376.73801654722945,376.73801654722945,0.0,0.0022689999896101654,True,True,milp_highs,True,376.73801654722945,2.2689999896101654,,,,,,,,CENTRAL_ORACLE,0.0
SP1_N4_DISTRIBUTED_FAMILY_v2,E5_DPOP_SMALL,E5_DPOP:N6:K2:separated:cv0.65:p0.85:r7,747497995,separated,6,2,0.65,0.85,OPTIMAL,376.73801654722945,376.73801654722945,0.0,0.0022689999896101654,True,True,geo_qpg_u,True,391.2987066830144,1.7179000133182853,67.0,2388.0,,,,,,N4_ATOMIC,0.03864937833784974
SP1_N4_DISTRIBUTED_FAMILY_v2,E5_DPOP_SMALL,E5_DPOP:N6:K2:separated:cv0.65:p0.85:r7,747497995,separated,6,2,0.65,0.85,OPTIMAL,376.73801654722945,376.73801654722945,0.0,0.0022689999896101654,True,True,geo_qpg_p,True,376.7380165472294,5.328200000803918,128.0,4852.0,,,,,,N4_ATOMIC,-1.5088315052930659e-16
SP1_N4_DISTRIBUTED_FAMILY_v2,E5_DPOP_SMALL,E5_DPOP:N6:K2:separated:cv0.65:p0.85:r7,747497995,separated,6,2,0.65,0.85,OPTIMAL,376.73801654722945,376.73801654722945,0.0,0.0022689999896101654,True,True,geo_qpg_c3,True,376.7380165472294,12.785799975972623,280.0,10932.0,,,,,,N4_ATOMIC,-1.5088315052930659e-16
SP1_N4_DISTRIBUTED_FAMILY_v2,E5_DPOP_SMALL,E5_DPOP:N6:K2:separated:cv0.65:p0.85:r7,747497995,separated,6,2,0.65,0.85,OPTIMAL,376.73801654722945,376.73801654722945,0.0,0.0022689999896101654,True,True,geo_qpg_d,True,376.7380165472294,4.979900026228279,154.0,5480.0,,,,,,N4_ATOMIC,-1.5088315052930659e-16
SP1_N4_DISTRIBUTED_FAMILY_v2,E5_DPOP_SMALL,E5_DPOP:N6:K2:separated:cv0.65:p0.85:r8,4089235159,separated,6,2,0.65,0.85,OPTIMAL,401.5482121912971,401.5482121912972,0.0,0.002258699998492375,True,True,dpop_exact_small,True,401.5482121912971,4.0298999811057,10.0,2944.0,5.0,5.0,363.0,5.0,729.0,EXACT_DISTRIBUTED,0.0
SP1_N4_DISTRIBUTED_FAMILY_v2,E5_DPOP_SMALL,E5_DPOP:N6:K2:separated:cv0.65:p0.85:r8,4089235159,separated,6,2,0.65,0.85,OPTIMAL,401.5482121912971,401.5482121912972,0.0,0.002258699998492375,True,True,milp_highs,True,401.5482121912971,2.258699998492375,,,,,,,,CENTRAL_ORACLE,0.0
SP1_N4_DISTRIBUTED_FAMILY_v2,E5_DPOP_SMALL,E5_DPOP:N6:K2:separated:cv0.65:p0.85:r8,4089235159,separated,6,2,0.65,0.85,OPTIMAL,401.5482121912971,401.5482121912972,0.0,0.002258699998492375,True,True,geo_qpg_u,True,421.2336817187477,2.9205000028014183,63.0,2220.0,,,,,,N4_ATOMIC,0.049023925221891945
SP1_N4_DISTRIBUTED_FAMILY_v2,E5_DPOP_SMALL,E5_DPOP:N6:K2:separated:cv0.65:p0.85:r8,4089235159,separated,6,2,0.65,0.85,OPTIMAL,401.5482121912971,401.5482121912972,0.0,0.002258699998492375,True,True,geo_qpg_p,True,401.5482121912971,4.895099991699681,134.0,4984.0,,,,,,N4_ATOMIC,0.0
SP1_N4_DISTRIBUTED_FAMILY_v2,E5_DPOP_SMALL,E5_DPOP:N6:K2:separated:cv0.65:p0.85:r8,4089235159,separated,6,2,0.65,0.85,OPTIMAL,401.5482121912971,401.5482121912972,0.0,0.002258699998492375,True,True,geo_qpg_c3,True,401.5482121912971,9.406900004250929,262.0,10104.0,,,,,,N4_ATOMIC,0.0
SP1_N4_DISTRIBUTED_FAMILY_v2,E5_DPOP_SMALL,E5_DPOP:N6:K2:separated:cv0.65:p0.85:r8,4089235159,separated,6,2,0.65,0.85,OPTIMAL,401.5482121912971,401.5482121912972,0.0,0.002258699998492375,True,True,geo_qpg_d,True,491.326015686648,6.855900021037087,247.0,8724.0,,,,,,N4_ATOMIC,0.22357913886709288
SP1_N4_DISTRIBUTED_FAMILY_v2,E5_DPOP_SMALL,E5_DPOP:N6:K2:separated:cv0.65:p0.85:r9,1786467118,separated,6,2,0.65,0.85,OPTIMAL,366.73046515739975,366.73046515739975,0.0,0.00234979999368079,True,True,dpop_exact_small,True,366.73046515739975,3.871599998092279,10.0,2944.0,5.0,5.0,363.0,5.0,729.0,EXACT_DISTRIBUTED,0.0
SP1_N4_DISTRIBUTED_FAMILY_v2,E5_DPOP_SMALL,E5_DPOP:N6:K2:separated:cv0.65:p0.85:r9,1786467118,separated,6,2,0.65,0.85,OPTIMAL,366.73046515739975,366.73046515739975,0.0,0.00234979999368079,True,True,milp_highs,True,366.73046515739975,2.34979999368079,,,,,,,,CENTRAL_ORACLE,0.0
SP1_N4_DISTRIBUTED_FAMILY_v2,E5_DPOP_SMALL,E5_DPOP:N6:K2:separated:cv0.65:p0.85:r9,1786467118,separated,6,2,0.65,0.85,OPTIMAL,366.73046515739975,366.73046515739975,0.0,0.00234979999368079,True,True,geo_qpg_u,True,394.82170150660545,1.2495999981183559,37.0,1304.0,,,,,,N4_ATOMIC,0.0765991348363955
SP1_N4_DISTRIBUTED_FAMILY_v2,E5_DPOP_SMALL,E5_DPOP:N6:K2:separated:cv0.65:p0.85:r9,1786467118,separated,6,2,0.65,0.85,OPTIMAL,366.73046515739975,366.73046515739975,0.0,0.00234979999368079,True,True,geo_qpg_p,True,391.85904065006906,4.70409999252297,92.0,3496.0,,,,,,N4_ATOMIC,0.06852055632161401
SP1_N4_DISTRIBUTED_FAMILY_v2,E5_DPOP_SMALL,E5_DPOP:N6:K2:separated:cv0.65:p0.85:r9,1786467118,separated,6,2,0.65,0.85,OPTIMAL,366.73046515739975,366.73046515739975,0.0,0.00234979999368079,True,True,geo_qpg_c3,True,366.73046515739975,9.259700018446892,256.0,10120.0,,,,,,N4_ATOMIC,0.0
SP1_N4_DISTRIBUTED_FAMILY_v2,E5_DPOP_SMALL,E5_DPOP:N6:K2:separated:cv0.65:p0.85:r9,1786467118,separated,6,2,0.65,0.85,OPTIMAL,366.73046515739975,366.73046515739975,0.0,0.00234979999368079,True,True,geo_qpg_d,True,473.850368703156,4.442400007974356,154.0,5352.0,,,,,,N4_ATOMIC,0.29209436827066076
SP1_N4_DISTRIBUTED_FAMILY_v2,E5_DPOP_SMALL,E5_DPOP:N6:K2:ring:cv0.35:p0.7:r0,1397448546,ring,6,2,0.35,0.7,OPTIMAL,144.15709256946107,144.15709256946107,0.0,0.001660000008996576,True,True,dpop_exact_small,True,144.15709256946107,3.787299996474758,10.0,2944.0,5.0,5.0,363.0,5.0,729.0,EXACT_DISTRIBUTED,0.0
SP1_N4_DISTRIBUTED_FAMILY_v2,E5_DPOP_SMALL,E5_DPOP:N6:K2:ring:cv0.35:p0.7:r0,1397448546,ring,6,2,0.35,0.7,OPTIMAL,144.15709256946107,144.15709256946107,0.0,0.001660000008996576,True,True,milp_highs,True,144.15709256946107,1.660000008996576,,,,,,,,CENTRAL_ORACLE,0.0
SP1_N4_DISTRIBUTED_FAMILY_v2,E5_DPOP_SMALL,E5_DPOP:N6:K2:ring:cv0.35:p0.7:r0,1397448546,ring,6,2,0.35,0.7,OPTIMAL,144.15709256946107,144.15709256946107,0.0,0.001660000008996576,True,True,geo_qpg_u,True,158.71490689018685,1.1865999840665609,28.0,976.0,,,,,,N4_ATOMIC,0.1009857653289671
SP1_N4_DISTRIBUTED_FAMILY_v2,E5_DPOP_SMALL,E5_DPOP:N6:K2:ring:cv0.35:p0.7:r0,1397448546,ring,6,2,0.35,0.7,OPTIMAL,144.15709256946107,144.15709256946107,0.0,0.001660000008996576,True,True,geo_qpg_p,True,144.15709256946107,6.14280000445433,114.0,4400.0,,,,,,N4_ATOMIC,0.0
SP1_N4_DISTRIBUTED_FAMILY_v2,E5_DPOP_SMALL,E5_DPOP:N6:K2:ring:cv0.35:p0.7:r0,1397448546,ring,6,2,0.35,0.7,OPTIMAL,144.15709256946107,144.15709256946107,0.0,0.001660000008996576,True,True,geo_qpg_c3,True,144.15709256946107,10.738799988757819,274.0,10800.0,,,,,,N4_ATOMIC,0.0
SP1_N4_DISTRIBUTED_FAMILY_v2,E5_DPOP_SMALL,E5_DPOP:N6:K2:ring:cv0.35:p0.7:r0,1397448546,ring,6,2,0.35,0.7,OPTIMAL,144.15709256946107,144.15709256946107,0.0,0.001660000008996576,True,True,geo_qpg_d,True,176.6590246413336,7.398000016110018,223.0,8032.0,,,,,,N4_ATOMIC,0.2254619005735822
SP1_N4_DISTRIBUTED_FAMILY_v2,E5_DPOP_SMALL,E5_DPOP:N6:K2:ring:cv0.35:p0.7:r1,397194119,ring,6,2,0.35,0.7,OPTIMAL,90.09237188703827,90.09237188703827,0.0,0.001285900012589991,True,True,dpop_exact_small,True,90.09237188703827,3.4005999914370477,10.0,2944.0,5.0,5.0,363.0,5.0,729.0,EXACT_DISTRIBUTED,0.0
SP1_N4_DISTRIBUTED_FAMILY_v2,E5_DPOP_SMALL,E5_DPOP:N6:K2:ring:cv0.35:p0.7:r1,397194119,ring,6,2,0.35,0.7,OPTIMAL,90.09237188703827,90.09237188703827,0.0,0.001285900012589991,True,True,milp_highs,True,90.09237188703827,1.285900012589991,,,,,,,,CENTRAL_ORACLE,0.0
SP1_N4_DISTRIBUTED_FAMILY_v2,E5_DPOP_SMALL,E5_DPOP:N6:K2:ring:cv0.35:p0.7:r1,397194119,ring,6,2,0.35,0.7,OPTIMAL,90.09237188703827,90.09237188703827,0.0,0.001285900012589991,True,True,geo_qpg_u,True,192.8188269570255,1.2886000040452927,40.0,1380.0,,,,,,N4_ATOMIC,1.1402347714719967
SP1_N4_DISTRIBUTED_FAMILY_v2,E5_DPOP_SMALL,E5_DPOP:N6:K2:ring:cv0.35:p0.7:r1,397194119,ring,6,2,0.35,0.7,OPTIMAL,90.09237188703827,90.09237188703827,0.0,0.001285900012589991,True,True,geo_qpg_p,True,151.2320095790325,5.291300010867417,111.0,4212.0,,,,,,N4_ATOMIC,0.6786327900063922
SP1_N4_DISTRIBUTED_FAMILY_v2,E5_DPOP_SMALL,E5_DPOP:N6:K2:ring:cv0.35:p0.7:r1,397194119,ring,6,2,0.35,0.7,OPTIMAL,90.09237188703827,90.09237188703827,0.0,0.001285900012589991,True,True,geo_qpg_c3,True,90.09237188703827,13.708300015423447,379.0,14904.0,,,,,,N4_ATOMIC,0.0
SP1_N4_DISTRIBUTED_FAMILY_v2,E5_DPOP_SMALL,E5_DPOP:N6:K2:ring:cv0.35:p0.7:r1,397194119,ring,6,2,0.35,0.7,OPTIMAL,90.09237188703827,90.09237188703827,0.0,0.001285900012589991,True,True,geo_qpg_d,True,163.8852261349221,5.760600004578009,146.0,5276.0,,,,,,N4_ATOMIC,0.819079936539006
SP1_N4_DISTRIBUTED_FAMILY_v2,E5_DPOP_SMALL,E5_DPOP:N6:K2:ring:cv0.35:p0.7:r2,3712448886,ring,6,2,0.35,0.7,OPTIMAL,178.07351627867476,178.07351627867473,0.0,0.0020546999876387417,True,True,dpop_exact_small,True,178.07351627867473,4.566700023133308,10.0,2944.0,5.0,5.0,363.0,5.0,729.0,EXACT_DISTRIBUTED,-1.596066053187026e-16
SP1_N4_DISTRIBUTED_FAMILY_v2,E5_DPOP_SMALL,E5_DPOP:N6:K2:ring:cv0.35:p0.7:r2,3712448886,ring,6,2,0.35,0.7,OPTIMAL,178.07351627867476,178.07351627867473,0.0,0.0020546999876387417,True,True,milp_highs,True,178.07351627867476,2.0546999876387417,,,,,,,,CENTRAL_ORACLE,0.0
SP1_N4_DISTRIBUTED_FAMILY_v2,E5_DPOP_SMALL,E5_DPOP:N6:K2:ring:cv0.35:p0.7:r2,3712448886,ring,6,2,0.35,0.7,OPTIMAL,178.07351627867476,178.07351627867473,0.0,0.0020546999876387417,True,True,geo_qpg_u,True,223.43876849702096,1.2035999970976263,33.0,1136.0,,,,,,N4_ATOMIC,0.2547557501327272
SP1_N4_DISTRIBUTED_FAMILY_v2,E5_DPOP_SMALL,E5_DPOP:N6:K2:ring:cv0.35:p0.7:r2,3712448886,ring,6,2,0.35,0.7,OPTIMAL,178.07351627867476,178.07351627867473,0.0,0.0020546999876387417,True,True,geo_qpg_p,True,200.99199901298917,8.750900015002117,188.0,7244.0,,,,,,N4_ATOMIC,0.12870236525485523
SP1_N4_DISTRIBUTED_FAMILY_v2,E5_DPOP_SMALL,E5_DPOP:N6:K2:ring:cv0.35:p0.7:r2,3712448886,ring,6,2,0.35,0.7,OPTIMAL,178.07351627867476,178.07351627867473,0.0,0.0020546999876387417,True,True,geo_qpg_c3,True,178.07351627867476,15.322000021114945,368.0,14436.0,,,,,,N4_ATOMIC,0.0
SP1_N4_DISTRIBUTED_FAMILY_v2,E5_DPOP_SMALL,E5_DPOP:N6:K2:ring:cv0.35:p0.7:r2,3712448886,ring,6,2,0.35,0.7,OPTIMAL,178.07351627867476,178.07351627867473,0.0,0.0020546999876387417,True,True,geo_qpg_d,True,200.99199901298917,7.451600016793236,203.0,7472.0,,,,,,N4_ATOMIC,0.12870236525485523
SP1_N4_DISTRIBUTED_FAMILY_v2,E5_DPOP_SMALL,E5_DPOP:N6:K2:ring:cv0.35:p0.7:r3,1932140276,ring,6,2,0.35,0.7,OPTIMAL,121.03203975411941,121.03203975411941,0.0,0.0019874999998137355,True,True,dpop_exact_small,True,121.03203975411941,4.035299993120134,10.0,2944.0,5.0,5.0,363.0,5.0,729.0,EXACT_DISTRIBUTED,0.0
SP1_N4_DISTRIBUTED_FAMILY_v2,E5_DPOP_SMALL,E5_DPOP:N6:K2:ring:cv0.35:p0.7:r3,1932140276,ring,6,2,0.35,0.7,OPTIMAL,121.03203975411941,121.03203975411941,0.0,0.0019874999998137355,True,True,milp_highs,True,121.03203975411941,1.9874999998137355,,,,,,,,CENTRAL_ORACLE,0.0
SP1_N4_DISTRIBUTED_FAMILY_v2,E5_DPOP_SMALL,E5_DPOP:N6:K2:ring:cv0.35:p0.7:r3,1932140276,ring,6,2,0.35,0.7,OPTIMAL,121.03203975411941,121.03203975411941,0.0,0.0019874999998137355,True,True,geo_qpg_u,True,161.4317366455535,2.6381000061519444,54.0,1868.0,,,,,,N4_ATOMIC,0.33379340688223896
SP1_N4_DISTRIBUTED_FAMILY_v2,E5_DPOP_SMALL,E5_DPOP:N6:K2:ring:cv0.35:p0.7:r3,1932140276,ring,6,2,0.35,0.7,OPTIMAL,121.03203975411941,121.03203975411941,0.0,0.0019874999998137355,True,True,geo_qpg_p,True,153.23280002213687,6.0193000244908035,125.0,4700.0,,,,,,N4_ATOMIC,0.26605153753860855
SP1_N4_DISTRIBUTED_FAMILY_v2,E5_DPOP_SMALL,E5_DPOP:N6:K2:ring:cv0.35:p0.7:r3,1932140276,ring,6,2,0.35,0.7,OPTIMAL,121.03203975411941,121.03203975411941,0.0,0.0019874999998137355,True,True,geo_qpg_c3,True,121.03203975411941,14.830700005404651,417.0,16360.0,,,,,,N4_ATOMIC,0.0
SP1_N4_DISTRIBUTED_FAMILY_v2,E5_DPOP_SMALL,E5_DPOP:N6:K2:ring:cv0.35:p0.7:r3,1932140276,ring,6,2,0.35,0.7,OPTIMAL,121.03203975411941,121.03203975411941,0.0,0.0019874999998137355,True,True,geo_qpg_d,True,121.03203975411941,5.616900016320869,136.0,4964.0,,,,,,N4_ATOMIC,0.0
SP1_N4_DISTRIBUTED_FAMILY_v2,E5_DPOP_SMALL,E5_DPOP:N6:K2:ring:cv0.35:p0.7:r4,1735891101,ring,6,2,0.35,0.7,OPTIMAL,172.2764383089652,172.27643830896517,0.0,0.005355900007998571,True,True,dpop_exact_small,True,172.2764383089652,3.727000002982095,10.0,2944.0,5.0,5.0,363.0,5.0,729.0,EXACT_DISTRIBUTED,0.0
SP1_N4_DISTRIBUTED_FAMILY_v2,E5_DPOP_SMALL,E5_DPOP:N6:K2:ring:cv0.35:p0.7:r4,1735891101,ring,6,2,0.35,0.7,OPTIMAL,172.2764383089652,172.27643830896517,0.0,0.005355900007998571,True,True,milp_highs,True,172.2764383089652,5.355900007998571,,,,,,,,CENTRAL_ORACLE,0.0
SP1_N4_DISTRIBUTED_FAMILY_v2,E5_DPOP_SMALL,E5_DPOP:N6:K2:ring:cv0.35:p0.7:r4,1735891101,ring,6,2,0.35,0.7,OPTIMAL,172.2764383089652,172.27643830896517,0.0,0.005355900007998571,True,True,geo_qpg_u,True,210.86085178772004,1.3946999970357865,49.0,1708.0,,,,,,N4_ATOMIC,0.22396802405188174
SP1_N4_DISTRIBUTED_FAMILY_v2,E5_DPOP_SMALL,E5_DPOP:N6:K2:ring:cv0.35:p0.7:r4,1735891101,ring,6,2,0.35,0.7,OPTIMAL,172.2764383089652,172.27643830896517,0.0,0.005355900007998571,True,True,geo_qpg_p,True,193.12557102050957,5.256100004771724,132.0,4984.0,,,,,,N4_ATOMIC,0.12102138235614655
SP1_N4_DISTRIBUTED_FAMILY_v2,E5_DPOP_SMALL,E5_DPOP:N6:K2:ring:cv0.35:p0.7:r4,1735891101,ring,6,2,0.35,0.7,OPTIMAL,172.2764383089652,172.27643830896517,0.0,0.005355900007998571,True,True,geo_qpg_c3,True,172.2764383089652,11.551000003237277,344.0,13456.0,,,,,,N4_ATOMIC,0.0
SP1_N4_DISTRIBUTED_FAMILY_v2,E5_DPOP_SMALL,E5_DPOP:N6:K2:ring:cv0.35:p0.7:r4,1735891101,ring,6,2,0.35,0.7,OPTIMAL,172.2764383089652,172.27643830896517,0.0,0.005355900007998571,True,True,geo_qpg_d,True,193.12557102050957,5.434099992271513,157.0,5668.0,,,,,,N4_ATOMIC,0.12102138235614655
SP1_N4_DISTRIBUTED_FAMILY_v2,E5_DPOP_SMALL,E5_DPOP:N6:K2:ring:cv0.35:p0.7:r5,3374073699,ring,6,2,0.35,0.7,OPTIMAL,182.0838759693703,182.0838759693703,0.0,0.0017398000054527074,True,True,dpop_exact_small,True,182.0838759693703,3.5897000052500516,10.0,2944.0,5.0,5.0,363.0,5.0,729.0,EXACT_DISTRIBUTED,0.0
SP1_N4_DISTRIBUTED_FAMILY_v2,E5_DPOP_SMALL,E5_DPOP:N6:K2:ring:cv0.35:p0.7:r5,3374073699,ring,6,2,0.35,0.7,OPTIMAL,182.0838759693703,182.0838759693703,0.0,0.0017398000054527074,True,True,milp_highs,True,182.0838759693703,1.7398000054527074,,,,,,,,CENTRAL_ORACLE,0.0
SP1_N4_DISTRIBUTED_FAMILY_v2,E5_DPOP_SMALL,E5_DPOP:N6:K2:ring:cv0.35:p0.7:r5,3374073699,ring,6,2,0.35,0.7,OPTIMAL,182.0838759693703,182.0838759693703,0.0,0.0017398000054527074,True,True,geo_qpg_u,True,188.51560239106306,1.3803000038024038,45.0,1540.0,,,,,,N4_ATOMIC,0.03532287736875003
SP1_N4_DISTRIBUTED_FAMILY_v2,E5_DPOP_SMALL,E5_DPOP:N6:K2:ring:cv0.35:p0.7:r5,3374073699,ring,6,2,0.35,0.7,OPTIMAL,182.0838759693703,182.0838759693703,0.0,0.0017398000054527074,True,True,geo_qpg_p,True,182.0838759693703,7.002800004556775,172.0,6576.0,,,,,,N4_ATOMIC,0.0
SP1_N4_DISTRIBUTED_FAMILY_v2,E5_DPOP_SMALL,E5_DPOP:N6:K2:ring:cv0.35:p0.7:r5,3374073699,ring,6,2,0.35,0.7,OPTIMAL,182.0838759693703,182.0838759693703,0.0,0.0017398000054527074,True,True,geo_qpg_c3,True,182.0838759693703,12.361200002487749,332.0,12976.0,,,,,,N4_ATOMIC,0.0
SP1_N4_DISTRIBUTED_FAMILY_v2,E5_DPOP_SMALL,E5_DPOP:N6:K2:ring:cv0.35:p0.7:r5,3374073699,ring,6,2,0.35,0.7,OPTIMAL,182.0838759693703,182.0838759693703,0.0,0.0017398000054527074,True,True,geo_qpg_d,True,182.0838759693703,5.356399982701987,157.0,5668.0,,,,,,N4_ATOMIC,0.0
SP1_N4_DISTRIBUTED_FAMILY_v2,E5_DPOP_SMALL,E5_DPOP:N6:K2:ring:cv0.35:p0.7:r6,3533969974,ring,6,2,0.35,0.7,OPTIMAL,188.34200207379268,188.3420020737927,0.0,0.0020386000105645508,True,True,dpop_exact_small,True,188.3420020737927,3.386199998203665,10.0,2944.0,5.0,5.0,363.0,5.0,729.0,EXACT_DISTRIBUTED,1.5090478553619886e-16
SP1_N4_DISTRIBUTED_FAMILY_v2,E5_DPOP_SMALL,E5_DPOP:N6:K2:ring:cv0.35:p0.7:r6,3533969974,ring,6,2,0.35,0.7,OPTIMAL,188.34200207379268,188.3420020737927,0.0,0.0020386000105645508,True,True,milp_highs,True,188.34200207379268,2.0386000105645508,,,,,,,,CENTRAL_ORACLE,0.0
SP1_N4_DISTRIBUTED_FAMILY_v2,E5_DPOP_SMALL,E5_DPOP:N6:K2:ring:cv0.35:p0.7:r6,3533969974,ring,6,2,0.35,0.7,OPTIMAL,188.34200207379268,188.3420020737927,0.0,0.0020386000105645508,True,True,geo_qpg_u,True,223.2437478253396,1.1507000017445534,37.0,1304.0,,,,,,N4_ATOMIC,0.18531047438835418
SP1_N4_DISTRIBUTED_FAMILY_v2,E5_DPOP_SMALL,E5_DPOP:N6:K2:ring:cv0.35:p0.7:r6,3533969974,ring,6,2,0.35,0.7,OPTIMAL,188.34200207379268,188.3420020737927,0.0,0.0020386000105645508,True,True,geo_qpg_p,True,188.34200207379268,4.876799997873604,121.0,4724.0,,,,,,N4_ATOMIC,0.0
SP1_N4_DISTRIBUTED_FAMILY_v2,E5_DPOP_SMALL,E5_DPOP:N6:K2:ring:cv0.35:p0.7:r6,3533969974,ring,6,2,0.35,0.7,OPTIMAL,188.34200207379268,188.3420020737927,0.0,0.0020386000105645508,True,True,geo_qpg_c3,True,188.34200207379268,10.241999989375472,289.0,11444.0,,,,,,N4_ATOMIC,0.0
SP1_N4_DISTRIBUTED_FAMILY_v2,E5_DPOP_SMALL,E5_DPOP:N6:K2:ring:cv0.35:p0.7:r6,3533969974,ring,6,2,0.35,0.7,OPTIMAL,188.34200207379268,188.3420020737927,0.0,0.0020386000105645508,True,True,geo_qpg_d,True,188.34200207379268,4.63750000926666,161.0,5712.0,,,,,,N4_ATOMIC,0.0
SP1_N4_DISTRIBUTED_FAMILY_v2,E5_DPOP_SMALL,E5_DPOP:N6:K2:ring:cv0.35:p0.7:r7,1113286848,ring,6,2,0.35,0.7,OPTIMAL,149.63374979613724,149.63374979613724,0.0,0.0018878999981097877,True,True,dpop_exact_small,True,149.63374979613724,6.047000002581626,10.0,2944.0,5.0,5.0,363.0,5.0,729.0,EXACT_DISTRIBUTED,0.0
SP1_N4_DISTRIBUTED_FAMILY_v2,E5_DPOP_SMALL,E5_DPOP:N6:K2:ring:cv0.35:p0.7:r7,1113286848,ring,6,2,0.35,0.7,OPTIMAL,149.63374979613724,149.63374979613724,0.0,0.0018878999981097877,True,True,milp_highs,True,149.63374979613724,1.8878999981097877,,,,,,,,CENTRAL_ORACLE,0.0
SP1_N4_DISTRIBUTED_FAMILY_v2,E5_DPOP_SMALL,E5_DPOP:N6:K2:ring:cv0.35:p0.7:r7,1113286848,ring,6,2,0.35,0.7,OPTIMAL,149.63374979613724,149.63374979613724,0.0,0.0018878999981097877,True,True,geo_qpg_u,True,171.9701838176896,1.3352000096347183,42.0,1464.0,,,,,,N4_ATOMIC,0.14927403778882617
SP1_N4_DISTRIBUTED_FAMILY_v2,E5_DPOP_SMALL,E5_DPOP:N6:K2:ring:cv0.35:p0.7:r7,1113286848,ring,6,2,0.35,0.7,OPTIMAL,149.63374979613724,149.63374979613724,0.0,0.0018878999981097877,True,True,geo_qpg_p,True,159.58911239581198,4.94259997503832,111.0,4216.0,,,,,,N4_ATOMIC,0.06653153191200545
SP1_N4_DISTRIBUTED_FAMILY_v2,E5_DPOP_SMALL,E5_DPOP:N6:K2:ring:cv0.35:p0.7:r7,1113286848,ring,6,2,0.35,0.7,OPTIMAL,149.63374979613724,149.63374979613724,0.0,0.0018878999981097877,True,True,geo_qpg_c3,True,149.63374979613724,12.583999981870875,309.0,12200.0,,,,,,N4_ATOMIC,0.0
SP1_N4_DISTRIBUTED_FAMILY_v2,E5_DPOP_SMALL,E5_DPOP:N6:K2:ring:cv0.35:p0.7:r7,1113286848,ring,6,2,0.35,0.7,OPTIMAL,149.63374979613724,149.63374979613724,0.0,0.0018878999981097877,True,True,geo_qpg_d,True,149.63374979613724,6.246200005989522,160.0,5736.0,,,,,,N4_ATOMIC,0.0
SP1_N4_DISTRIBUTED_FAMILY_v2,E5_DPOP_SMALL,E5_DPOP:N6:K2:ring:cv0.35:p0.7:r8,2431079657,ring,6,2,0.35,0.7,OPTIMAL,182.4666523436875,182.4666523436875,0.0,0.0019722999713849276,True,True,dpop_exact_small,True,182.4666523436875,3.8309000083245337,10.0,2944.0,5.0,5.0,363.0,5.0,729.0,EXACT_DISTRIBUTED,0.0
SP1_N4_DISTRIBUTED_FAMILY_v2,E5_DPOP_SMALL,E5_DPOP:N6:K2:ring:cv0.35:p0.7:r8,2431079657,ring,6,2,0.35,0.7,OPTIMAL,182.4666523436875,182.4666523436875,0.0,0.0019722999713849276,True,True,milp_highs,True,182.4666523436875,1.9722999713849276,,,,,,,,CENTRAL_ORACLE,0.0
SP1_N4_DISTRIBUTED_FAMILY_v2,E5_DPOP_SMALL,E5_DPOP:N6:K2:ring:cv0.35:p0.7:r8,2431079657,ring,6,2,0.35,0.7,OPTIMAL,182.4666523436875,182.4666523436875,0.0,0.0019722999713849276,True,True,geo_qpg_u,True,241.98568145861339,1.3115000037942082,31.0,1052.0,,,,,,N4_ATOMIC,0.32619127029753364
SP1_N4_DISTRIBUTED_FAMILY_v2,E5_DPOP_SMALL,E5_DPOP:N6:K2:ring:cv0.35:p0.7:r8,2431079657,ring,6,2,0.35,0.7,OPTIMAL,182.4666523436875,182.4666523436875,0.0,0.0019722999713849276,True,True,geo_qpg_p,True,182.4666523436875,5.964500014670193,124.0,4740.0,,,,,,N4_ATOMIC,0.0
SP1_N4_DISTRIBUTED_FAMILY_v2,E5_DPOP_SMALL,E5_DPOP:N6:K2:ring:cv0.35:p0.7:r8,2431079657,ring,6,2,0.35,0.7,OPTIMAL,182.4666523436875,182.4666523436875,0.0,0.0019722999713849276,True,True,geo_qpg_c3,True,182.4666523436875,11.75060000969097,276.0,10820.0,,,,,,N4_ATOMIC,0.0
SP1_N4_DISTRIBUTED_FAMILY_v2,E5_DPOP_SMALL,E5_DPOP:N6:K2:ring:cv0.35:p0.7:r8,2431079657,ring,6,2,0.35,0.7,OPTIMAL,182.4666523436875,182.4666523436875,0.0,0.0019722999713849276,True,True,geo_qpg_d,True,182.4666523436875,4.923500004224479,153.0,5400.0,,,,,,N4_ATOMIC,0.0
SP1_N4_DISTRIBUTED_FAMILY_v2,E5_DPOP_SMALL,E5_DPOP:N6:K2:ring:cv0.35:p0.7:r9,2405454625,ring,6,2,0.35,0.7,OPTIMAL,163.61981333951957,163.61981333951957,0.0,0.0015497999847866595,True,True,dpop_exact_small,True,163.61981333951957,3.789700014749542,10.0,2944.0,5.0,5.0,363.0,5.0,729.0,EXACT_DISTRIBUTED,0.0
SP1_N4_DISTRIBUTED_FAMILY_v2,E5_DPOP_SMALL,E5_DPOP:N6:K2:ring:cv0.35:p0.7:r9,2405454625,ring,6,2,0.35,0.7,OPTIMAL,163.61981333951957,163.61981333951957,0.0,0.0015497999847866595,True,True,milp_highs,True,163.61981333951957,1.5497999847866595,,,,,,,,CENTRAL_ORACLE,0.0
SP1_N4_DISTRIBUTED_FAMILY_v2,E5_DPOP_SMALL,E5_DPOP:N6:K2:ring:cv0.35:p0.7:r9,2405454625,ring,6,2,0.35,0.7,OPTIMAL,163.61981333951957,163.61981333951957,0.0,0.0015497999847866595,True,True,geo_qpg_u,True,214.79606315456374,1.2246000114828348,33.0,1136.0,,,,,,N4_ATOMIC,0.31277538319183146
SP1_N4_DISTRIBUTED_FAMILY_v2,E5_DPOP_SMALL,E5_DPOP:N6:K2:ring:cv0.35:p0.7:r9,2405454625,ring,6,2,0.35,0.7,OPTIMAL,163.61981333951957,163.61981333951957,0.0,0.0015497999847866595,True,True,geo_qpg_p,True,172.43528295417855,6.394500000169501,146.0,5620.0,,,,,,N4_ATOMIC,0.053877763546682604
SP1_N4_DISTRIBUTED_FAMILY_v2,E5_DPOP_SMALL,E5_DPOP:N6:K2:ring:cv0.35:p0.7:r9,2405454625,ring,6,2,0.35,0.7,OPTIMAL,163.61981333951957,163.61981333951957,0.0,0.0015497999847866595,True,True,geo_qpg_c3,True,163.61981333951957,13.417099980870262,358.0,14092.0,,,,,,N4_ATOMIC,0.0
SP1_N4_DISTRIBUTED_FAMILY_v2,E5_DPOP_SMALL,E5_DPOP:N6:K2:ring:cv0.35:p0.7:r9,2405454625,ring,6,2,0.35,0.7,OPTIMAL,163.61981333951957,163.61981333951957,0.0,0.0015497999847866595,True,True,geo_qpg_d,True,172.43528295417855,6.63160000112839,215.0,7964.0,,,,,,N4_ATOMIC,0.053877763546682604
SP1_N4_DISTRIBUTED_FAMILY_v2,E5_DPOP_SMALL,E5_DPOP:N6:K2:ring:cv0.35:p0.85:r0,2545991032,ring,6,2,0.35,0.85,OPTIMAL,198.90428870210718,198.90428870210718,0.0,0.0013553000171668828,True,True,dpop_exact_small,True,198.9042887021072,3.5445000103209168,10.0,2944.0,5.0,5.0,363.0,5.0,729.0,EXACT_DISTRIBUTED,1.428913856803275e-16
SP1_N4_DISTRIBUTED_FAMILY_v2,E5_DPOP_SMALL,E5_DPOP:N6:K2:ring:cv0.35:p0.85:r0,2545991032,ring,6,2,0.35,0.85,OPTIMAL,198.90428870210718,198.90428870210718,0.0,0.0013553000171668828,True,True,milp_highs,True,198.90428870210718,1.3553000171668828,,,,,,,,CENTRAL_ORACLE,0.0
SP1_N4_DISTRIBUTED_FAMILY_v2,E5_DPOP_SMALL,E5_DPOP:N6:K2:ring:cv0.35:p0.85:r0,2545991032,ring,6,2,0.35,0.85,OPTIMAL,198.90428870210718,198.90428870210718,0.0,0.0013553000171668828,True,True,geo_qpg_u,True,265.76567651645917,1.276700000744313,42.0,1464.0,,,,,,N4_ATOMIC,0.3361485478801728
SP1_N4_DISTRIBUTED_FAMILY_v2,E5_DPOP_SMALL,E5_DPOP:N6:K2:ring:cv0.35:p0.85:r0,2545991032,ring,6,2,0.35,0.85,OPTIMAL,198.90428870210718,198.90428870210718,0.0,0.0013553000171668828,True,True,geo_qpg_p,True,198.90428870210718,6.029799988027662,138.0,5276.0,,,,,,N4_ATOMIC,0.0
SP1_N4_DISTRIBUTED_FAMILY_v2,E5_DPOP_SMALL,E5_DPOP:N6:K2:ring:cv0.35:p0.85:r0,2545991032,ring,6,2,0.35,0.85,OPTIMAL,198.90428870210718,198.90428870210718,0.0,0.0013553000171668828,True,True,geo_qpg_c3,True,198.90428870210718,13.443000003462657,298.0,11676.0,,,,,,N4_ATOMIC,0.0
SP1_N4_DISTRIBUTED_FAMILY_v2,E5_DPOP_SMALL,E5_DPOP:N6:K2:ring:cv0.35:p0.85:r0,2545991032,ring,6,2,0.35,0.85,OPTIMAL,198.90428870210718,198.90428870210718,0.0,0.0013553000171668828,True,True,geo_qpg_d,True,198.90428870210718,9.086999983992428,296.0,11292.0,,,,,,N4_ATOMIC,0.0
SP1_N4_DISTRIBUTED_FAMILY_v2,E5_DPOP_SMALL,E5_DPOP:N6:K2:ring:cv0.35:p0.85:r1,2738985520,ring,6,2,0.35,0.85,OPTIMAL,212.64860241544983,212.64860241544986,0.0,0.003290799999376759,True,True,dpop_exact_small,True,212.64860241544983,3.3964000176638365,10.0,2944.0,5.0,5.0,363.0,5.0,729.0,EXACT_DISTRIBUTED,0.0
SP1_N4_DISTRIBUTED_FAMILY_v2,E5_DPOP_SMALL,E5_DPOP:N6:K2:ring:cv0.35:p0.85:r1,2738985520,ring,6,2,0.35,0.85,OPTIMAL,212.64860241544983,212.64860241544986,0.0,0.003290799999376759,True,True,milp_highs,True,212.64860241544983,3.290799999376759,,,,,,,,CENTRAL_ORACLE,0.0
SP1_N4_DISTRIBUTED_FAMILY_v2,E5_DPOP_SMALL,E5_DPOP:N6:K2:ring:cv0.35:p0.85:r1,2738985520,ring,6,2,0.35,0.85,OPTIMAL,212.64860241544983,212.64860241544986,0.0,0.003290799999376759,True,True,geo_qpg_u,True,254.50934400224008,1.2250000145286322,38.0,1296.0,,,,,,N4_ATOMIC,0.1968540639877203
SP1_N4_DISTRIBUTED_FAMILY_v2,E5_DPOP_SMALL,E5_DPOP:N6:K2:ring:cv0.35:p0.85:r1,2738985520,ring,6,2,0.35,0.85,OPTIMAL,212.64860241544983,212.64860241544986,0.0,0.003290799999376759,True,True,geo_qpg_p,True,238.40335592532983,6.4048000203911215,174.0,6592.0,,,,,,N4_ATOMIC,0.12111414426116544
SP1_N4_DISTRIBUTED_FAMILY_v2,E5_DPOP_SMALL,E5_DPOP:N6:K2:ring:cv0.35:p0.85:r1,2738985520,ring,6,2,0.35,0.85,OPTIMAL,212.64860241544983,212.64860241544986,0.0,0.003290799999376759,True,True,geo_qpg_c3,True,238.40335592532983,12.031299993395805,334.0,12992.0,,,,,,N4_ATOMIC,0.12111414426116544
SP1_N4_DISTRIBUTED_FAMILY_v2,E5_DPOP_SMALL,E5_DPOP:N6:K2:ring:cv0.35:p0.85:r1,2738985520,ring,6,2,0.35,0.85,OPTIMAL,212.64860241544983,212.64860241544986,0.0,0.003290799999376759,True,True,geo_qpg_d,True,238.40335592532983,6.907700008014217,199.0,7324.0,,,,,,N4_ATOMIC,0.12111414426116544
SP1_N4_DISTRIBUTED_FAMILY_v2,E5_DPOP_SMALL,E5_DPOP:N6:K2:ring:cv0.35:p0.85:r2,398254307,ring,6,2,0.35,0.85,OPTIMAL,210.30267562069074,210.30267562069074,0.0,0.002182700001867488,True,True,dpop_exact_small,True,210.3026756206907,3.934000007575378,10.0,2944.0,5.0,5.0,363.0,5.0,729.0,EXACT_DISTRIBUTED,-1.3514668487464418e-16
SP1_N4_DISTRIBUTED_FAMILY_v2,E5_DPOP_SMALL,E5_DPOP:N6:K2:ring:cv0.35:p0.85:r2,398254307,ring,6,2,0.35,0.85,OPTIMAL,210.30267562069074,210.30267562069074,0.0,0.002182700001867488,True,True,milp_highs,True,210.30267562069074,2.182700001867488,,,,,,,,CENTRAL_ORACLE,0.0
SP1_N4_DISTRIBUTED_FAMILY_v2,E5_DPOP_SMALL,E5_DPOP:N6:K2:ring:cv0.35:p0.85:r2,398254307,ring,6,2,0.35,0.85,OPTIMAL,210.30267562069074,210.30267562069074,0.0,0.002182700001867488,True,True,geo_qpg_u,True,217.13385558096005,1.9835999992210418,61.0,2124.0,,,,,,N4_ATOMIC,0.032482610789937194
SP1_N4_DISTRIBUTED_FAMILY_v2,E5_DPOP_SMALL,E5_DPOP:N6:K2:ring:cv0.35:p0.85:r2,398254307,ring,6,2,0.35,0.85,OPTIMAL,210.30267562069074,210.30267562069074,0.0,0.002182700001867488,True,True,geo_qpg_p,True,217.13385558096005,6.243799987714738,109.0,4044.0,,,,,,N4_ATOMIC,0.032482610789937194
SP1_N4_DISTRIBUTED_FAMILY_v2,E5_DPOP_SMALL,E5_DPOP:N6:K2:ring:cv0.35:p0.85:r2,398254307,ring,6,2,0.35,0.85,OPTIMAL,210.30267562069074,210.30267562069074,0.0,0.002182700001867488,True,True,geo_qpg_c3,True,210.30267562069074,10.59629998053424,309.0,12108.0,,,,,,N4_ATOMIC,0.0
SP1_N4_DISTRIBUTED_FAMILY_v2,E5_DPOP_SMALL,E5_DPOP:N6:K2:ring:cv0.35:p0.85:r2,398254307,ring,6,2,0.35,0.85,OPTIMAL,210.30267562069074,210.30267562069074,0.0,0.002182700001867488,True,True,geo_qpg_d,True,254.42309099763543,7.743299996946007,200.0,7172.0,,,,,,N4_ATOMIC,0.2097948361651937
SP1_N4_DISTRIBUTED_FAMILY_v2,E5_DPOP_SMALL,E5_DPOP:N6:K2:ring:cv0.35:p0.85:r3,3091323331,ring,6,2,0.35,0.85,OPTIMAL,220.85894616676813,220.85894616676813,0.0,0.009129999991273507,True,True,dpop_exact_small,True,220.85894616676816,3.63439999637194,10.0,2944.0,5.0,5.0,363.0,5.0,729.0,EXACT_DISTRIBUTED,1.286871549633452e-16
SP1_N4_DISTRIBUTED_FAMILY_v2,E5_DPOP_SMALL,E5_DPOP:N6:K2:ring:cv0.35:p0.85:r3,3091323331,ring,6,2,0.35,0.85,OPTIMAL,220.85894616676813,220.85894616676813,0.0,0.009129999991273507,True,True,milp_highs,True,220.85894616676813,9.129999991273507,,,,,,,,CENTRAL_ORACLE,0.0
SP1_N4_DISTRIBUTED_FAMILY_v2,E5_DPOP_SMALL,E5_DPOP:N6:K2:ring:cv0.35:p0.85:r3,3091323331,ring,6,2,0.35,0.85,OPTIMAL,220.85894616676813,220.85894616676813,0.0,0.009129999991273507,True,True,geo_qpg_u,True,262.7637585924788,1.618299982510507,42.0,1464.0,,,,,,N4_ATOMIC,0.189735635132791
SP1_N4_DISTRIBUTED_FAMILY_v2,E5_DPOP_SMALL,E5_DPOP:N6:K2:ring:cv0.35:p0.85:r3,3091323331,ring,6,2,0.35,0.85,OPTIMAL,220.85894616676813,220.85894616676813,0.0,0.009129999991273507,True,True,geo_qpg_p,True,255.6395948028453,6.469200015999377,132.0,5028.0,,,,,,N4_ATOMIC,0.1574790120107459
SP1_N4_DISTRIBUTED_FAMILY_v2,E5_DPOP_SMALL,E5_DPOP:N6:K2:ring:cv0.35:p0.85:r3,3091323331,ring,6,2,0.35,0.85,OPTIMAL,220.85894616676813,220.85894616676813,0.0,0.009129999991273507,True,True,geo_qpg_c3,True,255.6395948028453,13.522399996872991,304.0,11908.0,,,,,,N4_ATOMIC,0.1574790120107459
SP1_N4_DISTRIBUTED_FAMILY_v2,E5_DPOP_SMALL,E5_DPOP:N6:K2:ring:cv0.35:p0.85:r3,3091323331,ring,6,2,0.35,0.85,OPTIMAL,220.85894616676813,220.85894616676813,0.0,0.009129999991273507,True,True,geo_qpg_d,True,255.6395948028453,7.738499989500269,215.0,7880.0,,,,,,N4_ATOMIC,0.1574790120107459
SP1_N4_DISTRIBUTED_FAMILY_v2,E5_DPOP_SMALL,E5_DPOP:N6:K2:ring:cv0.35:p0.85:r4,633978601,ring,6,2,0.35,0.85,OPTIMAL,219.40187125387743,219.40187125387746,0.0,0.006903600005898625,True,True,dpop_exact_small,True,219.40187125387743,3.335999994305894,10.0,2944.0,5.0,5.0,363.0,5.0,729.0,EXACT_DISTRIBUTED,0.0
SP1_N4_DISTRIBUTED_FAMILY_v2,E5_DPOP_SMALL,E5_DPOP:N6:K2:ring:cv0.35:p0.85:r4,633978601,ring,6,2,0.35,0.85,OPTIMAL,219.40187125387743,219.40187125387746,0.0,0.006903600005898625,True,True,milp_highs,True,219.40187125387743,6.903600005898625,,,,,,,,CENTRAL_ORACLE,0.0
SP1_N4_DISTRIBUTED_FAMILY_v2,E5_DPOP_SMALL,E5_DPOP:N6:K2:ring:cv0.35:p0.85:r4,633978601,ring,6,2,0.35,0.85,OPTIMAL,219.40187125387743,219.40187125387746,0.0,0.006903600005898625,True,True,geo_qpg_u,True,247.77012699063883,1.3336999982129782,50.0,1800.0,,,,,,N4_ATOMIC,0.12929814852825716
SP1_N4_DISTRIBUTED_FAMILY_v2,E5_DPOP_SMALL,E5_DPOP:N6:K2:ring:cv0.35:p0.85:r4,633978601,ring,6,2,0.35,0.85,OPTIMAL,219.40187125387743,219.40187125387746,0.0,0.006903600005898625,True,True,geo_qpg_p,True,243.07020319596955,6.805699988035485,110.0,4208.0,,,,,,N4_ATOMIC,0.10787661840269669
SP1_N4_DISTRIBUTED_FAMILY_v2,E5_DPOP_SMALL,E5_DPOP:N6:K2:ring:cv0.35:p0.85:r4,633978601,ring,6,2,0.35,0.85,OPTIMAL,219.40187125387743,219.40187125387746,0.0,0.006903600005898625,True,True,geo_qpg_c3,True,219.40187125387743,10.300800000550225,348.0,13856.0,,,,,,N4_ATOMIC,0.0
SP1_N4_DISTRIBUTED_FAMILY_v2,E5_DPOP_SMALL,E5_DPOP:N6:K2:ring:cv0.35:p0.85:r4,633978601,ring,6,2,0.35,0.85,OPTIMAL,219.40187125387743,219.40187125387746,0.0,0.006903600005898625,True,True,geo_qpg_d,True,235.1001048882351,5.408700002590194,207.0,7424.0,,,,,,N4_ATOMIC,0.07155013557834569
SP1_N4_DISTRIBUTED_FAMILY_v2,E5_DPOP_SMALL,E5_DPOP:N6:K2:ring:cv0.35:p0.85:r5,3519466062,ring,6,2,0.35,0.85,OPTIMAL,186.90980936164965,186.90980936164965,0.0,0.0028514000005088747,True,True,dpop_exact_small,True,186.9098093616496,3.831099980743602,10.0,2944.0,5.0,5.0,363.0,5.0,729.0,EXACT_DISTRIBUTED,-3.0412218093284947e-16
SP1_N4_DISTRIBUTED_FAMILY_v2,E5_DPOP_SMALL,E5_DPOP:N6:K2:ring:cv0.35:p0.85:r5,3519466062,ring,6,2,0.35,0.85,OPTIMAL,186.90980936164965,186.90980936164965,0.0,0.0028514000005088747,True,True,milp_highs,True,186.90980936164965,2.8514000005088747,,,,,,,,CENTRAL_ORACLE,0.0
SP1_N4_DISTRIBUTED_FAMILY_v2,E5_DPOP_SMALL,E5_DPOP:N6:K2:ring:cv0.35:p0.85:r5,3519466062,ring,6,2,0.35,0.85,OPTIMAL,186.90980936164965,186.90980936164965,0.0,0.0028514000005088747,True,True,geo_qpg_u,True,191.22640041786462,1.642700022784993,49.0,1708.0,,,,,,N4_ATOMIC,0.023094513182359798
SP1_N4_DISTRIBUTED_FAMILY_v2,E5_DPOP_SMALL,E5_DPOP:N6:K2:ring:cv0.35:p0.85:r5,3519466062,ring,6,2,0.35,0.85,OPTIMAL,186.90980936164965,186.90980936164965,0.0,0.0028514000005088747,True,True,geo_qpg_p,True,190.66640313685065,6.912499986356124,128.0,4860.0,,,,,,N4_ATOMIC,0.020098430296573717
SP1_N4_DISTRIBUTED_FAMILY_v2,E5_DPOP_SMALL,E5_DPOP:N6:K2:ring:cv0.35:p0.85:r5,3519466062,ring,6,2,0.35,0.85,OPTIMAL,186.90980936164965,186.90980936164965,0.0,0.0028514000005088747,True,True,geo_qpg_c3,True,186.9098093616496,13.720200018724427,352.0,13812.0,,,,,,N4_ATOMIC,-3.0412218093284947e-16
SP1_N4_DISTRIBUTED_FAMILY_v2,E5_DPOP_SMALL,E5_DPOP:N6:K2:ring:cv0.35:p0.85:r5,3519466062,ring,6,2,0.35,0.85,OPTIMAL,186.90980936164965,186.90980936164965,0.0,0.0028514000005088747,True,True,geo_qpg_d,True,222.8208640288015,8.19779999437742,217.0,7796.0,,,,,,N4_ATOMIC,0.192130390533265
SP1_N4_DISTRIBUTED_FAMILY_v2,E5_DPOP_SMALL,E5_DPOP:N6:K2:ring:cv0.35:p0.85:r6,3592657919,ring,6,2,0.35,0.85,OPTIMAL,219.88795042093184,219.88795042093184,0.0,0.0016662999987602234,True,True,dpop_exact_small,True,219.88795042093184,3.9795000047888607,10.0,2944.0,5.0,5.0,363.0,5.0,729.0,EXACT_DISTRIBUTED,0.0
SP1_N4_DISTRIBUTED_FAMILY_v2,E5_DPOP_SMALL,E5_DPOP:N6:K2:ring:cv0.35:p0.85:r6,3592657919,ring,6,2,0.35,0.85,OPTIMAL,219.88795042093184,219.88795042093184,0.0,0.0016662999987602234,True,True,milp_highs,True,219.88795042093184,1.6662999987602234,,,,,,,,CENTRAL_ORACLE,0.0
SP1_N4_DISTRIBUTED_FAMILY_v2,E5_DPOP_SMALL,E5_DPOP:N6:K2:ring:cv0.35:p0.85:r6,3592657919,ring,6,2,0.35,0.85,OPTIMAL,219.88795042093184,219.88795042093184,0.0,0.0016662999987602234,True,True,geo_qpg_u,True,244.44945185812998,1.379199995426461,46.0,1632.0,,,,,,N4_ATOMIC,0.11170007901833644
SP1_N4_DISTRIBUTED_FAMILY_v2,E5_DPOP_SMALL,E5_DPOP:N6:K2:ring:cv0.35:p0.85:r6,3592657919,ring,6,2,0.35,0.85,OPTIMAL,219.88795042093184,219.88795042093184,0.0,0.0016662999987602234,True,True,geo_qpg_p,True,219.88795042093184,5.9185999853070825,132.0,5000.0,,,,,,N4_ATOMIC,0.0
SP1_N4_DISTRIBUTED_FAMILY_v2,E5_DPOP_SMALL,E5_DPOP:N6:K2:ring:cv0.35:p0.85:r6,3592657919,ring,6,2,0.35,0.85,OPTIMAL,219.88795042093184,219.88795042093184,0.0,0.0016662999987602234,True,True,geo_qpg_c3,True,219.88795042093184,9.276600001612678,276.0,10760.0,,,,,,N4_ATOMIC,0.0
SP1_N4_DISTRIBUTED_FAMILY_v2,E5_DPOP_SMALL,E5_DPOP:N6:K2:ring:cv0.35:p0.85:r6,3592657919,ring,6,2,0.35,0.85,OPTIMAL,219.88795042093184,219.88795042093184,0.0,0.0016662999987602234,True,True,geo_qpg_d,True,219.88795042093184,4.928999987896532,172.0,6080.0,,,,,,N4_ATOMIC,0.0
SP1_N4_DISTRIBUTED_FAMILY_v2,E5_DPOP_SMALL,E5_DPOP:N6:K2:ring:cv0.35:p0.85:r7,4285795096,ring,6,2,0.35,0.85,OPTIMAL,200.8036578689255,200.80365786892554,0.0,0.0012721999955829233,True,True,dpop_exact_small,True,200.80365786892554,3.2263000030070543,10.0,2944.0,5.0,5.0,363.0,5.0,729.0,EXACT_DISTRIBUTED,1.4153979928471355e-16
SP1_N4_DISTRIBUTED_FAMILY_v2,E5_DPOP_SMALL,E5_DPOP:N6:K2:ring:cv0.35:p0.85:r7,4285795096,ring,6,2,0.35,0.85,OPTIMAL,200.8036578689255,200.80365786892554,0.0,0.0012721999955829233,True,True,milp_highs,True,200.8036578689255,1.2721999955829233,,,,,,,,CENTRAL_ORACLE,0.0
SP1_N4_DISTRIBUTED_FAMILY_v2,E5_DPOP_SMALL,E5_DPOP:N6:K2:ring:cv0.35:p0.85:r7,4285795096,ring,6,2,0.35,0.85,OPTIMAL,200.8036578689255,200.80365786892554,0.0,0.0012721999955829233,True,True,geo_qpg_u,True,247.1471724288898,1.4118999824859202,50.0,1712.0,,,,,,N4_ATOMIC,0.2307901910343436
SP1_N4_DISTRIBUTED_FAMILY_v2,E5_DPOP_SMALL,E5_DPOP:N6:K2:ring:cv0.35:p0.85:r7,4285795096,ring,6,2,0.35,0.85,OPTIMAL,200.8036578689255,200.80365786892554,0.0,0.0012721999955829233,True,True,geo_qpg_p,True,241.65745895714286,6.5092000004369766,176.0,6776.0,,,,,,N4_ATOMIC,0.2034514785327499
SP1_N4_DISTRIBUTED_FAMILY_v2,E5_DPOP_SMALL,E5_DPOP:N6:K2:ring:cv0.35:p0.85:r7,4285795096,ring,6,2,0.35,0.85,OPTIMAL,200.8036578689255,200.80365786892554,0.0,0.0012721999955829233,True,True,geo_qpg_c3,True,200.80365786892554,14.406800008146092,392.0,15408.0,,,,,,N4_ATOMIC,1.4153979928471355e-16
SP1_N4_DISTRIBUTED_FAMILY_v2,E5_DPOP_SMALL,E5_DPOP:N6:K2:ring:cv0.35:p0.85:r7,4285795096,ring,6,2,0.35,0.85,OPTIMAL,200.8036578689255,200.80365786892554,0.0,0.0012721999955829233,True,True,geo_qpg_d,True,241.65745895714286,8.404599997447804,273.0,10212.0,,,,,,N4_ATOMIC,0.2034514785327499
SP1_N4_DISTRIBUTED_FAMILY_v2,E5_DPOP_SMALL,E5_DPOP:N6:K2:ring:cv0.35:p0.85:r8,2825843129,ring,6,2,0.35,0.85,OPTIMAL,188.15695907361572,188.15695907361572,0.0,0.0018951999954879284,True,True,dpop_exact_small,True,188.15695907361575,3.409699973417446,10.0,2944.0,5.0,5.0,363.0,5.0,729.0,EXACT_DISTRIBUTED,1.5105319287863342e-16
SP1_N4_DISTRIBUTED_FAMILY_v2,E5_DPOP_SMALL,E5_DPOP:N6:K2:ring:cv0.35:p0.85:r8,2825843129,ring,6,2,0.35,0.85,OPTIMAL,188.15695907361572,188.15695907361572,0.0,0.0018951999954879284,True,True,milp_highs,True,188.15695907361572,1.8951999954879284,,,,,,,,CENTRAL_ORACLE,0.0
SP1_N4_DISTRIBUTED_FAMILY_v2,E5_DPOP_SMALL,E5_DPOP:N6:K2:ring:cv0.35:p0.85:r8,2825843129,ring,6,2,0.35,0.85,OPTIMAL,188.15695907361572,188.15695907361572,0.0,0.0018951999954879284,True,True,geo_qpg_u,True,214.5755772044176,1.6068000113591552,57.0,1968.0,,,,,,N4_ATOMIC,0.14040734002543961
SP1_N4_DISTRIBUTED_FAMILY_v2,E5_DPOP_SMALL,E5_DPOP:N6:K2:ring:cv0.35:p0.85:r8,2825843129,ring,6,2,0.35,0.85,OPTIMAL,188.15695907361572,188.15695907361572,0.0,0.0018951999954879284,True,True,geo_qpg_p,True,214.5755772044176,5.419199995230883,117.0,4368.0,,,,,,N4_ATOMIC,0.14040734002543961
SP1_N4_DISTRIBUTED_FAMILY_v2,E5_DPOP_SMALL,E5_DPOP:N6:K2:ring:cv0.35:p0.85:r8,2825843129,ring,6,2,0.35,0.85,OPTIMAL,188.15695907361572,188.15695907361572,0.0,0.0018951999954879284,True,True,geo_qpg_c3,True,188.15695907361572,13.016899989452213,361.0,14112.0,,,,,,N4_ATOMIC,0.0
SP1_N4_DISTRIBUTED_FAMILY_v2,E5_DPOP_SMALL,E5_DPOP:N6:K2:ring:cv0.35:p0.85:r8,2825843129,ring,6,2,0.35,0.85,OPTIMAL,188.15695907361572,188.15695907361572,0.0,0.0018951999954879284,True,True,geo_qpg_d,True,188.15695907361572,7.652400003280491,152.0,5440.0,,,,,,N4_ATOMIC,0.0
SP1_N4_DISTRIBUTED_FAMILY_v2,E5_DPOP_SMALL,E5_DPOP:N6:K2:ring:cv0.35:p0.85:r9,2739648657,ring,6,2,0.35,0.85,OPTIMAL,169.21108054446776,169.21108054446776,0.0,0.0020862999954260886,True,True,dpop_exact_small,True,169.21108054446776,3.3681000059004873,10.0,2944.0,5.0,5.0,363.0,5.0,729.0,EXACT_DISTRIBUTED,0.0
SP1_N4_DISTRIBUTED_FAMILY_v2,E5_DPOP_SMALL,E5_DPOP:N6:K2:ring:cv0.35:p0.85:r9,2739648657,ring,6,2,0.35,0.85,OPTIMAL,169.21108054446776,169.21108054446776,0.0,0.0020862999954260886,True,True,milp_highs,True,169.21108054446776,2.0862999954260886,,,,,,,,CENTRAL_ORACLE,0.0
SP1_N4_DISTRIBUTED_FAMILY_v2,E5_DPOP_SMALL,E5_DPOP:N6:K2:ring:cv0.35:p0.85:r9,2739648657,ring,6,2,0.35,0.85,OPTIMAL,169.21108054446776,169.21108054446776,0.0,0.0020862999954260886,True,True,geo_qpg_u,True,223.65046598307967,1.2343999987933785,38.0,1296.0,,,,,,N4_ATOMIC,0.32172470776407297
SP1_N4_DISTRIBUTED_FAMILY_v2,E5_DPOP_SMALL,E5_DPOP:N6:K2:ring:cv0.35:p0.85:r9,2739648657,ring,6,2,0.35,0.85,OPTIMAL,169.21108054446776,169.21108054446776,0.0,0.0020862999954260886,True,True,geo_qpg_p,True,169.21108054446776,8.050700009334832,196.0,7560.0,,,,,,N4_ATOMIC,0.0
SP1_N4_DISTRIBUTED_FAMILY_v2,E5_DPOP_SMALL,E5_DPOP:N6:K2:ring:cv0.35:p0.85:r9,2739648657,ring,6,2,0.35,0.85,OPTIMAL,169.21108054446776,169.21108054446776,0.0,0.0020862999954260886,True,True,geo_qpg_c3,True,169.21108054446776,16.63379999808967,356.0,13960.0,,,,,,N4_ATOMIC,0.0
SP1_N4_DISTRIBUTED_FAMILY_v2,E5_DPOP_SMALL,E5_DPOP:N6:K2:ring:cv0.35:p0.85:r9,2739648657,ring,6,2,0.35,0.85,OPTIMAL,169.21108054446776,169.21108054446776,0.0,0.0020862999954260886,True,True,geo_qpg_d,True,169.21108054446776,9.868399996776134,333.0,12856.0,,,,,,N4_ATOMIC,0.0
SP1_N4_DISTRIBUTED_FAMILY_v2,E5_DPOP_SMALL,E5_DPOP:N6:K2:ring:cv0.65:p0.7:r0,2504263779,ring,6,2,0.65,0.7,OPTIMAL,155.72500144580036,155.72500144580036,0.0,0.0019555999897420406,True,True,dpop_exact_small,True,155.72500144580036,3.816200012806803,10.0,2944.0,5.0,5.0,363.0,5.0,729.0,EXACT_DISTRIBUTED,0.0
SP1_N4_DISTRIBUTED_FAMILY_v2,E5_DPOP_SMALL,E5_DPOP:N6:K2:ring:cv0.65:p0.7:r0,2504263779,ring,6,2,0.65,0.7,OPTIMAL,155.72500144580036,155.72500144580036,0.0,0.0019555999897420406,True,True,milp_highs,True,155.72500144580036,1.9555999897420406,,,,,,,,CENTRAL_ORACLE,0.0
SP1_N4_DISTRIBUTED_FAMILY_v2,E5_DPOP_SMALL,E5_DPOP:N6:K2:ring:cv0.65:p0.7:r0,2504263779,ring,6,2,0.65,0.7,OPTIMAL,155.72500144580036,155.72500144580036,0.0,0.0019555999897420406,True,True,geo_qpg_u,True,206.68803388659686,1.5605000080540776,65.0,2380.0,,,,,,N4_ATOMIC,0.3272630083007836
SP1_N4_DISTRIBUTED_FAMILY_v2,E5_DPOP_SMALL,E5_DPOP:N6:K2:ring:cv0.65:p0.7:r0,2504263779,ring,6,2,0.65,0.7,OPTIMAL,155.72500144580036,155.72500144580036,0.0,0.0019555999897420406,True,True,geo_qpg_p,True,191.428818149862,4.602999979397282,138.0,5436.0,,,,,,N4_ATOMIC,0.2292747880724101
SP1_N4_DISTRIBUTED_FAMILY_v2,E5_DPOP_SMALL,E5_DPOP:N6:K2:ring:cv0.65:p0.7:r0,2504263779,ring,6,2,0.65,0.7,OPTIMAL,155.72500144580036,155.72500144580036,0.0,0.0019555999897420406,True,True,geo_qpg_c3,True,155.72500144580036,9.996699984185398,295.0,11992.0,,,,,,N4_ATOMIC,0.0
SP1_N4_DISTRIBUTED_FAMILY_v2,E5_DPOP_SMALL,E5_DPOP:N6:K2:ring:cv0.65:p0.7:r0,2504263779,ring,6,2,0.65,0.7,OPTIMAL,155.72500144580036,155.72500144580036,0.0,0.0019555999897420406,True,True,geo_qpg_d,True,193.6839713672655,4.560300003504381,195.0,6872.0,,,,,,N4_ATOMIC,0.24375642683603804
SP1_N4_DISTRIBUTED_FAMILY_v2,E5_DPOP_SMALL,E5_DPOP:N6:K2:ring:cv0.65:p0.7:r1,7977756,ring,6,2,0.65,0.7,OPTIMAL,168.9226022408183,168.92260224081826,0.0,0.0020520999969448894,True,True,dpop_exact_small,True,168.92260224081826,4.70849999692291,10.0,2944.0,5.0,5.0,363.0,5.0,729.0,EXACT_DISTRIBUTED,-1.682528510298796e-16
SP1_N4_DISTRIBUTED_FAMILY_v2,E5_DPOP_SMALL,E5_DPOP:N6:K2:ring:cv0.65:p0.7:r1,7977756,ring,6,2,0.65,0.7,OPTIMAL,168.9226022408183,168.92260224081826,0.0,0.0020520999969448894,True,True,milp_highs,True,168.9226022408183,2.0520999969448894,,,,,,,,CENTRAL_ORACLE,0.0
SP1_N4_DISTRIBUTED_FAMILY_v2,E5_DPOP_SMALL,E5_DPOP:N6:K2:ring:cv0.65:p0.7:r1,7977756,ring,6,2,0.65,0.7,OPTIMAL,168.9226022408183,168.92260224081826,0.0,0.0020520999969448894,True,True,geo_qpg_u,True,203.48582182419713,1.4048000157345086,31.0,1052.0,,,,,,N4_ATOMIC,0.204609798362596
SP1_N4_DISTRIBUTED_FAMILY_v2,E5_DPOP_SMALL,E5_DPOP:N6:K2:ring:cv0.65:p0.7:r1,7977756,ring,6,2,0.65,0.7,OPTIMAL,168.9226022408183,168.92260224081826,0.0,0.0020520999969448894,True,True,geo_qpg_p,True,202.44465667979728,7.0785000280011445,106.0,4012.0,,,,,,N4_ATOMIC,0.198446235105883
SP1_N4_DISTRIBUTED_FAMILY_v2,E5_DPOP_SMALL,E5_DPOP:N6:K2:ring:cv0.65:p0.7:r1,7977756,ring,6,2,0.65,0.7,OPTIMAL,168.9226022408183,168.92260224081826,0.0,0.0020520999969448894,True,True,geo_qpg_c3,True,202.44465667979728,14.697200007503852,266.0,10412.0,,,,,,N4_ATOMIC,0.198446235105883
SP1_N4_DISTRIBUTED_FAMILY_v2,E5_DPOP_SMALL,E5_DPOP:N6:K2:ring:cv0.65:p0.7:r1,7977756,ring,6,2,0.65,0.7,OPTIMAL,168.9226022408183,168.92260224081826,0.0,0.0020520999969448894,True,True,geo_qpg_d,True,202.44465667979728,8.6095999868121,189.0,6956.0,,,,,,N4_ATOMIC,0.198446235105883
SP1_N4_DISTRIBUTED_FAMILY_v2,E5_DPOP_SMALL,E5_DPOP:N6:K2:ring:cv0.65:p0.7:r2,1631329444,ring,6,2,0.65,0.7,OPTIMAL,128.05305013249884,128.05305013249884,0.0,0.0014062000263947994,True,True,dpop_exact_small,True,128.0530501324988,4.425099992658943,10.0,2944.0,5.0,5.0,363.0,5.0,729.0,EXACT_DISTRIBUTED,-2.219526157400823e-16
SP1_N4_DISTRIBUTED_FAMILY_v2,E5_DPOP_SMALL,E5_DPOP:N6:K2:ring:cv0.65:p0.7:r2,1631329444,ring,6,2,0.65,0.7,OPTIMAL,128.05305013249884,128.05305013249884,0.0,0.0014062000263947994,True,True,milp_highs,True,128.05305013249884,1.4062000263947994,,,,,,,,CENTRAL_ORACLE,0.0
SP1_N4_DISTRIBUTED_FAMILY_v2,E5_DPOP_SMALL,E5_DPOP:N6:K2:ring:cv0.65:p0.7:r2,1631329444,ring,6,2,0.65,0.7,OPTIMAL,128.05305013249884,128.05305013249884,0.0,0.0014062000263947994,True,True,geo_qpg_u,True,152.1059485664638,1.1640999873634428,19.0,648.0,,,,,,N4_ATOMIC,0.18783541984417393
SP1_N4_DISTRIBUTED_FAMILY_v2,E5_DPOP_SMALL,E5_DPOP:N6:K2:ring:cv0.65:p0.7:r2,1631329444,ring,6,2,0.65,0.7,OPTIMAL,128.05305013249884,128.05305013249884,0.0,0.0014062000263947994,True,True,geo_qpg_p,True,128.05305013249884,7.664800010388717,104.0,4008.0,,,,,,N4_ATOMIC,0.0
SP1_N4_DISTRIBUTED_FAMILY_v2,E5_DPOP_SMALL,E5_DPOP:N6:K2:ring:cv0.65:p0.7:r2,1631329444,ring,6,2,0.65,0.7,OPTIMAL,128.05305013249884,128.05305013249884,0.0,0.0014062000263947994,True,True,geo_qpg_c3,True,128.05305013249884,16.799199976958334,264.0,10408.0,,,,,,N4_ATOMIC,0.0
SP1_N4_DISTRIBUTED_FAMILY_v2,E5_DPOP_SMALL,E5_DPOP:N6:K2:ring:cv0.65:p0.7:r2,1631329444,ring,6,2,0.65,0.7,OPTIMAL,128.05305013249884,128.05305013249884,0.0,0.0014062000263947994,True,True,geo_qpg_d,True,147.1506425794243,7.779200008371845,198.0,7340.0,,,,,,N4_ATOMIC,0.14913813007315976
SP1_N4_DISTRIBUTED_FAMILY_v2,E5_DPOP_SMALL,E5_DPOP:N6:K2:ring:cv0.65:p0.7:r3,1793281887,ring,6,2,0.65,0.7,OPTIMAL,141.93613013335062,141.93613013335062,0.0,0.0030798999941907823,True,True,dpop_exact_small,True,141.93613013335062,5.373299994971603,10.0,2944.0,5.0,5.0,363.0,5.0,729.0,EXACT_DISTRIBUTED,0.0
SP1_N4_DISTRIBUTED_FAMILY_v2,E5_DPOP_SMALL,E5_DPOP:N6:K2:ring:cv0.65:p0.7:r3,1793281887,ring,6,2,0.65,0.7,OPTIMAL,141.93613013335062,141.93613013335062,0.0,0.0030798999941907823,True,True,milp_highs,True,141.93613013335062,3.0798999941907823,,,,,,,,CENTRAL_ORACLE,0.0
SP1_N4_DISTRIBUTED_FAMILY_v2,E5_DPOP_SMALL,E5_DPOP:N6:K2:ring:cv0.65:p0.7:r3,1793281887,ring,6,2,0.65,0.7,OPTIMAL,141.93613013335062,141.93613013335062,0.0,0.0030798999941907823,True,True,geo_qpg_u,True,208.08999865139953,1.539000018965453,39.0,1388.0,,,,,,N4_ATOMIC,0.4660819514798423
SP1_N4_DISTRIBUTED_FAMILY_v2,E5_DPOP_SMALL,E5_DPOP:N6:K2:ring:cv0.65:p0.7:r3,1793281887,ring,6,2,0.65,0.7,OPTIMAL,141.93613013335062,141.93613013335062,0.0,0.0030798999941907823,True,True,geo_qpg_p,True,141.93613013335062,7.839300000341609,167.0,6540.0,,,,,,N4_ATOMIC,0.0
SP1_N4_DISTRIBUTED_FAMILY_v2,E5_DPOP_SMALL,E5_DPOP:N6:K2:ring:cv0.65:p0.7:r3,1793281887,ring,6,2,0.65,0.7,OPTIMAL,141.93613013335062,141.93613013335062,0.0,0.0030798999941907823,True,True,geo_qpg_c3,True,141.93613013335062,12.593299994478002,319.0,12620.0,,,,,,N4_ATOMIC,0.0
SP1_N4_DISTRIBUTED_FAMILY_v2,E5_DPOP_SMALL,E5_DPOP:N6:K2:ring:cv0.65:p0.7:r3,1793281887,ring,6,2,0.65,0.7,OPTIMAL,141.93613013335062,141.93613013335062,0.0,0.0030798999941907823,True,True,geo_qpg_d,True,160.17564154385644,5.910600011702627,243.0,8716.0,,,,,,N4_ATOMIC,0.12850506346319007
SP1_N4_DISTRIBUTED_FAMILY_v2,E5_DPOP_SMALL,E5_DPOP:N6:K2:ring:cv0.65:p0.7:r4,1426575516,ring,6,2,0.65,0.7,OPTIMAL,96.18003510293057,96.18003510293057,0.0,0.0013273000076878816,True,True,dpop_exact_small,True,96.18003510293059,4.039600025862455,10.0,2944.0,5.0,5.0,363.0,5.0,729.0,EXACT_DISTRIBUTED,1.4775264637815674e-16
SP1_N4_DISTRIBUTED_FAMILY_v2,E5_DPOP_SMALL,E5_DPOP:N6:K2:ring:cv0.65:p0.7:r4,1426575516,ring,6,2,0.65,0.7,OPTIMAL,96.18003510293057,96.18003510293057,0.0,0.0013273000076878816,True,True,milp_highs,True,96.18003510293057,1.3273000076878816,,,,,,,,CENTRAL_ORACLE,0.0
SP1_N4_DISTRIBUTED_FAMILY_v2,E5_DPOP_SMALL,E5_DPOP:N6:K2:ring:cv0.65:p0.7:r4,1426575516,ring,6,2,0.65,0.7,OPTIMAL,96.18003510293057,96.18003510293057,0.0,0.0013273000076878816,True,True,geo_qpg_u,True,96.18003510293057,1.781200000550598,52.0,1784.0,,,,,,N4_ATOMIC,0.0
SP1_N4_DISTRIBUTED_FAMILY_v2,E5_DPOP_SMALL,E5_DPOP:N6:K2:ring:cv0.65:p0.7:r4,1426575516,ring,6,2,0.65,0.7,OPTIMAL,96.18003510293057,96.18003510293057,0.0,0.0013273000076878816,True,True,geo_qpg_p,True,96.18003510293057,4.932500014547259,96.0,3544.0,,,,,,N4_ATOMIC,0.0
SP1_N4_DISTRIBUTED_FAMILY_v2,E5_DPOP_SMALL,E5_DPOP:N6:K2:ring:cv0.65:p0.7:r4,1426575516,ring,6,2,0.65,0.7,OPTIMAL,96.18003510293057,96.18003510293057,0.0,0.0013273000076878816,True,True,geo_qpg_c3,True,96.18003510293057,9.85859998036176,252.0,9784.0,,,,,,N4_ATOMIC,0.0
SP1_N4_DISTRIBUTED_FAMILY_v2,E5_DPOP_SMALL,E5_DPOP:N6:K2:ring:cv0.65:p0.7:r4,1426575516,ring,6,2,0.65,0.7,OPTIMAL,96.18003510293057,96.18003510293057,0.0,0.0013273000076878816,True,True,geo_qpg_d,True,96.18003510293057,4.218999994918704,136.0,4848.0,,,,,,N4_ATOMIC,0.0
SP1_N4_DISTRIBUTED_FAMILY_v2,E5_DPOP_SMALL,E5_DPOP:N6:K2:ring:cv0.65:p0.7:r5,3945823370,ring,6,2,0.65,0.7,OPTIMAL,149.79607722672338,149.79607722672338,0.0,0.002517000015359372,True,True,dpop_exact_small,True,149.79607722672338,4.516799992416054,10.0,2944.0,5.0,5.0,363.0,5.0,729.0,EXACT_DISTRIBUTED,0.0
SP1_N4_DISTRIBUTED_FAMILY_v2,E5_DPOP_SMALL,E5_DPOP:N6:K2:ring:cv0.65:p0.7:r5,3945823370,ring,6,2,0.65,0.7,OPTIMAL,149.79607722672338,149.79607722672338,0.0,0.002517000015359372,True,True,milp_highs,True,149.79607722672338,2.517000015359372,,,,,,,,CENTRAL_ORACLE,0.0
SP1_N4_DISTRIBUTED_FAMILY_v2,E5_DPOP_SMALL,E5_DPOP:N6:K2:ring:cv0.65:p0.7:r5,3945823370,ring,6,2,0.65,0.7,OPTIMAL,149.79607722672338,149.79607722672338,0.0,0.002517000015359372,True,True,geo_qpg_u,True,195.58850922607434,1.3088999839965254,40.0,1380.0,,,,,,N4_ATOMIC,0.3056984725310394
SP1_N4_DISTRIBUTED_FAMILY_v2,E5_DPOP_SMALL,E5_DPOP:N6:K2:ring:cv0.65:p0.7:r5,3945823370,ring,6,2,0.65,0.7,OPTIMAL,149.79607722672338,149.79607722672338,0.0,0.002517000015359372,True,True,geo_qpg_p,True,149.79607722672338,10.681099985959008,135.0,5148.0,,,,,,N4_ATOMIC,0.0
SP1_N4_DISTRIBUTED_FAMILY_v2,E5_DPOP_SMALL,E5_DPOP:N6:K2:ring:cv0.65:p0.7:r5,3945823370,ring,6,2,0.65,0.7,OPTIMAL,149.79607722672338,149.79607722672338,0.0,0.002517000015359372,True,True,geo_qpg_c3,True,149.79607722672338,12.783399986801669,307.0,12028.0,,,,,,N4_ATOMIC,0.0
SP1_N4_DISTRIBUTED_FAMILY_v2,E5_DPOP_SMALL,E5_DPOP:N6:K2:ring:cv0.65:p0.7:r5,3945823370,ring,6,2,0.65,0.7,OPTIMAL,149.79607722672338,149.79607722672338,0.0,0.002517000015359372,True,True,geo_qpg_d,True,149.79607722672338,5.5127000086940825,148.0,5396.0,,,,,,N4_ATOMIC,0.0
SP1_N4_DISTRIBUTED_FAMILY_v2,E5_DPOP_SMALL,E5_DPOP:N6:K2:ring:cv0.65:p0.7:r6,2730533605,ring,6,2,0.65,0.7,OPTIMAL,135.00160875474091,135.0016087547409,0.0,0.0025385000044479966,True,True,dpop_exact_small,True,135.0016087547409,4.969600006006658,10.0,2944.0,5.0,5.0,363.0,5.0,729.0,EXACT_DISTRIBUTED,-2.105286721585524e-16
SP1_N4_DISTRIBUTED_FAMILY_v2,E5_DPOP_SMALL,E5_DPOP:N6:K2:ring:cv0.65:p0.7:r6,2730533605,ring,6,2,0.65,0.7,OPTIMAL,135.00160875474091,135.0016087547409,0.0,0.0025385000044479966,True,True,milp_highs,True,135.00160875474091,2.5385000044479966,,,,,,,,CENTRAL_ORACLE,0.0
SP1_N4_DISTRIBUTED_FAMILY_v2,E5_DPOP_SMALL,E5_DPOP:N6:K2:ring:cv0.65:p0.7:r6,2730533605,ring,6,2,0.65,0.7,OPTIMAL,135.00160875474091,135.0016087547409,0.0,0.0025385000044479966,True,True,geo_qpg_u,True,177.50690964331687,1.6401000029873103,60.0,2120.0,,,,,,N4_ATOMIC,0.3148503286786446
SP1_N4_DISTRIBUTED_FAMILY_v2,E5_DPOP_SMALL,E5_DPOP:N6:K2:ring:cv0.65:p0.7:r6,2730533605,ring,6,2,0.65,0.7,OPTIMAL,135.00160875474091,135.0016087547409,0.0,0.0025385000044479966,True,True,geo_qpg_p,True,139.35128233825827,6.792300002416596,166.0,6384.0,,,,,,N4_ATOMIC,0.03221942037312654
SP1_N4_DISTRIBUTED_FAMILY_v2,E5_DPOP_SMALL,E5_DPOP:N6:K2:ring:cv0.65:p0.7:r6,2730533605,ring,6,2,0.65,0.7,OPTIMAL,135.00160875474091,135.0016087547409,0.0,0.0025385000044479966,True,True,geo_qpg_c3,True,139.35128233825827,11.685700010275468,342.0,13424.0,,,,,,N4_ATOMIC,0.03221942037312654
SP1_N4_DISTRIBUTED_FAMILY_v2,E5_DPOP_SMALL,E5_DPOP:N6:K2:ring:cv0.65:p0.7:r6,2730533605,ring,6,2,0.65,0.7,OPTIMAL,135.00160875474091,135.0016087547409,0.0,0.0025385000044479966,True,True,geo_qpg_d,True,139.35128233825827,6.5623999980743974,158.0,5608.0,,,,,,N4_ATOMIC,0.03221942037312654
SP1_N4_DISTRIBUTED_FAMILY_v2,E5_DPOP_SMALL,E5_DPOP:N6:K2:ring:cv0.65:p0.7:r7,4123861850,ring,6,2,0.65,0.7,OPTIMAL,111.11593889227419,111.11593889227419,0.0,0.001630700018722564,True,True,dpop_exact_small,True,111.11593889227419,3.6724999954458326,10.0,2944.0,5.0,5.0,363.0,5.0,729.0,EXACT_DISTRIBUTED,0.0
SP1_N4_DISTRIBUTED_FAMILY_v2,E5_DPOP_SMALL,E5_DPOP:N6:K2:ring:cv0.65:p0.7:r7,4123861850,ring,6,2,0.65,0.7,OPTIMAL,111.11593889227419,111.11593889227419,0.0,0.001630700018722564,True,True,milp_highs,True,111.11593889227419,1.630700018722564,,,,,,,,CENTRAL_ORACLE,0.0
SP1_N4_DISTRIBUTED_FAMILY_v2,E5_DPOP_SMALL,E5_DPOP:N6:K2:ring:cv0.65:p0.7:r7,4123861850,ring,6,2,0.65,0.7,OPTIMAL,111.11593889227419,111.11593889227419,0.0,0.001630700018722564,True,True,geo_qpg_u,True,135.4927571139425,1.1380000214558095,21.0,732.0,,,,,,N4_ATOMIC,0.219381831847737
SP1_N4_DISTRIBUTED_FAMILY_v2,E5_DPOP_SMALL,E5_DPOP:N6:K2:ring:cv0.65:p0.7:r7,4123861850,ring,6,2,0.65,0.7,OPTIMAL,111.11593889227419,111.11593889227419,0.0,0.001630700018722564,True,True,geo_qpg_p,True,135.4927571139425,5.392199993366376,81.0,3132.0,,,,,,N4_ATOMIC,0.219381831847737
SP1_N4_DISTRIBUTED_FAMILY_v2,E5_DPOP_SMALL,E5_DPOP:N6:K2:ring:cv0.65:p0.7:r7,4123861850,ring,6,2,0.65,0.7,OPTIMAL,111.11593889227419,111.11593889227419,0.0,0.001630700018722564,True,True,geo_qpg_c3,True,111.11593889227419,11.084300000220537,257.0,10164.0,,,,,,N4_ATOMIC,0.0
SP1_N4_DISTRIBUTED_FAMILY_v2,E5_DPOP_SMALL,E5_DPOP:N6:K2:ring:cv0.65:p0.7:r7,4123861850,ring,6,2,0.65,0.7,OPTIMAL,111.11593889227419,111.11593889227419,0.0,0.001630700018722564,True,True,geo_qpg_d,True,111.11593889227419,5.270900001050904,121.0,4444.0,,,,,,N4_ATOMIC,0.0
SP1_N4_DISTRIBUTED_FAMILY_v2,E5_DPOP_SMALL,E5_DPOP:N6:K2:ring:cv0.65:p0.7:r8,4202984125,ring,6,2,0.65,0.7,OPTIMAL,141.1026230156369,141.1026230156369,0.0,0.0017436000052839518,True,True,dpop_exact_small,True,141.1026230156369,3.7309000035747886,10.0,2944.0,5.0,5.0,363.0,5.0,729.0,EXACT_DISTRIBUTED,0.0
SP1_N4_DISTRIBUTED_FAMILY_v2,E5_DPOP_SMALL,E5_DPOP:N6:K2:ring:cv0.65:p0.7:r8,4202984125,ring,6,2,0.65,0.7,OPTIMAL,141.1026230156369,141.1026230156369,0.0,0.0017436000052839518,True,True,milp_highs,True,141.1026230156369,1.7436000052839518,,,,,,,,CENTRAL_ORACLE,0.0
SP1_N4_DISTRIBUTED_FAMILY_v2,E5_DPOP_SMALL,E5_DPOP:N6:K2:ring:cv0.65:p0.7:r8,4202984125,ring,6,2,0.65,0.7,OPTIMAL,141.1026230156369,141.1026230156369,0.0,0.0017436000052839518,True,True,geo_qpg_u,True,151.16338179505283,1.5131999971345067,42.0,1464.0,,,,,,N4_ATOMIC,0.07130100464752517
SP1_N4_DISTRIBUTED_FAMILY_v2,E5_DPOP_SMALL,E5_DPOP:N6:K2:ring:cv0.65:p0.7:r8,4202984125,ring,6,2,0.65,0.7,OPTIMAL,141.1026230156369,141.1026230156369,0.0,0.0017436000052839518,True,True,geo_qpg_p,True,141.1026230156369,7.410100020933896,166.0,6480.0,,,,,,N4_ATOMIC,0.0
SP1_N4_DISTRIBUTED_FAMILY_v2,E5_DPOP_SMALL,E5_DPOP:N6:K2:ring:cv0.65:p0.7:r8,4202984125,ring,6,2,0.65,0.7,OPTIMAL,141.1026230156369,141.1026230156369,0.0,0.0017436000052839518,True,True,geo_qpg_c3,True,141.1026230156369,12.02019999618642,314.0,12400.0,,,,,,N4_ATOMIC,0.0
SP1_N4_DISTRIBUTED_FAMILY_v2,E5_DPOP_SMALL,E5_DPOP:N6:K2:ring:cv0.65:p0.7:r8,4202984125,ring,6,2,0.65,0.7,OPTIMAL,141.1026230156369,141.1026230156369,0.0,0.0017436000052839518,True,True,geo_qpg_d,True,141.1026230156369,5.499099992448464,182.0,6344.0,,,,,,N4_ATOMIC,0.0
SP1_N4_DISTRIBUTED_FAMILY_v2,E5_DPOP_SMALL,E5_DPOP:N6:K2:ring:cv0.65:p0.7:r9,2034349755,ring,6,2,0.65,0.7,OPTIMAL,161.0057194817757,161.00571948177574,0.0,0.002693900023587048,True,True,dpop_exact_small,True,161.0057194817757,3.807499975664541,10.0,2944.0,5.0,5.0,363.0,5.0,729.0,EXACT_DISTRIBUTED,0.0
SP1_N4_DISTRIBUTED_FAMILY_v2,E5_DPOP_SMALL,E5_DPOP:N6:K2:ring:cv0.65:p0.7:r9,2034349755,ring,6,2,0.65,0.7,OPTIMAL,161.0057194817757,161.00571948177574,0.0,0.002693900023587048,True,True,milp_highs,True,161.0057194817757,2.693900023587048,,,,,,,,CENTRAL_ORACLE,0.0
SP1_N4_DISTRIBUTED_FAMILY_v2,E5_DPOP_SMALL,E5_DPOP:N6:K2:ring:cv0.65:p0.7:r9,2034349755,ring,6,2,0.65,0.7,OPTIMAL,161.0057194817757,161.00571948177574,0.0,0.002693900023587048,True,True,geo_qpg_u,True,165.38675746543268,1.6995999903883785,50.0,1700.0,,,,,,N4_ATOMIC,0.02721044940364903
SP1_N4_DISTRIBUTED_FAMILY_v2,E5_DPOP_SMALL,E5_DPOP:N6:K2:ring:cv0.65:p0.7:r9,2034349755,ring,6,2,0.65,0.7,OPTIMAL,161.0057194817757,161.00571948177574,0.0,0.002693900023587048,True,True,geo_qpg_p,True,165.38675746543268,5.811900016851723,110.0,4100.0,,,,,,N4_ATOMIC,0.02721044940364903
SP1_N4_DISTRIBUTED_FAMILY_v2,E5_DPOP_SMALL,E5_DPOP:N6:K2:ring:cv0.65:p0.7:r9,2034349755,ring,6,2,0.65,0.7,OPTIMAL,161.0057194817757,161.00571948177574,0.0,0.002693900023587048,True,True,geo_qpg_c3,True,165.38675746543268,11.817099992185831,270.0,10500.0,,,,,,N4_ATOMIC,0.02721044940364903
SP1_N4_DISTRIBUTED_FAMILY_v2,E5_DPOP_SMALL,E5_DPOP:N6:K2:ring:cv0.65:p0.7:r9,2034349755,ring,6,2,0.65,0.7,OPTIMAL,161.0057194817757,161.00571948177574,0.0,0.002693900023587048,True,True,geo_qpg_d,True,165.38675746543268,8.513599983416498,183.0,6748.0,,,,,,N4_ATOMIC,0.02721044940364903
SP1_N4_DISTRIBUTED_FAMILY_v2,E5_DPOP_SMALL,E5_DPOP:N6:K2:ring:cv0.65:p0.85:r0,3894377735,ring,6,2,0.65,0.85,OPTIMAL,218.2004817670393,218.2004817670393,0.0,0.002890999981900677,True,True,dpop_exact_small,True,218.20048176703926,3.694400016684085,10.0,2944.0,5.0,5.0,363.0,5.0,729.0,EXACT_DISTRIBUTED,-1.3025502602119967e-16
SP1_N4_DISTRIBUTED_FAMILY_v2,E5_DPOP_SMALL,E5_DPOP:N6:K2:ring:cv0.65:p0.85:r0,3894377735,ring,6,2,0.65,0.85,OPTIMAL,218.2004817670393,218.2004817670393,0.0,0.002890999981900677,True,True,milp_highs,True,218.2004817670393,2.890999981900677,,,,,,,,CENTRAL_ORACLE,0.0
SP1_N4_DISTRIBUTED_FAMILY_v2,E5_DPOP_SMALL,E5_DPOP:N6:K2:ring:cv0.65:p0.85:r0,3894377735,ring,6,2,0.65,0.85,OPTIMAL,218.2004817670393,218.2004817670393,0.0,0.002890999981900677,True,True,geo_qpg_u,True,234.24503648189483,1.1629000073298812,35.0,1220.0,,,,,,N4_ATOMIC,0.0735312524744351
SP1_N4_DISTRIBUTED_FAMILY_v2,E5_DPOP_SMALL,E5_DPOP:N6:K2:ring:cv0.65:p0.85:r0,3894377735,ring,6,2,0.65,0.85,OPTIMAL,218.2004817670393,218.2004817670393,0.0,0.002890999981900677,True,True,geo_qpg_p,True,218.2004817670393,6.603899993933737,132.0,5092.0,,,,,,N4_ATOMIC,0.0
SP1_N4_DISTRIBUTED_FAMILY_v2,E5_DPOP_SMALL,E5_DPOP:N6:K2:ring:cv0.65:p0.85:r0,3894377735,ring,6,2,0.65,0.85,OPTIMAL,218.2004817670393,218.2004817670393,0.0,0.002890999981900677,True,True,geo_qpg_c3,True,218.2004817670393,14.365300012286752,292.0,11492.0,,,,,,N4_ATOMIC,0.0
SP1_N4_DISTRIBUTED_FAMILY_v2,E5_DPOP_SMALL,E5_DPOP:N6:K2:ring:cv0.65:p0.85:r0,3894377735,ring,6,2,0.65,0.85,OPTIMAL,218.2004817670393,218.2004817670393,0.0,0.002890999981900677,True,True,geo_qpg_d,True,218.2004817670393,6.508199992822483,158.0,5656.0,,,,,,N4_ATOMIC,0.0
SP1_N4_DISTRIBUTED_FAMILY_v2,E5_DPOP_SMALL,E5_DPOP:N6:K2:ring:cv0.65:p0.85:r1,898246079,ring,6,2,0.65,0.85,OPTIMAL,199.7831889345216,199.78318893452163,0.0,0.0013048000109847635,True,True,dpop_exact_small,True,199.7831889345216,4.383099992992356,10.0,2944.0,5.0,5.0,363.0,5.0,729.0,EXACT_DISTRIBUTED,0.0
SP1_N4_DISTRIBUTED_FAMILY_v2,E5_DPOP_SMALL,E5_DPOP:N6:K2:ring:cv0.65:p0.85:r1,898246079,ring,6,2,0.65,0.85,OPTIMAL,199.7831889345216,199.78318893452163,0.0,0.0013048000109847635,True,True,milp_highs,True,199.7831889345216,1.3048000109847635,,,,,,,,CENTRAL_ORACLE,0.0
SP1_N4_DISTRIBUTED_FAMILY_v2,E5_DPOP_SMALL,E5_DPOP:N6:K2:ring:cv0.65:p0.85:r1,898246079,ring,6,2,0.65,0.85,OPTIMAL,199.7831889345216,199.78318893452163,0.0,0.0013048000109847635,True,True,geo_qpg_u,True,248.72827388739563,1.3887000095564872,35.0,1220.0,,,,,,N4_ATOMIC,0.24499100857237616
SP1_N4_DISTRIBUTED_FAMILY_v2,E5_DPOP_SMALL,E5_DPOP:N6:K2:ring:cv0.65:p0.85:r1,898246079,ring,6,2,0.65,0.85,OPTIMAL,199.7831889345216,199.78318893452163,0.0,0.0013048000109847635,True,True,geo_qpg_p,True,199.7831889345216,4.900900006759912,109.0,4164.0,,,,,,N4_ATOMIC,0.0
SP1_N4_DISTRIBUTED_FAMILY_v2,E5_DPOP_SMALL,E5_DPOP:N6:K2:ring:cv0.65:p0.85:r1,898246079,ring,6,2,0.65,0.85,OPTIMAL,199.7831889345216,199.78318893452163,0.0,0.0013048000109847635,True,True,geo_qpg_c3,True,199.7831889345216,10.487699997611344,245.0,9604.0,,,,,,N4_ATOMIC,0.0
SP1_N4_DISTRIBUTED_FAMILY_v2,E5_DPOP_SMALL,E5_DPOP:N6:K2:ring:cv0.65:p0.85:r1,898246079,ring,6,2,0.65,0.85,OPTIMAL,199.7831889345216,199.78318893452163,0.0,0.0013048000109847635,True,True,geo_qpg_d,True,199.7831889345216,4.146399995079264,159.0,5608.0,,,,,,N4_ATOMIC,0.0
SP1_N4_DISTRIBUTED_FAMILY_v2,E5_DPOP_SMALL,E5_DPOP:N6:K2:ring:cv0.65:p0.85:r2,3751549806,ring,6,2,0.65,0.85,OPTIMAL,212.5486090074756,212.5486090074756,0.0,0.0028744000010192394,True,True,dpop_exact_small,True,212.5486090074756,3.591000015148893,10.0,2944.0,5.0,5.0,363.0,5.0,729.0,EXACT_DISTRIBUTED,0.0
SP1_N4_DISTRIBUTED_FAMILY_v2,E5_DPOP_SMALL,E5_DPOP:N6:K2:ring:cv0.65:p0.85:r2,3751549806,ring,6,2,0.65,0.85,OPTIMAL,212.5486090074756,212.5486090074756,0.0,0.0028744000010192394,True,True,milp_highs,True,212.5486090074756,2.8744000010192394,,,,,,,,CENTRAL_ORACLE,0.0
SP1_N4_DISTRIBUTED_FAMILY_v2,E5_DPOP_SMALL,E5_DPOP:N6:K2:ring:cv0.65:p0.85:r2,3751549806,ring,6,2,0.65,0.85,OPTIMAL,212.5486090074756,212.5486090074756,0.0,0.0028744000010192394,True,True,geo_qpg_u,False,269.54094078529954,1.246800005901605,44.0,1548.0,,,,,,N4_ATOMIC,
SP1_N4_DISTRIBUTED_FAMILY_v2,E5_DPOP_SMALL,E5_DPOP:N6:K2:ring:cv0.65:p0.85:r2,3751549806,ring,6,2,0.65,0.85,OPTIMAL,212.5486090074756,212.5486090074756,0.0,0.0028744000010192394,True,True,geo_qpg_p,True,278.06205881519355,4.742499993881211,116.0,4488.0,,,,,,N4_ATOMIC,0.3082280806900683
SP1_N4_DISTRIBUTED_FAMILY_v2,E5_DPOP_SMALL,E5_DPOP:N6:K2:ring:cv0.65:p0.85:r2,3751549806,ring,6,2,0.65,0.85,OPTIMAL,212.5486090074756,212.5486090074756,0.0,0.0028744000010192394,True,True,geo_qpg_c3,True,212.54860900747556,9.706799988634884,380.0,15432.0,,,,,,N4_ATOMIC,-1.3371863294294427e-16
SP1_N4_DISTRIBUTED_FAMILY_v2,E5_DPOP_SMALL,E5_DPOP:N6:K2:ring:cv0.65:p0.85:r2,3751549806,ring,6,2,0.65,0.85,OPTIMAL,212.5486090074756,212.5486090074756,0.0,0.0028744000010192394,True,True,geo_qpg_d,True,278.06205881519355,5.2097000007051975,205.0,7032.0,,,,,,N4_ATOMIC,0.3082280806900683
SP1_N4_DISTRIBUTED_FAMILY_v2,E5_DPOP_SMALL,E5_DPOP:N6:K2:ring:cv0.65:p0.85:r3,1532567097,ring,6,2,0.65,0.85,OPTIMAL,205.76548997677844,205.76548997677844,0.0,0.0015687999839428812,True,True,dpop_exact_small,True,205.76548997677844,3.7557000177912414,10.0,2944.0,5.0,5.0,363.0,5.0,729.0,EXACT_DISTRIBUTED,0.0
SP1_N4_DISTRIBUTED_FAMILY_v2,E5_DPOP_SMALL,E5_DPOP:N6:K2:ring:cv0.65:p0.85:r3,1532567097,ring,6,2,0.65,0.85,OPTIMAL,205.76548997677844,205.76548997677844,0.0,0.0015687999839428812,True,True,milp_highs,True,205.76548997677844,1.5687999839428812,,,,,,,,CENTRAL_ORACLE,0.0
SP1_N4_DISTRIBUTED_FAMILY_v2,E5_DPOP_SMALL,E5_DPOP:N6:K2:ring:cv0.65:p0.85:r3,1532567097,ring,6,2,0.65,0.85,OPTIMAL,205.76548997677844,205.76548997677844,0.0,0.0015687999839428812,True,True,geo_qpg_u,True,226.42844926051635,1.4546000165864825,43.0,1456.0,,,,,,N4_ATOMIC,0.10041994547321717
SP1_N4_DISTRIBUTED_FAMILY_v2,E5_DPOP_SMALL,E5_DPOP:N6:K2:ring:cv0.65:p0.85:r3,1532567097,ring,6,2,0.65,0.85,OPTIMAL,205.76548997677844,205.76548997677844,0.0,0.0015687999839428812,True,True,geo_qpg_p,True,215.8787673749145,6.64500001585111,142.0,5372.0,,,,,,N4_ATOMIC,0.04914953133918322
SP1_N4_DISTRIBUTED_FAMILY_v2,E5_DPOP_SMALL,E5_DPOP:N6:K2:ring:cv0.65:p0.85:r3,1532567097,ring,6,2,0.65,0.85,OPTIMAL,205.76548997677844,205.76548997677844,0.0,0.0015687999839428812,True,True,geo_qpg_c3,True,215.8787673749145,12.468000000808388,302.0,11772.0,,,,,,N4_ATOMIC,0.04914953133918322
SP1_N4_DISTRIBUTED_FAMILY_v2,E5_DPOP_SMALL,E5_DPOP:N6:K2:ring:cv0.65:p0.85:r3,1532567097,ring,6,2,0.65,0.85,OPTIMAL,205.76548997677844,205.76548997677844,0.0,0.0015687999839428812,True,True,geo_qpg_d,True,205.76548997677844,6.292300007771701,158.0,5676.0,,,,,,N4_ATOMIC,0.0
SP1_N4_DISTRIBUTED_FAMILY_v2,E5_DPOP_SMALL,E5_DPOP:N6:K2:ring:cv0.65:p0.85:r4,70925248,ring,6,2,0.65,0.85,OPTIMAL,171.0883172433737,171.08831724337372,0.0,0.0013964000099804252,True,True,dpop_exact_small,True,171.0883172433737,3.830499976174906,10.0,2944.0,5.0,5.0,363.0,5.0,729.0,EXACT_DISTRIBUTED,0.0
SP1_N4_DISTRIBUTED_FAMILY_v2,E5_DPOP_SMALL,E5_DPOP:N6:K2:ring:cv0.65:p0.85:r4,70925248,ring,6,2,0.65,0.85,OPTIMAL,171.0883172433737,171.08831724337372,0.0,0.0013964000099804252,True,True,milp_highs,True,171.0883172433737,1.3964000099804252,,,,,,,,CENTRAL_ORACLE,0.0
SP1_N4_DISTRIBUTED_FAMILY_v2,E5_DPOP_SMALL,E5_DPOP:N6:K2:ring:cv0.65:p0.85:r4,70925248,ring,6,2,0.65,0.85,OPTIMAL,171.0883172433737,171.08831724337372,0.0,0.0013964000099804252,True,True,geo_qpg_u,True,196.0458804871272,1.5863000007811934,49.0,1708.0,,,,,,N4_ATOMIC,0.1458753212719445
SP1_N4_DISTRIBUTED_FAMILY_v2,E5_DPOP_SMALL,E5_DPOP:N6:K2:ring:cv0.65:p0.85:r4,70925248,ring,6,2,0.65,0.85,OPTIMAL,171.0883172433737,171.08831724337372,0.0,0.0013964000099804252,True,True,geo_qpg_p,True,186.28394577027473,5.867700005182996,129.0,4872.0,,,,,,N4_ATOMIC,0.08881745271528506
SP1_N4_DISTRIBUTED_FAMILY_v2,E5_DPOP_SMALL,E5_DPOP:N6:K2:ring:cv0.65:p0.85:r4,70925248,ring,6,2,0.65,0.85,OPTIMAL,171.0883172433737,171.08831724337372,0.0,0.0013964000099804252,True,True,geo_qpg_c3,True,171.0883172433737,11.621400015428662,323.0,12624.0,,,,,,N4_ATOMIC,0.0
SP1_N4_DISTRIBUTED_FAMILY_v2,E5_DPOP_SMALL,E5_DPOP:N6:K2:ring:cv0.65:p0.85:r4,70925248,ring,6,2,0.65,0.85,OPTIMAL,171.0883172433737,171.08831724337372,0.0,0.0013964000099804252,True,True,geo_qpg_d,True,171.0883172433737,6.488399987574667,149.0,5248.0,,,,,,N4_ATOMIC,0.0
SP1_N4_DISTRIBUTED_FAMILY_v2,E5_DPOP_SMALL,E5_DPOP:N6:K2:ring:cv0.65:p0.85:r5,3799226170,ring,6,2,0.65,0.85,OPTIMAL,196.3582507819127,196.35825078191266,0.0,0.001961500005563721,True,True,dpop_exact_small,True,196.35825078191266,3.8813000137452036,10.0,2944.0,5.0,5.0,363.0,5.0,729.0,EXACT_DISTRIBUTED,-1.4474415675036173e-16
SP1_N4_DISTRIBUTED_FAMILY_v2,E5_DPOP_SMALL,E5_DPOP:N6:K2:ring:cv0.65:p0.85:r5,3799226170,ring,6,2,0.65,0.85,OPTIMAL,196.3582507819127,196.35825078191266,0.0,0.001961500005563721,True,True,milp_highs,True,196.3582507819127,1.961500005563721,,,,,,,,CENTRAL_ORACLE,0.0
SP1_N4_DISTRIBUTED_FAMILY_v2,E5_DPOP_SMALL,E5_DPOP:N6:K2:ring:cv0.65:p0.85:r5,3799226170,ring,6,2,0.65,0.85,OPTIMAL,196.3582507819127,196.35825078191266,0.0,0.001961500005563721,True,True,geo_qpg_u,True,243.6965430362214,1.4632999955210835,40.0,1380.0,,,,,,N4_ATOMIC,0.2410812485128801
SP1_N4_DISTRIBUTED_FAMILY_v2,E5_DPOP_SMALL,E5_DPOP:N6:K2:ring:cv0.65:p0.85:r5,3799226170,ring,6,2,0.65,0.85,OPTIMAL,196.3582507819127,196.35825078191266,0.0,0.001961500005563721,True,True,geo_qpg_p,True,241.86135486734682,7.349699997575954,130.0,4944.0,,,,,,N4_ATOMIC,0.23173512650595274
SP1_N4_DISTRIBUTED_FAMILY_v2,E5_DPOP_SMALL,E5_DPOP:N6:K2:ring:cv0.65:p0.85:r5,3799226170,ring,6,2,0.65,0.85,OPTIMAL,196.3582507819127,196.35825078191266,0.0,0.001961500005563721,True,True,geo_qpg_c3,True,241.86135486734682,12.252999993506819,282.0,11024.0,,,,,,N4_ATOMIC,0.23173512650595274
SP1_N4_DISTRIBUTED_FAMILY_v2,E5_DPOP_SMALL,E5_DPOP:N6:K2:ring:cv0.65:p0.85:r5,3799226170,ring,6,2,0.65,0.85,OPTIMAL,196.3582507819127,196.35825078191266,0.0,0.001961500005563721,True,True,geo_qpg_d,True,241.86135486734682,8.832599996821955,216.0,7840.0,,,,,,N4_ATOMIC,0.23173512650595274
SP1_N4_DISTRIBUTED_FAMILY_v2,E5_DPOP_SMALL,E5_DPOP:N6:K2:ring:cv0.65:p0.85:r6,1879063058,ring,6,2,0.65,0.85,OPTIMAL,232.78566879797233,232.78566879797233,0.0,0.0022166999988257885,True,True,dpop_exact_small,True,232.78566879797233,3.742700006114319,10.0,2944.0,5.0,5.0,363.0,5.0,729.0,EXACT_DISTRIBUTED,0.0
SP1_N4_DISTRIBUTED_FAMILY_v2,E5_DPOP_SMALL,E5_DPOP:N6:K2:ring:cv0.65:p0.85:r6,1879063058,ring,6,2,0.65,0.85,OPTIMAL,232.78566879797233,232.78566879797233,0.0,0.0022166999988257885,True,True,milp_highs,True,232.78566879797233,2.2166999988257885,,,,,,,,CENTRAL_ORACLE,0.0
SP1_N4_DISTRIBUTED_FAMILY_v2,E5_DPOP_SMALL,E5_DPOP:N6:K2:ring:cv0.65:p0.85:r6,1879063058,ring,6,2,0.65,0.85,OPTIMAL,232.78566879797233,232.78566879797233,0.0,0.0022166999988257885,True,True,geo_qpg_u,True,261.53647639311254,1.4106000016909093,40.0,1380.0,,,,,,N4_ATOMIC,0.12350763577328362
SP1_N4_DISTRIBUTED_FAMILY_v2,E5_DPOP_SMALL,E5_DPOP:N6:K2:ring:cv0.65:p0.85:r6,1879063058,ring,6,2,0.65,0.85,OPTIMAL,232.78566879797233,232.78566879797233,0.0,0.0022166999988257885,True,True,geo_qpg_p,True,261.53647639311254,6.195599999045953,100.0,3780.0,,,,,,N4_ATOMIC,0.12350763577328362
SP1_N4_DISTRIBUTED_FAMILY_v2,E5_DPOP_SMALL,E5_DPOP:N6:K2:ring:cv0.65:p0.85:r6,1879063058,ring,6,2,0.65,0.85,OPTIMAL,232.78566879797233,232.78566879797233,0.0,0.0022166999988257885,True,True,geo_qpg_c3,True,232.78566879797233,13.19229998625815,366.0,14468.0,,,,,,N4_ATOMIC,0.0
SP1_N4_DISTRIBUTED_FAMILY_v2,E5_DPOP_SMALL,E5_DPOP:N6:K2:ring:cv0.65:p0.85:r6,1879063058,ring,6,2,0.65,0.85,OPTIMAL,232.78566879797233,232.78566879797233,0.0,0.0022166999988257885,True,True,geo_qpg_d,True,237.89221834143086,7.889000000432134,208.0,7588.0,,,,,,N4_ATOMIC,0.021936700699089633
SP1_N4_DISTRIBUTED_FAMILY_v2,E5_DPOP_SMALL,E5_DPOP:N6:K2:ring:cv0.65:p0.85:r7,494274058,ring,6,2,0.65,0.85,OPTIMAL,177.7663716386667,177.76637163866673,0.0,0.0019890000112354755,True,True,dpop_exact_small,True,177.7663716386667,5.180100008146837,10.0,2944.0,5.0,5.0,363.0,5.0,729.0,EXACT_DISTRIBUTED,0.0
SP1_N4_DISTRIBUTED_FAMILY_v2,E5_DPOP_SMALL,E5_DPOP:N6:K2:ring:cv0.65:p0.85:r7,494274058,ring,6,2,0.65,0.85,OPTIMAL,177.7663716386667,177.76637163866673,0.0,0.0019890000112354755,True,True,milp_highs,True,177.7663716386667,1.9890000112354755,,,,,,,,CENTRAL_ORACLE,0.0
SP1_N4_DISTRIBUTED_FAMILY_v2,E5_DPOP_SMALL,E5_DPOP:N6:K2:ring:cv0.65:p0.85:r7,494274058,ring,6,2,0.65,0.85,OPTIMAL,177.7663716386667,177.76637163866673,0.0,0.0019890000112354755,True,True,geo_qpg_u,True,245.20500141548646,1.3507999829016626,47.0,1624.0,,,,,,N4_ATOMIC,0.37936663248039715
SP1_N4_DISTRIBUTED_FAMILY_v2,E5_DPOP_SMALL,E5_DPOP:N6:K2:ring:cv0.65:p0.85:r7,494274058,ring,6,2,0.65,0.85,OPTIMAL,177.7663716386667,177.76637163866673,0.0,0.0019890000112354755,True,True,geo_qpg_p,True,207.89608119654423,5.680199974449351,126.0,4776.0,,,,,,N4_ATOMIC,0.1694904906937072
SP1_N4_DISTRIBUTED_FAMILY_v2,E5_DPOP_SMALL,E5_DPOP:N6:K2:ring:cv0.65:p0.85:r7,494274058,ring,6,2,0.65,0.85,OPTIMAL,177.7663716386667,177.76637163866673,0.0,0.0019890000112354755,True,True,geo_qpg_c3,True,207.89608119654423,12.505699996836483,286.0,11176.0,,,,,,N4_ATOMIC,0.1694904906937072
SP1_N4_DISTRIBUTED_FAMILY_v2,E5_DPOP_SMALL,E5_DPOP:N6:K2:ring:cv0.65:p0.85:r7,494274058,ring,6,2,0.65,0.85,OPTIMAL,177.7663716386667,177.76637163866673,0.0,0.0019890000112354755,True,True,geo_qpg_d,True,207.89608119654423,9.001400001579896,187.0,6784.0,,,,,,N4_ATOMIC,0.1694904906937072
SP1_N4_DISTRIBUTED_FAMILY_v2,E5_DPOP_SMALL,E5_DPOP:N6:K2:ring:cv0.65:p0.85:r8,2403120955,ring,6,2,0.65,0.85,OPTIMAL,185.2424834032239,185.24248340322393,0.0,0.003121999994618818,True,True,dpop_exact_small,True,185.24248340322393,3.1729000038467348,10.0,2944.0,5.0,5.0,363.0,5.0,729.0,EXACT_DISTRIBUTED,1.5342975816480208e-16
SP1_N4_DISTRIBUTED_FAMILY_v2,E5_DPOP_SMALL,E5_DPOP:N6:K2:ring:cv0.65:p0.85:r8,2403120955,ring,6,2,0.65,0.85,OPTIMAL,185.2424834032239,185.24248340322393,0.0,0.003121999994618818,True,True,milp_highs,True,185.2424834032239,3.121999994618818,,,,,,,,CENTRAL_ORACLE,0.0
SP1_N4_DISTRIBUTED_FAMILY_v2,E5_DPOP_SMALL,E5_DPOP:N6:K2:ring:cv0.65:p0.85:r8,2403120955,ring,6,2,0.65,0.85,OPTIMAL,185.2424834032239,185.24248340322393,0.0,0.003121999994618818,True,True,geo_qpg_u,True,222.38938564842576,1.2707999849226326,38.0,1296.0,,,,,,N4_ATOMIC,0.2005312256818695
SP1_N4_DISTRIBUTED_FAMILY_v2,E5_DPOP_SMALL,E5_DPOP:N6:K2:ring:cv0.65:p0.85:r8,2403120955,ring,6,2,0.65,0.85,OPTIMAL,185.2424834032239,185.24248340322393,0.0,0.003121999994618818,True,True,geo_qpg_p,True,215.87278374112347,5.548999994061887,122.0,4672.0,,,,,,N4_ATOMIC,0.16535246005758575
SP1_N4_DISTRIBUTED_FAMILY_v2,E5_DPOP_SMALL,E5_DPOP:N6:K2:ring:cv0.65:p0.85:r8,2403120955,ring,6,2,0.65,0.85,OPTIMAL,185.2424834032239,185.24248340322393,0.0,0.003121999994618818,True,True,geo_qpg_c3,True,185.2424834032239,10.502499993890524,320.0,12720.0,,,,,,N4_ATOMIC,0.0
SP1_N4_DISTRIBUTED_FAMILY_v2,E5_DPOP_SMALL,E5_DPOP:N6:K2:ring:cv0.65:p0.85:r8,2403120955,ring,6,2,0.65,0.85,OPTIMAL,185.2424834032239,185.24248340322393,0.0,0.003121999994618818,True,True,geo_qpg_d,True,215.87278374112347,7.451099983882159,214.0,7876.0,,,,,,N4_ATOMIC,0.16535246005758575
SP1_N4_DISTRIBUTED_FAMILY_v2,E5_DPOP_SMALL,E5_DPOP:N6:K2:ring:cv0.65:p0.85:r9,2997262795,ring,6,2,0.65,0.85,OPTIMAL,193.71481298293855,193.71481298293855,0.0,0.002998500014655292,True,True,dpop_exact_small,True,193.71481298293855,3.2752999977674335,10.0,2944.0,5.0,5.0,363.0,5.0,729.0,EXACT_DISTRIBUTED,0.0
SP1_N4_DISTRIBUTED_FAMILY_v2,E5_DPOP_SMALL,E5_DPOP:N6:K2:ring:cv0.65:p0.85:r9,2997262795,ring,6,2,0.65,0.85,OPTIMAL,193.71481298293855,193.71481298293855,0.0,0.002998500014655292,True,True,milp_highs,True,193.71481298293855,2.998500014655292,,,,,,,,CENTRAL_ORACLE,0.0
SP1_N4_DISTRIBUTED_FAMILY_v2,E5_DPOP_SMALL,E5_DPOP:N6:K2:ring:cv0.65:p0.85:r9,2997262795,ring,6,2,0.65,0.85,OPTIMAL,193.71481298293855,193.71481298293855,0.0,0.002998500014655292,True,True,geo_qpg_u,True,210.33441773115294,1.338500005658716,47.0,1624.0,,,,,,N4_ATOMIC,0.08579418626947315
SP1_N4_DISTRIBUTED_FAMILY_v2,E5_DPOP_SMALL,E5_DPOP:N6:K2:ring:cv0.65:p0.85:r9,2997262795,ring,6,2,0.65,0.85,OPTIMAL,193.71481298293855,193.71481298293855,0.0,0.002998500014655292,True,True,geo_qpg_p,True,193.71481298293858,6.9441999949049205,150.0,5624.0,,,,,,N4_ATOMIC,1.467193395938557e-16
SP1_N4_DISTRIBUTED_FAMILY_v2,E5_DPOP_SMALL,E5_DPOP:N6:K2:ring:cv0.65:p0.85:r9,2997262795,ring,6,2,0.65,0.85,OPTIMAL,193.71481298293855,193.71481298293855,0.0,0.002998500014655292,True,True,geo_qpg_c3,True,193.71481298293858,14.412199991056696,330.0,12824.0,,,,,,N4_ATOMIC,1.467193395938557e-16
SP1_N4_DISTRIBUTED_FAMILY_v2,E5_DPOP_SMALL,E5_DPOP:N6:K2:ring:cv0.65:p0.85:r9,2997262795,ring,6,2,0.65,0.85,OPTIMAL,193.71481298293855,193.71481298293855,0.0,0.002998500014655292,True,True,geo_qpg_d,True,193.71481298293858,6.534699990879744,205.0,7392.0,,,,,,N4_ATOMIC,1.467193395938557e-16
SP1_N4_DISTRIBUTED_FAMILY_v2,E5_DPOP_SMALL,E5_DPOP:N6:K2:corridor:cv0.35:p0.7:r0,3249978116,corridor,6,2,0.35,0.7,OPTIMAL,83.66240643243631,83.66240643243631,0.0,0.002346099994610995,True,True,dpop_exact_small,True,83.66240643243631,4.382299986900762,10.0,2944.0,5.0,5.0,363.0,5.0,729.0,EXACT_DISTRIBUTED,0.0
SP1_N4_DISTRIBUTED_FAMILY_v2,E5_DPOP_SMALL,E5_DPOP:N6:K2:corridor:cv0.35:p0.7:r0,3249978116,corridor,6,2,0.35,0.7,OPTIMAL,83.66240643243631,83.66240643243631,0.0,0.002346099994610995,True,True,milp_highs,True,83.66240643243631,2.346099994610995,,,,,,,,CENTRAL_ORACLE,0.0
SP1_N4_DISTRIBUTED_FAMILY_v2,E5_DPOP_SMALL,E5_DPOP:N6:K2:corridor:cv0.35:p0.7:r0,3249978116,corridor,6,2,0.35,0.7,OPTIMAL,83.66240643243631,83.66240643243631,0.0,0.002346099994610995,True,True,geo_qpg_u,True,83.66240643243631,1.694299979135394,54.0,1868.0,,,,,,N4_ATOMIC,0.0
SP1_N4_DISTRIBUTED_FAMILY_v2,E5_DPOP_SMALL,E5_DPOP:N6:K2:corridor:cv0.35:p0.7:r0,3249978116,corridor,6,2,0.35,0.7,OPTIMAL,83.66240643243631,83.66240643243631,0.0,0.002346099994610995,True,True,geo_qpg_p,True,83.66240643243631,4.199699993478134,94.0,3468.0,,,,,,N4_ATOMIC,0.0
SP1_N4_DISTRIBUTED_FAMILY_v2,E5_DPOP_SMALL,E5_DPOP:N6:K2:corridor:cv0.35:p0.7:r0,3249978116,corridor,6,2,0.35,0.7,OPTIMAL,83.66240643243631,83.66240643243631,0.0,0.002346099994610995,True,True,geo_qpg_c3,True,83.66240643243631,8.159799996064976,210.0,8108.0,,,,,,N4_ATOMIC,0.0
SP1_N4_DISTRIBUTED_FAMILY_v2,E5_DPOP_SMALL,E5_DPOP:N6:K2:corridor:cv0.35:p0.7:r0,3249978116,corridor,6,2,0.35,0.7,OPTIMAL,83.66240643243631,83.66240643243631,0.0,0.002346099994610995,True,True,geo_qpg_d,True,83.66240643243631,4.362900013802573,139.0,4888.0,,,,,,N4_ATOMIC,0.0
SP1_N4_DISTRIBUTED_FAMILY_v2,E5_DPOP_SMALL,E5_DPOP:N6:K2:corridor:cv0.35:p0.7:r1,3787406360,corridor,6,2,0.35,0.7,OPTIMAL,147.30185805982234,147.30185805982234,0.0,0.001374299987219274,True,True,dpop_exact_small,True,147.30185805982234,3.9297999755945057,10.0,2944.0,5.0,5.0,363.0,5.0,729.0,EXACT_DISTRIBUTED,0.0
SP1_N4_DISTRIBUTED_FAMILY_v2,E5_DPOP_SMALL,E5_DPOP:N6:K2:corridor:cv0.35:p0.7:r1,3787406360,corridor,6,2,0.35,0.7,OPTIMAL,147.30185805982234,147.30185805982234,0.0,0.001374299987219274,True,True,milp_highs,True,147.30185805982234,1.374299987219274,,,,,,,,CENTRAL_ORACLE,0.0
SP1_N4_DISTRIBUTED_FAMILY_v2,E5_DPOP_SMALL,E5_DPOP:N6:K2:corridor:cv0.35:p0.7:r1,3787406360,corridor,6,2,0.35,0.7,OPTIMAL,147.30185805982234,147.30185805982234,0.0,0.001374299987219274,True,True,geo_qpg_u,True,229.20726223181555,1.5618999896105379,47.0,1624.0,,,,,,N4_ATOMIC,0.5560378209128206
SP1_N4_DISTRIBUTED_FAMILY_v2,E5_DPOP_SMALL,E5_DPOP:N6:K2:corridor:cv0.35:p0.7:r1,3787406360,corridor,6,2,0.35,0.7,OPTIMAL,147.30185805982234,147.30185805982234,0.0,0.001374299987219274,True,True,geo_qpg_p,True,229.20726223181555,5.651600018609315,107.0,4024.0,,,,,,N4_ATOMIC,0.5560378209128206
SP1_N4_DISTRIBUTED_FAMILY_v2,E5_DPOP_SMALL,E5_DPOP:N6:K2:corridor:cv0.35:p0.7:r1,3787406360,corridor,6,2,0.35,0.7,OPTIMAL,147.30185805982234,147.30185805982234,0.0,0.001374299987219274,True,True,geo_qpg_c3,True,147.30185805982234,15.379199991002679,316.0,12468.0,,,,,,N4_ATOMIC,0.0
SP1_N4_DISTRIBUTED_FAMILY_v2,E5_DPOP_SMALL,E5_DPOP:N6:K2:corridor:cv0.35:p0.7:r1,3787406360,corridor,6,2,0.35,0.7,OPTIMAL,147.30185805982234,147.30185805982234,0.0,0.001374299987219274,True,True,geo_qpg_d,True,147.30185805982234,5.670299986377358,171.0,6092.0,,,,,,N4_ATOMIC,0.0
SP1_N4_DISTRIBUTED_FAMILY_v2,E5_DPOP_SMALL,E5_DPOP:N6:K2:corridor:cv0.35:p0.7:r2,2784348256,corridor,6,2,0.35,0.7,OPTIMAL,77.89867677098873,77.89867677098873,0.0,0.0019289999909233302,True,True,dpop_exact_small,True,77.89867677098873,3.395400010049343,10.0,2944.0,5.0,5.0,363.0,5.0,729.0,EXACT_DISTRIBUTED,0.0
SP1_N4_DISTRIBUTED_FAMILY_v2,E5_DPOP_SMALL,E5_DPOP:N6:K2:corridor:cv0.35:p0.7:r2,2784348256,corridor,6,2,0.35,0.7,OPTIMAL,77.89867677098873,77.89867677098873,0.0,0.0019289999909233302,True,True,milp_highs,True,77.89867677098873,1.9289999909233302,,,,,,,,CENTRAL_ORACLE,0.0
SP1_N4_DISTRIBUTED_FAMILY_v2,E5_DPOP_SMALL,E5_DPOP:N6:K2:corridor:cv0.35:p0.7:r2,2784348256,corridor,6,2,0.35,0.7,OPTIMAL,77.89867677098873,77.89867677098873,0.0,0.0019289999909233302,True,True,geo_qpg_u,True,77.89867677098873,1.5626000240445137,63.0,2196.0,,,,,,N4_ATOMIC,0.0
SP1_N4_DISTRIBUTED_FAMILY_v2,E5_DPOP_SMALL,E5_DPOP:N6:K2:corridor:cv0.35:p0.7:r2,2784348256,corridor,6,2,0.35,0.7,OPTIMAL,77.89867677098873,77.89867677098873,0.0,0.0019289999909233302,True,True,geo_qpg_p,True,77.89867677098873,4.427199979545549,103.0,3796.0,,,,,,N4_ATOMIC,0.0
SP1_N4_DISTRIBUTED_FAMILY_v2,E5_DPOP_SMALL,E5_DPOP:N6:K2:corridor:cv0.35:p0.7:r2,2784348256,corridor,6,2,0.35,0.7,OPTIMAL,77.89867677098873,77.89867677098873,0.0,0.0019289999909233302,True,True,geo_qpg_c3,True,77.89867677098873,11.554199998499826,223.0,8596.0,,,,,,N4_ATOMIC,0.0
SP1_N4_DISTRIBUTED_FAMILY_v2,E5_DPOP_SMALL,E5_DPOP:N6:K2:corridor:cv0.35:p0.7:r2,2784348256,corridor,6,2,0.35,0.7,OPTIMAL,77.89867677098873,77.89867677098873,0.0,0.0019289999909233302,True,True,geo_qpg_d,True,77.89867677098873,4.117599979508668,118.0,4224.0,,,,,,N4_ATOMIC,0.0
SP1_N4_DISTRIBUTED_FAMILY_v2,E5_DPOP_SMALL,E5_DPOP:N6:K2:corridor:cv0.35:p0.7:r3,1164508230,corridor,6,2,0.35,0.7,OPTIMAL,77.8470745709242,77.8470745709242,0.0,0.0016395999991800636,True,True,dpop_exact_small,True,77.8470745709242,4.792799998540431,10.0,2944.0,5.0,5.0,363.0,5.0,729.0,EXACT_DISTRIBUTED,0.0
SP1_N4_DISTRIBUTED_FAMILY_v2,E5_DPOP_SMALL,E5_DPOP:N6:K2:corridor:cv0.35:p0.7:r3,1164508230,corridor,6,2,0.35,0.7,OPTIMAL,77.8470745709242,77.8470745709242,0.0,0.0016395999991800636,True,True,milp_highs,True,77.8470745709242,1.6395999991800636,,,,,,,,CENTRAL_ORACLE,0.0
SP1_N4_DISTRIBUTED_FAMILY_v2,E5_DPOP_SMALL,E5_DPOP:N6:K2:corridor:cv0.35:p0.7:r3,1164508230,corridor,6,2,0.35,0.7,OPTIMAL,77.8470745709242,77.8470745709242,0.0,0.0016395999991800636,True,True,geo_qpg_u,True,171.4884229897255,1.080499991076067,37.0,1304.0,,,,,,N4_ATOMIC,1.2028884699255769
SP1_N4_DISTRIBUTED_FAMILY_v2,E5_DPOP_SMALL,E5_DPOP:N6:K2:corridor:cv0.35:p0.7:r3,1164508230,corridor,6,2,0.35,0.7,OPTIMAL,77.8470745709242,77.8470745709242,0.0,0.0016395999991800636,True,True,geo_qpg_p,True,77.8470745709242,3.787099994951859,127.0,4904.0,,,,,,N4_ATOMIC,0.0
SP1_N4_DISTRIBUTED_FAMILY_v2,E5_DPOP_SMALL,E5_DPOP:N6:K2:corridor:cv0.35:p0.7:r3,1164508230,corridor,6,2,0.35,0.7,OPTIMAL,77.8470745709242,77.8470745709242,0.0,0.0016395999991800636,True,True,geo_qpg_c3,True,77.8470745709242,7.597299991175532,203.0,7944.0,,,,,,N4_ATOMIC,0.0
SP1_N4_DISTRIBUTED_FAMILY_v2,E5_DPOP_SMALL,E5_DPOP:N6:K2:corridor:cv0.35:p0.7:r3,1164508230,corridor,6,2,0.35,0.7,OPTIMAL,77.8470745709242,77.8470745709242,0.0,0.0016395999991800636,True,True,geo_qpg_d,True,77.8470745709242,5.94570001703687,150.0,5252.0,,,,,,N4_ATOMIC,0.0
SP1_N4_DISTRIBUTED_FAMILY_v2,E5_DPOP_SMALL,E5_DPOP:N6:K2:corridor:cv0.35:p0.7:r4,2124949648,corridor,6,2,0.35,0.7,OPTIMAL,150.56845005487014,150.5684500548701,0.0,0.0013722000003326684,True,True,dpop_exact_small,True,150.56845005487014,3.7973000144120306,10.0,2944.0,5.0,5.0,363.0,5.0,729.0,EXACT_DISTRIBUTED,0.0
SP1_N4_DISTRIBUTED_FAMILY_v2,E5_DPOP_SMALL,E5_DPOP:N6:K2:corridor:cv0.35:p0.7:r4,2124949648,corridor,6,2,0.35,0.7,OPTIMAL,150.56845005487014,150.5684500548701,0.0,0.0013722000003326684,True,True,milp_highs,True,150.56845005487014,1.3722000003326684,,,,,,,,CENTRAL_ORACLE,0.0
SP1_N4_DISTRIBUTED_FAMILY_v2,E5_DPOP_SMALL,E5_DPOP:N6:K2:corridor:cv0.35:p0.7:r4,2124949648,corridor,6,2,0.35,0.7,OPTIMAL,150.56845005487014,150.5684500548701,0.0,0.0013722000003326684,True,True,geo_qpg_u,True,250.69670819894964,1.6115000180434436,45.0,1540.0,,,,,,N4_ATOMIC,0.6650015863721169
SP1_N4_DISTRIBUTED_FAMILY_v2,E5_DPOP_SMALL,E5_DPOP:N6:K2:corridor:cv0.35:p0.7:r4,2124949648,corridor,6,2,0.35,0.7,OPTIMAL,150.56845005487014,150.5684500548701,0.0,0.0013722000003326684,True,True,geo_qpg_p,True,228.73335029280742,8.971300005214289,158.0,5968.0,,,,,,N4_ATOMIC,0.5191319975031451
SP1_N4_DISTRIBUTED_FAMILY_v2,E5_DPOP_SMALL,E5_DPOP:N6:K2:corridor:cv0.35:p0.7:r4,2124949648,corridor,6,2,0.35,0.7,OPTIMAL,150.56845005487014,150.5684500548701,0.0,0.0013722000003326684,True,True,geo_qpg_c3,True,150.56845005487014,14.589099999284372,351.0,13640.0,,,,,,N4_ATOMIC,0.0
SP1_N4_DISTRIBUTED_FAMILY_v2,E5_DPOP_SMALL,E5_DPOP:N6:K2:corridor:cv0.35:p0.7:r4,2124949648,corridor,6,2,0.35,0.7,OPTIMAL,150.56845005487014,150.5684500548701,0.0,0.0013722000003326684,True,True,geo_qpg_d,True,228.73335029280742,7.095700013451278,196.0,7144.0,,,,,,N4_ATOMIC,0.5191319975031451
SP1_N4_DISTRIBUTED_FAMILY_v2,E5_DPOP_SMALL,E5_DPOP:N6:K2:corridor:cv0.35:p0.7:r5,3165434952,corridor,6,2,0.35,0.7,OPTIMAL,58.94212602464595,58.94212602464595,0.0,0.001430200005415827,True,True,dpop_exact_small,True,58.942126024645944,4.08780001453124,10.0,2944.0,5.0,5.0,363.0,5.0,729.0,EXACT_DISTRIBUTED,-1.2054922068182527e-16
SP1_N4_DISTRIBUTED_FAMILY_v2,E5_DPOP_SMALL,E5_DPOP:N6:K2:corridor:cv0.35:p0.7:r5,3165434952,corridor,6,2,0.35,0.7,OPTIMAL,58.94212602464595,58.94212602464595,0.0,0.001430200005415827,True,True,milp_highs,True,58.94212602464595,1.430200005415827,,,,,,,,CENTRAL_ORACLE,0.0
SP1_N4_DISTRIBUTED_FAMILY_v2,E5_DPOP_SMALL,E5_DPOP:N6:K2:corridor:cv0.35:p0.7:r5,3165434952,corridor,6,2,0.35,0.7,OPTIMAL,58.94212602464595,58.94212602464595,0.0,0.001430200005415827,True,True,geo_qpg_u,True,155.23485966049063,2.6336000009905547,68.0,2456.0,,,,,,N4_ATOMIC,1.6336827347486758
SP1_N4_DISTRIBUTED_FAMILY_v2,E5_DPOP_SMALL,E5_DPOP:N6:K2:corridor:cv0.35:p0.7:r5,3165434952,corridor,6,2,0.35,0.7,OPTIMAL,58.94212602464595,58.94212602464595,0.0,0.001430200005415827,True,True,geo_qpg_p,True,155.23485966049063,4.206499987049028,104.0,3896.0,,,,,,N4_ATOMIC,1.6336827347486758
SP1_N4_DISTRIBUTED_FAMILY_v2,E5_DPOP_SMALL,E5_DPOP:N6:K2:corridor:cv0.35:p0.7:r5,3165434952,corridor,6,2,0.35,0.7,OPTIMAL,58.94212602464595,58.94212602464595,0.0,0.001430200005415827,True,True,geo_qpg_c3,True,58.94212602464595,10.536899993894622,274.0,10824.0,,,,,,N4_ATOMIC,0.0
SP1_N4_DISTRIBUTED_FAMILY_v2,E5_DPOP_SMALL,E5_DPOP:N6:K2:corridor:cv0.35:p0.7:r5,3165434952,corridor,6,2,0.35,0.7,OPTIMAL,58.94212602464595,58.94212602464595,0.0,0.001430200005415827,True,True,geo_qpg_d,True,58.94212602464595,6.095499993534759,237.0,8492.0,,,,,,N4_ATOMIC,0.0
SP1_N4_DISTRIBUTED_FAMILY_v2,E5_DPOP_SMALL,E5_DPOP:N6:K2:corridor:cv0.35:p0.7:r6,180793499,corridor,6,2,0.35,0.7,OPTIMAL,165.2358298642394,165.23582986423938,0.0,0.004496100009419024,True,True,dpop_exact_small,True,165.23582986423935,5.022800003644079,10.0,2944.0,5.0,5.0,363.0,5.0,729.0,EXACT_DISTRIBUTED,-3.4401387948068856e-16
SP1_N4_DISTRIBUTED_FAMILY_v2,E5_DPOP_SMALL,E5_DPOP:N6:K2:corridor:cv0.35:p0.7:r6,180793499,corridor,6,2,0.35,0.7,OPTIMAL,165.2358298642394,165.23582986423938,0.0,0.004496100009419024,True,True,milp_highs,True,165.2358298642394,4.496100009419024,,,,,,,,CENTRAL_ORACLE,0.0
SP1_N4_DISTRIBUTED_FAMILY_v2,E5_DPOP_SMALL,E5_DPOP:N6:K2:corridor:cv0.35:p0.7:r6,180793499,corridor,6,2,0.35,0.7,OPTIMAL,165.2358298642394,165.23582986423938,0.0,0.004496100009419024,True,True,geo_qpg_u,True,228.5317803600662,1.5264000103343278,53.0,1876.0,,,,,,N4_ATOMIC,0.3830643181193318
SP1_N4_DISTRIBUTED_FAMILY_v2,E5_DPOP_SMALL,E5_DPOP:N6:K2:corridor:cv0.35:p0.7:r6,180793499,corridor,6,2,0.35,0.7,OPTIMAL,165.2358298642394,165.23582986423938,0.0,0.004496100009419024,True,True,geo_qpg_p,True,206.40310747657352,4.7808999952394515,126.0,4816.0,,,,,,N4_ATOMIC,0.2491425597351244
SP1_N4_DISTRIBUTED_FAMILY_v2,E5_DPOP_SMALL,E5_DPOP:N6:K2:corridor:cv0.35:p0.7:r6,180793499,corridor,6,2,0.35,0.7,OPTIMAL,165.2358298642394,165.23582986423938,0.0,0.004496100009419024,True,True,geo_qpg_c3,True,165.2358298642394,9.179200016660616,218.0,8536.0,,,,,,N4_ATOMIC,0.0
SP1_N4_DISTRIBUTED_FAMILY_v2,E5_DPOP_SMALL,E5_DPOP:N6:K2:corridor:cv0.35:p0.7:r6,180793499,corridor,6,2,0.35,0.7,OPTIMAL,165.2358298642394,165.23582986423938,0.0,0.004496100009419024,True,True,geo_qpg_d,True,165.2358298642394,3.5368000098969787,149.0,5120.0,,,,,,N4_ATOMIC,0.0
SP1_N4_DISTRIBUTED_FAMILY_v2,E5_DPOP_SMALL,E5_DPOP:N6:K2:corridor:cv0.35:p0.7:r7,4129923244,corridor,6,2,0.35,0.7,OPTIMAL,39.39469288297256,39.39469288297256,0.0,0.0014869000006001443,True,True,dpop_exact_small,True,39.39469288297256,3.775999997742474,10.0,2944.0,5.0,5.0,363.0,5.0,729.0,EXACT_DISTRIBUTED,0.0
SP1_N4_DISTRIBUTED_FAMILY_v2,E5_DPOP_SMALL,E5_DPOP:N6:K2:corridor:cv0.35:p0.7:r7,4129923244,corridor,6,2,0.35,0.7,OPTIMAL,39.39469288297256,39.39469288297256,0.0,0.0014869000006001443,True,True,milp_highs,True,39.39469288297256,1.4869000006001443,,,,,,,,CENTRAL_ORACLE,0.0
SP1_N4_DISTRIBUTED_FAMILY_v2,E5_DPOP_SMALL,E5_DPOP:N6:K2:corridor:cv0.35:p0.7:r7,4129923244,corridor,6,2,0.35,0.7,OPTIMAL,39.39469288297256,39.39469288297256,0.0,0.0014869000006001443,True,True,geo_qpg_u,True,52.94941611579284,3.0069999920669943,55.0,1960.0,,,,,,N4_ATOMIC,0.34407485478022326
SP1_N4_DISTRIBUTED_FAMILY_v2,E5_DPOP_SMALL,E5_DPOP:N6:K2:corridor:cv0.35:p0.7:r7,4129923244,corridor,6,2,0.35,0.7,OPTIMAL,39.39469288297256,39.39469288297256,0.0,0.0014869000006001443,True,True,geo_qpg_p,True,39.39469288297256,4.29370001074858,106.0,4024.0,,,,,,N4_ATOMIC,0.0
SP1_N4_DISTRIBUTED_FAMILY_v2,E5_DPOP_SMALL,E5_DPOP:N6:K2:corridor:cv0.35:p0.7:r7,4129923244,corridor,6,2,0.35,0.7,OPTIMAL,39.39469288297256,39.39469288297256,0.0,0.0014869000006001443,True,True,geo_qpg_c3,True,39.39469288297256,7.307799998670816,218.0,8504.0,,,,,,N4_ATOMIC,0.0
SP1_N4_DISTRIBUTED_FAMILY_v2,E5_DPOP_SMALL,E5_DPOP:N6:K2:corridor:cv0.35:p0.7:r7,4129923244,corridor,6,2,0.35,0.7,OPTIMAL,39.39469288297256,39.39469288297256,0.0,0.0014869000006001443,True,True,geo_qpg_d,True,39.39469288297256,6.538999994518235,242.0,8656.0,,,,,,N4_ATOMIC,0.0
SP1_N4_DISTRIBUTED_FAMILY_v2,E5_DPOP_SMALL,E5_DPOP:N6:K2:corridor:cv0.35:p0.7:r8,3171643156,corridor,6,2,0.35,0.7,OPTIMAL,85.62893533810117,85.62893533810117,0.0,0.0018515999836381525,True,True,dpop_exact_small,True,85.62893533810119,3.862700017634779,10.0,2944.0,5.0,5.0,363.0,5.0,729.0,EXACT_DISTRIBUTED,1.6595855897415074e-16
SP1_N4_DISTRIBUTED_FAMILY_v2,E5_DPOP_SMALL,E5_DPOP:N6:K2:corridor:cv0.35:p0.7:r8,3171643156,corridor,6,2,0.35,0.7,OPTIMAL,85.62893533810117,85.62893533810117,0.0,0.0018515999836381525,True,True,milp_highs,True,85.62893533810117,1.8515999836381525,,,,,,,,CENTRAL_ORACLE,0.0
SP1_N4_DISTRIBUTED_FAMILY_v2,E5_DPOP_SMALL,E5_DPOP:N6:K2:corridor:cv0.35:p0.7:r8,3171643156,corridor,6,2,0.35,0.7,OPTIMAL,85.62893533810117,85.62893533810117,0.0,0.0018515999836381525,True,True,geo_qpg_u,True,159.82607238142992,1.1618999997153878,28.0,976.0,,,,,,N4_ATOMIC,0.8664960827828282
SP1_N4_DISTRIBUTED_FAMILY_v2,E5_DPOP_SMALL,E5_DPOP:N6:K2:corridor:cv0.35:p0.7:r8,3171643156,corridor,6,2,0.35,0.7,OPTIMAL,85.62893533810117,85.62893533810117,0.0,0.0018515999836381525,True,True,geo_qpg_p,True,114.46469955135653,4.304800007957965,88.0,3428.0,,,,,,N4_ATOMIC,0.3367525720061673
SP1_N4_DISTRIBUTED_FAMILY_v2,E5_DPOP_SMALL,E5_DPOP:N6:K2:corridor:cv0.35:p0.7:r8,3171643156,corridor,6,2,0.35,0.7,OPTIMAL,85.62893533810117,85.62893533810117,0.0,0.0018515999836381525,True,True,geo_qpg_c3,True,85.62893533810119,8.39490001089871,240.0,9492.0,,,,,,N4_ATOMIC,1.6595855897415074e-16
SP1_N4_DISTRIBUTED_FAMILY_v2,E5_DPOP_SMALL,E5_DPOP:N6:K2:corridor:cv0.35:p0.7:r8,3171643156,corridor,6,2,0.35,0.7,OPTIMAL,85.62893533810117,85.62893533810117,0.0,0.0018515999836381525,True,True,geo_qpg_d,True,114.46469955135653,4.080700018675998,140.0,5052.0,,,,,,N4_ATOMIC,0.3367525720061673
SP1_N4_DISTRIBUTED_FAMILY_v2,E5_DPOP_SMALL,E5_DPOP:N6:K2:corridor:cv0.35:p0.7:r9,574792350,corridor,6,2,0.35,0.7,OPTIMAL,73.86213368618078,73.86213368618078,0.0,0.0013390000094659626,True,True,dpop_exact_small,True,73.86213368618078,3.8109000015538186,10.0,2944.0,5.0,5.0,363.0,5.0,729.0,EXACT_DISTRIBUTED,0.0
SP1_N4_DISTRIBUTED_FAMILY_v2,E5_DPOP_SMALL,E5_DPOP:N6:K2:corridor:cv0.35:p0.7:r9,574792350,corridor,6,2,0.35,0.7,OPTIMAL,73.86213368618078,73.86213368618078,0.0,0.0013390000094659626,True,True,milp_highs,True,73.86213368618078,1.3390000094659626,,,,,,,,CENTRAL_ORACLE,0.0
SP1_N4_DISTRIBUTED_FAMILY_v2,E5_DPOP_SMALL,E5_DPOP:N6:K2:corridor:cv0.35:p0.7:r9,574792350,corridor,6,2,0.35,0.7,OPTIMAL,73.86213368618078,73.86213368618078,0.0,0.0013390000094659626,True,True,geo_qpg_u,True,129.33486702775983,2.6342999772168696,41.0,1472.0,,,,,,N4_ATOMIC,0.7510307457034334
SP1_N4_DISTRIBUTED_FAMILY_v2,E5_DPOP_SMALL,E5_DPOP:N6:K2:corridor:cv0.35:p0.7:r9,574792350,corridor,6,2,0.35,0.7,OPTIMAL,73.86213368618078,73.86213368618078,0.0,0.0013390000094659626,True,True,geo_qpg_p,True,73.86213368618078,4.266800009645522,114.0,4480.0,,,,,,N4_ATOMIC,0.0
SP1_N4_DISTRIBUTED_FAMILY_v2,E5_DPOP_SMALL,E5_DPOP:N6:K2:corridor:cv0.35:p0.7:r9,574792350,corridor,6,2,0.35,0.7,OPTIMAL,73.86213368618078,73.86213368618078,0.0,0.0013390000094659626,True,True,geo_qpg_c3,True,73.86213368618078,9.287599998060614,226.0,8960.0,,,,,,N4_ATOMIC,0.0
SP1_N4_DISTRIBUTED_FAMILY_v2,E5_DPOP_SMALL,E5_DPOP:N6:K2:corridor:cv0.35:p0.7:r9,574792350,corridor,6,2,0.35,0.7,OPTIMAL,73.86213368618078,73.86213368618078,0.0,0.0013390000094659626,True,True,geo_qpg_d,True,73.86213368618078,5.890600004931912,249.0,8940.0,,,,,,N4_ATOMIC,0.0
SP1_N4_DISTRIBUTED_FAMILY_v2,E5_DPOP_SMALL,E5_DPOP:N6:K2:corridor:cv0.35:p0.85:r0,3582122973,corridor,6,2,0.35,0.85,OPTIMAL,169.94376238726716,169.94376238726718,0.0,0.0035324000054970384,True,True,dpop_exact_small,True,169.94376238726716,4.30839997716248,10.0,2944.0,5.0,5.0,363.0,5.0,729.0,EXACT_DISTRIBUTED,0.0
SP1_N4_DISTRIBUTED_FAMILY_v2,E5_DPOP_SMALL,E5_DPOP:N6:K2:corridor:cv0.35:p0.85:r0,3582122973,corridor,6,2,0.35,0.85,OPTIMAL,169.94376238726716,169.94376238726718,0.0,0.0035324000054970384,True,True,milp_highs,True,169.94376238726716,3.5324000054970384,,,,,,,,CENTRAL_ORACLE,0.0
SP1_N4_DISTRIBUTED_FAMILY_v2,E5_DPOP_SMALL,E5_DPOP:N6:K2:corridor:cv0.35:p0.85:r0,3582122973,corridor,6,2,0.35,0.85,OPTIMAL,169.94376238726716,169.94376238726718,0.0,0.0035324000054970384,True,True,geo_qpg_u,True,181.08327917383335,1.6770000220276415,51.0,1792.0,,,,,,N4_ATOMIC,0.06554825331677372
SP1_N4_DISTRIBUTED_FAMILY_v2,E5_DPOP_SMALL,E5_DPOP:N6:K2:corridor:cv0.35:p0.85:r0,3582122973,corridor,6,2,0.35,0.85,OPTIMAL,169.94376238726716,169.94376238726718,0.0,0.0035324000054970384,True,True,geo_qpg_p,True,177.7840384273474,6.938800011994317,124.0,4672.0,,,,,,N4_ATOMIC,0.046134532565036815
SP1_N4_DISTRIBUTED_FAMILY_v2,E5_DPOP_SMALL,E5_DPOP:N6:K2:corridor:cv0.35:p0.85:r0,3582122973,corridor,6,2,0.35,0.85,OPTIMAL,169.94376238726716,169.94376238726718,0.0,0.0035324000054970384,True,True,geo_qpg_c3,True,169.94376238726716,14.161600003717467,364.0,14264.0,,,,,,N4_ATOMIC,0.0
SP1_N4_DISTRIBUTED_FAMILY_v2,E5_DPOP_SMALL,E5_DPOP:N6:K2:corridor:cv0.35:p0.85:r0,3582122973,corridor,6,2,0.35,0.85,OPTIMAL,169.94376238726716,169.94376238726718,0.0,0.0035324000054970384,True,True,geo_qpg_d,True,177.7840384273474,7.723699993221089,220.0,8016.0,,,,,,N4_ATOMIC,0.046134532565036815
SP1_N4_DISTRIBUTED_FAMILY_v2,E5_DPOP_SMALL,E5_DPOP:N6:K2:corridor:cv0.35:p0.85:r1,37160051,corridor,6,2,0.35,0.85,OPTIMAL,142.72291698670844,142.7229169867084,0.0,0.0019107999978587031,True,True,dpop_exact_small,True,142.72291698670844,3.8117000076454133,10.0,2944.0,5.0,5.0,363.0,5.0,729.0,EXACT_DISTRIBUTED,0.0
SP1_N4_DISTRIBUTED_FAMILY_v2,E5_DPOP_SMALL,E5_DPOP:N6:K2:corridor:cv0.35:p0.85:r1,37160051,corridor,6,2,0.35,0.85,OPTIMAL,142.72291698670844,142.7229169867084,0.0,0.0019107999978587031,True,True,milp_highs,True,142.72291698670844,1.9107999978587031,,,,,,,,CENTRAL_ORACLE,0.0
SP1_N4_DISTRIBUTED_FAMILY_v2,E5_DPOP_SMALL,E5_DPOP:N6:K2:corridor:cv0.35:p0.85:r1,37160051,corridor,6,2,0.35,0.85,OPTIMAL,142.72291698670844,142.7229169867084,0.0,0.0019107999978587031,True,True,geo_qpg_u,True,209.20852291090122,1.1987000179942697,44.0,1548.0,,,,,,N4_ATOMIC,0.46583693304407786
SP1_N4_DISTRIBUTED_FAMILY_v2,E5_DPOP_SMALL,E5_DPOP:N6:K2:corridor:cv0.35:p0.85:r1,37160051,corridor,6,2,0.35,0.85,OPTIMAL,142.72291698670844,142.7229169867084,0.0,0.0019107999978587031,True,True,geo_qpg_p,True,142.72291698670844,6.3763999787624925,158.0,6124.0,,,,,,N4_ATOMIC,0.0
SP1_N4_DISTRIBUTED_FAMILY_v2,E5_DPOP_SMALL,E5_DPOP:N6:K2:corridor:cv0.35:p0.85:r1,37160051,corridor,6,2,0.35,0.85,OPTIMAL,142.72291698670844,142.7229169867084,0.0,0.0019107999978587031,True,True,geo_qpg_c3,True,142.72291698670844,11.999800015473738,310.0,12204.0,,,,,,N4_ATOMIC,0.0
SP1_N4_DISTRIBUTED_FAMILY_v2,E5_DPOP_SMALL,E5_DPOP:N6:K2:corridor:cv0.35:p0.85:r1,37160051,corridor,6,2,0.35,0.85,OPTIMAL,142.72291698670844,142.7229169867084,0.0,0.0019107999978587031,True,True,geo_qpg_d,True,142.72291698670844,6.95019998238422,229.0,8152.0,,,,,,N4_ATOMIC,0.0
SP1_N4_DISTRIBUTED_FAMILY_v2,E5_DPOP_SMALL,E5_DPOP:N6:K2:corridor:cv0.35:p0.85:r2,2344092856,corridor,6,2,0.35,0.85,OPTIMAL,137.97077388881323,137.97077388881326,0.0,0.0026439999928697944,True,True,dpop_exact_small,True,137.97077388881326,4.165700025623664,10.0,2944.0,5.0,5.0,363.0,5.0,729.0,EXACT_DISTRIBUTED,2.059980431312813e-16
SP1_N4_DISTRIBUTED_FAMILY_v2,E5_DPOP_SMALL,E5_DPOP:N6:K2:corridor:cv0.35:p0.85:r2,2344092856,corridor,6,2,0.35,0.85,OPTIMAL,137.97077388881323,137.97077388881326,0.0,0.0026439999928697944,True,True,milp_highs,True,137.97077388881323,2.6439999928697944,,,,,,,,CENTRAL_ORACLE,0.0
SP1_N4_DISTRIBUTED_FAMILY_v2,E5_DPOP_SMALL,E5_DPOP:N6:K2:corridor:cv0.35:p0.85:r2,2344092856,corridor,6,2,0.35,0.85,OPTIMAL,137.97077388881323,137.97077388881326,0.0,0.0026439999928697944,True,True,geo_qpg_u,True,190.75966450449442,1.7859999788925052,56.0,1976.0,,,,,,N4_ATOMIC,0.3826092231549145
SP1_N4_DISTRIBUTED_FAMILY_v2,E5_DPOP_SMALL,E5_DPOP:N6:K2:corridor:cv0.35:p0.85:r2,2344092856,corridor,6,2,0.35,0.85,OPTIMAL,137.97077388881323,137.97077388881326,0.0,0.0026439999928697944,True,True,geo_qpg_p,True,137.97077388881323,5.5813000071793795,134.0,5156.0,,,,,,N4_ATOMIC,0.0
SP1_N4_DISTRIBUTED_FAMILY_v2,E5_DPOP_SMALL,E5_DPOP:N6:K2:corridor:cv0.35:p0.85:r2,2344092856,corridor,6,2,0.35,0.85,OPTIMAL,137.97077388881323,137.97077388881326,0.0,0.0026439999928697944,True,True,geo_qpg_c3,True,137.97077388881323,11.880100006237626,270.0,10596.0,,,,,,N4_ATOMIC,0.0
SP1_N4_DISTRIBUTED_FAMILY_v2,E5_DPOP_SMALL,E5_DPOP:N6:K2:corridor:cv0.35:p0.85:r2,2344092856,corridor,6,2,0.35,0.85,OPTIMAL,137.97077388881323,137.97077388881326,0.0,0.0026439999928697944,True,True,geo_qpg_d,True,151.88951308692768,7.990599988261238,268.0,9656.0,,,,,,N4_ATOMIC,0.10088179406264092
SP1_N4_DISTRIBUTED_FAMILY_v2,E5_DPOP_SMALL,E5_DPOP:N6:K2:corridor:cv0.35:p0.85:r3,2573393023,corridor,6,2,0.35,0.85,OPTIMAL,131.15724604381325,131.15724604381325,0.0,0.0028898000018671155,True,True,dpop_exact_small,True,131.15724604381325,4.023099987534806,10.0,2944.0,5.0,5.0,363.0,5.0,729.0,EXACT_DISTRIBUTED,0.0
SP1_N4_DISTRIBUTED_FAMILY_v2,E5_DPOP_SMALL,E5_DPOP:N6:K2:corridor:cv0.35:p0.85:r3,2573393023,corridor,6,2,0.35,0.85,OPTIMAL,131.15724604381325,131.15724604381325,0.0,0.0028898000018671155,True,True,milp_highs,True,131.15724604381325,2.8898000018671155,,,,,,,,CENTRAL_ORACLE,0.0
SP1_N4_DISTRIBUTED_FAMILY_v2,E5_DPOP_SMALL,E5_DPOP:N6:K2:corridor:cv0.35:p0.85:r3,2573393023,corridor,6,2,0.35,0.85,OPTIMAL,131.15724604381325,131.15724604381325,0.0,0.0028898000018671155,True,True,geo_qpg_u,True,145.91269796453733,1.5112000110093504,40.0,1380.0,,,,,,N4_ATOMIC,0.11250199562588412
SP1_N4_DISTRIBUTED_FAMILY_v2,E5_DPOP_SMALL,E5_DPOP:N6:K2:corridor:cv0.35:p0.85:r3,2573393023,corridor,6,2,0.35,0.85,OPTIMAL,131.15724604381325,131.15724604381325,0.0,0.0028898000018671155,True,True,geo_qpg_p,True,131.15724604381325,4.6147000102791935,98.0,3664.0,,,,,,N4_ATOMIC,0.0
SP1_N4_DISTRIBUTED_FAMILY_v2,E5_DPOP_SMALL,E5_DPOP:N6:K2:corridor:cv0.35:p0.85:r3,2573393023,corridor,6,2,0.35,0.85,OPTIMAL,131.15724604381325,131.15724604381325,0.0,0.0028898000018671155,True,True,geo_qpg_c3,True,131.15724604381325,9.595899988198653,226.0,8784.0,,,,,,N4_ATOMIC,0.0
SP1_N4_DISTRIBUTED_FAMILY_v2,E5_DPOP_SMALL,E5_DPOP:N6:K2:corridor:cv0.35:p0.85:r3,2573393023,corridor,6,2,0.35,0.85,OPTIMAL,131.15724604381325,131.15724604381325,0.0,0.0028898000018671155,True,True,geo_qpg_d,True,131.15724604381325,5.153900012373924,148.0,5152.0,,,,,,N4_ATOMIC,0.0
SP1_N4_DISTRIBUTED_FAMILY_v2,E5_DPOP_SMALL,E5_DPOP:N6:K2:corridor:cv0.35:p0.85:r4,1726889916,corridor,6,2,0.35,0.85,OPTIMAL,156.66383237532847,156.66383237532847,0.0,0.0016794000111985952,True,True,dpop_exact_small,True,156.66383237532847,3.6503000010270625,10.0,2944.0,5.0,5.0,363.0,5.0,729.0,EXACT_DISTRIBUTED,0.0
SP1_N4_DISTRIBUTED_FAMILY_v2,E5_DPOP_SMALL,E5_DPOP:N6:K2:corridor:cv0.35:p0.85:r4,1726889916,corridor,6,2,0.35,0.85,OPTIMAL,156.66383237532847,156.66383237532847,0.0,0.0016794000111985952,True,True,milp_highs,True,156.66383237532847,1.6794000111985952,,,,,,,,CENTRAL_ORACLE,0.0
SP1_N4_DISTRIBUTED_FAMILY_v2,E5_DPOP_SMALL,E5_DPOP:N6:K2:corridor:cv0.35:p0.85:r4,1726889916,corridor,6,2,0.35,0.85,OPTIMAL,156.66383237532847,156.66383237532847,0.0,0.0016794000111985952,True,True,geo_qpg_u,True,253.44932118679026,1.6195999924093485,64.0,2324.0,,,,,,N4_ATOMIC,0.6177908924095976
SP1_N4_DISTRIBUTED_FAMILY_v2,E5_DPOP_SMALL,E5_DPOP:N6:K2:corridor:cv0.35:p0.85:r4,1726889916,corridor,6,2,0.35,0.85,OPTIMAL,156.66383237532847,156.66383237532847,0.0,0.0016794000111985952,True,True,geo_qpg_p,True,253.44932118679026,4.383799998322502,104.0,3924.0,,,,,,N4_ATOMIC,0.6177908924095976
SP1_N4_DISTRIBUTED_FAMILY_v2,E5_DPOP_SMALL,E5_DPOP:N6:K2:corridor:cv0.35:p0.85:r4,1726889916,corridor,6,2,0.35,0.85,OPTIMAL,156.66383237532847,156.66383237532847,0.0,0.0016794000111985952,True,True,geo_qpg_c3,True,160.85339982003984,10.246299993013963,298.0,11796.0,,,,,,N4_ATOMIC,0.02674240366260278
SP1_N4_DISTRIBUTED_FAMILY_v2,E5_DPOP_SMALL,E5_DPOP:N6:K2:corridor:cv0.35:p0.85:r4,1726889916,corridor,6,2,0.35,0.85,OPTIMAL,156.66383237532847,156.66383237532847,0.0,0.0016794000111985952,True,True,geo_qpg_d,True,160.85339982003984,5.9917000180576,261.0,9416.0,,,,,,N4_ATOMIC,0.02674240366260278
SP1_N4_DISTRIBUTED_FAMILY_v2,E5_DPOP_SMALL,E5_DPOP:N6:K2:corridor:cv0.35:p0.85:r5,1757876664,corridor,6,2,0.35,0.85,OPTIMAL,183.77914408926264,183.77914408926262,0.0,0.0020061999966856092,True,True,dpop_exact_small,True,183.77914408926256,6.241900002351031,10.0,2944.0,5.0,5.0,363.0,5.0,729.0,EXACT_DISTRIBUTED,-4.639543225307341e-16
SP1_N4_DISTRIBUTED_FAMILY_v2,E5_DPOP_SMALL,E5_DPOP:N6:K2:corridor:cv0.35:p0.85:r5,1757876664,corridor,6,2,0.35,0.85,OPTIMAL,183.77914408926264,183.77914408926262,0.0,0.0020061999966856092,True,True,milp_highs,True,183.77914408926264,2.006199996685609,,,,,,,,CENTRAL_ORACLE,0.0
SP1_N4_DISTRIBUTED_FAMILY_v2,E5_DPOP_SMALL,E5_DPOP:N6:K2:corridor:cv0.35:p0.85:r5,1757876664,corridor,6,2,0.35,0.85,OPTIMAL,183.77914408926264,183.77914408926262,0.0,0.0020061999966856092,True,True,geo_qpg_u,True,332.68233631136627,1.4608999772462994,66.0,2408.0,,,,,,N4_ATOMIC,0.810229000466889
SP1_N4_DISTRIBUTED_FAMILY_v2,E5_DPOP_SMALL,E5_DPOP:N6:K2:corridor:cv0.35:p0.85:r5,1757876664,corridor,6,2,0.35,0.85,OPTIMAL,183.77914408926264,183.77914408926262,0.0,0.0020061999966856092,True,True,geo_qpg_p,True,299.0465134388986,4.685599997173995,126.0,4816.0,,,,,,N4_ATOMIC,0.6272059319943829
SP1_N4_DISTRIBUTED_FAMILY_v2,E5_DPOP_SMALL,E5_DPOP:N6:K2:corridor:cv0.35:p0.85:r5,1757876664,corridor,6,2,0.35,0.85,OPTIMAL,183.77914408926264,183.77914408926262,0.0,0.0020061999966856092,True,True,geo_qpg_c3,True,183.7791440892626,11.52260001981631,379.0,15212.0,,,,,,N4_ATOMIC,-3.093028816871561e-16
SP1_N4_DISTRIBUTED_FAMILY_v2,E5_DPOP_SMALL,E5_DPOP:N6:K2:corridor:cv0.35:p0.85:r5,1757876664,corridor,6,2,0.35,0.85,OPTIMAL,183.77914408926264,183.77914408926262,0.0,0.0020061999966856092,True,True,geo_qpg_d,True,213.69390712241704,6.769099971279502,237.0,8868.0,,,,,,N4_ATOMIC,0.1627756140741662
SP1_N4_DISTRIBUTED_FAMILY_v2,E5_DPOP_SMALL,E5_DPOP:N6:K2:corridor:cv0.35:p0.85:r6,2689863152,corridor,6,2,0.35,0.85,OPTIMAL,117.86659177400686,117.86659177400686,0.0,0.003344900003867224,True,True,dpop_exact_small,True,117.86659177400685,3.2463999814353883,10.0,2944.0,5.0,5.0,363.0,5.0,729.0,EXACT_DISTRIBUTED,-1.2056728290277012e-16
SP1_N4_DISTRIBUTED_FAMILY_v2,E5_DPOP_SMALL,E5_DPOP:N6:K2:corridor:cv0.35:p0.85:r6,2689863152,corridor,6,2,0.35,0.85,OPTIMAL,117.86659177400686,117.86659177400686,0.0,0.003344900003867224,True,True,milp_highs,True,117.86659177400686,3.344900003867224,,,,,,,,CENTRAL_ORACLE,0.0
SP1_N4_DISTRIBUTED_FAMILY_v2,E5_DPOP_SMALL,E5_DPOP:N6:K2:corridor:cv0.35:p0.85:r6,2689863152,corridor,6,2,0.35,0.85,OPTIMAL,117.86659177400686,117.86659177400686,0.0,0.003344900003867224,True,True,geo_qpg_u,True,117.86659177400685,1.1921999976038933,40.0,1380.0,,,,,,N4_ATOMIC,-1.2056728290277012e-16
SP1_N4_DISTRIBUTED_FAMILY_v2,E5_DPOP_SMALL,E5_DPOP:N6:K2:corridor:cv0.35:p0.85:r6,2689863152,corridor,6,2,0.35,0.85,OPTIMAL,117.86659177400686,117.86659177400686,0.0,0.003344900003867224,True,True,geo_qpg_p,True,117.86659177400685,4.380200000014156,80.0,2980.0,,,,,,N4_ATOMIC,-1.2056728290277012e-16
SP1_N4_DISTRIBUTED_FAMILY_v2,E5_DPOP_SMALL,E5_DPOP:N6:K2:corridor:cv0.35:p0.85:r6,2689863152,corridor,6,2,0.35,0.85,OPTIMAL,117.86659177400686,117.86659177400686,0.0,0.003344900003867224,True,True,geo_qpg_c3,True,117.86659177400685,9.755699982633814,208.0,8100.0,,,,,,N4_ATOMIC,-1.2056728290277012e-16
SP1_N4_DISTRIBUTED_FAMILY_v2,E5_DPOP_SMALL,E5_DPOP:N6:K2:corridor:cv0.35:p0.85:r6,2689863152,corridor,6,2,0.35,0.85,OPTIMAL,117.86659177400686,117.86659177400686,0.0,0.003344900003867224,True,True,geo_qpg_d,True,117.86659177400685,5.6715999962762,197.0,6996.0,,,,,,N4_ATOMIC,-1.2056728290277012e-16
SP1_N4_DISTRIBUTED_FAMILY_v2,E5_DPOP_SMALL,E5_DPOP:N6:K2:corridor:cv0.35:p0.85:r7,2906650254,corridor,6,2,0.35,0.85,OPTIMAL,112.9482378849601,112.9482378849601,0.0,0.0023077999940142035,True,True,dpop_exact_small,True,112.9482378849601,4.093999974429607,10.0,2944.0,5.0,5.0,363.0,5.0,729.0,EXACT_DISTRIBUTED,0.0
SP1_N4_DISTRIBUTED_FAMILY_v2,E5_DPOP_SMALL,E5_DPOP:N6:K2:corridor:cv0.35:p0.85:r7,2906650254,corridor,6,2,0.35,0.85,OPTIMAL,112.9482378849601,112.9482378849601,0.0,0.0023077999940142035,True,True,milp_highs,True,112.9482378849601,2.3077999940142035,,,,,,,,CENTRAL_ORACLE,0.0
SP1_N4_DISTRIBUTED_FAMILY_v2,E5_DPOP_SMALL,E5_DPOP:N6:K2:corridor:cv0.35:p0.85:r7,2906650254,corridor,6,2,0.35,0.85,OPTIMAL,112.9482378849601,112.9482378849601,0.0,0.0023077999940142035,True,True,geo_qpg_u,False,368.8337601705614,1.7486000142525882,42.0,1464.0,,,,,,N4_ATOMIC,
SP1_N4_DISTRIBUTED_FAMILY_v2,E5_DPOP_SMALL,E5_DPOP:N6:K2:corridor:cv0.35:p0.85:r7,2906650254,corridor,6,2,0.35,0.85,OPTIMAL,112.9482378849601,112.9482378849601,0.0,0.0023077999940142035,True,True,geo_qpg_p,True,182.97010961536267,5.753400007961318,133.0,5024.0,,,,,,N4_ATOMIC,0.6199465617314116
SP1_N4_DISTRIBUTED_FAMILY_v2,E5_DPOP_SMALL,E5_DPOP:N6:K2:corridor:cv0.35:p0.85:r7,2906650254,corridor,6,2,0.35,0.85,OPTIMAL,112.9482378849601,112.9482378849601,0.0,0.0023077999940142035,True,True,geo_qpg_c3,True,112.9482378849601,11.702699994202703,349.0,13656.0,,,,,,N4_ATOMIC,0.0
SP1_N4_DISTRIBUTED_FAMILY_v2,E5_DPOP_SMALL,E5_DPOP:N6:K2:corridor:cv0.35:p0.85:r7,2906650254,corridor,6,2,0.35,0.85,OPTIMAL,112.9482378849601,112.9482378849601,0.0,0.0023077999940142035,True,True,geo_qpg_d,True,182.97010961536267,6.940299994312227,164.0,5712.0,,,,,,N4_ATOMIC,0.6199465617314116
SP1_N4_DISTRIBUTED_FAMILY_v2,E5_DPOP_SMALL,E5_DPOP:N6:K2:corridor:cv0.35:p0.85:r8,1697011164,corridor,6,2,0.35,0.85,OPTIMAL,147.88633840591956,147.88633840591953,0.0,0.0030808000010438263,True,True,dpop_exact_small,True,147.8863384059196,3.6441000120248646,10.0,2944.0,5.0,5.0,363.0,5.0,729.0,EXACT_DISTRIBUTED,1.9218617308917257e-16
SP1_N4_DISTRIBUTED_FAMILY_v2,E5_DPOP_SMALL,E5_DPOP:N6:K2:corridor:cv0.35:p0.85:r8,1697011164,corridor,6,2,0.35,0.85,OPTIMAL,147.88633840591956,147.88633840591953,0.0,0.0030808000010438263,True,True,milp_highs,True,147.88633840591956,3.0808000010438263,,,,,,,,CENTRAL_ORACLE,0.0
SP1_N4_DISTRIBUTED_FAMILY_v2,E5_DPOP_SMALL,E5_DPOP:N6:K2:corridor:cv0.35:p0.85:r8,1697011164,corridor,6,2,0.35,0.85,OPTIMAL,147.88633840591956,147.88633840591953,0.0,0.0030808000010438263,True,True,geo_qpg_u,True,151.1937429633162,1.3189000019337982,44.0,1548.0,,,,,,N4_ATOMIC,0.02236450366577099
SP1_N4_DISTRIBUTED_FAMILY_v2,E5_DPOP_SMALL,E5_DPOP:N6:K2:corridor:cv0.35:p0.85:r8,1697011164,corridor,6,2,0.35,0.85,OPTIMAL,147.88633840591956,147.88633840591953,0.0,0.0030808000010438263,True,True,geo_qpg_p,True,151.1937429633162,4.866800009040162,88.0,3308.0,,,,,,N4_ATOMIC,0.02236450366577099
SP1_N4_DISTRIBUTED_FAMILY_v2,E5_DPOP_SMALL,E5_DPOP:N6:K2:corridor:cv0.35:p0.85:r8,1697011164,corridor,6,2,0.35,0.85,OPTIMAL,147.88633840591956,147.88633840591953,0.0,0.0030808000010438263,True,True,geo_qpg_c3,True,147.88633840591964,10.680200008209795,280.0,10980.0,,,,,,N4_ATOMIC,5.765585192675177e-16
SP1_N4_DISTRIBUTED_FAMILY_v2,E5_DPOP_SMALL,E5_DPOP:N6:K2:corridor:cv0.35:p0.85:r8,1697011164,corridor,6,2,0.35,0.85,OPTIMAL,147.88633840591956,147.88633840591953,0.0,0.0030808000010438263,True,True,geo_qpg_d,True,147.88633840591964,8.095800003502518,192.0,6956.0,,,,,,N4_ATOMIC,5.765585192675177e-16
SP1_N4_DISTRIBUTED_FAMILY_v2,E5_DPOP_SMALL,E5_DPOP:N6:K2:corridor:cv0.35:p0.85:r9,671090810,corridor,6,2,0.35,0.85,OPTIMAL,136.32700781942518,136.32700781942518,0.0,0.002205500000854954,True,True,dpop_exact_small,True,136.32700781942518,4.732899978989735,10.0,2944.0,5.0,5.0,363.0,5.0,729.0,EXACT_DISTRIBUTED,0.0
SP1_N4_DISTRIBUTED_FAMILY_v2,E5_DPOP_SMALL,E5_DPOP:N6:K2:corridor:cv0.35:p0.85:r9,671090810,corridor,6,2,0.35,0.85,OPTIMAL,136.32700781942518,136.32700781942518,0.0,0.002205500000854954,True,True,milp_highs,True,136.32700781942518,2.205500000854954,,,,,,,,CENTRAL_ORACLE,0.0
SP1_N4_DISTRIBUTED_FAMILY_v2,E5_DPOP_SMALL,E5_DPOP:N6:K2:corridor:cv0.35:p0.85:r9,671090810,corridor,6,2,0.35,0.85,OPTIMAL,136.32700781942518,136.32700781942518,0.0,0.002205500000854954,True,True,geo_qpg_u,True,159.79424124106492,1.3398000155575573,44.0,1548.0,,,,,,N4_ATOMIC,0.17213928330858524
SP1_N4_DISTRIBUTED_FAMILY_v2,E5_DPOP_SMALL,E5_DPOP:N6:K2:corridor:cv0.35:p0.85:r9,671090810,corridor,6,2,0.35,0.85,OPTIMAL,136.32700781942518,136.32700781942518,0.0,0.002205500000854954,True,True,geo_qpg_p,True,136.32700781942518,6.411800015484914,176.0,6904.0,,,,,,N4_ATOMIC,0.0
SP1_N4_DISTRIBUTED_FAMILY_v2,E5_DPOP_SMALL,E5_DPOP:N6:K2:corridor:cv0.35:p0.85:r9,671090810,corridor,6,2,0.35,0.85,OPTIMAL,136.32700781942518,136.32700781942518,0.0,0.002205500000854954,True,True,geo_qpg_c3,True,136.32700781942518,11.744799994630739,288.0,11384.0,,,,,,N4_ATOMIC,0.0
SP1_N4_DISTRIBUTED_FAMILY_v2,E5_DPOP_SMALL,E5_DPOP:N6:K2:corridor:cv0.35:p0.85:r9,671090810,corridor,6,2,0.35,0.85,OPTIMAL,136.32700781942518,136.32700781942518,0.0,0.002205500000854954,True,True,geo_qpg_d,True,136.32700781942518,10.789499996462837,370.0,13576.0,,,,,,N4_ATOMIC,0.0
SP1_N4_DISTRIBUTED_FAMILY_v2,E5_DPOP_SMALL,E5_DPOP:N6:K2:corridor:cv0.65:p0.7:r0,2364973377,corridor,6,2,0.65,0.7,OPTIMAL,61.775021688779596,61.775021688779596,0.0,0.0015156999870669097,True,True,dpop_exact_small,True,61.77502168877959,4.279099986888468,10.0,2944.0,5.0,5.0,363.0,5.0,729.0,EXACT_DISTRIBUTED,-1.1502104189291745e-16
SP1_N4_DISTRIBUTED_FAMILY_v2,E5_DPOP_SMALL,E5_DPOP:N6:K2:corridor:cv0.65:p0.7:r0,2364973377,corridor,6,2,0.65,0.7,OPTIMAL,61.775021688779596,61.775021688779596,0.0,0.0015156999870669097,True,True,milp_highs,True,61.775021688779596,1.5156999870669097,,,,,,,,CENTRAL_ORACLE,0.0
SP1_N4_DISTRIBUTED_FAMILY_v2,E5_DPOP_SMALL,E5_DPOP:N6:K2:corridor:cv0.65:p0.7:r0,2364973377,corridor,6,2,0.65,0.7,OPTIMAL,61.775021688779596,61.775021688779596,0.0,0.0015156999870669097,True,True,geo_qpg_u,True,151.59184733025435,1.4631999947596341,39.0,1388.0,,,,,,N4_ATOMIC,1.453934344110291
SP1_N4_DISTRIBUTED_FAMILY_v2,E5_DPOP_SMALL,E5_DPOP:N6:K2:corridor:cv0.65:p0.7:r0,2364973377,corridor,6,2,0.65,0.7,OPTIMAL,61.775021688779596,61.775021688779596,0.0,0.0015156999870669097,True,True,geo_qpg_p,True,138.36086483403116,4.6931999968364835,90.0,3388.0,,,,,,N4_ATOMIC,1.2397542089274913
SP1_N4_DISTRIBUTED_FAMILY_v2,E5_DPOP_SMALL,E5_DPOP:N6:K2:corridor:cv0.65:p0.7:r0,2364973377,corridor,6,2,0.65,0.7,OPTIMAL,61.775021688779596,61.775021688779596,0.0,0.0015156999870669097,True,True,geo_qpg_c3,True,61.775021688779596,12.896800006274134,353.0,14060.0,,,,,,N4_ATOMIC,0.0
SP1_N4_DISTRIBUTED_FAMILY_v2,E5_DPOP_SMALL,E5_DPOP:N6:K2:corridor:cv0.65:p0.7:r0,2364973377,corridor,6,2,0.65,0.7,OPTIMAL,61.775021688779596,61.775021688779596,0.0,0.0015156999870669097,True,True,geo_qpg_d,True,61.775021688779596,6.097800011048093,198.0,6864.0,,,,,,N4_ATOMIC,0.0
SP1_N4_DISTRIBUTED_FAMILY_v2,E5_DPOP_SMALL,E5_DPOP:N6:K2:corridor:cv0.65:p0.7:r1,2248426064,corridor,6,2,0.65,0.7,OPTIMAL,102.02679515173385,102.02679515173385,0.0,0.0025584999821148813,True,True,dpop_exact_small,True,102.02679515173385,4.38260001828894,10.0,2944.0,5.0,5.0,363.0,5.0,729.0,EXACT_DISTRIBUTED,0.0
SP1_N4_DISTRIBUTED_FAMILY_v2,E5_DPOP_SMALL,E5_DPOP:N6:K2:corridor:cv0.65:p0.7:r1,2248426064,corridor,6,2,0.65,0.7,OPTIMAL,102.02679515173385,102.02679515173385,0.0,0.0025584999821148813,True,True,milp_highs,True,102.02679515173385,2.5584999821148813,,,,,,,,CENTRAL_ORACLE,0.0
SP1_N4_DISTRIBUTED_FAMILY_v2,E5_DPOP_SMALL,E5_DPOP:N6:K2:corridor:cv0.65:p0.7:r1,2248426064,corridor,6,2,0.65,0.7,OPTIMAL,102.02679515173385,102.02679515173385,0.0,0.0025584999821148813,True,True,geo_qpg_u,True,125.40461905566212,1.9700000120792538,60.0,2120.0,,,,,,N4_ATOMIC,0.22913415901343237
SP1_N4_DISTRIBUTED_FAMILY_v2,E5_DPOP_SMALL,E5_DPOP:N6:K2:corridor:cv0.65:p0.7:r1,2248426064,corridor,6,2,0.65,0.7,OPTIMAL,102.02679515173385,102.02679515173385,0.0,0.0025584999821148813,True,True,geo_qpg_p,True,105.20243153843096,5.953300016699359,146.0,5672.0,,,,,,N4_ATOMIC,0.031125513469028535
SP1_N4_DISTRIBUTED_FAMILY_v2,E5_DPOP_SMALL,E5_DPOP:N6:K2:corridor:cv0.65:p0.7:r1,2248426064,corridor,6,2,0.65,0.7,OPTIMAL,102.02679515173385,102.02679515173385,0.0,0.0025584999821148813,True,True,geo_qpg_c3,True,102.02679515173385,9.563400002662092,252.0,9904.0,,,,,,N4_ATOMIC,0.0
SP1_N4_DISTRIBUTED_FAMILY_v2,E5_DPOP_SMALL,E5_DPOP:N6:K2:corridor:cv0.65:p0.7:r1,2248426064,corridor,6,2,0.65,0.7,OPTIMAL,102.02679515173385,102.02679515173385,0.0,0.0025584999821148813,True,True,geo_qpg_d,True,102.02679515173385,5.560599995078519,143.0,5100.0,,,,,,N4_ATOMIC,0.0
SP1_N4_DISTRIBUTED_FAMILY_v2,E5_DPOP_SMALL,E5_DPOP:N6:K2:corridor:cv0.65:p0.7:r2,3939091244,corridor,6,2,0.65,0.7,OPTIMAL,110.61419535953969,110.61419535953969,0.0,0.0021826000011060387,True,True,dpop_exact_small,True,110.6141953595397,4.38259998918511,10.0,2944.0,5.0,5.0,363.0,5.0,729.0,EXACT_DISTRIBUTED,1.284722514050853e-16
SP1_N4_DISTRIBUTED_FAMILY_v2,E5_DPOP_SMALL,E5_DPOP:N6:K2:corridor:cv0.65:p0.7:r2,3939091244,corridor,6,2,0.65,0.7,OPTIMAL,110.61419535953969,110.61419535953969,0.0,0.0021826000011060387,True,True,milp_highs,True,110.61419535953969,2.1826000011060387,,,,,,,,CENTRAL_ORACLE,0.0
SP1_N4_DISTRIBUTED_FAMILY_v2,E5_DPOP_SMALL,E5_DPOP:N6:K2:corridor:cv0.65:p0.7:r2,3939091244,corridor,6,2,0.65,0.7,OPTIMAL,110.61419535953969,110.61419535953969,0.0,0.0021826000011060387,True,True,geo_qpg_u,True,110.61419535953969,1.7519000102765858,56.0,1952.0,,,,,,N4_ATOMIC,0.0
SP1_N4_DISTRIBUTED_FAMILY_v2,E5_DPOP_SMALL,E5_DPOP:N6:K2:corridor:cv0.65:p0.7:r2,3939091244,corridor,6,2,0.65,0.7,OPTIMAL,110.61419535953969,110.61419535953969,0.0,0.0021826000011060387,True,True,geo_qpg_p,True,110.61419535953969,4.657799989217892,96.0,3552.0,,,,,,N4_ATOMIC,0.0
SP1_N4_DISTRIBUTED_FAMILY_v2,E5_DPOP_SMALL,E5_DPOP:N6:K2:corridor:cv0.65:p0.7:r2,3939091244,corridor,6,2,0.65,0.7,OPTIMAL,110.61419535953969,110.61419535953969,0.0,0.0021826000011060387,True,True,geo_qpg_c3,True,110.61419535953969,8.922499982872978,220.0,8512.0,,,,,,N4_ATOMIC,0.0
SP1_N4_DISTRIBUTED_FAMILY_v2,E5_DPOP_SMALL,E5_DPOP:N6:K2:corridor:cv0.65:p0.7:r2,3939091244,corridor,6,2,0.65,0.7,OPTIMAL,110.61419535953969,110.61419535953969,0.0,0.0021826000011060387,True,True,geo_qpg_d,True,135.15260076515662,5.682099988916889,178.0,6324.0,,,,,,N4_ATOMIC,0.2218377607490381
SP1_N4_DISTRIBUTED_FAMILY_v2,E5_DPOP_SMALL,E5_DPOP:N6:K2:corridor:cv0.65:p0.7:r3,2870551713,corridor,6,2,0.65,0.7,OPTIMAL,61.96562367996326,61.96562367996326,0.0,0.0015353999915532768,True,True,dpop_exact_small,True,61.96562367996326,3.763999993680045,10.0,2944.0,5.0,5.0,363.0,5.0,729.0,EXACT_DISTRIBUTED,0.0
SP1_N4_DISTRIBUTED_FAMILY_v2,E5_DPOP_SMALL,E5_DPOP:N6:K2:corridor:cv0.65:p0.7:r3,2870551713,corridor,6,2,0.65,0.7,OPTIMAL,61.96562367996326,61.96562367996326,0.0,0.0015353999915532768,True,True,milp_highs,True,61.96562367996326,1.5353999915532768,,,,,,,,CENTRAL_ORACLE,0.0
SP1_N4_DISTRIBUTED_FAMILY_v2,E5_DPOP_SMALL,E5_DPOP:N6:K2:corridor:cv0.65:p0.7:r3,2870551713,corridor,6,2,0.65,0.7,OPTIMAL,61.96562367996326,61.96562367996326,0.0,0.0015353999915532768,True,True,geo_qpg_u,True,188.84881202153971,1.5563999768346548,43.0,1456.0,,,,,,N4_ATOMIC,2.0476383647309992
SP1_N4_DISTRIBUTED_FAMILY_v2,E5_DPOP_SMALL,E5_DPOP:N6:K2:corridor:cv0.65:p0.7:r3,2870551713,corridor,6,2,0.65,0.7,OPTIMAL,61.96562367996326,61.96562367996326,0.0,0.0015353999915532768,True,True,geo_qpg_p,True,121.36967882028759,5.556199990678579,113.0,4208.0,,,,,,N4_ATOMIC,0.9586614579582257
SP1_N4_DISTRIBUTED_FAMILY_v2,E5_DPOP_SMALL,E5_DPOP:N6:K2:corridor:cv0.65:p0.7:r3,2870551713,corridor,6,2,0.65,0.7,OPTIMAL,61.96562367996326,61.96562367996326,0.0,0.0015353999915532768,True,True,geo_qpg_c3,True,61.96562367996326,12.99370001652278,296.0,11540.0,,,,,,N4_ATOMIC,0.0
SP1_N4_DISTRIBUTED_FAMILY_v2,E5_DPOP_SMALL,E5_DPOP:N6:K2:corridor:cv0.65:p0.7:r3,2870551713,corridor,6,2,0.65,0.7,OPTIMAL,61.96562367996326,61.96562367996326,0.0,0.0015353999915532768,True,True,geo_qpg_d,True,121.36967882028759,5.714400002034381,152.0,5344.0,,,,,,N4_ATOMIC,0.9586614579582257
SP1_N4_DISTRIBUTED_FAMILY_v2,E5_DPOP_SMALL,E5_DPOP:N6:K2:corridor:cv0.65:p0.7:r4,3612042967,corridor,6,2,0.65,0.7,OPTIMAL,145.88688686605593,145.88688686605593,0.0,0.0015161999908741564,True,True,dpop_exact_small,True,145.88688686605593,3.930000006221235,10.0,2944.0,5.0,5.0,363.0,5.0,729.0,EXACT_DISTRIBUTED,0.0
SP1_N4_DISTRIBUTED_FAMILY_v2,E5_DPOP_SMALL,E5_DPOP:N6:K2:corridor:cv0.65:p0.7:r4,3612042967,corridor,6,2,0.65,0.7,OPTIMAL,145.88688686605593,145.88688686605593,0.0,0.0015161999908741564,True,True,milp_highs,True,145.88688686605593,1.5161999908741564,,,,,,,,CENTRAL_ORACLE,0.0
SP1_N4_DISTRIBUTED_FAMILY_v2,E5_DPOP_SMALL,E5_DPOP:N6:K2:corridor:cv0.65:p0.7:r4,3612042967,corridor,6,2,0.65,0.7,OPTIMAL,145.88688686605593,145.88688686605593,0.0,0.0015161999908741564,True,True,geo_qpg_u,True,179.65654794010692,1.5977000002749264,49.0,1708.0,,,,,,N4_ATOMIC,0.2314783857513948
SP1_N4_DISTRIBUTED_FAMILY_v2,E5_DPOP_SMALL,E5_DPOP:N6:K2:corridor:cv0.65:p0.7:r4,3612042967,corridor,6,2,0.65,0.7,OPTIMAL,145.88688686605593,145.88688686605593,0.0,0.0015161999908741564,True,True,geo_qpg_p,True,145.88688686605593,6.09819998499006,131.0,4972.0,,,,,,N4_ATOMIC,0.0
SP1_N4_DISTRIBUTED_FAMILY_v2,E5_DPOP_SMALL,E5_DPOP:N6:K2:corridor:cv0.65:p0.7:r4,3612042967,corridor,6,2,0.65,0.7,OPTIMAL,145.88688686605593,145.88688686605593,0.0,0.0015161999908741564,True,True,geo_qpg_c3,True,145.88688686605593,11.671499989461154,283.0,11052.0,,,,,,N4_ATOMIC,0.0
SP1_N4_DISTRIBUTED_FAMILY_v2,E5_DPOP_SMALL,E5_DPOP:N6:K2:corridor:cv0.65:p0.7:r4,3612042967,corridor,6,2,0.65,0.7,OPTIMAL,145.88688686605593,145.88688686605593,0.0,0.0015161999908741564,True,True,geo_qpg_d,True,145.88688686605593,8.342199987964705,224.0,8100.0,,,,,,N4_ATOMIC,0.0
SP1_N4_DISTRIBUTED_FAMILY_v2,E5_DPOP_SMALL,E5_DPOP:N6:K2:corridor:cv0.65:p0.7:r5,1494250789,corridor,6,2,0.65,0.7,OPTIMAL,51.99221917459404,51.99221917459405,0.0,0.0023135000083129853,True,True,dpop_exact_small,True,51.99221917459404,3.6718999908771366,10.0,2944.0,5.0,5.0,363.0,5.0,729.0,EXACT_DISTRIBUTED,0.0
SP1_N4_DISTRIBUTED_FAMILY_v2,E5_DPOP_SMALL,E5_DPOP:N6:K2:corridor:cv0.65:p0.7:r5,1494250789,corridor,6,2,0.65,0.7,OPTIMAL,51.99221917459404,51.99221917459405,0.0,0.0023135000083129853,True,True,milp_highs,True,51.99221917459404,2.3135000083129853,,,,,,,,CENTRAL_ORACLE,0.0
SP1_N4_DISTRIBUTED_FAMILY_v2,E5_DPOP_SMALL,E5_DPOP:N6:K2:corridor:cv0.65:p0.7:r5,1494250789,corridor,6,2,0.65,0.7,OPTIMAL,51.99221917459404,51.99221917459405,0.0,0.0023135000083129853,True,True,geo_qpg_u,True,193.29418156473574,1.5087000210769475,49.0,1708.0,,,,,,N4_ATOMIC,2.717752091243468
SP1_N4_DISTRIBUTED_FAMILY_v2,E5_DPOP_SMALL,E5_DPOP:N6:K2:corridor:cv0.65:p0.7:r5,1494250789,corridor,6,2,0.65,0.7,OPTIMAL,51.99221917459404,51.99221917459405,0.0,0.0023135000083129853,True,True,geo_qpg_p,True,191.25542235758203,4.1594000067561865,98.0,3660.0,,,,,,N4_ATOMIC,2.6785393159567006
SP1_N4_DISTRIBUTED_FAMILY_v2,E5_DPOP_SMALL,E5_DPOP:N6:K2:corridor:cv0.65:p0.7:r5,1494250789,corridor,6,2,0.65,0.7,OPTIMAL,51.99221917459404,51.99221917459405,0.0,0.0023135000083129853,True,True,geo_qpg_c3,True,51.99221917459405,10.045000002719462,234.0,9084.0,,,,,,N4_ATOMIC,1.3666328289893545e-16
SP1_N4_DISTRIBUTED_FAMILY_v2,E5_DPOP_SMALL,E5_DPOP:N6:K2:corridor:cv0.65:p0.7:r5,1494250789,corridor,6,2,0.65,0.7,OPTIMAL,51.99221917459404,51.99221917459405,0.0,0.0023135000083129853,True,True,geo_qpg_d,True,51.99221917459405,6.379400001605973,193.0,7004.0,,,,,,N4_ATOMIC,1.3666328289893545e-16
SP1_N4_DISTRIBUTED_FAMILY_v2,E5_DPOP_SMALL,E5_DPOP:N6:K2:corridor:cv0.65:p0.7:r6,2712256559,corridor,6,2,0.65,0.7,OPTIMAL,86.94162099185127,86.94162099185127,0.0,0.001724300003843382,True,True,dpop_exact_small,True,86.94162099185127,3.8204999873414636,10.0,2944.0,5.0,5.0,363.0,5.0,729.0,EXACT_DISTRIBUTED,0.0
SP1_N4_DISTRIBUTED_FAMILY_v2,E5_DPOP_SMALL,E5_DPOP:N6:K2:corridor:cv0.65:p0.7:r6,2712256559,corridor,6,2,0.65,0.7,OPTIMAL,86.94162099185127,86.94162099185127,0.0,0.001724300003843382,True,True,milp_highs,True,86.94162099185127,1.724300003843382,,,,,,,,CENTRAL_ORACLE,0.0
SP1_N4_DISTRIBUTED_FAMILY_v2,E5_DPOP_SMALL,E5_DPOP:N6:K2:corridor:cv0.65:p0.7:r6,2712256559,corridor,6,2,0.65,0.7,OPTIMAL,86.94162099185127,86.94162099185127,0.0,0.001724300003843382,True,True,geo_qpg_u,True,152.00818333265727,1.3986999983899295,50.0,1800.0,,,,,,N4_ATOMIC,0.7483937106130614
SP1_N4_DISTRIBUTED_FAMILY_v2,E5_DPOP_SMALL,E5_DPOP:N6:K2:corridor:cv0.65:p0.7:r6,2712256559,corridor,6,2,0.65,0.7,OPTIMAL,86.94162099185127,86.94162099185127,0.0,0.001724300003843382,True,True,geo_qpg_p,True,133.95329589219426,4.220500006340444,89.0,3448.0,,,,,,N4_ATOMIC,0.5407269195584614
SP1_N4_DISTRIBUTED_FAMILY_v2,E5_DPOP_SMALL,E5_DPOP:N6:K2:corridor:cv0.65:p0.7:r6,2712256559,corridor,6,2,0.65,0.7,OPTIMAL,86.94162099185127,86.94162099185127,0.0,0.001724300003843382,True,True,geo_qpg_c3,True,86.94162099185127,5.616900016320869,177.0,7096.0,,,,,,N4_ATOMIC,0.0
SP1_N4_DISTRIBUTED_FAMILY_v2,E5_DPOP_SMALL,E5_DPOP:N6:K2:corridor:cv0.65:p0.7:r6,2712256559,corridor,6,2,0.65,0.7,OPTIMAL,86.94162099185127,86.94162099185127,0.0,0.001724300003843382,True,True,geo_qpg_d,True,86.94162099185127,3.2940999954007566,193.0,6640.0,,,,,,N4_ATOMIC,0.0
SP1_N4_DISTRIBUTED_FAMILY_v2,E5_DPOP_SMALL,E5_DPOP:N6:K2:corridor:cv0.65:p0.7:r7,3901608092,corridor,6,2,0.65,0.7,OPTIMAL,116.68569519717788,116.68569519717788,0.0,0.0030855000077281147,True,True,dpop_exact_small,True,116.68569519717788,3.920599992852658,10.0,2944.0,5.0,5.0,363.0,5.0,729.0,EXACT_DISTRIBUTED,0.0
SP1_N4_DISTRIBUTED_FAMILY_v2,E5_DPOP_SMALL,E5_DPOP:N6:K2:corridor:cv0.65:p0.7:r7,3901608092,corridor,6,2,0.65,0.7,OPTIMAL,116.68569519717788,116.68569519717788,0.0,0.0030855000077281147,True,True,milp_highs,True,116.68569519717788,3.0855000077281147,,,,,,,,CENTRAL_ORACLE,0.0
SP1_N4_DISTRIBUTED_FAMILY_v2,E5_DPOP_SMALL,E5_DPOP:N6:K2:corridor:cv0.65:p0.7:r7,3901608092,corridor,6,2,0.65,0.7,OPTIMAL,116.68569519717788,116.68569519717788,0.0,0.0030855000077281147,True,True,geo_qpg_u,True,158.4935836495527,1.4499000099021941,50.0,1800.0,,,,,,N4_ATOMIC,0.35829489108949475
SP1_N4_DISTRIBUTED_FAMILY_v2,E5_DPOP_SMALL,E5_DPOP:N6:K2:corridor:cv0.65:p0.7:r7,3901608092,corridor,6,2,0.65,0.7,OPTIMAL,116.68569519717788,116.68569519717788,0.0,0.0030855000077281147,True,True,geo_qpg_p,True,135.19994380772172,5.9692999930121005,122.0,4728.0,,,,,,N4_ATOMIC,0.15866768055208558
SP1_N4_DISTRIBUTED_FAMILY_v2,E5_DPOP_SMALL,E5_DPOP:N6:K2:corridor:cv0.65:p0.7:r7,3901608092,corridor,6,2,0.65,0.7,OPTIMAL,116.68569519717788,116.68569519717788,0.0,0.0030855000077281147,True,True,geo_qpg_c3,True,135.19994380772172,7.979799993336201,226.0,8888.0,,,,,,N4_ATOMIC,0.15866768055208558
SP1_N4_DISTRIBUTED_FAMILY_v2,E5_DPOP_SMALL,E5_DPOP:N6:K2:corridor:cv0.65:p0.7:r7,3901608092,corridor,6,2,0.65,0.7,OPTIMAL,116.68569519717788,116.68569519717788,0.0,0.0030855000077281147,True,True,geo_qpg_d,True,135.19994380772172,5.654899985529482,208.0,7348.0,,,,,,N4_ATOMIC,0.15866768055208558
SP1_N4_DISTRIBUTED_FAMILY_v2,E5_DPOP_SMALL,E5_DPOP:N6:K2:corridor:cv0.65:p0.7:r8,2437434503,corridor,6,2,0.65,0.7,OPTIMAL,99.89543731664492,99.89543731664492,0.0,0.001502800005255267,True,True,dpop_exact_small,True,99.89543731664492,3.8835000013932586,10.0,2944.0,5.0,5.0,363.0,5.0,729.0,EXACT_DISTRIBUTED,0.0
SP1_N4_DISTRIBUTED_FAMILY_v2,E5_DPOP_SMALL,E5_DPOP:N6:K2:corridor:cv0.65:p0.7:r8,2437434503,corridor,6,2,0.65,0.7,OPTIMAL,99.89543731664492,99.89543731664492,0.0,0.001502800005255267,True,True,milp_highs,True,99.89543731664492,1.502800005255267,,,,,,,,CENTRAL_ORACLE,0.0
SP1_N4_DISTRIBUTED_FAMILY_v2,E5_DPOP_SMALL,E5_DPOP:N6:K2:corridor:cv0.65:p0.7:r8,2437434503,corridor,6,2,0.65,0.7,OPTIMAL,99.89543731664492,99.89543731664492,0.0,0.001502800005255267,True,True,geo_qpg_u,True,132.07690204370286,1.279499992961064,37.0,1304.0,,,,,,N4_ATOMIC,0.3221514975208558
SP1_N4_DISTRIBUTED_FAMILY_v2,E5_DPOP_SMALL,E5_DPOP:N6:K2:corridor:cv0.65:p0.7:r8,2437434503,corridor,6,2,0.65,0.7,OPTIMAL,99.89543731664492,99.89543731664492,0.0,0.001502800005255267,True,True,geo_qpg_p,True,132.07690204370286,3.5479000071063638,69.0,2584.0,,,,,,N4_ATOMIC,0.3221514975208558
SP1_N4_DISTRIBUTED_FAMILY_v2,E5_DPOP_SMALL,E5_DPOP:N6:K2:corridor:cv0.65:p0.7:r8,2437434503,corridor,6,2,0.65,0.7,OPTIMAL,99.89543731664492,99.89543731664492,0.0,0.001502800005255267,True,True,geo_qpg_c3,True,99.89543731664492,7.573799986857921,226.0,8876.0,,,,,,N4_ATOMIC,0.0
SP1_N4_DISTRIBUTED_FAMILY_v2,E5_DPOP_SMALL,E5_DPOP:N6:K2:corridor:cv0.65:p0.7:r8,2437434503,corridor,6,2,0.65,0.7,OPTIMAL,99.89543731664492,99.89543731664492,0.0,0.001502800005255267,True,True,geo_qpg_d,True,112.73333899241861,3.759099985472858,167.0,5960.0,,,,,,N4_ATOMIC,0.12851339381077617
SP1_N4_DISTRIBUTED_FAMILY_v2,E5_DPOP_SMALL,E5_DPOP:N6:K2:corridor:cv0.65:p0.7:r9,2853048738,corridor,6,2,0.65,0.7,OPTIMAL,54.08261702780226,54.08261702780226,0.0,0.0015196999884210527,True,True,dpop_exact_small,True,54.08261702780226,3.712600009748712,10.0,2944.0,5.0,5.0,363.0,5.0,729.0,EXACT_DISTRIBUTED,0.0
SP1_N4_DISTRIBUTED_FAMILY_v2,E5_DPOP_SMALL,E5_DPOP:N6:K2:corridor:cv0.65:p0.7:r9,2853048738,corridor,6,2,0.65,0.7,OPTIMAL,54.08261702780226,54.08261702780226,0.0,0.0015196999884210527,True,True,milp_highs,True,54.08261702780226,1.5196999884210527,,,,,,,,CENTRAL_ORACLE,0.0
SP1_N4_DISTRIBUTED_FAMILY_v2,E5_DPOP_SMALL,E5_DPOP:N6:K2:corridor:cv0.65:p0.7:r9,2853048738,corridor,6,2,0.65,0.7,OPTIMAL,54.08261702780226,54.08261702780226,0.0,0.0015196999884210527,True,True,geo_qpg_u,True,65.15012371361703,1.412900019204244,38.0,1296.0,,,,,,N4_ATOMIC,0.20464073844883104
SP1_N4_DISTRIBUTED_FAMILY_v2,E5_DPOP_SMALL,E5_DPOP:N6:K2:corridor:cv0.65:p0.7:r9,2853048738,corridor,6,2,0.65,0.7,OPTIMAL,54.08261702780226,54.08261702780226,0.0,0.0015196999884210527,True,True,geo_qpg_p,True,65.15012371361703,5.291600013151765,82.0,3056.0,,,,,,N4_ATOMIC,0.20464073844883104
SP1_N4_DISTRIBUTED_FAMILY_v2,E5_DPOP_SMALL,E5_DPOP:N6:K2:corridor:cv0.65:p0.7:r9,2853048738,corridor,6,2,0.65,0.7,OPTIMAL,54.08261702780226,54.08261702780226,0.0,0.0015196999884210527,True,True,geo_qpg_c3,True,54.08261702780226,10.447400010889396,327.0,12816.0,,,,,,N4_ATOMIC,0.0
SP1_N4_DISTRIBUTED_FAMILY_v2,E5_DPOP_SMALL,E5_DPOP:N6:K2:corridor:cv0.65:p0.7:r9,2853048738,corridor,6,2,0.65,0.7,OPTIMAL,54.08261702780226,54.08261702780226,0.0,0.0015196999884210527,True,True,geo_qpg_d,True,54.08261702780226,6.848799996078014,272.0,10116.0,,,,,,N4_ATOMIC,0.0
SP1_N4_DISTRIBUTED_FAMILY_v2,E5_DPOP_SMALL,E5_DPOP:N6:K2:corridor:cv0.65:p0.85:r0,3436275234,corridor,6,2,0.65,0.85,OPTIMAL,110.45259179242503,110.45259179242501,0.0,0.0017080999969039112,True,True,dpop_exact_small,True,110.45259179242501,3.8138999952934682,10.0,2944.0,5.0,5.0,363.0,5.0,729.0,EXACT_DISTRIBUTED,-1.2866021959818422e-16
SP1_N4_DISTRIBUTED_FAMILY_v2,E5_DPOP_SMALL,E5_DPOP:N6:K2:corridor:cv0.65:p0.85:r0,3436275234,corridor,6,2,0.65,0.85,OPTIMAL,110.45259179242503,110.45259179242501,0.0,0.0017080999969039112,True,True,milp_highs,True,110.45259179242503,1.7080999969039112,,,,,,,,CENTRAL_ORACLE,0.0
SP1_N4_DISTRIBUTED_FAMILY_v2,E5_DPOP_SMALL,E5_DPOP:N6:K2:corridor:cv0.65:p0.85:r0,3436275234,corridor,6,2,0.65,0.85,OPTIMAL,110.45259179242503,110.45259179242501,0.0,0.0017080999969039112,True,True,geo_qpg_u,True,136.58380303974286,1.521999976830557,49.0,1708.0,,,,,,N4_ATOMIC,0.23658305181671568
SP1_N4_DISTRIBUTED_FAMILY_v2,E5_DPOP_SMALL,E5_DPOP:N6:K2:corridor:cv0.65:p0.85:r0,3436275234,corridor,6,2,0.65,0.85,OPTIMAL,110.45259179242503,110.45259179242501,0.0,0.0017080999969039112,True,True,geo_qpg_p,True,136.58380303974286,3.5856000031344593,77.0,2828.0,,,,,,N4_ATOMIC,0.23658305181671568
SP1_N4_DISTRIBUTED_FAMILY_v2,E5_DPOP_SMALL,E5_DPOP:N6:K2:corridor:cv0.65:p0.85:r0,3436275234,corridor,6,2,0.65,0.85,OPTIMAL,110.45259179242503,110.45259179242501,0.0,0.0017080999969039112,True,True,geo_qpg_c3,True,110.45259179242503,6.844000017736107,210.0,8160.0,,,,,,N4_ATOMIC,0.0
SP1_N4_DISTRIBUTED_FAMILY_v2,E5_DPOP_SMALL,E5_DPOP:N6:K2:corridor:cv0.65:p0.85:r0,3436275234,corridor,6,2,0.65,0.85,OPTIMAL,110.45259179242503,110.45259179242501,0.0,0.0017080999969039112,True,True,geo_qpg_d,True,110.45259179242503,3.6918999976478517,132.0,4528.0,,,,,,N4_ATOMIC,0.0
SP1_N4_DISTRIBUTED_FAMILY_v2,E5_DPOP_SMALL,E5_DPOP:N6:K2:corridor:cv0.65:p0.85:r1,3923485246,corridor,6,2,0.65,0.85,OPTIMAL,92.74127109922577,92.74127109922577,0.0,0.0013349000073503703,True,True,dpop_exact_small,True,92.74127109922577,4.46260001626797,10.0,2944.0,5.0,5.0,363.0,5.0,729.0,EXACT_DISTRIBUTED,0.0
SP1_N4_DISTRIBUTED_FAMILY_v2,E5_DPOP_SMALL,E5_DPOP:N6:K2:corridor:cv0.65:p0.85:r1,3923485246,corridor,6,2,0.65,0.85,OPTIMAL,92.74127109922577,92.74127109922577,0.0,0.0013349000073503703,True,True,milp_highs,True,92.74127109922577,1.3349000073503703,,,,,,,,CENTRAL_ORACLE,0.0
SP1_N4_DISTRIBUTED_FAMILY_v2,E5_DPOP_SMALL,E5_DPOP:N6:K2:corridor:cv0.65:p0.85:r1,3923485246,corridor,6,2,0.65,0.85,OPTIMAL,92.74127109922577,92.74127109922577,0.0,0.0013349000073503703,True,True,geo_qpg_u,True,190.6966752931606,1.589599996805191,45.0,1540.0,,,,,,N4_ATOMIC,1.056222359613018
SP1_N4_DISTRIBUTED_FAMILY_v2,E5_DPOP_SMALL,E5_DPOP:N6:K2:corridor:cv0.65:p0.85:r1,3923485246,corridor,6,2,0.65,0.85,OPTIMAL,92.74127109922577,92.74127109922577,0.0,0.0013349000073503703,True,True,geo_qpg_p,True,189.0566588107343,6.544999981997535,126.0,4772.0,,,,,,N4_ATOMIC,1.038538576945519
SP1_N4_DISTRIBUTED_FAMILY_v2,E5_DPOP_SMALL,E5_DPOP:N6:K2:corridor:cv0.65:p0.85:r1,3923485246,corridor,6,2,0.65,0.85,OPTIMAL,92.74127109922577,92.74127109922577,0.0,0.0013349000073503703,True,True,geo_qpg_c3,True,92.74127109922577,15.9109000233002,387.0,15164.0,,,,,,N4_ATOMIC,0.0
SP1_N4_DISTRIBUTED_FAMILY_v2,E5_DPOP_SMALL,E5_DPOP:N6:K2:corridor:cv0.65:p0.85:r1,3923485246,corridor,6,2,0.65,0.85,OPTIMAL,92.74127109922577,92.74127109922577,0.0,0.0013349000073503703,True,True,geo_qpg_d,True,92.74127109922577,9.097600006498396,319.0,11896.0,,,,,,N4_ATOMIC,0.0
SP1_N4_DISTRIBUTED_FAMILY_v2,E5_DPOP_SMALL,E5_DPOP:N6:K2:corridor:cv0.65:p0.85:r2,64341447,corridor,6,2,0.65,0.85,OPTIMAL,112.59288762506677,112.59288762506677,0.0,0.0013105999969411641,True,True,dpop_exact_small,True,112.59288762506678,3.792000003159046,10.0,2944.0,5.0,5.0,363.0,5.0,729.0,EXACT_DISTRIBUTED,1.2621449733595974e-16
SP1_N4_DISTRIBUTED_FAMILY_v2,E5_DPOP_SMALL,E5_DPOP:N6:K2:corridor:cv0.65:p0.85:r2,64341447,corridor,6,2,0.65,0.85,OPTIMAL,112.59288762506677,112.59288762506677,0.0,0.0013105999969411641,True,True,milp_highs,True,112.59288762506677,1.3105999969411641,,,,,,,,CENTRAL_ORACLE,0.0
SP1_N4_DISTRIBUTED_FAMILY_v2,E5_DPOP_SMALL,E5_DPOP:N6:K2:corridor:cv0.65:p0.85:r2,64341447,corridor,6,2,0.65,0.85,OPTIMAL,112.59288762506677,112.59288762506677,0.0,0.0013105999969411641,True,True,geo_qpg_u,True,154.09791789201688,1.5480000001844019,63.0,2296.0,,,,,,N4_ATOMIC,0.3686292370896594
SP1_N4_DISTRIBUTED_FAMILY_v2,E5_DPOP_SMALL,E5_DPOP:N6:K2:corridor:cv0.65:p0.85:r2,64341447,corridor,6,2,0.65,0.85,OPTIMAL,112.59288762506677,112.59288762506677,0.0,0.0013105999969411641,True,True,geo_qpg_p,True,154.09791789201688,4.9430999788455665,87.0,3256.0,,,,,,N4_ATOMIC,0.3686292370896594
SP1_N4_DISTRIBUTED_FAMILY_v2,E5_DPOP_SMALL,E5_DPOP:N6:K2:corridor:cv0.65:p0.85:r2,64341447,corridor,6,2,0.65,0.85,OPTIMAL,112.59288762506677,112.59288762506677,0.0,0.0013105999969411641,True,True,geo_qpg_c3,True,112.59288762506677,5.362399999285117,177.0,6848.0,,,,,,N4_ATOMIC,0.0
SP1_N4_DISTRIBUTED_FAMILY_v2,E5_DPOP_SMALL,E5_DPOP:N6:K2:corridor:cv0.65:p0.85:r2,64341447,corridor,6,2,0.65,0.85,OPTIMAL,112.59288762506677,112.59288762506677,0.0,0.0013105999969411641,True,True,geo_qpg_d,True,154.09791789201688,4.288900003302842,224.0,7812.0,,,,,,N4_ATOMIC,0.3686292370896594
SP1_N4_DISTRIBUTED_FAMILY_v2,E5_DPOP_SMALL,E5_DPOP:N6:K2:corridor:cv0.65:p0.85:r3,3442778432,corridor,6,2,0.65,0.85,OPTIMAL,109.22170139276301,109.22170139276302,0.0,0.0017234999977517873,True,True,dpop_exact_small,True,109.22170139276304,3.658400004496798,10.0,2944.0,5.0,5.0,363.0,5.0,729.0,EXACT_DISTRIBUTED,2.6022035060778883e-16
SP1_N4_DISTRIBUTED_FAMILY_v2,E5_DPOP_SMALL,E5_DPOP:N6:K2:corridor:cv0.65:p0.85:r3,3442778432,corridor,6,2,0.65,0.85,OPTIMAL,109.22170139276301,109.22170139276302,0.0,0.0017234999977517873,True,True,milp_highs,True,109.22170139276301,1.7234999977517873,,,,,,,,CENTRAL_ORACLE,0.0
SP1_N4_DISTRIBUTED_FAMILY_v2,E5_DPOP_SMALL,E5_DPOP:N6:K2:corridor:cv0.65:p0.85:r3,3442778432,corridor,6,2,0.65,0.85,OPTIMAL,109.22170139276301,109.22170139276302,0.0,0.0017234999977517873,True,True,geo_qpg_u,True,169.84627075207916,2.7691999857779592,47.0,1624.0,,,,,,N4_ATOMIC,0.555059741665342
SP1_N4_DISTRIBUTED_FAMILY_v2,E5_DPOP_SMALL,E5_DPOP:N6:K2:corridor:cv0.65:p0.85:r3,3442778432,corridor,6,2,0.65,0.85,OPTIMAL,109.22170139276301,109.22170139276302,0.0,0.0017234999977517873,True,True,geo_qpg_p,True,168.63378316917866,5.674500018358231,120.0,4536.0,,,,,,N4_ATOMIC,0.5439585816628953
SP1_N4_DISTRIBUTED_FAMILY_v2,E5_DPOP_SMALL,E5_DPOP:N6:K2:corridor:cv0.65:p0.85:r3,3442778432,corridor,6,2,0.65,0.85,OPTIMAL,109.22170139276301,109.22170139276302,0.0,0.0017234999977517873,True,True,geo_qpg_c3,True,168.63378316917866,12.567800004035234,280.0,10936.0,,,,,,N4_ATOMIC,0.5439585816628953
SP1_N4_DISTRIBUTED_FAMILY_v2,E5_DPOP_SMALL,E5_DPOP:N6:K2:corridor:cv0.65:p0.85:r3,3442778432,corridor,6,2,0.65,0.85,OPTIMAL,109.22170139276301,109.22170139276302,0.0,0.0017234999977517873,True,True,geo_qpg_d,True,168.63378316917866,6.586699979379773,187.0,6824.0,,,,,,N4_ATOMIC,0.5439585816628953
SP1_N4_DISTRIBUTED_FAMILY_v2,E5_DPOP_SMALL,E5_DPOP:N6:K2:corridor:cv0.65:p0.85:r4,178035836,corridor,6,2,0.65,0.85,OPTIMAL,126.27291520225278,126.27291520225278,0.0,0.003206100023817271,True,True,dpop_exact_small,True,126.27291520225278,4.761499993037432,10.0,2944.0,5.0,5.0,363.0,5.0,729.0,EXACT_DISTRIBUTED,0.0
SP1_N4_DISTRIBUTED_FAMILY_v2,E5_DPOP_SMALL,E5_DPOP:N6:K2:corridor:cv0.65:p0.85:r4,178035836,corridor,6,2,0.65,0.85,OPTIMAL,126.27291520225278,126.27291520225278,0.0,0.003206100023817271,True,True,milp_highs,True,126.27291520225278,3.206100023817271,,,,,,,,CENTRAL_ORACLE,0.0
SP1_N4_DISTRIBUTED_FAMILY_v2,E5_DPOP_SMALL,E5_DPOP:N6:K2:corridor:cv0.65:p0.85:r4,178035836,corridor,6,2,0.65,0.85,OPTIMAL,126.27291520225278,126.27291520225278,0.0,0.003206100023817271,True,True,geo_qpg_u,True,162.62948738325545,1.2898000131826848,52.0,1884.0,,,,,,N4_ATOMIC,0.28792058948484667
SP1_N4_DISTRIBUTED_FAMILY_v2,E5_DPOP_SMALL,E5_DPOP:N6:K2:corridor:cv0.65:p0.85:r4,178035836,corridor,6,2,0.65,0.85,OPTIMAL,126.27291520225278,126.27291520225278,0.0,0.003206100023817271,True,True,geo_qpg_p,True,162.62948738325545,4.070599999977276,92.0,3484.0,,,,,,N4_ATOMIC,0.28792058948484667
SP1_N4_DISTRIBUTED_FAMILY_v2,E5_DPOP_SMALL,E5_DPOP:N6:K2:corridor:cv0.65:p0.85:r4,178035836,corridor,6,2,0.65,0.85,OPTIMAL,126.27291520225278,126.27291520225278,0.0,0.003206100023817271,True,True,geo_qpg_c3,True,162.62948738325545,10.149299982003868,216.0,8444.0,,,,,,N4_ATOMIC,0.28792058948484667
SP1_N4_DISTRIBUTED_FAMILY_v2,E5_DPOP_SMALL,E5_DPOP:N6:K2:corridor:cv0.65:p0.85:r4,178035836,corridor,6,2,0.65,0.85,OPTIMAL,126.27291520225278,126.27291520225278,0.0,0.003206100023817271,True,True,geo_qpg_d,True,126.27291520225278,4.534000006970018,170.0,5952.0,,,,,,N4_ATOMIC,0.0
SP1_N4_DISTRIBUTED_FAMILY_v2,E5_DPOP_SMALL,E5_DPOP:N6:K2:corridor:cv0.65:p0.85:r5,2309393694,corridor,6,2,0.65,0.85,OPTIMAL,127.71112335219664,127.71112335219664,0.0,0.0027794000052381307,True,True,dpop_exact_small,True,127.71112335219661,4.017800005385652,10.0,2944.0,5.0,5.0,363.0,5.0,729.0,EXACT_DISTRIBUTED,-2.2254685954036872e-16
SP1_N4_DISTRIBUTED_FAMILY_v2,E5_DPOP_SMALL,E5_DPOP:N6:K2:corridor:cv0.65:p0.85:r5,2309393694,corridor,6,2,0.65,0.85,OPTIMAL,127.71112335219664,127.71112335219664,0.0,0.0027794000052381307,True,True,milp_highs,True,127.71112335219664,2.7794000052381307,,,,,,,,CENTRAL_ORACLE,0.0
SP1_N4_DISTRIBUTED_FAMILY_v2,E5_DPOP_SMALL,E5_DPOP:N6:K2:corridor:cv0.65:p0.85:r5,2309393694,corridor,6,2,0.65,0.85,OPTIMAL,127.71112335219664,127.71112335219664,0.0,0.0027794000052381307,True,True,geo_qpg_u,True,139.83350479967814,1.2602999922819436,35.0,1220.0,,,,,,N4_ATOMIC,0.0949203258830547
SP1_N4_DISTRIBUTED_FAMILY_v2,E5_DPOP_SMALL,E5_DPOP:N6:K2:corridor:cv0.65:p0.85:r5,2309393694,corridor,6,2,0.65,0.85,OPTIMAL,127.71112335219664,127.71112335219664,0.0,0.0027794000052381307,True,True,geo_qpg_p,True,127.71112335219662,5.325000005541369,113.0,4348.0,,,,,,N4_ATOMIC,-1.1127342977018436e-16
SP1_N4_DISTRIBUTED_FAMILY_v2,E5_DPOP_SMALL,E5_DPOP:N6:K2:corridor:cv0.65:p0.85:r5,2309393694,corridor,6,2,0.65,0.85,OPTIMAL,127.71112335219664,127.71112335219664,0.0,0.0027794000052381307,True,True,geo_qpg_c3,True,127.71112335219662,11.290299997199327,273.0,10748.0,,,,,,N4_ATOMIC,-1.1127342977018436e-16
SP1_N4_DISTRIBUTED_FAMILY_v2,E5_DPOP_SMALL,E5_DPOP:N6:K2:corridor:cv0.65:p0.85:r5,2309393694,corridor,6,2,0.65,0.85,OPTIMAL,127.71112335219664,127.71112335219664,0.0,0.0027794000052381307,True,True,geo_qpg_d,True,127.71112335219662,7.60660000378266,239.0,8696.0,,,,,,N4_ATOMIC,-1.1127342977018436e-16
SP1_N4_DISTRIBUTED_FAMILY_v2,E5_DPOP_SMALL,E5_DPOP:N6:K2:corridor:cv0.65:p0.85:r6,2653335093,corridor,6,2,0.65,0.85,OPTIMAL,120.12136596935602,120.12136596935603,0.0,0.0018008000042755157,True,True,dpop_exact_small,True,120.12136596935602,3.3859000250231475,10.0,2944.0,5.0,5.0,363.0,5.0,729.0,EXACT_DISTRIBUTED,0.0
SP1_N4_DISTRIBUTED_FAMILY_v2,E5_DPOP_SMALL,E5_DPOP:N6:K2:corridor:cv0.65:p0.85:r6,2653335093,corridor,6,2,0.65,0.85,OPTIMAL,120.12136596935602,120.12136596935603,0.0,0.0018008000042755157,True,True,milp_highs,True,120.12136596935602,1.8008000042755157,,,,,,,,CENTRAL_ORACLE,0.0
SP1_N4_DISTRIBUTED_FAMILY_v2,E5_DPOP_SMALL,E5_DPOP:N6:K2:corridor:cv0.65:p0.85:r6,2653335093,corridor,6,2,0.65,0.85,OPTIMAL,120.12136596935602,120.12136596935603,0.0,0.0018008000042755157,True,True,geo_qpg_u,True,315.08874918795726,1.324000011663884,42.0,1464.0,,,,,,N4_ATOMIC,1.623086631135539
SP1_N4_DISTRIBUTED_FAMILY_v2,E5_DPOP_SMALL,E5_DPOP:N6:K2:corridor:cv0.65:p0.85:r6,2653335093,corridor,6,2,0.65,0.85,OPTIMAL,120.12136596935602,120.12136596935603,0.0,0.0018008000042755157,True,True,geo_qpg_p,True,180.14771104485757,7.182900008047,172.0,6664.0,,,,,,N4_ATOMIC,0.49971413987096003
SP1_N4_DISTRIBUTED_FAMILY_v2,E5_DPOP_SMALL,E5_DPOP:N6:K2:corridor:cv0.65:p0.85:r6,2653335093,corridor,6,2,0.65,0.85,OPTIMAL,120.12136596935602,120.12136596935603,0.0,0.0018008000042755157,True,True,geo_qpg_c3,True,120.12136596935602,12.705300003290176,404.0,16144.0,,,,,,N4_ATOMIC,0.0
SP1_N4_DISTRIBUTED_FAMILY_v2,E5_DPOP_SMALL,E5_DPOP:N6:K2:corridor:cv0.65:p0.85:r6,2653335093,corridor,6,2,0.65,0.85,OPTIMAL,120.12136596935602,120.12136596935603,0.0,0.0018008000042755157,True,True,geo_qpg_d,True,140.50483788325076,5.396600026870146,171.0,5924.0,,,,,,N4_ATOMIC,0.16969064370359171
SP1_N4_DISTRIBUTED_FAMILY_v2,E5_DPOP_SMALL,E5_DPOP:N6:K2:corridor:cv0.65:p0.85:r7,8962971,corridor,6,2,0.65,0.85,OPTIMAL,187.28397193785815,187.28397193785815,0.0,0.002134600013960153,True,True,dpop_exact_small,True,187.28397193785818,3.951999999117106,10.0,2944.0,5.0,5.0,363.0,5.0,729.0,EXACT_DISTRIBUTED,1.517572974148289e-16
SP1_N4_DISTRIBUTED_FAMILY_v2,E5_DPOP_SMALL,E5_DPOP:N6:K2:corridor:cv0.65:p0.85:r7,8962971,corridor,6,2,0.65,0.85,OPTIMAL,187.28397193785815,187.28397193785815,0.0,0.002134600013960153,True,True,milp_highs,True,187.28397193785815,2.134600013960153,,,,,,,,CENTRAL_ORACLE,0.0
SP1_N4_DISTRIBUTED_FAMILY_v2,E5_DPOP_SMALL,E5_DPOP:N6:K2:corridor:cv0.65:p0.85:r7,8962971,corridor,6,2,0.65,0.85,OPTIMAL,187.28397193785815,187.28397193785815,0.0,0.002134600013960153,True,True,geo_qpg_u,True,254.02499510977705,1.6127999988384545,51.0,1792.0,,,,,,N4_ATOMIC,0.3563627067566889
SP1_N4_DISTRIBUTED_FAMILY_v2,E5_DPOP_SMALL,E5_DPOP:N6:K2:corridor:cv0.65:p0.85:r7,8962971,corridor,6,2,0.65,0.85,OPTIMAL,187.28397193785815,187.28397193785815,0.0,0.002134600013960153,True,True,geo_qpg_p,True,187.28397193785818,6.758100003935397,162.0,6216.0,,,,,,N4_ATOMIC,1.517572974148289e-16
SP1_N4_DISTRIBUTED_FAMILY_v2,E5_DPOP_SMALL,E5_DPOP:N6:K2:corridor:cv0.65:p0.85:r7,8962971,corridor,6,2,0.65,0.85,OPTIMAL,187.28397193785815,187.28397193785815,0.0,0.002134600013960153,True,True,geo_qpg_c3,True,187.28397193785818,11.260899977060035,322.0,12616.0,,,,,,N4_ATOMIC,1.517572974148289e-16
SP1_N4_DISTRIBUTED_FAMILY_v2,E5_DPOP_SMALL,E5_DPOP:N6:K2:corridor:cv0.65:p0.85:r7,8962971,corridor,6,2,0.65,0.85,OPTIMAL,187.28397193785815,187.28397193785815,0.0,0.002134600013960153,True,True,geo_qpg_d,True,187.28397193785818,8.137199998600408,287.0,10704.0,,,,,,N4_ATOMIC,1.517572974148289e-16
SP1_N4_DISTRIBUTED_FAMILY_v2,E5_DPOP_SMALL,E5_DPOP:N6:K2:corridor:cv0.65:p0.85:r8,3578498900,corridor,6,2,0.65,0.85,OPTIMAL,107.22165186387889,107.22165186387889,0.0,0.0019928999827243388,True,True,dpop_exact_small,True,107.22165186387889,4.527400014922023,10.0,2944.0,5.0,5.0,363.0,5.0,729.0,EXACT_DISTRIBUTED,0.0
SP1_N4_DISTRIBUTED_FAMILY_v2,E5_DPOP_SMALL,E5_DPOP:N6:K2:corridor:cv0.65:p0.85:r8,3578498900,corridor,6,2,0.65,0.85,OPTIMAL,107.22165186387889,107.22165186387889,0.0,0.0019928999827243388,True,True,milp_highs,True,107.22165186387889,1.9928999827243388,,,,,,,,CENTRAL_ORACLE,0.0
SP1_N4_DISTRIBUTED_FAMILY_v2,E5_DPOP_SMALL,E5_DPOP:N6:K2:corridor:cv0.65:p0.85:r8,3578498900,corridor,6,2,0.65,0.85,OPTIMAL,107.22165186387889,107.22165186387889,0.0,0.0019928999827243388,True,True,geo_qpg_u,True,151.12030836500722,1.2550000101327896,35.0,1220.0,,,,,,N4_ATOMIC,0.40941969964106684
SP1_N4_DISTRIBUTED_FAMILY_v2,E5_DPOP_SMALL,E5_DPOP:N6:K2:corridor:cv0.65:p0.85:r8,3578498900,corridor,6,2,0.65,0.85,OPTIMAL,107.22165186387889,107.22165186387889,0.0,0.0019928999827243388,True,True,geo_qpg_p,True,107.22165186387889,5.995799991069362,133.0,5200.0,,,,,,N4_ATOMIC,0.0
SP1_N4_DISTRIBUTED_FAMILY_v2,E5_DPOP_SMALL,E5_DPOP:N6:K2:corridor:cv0.65:p0.85:r8,3578498900,corridor,6,2,0.65,0.85,OPTIMAL,107.22165186387889,107.22165186387889,0.0,0.0019928999827243388,True,True,geo_qpg_c3,True,107.22165186387889,11.510000011185184,285.0,11280.0,,,,,,N4_ATOMIC,0.0
SP1_N4_DISTRIBUTED_FAMILY_v2,E5_DPOP_SMALL,E5_DPOP:N6:K2:corridor:cv0.65:p0.85:r8,3578498900,corridor,6,2,0.65,0.85,OPTIMAL,107.22165186387889,107.22165186387889,0.0,0.0019928999827243388,True,True,geo_qpg_d,True,107.22165186387889,7.878200005507097,249.0,9076.0,,,,,,N4_ATOMIC,0.0
SP1_N4_DISTRIBUTED_FAMILY_v2,E5_DPOP_SMALL,E5_DPOP:N6:K2:corridor:cv0.65:p0.85:r9,3027802695,corridor,6,2,0.65,0.85,OPTIMAL,191.8230841106754,191.8230841106754,0.0,0.004119999997783452,True,True,dpop_exact_small,True,191.8230841106754,3.3027000026777387,10.0,2944.0,5.0,5.0,363.0,5.0,729.0,EXACT_DISTRIBUTED,0.0
SP1_N4_DISTRIBUTED_FAMILY_v2,E5_DPOP_SMALL,E5_DPOP:N6:K2:corridor:cv0.65:p0.85:r9,3027802695,corridor,6,2,0.65,0.85,OPTIMAL,191.8230841106754,191.8230841106754,0.0,0.004119999997783452,True,True,milp_highs,True,191.8230841106754,4.119999997783452,,,,,,,,CENTRAL_ORACLE,0.0
SP1_N4_DISTRIBUTED_FAMILY_v2,E5_DPOP_SMALL,E5_DPOP:N6:K2:corridor:cv0.65:p0.85:r9,3027802695,corridor,6,2,0.65,0.85,OPTIMAL,191.8230841106754,191.8230841106754,0.0,0.004119999997783452,True,True,geo_qpg_u,False,184.302227433858,1.4050000172574073,38.0,1296.0,,,,,,N4_ATOMIC,
SP1_N4_DISTRIBUTED_FAMILY_v2,E5_DPOP_SMALL,E5_DPOP:N6:K2:corridor:cv0.65:p0.85:r9,3027802695,corridor,6,2,0.65,0.85,OPTIMAL,191.8230841106754,191.8230841106754,0.0,0.004119999997783452,True,True,geo_qpg_p,True,191.8230841106754,5.536700016818941,166.0,6448.0,,,,,,N4_ATOMIC,0.0
SP1_N4_DISTRIBUTED_FAMILY_v2,E5_DPOP_SMALL,E5_DPOP:N6:K2:corridor:cv0.65:p0.85:r9,3027802695,corridor,6,2,0.65,0.85,OPTIMAL,191.8230841106754,191.8230841106754,0.0,0.004119999997783452,True,True,geo_qpg_c3,True,191.8230841106754,10.19780000206083,318.0,12528.0,,,,,,N4_ATOMIC,0.0
SP1_N4_DISTRIBUTED_FAMILY_v2,E5_DPOP_SMALL,E5_DPOP:N6:K2:corridor:cv0.65:p0.85:r9,3027802695,corridor,6,2,0.65,0.85,OPTIMAL,191.8230841106754,191.8230841106754,0.0,0.004119999997783452,True,True,geo_qpg_d,True,191.8230841106754,6.501399999251589,206.0,7484.0,,,,,,N4_ATOMIC,0.0
SP1_N4_DISTRIBUTED_FAMILY_v2,E5_DPOP_SMALL,E5_DPOP:N8:K2:uniform:cv0.35:p0.7:r0,3321231336,uniform,8,2,0.35,0.7,OPTIMAL,228.85653407525254,228.85653407525254,0.0,0.003516600001603365,True,True,dpop_exact_small,True,228.85653407525254,40.91760001028888,14.0,26288.0,7.0,7.0,3279.0,7.0,6561.0,EXACT_DISTRIBUTED,0.0
SP1_N4_DISTRIBUTED_FAMILY_v2,E5_DPOP_SMALL,E5_DPOP:N8:K2:uniform:cv0.35:p0.7:r0,3321231336,uniform,8,2,0.35,0.7,OPTIMAL,228.85653407525254,228.85653407525254,0.0,0.003516600001603365,True,True,milp_highs,True,228.85653407525254,3.516600001603365,,,,,,,,CENTRAL_ORACLE,0.0
SP1_N4_DISTRIBUTED_FAMILY_v2,E5_DPOP_SMALL,E5_DPOP:N8:K2:uniform:cv0.35:p0.7:r0,3321231336,uniform,8,2,0.35,0.7,OPTIMAL,228.85653407525254,228.85653407525254,0.0,0.003516600001603365,True,True,geo_qpg_u,True,429.5056562736165,2.18390001100488,78.0,2716.0,,,,,,N4_ATOMIC,0.8767463118723392
SP1_N4_DISTRIBUTED_FAMILY_v2,E5_DPOP_SMALL,E5_DPOP:N8:K2:uniform:cv0.35:p0.7:r0,3321231336,uniform,8,2,0.35,0.7,OPTIMAL,228.85653407525254,228.85653407525254,0.0,0.003516600001603365,True,True,geo_qpg_p,True,259.8645967557524,9.810500021558255,263.0,10060.0,,,,,,N4_ATOMIC,0.13549127100869146
SP1_N4_DISTRIBUTED_FAMILY_v2,E5_DPOP_SMALL,E5_DPOP:N8:K2:uniform:cv0.35:p0.7:r0,3321231336,uniform,8,2,0.35,0.7,OPTIMAL,228.85653407525254,228.85653407525254,0.0,0.003516600001603365,True,True,geo_qpg_c3,True,228.85653407525254,24.48789999471046,776.0,30676.0,,,,,,N4_ATOMIC,0.0
SP1_N4_DISTRIBUTED_FAMILY_v2,E5_DPOP_SMALL,E5_DPOP:N8:K2:uniform:cv0.35:p0.7:r0,3321231336,uniform,8,2,0.35,0.7,OPTIMAL,228.85653407525254,228.85653407525254,0.0,0.003516600001603365,True,True,geo_qpg_d,True,228.85653407525254,13.391800021054223,451.0,16440.0,,,,,,N4_ATOMIC,0.0
SP1_N4_DISTRIBUTED_FAMILY_v2,E5_DPOP_SMALL,E5_DPOP:N8:K2:uniform:cv0.35:p0.7:r1,1796051449,uniform,8,2,0.35,0.7,OPTIMAL,255.86419526501965,255.86419526501965,0.0,0.002391599991824478,True,True,dpop_exact_small,True,255.8641952650196,38.90230000251904,14.0,26288.0,7.0,7.0,3279.0,7.0,6561.0,EXACT_DISTRIBUTED,-2.221624592762211e-16
SP1_N4_DISTRIBUTED_FAMILY_v2,E5_DPOP_SMALL,E5_DPOP:N8:K2:uniform:cv0.35:p0.7:r1,1796051449,uniform,8,2,0.35,0.7,OPTIMAL,255.86419526501965,255.86419526501965,0.0,0.002391599991824478,True,True,milp_highs,True,255.86419526501965,2.391599991824478,,,,,,,,CENTRAL_ORACLE,0.0
SP1_N4_DISTRIBUTED_FAMILY_v2,E5_DPOP_SMALL,E5_DPOP:N8:K2:uniform:cv0.35:p0.7:r1,1796051449,uniform,8,2,0.35,0.7,OPTIMAL,255.86419526501965,255.86419526501965,0.0,0.002391599991824478,True,True,geo_qpg_u,True,303.2399778961701,2.0992000063415617,83.0,2856.0,,,,,,N4_ATOMIC,0.18515987585554694
SP1_N4_DISTRIBUTED_FAMILY_v2,E5_DPOP_SMALL,E5_DPOP:N8:K2:uniform:cv0.35:p0.7:r1,1796051449,uniform,8,2,0.35,0.7,OPTIMAL,255.86419526501965,255.86419526501965,0.0,0.002391599991824478,True,True,geo_qpg_p,True,283.1943834130029,9.984400006942451,231.0,8728.0,,,,,,N4_ATOMIC,0.10681521156047312
SP1_N4_DISTRIBUTED_FAMILY_v2,E5_DPOP_SMALL,E5_DPOP:N8:K2:uniform:cv0.35:p0.7:r1,1796051449,uniform,8,2,0.35,0.7,OPTIMAL,255.86419526501965,255.86419526501965,0.0,0.002391599991824478,True,True,geo_qpg_c3,True,255.8641952650196,27.693600015481934,832.0,32732.0,,,,,,N4_ATOMIC,-2.221624592762211e-16
SP1_N4_DISTRIBUTED_FAMILY_v2,E5_DPOP_SMALL,E5_DPOP:N8:K2:uniform:cv0.35:p0.7:r1,1796051449,uniform,8,2,0.35,0.7,OPTIMAL,255.86419526501965,255.86419526501965,0.0,0.002391599991824478,True,True,geo_qpg_d,True,283.1943834130029,11.099600000306964,351.0,12436.0,,,,,,N4_ATOMIC,0.10681521156047312
SP1_N4_DISTRIBUTED_FAMILY_v2,E5_DPOP_SMALL,E5_DPOP:N8:K2:uniform:cv0.35:p0.7:r2,1267800246,uniform,8,2,0.35,0.7,OPTIMAL,234.20653729952002,234.20653729952002,0.0,0.004639299993868917,True,True,dpop_exact_small,True,234.20653729952002,37.235099996905774,14.0,26288.0,7.0,7.0,3279.0,7.0,6561.0,EXACT_DISTRIBUTED,0.0
SP1_N4_DISTRIBUTED_FAMILY_v2,E5_DPOP_SMALL,E5_DPOP:N8:K2:uniform:cv0.35:p0.7:r2,1267800246,uniform,8,2,0.35,0.7,OPTIMAL,234.20653729952002,234.20653729952002,0.0,0.004639299993868917,True,True,milp_highs,True,234.20653729952002,4.639299993868917,,,,,,,,CENTRAL_ORACLE,0.0
SP1_N4_DISTRIBUTED_FAMILY_v2,E5_DPOP_SMALL,E5_DPOP:N8:K2:uniform:cv0.35:p0.7:r2,1267800246,uniform,8,2,0.35,0.7,OPTIMAL,234.20653729952002,234.20653729952002,0.0,0.004639299993868917,True,True,geo_qpg_u,True,440.98725542316345,1.864599995315075,54.0,1848.0,,,,,,N4_ATOMIC,0.8828990023416703
SP1_N4_DISTRIBUTED_FAMILY_v2,E5_DPOP_SMALL,E5_DPOP:N8:K2:uniform:cv0.35:p0.7:r2,1267800246,uniform,8,2,0.35,0.7,OPTIMAL,234.20653729952002,234.20653729952002,0.0,0.004639299993868917,True,True,geo_qpg_p,True,240.89833394279682,11.83960001799278,278.0,10740.0,,,,,,N4_ATOMIC,0.0285722026397532
SP1_N4_DISTRIBUTED_FAMILY_v2,E5_DPOP_SMALL,E5_DPOP:N8:K2:uniform:cv0.35:p0.7:r2,1267800246,uniform,8,2,0.35,0.7,OPTIMAL,234.20653729952002,234.20653729952002,0.0,0.004639299993868917,True,True,geo_qpg_c3,True,240.89833394279682,26.57849999377504,698.0,27540.0,,,,,,N4_ATOMIC,0.0285722026397532
SP1_N4_DISTRIBUTED_FAMILY_v2,E5_DPOP_SMALL,E5_DPOP:N8:K2:uniform:cv0.35:p0.7:r2,1267800246,uniform,8,2,0.35,0.7,OPTIMAL,234.20653729952002,234.20653729952002,0.0,0.004639299993868917,True,True,geo_qpg_d,True,362.42373713473523,8.17559999995865,261.0,9312.0,,,,,,N4_ATOMIC,0.5474535481101533
SP1_N4_DISTRIBUTED_FAMILY_v2,E5_DPOP_SMALL,E5_DPOP:N8:K2:uniform:cv0.35:p0.7:r3,4267309035,uniform,8,2,0.35,0.7,OPTIMAL,192.07598975972775,192.07598975972775,0.0,0.003596200025640428,True,True,dpop_exact_small,True,192.07598975972786,36.70630001579411,14.0,26288.0,7.0,7.0,3279.0,7.0,6561.0,EXACT_DISTRIBUTED,5.918846903448447e-16
SP1_N4_DISTRIBUTED_FAMILY_v2,E5_DPOP_SMALL,E5_DPOP:N8:K2:uniform:cv0.35:p0.7:r3,4267309035,uniform,8,2,0.35,0.7,OPTIMAL,192.07598975972775,192.07598975972775,0.0,0.003596200025640428,True,True,milp_highs,True,192.07598975972775,3.596200025640428,,,,,,,,CENTRAL_ORACLE,0.0
SP1_N4_DISTRIBUTED_FAMILY_v2,E5_DPOP_SMALL,E5_DPOP:N8:K2:uniform:cv0.35:p0.7:r3,4267309035,uniform,8,2,0.35,0.7,OPTIMAL,192.07598975972775,192.07598975972775,0.0,0.003596200025640428,True,True,geo_qpg_u,True,315.8737144165239,2.0004000107292086,61.0,2072.0,,,,,,N4_ATOMIC,0.6445247259257004
SP1_N4_DISTRIBUTED_FAMILY_v2,E5_DPOP_SMALL,E5_DPOP:N8:K2:uniform:cv0.35:p0.7:r3,4267309035,uniform,8,2,0.35,0.7,OPTIMAL,192.07598975972775,192.07598975972775,0.0,0.003596200025640428,True,True,geo_qpg_p,True,204.14620656678,10.702100000344217,251.0,9532.0,,,,,,N4_ATOMIC,0.06284084138861477
SP1_N4_DISTRIBUTED_FAMILY_v2,E5_DPOP_SMALL,E5_DPOP:N8:K2:uniform:cv0.35:p0.7:r3,4267309035,uniform,8,2,0.35,0.7,OPTIMAL,192.07598975972775,192.07598975972775,0.0,0.003596200025640428,True,True,geo_qpg_c3,True,192.0759897597279,31.899299996439368,921.0,36292.0,,,,,,N4_ATOMIC,7.398558629310559e-16
SP1_N4_DISTRIBUTED_FAMILY_v2,E5_DPOP_SMALL,E5_DPOP:N8:K2:uniform:cv0.35:p0.7:r3,4267309035,uniform,8,2,0.35,0.7,OPTIMAL,192.07598975972775,192.07598975972775,0.0,0.003596200025640428,True,True,geo_qpg_d,True,204.14620656678,13.181599992094561,370.0,13524.0,,,,,,N4_ATOMIC,0.06284084138861477
SP1_N4_DISTRIBUTED_FAMILY_v2,E5_DPOP_SMALL,E5_DPOP:N8:K2:uniform:cv0.35:p0.7:r4,1409135761,uniform,8,2,0.35,0.7,OPTIMAL,115.5452178374479,115.5452178374479,0.0,0.0027324000257067382,True,True,dpop_exact_small,True,115.5452178374479,39.63600000133738,14.0,26288.0,7.0,7.0,3279.0,7.0,6561.0,EXACT_DISTRIBUTED,0.0
SP1_N4_DISTRIBUTED_FAMILY_v2,E5_DPOP_SMALL,E5_DPOP:N8:K2:uniform:cv0.35:p0.7:r4,1409135761,uniform,8,2,0.35,0.7,OPTIMAL,115.5452178374479,115.5452178374479,0.0,0.0027324000257067382,True,True,milp_highs,True,115.5452178374479,2.7324000257067382,,,,,,,,CENTRAL_ORACLE,0.0
SP1_N4_DISTRIBUTED_FAMILY_v2,E5_DPOP_SMALL,E5_DPOP:N8:K2:uniform:cv0.35:p0.7:r4,1409135761,uniform,8,2,0.35,0.7,OPTIMAL,115.5452178374479,115.5452178374479,0.0,0.0027324000257067382,True,True,geo_qpg_u,True,219.25678361766086,1.78829999640584,54.0,1848.0,,,,,,N4_ATOMIC,0.8975842334393898
SP1_N4_DISTRIBUTED_FAMILY_v2,E5_DPOP_SMALL,E5_DPOP:N8:K2:uniform:cv0.35:p0.7:r4,1409135761,uniform,8,2,0.35,0.7,OPTIMAL,115.5452178374479,115.5452178374479,0.0,0.0027324000257067382,True,True,geo_qpg_p,True,194.82920203354988,9.789600007934496,187.0,7076.0,,,,,,N4_ATOMIC,0.6861727874159259
SP1_N4_DISTRIBUTED_FAMILY_v2,E5_DPOP_SMALL,E5_DPOP:N8:K2:uniform:cv0.35:p0.7:r4,1409135761,uniform,8,2,0.35,0.7,OPTIMAL,115.5452178374479,115.5452178374479,0.0,0.0027324000257067382,True,True,geo_qpg_c3,True,115.5452178374479,29.87049997318536,764.0,29968.0,,,,,,N4_ATOMIC,0.0
SP1_N4_DISTRIBUTED_FAMILY_v2,E5_DPOP_SMALL,E5_DPOP:N8:K2:uniform:cv0.35:p0.7:r4,1409135761,uniform,8,2,0.35,0.7,OPTIMAL,115.5452178374479,115.5452178374479,0.0,0.0027324000257067382,True,True,geo_qpg_d,True,115.5452178374479,9.175999992294237,261.0,9404.0,,,,,,N4_ATOMIC,0.0
SP1_N4_DISTRIBUTED_FAMILY_v2,E5_DPOP_SMALL,E5_DPOP:N8:K2:uniform:cv0.35:p0.7:r5,4017785981,uniform,8,2,0.35,0.7,OPTIMAL,143.30763020640774,143.30763020640774,0.0,0.0015568000089842826,True,True,dpop_exact_small,True,143.30763020640777,39.15039999992587,14.0,26288.0,7.0,7.0,3279.0,7.0,6561.0,EXACT_DISTRIBUTED,1.9832656076628907e-16
SP1_N4_DISTRIBUTED_FAMILY_v2,E5_DPOP_SMALL,E5_DPOP:N8:K2:uniform:cv0.35:p0.7:r5,4017785981,uniform,8,2,0.35,0.7,OPTIMAL,143.30763020640774,143.30763020640774,0.0,0.0015568000089842826,True,True,milp_highs,True,143.30763020640774,1.5568000089842826,,,,,,,,CENTRAL_ORACLE,0.0
SP1_N4_DISTRIBUTED_FAMILY_v2,E5_DPOP_SMALL,E5_DPOP:N8:K2:uniform:cv0.35:p0.7:r5,4017785981,uniform,8,2,0.35,0.7,OPTIMAL,143.30763020640774,143.30763020640774,0.0,0.0015568000089842826,True,True,geo_qpg_u,True,231.4298335303515,1.5830999764148146,54.0,1848.0,,,,,,N4_ATOMIC,0.6149163390464294
SP1_N4_DISTRIBUTED_FAMILY_v2,E5_DPOP_SMALL,E5_DPOP:N8:K2:uniform:cv0.35:p0.7:r5,4017785981,uniform,8,2,0.35,0.7,OPTIMAL,143.30763020640774,143.30763020640774,0.0,0.0015568000089842826,True,True,geo_qpg_p,True,143.30763020640774,12.21149999764748,255.0,9648.0,,,,,,N4_ATOMIC,0.0
SP1_N4_DISTRIBUTED_FAMILY_v2,E5_DPOP_SMALL,E5_DPOP:N8:K2:uniform:cv0.35:p0.7:r5,4017785981,uniform,8,2,0.35,0.7,OPTIMAL,143.30763020640774,143.30763020640774,0.0,0.0015568000089842826,True,True,geo_qpg_c3,True,143.30763020640774,23.43869998003356,643.0,25168.0,,,,,,N4_ATOMIC,0.0
SP1_N4_DISTRIBUTED_FAMILY_v2,E5_DPOP_SMALL,E5_DPOP:N8:K2:uniform:cv0.35:p0.7:r5,4017785981,uniform,8,2,0.35,0.7,OPTIMAL,143.30763020640774,143.30763020640774,0.0,0.0015568000089842826,True,True,geo_qpg_d,True,143.30763020640774,12.220699980389327,510.0,18832.0,,,,,,N4_ATOMIC,0.0
SP1_N4_DISTRIBUTED_FAMILY_v2,E5_DPOP_SMALL,E5_DPOP:N8:K2:uniform:cv0.35:p0.7:r6,2893444871,uniform,8,2,0.35,0.7,OPTIMAL,313.27093168482713,313.27093168482713,0.0,0.002838099986547604,True,True,dpop_exact_small,True,313.2709316848271,39.42539999843575,14.0,26288.0,7.0,7.0,3279.0,7.0,6561.0,EXACT_DISTRIBUTED,-1.8145130336572863e-16
SP1_N4_DISTRIBUTED_FAMILY_v2,E5_DPOP_SMALL,E5_DPOP:N8:K2:uniform:cv0.35:p0.7:r6,2893444871,uniform,8,2,0.35,0.7,OPTIMAL,313.27093168482713,313.27093168482713,0.0,0.002838099986547604,True,True,milp_highs,True,313.27093168482713,2.838099986547604,,,,,,,,CENTRAL_ORACLE,0.0
SP1_N4_DISTRIBUTED_FAMILY_v2,E5_DPOP_SMALL,E5_DPOP:N8:K2:uniform:cv0.35:p0.7:r6,2893444871,uniform,8,2,0.35,0.7,OPTIMAL,313.27093168482713,313.27093168482713,0.0,0.002838099986547604,True,True,geo_qpg_u,True,412.6924629272069,2.1567000076174736,76.0,2632.0,,,,,,N4_ATOMIC,0.31736596404803025
SP1_N4_DISTRIBUTED_FAMILY_v2,E5_DPOP_SMALL,E5_DPOP:N8:K2:uniform:cv0.35:p0.7:r6,2893444871,uniform,8,2,0.35,0.7,OPTIMAL,313.27093168482713,313.27093168482713,0.0,0.002838099986547604,True,True,geo_qpg_p,True,313.2709316848271,9.855100011918694,245.0,9296.0,,,,,,N4_ATOMIC,-1.8145130336572863e-16
SP1_N4_DISTRIBUTED_FAMILY_v2,E5_DPOP_SMALL,E5_DPOP:N8:K2:uniform:cv0.35:p0.7:r6,2893444871,uniform,8,2,0.35,0.7,OPTIMAL,313.27093168482713,313.27093168482713,0.0,0.002838099986547604,True,True,geo_qpg_c3,True,313.2709316848271,24.295800016261637,665.0,26096.0,,,,,,N4_ATOMIC,-1.8145130336572863e-16
SP1_N4_DISTRIBUTED_FAMILY_v2,E5_DPOP_SMALL,E5_DPOP:N8:K2:uniform:cv0.35:p0.7:r6,2893444871,uniform,8,2,0.35,0.7,OPTIMAL,313.27093168482713,313.27093168482713,0.0,0.002838099986547604,True,True,geo_qpg_d,True,327.0780044321527,14.077600004384294,537.0,19884.0,,,,,,N4_ATOMIC,0.04407390329217154
SP1_N4_DISTRIBUTED_FAMILY_v2,E5_DPOP_SMALL,E5_DPOP:N8:K2:uniform:cv0.35:p0.7:r7,3130612670,uniform,8,2,0.35,0.7,OPTIMAL,189.47431495344782,189.47431495344782,0.0,0.0020678000000771135,True,True,dpop_exact_small,True,189.47431495344782,38.68779999902472,14.0,26288.0,7.0,7.0,3279.0,7.0,6561.0,EXACT_DISTRIBUTED,0.0
SP1_N4_DISTRIBUTED_FAMILY_v2,E5_DPOP_SMALL,E5_DPOP:N8:K2:uniform:cv0.35:p0.7:r7,3130612670,uniform,8,2,0.35,0.7,OPTIMAL,189.47431495344782,189.47431495344782,0.0,0.0020678000000771135,True,True,milp_highs,True,189.47431495344782,2.0678000000771135,,,,,,,,CENTRAL_ORACLE,0.0
SP1_N4_DISTRIBUTED_FAMILY_v2,E5_DPOP_SMALL,E5_DPOP:N8:K2:uniform:cv0.35:p0.7:r7,3130612670,uniform,8,2,0.35,0.7,OPTIMAL,189.47431495344782,189.47431495344782,0.0,0.0020678000000771135,True,True,geo_qpg_u,True,308.07044835335876,1.7712000117171556,73.0,2576.0,,,,,,N4_ATOMIC,0.6259219537436986
SP1_N4_DISTRIBUTED_FAMILY_v2,E5_DPOP_SMALL,E5_DPOP:N8:K2:uniform:cv0.35:p0.7:r7,3130612670,uniform,8,2,0.35,0.7,OPTIMAL,189.47431495344782,189.47431495344782,0.0,0.0020678000000771135,True,True,geo_qpg_p,True,235.337518657826,7.616799994139001,210.0,8128.0,,,,,,N4_ATOMIC,0.24205499154672425
SP1_N4_DISTRIBUTED_FAMILY_v2,E5_DPOP_SMALL,E5_DPOP:N8:K2:uniform:cv0.35:p0.7:r7,3130612670,uniform,8,2,0.35,0.7,OPTIMAL,189.47431495344782,189.47431495344782,0.0,0.0020678000000771135,True,True,geo_qpg_c3,True,226.7511072543307,20.7720999896992,589.0,23352.0,,,,,,N4_ATOMIC,0.19673797110727886
SP1_N4_DISTRIBUTED_FAMILY_v2,E5_DPOP_SMALL,E5_DPOP:N8:K2:uniform:cv0.35:p0.7:r7,3130612670,uniform,8,2,0.35,0.7,OPTIMAL,189.47431495344782,189.47431495344782,0.0,0.0020678000000771135,True,True,geo_qpg_d,True,189.47431495344782,6.688199995551258,293.0,10428.0,,,,,,N4_ATOMIC,0.0
SP1_N4_DISTRIBUTED_FAMILY_v2,E5_DPOP_SMALL,E5_DPOP:N8:K2:uniform:cv0.35:p0.7:r8,3122513921,uniform,8,2,0.35,0.7,OPTIMAL,271.85730942204,271.85730942204,0.0,0.003986199997598305,True,True,dpop_exact_small,True,271.85730942204,37.34189999522641,14.0,26288.0,7.0,7.0,3279.0,7.0,6561.0,EXACT_DISTRIBUTED,0.0
SP1_N4_DISTRIBUTED_FAMILY_v2,E5_DPOP_SMALL,E5_DPOP:N8:K2:uniform:cv0.35:p0.7:r8,3122513921,uniform,8,2,0.35,0.7,OPTIMAL,271.85730942204,271.85730942204,0.0,0.003986199997598305,True,True,milp_highs,True,271.85730942204,3.9861999975983053,,,,,,,,CENTRAL_ORACLE,0.0
SP1_N4_DISTRIBUTED_FAMILY_v2,E5_DPOP_SMALL,E5_DPOP:N8:K2:uniform:cv0.35:p0.7:r8,3122513921,uniform,8,2,0.35,0.7,OPTIMAL,271.85730942204,271.85730942204,0.0,0.003986199997598305,True,True,geo_qpg_u,True,422.7636532902741,1.8477000121492893,61.0,2072.0,,,,,,N4_ATOMIC,0.555093935818964
SP1_N4_DISTRIBUTED_FAMILY_v2,E5_DPOP_SMALL,E5_DPOP:N8:K2:uniform:cv0.35:p0.7:r8,3122513921,uniform,8,2,0.35,0.7,OPTIMAL,271.85730942204,271.85730942204,0.0,0.003986199997598305,True,True,geo_qpg_p,True,271.85730942204,10.032499994849786,250.0,9324.0,,,,,,N4_ATOMIC,0.0
SP1_N4_DISTRIBUTED_FAMILY_v2,E5_DPOP_SMALL,E5_DPOP:N8:K2:uniform:cv0.35:p0.7:r8,3122513921,uniform,8,2,0.35,0.7,OPTIMAL,271.85730942204,271.85730942204,0.0,0.003986199997598305,True,True,geo_qpg_c3,True,271.85730942204,20.578800002112985,574.0,22284.0,,,,,,N4_ATOMIC,0.0
SP1_N4_DISTRIBUTED_FAMILY_v2,E5_DPOP_SMALL,E5_DPOP:N8:K2:uniform:cv0.35:p0.7:r8,3122513921,uniform,8,2,0.35,0.7,OPTIMAL,271.85730942204,271.85730942204,0.0,0.003986199997598305,True,True,geo_qpg_d,True,292.09976283055266,12.565899989567697,362.0,12888.0,,,,,,N4_ATOMIC,0.07445984605507758
SP1_N4_DISTRIBUTED_FAMILY_v2,E5_DPOP_SMALL,E5_DPOP:N8:K2:uniform:cv0.35:p0.7:r9,3431767605,uniform,8,2,0.35,0.7,OPTIMAL,192.78303589532314,192.78303589532314,0.0,0.004212800005916506,True,True,dpop_exact_small,True,192.78303589532294,39.86460002488457,14.0,26288.0,7.0,7.0,3279.0,7.0,6561.0,EXACT_DISTRIBUTED,-1.0319993410667862e-15
SP1_N4_DISTRIBUTED_FAMILY_v2,E5_DPOP_SMALL,E5_DPOP:N8:K2:uniform:cv0.35:p0.7:r9,3431767605,uniform,8,2,0.35,0.7,OPTIMAL,192.78303589532314,192.78303589532314,0.0,0.004212800005916506,True,True,milp_highs,True,192.78303589532314,4.212800005916506,,,,,,,,CENTRAL_ORACLE,0.0
SP1_N4_DISTRIBUTED_FAMILY_v2,E5_DPOP_SMALL,E5_DPOP:N8:K2:uniform:cv0.35:p0.7:r9,3431767605,uniform,8,2,0.35,0.7,OPTIMAL,192.78303589532314,192.78303589532314,0.0,0.004212800005916506,True,True,geo_qpg_u,True,241.40557388652513,2.4059000134002417,74.0,2548.0,,,,,,N4_ATOMIC,0.25221377890118374
SP1_N4_DISTRIBUTED_FAMILY_v2,E5_DPOP_SMALL,E5_DPOP:N8:K2:uniform:cv0.35:p0.7:r9,3431767605,uniform,8,2,0.35,0.7,OPTIMAL,192.78303589532314,192.78303589532314,0.0,0.004212800005916506,True,True,geo_qpg_p,True,207.5342987438558,8.244500000728294,182.0,6852.0,,,,,,N4_ATOMIC,0.07651743204491429
SP1_N4_DISTRIBUTED_FAMILY_v2,E5_DPOP_SMALL,E5_DPOP:N8:K2:uniform:cv0.35:p0.7:r9,3431767605,uniform,8,2,0.35,0.7,OPTIMAL,192.78303589532314,192.78303589532314,0.0,0.004212800005916506,True,True,geo_qpg_c3,True,198.28793229704863,22.10560001549311,700.0,27604.0,,,,,,N4_ATOMIC,0.028554879718330217
SP1_N4_DISTRIBUTED_FAMILY_v2,E5_DPOP_SMALL,E5_DPOP:N8:K2:uniform:cv0.35:p0.7:r9,3431767605,uniform,8,2,0.35,0.7,OPTIMAL,192.78303589532314,192.78303589532314,0.0,0.004212800005916506,True,True,geo_qpg_d,True,243.17806149944062,7.747499999823049,262.0,9228.0,,,,,,N4_ATOMIC,0.2614079883640843
SP1_N4_DISTRIBUTED_FAMILY_v2,E5_DPOP_SMALL,E5_DPOP:N8:K2:uniform:cv0.35:p0.85:r0,1425088805,uniform,8,2,0.35,0.85,OPTIMAL,366.20648283252496,366.20648283252496,0.0,0.0021357999939937145,True,True,dpop_exact_small,True,366.206482832525,35.58100000373088,14.0,26288.0,7.0,7.0,3279.0,7.0,6561.0,EXACT_DISTRIBUTED,1.5522231725975173e-16
SP1_N4_DISTRIBUTED_FAMILY_v2,E5_DPOP_SMALL,E5_DPOP:N8:K2:uniform:cv0.35:p0.85:r0,1425088805,uniform,8,2,0.35,0.85,OPTIMAL,366.20648283252496,366.20648283252496,0.0,0.0021357999939937145,True,True,milp_highs,True,366.20648283252496,2.1357999939937145,,,,,,,,CENTRAL_ORACLE,0.0
SP1_N4_DISTRIBUTED_FAMILY_v2,E5_DPOP_SMALL,E5_DPOP:N8:K2:uniform:cv0.35:p0.85:r0,1425088805,uniform,8,2,0.35,0.85,OPTIMAL,366.20648283252496,366.20648283252496,0.0,0.0021357999939937145,True,True,geo_qpg_u,True,515.0031109513466,1.815399999031797,76.0,2632.0,,,,,,N4_ATOMIC,0.406318935066122
SP1_N4_DISTRIBUTED_FAMILY_v2,E5_DPOP_SMALL,E5_DPOP:N8:K2:uniform:cv0.35:p0.85:r0,1425088805,uniform,8,2,0.35,0.85,OPTIMAL,366.20648283252496,366.20648283252496,0.0,0.0021357999939937145,True,True,geo_qpg_p,True,388.01703887194327,11.650600004941225,292.0,10988.0,,,,,,N4_ATOMIC,0.05955808283544999
SP1_N4_DISTRIBUTED_FAMILY_v2,E5_DPOP_SMALL,E5_DPOP:N8:K2:uniform:cv0.35:p0.85:r0,1425088805,uniform,8,2,0.35,0.85,OPTIMAL,366.20648283252496,366.20648283252496,0.0,0.0021357999939937145,True,True,geo_qpg_c3,True,366.20648283252496,26.869199995417148,880.0,34612.0,,,,,,N4_ATOMIC,0.0
SP1_N4_DISTRIBUTED_FAMILY_v2,E5_DPOP_SMALL,E5_DPOP:N8:K2:uniform:cv0.35:p0.85:r0,1425088805,uniform,8,2,0.35,0.85,OPTIMAL,366.20648283252496,366.20648283252496,0.0,0.0021357999939937145,True,True,geo_qpg_d,True,388.01703887194327,10.30170000740327,356.0,12884.0,,,,,,N4_ATOMIC,0.05955808283544999
SP1_N4_DISTRIBUTED_FAMILY_v2,E5_DPOP_SMALL,E5_DPOP:N8:K2:uniform:cv0.35:p0.85:r1,4141864490,uniform,8,2,0.35,0.85,OPTIMAL,279.3926380886786,279.39263808867867,0.0,0.001511100010247901,True,True,dpop_exact_small,True,279.39263808867867,36.15249998983927,14.0,26288.0,7.0,7.0,3279.0,7.0,6561.0,EXACT_DISTRIBUTED,2.034535313803295e-16
SP1_N4_DISTRIBUTED_FAMILY_v2,E5_DPOP_SMALL,E5_DPOP:N8:K2:uniform:cv0.35:p0.85:r1,4141864490,uniform,8,2,0.35,0.85,OPTIMAL,279.3926380886786,279.39263808867867,0.0,0.001511100010247901,True,True,milp_highs,True,279.3926380886786,1.511100010247901,,,,,,,,CENTRAL_ORACLE,0.0
SP1_N4_DISTRIBUTED_FAMILY_v2,E5_DPOP_SMALL,E5_DPOP:N8:K2:uniform:cv0.35:p0.85:r1,4141864490,uniform,8,2,0.35,0.85,OPTIMAL,279.3926380886786,279.39263808867867,0.0,0.001511100010247901,True,True,geo_qpg_u,True,279.39263808867867,2.2258000099100173,81.0,2772.0,,,,,,N4_ATOMIC,2.034535313803295e-16
SP1_N4_DISTRIBUTED_FAMILY_v2,E5_DPOP_SMALL,E5_DPOP:N8:K2:uniform:cv0.35:p0.85:r1,4141864490,uniform,8,2,0.35,0.85,OPTIMAL,279.3926380886786,279.39263808867867,0.0,0.001511100010247901,True,True,geo_qpg_p,True,279.39263808867867,7.770299998810515,173.0,6452.0,,,,,,N4_ATOMIC,2.034535313803295e-16
SP1_N4_DISTRIBUTED_FAMILY_v2,E5_DPOP_SMALL,E5_DPOP:N8:K2:uniform:cv0.35:p0.85:r1,4141864490,uniform,8,2,0.35,0.85,OPTIMAL,279.3926380886786,279.39263808867867,0.0,0.001511100010247901,True,True,geo_qpg_c3,True,279.39263808867867,22.851500019896775,621.0,24372.0,,,,,,N4_ATOMIC,2.034535313803295e-16
SP1_N4_DISTRIBUTED_FAMILY_v2,E5_DPOP_SMALL,E5_DPOP:N8:K2:uniform:cv0.35:p0.85:r1,4141864490,uniform,8,2,0.35,0.85,OPTIMAL,279.3926380886786,279.39263808867867,0.0,0.001511100010247901,True,True,geo_qpg_d,True,342.4869438686149,14.03679998475127,488.0,17556.0,,,,,,N4_ATOMIC,0.2258266581809872
SP1_N4_DISTRIBUTED_FAMILY_v2,E5_DPOP_SMALL,E5_DPOP:N8:K2:uniform:cv0.35:p0.85:r2,1213760460,uniform,8,2,0.35,0.85,OPTIMAL,316.9025235377053,316.9025235377053,0.0,0.003356300003360957,True,True,dpop_exact_small,True,316.9025235377053,35.74629998183809,14.0,26288.0,7.0,7.0,3279.0,7.0,6561.0,EXACT_DISTRIBUTED,0.0
SP1_N4_DISTRIBUTED_FAMILY_v2,E5_DPOP_SMALL,E5_DPOP:N8:K2:uniform:cv0.35:p0.85:r2,1213760460,uniform,8,2,0.35,0.85,OPTIMAL,316.9025235377053,316.9025235377053,0.0,0.003356300003360957,True,True,milp_highs,True,316.9025235377053,3.356300003360957,,,,,,,,CENTRAL_ORACLE,0.0
SP1_N4_DISTRIBUTED_FAMILY_v2,E5_DPOP_SMALL,E5_DPOP:N8:K2:uniform:cv0.35:p0.85:r2,1213760460,uniform,8,2,0.35,0.85,OPTIMAL,316.9025235377053,316.9025235377053,0.0,0.003356300003360957,True,True,geo_qpg_u,True,385.4279758983887,1.771900017047301,65.0,2240.0,,,,,,N4_ATOMIC,0.2162351110231225
SP1_N4_DISTRIBUTED_FAMILY_v2,E5_DPOP_SMALL,E5_DPOP:N8:K2:uniform:cv0.35:p0.85:r2,1213760460,uniform,8,2,0.35,0.85,OPTIMAL,316.9025235377053,316.9025235377053,0.0,0.003356300003360957,True,True,geo_qpg_p,True,334.6077251400825,8.984199987025931,193.0,7356.0,,,,,,N4_ATOMIC,0.05586955068936402
SP1_N4_DISTRIBUTED_FAMILY_v2,E5_DPOP_SMALL,E5_DPOP:N8:K2:uniform:cv0.35:p0.85:r2,1213760460,uniform,8,2,0.35,0.85,OPTIMAL,316.9025235377053,316.9025235377053,0.0,0.003356300003360957,True,True,geo_qpg_c3,True,319.97961636061814,19.33019998250529,715.0,28196.0,,,,,,N4_ATOMIC,0.009709903185882112
SP1_N4_DISTRIBUTED_FAMILY_v2,E5_DPOP_SMALL,E5_DPOP:N8:K2:uniform:cv0.35:p0.85:r2,1213760460,uniform,8,2,0.35,0.85,OPTIMAL,316.9025235377053,316.9025235377053,0.0,0.003356300003360957,True,True,geo_qpg_d,True,316.9025235377053,10.894600010942668,471.0,17520.0,,,,,,N4_ATOMIC,0.0
SP1_N4_DISTRIBUTED_FAMILY_v2,E5_DPOP_SMALL,E5_DPOP:N8:K2:uniform:cv0.35:p0.85:r3,1733259120,uniform,8,2,0.35,0.85,OPTIMAL,291.36912124147653,291.36912124147653,0.0,0.0021339999802876264,True,True,dpop_exact_small,True,291.3691212414765,35.63850000500679,14.0,26288.0,7.0,7.0,3279.0,7.0,6561.0,EXACT_DISTRIBUTED,-1.9509074475224908e-16
SP1_N4_DISTRIBUTED_FAMILY_v2,E5_DPOP_SMALL,E5_DPOP:N8:K2:uniform:cv0.35:p0.85:r3,1733259120,uniform,8,2,0.35,0.85,OPTIMAL,291.36912124147653,291.36912124147653,0.0,0.0021339999802876264,True,True,milp_highs,True,291.36912124147653,2.1339999802876264,,,,,,,,CENTRAL_ORACLE,0.0
SP1_N4_DISTRIBUTED_FAMILY_v2,E5_DPOP_SMALL,E5_DPOP:N8:K2:uniform:cv0.35:p0.85:r3,1733259120,uniform,8,2,0.35,0.85,OPTIMAL,291.36912124147653,291.36912124147653,0.0,0.0021339999802876264,True,True,geo_qpg_u,True,323.8845066589547,1.9600999949034303,66.0,2212.0,,,,,,N4_ATOMIC,0.11159516588077485
SP1_N4_DISTRIBUTED_FAMILY_v2,E5_DPOP_SMALL,E5_DPOP:N8:K2:uniform:cv0.35:p0.85:r3,1733259120,uniform,8,2,0.35,0.85,OPTIMAL,291.36912124147653,291.36912124147653,0.0,0.0021339999802876264,True,True,geo_qpg_p,True,291.3691212414765,12.627400021301582,282.0,10804.0,,,,,,N4_ATOMIC,-1.9509074475224908e-16
SP1_N4_DISTRIBUTED_FAMILY_v2,E5_DPOP_SMALL,E5_DPOP:N8:K2:uniform:cv0.35:p0.85:r3,1733259120,uniform,8,2,0.35,0.85,OPTIMAL,291.36912124147653,291.36912124147653,0.0,0.0021339999802876264,True,True,geo_qpg_c3,True,291.3691212414765,29.494999995222315,754.0,29684.0,,,,,,N4_ATOMIC,-1.9509074475224908e-16
SP1_N4_DISTRIBUTED_FAMILY_v2,E5_DPOP_SMALL,E5_DPOP:N8:K2:uniform:cv0.35:p0.85:r3,1733259120,uniform,8,2,0.35,0.85,OPTIMAL,291.36912124147653,291.36912124147653,0.0,0.0021339999802876264,True,True,geo_qpg_d,True,291.3691212414765,10.722099978011101,293.0,10452.0,,,,,,N4_ATOMIC,-1.9509074475224908e-16
SP1_N4_DISTRIBUTED_FAMILY_v2,E5_DPOP_SMALL,E5_DPOP:N8:K2:uniform:cv0.35:p0.85:r4,1865122119,uniform,8,2,0.35,0.85,OPTIMAL,226.51033565218725,226.51033565218725,0.0,0.002175900008296594,True,True,dpop_exact_small,True,226.51033565218725,35.873399989213794,14.0,26288.0,7.0,7.0,3279.0,7.0,6561.0,EXACT_DISTRIBUTED,0.0
SP1_N4_DISTRIBUTED_FAMILY_v2,E5_DPOP_SMALL,E5_DPOP:N8:K2:uniform:cv0.35:p0.85:r4,1865122119,uniform,8,2,0.35,0.85,OPTIMAL,226.51033565218725,226.51033565218725,0.0,0.002175900008296594,True,True,milp_highs,True,226.51033565218725,2.175900008296594,,,,,,,,CENTRAL_ORACLE,0.0
SP1_N4_DISTRIBUTED_FAMILY_v2,E5_DPOP_SMALL,E5_DPOP:N8:K2:uniform:cv0.35:p0.85:r4,1865122119,uniform,8,2,0.35,0.85,OPTIMAL,226.51033565218725,226.51033565218725,0.0,0.002175900008296594,True,True,geo_qpg_u,True,258.8387486860139,2.416200004518032,99.0,3412.0,,,,,,N4_ATOMIC,0.14272378759558152
SP1_N4_DISTRIBUTED_FAMILY_v2,E5_DPOP_SMALL,E5_DPOP:N8:K2:uniform:cv0.35:p0.85:r4,1865122119,uniform,8,2,0.35,0.85,OPTIMAL,226.51033565218725,226.51033565218725,0.0,0.002175900008296594,True,True,geo_qpg_p,True,226.51033565218728,10.461699974257499,279.0,10520.0,,,,,,N4_ATOMIC,1.2547643509762977e-16
SP1_N4_DISTRIBUTED_FAMILY_v2,E5_DPOP_SMALL,E5_DPOP:N8:K2:uniform:cv0.35:p0.85:r4,1865122119,uniform,8,2,0.35,0.85,OPTIMAL,226.51033565218725,226.51033565218725,0.0,0.002175900008296594,True,True,geo_qpg_c3,True,226.51033565218728,24.223700020229444,707.0,27640.0,,,,,,N4_ATOMIC,1.2547643509762977e-16
SP1_N4_DISTRIBUTED_FAMILY_v2,E5_DPOP_SMALL,E5_DPOP:N8:K2:uniform:cv0.35:p0.85:r4,1865122119,uniform,8,2,0.35,0.85,OPTIMAL,226.51033565218725,226.51033565218725,0.0,0.002175900008296594,True,True,geo_qpg_d,True,303.5288178873243,9.927600010996684,311.0,11076.0,,,,,,N4_ATOMIC,0.34002193327460783
SP1_N4_DISTRIBUTED_FAMILY_v2,E5_DPOP_SMALL,E5_DPOP:N8:K2:uniform:cv0.35:p0.85:r5,3091989306,uniform,8,2,0.35,0.85,OPTIMAL,269.7214976365889,269.7214976365888,0.0,0.0035305999917909503,True,True,dpop_exact_small,True,269.7214976365889,37.528199987718835,14.0,26288.0,7.0,7.0,3279.0,7.0,6561.0,EXACT_DISTRIBUTED,0.0
SP1_N4_DISTRIBUTED_FAMILY_v2,E5_DPOP_SMALL,E5_DPOP:N8:K2:uniform:cv0.35:p0.85:r5,3091989306,uniform,8,2,0.35,0.85,OPTIMAL,269.7214976365889,269.7214976365888,0.0,0.0035305999917909503,True,True,milp_highs,True,269.7214976365889,3.5305999917909503,,,,,,,,CENTRAL_ORACLE,0.0
SP1_N4_DISTRIBUTED_FAMILY_v2,E5_DPOP_SMALL,E5_DPOP:N8:K2:uniform:cv0.35:p0.85:r5,3091989306,uniform,8,2,0.35,0.85,OPTIMAL,269.7214976365889,269.7214976365888,0.0,0.0035305999917909503,True,True,geo_qpg_u,True,304.1572131695002,2.2136000043246895,81.0,2772.0,,,,,,N4_ATOMIC,0.12767137893957764
SP1_N4_DISTRIBUTED_FAMILY_v2,E5_DPOP_SMALL,E5_DPOP:N8:K2:uniform:cv0.35:p0.85:r5,3091989306,uniform,8,2,0.35,0.85,OPTIMAL,269.7214976365889,269.7214976365888,0.0,0.0035305999917909503,True,True,geo_qpg_p,True,269.7214976365888,10.274699976434931,232.0,8720.0,,,,,,N4_ATOMIC,-2.1074856605385007e-16
SP1_N4_DISTRIBUTED_FAMILY_v2,E5_DPOP_SMALL,E5_DPOP:N8:K2:uniform:cv0.35:p0.85:r5,3091989306,uniform,8,2,0.35,0.85,OPTIMAL,269.7214976365889,269.7214976365888,0.0,0.0035305999917909503,True,True,geo_qpg_c3,True,269.7214976365888,22.73210001294501,704.0,27600.0,,,,,,N4_ATOMIC,-2.1074856605385007e-16
SP1_N4_DISTRIBUTED_FAMILY_v2,E5_DPOP_SMALL,E5_DPOP:N8:K2:uniform:cv0.35:p0.85:r5,3091989306,uniform,8,2,0.35,0.85,OPTIMAL,269.7214976365889,269.7214976365888,0.0,0.0035305999917909503,True,True,geo_qpg_d,True,275.95107551349577,14.875699998810887,785.0,30984.0,,,,,,N4_ATOMIC,0.023096334298500568
SP1_N4_DISTRIBUTED_FAMILY_v2,E5_DPOP_SMALL,E5_DPOP:N8:K2:uniform:cv0.35:p0.85:r6,2787686621,uniform,8,2,0.35,0.85,OPTIMAL,262.28585667945583,262.28585667945583,0.0,0.002352200011955574,True,True,dpop_exact_small,True,262.2858566794558,35.73229999165051,14.0,26288.0,7.0,7.0,3279.0,7.0,6561.0,EXACT_DISTRIBUTED,-2.1672315686574498e-16
SP1_N4_DISTRIBUTED_FAMILY_v2,E5_DPOP_SMALL,E5_DPOP:N8:K2:uniform:cv0.35:p0.85:r6,2787686621,uniform,8,2,0.35,0.85,OPTIMAL,262.28585667945583,262.28585667945583,0.0,0.002352200011955574,True,True,milp_highs,True,262.28585667945583,2.352200011955574,,,,,,,,CENTRAL_ORACLE,0.0
SP1_N4_DISTRIBUTED_FAMILY_v2,E5_DPOP_SMALL,E5_DPOP:N8:K2:uniform:cv0.35:p0.85:r6,2787686621,uniform,8,2,0.35,0.85,OPTIMAL,262.28585667945583,262.28585667945583,0.0,0.002352200011955574,True,True,geo_qpg_u,True,275.7032647363434,1.8601999909151345,103.0,3696.0,,,,,,N4_ATOMIC,0.05115566743381517
SP1_N4_DISTRIBUTED_FAMILY_v2,E5_DPOP_SMALL,E5_DPOP:N8:K2:uniform:cv0.35:p0.85:r6,2787686621,uniform,8,2,0.35,0.85,OPTIMAL,262.28585667945583,262.28585667945583,0.0,0.002352200011955574,True,True,geo_qpg_p,True,262.28585667945583,6.032700010109693,193.0,7316.0,,,,,,N4_ATOMIC,0.0
SP1_N4_DISTRIBUTED_FAMILY_v2,E5_DPOP_SMALL,E5_DPOP:N8:K2:uniform:cv0.35:p0.85:r6,2787686621,uniform,8,2,0.35,0.85,OPTIMAL,262.28585667945583,262.28585667945583,0.0,0.002352200011955574,True,True,geo_qpg_c3,True,262.28585667945583,16.429999988758937,505.0,19796.0,,,,,,N4_ATOMIC,0.0
SP1_N4_DISTRIBUTED_FAMILY_v2,E5_DPOP_SMALL,E5_DPOP:N8:K2:uniform:cv0.35:p0.85:r6,2787686621,uniform,8,2,0.35,0.85,OPTIMAL,262.28585667945583,262.28585667945583,0.0,0.002352200011955574,True,True,geo_qpg_d,True,262.28585667945583,10.329400014597923,563.0,20564.0,,,,,,N4_ATOMIC,0.0
SP1_N4_DISTRIBUTED_FAMILY_v2,E5_DPOP_SMALL,E5_DPOP:N8:K2:uniform:cv0.35:p0.85:r7,4236860372,uniform,8,2,0.35,0.85,OPTIMAL,229.66778057546284,229.6677805754628,0.0,0.0023410000139847398,True,True,dpop_exact_small,True,229.6677805754628,39.63400001521222,14.0,26288.0,7.0,7.0,3279.0,7.0,6561.0,EXACT_DISTRIBUTED,-1.2375140021464775e-16
SP1_N4_DISTRIBUTED_FAMILY_v2,E5_DPOP_SMALL,E5_DPOP:N8:K2:uniform:cv0.35:p0.85:r7,4236860372,uniform,8,2,0.35,0.85,OPTIMAL,229.66778057546284,229.6677805754628,0.0,0.0023410000139847398,True,True,milp_highs,True,229.66778057546284,2.34100001398474,,,,,,,,CENTRAL_ORACLE,0.0
SP1_N4_DISTRIBUTED_FAMILY_v2,E5_DPOP_SMALL,E5_DPOP:N8:K2:uniform:cv0.35:p0.85:r7,4236860372,uniform,8,2,0.35,0.85,OPTIMAL,229.66778057546284,229.6677805754628,0.0,0.0023410000139847398,True,True,geo_qpg_u,True,259.32347644208346,1.7868000140879303,73.0,2576.0,,,,,,N4_ATOMIC,0.12912431945096683
SP1_N4_DISTRIBUTED_FAMILY_v2,E5_DPOP_SMALL,E5_DPOP:N8:K2:uniform:cv0.35:p0.85:r7,4236860372,uniform,8,2,0.35,0.85,OPTIMAL,229.66778057546284,229.6677805754628,0.0,0.0023410000139847398,True,True,geo_qpg_p,True,229.6677805754628,7.830500020645559,160.0,6032.0,,,,,,N4_ATOMIC,-1.2375140021464775e-16
SP1_N4_DISTRIBUTED_FAMILY_v2,E5_DPOP_SMALL,E5_DPOP:N8:K2:uniform:cv0.35:p0.85:r7,4236860372,uniform,8,2,0.35,0.85,OPTIMAL,229.66778057546284,229.6677805754628,0.0,0.0023410000139847398,True,True,geo_qpg_c3,True,229.6677805754628,14.278899994678795,400.0,15632.0,,,,,,N4_ATOMIC,-1.2375140021464775e-16
SP1_N4_DISTRIBUTED_FAMILY_v2,E5_DPOP_SMALL,E5_DPOP:N8:K2:uniform:cv0.35:p0.85:r7,4236860372,uniform,8,2,0.35,0.85,OPTIMAL,229.66778057546284,229.6677805754628,0.0,0.0023410000139847398,True,True,geo_qpg_d,True,250.2375070438569,7.403700001304969,378.0,13288.0,,,,,,N4_ATOMIC,0.0895629609728187
SP1_N4_DISTRIBUTED_FAMILY_v2,E5_DPOP_SMALL,E5_DPOP:N8:K2:uniform:cv0.35:p0.85:r8,710014406,uniform,8,2,0.35,0.85,OPTIMAL,237.91323985679583,237.9132398567958,0.0,0.0022624999983236194,True,True,dpop_exact_small,True,237.91323985679577,36.90140001708642,14.0,26288.0,7.0,7.0,3279.0,7.0,6561.0,EXACT_DISTRIBUTED,-2.3892499171136114e-16
SP1_N4_DISTRIBUTED_FAMILY_v2,E5_DPOP_SMALL,E5_DPOP:N8:K2:uniform:cv0.35:p0.85:r8,710014406,uniform,8,2,0.35,0.85,OPTIMAL,237.91323985679583,237.9132398567958,0.0,0.0022624999983236194,True,True,milp_highs,True,237.91323985679583,2.2624999983236194,,,,,,,,CENTRAL_ORACLE,0.0
SP1_N4_DISTRIBUTED_FAMILY_v2,E5_DPOP_SMALL,E5_DPOP:N8:K2:uniform:cv0.35:p0.85:r8,710014406,uniform,8,2,0.35,0.85,OPTIMAL,237.91323985679583,237.9132398567958,0.0,0.0022624999983236194,True,True,geo_qpg_u,True,335.0584755778608,1.732699980493635,70.0,2380.0,,,,,,N4_ATOMIC,0.40832210842716615
SP1_N4_DISTRIBUTED_FAMILY_v2,E5_DPOP_SMALL,E5_DPOP:N8:K2:uniform:cv0.35:p0.85:r8,710014406,uniform,8,2,0.35,0.85,OPTIMAL,237.91323985679583,237.9132398567958,0.0,0.0022624999983236194,True,True,geo_qpg_p,True,249.20315278991296,8.398699981626123,220.0,8332.0,,,,,,N4_ATOMIC,0.047453907735074914
SP1_N4_DISTRIBUTED_FAMILY_v2,E5_DPOP_SMALL,E5_DPOP:N8:K2:uniform:cv0.35:p0.85:r8,710014406,uniform,8,2,0.35,0.85,OPTIMAL,237.91323985679583,237.9132398567958,0.0,0.0022624999983236194,True,True,geo_qpg_c3,True,249.20315278991296,24.738599982811138,668.0,26252.0,,,,,,N4_ATOMIC,0.047453907735074914
SP1_N4_DISTRIBUTED_FAMILY_v2,E5_DPOP_SMALL,E5_DPOP:N8:K2:uniform:cv0.35:p0.85:r8,710014406,uniform,8,2,0.35,0.85,OPTIMAL,237.91323985679583,237.9132398567958,0.0,0.0022624999983236194,True,True,geo_qpg_d,True,237.9132398567958,14.910099998814985,437.0,15816.0,,,,,,N4_ATOMIC,-1.1946249585568057e-16
SP1_N4_DISTRIBUTED_FAMILY_v2,E5_DPOP_SMALL,E5_DPOP:N8:K2:uniform:cv0.35:p0.85:r9,517328805,uniform,8,2,0.35,0.85,OPTIMAL,259.0311636942898,259.0311636942898,0.0,0.001461699983337894,True,True,dpop_exact_small,True,259.0311636942898,40.78829998616129,14.0,26288.0,7.0,7.0,3279.0,7.0,6561.0,EXACT_DISTRIBUTED,0.0
SP1_N4_DISTRIBUTED_FAMILY_v2,E5_DPOP_SMALL,E5_DPOP:N8:K2:uniform:cv0.35:p0.85:r9,517328805,uniform,8,2,0.35,0.85,OPTIMAL,259.0311636942898,259.0311636942898,0.0,0.001461699983337894,True,True,milp_highs,True,259.0311636942898,1.461699983337894,,,,,,,,CENTRAL_ORACLE,0.0
SP1_N4_DISTRIBUTED_FAMILY_v2,E5_DPOP_SMALL,E5_DPOP:N8:K2:uniform:cv0.35:p0.85:r9,517328805,uniform,8,2,0.35,0.85,OPTIMAL,259.0311636942898,259.0311636942898,0.0,0.001461699983337894,True,True,geo_qpg_u,True,329.58223130415473,2.057400008197874,81.0,2772.0,,,,,,N4_ATOMIC,0.27236517260575555
SP1_N4_DISTRIBUTED_FAMILY_v2,E5_DPOP_SMALL,E5_DPOP:N8:K2:uniform:cv0.35:p0.85:r9,517328805,uniform,8,2,0.35,0.85,OPTIMAL,259.0311636942898,259.0311636942898,0.0,0.001461699983337894,True,True,geo_qpg_p,True,259.0311636942898,11.23510001343675,273.0,10404.0,,,,,,N4_ATOMIC,0.0
SP1_N4_DISTRIBUTED_FAMILY_v2,E5_DPOP_SMALL,E5_DPOP:N8:K2:uniform:cv0.35:p0.85:r9,517328805,uniform,8,2,0.35,0.85,OPTIMAL,259.0311636942898,259.0311636942898,0.0,0.001461699983337894,True,True,geo_qpg_c3,True,259.0311636942898,23.915199999464676,697.0,27364.0,,,,,,N4_ATOMIC,0.0
SP1_N4_DISTRIBUTED_FAMILY_v2,E5_DPOP_SMALL,E5_DPOP:N8:K2:uniform:cv0.35:p0.85:r9,517328805,uniform,8,2,0.35,0.85,OPTIMAL,259.0311636942898,259.0311636942898,0.0,0.001461699983337894,True,True,geo_qpg_d,True,259.0311636942898,10.685599991120398,438.0,15620.0,,,,,,N4_ATOMIC,0.0
SP1_N4_DISTRIBUTED_FAMILY_v2,E5_DPOP_SMALL,E5_DPOP:N8:K2:uniform:cv0.65:p0.7:r0,1754340187,uniform,8,2,0.65,0.7,OPTIMAL,210.0048017692339,210.0048017692339,0.0,0.002390099980402738,True,True,dpop_exact_small,True,210.0048017692339,37.408200005302206,14.0,26288.0,7.0,7.0,3279.0,7.0,6561.0,EXACT_DISTRIBUTED,0.0
SP1_N4_DISTRIBUTED_FAMILY_v2,E5_DPOP_SMALL,E5_DPOP:N8:K2:uniform:cv0.65:p0.7:r0,1754340187,uniform,8,2,0.65,0.7,OPTIMAL,210.0048017692339,210.0048017692339,0.0,0.002390099980402738,True,True,milp_highs,True,210.0048017692339,2.390099980402738,,,,,,,,CENTRAL_ORACLE,0.0
SP1_N4_DISTRIBUTED_FAMILY_v2,E5_DPOP_SMALL,E5_DPOP:N8:K2:uniform:cv0.65:p0.7:r0,1754340187,uniform,8,2,0.65,0.7,OPTIMAL,210.0048017692339,210.0048017692339,0.0,0.002390099980402738,True,True,geo_qpg_u,True,236.9700731828855,2.0370999991428107,70.0,2380.0,,,,,,N4_ATOMIC,0.1284031183405163
SP1_N4_DISTRIBUTED_FAMILY_v2,E5_DPOP_SMALL,E5_DPOP:N8:K2:uniform:cv0.65:p0.7:r0,1754340187,uniform,8,2,0.65,0.7,OPTIMAL,210.0048017692339,210.0048017692339,0.0,0.002390099980402738,True,True,geo_qpg_p,True,236.9700731828855,9.017399977892637,158.0,5900.0,,,,,,N4_ATOMIC,0.1284031183405163
SP1_N4_DISTRIBUTED_FAMILY_v2,E5_DPOP_SMALL,E5_DPOP:N8:K2:uniform:cv0.65:p0.7:r0,1754340187,uniform,8,2,0.65,0.7,OPTIMAL,210.0048017692339,210.0048017692339,0.0,0.002390099980402738,True,True,geo_qpg_c3,True,210.00480176923392,26.055800000904128,643.0,25264.0,,,,,,N4_ATOMIC,1.3533837888923853e-16
SP1_N4_DISTRIBUTED_FAMILY_v2,E5_DPOP_SMALL,E5_DPOP:N8:K2:uniform:cv0.65:p0.7:r0,1754340187,uniform,8,2,0.65,0.7,OPTIMAL,210.0048017692339,210.0048017692339,0.0,0.002390099980402738,True,True,geo_qpg_d,True,210.00480176923392,10.007900011260062,311.0,11244.0,,,,,,N4_ATOMIC,1.3533837888923853e-16
SP1_N4_DISTRIBUTED_FAMILY_v2,E5_DPOP_SMALL,E5_DPOP:N8:K2:uniform:cv0.65:p0.7:r1,2573212275,uniform,8,2,0.65,0.7,OPTIMAL,126.6917908949851,126.69179089498512,0.0,0.0014603000017814338,True,True,dpop_exact_small,True,126.6917908949851,36.76139999879524,14.0,26288.0,7.0,7.0,3279.0,7.0,6561.0,EXACT_DISTRIBUTED,0.0
SP1_N4_DISTRIBUTED_FAMILY_v2,E5_DPOP_SMALL,E5_DPOP:N8:K2:uniform:cv0.65:p0.7:r1,2573212275,uniform,8,2,0.65,0.7,OPTIMAL,126.6917908949851,126.69179089498512,0.0,0.0014603000017814338,True,True,milp_highs,True,126.6917908949851,1.4603000017814338,,,,,,,,CENTRAL_ORACLE,0.0
SP1_N4_DISTRIBUTED_FAMILY_v2,E5_DPOP_SMALL,E5_DPOP:N8:K2:uniform:cv0.65:p0.7:r1,2573212275,uniform,8,2,0.65,0.7,OPTIMAL,126.6917908949851,126.69179089498512,0.0,0.0014603000017814338,True,True,geo_qpg_u,True,181.87973193188785,2.0352999854367226,92.0,3164.0,,,,,,N4_ATOMIC,0.435607868884323
SP1_N4_DISTRIBUTED_FAMILY_v2,E5_DPOP_SMALL,E5_DPOP:N8:K2:uniform:cv0.65:p0.7:r1,2573212275,uniform,8,2,0.65,0.7,OPTIMAL,126.6917908949851,126.69179089498512,0.0,0.0014603000017814338,True,True,geo_qpg_p,True,126.69179089498512,10.302000009687617,242.0,9096.0,,,,,,N4_ATOMIC,1.1216870970733526e-16
SP1_N4_DISTRIBUTED_FAMILY_v2,E5_DPOP_SMALL,E5_DPOP:N8:K2:uniform:cv0.65:p0.7:r1,2573212275,uniform,8,2,0.65,0.7,OPTIMAL,126.6917908949851,126.69179089498512,0.0,0.0014603000017814338,True,True,geo_qpg_c3,True,126.69179089498512,25.685500004328787,674.0,26376.0,,,,,,N4_ATOMIC,1.1216870970733526e-16
SP1_N4_DISTRIBUTED_FAMILY_v2,E5_DPOP_SMALL,E5_DPOP:N8:K2:uniform:cv0.65:p0.7:r1,2573212275,uniform,8,2,0.65,0.7,OPTIMAL,126.6917908949851,126.69179089498512,0.0,0.0014603000017814338,True,True,geo_qpg_d,True,162.34409808084843,8.140999998431653,302.0,10828.0,,,,,,N4_ATOMIC,0.2814097656525792
SP1_N4_DISTRIBUTED_FAMILY_v2,E5_DPOP_SMALL,E5_DPOP:N8:K2:uniform:cv0.65:p0.7:r2,1141508403,uniform,8,2,0.65,0.7,OPTIMAL,167.9385438265827,167.9385438265827,0.0,0.001931600010721013,True,True,dpop_exact_small,True,167.9385438265827,35.01429999596439,14.0,26288.0,7.0,7.0,3279.0,7.0,6561.0,EXACT_DISTRIBUTED,0.0
SP1_N4_DISTRIBUTED_FAMILY_v2,E5_DPOP_SMALL,E5_DPOP:N8:K2:uniform:cv0.65:p0.7:r2,1141508403,uniform,8,2,0.65,0.7,OPTIMAL,167.9385438265827,167.9385438265827,0.0,0.001931600010721013,True,True,milp_highs,True,167.9385438265827,1.931600010721013,,,,,,,,CENTRAL_ORACLE,0.0
SP1_N4_DISTRIBUTED_FAMILY_v2,E5_DPOP_SMALL,E5_DPOP:N8:K2:uniform:cv0.65:p0.7:r2,1141508403,uniform,8,2,0.65,0.7,OPTIMAL,167.9385438265827,167.9385438265827,0.0,0.001931600010721013,True,True,geo_qpg_u,True,321.6997892023214,1.5303000109270215,61.0,2072.0,,,,,,N4_ATOMIC,0.9155804371777584
SP1_N4_DISTRIBUTED_FAMILY_v2,E5_DPOP_SMALL,E5_DPOP:N8:K2:uniform:cv0.65:p0.7:r2,1141508403,uniform,8,2,0.65,0.7,OPTIMAL,167.9385438265827,167.9385438265827,0.0,0.001931600010721013,True,True,geo_qpg_p,True,220.65511090865087,11.418400012189522,290.0,11024.0,,,,,,N4_ATOMIC,0.31390391914142435
SP1_N4_DISTRIBUTED_FAMILY_v2,E5_DPOP_SMALL,E5_DPOP:N8:K2:uniform:cv0.65:p0.7:r2,1141508403,uniform,8,2,0.65,0.7,OPTIMAL,167.9385438265827,167.9385438265827,0.0,0.001931600010721013,True,True,geo_qpg_c3,True,167.9385438265827,31.767400010721758,1033.0,40740.0,,,,,,N4_ATOMIC,0.0
SP1_N4_DISTRIBUTED_FAMILY_v2,E5_DPOP_SMALL,E5_DPOP:N8:K2:uniform:cv0.65:p0.7:r2,1141508403,uniform,8,2,0.65,0.7,OPTIMAL,167.9385438265827,167.9385438265827,0.0,0.001931600010721013,True,True,geo_qpg_d,True,220.65511090865087,13.32850000471808,490.0,18196.0,,,,,,N4_ATOMIC,0.31390391914142435
SP1_N4_DISTRIBUTED_FAMILY_v2,E5_DPOP_SMALL,E5_DPOP:N8:K2:uniform:cv0.65:p0.7:r3,2435319892,uniform,8,2,0.65,0.7,OPTIMAL,149.5633757098945,149.5633757098945,0.0,0.007654400018509477,True,True,dpop_exact_small,True,149.56337570989453,42.487100028665736,14.0,26288.0,7.0,7.0,3279.0,7.0,6561.0,EXACT_DISTRIBUTED,1.9003121115381287e-16
SP1_N4_DISTRIBUTED_FAMILY_v2,E5_DPOP_SMALL,E5_DPOP:N8:K2:uniform:cv0.65:p0.7:r3,2435319892,uniform,8,2,0.65,0.7,OPTIMAL,149.5633757098945,149.5633757098945,0.0,0.007654400018509477,True,True,milp_highs,True,149.5633757098945,7.654400018509477,,,,,,,,CENTRAL_ORACLE,0.0
SP1_N4_DISTRIBUTED_FAMILY_v2,E5_DPOP_SMALL,E5_DPOP:N8:K2:uniform:cv0.65:p0.7:r3,2435319892,uniform,8,2,0.65,0.7,OPTIMAL,149.5633757098945,149.5633757098945,0.0,0.007654400018509477,True,True,geo_qpg_u,True,177.09715213876706,2.0865999977104366,78.0,2716.0,,,,,,N4_ATOMIC,0.18409437670275206
SP1_N4_DISTRIBUTED_FAMILY_v2,E5_DPOP_SMALL,E5_DPOP:N8:K2:uniform:cv0.65:p0.7:r3,2435319892,uniform,8,2,0.65,0.7,OPTIMAL,149.5633757098945,149.5633757098945,0.0,0.007654400018509477,True,True,geo_qpg_p,True,169.41097594948096,9.234600001946092,178.0,6668.0,,,,,,N4_ATOMIC,0.13270361240096976
SP1_N4_DISTRIBUTED_FAMILY_v2,E5_DPOP_SMALL,E5_DPOP:N8:K2:uniform:cv0.65:p0.7:r3,2435319892,uniform,8,2,0.65,0.7,OPTIMAL,149.5633757098945,149.5633757098945,0.0,0.007654400018509477,True,True,geo_qpg_c3,True,169.41097594948096,19.20480001717806,526.0,20588.0,,,,,,N4_ATOMIC,0.13270361240096976
SP1_N4_DISTRIBUTED_FAMILY_v2,E5_DPOP_SMALL,E5_DPOP:N8:K2:uniform:cv0.65:p0.7:r3,2435319892,uniform,8,2,0.65,0.7,OPTIMAL,149.5633757098945,149.5633757098945,0.0,0.007654400018509477,True,True,geo_qpg_d,True,171.76414513041328,6.762600009096786,266.0,9328.0,,,,,,N4_ATOMIC,0.14843720473106484
SP1_N4_DISTRIBUTED_FAMILY_v2,E5_DPOP_SMALL,E5_DPOP:N8:K2:uniform:cv0.65:p0.7:r4,1144679242,uniform,8,2,0.65,0.7,OPTIMAL,190.97398590696497,190.97398590696494,0.0,0.0030120000010356307,True,True,dpop_exact_small,True,190.97398590696494,40.40379999787547,14.0,26288.0,7.0,7.0,3279.0,7.0,6561.0,EXACT_DISTRIBUTED,-1.4882503130164517e-16
SP1_N4_DISTRIBUTED_FAMILY_v2,E5_DPOP_SMALL,E5_DPOP:N8:K2:uniform:cv0.65:p0.7:r4,1144679242,uniform,8,2,0.65,0.7,OPTIMAL,190.97398590696497,190.97398590696494,0.0,0.0030120000010356307,True,True,milp_highs,True,190.97398590696497,3.0120000010356307,,,,,,,,CENTRAL_ORACLE,0.0
SP1_N4_DISTRIBUTED_FAMILY_v2,E5_DPOP_SMALL,E5_DPOP:N8:K2:uniform:cv0.65:p0.7:r4,1144679242,uniform,8,2,0.65,0.7,OPTIMAL,190.97398590696497,190.97398590696494,0.0,0.0030120000010356307,True,True,geo_qpg_u,True,232.31527966273967,2.5757999974302948,112.0,4004.0,,,,,,N4_ATOMIC,0.21647604808287635
SP1_N4_DISTRIBUTED_FAMILY_v2,E5_DPOP_SMALL,E5_DPOP:N8:K2:uniform:cv0.65:p0.7:r4,1144679242,uniform,8,2,0.65,0.7,OPTIMAL,190.97398590696497,190.97398590696494,0.0,0.0030120000010356307,True,True,geo_qpg_p,True,232.31527966273967,6.011999998008832,156.0,5764.0,,,,,,N4_ATOMIC,0.21647604808287635
SP1_N4_DISTRIBUTED_FAMILY_v2,E5_DPOP_SMALL,E5_DPOP:N8:K2:uniform:cv0.65:p0.7:r4,1144679242,uniform,8,2,0.65,0.7,OPTIMAL,190.97398590696497,190.97398590696494,0.0,0.0030120000010356307,True,True,geo_qpg_c3,True,210.5232708295784,15.539599990006536,430.0,17004.0,,,,,,N4_ATOMIC,0.10236621930348706
SP1_N4_DISTRIBUTED_FAMILY_v2,E5_DPOP_SMALL,E5_DPOP:N8:K2:uniform:cv0.65:p0.7:r4,1144679242,uniform,8,2,0.65,0.7,OPTIMAL,190.97398590696497,190.97398590696494,0.0,0.0030120000010356307,True,True,geo_qpg_d,True,190.97398590696497,6.455800001276657,330.0,11332.0,,,,,,N4_ATOMIC,0.0
SP1_N4_DISTRIBUTED_FAMILY_v2,E5_DPOP_SMALL,E5_DPOP:N8:K2:uniform:cv0.65:p0.7:r5,10433099,uniform,8,2,0.65,0.7,OPTIMAL,163.92524090367294,163.92524090367294,0.0,0.0012747999862767756,True,True,dpop_exact_small,True,163.92524090367294,37.52640000311658,14.0,26288.0,7.0,7.0,3279.0,7.0,6561.0,EXACT_DISTRIBUTED,0.0
SP1_N4_DISTRIBUTED_FAMILY_v2,E5_DPOP_SMALL,E5_DPOP:N8:K2:uniform:cv0.65:p0.7:r5,10433099,uniform,8,2,0.65,0.7,OPTIMAL,163.92524090367294,163.92524090367294,0.0,0.0012747999862767756,True,True,milp_highs,True,163.92524090367294,1.2747999862767756,,,,,,,,CENTRAL_ORACLE,0.0
SP1_N4_DISTRIBUTED_FAMILY_v2,E5_DPOP_SMALL,E5_DPOP:N8:K2:uniform:cv0.65:p0.7:r5,10433099,uniform,8,2,0.65,0.7,OPTIMAL,163.92524090367294,163.92524090367294,0.0,0.0012747999862767756,True,True,geo_qpg_u,True,262.7745868072913,2.034700009971857,85.0,2940.0,,,,,,N4_ATOMIC,0.6030147972251876
SP1_N4_DISTRIBUTED_FAMILY_v2,E5_DPOP_SMALL,E5_DPOP:N8:K2:uniform:cv0.65:p0.7:r5,10433099,uniform,8,2,0.65,0.7,OPTIMAL,163.92524090367294,163.92524090367294,0.0,0.0012747999862767756,True,True,geo_qpg_p,True,163.92524090367294,10.138899990124628,267.0,10164.0,,,,,,N4_ATOMIC,0.0
SP1_N4_DISTRIBUTED_FAMILY_v2,E5_DPOP_SMALL,E5_DPOP:N8:K2:uniform:cv0.65:p0.7:r5,10433099,uniform,8,2,0.65,0.7,OPTIMAL,163.92524090367294,163.92524090367294,0.0,0.0012747999862767756,True,True,geo_qpg_c3,True,163.92524090367294,24.80220000143163,639.0,25044.0,,,,,,N4_ATOMIC,0.0
SP1_N4_DISTRIBUTED_FAMILY_v2,E5_DPOP_SMALL,E5_DPOP:N8:K2:uniform:cv0.65:p0.7:r5,10433099,uniform,8,2,0.65,0.7,OPTIMAL,163.92524090367294,163.92524090367294,0.0,0.0012747999862767756,True,True,geo_qpg_d,True,163.92524090367294,13.785499992081895,476.0,16892.0,,,,,,N4_ATOMIC,0.0
SP1_N4_DISTRIBUTED_FAMILY_v2,E5_DPOP_SMALL,E5_DPOP:N8:K2:uniform:cv0.65:p0.7:r6,1833790105,uniform,8,2,0.65,0.7,OPTIMAL,193.2961151947507,193.29611519475068,0.0,0.003816699987510219,True,True,dpop_exact_small,True,193.2961151947507,34.66649999609217,14.0,26288.0,7.0,7.0,3279.0,7.0,6561.0,EXACT_DISTRIBUTED,0.0
SP1_N4_DISTRIBUTED_FAMILY_v2,E5_DPOP_SMALL,E5_DPOP:N8:K2:uniform:cv0.65:p0.7:r6,1833790105,uniform,8,2,0.65,0.7,OPTIMAL,193.2961151947507,193.29611519475068,0.0,0.003816699987510219,True,True,milp_highs,True,193.2961151947507,3.816699987510219,,,,,,,,CENTRAL_ORACLE,0.0
SP1_N4_DISTRIBUTED_FAMILY_v2,E5_DPOP_SMALL,E5_DPOP:N8:K2:uniform:cv0.65:p0.7:r6,1833790105,uniform,8,2,0.65,0.7,OPTIMAL,193.2961151947507,193.29611519475068,0.0,0.003816699987510219,True,True,geo_qpg_u,True,225.4218360640358,2.0880000083707273,85.0,2940.0,,,,,,N4_ATOMIC,0.1661995164099269
SP1_N4_DISTRIBUTED_FAMILY_v2,E5_DPOP_SMALL,E5_DPOP:N8:K2:uniform:cv0.65:p0.7:r6,1833790105,uniform,8,2,0.65,0.7,OPTIMAL,193.2961151947507,193.29611519475068,0.0,0.003816699987510219,True,True,geo_qpg_p,True,193.29611519475068,8.548399986466393,197.0,7284.0,,,,,,N4_ATOMIC,-1.470371476517695e-16
SP1_N4_DISTRIBUTED_FAMILY_v2,E5_DPOP_SMALL,E5_DPOP:N8:K2:uniform:cv0.65:p0.7:r6,1833790105,uniform,8,2,0.65,0.7,OPTIMAL,193.2961151947507,193.29611519475068,0.0,0.003816699987510219,True,True,geo_qpg_c3,True,193.29611519475068,23.386399989249185,577.0,22484.0,,,,,,N4_ATOMIC,-1.470371476517695e-16
SP1_N4_DISTRIBUTED_FAMILY_v2,E5_DPOP_SMALL,E5_DPOP:N8:K2:uniform:cv0.65:p0.7:r6,1833790105,uniform,8,2,0.65,0.7,OPTIMAL,193.2961151947507,193.29611519475068,0.0,0.003816699987510219,True,True,geo_qpg_d,True,193.29611519475068,13.16860000952147,424.0,15796.0,,,,,,N4_ATOMIC,-1.470371476517695e-16
SP1_N4_DISTRIBUTED_FAMILY_v2,E5_DPOP_SMALL,E5_DPOP:N8:K2:uniform:cv0.65:p0.7:r7,1020372923,uniform,8,2,0.65,0.7,OPTIMAL,261.18283496524964,261.1828349652496,0.0,0.0030839999963063747,True,True,dpop_exact_small,True,261.18283496524964,33.14329998102039,14.0,26288.0,7.0,7.0,3279.0,7.0,6561.0,EXACT_DISTRIBUTED,0.0
SP1_N4_DISTRIBUTED_FAMILY_v2,E5_DPOP_SMALL,E5_DPOP:N8:K2:uniform:cv0.65:p0.7:r7,1020372923,uniform,8,2,0.65,0.7,OPTIMAL,261.18283496524964,261.1828349652496,0.0,0.0030839999963063747,True,True,milp_highs,True,261.18283496524964,3.0839999963063747,,,,,,,,CENTRAL_ORACLE,0.0
SP1_N4_DISTRIBUTED_FAMILY_v2,E5_DPOP_SMALL,E5_DPOP:N8:K2:uniform:cv0.65:p0.7:r7,1020372923,uniform,8,2,0.65,0.7,OPTIMAL,261.18283496524964,261.1828349652496,0.0,0.0030839999963063747,True,True,geo_qpg_u,True,261.55024276660674,2.047699992544949,88.0,2996.0,,,,,,N4_ATOMIC,0.0014067073029741292
SP1_N4_DISTRIBUTED_FAMILY_v2,E5_DPOP_SMALL,E5_DPOP:N8:K2:uniform:cv0.65:p0.7:r7,1020372923,uniform,8,2,0.65,0.7,OPTIMAL,261.18283496524964,261.1828349652496,0.0,0.0030839999963063747,True,True,geo_qpg_p,True,261.1828349652496,8.570400008466095,209.0,7812.0,,,,,,N4_ATOMIC,-2.1763841742651668e-16
SP1_N4_DISTRIBUTED_FAMILY_v2,E5_DPOP_SMALL,E5_DPOP:N8:K2:uniform:cv0.65:p0.7:r7,1020372923,uniform,8,2,0.65,0.7,OPTIMAL,261.18283496524964,261.1828349652496,0.0,0.0030839999963063747,True,True,geo_qpg_c3,True,261.1828349652496,22.14870002353564,653.0,25572.0,,,,,,N4_ATOMIC,-2.1763841742651668e-16
SP1_N4_DISTRIBUTED_FAMILY_v2,E5_DPOP_SMALL,E5_DPOP:N8:K2:uniform:cv0.65:p0.7:r7,1020372923,uniform,8,2,0.65,0.7,OPTIMAL,261.18283496524964,261.1828349652496,0.0,0.0030839999963063747,True,True,geo_qpg_d,True,287.1069026442452,9.37420001719147,322.0,11368.0,,,,,,N4_ATOMIC,0.09925639899898007
SP1_N4_DISTRIBUTED_FAMILY_v2,E5_DPOP_SMALL,E5_DPOP:N8:K2:uniform:cv0.65:p0.7:r8,2658351242,uniform,8,2,0.65,0.7,OPTIMAL,184.31583519188516,184.31583519188513,0.0,0.002247299998998642,True,True,dpop_exact_small,True,184.31583519188516,33.173900010297075,14.0,26288.0,7.0,7.0,3279.0,7.0,6561.0,EXACT_DISTRIBUTED,0.0
SP1_N4_DISTRIBUTED_FAMILY_v2,E5_DPOP_SMALL,E5_DPOP:N8:K2:uniform:cv0.65:p0.7:r8,2658351242,uniform,8,2,0.65,0.7,OPTIMAL,184.31583519188516,184.31583519188513,0.0,0.002247299998998642,True,True,milp_highs,True,184.31583519188516,2.247299998998642,,,,,,,,CENTRAL_ORACLE,0.0
SP1_N4_DISTRIBUTED_FAMILY_v2,E5_DPOP_SMALL,E5_DPOP:N8:K2:uniform:cv0.65:p0.7:r8,2658351242,uniform,8,2,0.65,0.7,OPTIMAL,184.31583519188516,184.31583519188513,0.0,0.002247299998998642,True,True,geo_qpg_u,True,387.78385687523036,1.9160000083502382,109.0,3844.0,,,,,,N4_ATOMIC,1.1039096096736416
SP1_N4_DISTRIBUTED_FAMILY_v2,E5_DPOP_SMALL,E5_DPOP:N8:K2:uniform:cv0.65:p0.7:r8,2658351242,uniform,8,2,0.65,0.7,OPTIMAL,184.31583519188516,184.31583519188513,0.0,0.002247299998998642,True,True,geo_qpg_p,True,184.31583519188513,10.757200012449175,360.0,13824.0,,,,,,N4_ATOMIC,-1.5420112656525198e-16
SP1_N4_DISTRIBUTED_FAMILY_v2,E5_DPOP_SMALL,E5_DPOP:N8:K2:uniform:cv0.65:p0.7:r8,2658351242,uniform,8,2,0.65,0.7,OPTIMAL,184.31583519188516,184.31583519188513,0.0,0.002247299998998642,True,True,geo_qpg_c3,True,184.31583519188513,19.89070000126958,696.0,27264.0,,,,,,N4_ATOMIC,-1.5420112656525198e-16
SP1_N4_DISTRIBUTED_FAMILY_v2,E5_DPOP_SMALL,E5_DPOP:N8:K2:uniform:cv0.65:p0.7:r8,2658351242,uniform,8,2,0.65,0.7,OPTIMAL,184.31583519188516,184.31583519188513,0.0,0.002247299998998642,True,True,geo_qpg_d,True,184.31583519188513,9.371799998916686,313.0,11236.0,,,,,,N4_ATOMIC,-1.5420112656525198e-16
SP1_N4_DISTRIBUTED_FAMILY_v2,E5_DPOP_SMALL,E5_DPOP:N8:K2:uniform:cv0.65:p0.7:r9,19563786,uniform,8,2,0.65,0.7,OPTIMAL,137.660429979909,137.660429979909,0.0,0.0024018000112846494,True,True,dpop_exact_small,True,137.660429979909,37.215700023807585,14.0,26288.0,7.0,7.0,3279.0,7.0,6561.0,EXACT_DISTRIBUTED,0.0
SP1_N4_DISTRIBUTED_FAMILY_v2,E5_DPOP_SMALL,E5_DPOP:N8:K2:uniform:cv0.65:p0.7:r9,19563786,uniform,8,2,0.65,0.7,OPTIMAL,137.660429979909,137.660429979909,0.0,0.0024018000112846494,True,True,milp_highs,True,137.660429979909,2.4018000112846494,,,,,,,,CENTRAL_ORACLE,0.0
SP1_N4_DISTRIBUTED_FAMILY_v2,E5_DPOP_SMALL,E5_DPOP:N8:K2:uniform:cv0.65:p0.7:r9,19563786,uniform,8,2,0.65,0.7,OPTIMAL,137.660429979909,137.660429979909,0.0,0.0024018000112846494,True,True,geo_qpg_u,True,255.24008981318804,1.7056000069715083,76.0,2632.0,,,,,,N4_ATOMIC,0.8541282331490562
SP1_N4_DISTRIBUTED_FAMILY_v2,E5_DPOP_SMALL,E5_DPOP:N8:K2:uniform:cv0.65:p0.7:r9,19563786,uniform,8,2,0.65,0.7,OPTIMAL,137.660429979909,137.660429979909,0.0,0.0024018000112846494,True,True,geo_qpg_p,True,153.24070480510147,8.299200009787455,223.0,8448.0,,,,,,N4_ATOMIC,0.11317903647014872
SP1_N4_DISTRIBUTED_FAMILY_v2,E5_DPOP_SMALL,E5_DPOP:N8:K2:uniform:cv0.65:p0.7:r9,19563786,uniform,8,2,0.65,0.7,OPTIMAL,137.660429979909,137.660429979909,0.0,0.0024018000112846494,True,True,geo_qpg_c3,True,153.24070480510147,20.89040001737885,591.0,23168.0,,,,,,N4_ATOMIC,0.11317903647014872
SP1_N4_DISTRIBUTED_FAMILY_v2,E5_DPOP_SMALL,E5_DPOP:N8:K2:uniform:cv0.65:p0.7:r9,19563786,uniform,8,2,0.65,0.7,OPTIMAL,137.660429979909,137.660429979909,0.0,0.0024018000112846494,True,True,geo_qpg_d,True,137.660429979909,12.437400000635535,500.0,19092.0,,,,,,N4_ATOMIC,0.0
SP1_N4_DISTRIBUTED_FAMILY_v2,E5_DPOP_SMALL,E5_DPOP:N8:K2:uniform:cv0.65:p0.85:r0,800527047,uniform,8,2,0.65,0.85,OPTIMAL,235.74759344846078,235.74759344846078,0.0,0.004715499992016703,True,True,dpop_exact_small,True,235.74759344846075,35.39829998044297,14.0,26288.0,7.0,7.0,3279.0,7.0,6561.0,EXACT_DISTRIBUTED,-1.2055991331515997e-16
SP1_N4_DISTRIBUTED_FAMILY_v2,E5_DPOP_SMALL,E5_DPOP:N8:K2:uniform:cv0.65:p0.85:r0,800527047,uniform,8,2,0.65,0.85,OPTIMAL,235.74759344846078,235.74759344846078,0.0,0.004715499992016703,True,True,milp_highs,True,235.74759344846078,4.715499992016703,,,,,,,,CENTRAL_ORACLE,0.0
SP1_N4_DISTRIBUTED_FAMILY_v2,E5_DPOP_SMALL,E5_DPOP:N8:K2:uniform:cv0.65:p0.85:r0,800527047,uniform,8,2,0.65,0.85,OPTIMAL,235.74759344846078,235.74759344846078,0.0,0.004715499992016703,True,True,geo_qpg_u,True,256.3840355869187,2.1687000116799027,94.0,3248.0,,,,,,N4_ATOMIC,0.08753617305946945
SP1_N4_DISTRIBUTED_FAMILY_v2,E5_DPOP_SMALL,E5_DPOP:N8:K2:uniform:cv0.65:p0.85:r0,800527047,uniform,8,2,0.65,0.85,OPTIMAL,235.74759344846078,235.74759344846078,0.0,0.004715499992016703,True,True,geo_qpg_p,True,255.23285028680286,7.145100011257455,204.0,7668.0,,,,,,N4_ATOMIC,0.08265304664754491
SP1_N4_DISTRIBUTED_FAMILY_v2,E5_DPOP_SMALL,E5_DPOP:N8:K2:uniform:cv0.65:p0.85:r0,800527047,uniform,8,2,0.65,0.85,OPTIMAL,235.74759344846078,235.74759344846078,0.0,0.004715499992016703,True,True,geo_qpg_c3,True,255.23285028680286,23.392200004309416,660.0,25908.0,,,,,,N4_ATOMIC,0.08265304664754491
SP1_N4_DISTRIBUTED_FAMILY_v2,E5_DPOP_SMALL,E5_DPOP:N8:K2:uniform:cv0.65:p0.85:r0,800527047,uniform,8,2,0.65,0.85,OPTIMAL,235.74759344846078,235.74759344846078,0.0,0.004715499992016703,True,True,geo_qpg_d,True,252.4680268321228,10.647399991285056,395.0,14196.0,,,,,,N4_ATOMIC,0.07092514981416959
SP1_N4_DISTRIBUTED_FAMILY_v2,E5_DPOP_SMALL,E5_DPOP:N8:K2:uniform:cv0.65:p0.85:r1,2996276069,uniform,8,2,0.65,0.85,OPTIMAL,290.2843052723928,290.2843052723929,0.0,0.009500299987848848,True,True,dpop_exact_small,True,290.2843052723928,36.96440000203438,14.0,26288.0,7.0,7.0,3279.0,7.0,6561.0,EXACT_DISTRIBUTED,0.0
SP1_N4_DISTRIBUTED_FAMILY_v2,E5_DPOP_SMALL,E5_DPOP:N8:K2:uniform:cv0.65:p0.85:r1,2996276069,uniform,8,2,0.65,0.85,OPTIMAL,290.2843052723928,290.2843052723929,0.0,0.009500299987848848,True,True,milp_highs,True,290.2843052723928,9.500299987848848,,,,,,,,CENTRAL_ORACLE,0.0
SP1_N4_DISTRIBUTED_FAMILY_v2,E5_DPOP_SMALL,E5_DPOP:N8:K2:uniform:cv0.65:p0.85:r1,2996276069,uniform,8,2,0.65,0.85,OPTIMAL,290.2843052723928,290.2843052723929,0.0,0.009500299987848848,True,True,geo_qpg_u,True,296.5664424750571,2.0272000110708177,88.0,2996.0,,,,,,N4_ATOMIC,0.021641325722964358
SP1_N4_DISTRIBUTED_FAMILY_v2,E5_DPOP_SMALL,E5_DPOP:N8:K2:uniform:cv0.65:p0.85:r1,2996276069,uniform,8,2,0.65,0.85,OPTIMAL,290.2843052723928,290.2843052723929,0.0,0.009500299987848848,True,True,geo_qpg_p,True,294.6284698300565,9.260799997719005,212.0,7976.0,,,,,,N4_ATOMIC,0.014965206450232407
SP1_N4_DISTRIBUTED_FAMILY_v2,E5_DPOP_SMALL,E5_DPOP:N8:K2:uniform:cv0.65:p0.85:r1,2996276069,uniform,8,2,0.65,0.85,OPTIMAL,290.2843052723928,290.2843052723929,0.0,0.009500299987848848,True,True,geo_qpg_c3,True,290.2843052723929,24.45659998920746,660.0,25960.0,,,,,,N4_ATOMIC,1.9581981467261242e-16
SP1_N4_DISTRIBUTED_FAMILY_v2,E5_DPOP_SMALL,E5_DPOP:N8:K2:uniform:cv0.65:p0.85:r1,2996276069,uniform,8,2,0.65,0.85,OPTIMAL,290.2843052723928,290.2843052723929,0.0,0.009500299987848848,True,True,geo_qpg_d,True,292.7842307019625,7.172000012360513,285.0,10144.0,,,,,,N4_ATOMIC,0.008611989639687248
SP1_N4_DISTRIBUTED_FAMILY_v2,E5_DPOP_SMALL,E5_DPOP:N8:K2:uniform:cv0.65:p0.85:r2,3469460643,uniform,8,2,0.65,0.85,OPTIMAL,275.2638789468464,275.2638789468464,0.0,0.0015352000191342086,True,True,dpop_exact_small,True,275.2638789468464,36.48189999512397,14.0,26288.0,7.0,7.0,3279.0,7.0,6561.0,EXACT_DISTRIBUTED,0.0
SP1_N4_DISTRIBUTED_FAMILY_v2,E5_DPOP_SMALL,E5_DPOP:N8:K2:uniform:cv0.65:p0.85:r2,3469460643,uniform,8,2,0.65,0.85,OPTIMAL,275.2638789468464,275.2638789468464,0.0,0.0015352000191342086,True,True,milp_highs,True,275.2638789468464,1.5352000191342086,,,,,,,,CENTRAL_ORACLE,0.0
SP1_N4_DISTRIBUTED_FAMILY_v2,E5_DPOP_SMALL,E5_DPOP:N8:K2:uniform:cv0.65:p0.85:r2,3469460643,uniform,8,2,0.65,0.85,OPTIMAL,275.2638789468464,275.2638789468464,0.0,0.0015352000191342086,True,True,geo_qpg_u,True,337.5293334050289,3.3331000013276935,77.0,2604.0,,,,,,N4_ATOMIC,0.2262027792982095
SP1_N4_DISTRIBUTED_FAMILY_v2,E5_DPOP_SMALL,E5_DPOP:N8:K2:uniform:cv0.65:p0.85:r2,3469460643,uniform,8,2,0.65,0.85,OPTIMAL,275.2638789468464,275.2638789468464,0.0,0.0015352000191342086,True,True,geo_qpg_p,True,337.5293334050289,7.96220000484027,165.0,6124.0,,,,,,N4_ATOMIC,0.2262027792982095
SP1_N4_DISTRIBUTED_FAMILY_v2,E5_DPOP_SMALL,E5_DPOP:N8:K2:uniform:cv0.65:p0.85:r2,3469460643,uniform,8,2,0.65,0.85,OPTIMAL,275.2638789468464,275.2638789468464,0.0,0.0015352000191342086,True,True,geo_qpg_c3,True,275.2638789468464,29.040399997029454,635.0,24956.0,,,,,,N4_ATOMIC,0.0
SP1_N4_DISTRIBUTED_FAMILY_v2,E5_DPOP_SMALL,E5_DPOP:N8:K2:uniform:cv0.65:p0.85:r2,3469460643,uniform,8,2,0.65,0.85,OPTIMAL,275.2638789468464,275.2638789468464,0.0,0.0015352000191342086,True,True,geo_qpg_d,True,337.5293334050289,11.888900015037507,456.0,16596.0,,,,,,N4_ATOMIC,0.2262027792982095
SP1_N4_DISTRIBUTED_FAMILY_v2,E5_DPOP_SMALL,E5_DPOP:N8:K2:uniform:cv0.65:p0.85:r3,2476505451,uniform,8,2,0.65,0.85,OPTIMAL,327.2239819156689,327.22398191566884,0.0,0.004648200003430247,True,True,dpop_exact_small,True,327.22398191566884,35.280799987958744,14.0,26288.0,7.0,7.0,3279.0,7.0,6561.0,EXACT_DISTRIBUTED,-1.7371409799498593e-16
SP1_N4_DISTRIBUTED_FAMILY_v2,E5_DPOP_SMALL,E5_DPOP:N8:K2:uniform:cv0.65:p0.85:r3,2476505451,uniform,8,2,0.65,0.85,OPTIMAL,327.2239819156689,327.22398191566884,0.0,0.004648200003430247,True,True,milp_highs,True,327.2239819156689,4.648200003430247,,,,,,,,CENTRAL_ORACLE,0.0
SP1_N4_DISTRIBUTED_FAMILY_v2,E5_DPOP_SMALL,E5_DPOP:N8:K2:uniform:cv0.65:p0.85:r3,2476505451,uniform,8,2,0.65,0.85,OPTIMAL,327.2239819156689,327.22398191566884,0.0,0.004648200003430247,True,True,geo_qpg_u,True,327.22398191566884,2.053400006843731,72.0,2464.0,,,,,,N4_ATOMIC,-1.7371409799498593e-16
SP1_N4_DISTRIBUTED_FAMILY_v2,E5_DPOP_SMALL,E5_DPOP:N8:K2:uniform:cv0.65:p0.85:r3,2476505451,uniform,8,2,0.65,0.85,OPTIMAL,327.2239819156689,327.22398191566884,0.0,0.004648200003430247,True,True,geo_qpg_p,True,327.22398191566884,8.502700016833842,160.0,5984.0,,,,,,N4_ATOMIC,-1.7371409799498593e-16
SP1_N4_DISTRIBUTED_FAMILY_v2,E5_DPOP_SMALL,E5_DPOP:N8:K2:uniform:cv0.65:p0.85:r3,2476505451,uniform,8,2,0.65,0.85,OPTIMAL,327.2239819156689,327.22398191566884,0.0,0.004648200003430247,True,True,geo_qpg_c3,True,327.22398191566884,22.808299981988966,576.0,22624.0,,,,,,N4_ATOMIC,-1.7371409799498593e-16
SP1_N4_DISTRIBUTED_FAMILY_v2,E5_DPOP_SMALL,E5_DPOP:N8:K2:uniform:cv0.65:p0.85:r3,2476505451,uniform,8,2,0.65,0.85,OPTIMAL,327.2239819156689,327.22398191566884,0.0,0.004648200003430247,True,True,geo_qpg_d,True,396.7209704384439,9.807499998714775,449.0,15668.0,,,,,,N4_ATOMIC,0.2123835426606523
SP1_N4_DISTRIBUTED_FAMILY_v2,E5_DPOP_SMALL,E5_DPOP:N8:K2:uniform:cv0.65:p0.85:r4,3362186611,uniform,8,2,0.65,0.85,OPTIMAL,287.045271965817,287.045271965817,0.0,0.003774499986320734,True,True,dpop_exact_small,True,287.045271965817,38.39729999890551,14.0,26288.0,7.0,7.0,3279.0,7.0,6561.0,EXACT_DISTRIBUTED,0.0
SP1_N4_DISTRIBUTED_FAMILY_v2,E5_DPOP_SMALL,E5_DPOP:N8:K2:uniform:cv0.65:p0.85:r4,3362186611,uniform,8,2,0.65,0.85,OPTIMAL,287.045271965817,287.045271965817,0.0,0.003774499986320734,True,True,milp_highs,True,287.045271965817,3.774499986320734,,,,,,,,CENTRAL_ORACLE,0.0
SP1_N4_DISTRIBUTED_FAMILY_v2,E5_DPOP_SMALL,E5_DPOP:N8:K2:uniform:cv0.65:p0.85:r4,3362186611,uniform,8,2,0.65,0.85,OPTIMAL,287.045271965817,287.045271965817,0.0,0.003774499986320734,True,True,geo_qpg_u,True,372.0900998997631,3.5619999980553985,106.0,3636.0,,,,,,N4_ATOMIC,0.2962767069860456
SP1_N4_DISTRIBUTED_FAMILY_v2,E5_DPOP_SMALL,E5_DPOP:N8:K2:uniform:cv0.65:p0.85:r4,3362186611,uniform,8,2,0.65,0.85,OPTIMAL,287.045271965817,287.045271965817,0.0,0.003774499986320734,True,True,geo_qpg_p,True,337.3241363521605,11.847199988551438,265.0,9972.0,,,,,,N4_ATOMIC,0.17516005068472618
SP1_N4_DISTRIBUTED_FAMILY_v2,E5_DPOP_SMALL,E5_DPOP:N8:K2:uniform:cv0.65:p0.85:r4,3362186611,uniform,8,2,0.65,0.85,OPTIMAL,287.045271965817,287.045271965817,0.0,0.003774499986320734,True,True,geo_qpg_c3,True,287.045271965817,28.459499997552484,788.0,30888.0,,,,,,N4_ATOMIC,0.0
SP1_N4_DISTRIBUTED_FAMILY_v2,E5_DPOP_SMALL,E5_DPOP:N8:K2:uniform:cv0.65:p0.85:r4,3362186611,uniform,8,2,0.65,0.85,OPTIMAL,287.045271965817,287.045271965817,0.0,0.003774499986320734,True,True,geo_qpg_d,True,287.045271965817,13.360199984163046,334.0,12224.0,,,,,,N4_ATOMIC,0.0
SP1_N4_DISTRIBUTED_FAMILY_v2,E5_DPOP_SMALL,E5_DPOP:N8:K2:uniform:cv0.65:p0.85:r5,2877885250,uniform,8,2,0.65,0.85,OPTIMAL,297.7456579205443,297.7456579205443,0.0,0.001706400013063103,True,True,dpop_exact_small,True,297.7456579205443,41.44439997617155,14.0,26288.0,7.0,7.0,3279.0,7.0,6561.0,EXACT_DISTRIBUTED,0.0
SP1_N4_DISTRIBUTED_FAMILY_v2,E5_DPOP_SMALL,E5_DPOP:N8:K2:uniform:cv0.65:p0.85:r5,2877885250,uniform,8,2,0.65,0.85,OPTIMAL,297.7456579205443,297.7456579205443,0.0,0.001706400013063103,True,True,milp_highs,True,297.7456579205443,1.706400013063103,,,,,,,,CENTRAL_ORACLE,0.0
SP1_N4_DISTRIBUTED_FAMILY_v2,E5_DPOP_SMALL,E5_DPOP:N8:K2:uniform:cv0.65:p0.85:r5,2877885250,uniform,8,2,0.65,0.85,OPTIMAL,297.7456579205443,297.7456579205443,0.0,0.001706400013063103,True,True,geo_qpg_u,True,359.3458695383038,1.9155000045429915,81.0,2772.0,,,,,,N4_ATOMIC,0.20688869838766208
SP1_N4_DISTRIBUTED_FAMILY_v2,E5_DPOP_SMALL,E5_DPOP:N8:K2:uniform:cv0.65:p0.85:r5,2877885250,uniform,8,2,0.65,0.85,OPTIMAL,297.7456579205443,297.7456579205443,0.0,0.001706400013063103,True,True,geo_qpg_p,True,297.7456579205443,9.717700013425201,211.0,7956.0,,,,,,N4_ATOMIC,0.0
SP1_N4_DISTRIBUTED_FAMILY_v2,E5_DPOP_SMALL,E5_DPOP:N8:K2:uniform:cv0.65:p0.85:r5,2877885250,uniform,8,2,0.65,0.85,OPTIMAL,297.7456579205443,297.7456579205443,0.0,0.001706400013063103,True,True,geo_qpg_c3,True,297.7456579205443,24.9603999836836,675.0,26516.0,,,,,,N4_ATOMIC,0.0
SP1_N4_DISTRIBUTED_FAMILY_v2,E5_DPOP_SMALL,E5_DPOP:N8:K2:uniform:cv0.65:p0.85:r5,2877885250,uniform,8,2,0.65,0.85,OPTIMAL,297.7456579205443,297.7456579205443,0.0,0.001706400013063103,True,True,geo_qpg_d,True,297.7456579205443,15.461400005733594,545.0,20104.0,,,,,,N4_ATOMIC,0.0
SP1_N4_DISTRIBUTED_FAMILY_v2,E5_DPOP_SMALL,E5_DPOP:N8:K2:uniform:cv0.65:p0.85:r6,2385524282,uniform,8,2,0.65,0.85,OPTIMAL,227.1897448938674,227.1897448938674,0.0,0.004309100011596456,True,True,dpop_exact_small,True,227.18974489386738,40.387799992458895,14.0,26288.0,7.0,7.0,3279.0,7.0,6561.0,EXACT_DISTRIBUTED,-1.2510119875208857e-16
SP1_N4_DISTRIBUTED_FAMILY_v2,E5_DPOP_SMALL,E5_DPOP:N8:K2:uniform:cv0.65:p0.85:r6,2385524282,uniform,8,2,0.65,0.85,OPTIMAL,227.1897448938674,227.1897448938674,0.0,0.004309100011596456,True,True,milp_highs,True,227.1897448938674,4.309100011596456,,,,,,,,CENTRAL_ORACLE,0.0
SP1_N4_DISTRIBUTED_FAMILY_v2,E5_DPOP_SMALL,E5_DPOP:N8:K2:uniform:cv0.65:p0.85:r6,2385524282,uniform,8,2,0.65,0.85,OPTIMAL,227.1897448938674,227.1897448938674,0.0,0.004309100011596456,True,True,geo_qpg_u,True,326.1800732832354,2.018099999986589,65.0,2240.0,,,,,,N4_ATOMIC,0.43571653480931416
SP1_N4_DISTRIBUTED_FAMILY_v2,E5_DPOP_SMALL,E5_DPOP:N8:K2:uniform:cv0.65:p0.85:r6,2385524282,uniform,8,2,0.65,0.85,OPTIMAL,227.1897448938674,227.1897448938674,0.0,0.004309100011596456,True,True,geo_qpg_p,True,227.1897448938674,11.388900020392612,295.0,11252.0,,,,,,N4_ATOMIC,0.0
SP1_N4_DISTRIBUTED_FAMILY_v2,E5_DPOP_SMALL,E5_DPOP:N8:K2:uniform:cv0.65:p0.85:r6,2385524282,uniform,8,2,0.65,0.85,OPTIMAL,227.1897448938674,227.1897448938674,0.0,0.004309100011596456,True,True,geo_qpg_c3,True,227.1897448938674,24.25960000255145,659.0,25812.0,,,,,,N4_ATOMIC,0.0
SP1_N4_DISTRIBUTED_FAMILY_v2,E5_DPOP_SMALL,E5_DPOP:N8:K2:uniform:cv0.65:p0.85:r6,2385524282,uniform,8,2,0.65,0.85,OPTIMAL,227.1897448938674,227.1897448938674,0.0,0.004309100011596456,True,True,geo_qpg_d,True,286.0815682501321,8.828399993944913,320.0,11344.0,,,,,,N4_ATOMIC,0.2592186693275976
SP1_N4_DISTRIBUTED_FAMILY_v2,E5_DPOP_SMALL,E5_DPOP:N8:K2:uniform:cv0.65:p0.85:r7,874919042,uniform,8,2,0.65,0.85,OPTIMAL,316.3654376909793,316.3654376909794,0.0,0.004799499991349876,True,True,dpop_exact_small,True,316.36543769097943,38.38499999255873,14.0,26288.0,7.0,7.0,3279.0,7.0,6561.0,EXACT_DISTRIBUTED,3.5935290071940006e-16
SP1_N4_DISTRIBUTED_FAMILY_v2,E5_DPOP_SMALL,E5_DPOP:N8:K2:uniform:cv0.65:p0.85:r7,874919042,uniform,8,2,0.65,0.85,OPTIMAL,316.3654376909793,316.3654376909794,0.0,0.004799499991349876,True,True,milp_highs,True,316.3654376909793,4.799499991349876,,,,,,,,CENTRAL_ORACLE,0.0
SP1_N4_DISTRIBUTED_FAMILY_v2,E5_DPOP_SMALL,E5_DPOP:N8:K2:uniform:cv0.65:p0.85:r7,874919042,uniform,8,2,0.65,0.85,OPTIMAL,316.3654376909793,316.3654376909794,0.0,0.004799499991349876,True,True,geo_qpg_u,True,366.70797066807444,2.341799990972504,87.0,3024.0,,,,,,N4_ATOMIC,0.15912779014207265
SP1_N4_DISTRIBUTED_FAMILY_v2,E5_DPOP_SMALL,E5_DPOP:N8:K2:uniform:cv0.65:p0.85:r7,874919042,uniform,8,2,0.65,0.85,OPTIMAL,316.3654376909793,316.3654376909794,0.0,0.004799499991349876,True,True,geo_qpg_p,True,321.2356238068286,8.960400009527802,196.0,7304.0,,,,,,N4_ATOMIC,0.015394178805986968
SP1_N4_DISTRIBUTED_FAMILY_v2,E5_DPOP_SMALL,E5_DPOP:N8:K2:uniform:cv0.65:p0.85:r7,874919042,uniform,8,2,0.65,0.85,OPTIMAL,316.3654376909793,316.3654376909794,0.0,0.004799499991349876,True,True,geo_qpg_c3,True,316.36543769097943,23.187799990409985,664.0,26056.0,,,,,,N4_ATOMIC,3.5935290071940006e-16
SP1_N4_DISTRIBUTED_FAMILY_v2,E5_DPOP_SMALL,E5_DPOP:N8:K2:uniform:cv0.65:p0.85:r7,874919042,uniform,8,2,0.65,0.85,OPTIMAL,316.3654376909793,316.3654376909794,0.0,0.004799499991349876,True,True,geo_qpg_d,True,317.9270981090789,9.587099979398772,309.0,10820.0,,,,,,N4_ATOMIC,0.004936254824476018
SP1_N4_DISTRIBUTED_FAMILY_v2,E5_DPOP_SMALL,E5_DPOP:N8:K2:uniform:cv0.65:p0.85:r8,2196709202,uniform,8,2,0.65,0.85,OPTIMAL,233.80239649433148,233.8023964943315,0.0,0.0034707000013440847,True,True,dpop_exact_small,True,233.80239649433145,36.267400020733476,14.0,26288.0,7.0,7.0,3279.0,7.0,6561.0,EXACT_DISTRIBUTED,-1.215629516915285e-16
SP1_N4_DISTRIBUTED_FAMILY_v2,E5_DPOP_SMALL,E5_DPOP:N8:K2:uniform:cv0.65:p0.85:r8,2196709202,uniform,8,2,0.65,0.85,OPTIMAL,233.80239649433148,233.8023964943315,0.0,0.0034707000013440847,True,True,milp_highs,True,233.80239649433148,3.4707000013440847,,,,,,,,CENTRAL_ORACLE,0.0
SP1_N4_DISTRIBUTED_FAMILY_v2,E5_DPOP_SMALL,E5_DPOP:N8:K2:uniform:cv0.65:p0.85:r8,2196709202,uniform,8,2,0.65,0.85,OPTIMAL,233.80239649433148,233.8023964943315,0.0,0.0034707000013440847,True,True,geo_qpg_u,True,278.2148401774989,1.7370999848935753,61.0,2072.0,,,,,,N4_ATOMIC,0.18995717900712022
SP1_N4_DISTRIBUTED_FAMILY_v2,E5_DPOP_SMALL,E5_DPOP:N8:K2:uniform:cv0.65:p0.85:r8,2196709202,uniform,8,2,0.65,0.85,OPTIMAL,233.80239649433148,233.8023964943315,0.0,0.0034707000013440847,True,True,geo_qpg_p,True,242.506959743871,11.0335000208579,221.0,8400.0,,,,,,N4_ATOMIC,0.03723042783160933
SP1_N4_DISTRIBUTED_FAMILY_v2,E5_DPOP_SMALL,E5_DPOP:N8:K2:uniform:cv0.65:p0.85:r8,2196709202,uniform,8,2,0.65,0.85,OPTIMAL,233.80239649433148,233.8023964943315,0.0,0.0034707000013440847,True,True,geo_qpg_c3,True,233.80239649433148,24.77990000625141,679.0,26680.0,,,,,,N4_ATOMIC,0.0
SP1_N4_DISTRIBUTED_FAMILY_v2,E5_DPOP_SMALL,E5_DPOP:N8:K2:uniform:cv0.65:p0.85:r8,2196709202,uniform,8,2,0.65,0.85,OPTIMAL,233.80239649433148,233.8023964943315,0.0,0.0034707000013440847,True,True,geo_qpg_d,True,242.506959743871,10.738099983427674,311.0,11304.0,,,,,,N4_ATOMIC,0.03723042783160933
SP1_N4_DISTRIBUTED_FAMILY_v2,E5_DPOP_SMALL,E5_DPOP:N8:K2:uniform:cv0.65:p0.85:r9,213753369,uniform,8,2,0.65,0.85,OPTIMAL,315.63101691723585,315.63101691723585,0.0,0.003744200017536059,True,True,dpop_exact_small,True,315.6310169172358,42.659099999582395,14.0,26288.0,7.0,7.0,3279.0,7.0,6561.0,EXACT_DISTRIBUTED,-1.8009452751506163e-16
SP1_N4_DISTRIBUTED_FAMILY_v2,E5_DPOP_SMALL,E5_DPOP:N8:K2:uniform:cv0.65:p0.85:r9,213753369,uniform,8,2,0.65,0.85,OPTIMAL,315.63101691723585,315.63101691723585,0.0,0.003744200017536059,True,True,milp_highs,True,315.63101691723585,3.744200017536059,,,,,,,,CENTRAL_ORACLE,0.0
SP1_N4_DISTRIBUTED_FAMILY_v2,E5_DPOP_SMALL,E5_DPOP:N8:K2:uniform:cv0.65:p0.85:r9,213753369,uniform,8,2,0.65,0.85,OPTIMAL,315.63101691723585,315.63101691723585,0.0,0.003744200017536059,True,True,geo_qpg_u,True,374.3006382073643,2.402000012807548,99.0,3412.0,,,,,,N4_ATOMIC,0.1858804051108597
SP1_N4_DISTRIBUTED_FAMILY_v2,E5_DPOP_SMALL,E5_DPOP:N8:K2:uniform:cv0.65:p0.85:r9,213753369,uniform,8,2,0.65,0.85,OPTIMAL,315.63101691723585,315.63101691723585,0.0,0.003744200017536059,True,True,geo_qpg_p,True,315.63101691723585,14.059599983738735,303.0,11700.0,,,,,,N4_ATOMIC,0.0
SP1_N4_DISTRIBUTED_FAMILY_v2,E5_DPOP_SMALL,E5_DPOP:N8:K2:uniform:cv0.65:p0.85:r9,213753369,uniform,8,2,0.65,0.85,OPTIMAL,315.63101691723585,315.63101691723585,0.0,0.003744200017536059,True,True,geo_qpg_c3,True,315.63101691723585,27.469199994811788,767.0,30260.0,,,,,,N4_ATOMIC,0.0
SP1_N4_DISTRIBUTED_FAMILY_v2,E5_DPOP_SMALL,E5_DPOP:N8:K2:uniform:cv0.65:p0.85:r9,213753369,uniform,8,2,0.65,0.85,OPTIMAL,315.63101691723585,315.63101691723585,0.0,0.003744200017536059,True,True,geo_qpg_d,True,381.0629648284031,9.729300014441833,319.0,11200.0,,,,,,N4_ATOMIC,0.20730518993424743
SP1_N4_DISTRIBUTED_FAMILY_v2,E5_DPOP_SMALL,E5_DPOP:N8:K2:clustered:cv0.35:p0.7:r0,3899084459,clustered,8,2,0.35,0.7,OPTIMAL,200.94391187584318,200.94391187584316,0.0,0.006488499988336116,True,True,dpop_exact_small,True,200.94391187584324,40.39700000430457,14.0,26288.0,7.0,7.0,3279.0,7.0,6561.0,EXACT_DISTRIBUTED,2.828820158330039e-16
SP1_N4_DISTRIBUTED_FAMILY_v2,E5_DPOP_SMALL,E5_DPOP:N8:K2:clustered:cv0.35:p0.7:r0,3899084459,clustered,8,2,0.35,0.7,OPTIMAL,200.94391187584318,200.94391187584316,0.0,0.006488499988336116,True,True,milp_highs,True,200.94391187584318,6.488499988336116,,,,,,,,CENTRAL_ORACLE,0.0
SP1_N4_DISTRIBUTED_FAMILY_v2,E5_DPOP_SMALL,E5_DPOP:N8:K2:clustered:cv0.35:p0.7:r0,3899084459,clustered,8,2,0.35,0.7,OPTIMAL,200.94391187584318,200.94391187584316,0.0,0.006488499988336116,True,True,geo_qpg_u,True,236.03551935692076,2.298600011272356,70.0,2380.0,,,,,,N4_ATOMIC,0.17463384261554316
SP1_N4_DISTRIBUTED_FAMILY_v2,E5_DPOP_SMALL,E5_DPOP:N8:K2:clustered:cv0.35:p0.7:r0,3899084459,clustered,8,2,0.35,0.7,OPTIMAL,200.94391187584318,200.94391187584316,0.0,0.006488499988336116,True,True,geo_qpg_p,True,211.00482350304242,8.111499977530912,173.0,6476.0,,,,,,N4_ATOMIC,0.050068258019260355
SP1_N4_DISTRIBUTED_FAMILY_v2,E5_DPOP_SMALL,E5_DPOP:N8:K2:clustered:cv0.35:p0.7:r0,3899084459,clustered,8,2,0.35,0.7,OPTIMAL,200.94391187584318,200.94391187584316,0.0,0.006488499988336116,True,True,geo_qpg_c3,True,206.95916664340336,26.743900001747534,705.0,27716.0,,,,,,N4_ATOMIC,0.02993499385677737
SP1_N4_DISTRIBUTED_FAMILY_v2,E5_DPOP_SMALL,E5_DPOP:N8:K2:clustered:cv0.35:p0.7:r0,3899084459,clustered,8,2,0.35,0.7,OPTIMAL,200.94391187584318,200.94391187584316,0.0,0.006488499988336116,True,True,geo_qpg_d,True,211.00482350304242,11.898099997779354,355.0,12752.0,,,,,,N4_ATOMIC,0.050068258019260355
SP1_N4_DISTRIBUTED_FAMILY_v2,E5_DPOP_SMALL,E5_DPOP:N8:K2:clustered:cv0.35:p0.7:r1,3248475352,clustered,8,2,0.35,0.7,OPTIMAL,161.70243781001778,161.70243781001776,0.0,0.0019165999838151038,True,True,dpop_exact_small,True,161.7024378100178,37.772599986055866,14.0,26288.0,7.0,7.0,3279.0,7.0,6561.0,EXACT_DISTRIBUTED,1.7576549751090535e-16
SP1_N4_DISTRIBUTED_FAMILY_v2,E5_DPOP_SMALL,E5_DPOP:N8:K2:clustered:cv0.35:p0.7:r1,3248475352,clustered,8,2,0.35,0.7,OPTIMAL,161.70243781001778,161.70243781001776,0.0,0.0019165999838151038,True,True,milp_highs,True,161.70243781001778,1.9165999838151038,,,,,,,,CENTRAL_ORACLE,0.0
SP1_N4_DISTRIBUTED_FAMILY_v2,E5_DPOP_SMALL,E5_DPOP:N8:K2:clustered:cv0.35:p0.7:r1,3248475352,clustered,8,2,0.35,0.7,OPTIMAL,161.70243781001778,161.70243781001776,0.0,0.0019165999838151038,True,True,geo_qpg_u,True,232.90303704148653,2.359300007810816,59.0,1988.0,,,,,,N4_ATOMIC,0.44031865070037757
SP1_N4_DISTRIBUTED_FAMILY_v2,E5_DPOP_SMALL,E5_DPOP:N8:K2:clustered:cv0.35:p0.7:r1,3248475352,clustered,8,2,0.35,0.7,OPTIMAL,161.70243781001778,161.70243781001776,0.0,0.0019165999838151038,True,True,geo_qpg_p,True,161.70243781001778,12.779800017597154,249.0,9372.0,,,,,,N4_ATOMIC,0.0
SP1_N4_DISTRIBUTED_FAMILY_v2,E5_DPOP_SMALL,E5_DPOP:N8:K2:clustered:cv0.35:p0.7:r1,3248475352,clustered,8,2,0.35,0.7,OPTIMAL,161.70243781001778,161.70243781001776,0.0,0.0019165999838151038,True,True,geo_qpg_c3,True,161.70243781001778,27.716699987649918,713.0,27932.0,,,,,,N4_ATOMIC,0.0
SP1_N4_DISTRIBUTED_FAMILY_v2,E5_DPOP_SMALL,E5_DPOP:N8:K2:clustered:cv0.35:p0.7:r1,3248475352,clustered,8,2,0.35,0.7,OPTIMAL,161.70243781001778,161.70243781001776,0.0,0.0019165999838151038,True,True,geo_qpg_d,True,161.70243781001778,15.74929998605512,425.0,15592.0,,,,,,N4_ATOMIC,0.0
SP1_N4_DISTRIBUTED_FAMILY_v2,E5_DPOP_SMALL,E5_DPOP:N8:K2:clustered:cv0.35:p0.7:r2,3722664816,clustered,8,2,0.35,0.7,OPTIMAL,222.93947401632641,222.93947401632641,0.0,0.0030423999996855855,True,True,dpop_exact_small,True,222.93947401632641,36.71260000555776,14.0,26288.0,7.0,7.0,3279.0,7.0,6561.0,EXACT_DISTRIBUTED,0.0
SP1_N4_DISTRIBUTED_FAMILY_v2,E5_DPOP_SMALL,E5_DPOP:N8:K2:clustered:cv0.35:p0.7:r2,3722664816,clustered,8,2,0.35,0.7,OPTIMAL,222.93947401632641,222.93947401632641,0.0,0.0030423999996855855,True,True,milp_highs,True,222.93947401632641,3.0423999996855855,,,,,,,,CENTRAL_ORACLE,0.0
SP1_N4_DISTRIBUTED_FAMILY_v2,E5_DPOP_SMALL,E5_DPOP:N8:K2:clustered:cv0.35:p0.7:r2,3722664816,clustered,8,2,0.35,0.7,OPTIMAL,222.93947401632641,222.93947401632641,0.0,0.0030423999996855855,True,True,geo_qpg_u,True,411.12348598292783,1.7739000031724572,65.0,2240.0,,,,,,N4_ATOMIC,0.8441035971620721
SP1_N4_DISTRIBUTED_FAMILY_v2,E5_DPOP_SMALL,E5_DPOP:N8:K2:clustered:cv0.35:p0.7:r2,3722664816,clustered,8,2,0.35,0.7,OPTIMAL,222.93947401632641,222.93947401632641,0.0,0.0030423999996855855,True,True,geo_qpg_p,True,226.62258938319505,11.312400019960478,276.0,10536.0,,,,,,N4_ATOMIC,0.016520696404795997
SP1_N4_DISTRIBUTED_FAMILY_v2,E5_DPOP_SMALL,E5_DPOP:N8:K2:clustered:cv0.35:p0.7:r2,3722664816,clustered,8,2,0.35,0.7,OPTIMAL,222.93947401632641,222.93947401632641,0.0,0.0030423999996855855,True,True,geo_qpg_c3,True,226.62258938319505,22.28210002067499,644.0,25256.0,,,,,,N4_ATOMIC,0.016520696404795997
SP1_N4_DISTRIBUTED_FAMILY_v2,E5_DPOP_SMALL,E5_DPOP:N8:K2:clustered:cv0.35:p0.7:r2,3722664816,clustered,8,2,0.35,0.7,OPTIMAL,222.93947401632641,222.93947401632641,0.0,0.0030423999996855855,True,True,geo_qpg_d,True,222.93947401632641,8.140300022205338,265.0,9428.0,,,,,,N4_ATOMIC,0.0
SP1_N4_DISTRIBUTED_FAMILY_v2,E5_DPOP_SMALL,E5_DPOP:N8:K2:clustered:cv0.35:p0.7:r3,2932679586,clustered,8,2,0.35,0.7,OPTIMAL,145.32549455585934,145.32549455585934,0.0,0.001366599986795336,True,True,dpop_exact_small,True,145.32549455585934,37.97010000562295,14.0,26288.0,7.0,7.0,3279.0,7.0,6561.0,EXACT_DISTRIBUTED,0.0
SP1_N4_DISTRIBUTED_FAMILY_v2,E5_DPOP_SMALL,E5_DPOP:N8:K2:clustered:cv0.35:p0.7:r3,2932679586,clustered,8,2,0.35,0.7,OPTIMAL,145.32549455585934,145.32549455585934,0.0,0.001366599986795336,True,True,milp_highs,True,145.32549455585934,1.366599986795336,,,,,,,,CENTRAL_ORACLE,0.0
SP1_N4_DISTRIBUTED_FAMILY_v2,E5_DPOP_SMALL,E5_DPOP:N8:K2:clustered:cv0.35:p0.7:r3,2932679586,clustered,8,2,0.35,0.7,OPTIMAL,145.32549455585934,145.32549455585934,0.0,0.001366599986795336,True,True,geo_qpg_u,True,345.2124383625373,2.442400000290945,58.0,2016.0,,,,,,N4_ATOMIC,1.3754430660467947
SP1_N4_DISTRIBUTED_FAMILY_v2,E5_DPOP_SMALL,E5_DPOP:N8:K2:clustered:cv0.35:p0.7:r3,2932679586,clustered,8,2,0.35,0.7,OPTIMAL,145.32549455585934,145.32549455585934,0.0,0.001366599986795336,True,True,geo_qpg_p,True,191.28460437427808,8.336800005054101,202.0,7816.0,,,,,,N4_ATOMIC,0.3162494644100678
SP1_N4_DISTRIBUTED_FAMILY_v2,E5_DPOP_SMALL,E5_DPOP:N8:K2:clustered:cv0.35:p0.7:r3,2932679586,clustered,8,2,0.35,0.7,OPTIMAL,145.32549455585934,145.32549455585934,0.0,0.001366599986795336,True,True,geo_qpg_c3,True,145.32549455585934,30.43240000260994,978.0,38848.0,,,,,,N4_ATOMIC,0.0
SP1_N4_DISTRIBUTED_FAMILY_v2,E5_DPOP_SMALL,E5_DPOP:N8:K2:clustered:cv0.35:p0.7:r3,2932679586,clustered,8,2,0.35,0.7,OPTIMAL,145.32549455585934,145.32549455585934,0.0,0.001366599986795336,True,True,geo_qpg_d,True,191.28460437427808,11.18010000209324,359.0,13100.0,,,,,,N4_ATOMIC,0.3162494644100678
SP1_N4_DISTRIBUTED_FAMILY_v2,E5_DPOP_SMALL,E5_DPOP:N8:K2:clustered:cv0.35:p0.7:r4,3332547033,clustered,8,2,0.35,0.7,OPTIMAL,169.81783301599708,169.81783301599708,0.0,0.0025729000044520944,True,True,dpop_exact_small,True,169.81783301599708,41.13709999364801,14.0,26288.0,7.0,7.0,3279.0,7.0,6561.0,EXACT_DISTRIBUTED,0.0
SP1_N4_DISTRIBUTED_FAMILY_v2,E5_DPOP_SMALL,E5_DPOP:N8:K2:clustered:cv0.35:p0.7:r4,3332547033,clustered,8,2,0.35,0.7,OPTIMAL,169.81783301599708,169.81783301599708,0.0,0.0025729000044520944,True,True,milp_highs,True,169.81783301599708,2.5729000044520944,,,,,,,,CENTRAL_ORACLE,0.0
SP1_N4_DISTRIBUTED_FAMILY_v2,E5_DPOP_SMALL,E5_DPOP:N8:K2:clustered:cv0.35:p0.7:r4,3332547033,clustered,8,2,0.35,0.7,OPTIMAL,169.81783301599708,169.81783301599708,0.0,0.0025729000044520944,True,True,geo_qpg_u,True,322.7058830528848,1.671100006205961,67.0,2324.0,,,,,,N4_ATOMIC,0.9003062123780926
SP1_N4_DISTRIBUTED_FAMILY_v2,E5_DPOP_SMALL,E5_DPOP:N8:K2:clustered:cv0.35:p0.7:r4,3332547033,clustered,8,2,0.35,0.7,OPTIMAL,169.81783301599708,169.81783301599708,0.0,0.0025729000044520944,True,True,geo_qpg_p,True,205.22300783936282,10.090600000694394,262.0,10080.0,,,,,,N4_ATOMIC,0.2084891450712984
SP1_N4_DISTRIBUTED_FAMILY_v2,E5_DPOP_SMALL,E5_DPOP:N8:K2:clustered:cv0.35:p0.7:r4,3332547033,clustered,8,2,0.35,0.7,OPTIMAL,169.81783301599708,169.81783301599708,0.0,0.0025729000044520944,True,True,geo_qpg_c3,True,169.81783301599708,26.14449997781776,770.0,30468.0,,,,,,N4_ATOMIC,0.0
SP1_N4_DISTRIBUTED_FAMILY_v2,E5_DPOP_SMALL,E5_DPOP:N8:K2:clustered:cv0.35:p0.7:r4,3332547033,clustered,8,2,0.35,0.7,OPTIMAL,169.81783301599708,169.81783301599708,0.0,0.0025729000044520944,True,True,geo_qpg_d,True,169.81783301599708,10.809100000187755,347.0,12556.0,,,,,,N4_ATOMIC,0.0
SP1_N4_DISTRIBUTED_FAMILY_v2,E5_DPOP_SMALL,E5_DPOP:N8:K2:clustered:cv0.35:p0.7:r5,3214187088,clustered,8,2,0.35,0.7,OPTIMAL,250.22325871826203,250.22325871826203,0.0,0.002549899974837899,True,True,dpop_exact_small,True,250.22325871826203,39.55909999785945,14.0,26288.0,7.0,7.0,3279.0,7.0,6561.0,EXACT_DISTRIBUTED,0.0
SP1_N4_DISTRIBUTED_FAMILY_v2,E5_DPOP_SMALL,E5_DPOP:N8:K2:clustered:cv0.35:p0.7:r5,3214187088,clustered,8,2,0.35,0.7,OPTIMAL,250.22325871826203,250.22325871826203,0.0,0.002549899974837899,True,True,milp_highs,True,250.22325871826203,2.549899974837899,,,,,,,,CENTRAL_ORACLE,0.0
SP1_N4_DISTRIBUTED_FAMILY_v2,E5_DPOP_SMALL,E5_DPOP:N8:K2:clustered:cv0.35:p0.7:r5,3214187088,clustered,8,2,0.35,0.7,OPTIMAL,250.22325871826203,250.22325871826203,0.0,0.002549899974837899,True,True,geo_qpg_u,True,380.304915645487,1.9077000033576041,63.0,2156.0,,,,,,N4_ATOMIC,0.5198623724810886
SP1_N4_DISTRIBUTED_FAMILY_v2,E5_DPOP_SMALL,E5_DPOP:N8:K2:clustered:cv0.35:p0.7:r5,3214187088,clustered,8,2,0.35,0.7,OPTIMAL,250.22325871826203,250.22325871826203,0.0,0.002549899974837899,True,True,geo_qpg_p,True,250.22325871826206,12.83220000914298,272.0,10264.0,,,,,,N4_ATOMIC,1.135854019965639e-16
SP1_N4_DISTRIBUTED_FAMILY_v2,E5_DPOP_SMALL,E5_DPOP:N8:K2:clustered:cv0.35:p0.7:r5,3214187088,clustered,8,2,0.35,0.7,OPTIMAL,250.22325871826203,250.22325871826203,0.0,0.002549899974837899,True,True,geo_qpg_c3,True,250.22325871826206,29.087499977322295,768.0,30104.0,,,,,,N4_ATOMIC,1.135854019965639e-16
SP1_N4_DISTRIBUTED_FAMILY_v2,E5_DPOP_SMALL,E5_DPOP:N8:K2:clustered:cv0.35:p0.7:r5,3214187088,clustered,8,2,0.35,0.7,OPTIMAL,250.22325871826203,250.22325871826203,0.0,0.002549899974837899,True,True,geo_qpg_d,True,257.28127068189383,9.451399993849918,346.0,12180.0,,,,,,N4_ATOMIC,0.02820685814654321
SP1_N4_DISTRIBUTED_FAMILY_v2,E5_DPOP_SMALL,E5_DPOP:N8:K2:clustered:cv0.35:p0.7:r6,1938177548,clustered,8,2,0.35,0.7,OPTIMAL,134.92760298272088,134.92760298272088,0.0,0.0014080999826546758,True,True,dpop_exact_small,True,134.92760298272088,38.47239998867735,14.0,26288.0,7.0,7.0,3279.0,7.0,6561.0,EXACT_DISTRIBUTED,0.0
SP1_N4_DISTRIBUTED_FAMILY_v2,E5_DPOP_SMALL,E5_DPOP:N8:K2:clustered:cv0.35:p0.7:r6,1938177548,clustered,8,2,0.35,0.7,OPTIMAL,134.92760298272088,134.92760298272088,0.0,0.0014080999826546758,True,True,milp_highs,True,134.92760298272088,1.4080999826546758,,,,,,,,CENTRAL_ORACLE,0.0
SP1_N4_DISTRIBUTED_FAMILY_v2,E5_DPOP_SMALL,E5_DPOP:N8:K2:clustered:cv0.35:p0.7:r6,1938177548,clustered,8,2,0.35,0.7,OPTIMAL,134.92760298272088,134.92760298272088,0.0,0.0014080999826546758,True,True,geo_qpg_u,True,185.32040971126682,2.1114000119268894,68.0,2296.0,,,,,,N4_ATOMIC,0.37348033771117495
SP1_N4_DISTRIBUTED_FAMILY_v2,E5_DPOP_SMALL,E5_DPOP:N8:K2:clustered:cv0.35:p0.7:r6,1938177548,clustered,8,2,0.35,0.7,OPTIMAL,134.92760298272088,134.92760298272088,0.0,0.0014080999826546758,True,True,geo_qpg_p,True,162.74533278960885,9.06439998652786,190.0,7096.0,,,,,,N4_ATOMIC,0.20616782031212966
SP1_N4_DISTRIBUTED_FAMILY_v2,E5_DPOP_SMALL,E5_DPOP:N8:K2:clustered:cv0.35:p0.7:r6,1938177548,clustered,8,2,0.35,0.7,OPTIMAL,134.92760298272088,134.92760298272088,0.0,0.0014080999826546758,True,True,geo_qpg_c3,True,162.74533278960885,24.217700003646314,626.0,24536.0,,,,,,N4_ATOMIC,0.20616782031212966
SP1_N4_DISTRIBUTED_FAMILY_v2,E5_DPOP_SMALL,E5_DPOP:N8:K2:clustered:cv0.35:p0.7:r6,1938177548,clustered,8,2,0.35,0.7,OPTIMAL,134.92760298272088,134.92760298272088,0.0,0.0014080999826546758,True,True,geo_qpg_d,True,134.92760298272086,13.461199996527284,432.0,16096.0,,,,,,N4_ATOMIC,-2.10644143986192e-16
SP1_N4_DISTRIBUTED_FAMILY_v2,E5_DPOP_SMALL,E5_DPOP:N8:K2:clustered:cv0.35:p0.7:r7,2159406686,clustered,8,2,0.35,0.7,OPTIMAL,184.2766963113071,184.2766963113071,0.0,0.0022317999973893166,True,True,dpop_exact_small,True,184.2766963113071,37.9702000063844,14.0,26288.0,7.0,7.0,3279.0,7.0,6561.0,EXACT_DISTRIBUTED,0.0
SP1_N4_DISTRIBUTED_FAMILY_v2,E5_DPOP_SMALL,E5_DPOP:N8:K2:clustered:cv0.35:p0.7:r7,2159406686,clustered,8,2,0.35,0.7,OPTIMAL,184.2766963113071,184.2766963113071,0.0,0.0022317999973893166,True,True,milp_highs,True,184.2766963113071,2.2317999973893166,,,,,,,,CENTRAL_ORACLE,0.0
SP1_N4_DISTRIBUTED_FAMILY_v2,E5_DPOP_SMALL,E5_DPOP:N8:K2:clustered:cv0.35:p0.7:r7,2159406686,clustered,8,2,0.35,0.7,OPTIMAL,184.2766963113071,184.2766963113071,0.0,0.0022317999973893166,True,True,geo_qpg_u,True,294.80285473855184,1.6468999965582043,58.0,2016.0,,,,,,N4_ATOMIC,0.5997836983170559
SP1_N4_DISTRIBUTED_FAMILY_v2,E5_DPOP_SMALL,E5_DPOP:N8:K2:clustered:cv0.35:p0.7:r7,2159406686,clustered,8,2,0.35,0.7,OPTIMAL,184.2766963113071,184.2766963113071,0.0,0.0022317999973893166,True,True,geo_qpg_p,True,220.46103832588636,10.849499987671152,259.0,9928.0,,,,,,N4_ATOMIC,0.19635875148017307
SP1_N4_DISTRIBUTED_FAMILY_v2,E5_DPOP_SMALL,E5_DPOP:N8:K2:clustered:cv0.35:p0.7:r7,2159406686,clustered,8,2,0.35,0.7,OPTIMAL,184.2766963113071,184.2766963113071,0.0,0.0022317999973893166,True,True,geo_qpg_c3,True,220.46103832588636,24.778799997875467,663.0,26088.0,,,,,,N4_ATOMIC,0.19635875148017307
SP1_N4_DISTRIBUTED_FAMILY_v2,E5_DPOP_SMALL,E5_DPOP:N8:K2:clustered:cv0.35:p0.7:r7,2159406686,clustered,8,2,0.35,0.7,OPTIMAL,184.2766963113071,184.2766963113071,0.0,0.0022317999973893166,True,True,geo_qpg_d,True,220.46103832588636,8.593999984441325,309.0,11008.0,,,,,,N4_ATOMIC,0.19635875148017307
SP1_N4_DISTRIBUTED_FAMILY_v2,E5_DPOP_SMALL,E5_DPOP:N8:K2:clustered:cv0.35:p0.7:r8,2814798973,clustered,8,2,0.35,0.7,OPTIMAL,182.6660410261299,182.66604102612993,0.0,0.0020674999977927655,True,True,dpop_exact_small,True,182.6660410261299,38.49609999451786,14.0,26288.0,7.0,7.0,3279.0,7.0,6561.0,EXACT_DISTRIBUTED,0.0
SP1_N4_DISTRIBUTED_FAMILY_v2,E5_DPOP_SMALL,E5_DPOP:N8:K2:clustered:cv0.35:p0.7:r8,2814798973,clustered,8,2,0.35,0.7,OPTIMAL,182.6660410261299,182.66604102612993,0.0,0.0020674999977927655,True,True,milp_highs,True,182.6660410261299,2.0674999977927655,,,,,,,,CENTRAL_ORACLE,0.0
SP1_N4_DISTRIBUTED_FAMILY_v2,E5_DPOP_SMALL,E5_DPOP:N8:K2:clustered:cv0.35:p0.7:r8,2814798973,clustered,8,2,0.35,0.7,OPTIMAL,182.6660410261299,182.66604102612993,0.0,0.0020674999977927655,True,True,geo_qpg_u,True,184.45016894153184,4.40769997658208,54.0,1848.0,,,,,,N4_ATOMIC,0.009767157077361326
SP1_N4_DISTRIBUTED_FAMILY_v2,E5_DPOP_SMALL,E5_DPOP:N8:K2:clustered:cv0.35:p0.7:r8,2814798973,clustered,8,2,0.35,0.7,OPTIMAL,182.6660410261299,182.66604102612993,0.0,0.0020674999977927655,True,True,geo_qpg_p,True,182.66604102612996,8.55329999467358,171.0,6472.0,,,,,,N4_ATOMIC,3.1118766543298934e-16
SP1_N4_DISTRIBUTED_FAMILY_v2,E5_DPOP_SMALL,E5_DPOP:N8:K2:clustered:cv0.35:p0.7:r8,2814798973,clustered,8,2,0.35,0.7,OPTIMAL,182.6660410261299,182.66604102612993,0.0,0.0020674999977927655,True,True,geo_qpg_c3,True,182.66604102612996,26.95189998485148,619.0,24392.0,,,,,,N4_ATOMIC,3.1118766543298934e-16
SP1_N4_DISTRIBUTED_FAMILY_v2,E5_DPOP_SMALL,E5_DPOP:N8:K2:clustered:cv0.35:p0.7:r8,2814798973,clustered,8,2,0.35,0.7,OPTIMAL,182.6660410261299,182.66604102612993,0.0,0.0020674999977927655,True,True,geo_qpg_d,True,182.66604102612996,10.78910002252087,303.0,10744.0,,,,,,N4_ATOMIC,3.1118766543298934e-16
SP1_N4_DISTRIBUTED_FAMILY_v2,E5_DPOP_SMALL,E5_DPOP:N8:K2:clustered:cv0.35:p0.7:r9,4236304057,clustered,8,2,0.35,0.7,OPTIMAL,147.77356904269135,147.77356904269135,0.0,0.002721200027735904,True,True,dpop_exact_small,True,147.77356904269135,43.52220002328977,14.0,26288.0,7.0,7.0,3279.0,7.0,6561.0,EXACT_DISTRIBUTED,0.0
SP1_N4_DISTRIBUTED_FAMILY_v2,E5_DPOP_SMALL,E5_DPOP:N8:K2:clustered:cv0.35:p0.7:r9,4236304057,clustered,8,2,0.35,0.7,OPTIMAL,147.77356904269135,147.77356904269135,0.0,0.002721200027735904,True,True,milp_highs,True,147.77356904269135,2.721200027735904,,,,,,,,CENTRAL_ORACLE,0.0
SP1_N4_DISTRIBUTED_FAMILY_v2,E5_DPOP_SMALL,E5_DPOP:N8:K2:clustered:cv0.35:p0.7:r9,4236304057,clustered,8,2,0.35,0.7,OPTIMAL,147.77356904269135,147.77356904269135,0.0,0.002721200027735904,True,True,geo_qpg_u,True,237.74084479447362,1.5943000034894794,54.0,1848.0,,,,,,N4_ATOMIC,0.6088184533581306
SP1_N4_DISTRIBUTED_FAMILY_v2,E5_DPOP_SMALL,E5_DPOP:N8:K2:clustered:cv0.35:p0.7:r9,4236304057,clustered,8,2,0.35,0.7,OPTIMAL,147.77356904269135,147.77356904269135,0.0,0.002721200027735904,True,True,geo_qpg_p,True,147.77356904269138,8.820200018817559,210.0,8016.0,,,,,,N4_ATOMIC,1.9233283471818333e-16
SP1_N4_DISTRIBUTED_FAMILY_v2,E5_DPOP_SMALL,E5_DPOP:N8:K2:clustered:cv0.35:p0.7:r9,4236304057,clustered,8,2,0.35,0.7,OPTIMAL,147.77356904269135,147.77356904269135,0.0,0.002721200027735904,True,True,geo_qpg_c3,True,147.77356904269138,21.53350002481602,626.0,24656.0,,,,,,N4_ATOMIC,1.9233283471818333e-16
SP1_N4_DISTRIBUTED_FAMILY_v2,E5_DPOP_SMALL,E5_DPOP:N8:K2:clustered:cv0.35:p0.7:r9,4236304057,clustered,8,2,0.35,0.7,OPTIMAL,147.77356904269135,147.77356904269135,0.0,0.002721200027735904,True,True,geo_qpg_d,True,147.77356904269138,9.20970001607202,292.0,10584.0,,,,,,N4_ATOMIC,1.9233283471818333e-16
SP1_N4_DISTRIBUTED_FAMILY_v2,E5_DPOP_SMALL,E5_DPOP:N8:K2:clustered:cv0.35:p0.85:r0,1505470342,clustered,8,2,0.35,0.85,OPTIMAL,163.17528085102606,163.17528085102606,0.0,0.003597200004151091,True,True,dpop_exact_small,True,163.17528085102623,38.84309998829849,14.0,26288.0,7.0,7.0,3279.0,7.0,6561.0,EXACT_DISTRIBUTED,1.045074080418546e-15
SP1_N4_DISTRIBUTED_FAMILY_v2,E5_DPOP_SMALL,E5_DPOP:N8:K2:clustered:cv0.35:p0.85:r0,1505470342,clustered,8,2,0.35,0.85,OPTIMAL,163.17528085102606,163.17528085102606,0.0,0.003597200004151091,True,True,milp_highs,True,163.17528085102606,3.597200004151091,,,,,,,,CENTRAL_ORACLE,0.0
SP1_N4_DISTRIBUTED_FAMILY_v2,E5_DPOP_SMALL,E5_DPOP:N8:K2:clustered:cv0.35:p0.85:r0,1505470342,clustered,8,2,0.35,0.85,OPTIMAL,163.17528085102606,163.17528085102606,0.0,0.003597200004151091,True,True,geo_qpg_u,True,187.76293481327113,4.067200003191829,97.0,3316.0,,,,,,N4_ATOMIC,0.15068246755274675
SP1_N4_DISTRIBUTED_FAMILY_v2,E5_DPOP_SMALL,E5_DPOP:N8:K2:clustered:cv0.35:p0.85:r0,1505470342,clustered,8,2,0.35,0.85,OPTIMAL,163.17528085102606,163.17528085102606,0.0,0.003597200004151091,True,True,geo_qpg_p,True,168.56608416068624,11.109699989901856,255.0,9500.0,,,,,,N4_ATOMIC,0.03303688696930646
SP1_N4_DISTRIBUTED_FAMILY_v2,E5_DPOP_SMALL,E5_DPOP:N8:K2:clustered:cv0.35:p0.85:r0,1505470342,clustered,8,2,0.35,0.85,OPTIMAL,163.17528085102606,163.17528085102606,0.0,0.003597200004151091,True,True,geo_qpg_c3,True,163.1752808510263,27.269599988358095,761.0,29772.0,,,,,,N4_ATOMIC,1.393432107224728e-15
SP1_N4_DISTRIBUTED_FAMILY_v2,E5_DPOP_SMALL,E5_DPOP:N8:K2:clustered:cv0.35:p0.85:r0,1505470342,clustered,8,2,0.35,0.85,OPTIMAL,163.17528085102606,163.17528085102606,0.0,0.003597200004151091,True,True,geo_qpg_d,True,215.25827267757245,11.285900021903217,282.0,9964.0,,,,,,N4_ATOMIC,0.3191843247023214
SP1_N4_DISTRIBUTED_FAMILY_v2,E5_DPOP_SMALL,E5_DPOP:N8:K2:clustered:cv0.35:p0.85:r1,1138641446,clustered,8,2,0.35,0.85,OPTIMAL,244.84499459766164,244.84499459766164,0.0,0.002091399976052344,True,True,dpop_exact_small,True,244.84499459766164,36.26960000838153,14.0,26288.0,7.0,7.0,3279.0,7.0,6561.0,EXACT_DISTRIBUTED,0.0
SP1_N4_DISTRIBUTED_FAMILY_v2,E5_DPOP_SMALL,E5_DPOP:N8:K2:clustered:cv0.35:p0.85:r1,1138641446,clustered,8,2,0.35,0.85,OPTIMAL,244.84499459766164,244.84499459766164,0.0,0.002091399976052344,True,True,milp_highs,True,244.84499459766164,2.091399976052344,,,,,,,,CENTRAL_ORACLE,0.0
SP1_N4_DISTRIBUTED_FAMILY_v2,E5_DPOP_SMALL,E5_DPOP:N8:K2:clustered:cv0.35:p0.85:r1,1138641446,clustered,8,2,0.35,0.85,OPTIMAL,244.84499459766164,244.84499459766164,0.0,0.002091399976052344,True,True,geo_qpg_u,True,388.6964644911398,2.2122000227682292,70.0,2380.0,,,,,,N4_ATOMIC,0.5875205663479469
SP1_N4_DISTRIBUTED_FAMILY_v2,E5_DPOP_SMALL,E5_DPOP:N8:K2:clustered:cv0.35:p0.85:r1,1138641446,clustered,8,2,0.35,0.85,OPTIMAL,244.84499459766164,244.84499459766164,0.0,0.002091399976052344,True,True,geo_qpg_p,True,244.84499459766164,10.121699975570664,238.0,8940.0,,,,,,N4_ATOMIC,0.0
SP1_N4_DISTRIBUTED_FAMILY_v2,E5_DPOP_SMALL,E5_DPOP:N8:K2:clustered:cv0.35:p0.85:r1,1138641446,clustered,8,2,0.35,0.85,OPTIMAL,244.84499459766164,244.84499459766164,0.0,0.002091399976052344,True,True,geo_qpg_c3,True,244.84499459766164,25.03760001854971,662.0,25900.0,,,,,,N4_ATOMIC,0.0
SP1_N4_DISTRIBUTED_FAMILY_v2,E5_DPOP_SMALL,E5_DPOP:N8:K2:clustered:cv0.35:p0.85:r1,1138641446,clustered,8,2,0.35,0.85,OPTIMAL,244.84499459766164,244.84499459766164,0.0,0.002091399976052344,True,True,geo_qpg_d,True,244.84499459766164,12.157899996964261,416.0,15360.0,,,,,,N4_ATOMIC,0.0
SP1_N4_DISTRIBUTED_FAMILY_v2,E5_DPOP_SMALL,E5_DPOP:N8:K2:clustered:cv0.35:p0.85:r2,1682885830,clustered,8,2,0.35,0.85,OPTIMAL,321.14808661472125,321.14808661472125,0.0,0.009320600016508251,True,True,dpop_exact_small,True,321.1480866147213,37.36590000335127,14.0,26288.0,7.0,7.0,3279.0,7.0,6561.0,EXACT_DISTRIBUTED,1.7700064621279404e-16
SP1_N4_DISTRIBUTED_FAMILY_v2,E5_DPOP_SMALL,E5_DPOP:N8:K2:clustered:cv0.35:p0.85:r2,1682885830,clustered,8,2,0.35,0.85,OPTIMAL,321.14808661472125,321.14808661472125,0.0,0.009320600016508251,True,True,milp_highs,True,321.14808661472125,9.320600016508251,,,,,,,,CENTRAL_ORACLE,0.0
SP1_N4_DISTRIBUTED_FAMILY_v2,E5_DPOP_SMALL,E5_DPOP:N8:K2:clustered:cv0.35:p0.85:r2,1682885830,clustered,8,2,0.35,0.85,OPTIMAL,321.14808661472125,321.14808661472125,0.0,0.009320600016508251,True,True,geo_qpg_u,True,397.7071363318757,1.8776000069919974,78.0,2716.0,,,,,,N4_ATOMIC,0.23839173548930934
SP1_N4_DISTRIBUTED_FAMILY_v2,E5_DPOP_SMALL,E5_DPOP:N8:K2:clustered:cv0.35:p0.85:r2,1682885830,clustered,8,2,0.35,0.85,OPTIMAL,321.14808661472125,321.14808661472125,0.0,0.009320600016508251,True,True,geo_qpg_p,True,371.6154312834291,7.949599996209145,232.0,8944.0,,,,,,N4_ATOMIC,0.15714664596228184
SP1_N4_DISTRIBUTED_FAMILY_v2,E5_DPOP_SMALL,E5_DPOP:N8:K2:clustered:cv0.35:p0.85:r2,1682885830,clustered,8,2,0.35,0.85,OPTIMAL,321.14808661472125,321.14808661472125,0.0,0.009320600016508251,True,True,geo_qpg_c3,True,368.44333396379045,18.276300019351766,628.0,24952.0,,,,,,N4_ATOMIC,0.14726927956388208
SP1_N4_DISTRIBUTED_FAMILY_v2,E5_DPOP_SMALL,E5_DPOP:N8:K2:clustered:cv0.35:p0.85:r2,1682885830,clustered,8,2,0.35,0.85,OPTIMAL,321.14808661472125,321.14808661472125,0.0,0.009320600016508251,True,True,geo_qpg_d,True,321.14808661472136,10.210900014499202,417.0,14952.0,,,,,,N4_ATOMIC,3.540012924255881e-16
SP1_N4_DISTRIBUTED_FAMILY_v2,E5_DPOP_SMALL,E5_DPOP:N8:K2:clustered:cv0.35:p0.85:r3,3405933619,clustered,8,2,0.35,0.85,OPTIMAL,245.46728315452623,245.46728315452623,0.0,0.004190600011497736,True,True,dpop_exact_small,True,245.46728315452663,36.16399999009445,14.0,26288.0,7.0,7.0,3279.0,7.0,6561.0,EXACT_DISTRIBUTED,1.6210059724137174e-15
SP1_N4_DISTRIBUTED_FAMILY_v2,E5_DPOP_SMALL,E5_DPOP:N8:K2:clustered:cv0.35:p0.85:r3,3405933619,clustered,8,2,0.35,0.85,OPTIMAL,245.46728315452623,245.46728315452623,0.0,0.004190600011497736,True,True,milp_highs,True,245.46728315452623,4.190600011497736,,,,,,,,CENTRAL_ORACLE,0.0
SP1_N4_DISTRIBUTED_FAMILY_v2,E5_DPOP_SMALL,E5_DPOP:N8:K2:clustered:cv0.35:p0.85:r3,3405933619,clustered,8,2,0.35,0.85,OPTIMAL,245.46728315452623,245.46728315452623,0.0,0.004190600011497736,True,True,geo_qpg_u,True,274.0103530743639,1.8336999928578734,65.0,2240.0,,,,,,N4_ATOMIC,0.11628054685344463
SP1_N4_DISTRIBUTED_FAMILY_v2,E5_DPOP_SMALL,E5_DPOP:N8:K2:clustered:cv0.35:p0.85:r3,3405933619,clustered,8,2,0.35,0.85,OPTIMAL,245.46728315452623,245.46728315452623,0.0,0.004190600011497736,True,True,geo_qpg_p,True,248.19804204081132,6.743300007656217,142.0,5264.0,,,,,,N4_ATOMIC,0.011124736670369322
SP1_N4_DISTRIBUTED_FAMILY_v2,E5_DPOP_SMALL,E5_DPOP:N8:K2:clustered:cv0.35:p0.85:r3,3405933619,clustered,8,2,0.35,0.85,OPTIMAL,245.46728315452623,245.46728315452623,0.0,0.004190600011497736,True,True,geo_qpg_c3,True,248.19804204081132,17.629100009799004,410.0,15984.0,,,,,,N4_ATOMIC,0.011124736670369322
SP1_N4_DISTRIBUTED_FAMILY_v2,E5_DPOP_SMALL,E5_DPOP:N8:K2:clustered:cv0.35:p0.85:r3,3405933619,clustered,8,2,0.35,0.85,OPTIMAL,245.46728315452623,245.46728315452623,0.0,0.004190600011497736,True,True,geo_qpg_d,True,253.73516690511516,10.474100010469556,394.0,14112.0,,,,,,N4_ATOMIC,0.033682222919231765
SP1_N4_DISTRIBUTED_FAMILY_v2,E5_DPOP_SMALL,E5_DPOP:N8:K2:clustered:cv0.35:p0.85:r4,4128078211,clustered,8,2,0.35,0.85,OPTIMAL,276.32616048239777,276.3261604823978,0.0,0.006145399995148182,True,True,dpop_exact_small,True,276.3261604823978,38.11419999692589,14.0,26288.0,7.0,7.0,3279.0,7.0,6561.0,EXACT_DISTRIBUTED,2.0571131868793506e-16
SP1_N4_DISTRIBUTED_FAMILY_v2,E5_DPOP_SMALL,E5_DPOP:N8:K2:clustered:cv0.35:p0.85:r4,4128078211,clustered,8,2,0.35,0.85,OPTIMAL,276.32616048239777,276.3261604823978,0.0,0.006145399995148182,True,True,milp_highs,True,276.32616048239777,6.145399995148182,,,,,,,,CENTRAL_ORACLE,0.0
SP1_N4_DISTRIBUTED_FAMILY_v2,E5_DPOP_SMALL,E5_DPOP:N8:K2:clustered:cv0.35:p0.85:r4,4128078211,clustered,8,2,0.35,0.85,OPTIMAL,276.32616048239777,276.3261604823978,0.0,0.006145399995148182,True,True,geo_qpg_u,True,358.82927913929484,2.0407999982126057,83.0,2856.0,,,,,,N4_ATOMIC,0.2985715088027382
SP1_N4_DISTRIBUTED_FAMILY_v2,E5_DPOP_SMALL,E5_DPOP:N8:K2:clustered:cv0.35:p0.85:r4,4128078211,clustered,8,2,0.35,0.85,OPTIMAL,276.32616048239777,276.3261604823978,0.0,0.006145399995148182,True,True,geo_qpg_p,True,283.0685827766251,11.557299993000925,296.0,11180.0,,,,,,N4_ATOMIC,0.024400231532391625
SP1_N4_DISTRIBUTED_FAMILY_v2,E5_DPOP_SMALL,E5_DPOP:N8:K2:clustered:cv0.35:p0.85:r4,4128078211,clustered,8,2,0.35,0.85,OPTIMAL,276.32616048239777,276.3261604823978,0.0,0.006145399995148182,True,True,geo_qpg_c3,True,276.32616048239777,29.065000009723008,860.0,33764.0,,,,,,N4_ATOMIC,0.0
SP1_N4_DISTRIBUTED_FAMILY_v2,E5_DPOP_SMALL,E5_DPOP:N8:K2:clustered:cv0.35:p0.85:r4,4128078211,clustered,8,2,0.35,0.85,OPTIMAL,276.32616048239777,276.3261604823978,0.0,0.006145399995148182,True,True,geo_qpg_d,True,276.32616048239777,14.541400014422834,478.0,17420.0,,,,,,N4_ATOMIC,0.0
SP1_N4_DISTRIBUTED_FAMILY_v2,E5_DPOP_SMALL,E5_DPOP:N8:K2:clustered:cv0.35:p0.85:r5,3009777767,clustered,8,2,0.35,0.85,OPTIMAL,227.95015228501103,227.95015228501103,0.0,0.0023065000132191926,True,True,dpop_exact_small,True,227.95015228501103,36.21439999551512,14.0,26288.0,7.0,7.0,3279.0,7.0,6561.0,EXACT_DISTRIBUTED,0.0
SP1_N4_DISTRIBUTED_FAMILY_v2,E5_DPOP_SMALL,E5_DPOP:N8:K2:clustered:cv0.35:p0.85:r5,3009777767,clustered,8,2,0.35,0.85,OPTIMAL,227.95015228501103,227.95015228501103,0.0,0.0023065000132191926,True,True,milp_highs,True,227.95015228501103,2.3065000132191926,,,,,,,,CENTRAL_ORACLE,0.0
SP1_N4_DISTRIBUTED_FAMILY_v2,E5_DPOP_SMALL,E5_DPOP:N8:K2:clustered:cv0.35:p0.85:r5,3009777767,clustered,8,2,0.35,0.85,OPTIMAL,227.95015228501103,227.95015228501103,0.0,0.0023065000132191926,True,True,geo_qpg_u,True,452.0788074363189,2.047699992544949,76.0,2632.0,,,,,,N4_ATOMIC,0.9832353824053383
SP1_N4_DISTRIBUTED_FAMILY_v2,E5_DPOP_SMALL,E5_DPOP:N8:K2:clustered:cv0.35:p0.85:r5,3009777767,clustered,8,2,0.35,0.85,OPTIMAL,227.95015228501103,227.95015228501103,0.0,0.0023065000132191926,True,True,geo_qpg_p,True,312.64886502043623,11.55929997912608,282.0,10788.0,,,,,,N4_ATOMIC,0.3715668179485336
SP1_N4_DISTRIBUTED_FAMILY_v2,E5_DPOP_SMALL,E5_DPOP:N8:K2:clustered:cv0.35:p0.85:r5,3009777767,clustered,8,2,0.35,0.85,OPTIMAL,227.95015228501103,227.95015228501103,0.0,0.0023065000132191926,True,True,geo_qpg_c3,True,227.95015228501103,31.268899998394772,972.0,38700.0,,,,,,N4_ATOMIC,0.0
SP1_N4_DISTRIBUTED_FAMILY_v2,E5_DPOP_SMALL,E5_DPOP:N8:K2:clustered:cv0.35:p0.85:r5,3009777767,clustered,8,2,0.35,0.85,OPTIMAL,227.95015228501103,227.95015228501103,0.0,0.0023065000132191926,True,True,geo_qpg_d,True,243.03967711413588,14.787299995077774,502.0,18456.0,,,,,,N4_ATOMIC,0.0661965990277475
SP1_N4_DISTRIBUTED_FAMILY_v2,E5_DPOP_SMALL,E5_DPOP:N8:K2:clustered:cv0.35:p0.85:r6,1594096199,clustered,8,2,0.35,0.85,OPTIMAL,286.0910300296673,286.09103002966725,0.0,0.004112700000405312,True,True,dpop_exact_small,True,286.0910300296673,39.74300000118092,14.0,26288.0,7.0,7.0,3279.0,7.0,6561.0,EXACT_DISTRIBUTED,0.0
SP1_N4_DISTRIBUTED_FAMILY_v2,E5_DPOP_SMALL,E5_DPOP:N8:K2:clustered:cv0.35:p0.85:r6,1594096199,clustered,8,2,0.35,0.85,OPTIMAL,286.0910300296673,286.09103002966725,0.0,0.004112700000405312,True,True,milp_highs,True,286.0910300296673,4.112700000405312,,,,,,,,CENTRAL_ORACLE,0.0
SP1_N4_DISTRIBUTED_FAMILY_v2,E5_DPOP_SMALL,E5_DPOP:N8:K2:clustered:cv0.35:p0.85:r6,1594096199,clustered,8,2,0.35,0.85,OPTIMAL,286.0910300296673,286.09103002966725,0.0,0.004112700000405312,True,True,geo_qpg_u,True,290.39037161765856,3.2014999887906015,83.0,2856.0,,,,,,N4_ATOMIC,0.015027879719071982
SP1_N4_DISTRIBUTED_FAMILY_v2,E5_DPOP_SMALL,E5_DPOP:N8:K2:clustered:cv0.35:p0.85:r6,1594096199,clustered,8,2,0.35,0.85,OPTIMAL,286.0910300296673,286.09103002966725,0.0,0.004112700000405312,True,True,geo_qpg_p,True,287.8939026246881,11.165100004291162,236.0,8952.0,,,,,,N4_ATOMIC,0.006301744570019708
SP1_N4_DISTRIBUTED_FAMILY_v2,E5_DPOP_SMALL,E5_DPOP:N8:K2:clustered:cv0.35:p0.85:r6,1594096199,clustered,8,2,0.35,0.85,OPTIMAL,286.0910300296673,286.09103002966725,0.0,0.004112700000405312,True,True,geo_qpg_c3,True,286.0910300296673,32.152900006622076,938.0,37096.0,,,,,,N4_ATOMIC,0.0
SP1_N4_DISTRIBUTED_FAMILY_v2,E5_DPOP_SMALL,E5_DPOP:N8:K2:clustered:cv0.35:p0.85:r6,1594096199,clustered,8,2,0.35,0.85,OPTIMAL,286.0910300296673,286.09103002966725,0.0,0.004112700000405312,True,True,geo_qpg_d,True,286.6910297695967,14.170199981890619,394.0,14300.0,,,,,,N4_ATOMIC,0.0020972336667359624
SP1_N4_DISTRIBUTED_FAMILY_v2,E5_DPOP_SMALL,E5_DPOP:N8:K2:clustered:cv0.35:p0.85:r7,1115334485,clustered,8,2,0.35,0.85,OPTIMAL,221.6024612837607,221.6024612837607,0.0,0.0036829999880865216,True,True,dpop_exact_small,True,221.6024612837607,37.434800004120916,14.0,26288.0,7.0,7.0,3279.0,7.0,6561.0,EXACT_DISTRIBUTED,0.0
SP1_N4_DISTRIBUTED_FAMILY_v2,E5_DPOP_SMALL,E5_DPOP:N8:K2:clustered:cv0.35:p0.85:r7,1115334485,clustered,8,2,0.35,0.85,OPTIMAL,221.6024612837607,221.6024612837607,0.0,0.0036829999880865216,True,True,milp_highs,True,221.6024612837607,3.6829999880865216,,,,,,,,CENTRAL_ORACLE,0.0
SP1_N4_DISTRIBUTED_FAMILY_v2,E5_DPOP_SMALL,E5_DPOP:N8:K2:clustered:cv0.35:p0.85:r7,1115334485,clustered,8,2,0.35,0.85,OPTIMAL,221.6024612837607,221.6024612837607,0.0,0.0036829999880865216,True,True,geo_qpg_u,True,421.95046483709336,2.0081000111531466,70.0,2380.0,,,,,,N4_ATOMIC,0.9040874473717517
SP1_N4_DISTRIBUTED_FAMILY_v2,E5_DPOP_SMALL,E5_DPOP:N8:K2:clustered:cv0.35:p0.85:r7,1115334485,clustered,8,2,0.35,0.85,OPTIMAL,221.6024612837607,221.6024612837607,0.0,0.0036829999880865216,True,True,geo_qpg_p,True,289.26528914639346,7.406000018818304,173.0,6452.0,,,,,,N4_ATOMIC,0.3053342795502207
SP1_N4_DISTRIBUTED_FAMILY_v2,E5_DPOP_SMALL,E5_DPOP:N8:K2:clustered:cv0.35:p0.85:r7,1115334485,clustered,8,2,0.35,0.85,OPTIMAL,221.6024612837607,221.6024612837607,0.0,0.0036829999880865216,True,True,geo_qpg_c3,True,221.6024612837607,20.949400000972673,610.0,23896.0,,,,,,N4_ATOMIC,0.0
SP1_N4_DISTRIBUTED_FAMILY_v2,E5_DPOP_SMALL,E5_DPOP:N8:K2:clustered:cv0.35:p0.85:r7,1115334485,clustered,8,2,0.35,0.85,OPTIMAL,221.6024612837607,221.6024612837607,0.0,0.0036829999880865216,True,True,geo_qpg_d,True,237.39495849199986,9.339499985799193,350.0,12256.0,,,,,,N4_ATOMIC,0.07126499009420727
SP1_N4_DISTRIBUTED_FAMILY_v2,E5_DPOP_SMALL,E5_DPOP:N8:K2:clustered:cv0.35:p0.85:r8,2226955278,clustered,8,2,0.35,0.85,OPTIMAL,271.79526197490657,271.79526197490657,0.0,0.0045686999801546335,True,True,dpop_exact_small,True,271.7952619749065,41.00289999041706,14.0,26288.0,7.0,7.0,3279.0,7.0,6561.0,EXACT_DISTRIBUTED,-2.0914058047875784e-16
SP1_N4_DISTRIBUTED_FAMILY_v2,E5_DPOP_SMALL,E5_DPOP:N8:K2:clustered:cv0.35:p0.85:r8,2226955278,clustered,8,2,0.35,0.85,OPTIMAL,271.79526197490657,271.79526197490657,0.0,0.0045686999801546335,True,True,milp_highs,True,271.79526197490657,4.5686999801546335,,,,,,,,CENTRAL_ORACLE,0.0
SP1_N4_DISTRIBUTED_FAMILY_v2,E5_DPOP_SMALL,E5_DPOP:N8:K2:clustered:cv0.35:p0.85:r8,2226955278,clustered,8,2,0.35,0.85,OPTIMAL,271.79526197490657,271.79526197490657,0.0,0.0045686999801546335,True,True,geo_qpg_u,True,301.85075971023315,2.106400002958253,81.0,2772.0,,,,,,N4_ATOMIC,0.1105813895243746
SP1_N4_DISTRIBUTED_FAMILY_v2,E5_DPOP_SMALL,E5_DPOP:N8:K2:clustered:cv0.35:p0.85:r8,2226955278,clustered,8,2,0.35,0.85,OPTIMAL,271.79526197490657,271.79526197490657,0.0,0.0045686999801546335,True,True,geo_qpg_p,True,301.85075971023315,9.844700020039454,169.0,6292.0,,,,,,N4_ATOMIC,0.1105813895243746
SP1_N4_DISTRIBUTED_FAMILY_v2,E5_DPOP_SMALL,E5_DPOP:N8:K2:clustered:cv0.35:p0.85:r8,2226955278,clustered,8,2,0.35,0.85,OPTIMAL,271.79526197490657,271.79526197490657,0.0,0.0045686999801546335,True,True,geo_qpg_c3,True,271.7952619749065,24.365900026168674,753.0,29612.0,,,,,,N4_ATOMIC,-2.0914058047875784e-16
SP1_N4_DISTRIBUTED_FAMILY_v2,E5_DPOP_SMALL,E5_DPOP:N8:K2:clustered:cv0.35:p0.85:r8,2226955278,clustered,8,2,0.35,0.85,OPTIMAL,271.79526197490657,271.79526197490657,0.0,0.0045686999801546335,True,True,geo_qpg_d,True,292.9993297267901,11.284299980616197,427.0,15240.0,,,,,,N4_ATOMIC,0.07801485426129762
SP1_N4_DISTRIBUTED_FAMILY_v2,E5_DPOP_SMALL,E5_DPOP:N8:K2:clustered:cv0.35:p0.85:r9,2735156597,clustered,8,2,0.35,0.85,OPTIMAL,249.0155569790866,249.01555697908657,0.0,0.013380599993979558,True,True,dpop_exact_small,True,249.0155569790866,38.107800006400794,14.0,26288.0,7.0,7.0,3279.0,7.0,6561.0,EXACT_DISTRIBUTED,0.0
SP1_N4_DISTRIBUTED_FAMILY_v2,E5_DPOP_SMALL,E5_DPOP:N8:K2:clustered:cv0.35:p0.85:r9,2735156597,clustered,8,2,0.35,0.85,OPTIMAL,249.0155569790866,249.01555697908657,0.0,0.013380599993979558,True,True,milp_highs,True,249.0155569790866,13.380599993979558,,,,,,,,CENTRAL_ORACLE,0.0
SP1_N4_DISTRIBUTED_FAMILY_v2,E5_DPOP_SMALL,E5_DPOP:N8:K2:clustered:cv0.35:p0.85:r9,2735156597,clustered,8,2,0.35,0.85,OPTIMAL,249.0155569790866,249.01555697908657,0.0,0.013380599993979558,True,True,geo_qpg_u,True,252.01907998159436,2.1355999924708158,79.0,2688.0,,,,,,N4_ATOMIC,0.012061587793729735
SP1_N4_DISTRIBUTED_FAMILY_v2,E5_DPOP_SMALL,E5_DPOP:N8:K2:clustered:cv0.35:p0.85:r9,2735156597,clustered,8,2,0.35,0.85,OPTIMAL,249.0155569790866,249.01555697908657,0.0,0.013380599993979558,True,True,geo_qpg_p,True,252.01907998159436,8.930699987104163,167.0,6208.0,,,,,,N4_ATOMIC,0.012061587793729735
SP1_N4_DISTRIBUTED_FAMILY_v2,E5_DPOP_SMALL,E5_DPOP:N8:K2:clustered:cv0.35:p0.85:r9,2735156597,clustered,8,2,0.35,0.85,OPTIMAL,249.0155569790866,249.01555697908657,0.0,0.013380599993979558,True,True,geo_qpg_c3,True,249.01555697908657,23.549299978185445,607.0,23768.0,,,,,,N4_ATOMIC,-1.1413628038022935e-16
SP1_N4_DISTRIBUTED_FAMILY_v2,E5_DPOP_SMALL,E5_DPOP:N8:K2:clustered:cv0.35:p0.85:r9,2735156597,clustered,8,2,0.35,0.85,OPTIMAL,249.0155569790866,249.01555697908657,0.0,0.013380599993979558,True,True,geo_qpg_d,True,257.1588613366149,14.411199983442202,519.0,19148.0,,,,,,N4_ATOMIC,0.03270199041504952
SP1_N4_DISTRIBUTED_FAMILY_v2,E5_DPOP_SMALL,E5_DPOP:N8:K2:clustered:cv0.65:p0.7:r0,2883456838,clustered,8,2,0.65,0.7,OPTIMAL,123.19433129382594,123.19433129382594,0.0,0.002460799994878471,True,True,dpop_exact_small,True,123.19433129382597,38.66229997947812,14.0,26288.0,7.0,7.0,3279.0,7.0,6561.0,EXACT_DISTRIBUTED,2.3070630873929183e-16
SP1_N4_DISTRIBUTED_FAMILY_v2,E5_DPOP_SMALL,E5_DPOP:N8:K2:clustered:cv0.65:p0.7:r0,2883456838,clustered,8,2,0.65,0.7,OPTIMAL,123.19433129382594,123.19433129382594,0.0,0.002460799994878471,True,True,milp_highs,True,123.19433129382594,2.460799994878471,,,,,,,,CENTRAL_ORACLE,0.0
SP1_N4_DISTRIBUTED_FAMILY_v2,E5_DPOP_SMALL,E5_DPOP:N8:K2:clustered:cv0.65:p0.7:r0,2883456838,clustered,8,2,0.65,0.7,OPTIMAL,123.19433129382594,123.19433129382594,0.0,0.002460799994878471,True,True,geo_qpg_u,True,148.38062270294753,2.4132999824360013,100.0,3360.0,,,,,,N4_ATOMIC,0.2044435904201693
SP1_N4_DISTRIBUTED_FAMILY_v2,E5_DPOP_SMALL,E5_DPOP:N8:K2:clustered:cv0.65:p0.7:r0,2883456838,clustered,8,2,0.65,0.7,OPTIMAL,123.19433129382594,123.19433129382594,0.0,0.002460799994878471,True,True,geo_qpg_p,True,131.63321317607216,13.068700005533174,286.0,10720.0,,,,,,N4_ATOMIC,0.0685005697390327
SP1_N4_DISTRIBUTED_FAMILY_v2,E5_DPOP_SMALL,E5_DPOP:N8:K2:clustered:cv0.65:p0.7:r0,2883456838,clustered,8,2,0.65,0.7,OPTIMAL,123.19433129382594,123.19433129382594,0.0,0.002460799994878471,True,True,geo_qpg_c3,True,131.63321317607216,28.13839999726042,734.0,28640.0,,,,,,N4_ATOMIC,0.0685005697390327
SP1_N4_DISTRIBUTED_FAMILY_v2,E5_DPOP_SMALL,E5_DPOP:N8:K2:clustered:cv0.65:p0.7:r0,2883456838,clustered,8,2,0.65,0.7,OPTIMAL,123.19433129382594,123.19433129382594,0.0,0.002460799994878471,True,True,geo_qpg_d,True,131.63321317607216,13.347200001589954,331.0,12216.0,,,,,,N4_ATOMIC,0.0685005697390327
SP1_N4_DISTRIBUTED_FAMILY_v2,E5_DPOP_SMALL,E5_DPOP:N8:K2:clustered:cv0.65:p0.7:r1,297344812,clustered,8,2,0.65,0.7,OPTIMAL,155.4263441450061,155.42634414500614,0.0,0.0025861999893095344,True,True,dpop_exact_small,True,155.4263441450061,39.035099995089695,14.0,26288.0,7.0,7.0,3279.0,7.0,6561.0,EXACT_DISTRIBUTED,0.0
SP1_N4_DISTRIBUTED_FAMILY_v2,E5_DPOP_SMALL,E5_DPOP:N8:K2:clustered:cv0.65:p0.7:r1,297344812,clustered,8,2,0.65,0.7,OPTIMAL,155.4263441450061,155.42634414500614,0.0,0.0025861999893095344,True,True,milp_highs,True,155.4263441450061,2.5861999893095344,,,,,,,,CENTRAL_ORACLE,0.0
SP1_N4_DISTRIBUTED_FAMILY_v2,E5_DPOP_SMALL,E5_DPOP:N8:K2:clustered:cv0.65:p0.7:r1,297344812,clustered,8,2,0.65,0.7,OPTIMAL,155.4263441450061,155.42634414500614,0.0,0.0025861999893095344,True,True,geo_qpg_u,True,243.44004568854768,2.044500026386231,63.0,2156.0,,,,,,N4_ATOMIC,0.5662727385611577
SP1_N4_DISTRIBUTED_FAMILY_v2,E5_DPOP_SMALL,E5_DPOP:N8:K2:clustered:cv0.65:p0.7:r1,297344812,clustered,8,2,0.65,0.7,OPTIMAL,155.4263441450061,155.42634414500614,0.0,0.0025861999893095344,True,True,geo_qpg_p,True,186.51178359399017,8.616300008725375,209.0,7860.0,,,,,,N4_ATOMIC,0.20000109775459093
SP1_N4_DISTRIBUTED_FAMILY_v2,E5_DPOP_SMALL,E5_DPOP:N8:K2:clustered:cv0.65:p0.7:r1,297344812,clustered,8,2,0.65,0.7,OPTIMAL,155.4263441450061,155.42634414500614,0.0,0.0025861999893095344,True,True,geo_qpg_c3,True,155.42634414500614,18.89619999565184,545.0,21332.0,,,,,,N4_ATOMIC,1.82862883295304e-16
SP1_N4_DISTRIBUTED_FAMILY_v2,E5_DPOP_SMALL,E5_DPOP:N8:K2:clustered:cv0.65:p0.7:r1,297344812,clustered,8,2,0.65,0.7,OPTIMAL,155.4263441450061,155.42634414500614,0.0,0.0025861999893095344,True,True,geo_qpg_d,True,232.04377557145563,8.804999990388751,302.0,10520.0,,,,,,N4_ATOMIC,0.4929500970245349
SP1_N4_DISTRIBUTED_FAMILY_v2,E5_DPOP_SMALL,E5_DPOP:N8:K2:clustered:cv0.65:p0.7:r2,1889142320,clustered,8,2,0.65,0.7,OPTIMAL,184.12464675588646,184.12464675588646,0.0,0.006436900002881885,True,True,dpop_exact_small,True,184.12464675588646,34.82809997512959,14.0,26288.0,7.0,7.0,3279.0,7.0,6561.0,EXACT_DISTRIBUTED,0.0
SP1_N4_DISTRIBUTED_FAMILY_v2,E5_DPOP_SMALL,E5_DPOP:N8:K2:clustered:cv0.65:p0.7:r2,1889142320,clustered,8,2,0.65,0.7,OPTIMAL,184.12464675588646,184.12464675588646,0.0,0.006436900002881885,True,True,milp_highs,True,184.12464675588646,6.436900002881885,,,,,,,,CENTRAL_ORACLE,0.0
SP1_N4_DISTRIBUTED_FAMILY_v2,E5_DPOP_SMALL,E5_DPOP:N8:K2:clustered:cv0.65:p0.7:r2,1889142320,clustered,8,2,0.65,0.7,OPTIMAL,184.12464675588646,184.12464675588646,0.0,0.006436900002881885,True,True,geo_qpg_u,True,297.6251681894212,1.9813999824691564,72.0,2464.0,,,,,,N4_ATOMIC,0.6164330709294686
SP1_N4_DISTRIBUTED_FAMILY_v2,E5_DPOP_SMALL,E5_DPOP:N8:K2:clustered:cv0.65:p0.7:r2,1889142320,clustered,8,2,0.65,0.7,OPTIMAL,184.12464675588646,184.12464675588646,0.0,0.006436900002881885,True,True,geo_qpg_p,True,184.12464675588643,11.937700008274987,328.0,12456.0,,,,,,N4_ATOMIC,-1.5436124349004551e-16
SP1_N4_DISTRIBUTED_FAMILY_v2,E5_DPOP_SMALL,E5_DPOP:N8:K2:clustered:cv0.65:p0.7:r2,1889142320,clustered,8,2,0.65,0.7,OPTIMAL,184.12464675588646,184.12464675588646,0.0,0.006436900002881885,True,True,geo_qpg_c3,True,184.12464675588643,25.133399991318583,744.0,29096.0,,,,,,N4_ATOMIC,-1.5436124349004551e-16
SP1_N4_DISTRIBUTED_FAMILY_v2,E5_DPOP_SMALL,E5_DPOP:N8:K2:clustered:cv0.65:p0.7:r2,1889142320,clustered,8,2,0.65,0.7,OPTIMAL,184.12464675588646,184.12464675588646,0.0,0.006436900002881885,True,True,geo_qpg_d,True,184.12464675588643,13.872500014258549,448.0,16964.0,,,,,,N4_ATOMIC,-1.5436124349004551e-16
SP1_N4_DISTRIBUTED_FAMILY_v2,E5_DPOP_SMALL,E5_DPOP:N8:K2:clustered:cv0.65:p0.7:r3,2708850051,clustered,8,2,0.65,0.7,OPTIMAL,199.0124784389267,199.01247843892673,0.0,0.008283799979835749,True,True,dpop_exact_small,True,199.01247843892776,36.7541000014171,14.0,26288.0,7.0,7.0,3279.0,7.0,6561.0,EXACT_DISTRIBUTED,5.284107093051786e-15
SP1_N4_DISTRIBUTED_FAMILY_v2,E5_DPOP_SMALL,E5_DPOP:N8:K2:clustered:cv0.65:p0.7:r3,2708850051,clustered,8,2,0.65,0.7,OPTIMAL,199.0124784389267,199.01247843892673,0.0,0.008283799979835749,True,True,milp_highs,True,199.0124784389267,8.283799979835749,,,,,,,,CENTRAL_ORACLE,0.0
SP1_N4_DISTRIBUTED_FAMILY_v2,E5_DPOP_SMALL,E5_DPOP:N8:K2:clustered:cv0.65:p0.7:r3,2708850051,clustered,8,2,0.65,0.7,OPTIMAL,199.0124784389267,199.01247843892673,0.0,0.008283799979835749,True,True,geo_qpg_u,True,242.0402675470279,2.030499977990985,81.0,2772.0,,,,,,N4_ATOMIC,0.2162064883851272
SP1_N4_DISTRIBUTED_FAMILY_v2,E5_DPOP_SMALL,E5_DPOP:N8:K2:clustered:cv0.65:p0.7:r3,2708850051,clustered,8,2,0.65,0.7,OPTIMAL,199.0124784389267,199.01247843892673,0.0,0.008283799979835749,True,True,geo_qpg_p,True,212.77821271587993,9.479600004851818,201.0,7492.0,,,,,,N4_ATOMIC,0.06917020673745178
SP1_N4_DISTRIBUTED_FAMILY_v2,E5_DPOP_SMALL,E5_DPOP:N8:K2:clustered:cv0.65:p0.7:r3,2708850051,clustered,8,2,0.65,0.7,OPTIMAL,199.0124784389267,199.01247843892673,0.0,0.008283799979835749,True,True,geo_qpg_c3,True,203.96610027555872,22.224799991818145,720.0,28156.0,,,,,,N4_ATOMIC,0.024891011234515054
SP1_N4_DISTRIBUTED_FAMILY_v2,E5_DPOP_SMALL,E5_DPOP:N8:K2:clustered:cv0.65:p0.7:r3,2708850051,clustered,8,2,0.65,0.7,OPTIMAL,199.0124784389267,199.01247843892673,0.0,0.008283799979835749,True,True,geo_qpg_d,True,203.96610027555872,8.735999988857657,308.0,11128.0,,,,,,N4_ATOMIC,0.024891011234515054
SP1_N4_DISTRIBUTED_FAMILY_v2,E5_DPOP_SMALL,E5_DPOP:N8:K2:clustered:cv0.65:p0.7:r4,1983787312,clustered,8,2,0.65,0.7,OPTIMAL,240.67042423402316,240.67042423402313,0.0,0.0028461999900173396,True,True,dpop_exact_small,True,240.67042423402145,36.41180001432076,14.0,26288.0,7.0,7.0,3279.0,7.0,6561.0,EXACT_DISTRIBUTED,-7.085634104197357e-15
SP1_N4_DISTRIBUTED_FAMILY_v2,E5_DPOP_SMALL,E5_DPOP:N8:K2:clustered:cv0.65:p0.7:r4,1983787312,clustered,8,2,0.65,0.7,OPTIMAL,240.67042423402316,240.67042423402313,0.0,0.0028461999900173396,True,True,milp_highs,True,240.67042423402316,2.8461999900173396,,,,,,,,CENTRAL_ORACLE,0.0
SP1_N4_DISTRIBUTED_FAMILY_v2,E5_DPOP_SMALL,E5_DPOP:N8:K2:clustered:cv0.65:p0.7:r4,1983787312,clustered,8,2,0.65,0.7,OPTIMAL,240.67042423402316,240.67042423402313,0.0,0.0028461999900173396,True,True,geo_qpg_u,True,292.9838241349008,2.114799979608506,103.0,3556.0,,,,,,N4_ATOMIC,0.21736530388964245
SP1_N4_DISTRIBUTED_FAMILY_v2,E5_DPOP_SMALL,E5_DPOP:N8:K2:clustered:cv0.65:p0.7:r4,1983787312,clustered,8,2,0.65,0.7,OPTIMAL,240.67042423402316,240.67042423402313,0.0,0.0028461999900173396,True,True,geo_qpg_p,True,257.8946908007354,9.494500001892447,205.0,7588.0,,,,,,N4_ATOMIC,0.07156785725346844
SP1_N4_DISTRIBUTED_FAMILY_v2,E5_DPOP_SMALL,E5_DPOP:N8:K2:clustered:cv0.65:p0.7:r4,1983787312,clustered,8,2,0.65,0.7,OPTIMAL,240.67042423402316,240.67042423402313,0.0,0.0028461999900173396,True,True,geo_qpg_c3,True,257.8946908007354,19.36759997624904,573.0,22308.0,,,,,,N4_ATOMIC,0.07156785725346844
SP1_N4_DISTRIBUTED_FAMILY_v2,E5_DPOP_SMALL,E5_DPOP:N8:K2:clustered:cv0.65:p0.7:r4,1983787312,clustered,8,2,0.65,0.7,OPTIMAL,240.67042423402316,240.67042423402313,0.0,0.0028461999900173396,True,True,geo_qpg_d,True,257.8946908007354,7.736500003375113,306.0,10712.0,,,,,,N4_ATOMIC,0.07156785725346844
SP1_N4_DISTRIBUTED_FAMILY_v2,E5_DPOP_SMALL,E5_DPOP:N8:K2:clustered:cv0.65:p0.7:r5,525228418,clustered,8,2,0.65,0.7,OPTIMAL,124.20379433578394,124.20379433578395,0.0,0.0038451999716926366,True,True,dpop_exact_small,True,124.20379433578395,37.46859999955632,14.0,26288.0,7.0,7.0,3279.0,7.0,6561.0,EXACT_DISTRIBUTED,1.144156246691069e-16
SP1_N4_DISTRIBUTED_FAMILY_v2,E5_DPOP_SMALL,E5_DPOP:N8:K2:clustered:cv0.65:p0.7:r5,525228418,clustered,8,2,0.65,0.7,OPTIMAL,124.20379433578394,124.20379433578395,0.0,0.0038451999716926366,True,True,milp_highs,True,124.20379433578394,3.8451999716926366,,,,,,,,CENTRAL_ORACLE,0.0
SP1_N4_DISTRIBUTED_FAMILY_v2,E5_DPOP_SMALL,E5_DPOP:N8:K2:clustered:cv0.65:p0.7:r5,525228418,clustered,8,2,0.65,0.7,OPTIMAL,124.20379433578394,124.20379433578395,0.0,0.0038451999716926366,True,True,geo_qpg_u,True,196.02112837755183,1.9440000178292394,52.0,1764.0,,,,,,N4_ATOMIC,0.5782217397289032
SP1_N4_DISTRIBUTED_FAMILY_v2,E5_DPOP_SMALL,E5_DPOP:N8:K2:clustered:cv0.65:p0.7:r5,525228418,clustered,8,2,0.65,0.7,OPTIMAL,124.20379433578394,124.20379433578395,0.0,0.0038451999716926366,True,True,geo_qpg_p,True,124.20379433578395,10.689399990951642,224.0,8492.0,,,,,,N4_ATOMIC,1.144156246691069e-16
SP1_N4_DISTRIBUTED_FAMILY_v2,E5_DPOP_SMALL,E5_DPOP:N8:K2:clustered:cv0.65:p0.7:r5,525228418,clustered,8,2,0.65,0.7,OPTIMAL,124.20379433578394,124.20379433578395,0.0,0.0038451999716926366,True,True,geo_qpg_c3,True,124.20379433578395,21.104399987962097,480.0,18732.0,,,,,,N4_ATOMIC,1.144156246691069e-16
SP1_N4_DISTRIBUTED_FAMILY_v2,E5_DPOP_SMALL,E5_DPOP:N8:K2:clustered:cv0.65:p0.7:r5,525228418,clustered,8,2,0.65,0.7,OPTIMAL,124.20379433578394,124.20379433578395,0.0,0.0038451999716926366,True,True,geo_qpg_d,True,145.6142406478398,9.095199988223612,290.0,10184.0,,,,,,N4_ATOMIC,0.17238158001979312
SP1_N4_DISTRIBUTED_FAMILY_v2,E5_DPOP_SMALL,E5_DPOP:N8:K2:clustered:cv0.65:p0.7:r6,1137486399,clustered,8,2,0.65,0.7,OPTIMAL,207.85078006616374,207.85078006616374,0.0,0.003500899998471141,True,True,dpop_exact_small,True,207.85078006616376,38.05989999091253,14.0,26288.0,7.0,7.0,3279.0,7.0,6561.0,EXACT_DISTRIBUTED,1.3674093222722916e-16
SP1_N4_DISTRIBUTED_FAMILY_v2,E5_DPOP_SMALL,E5_DPOP:N8:K2:clustered:cv0.65:p0.7:r6,1137486399,clustered,8,2,0.65,0.7,OPTIMAL,207.85078006616374,207.85078006616374,0.0,0.003500899998471141,True,True,milp_highs,True,207.85078006616374,3.500899998471141,,,,,,,,CENTRAL_ORACLE,0.0
SP1_N4_DISTRIBUTED_FAMILY_v2,E5_DPOP_SMALL,E5_DPOP:N8:K2:clustered:cv0.65:p0.7:r6,1137486399,clustered,8,2,0.65,0.7,OPTIMAL,207.85078006616374,207.85078006616374,0.0,0.003500899998471141,True,True,geo_qpg_u,True,252.86443083644673,2.8113999869674444,86.0,2912.0,,,,,,N4_ATOMIC,0.21656714858589465
SP1_N4_DISTRIBUTED_FAMILY_v2,E5_DPOP_SMALL,E5_DPOP:N8:K2:clustered:cv0.65:p0.7:r6,1137486399,clustered,8,2,0.65,0.7,OPTIMAL,207.85078006616374,207.85078006616374,0.0,0.003500899998471141,True,True,geo_qpg_p,True,207.85078006616374,12.290699989534914,292.0,10988.0,,,,,,N4_ATOMIC,0.0
SP1_N4_DISTRIBUTED_FAMILY_v2,E5_DPOP_SMALL,E5_DPOP:N8:K2:clustered:cv0.65:p0.7:r6,1137486399,clustered,8,2,0.65,0.7,OPTIMAL,207.85078006616374,207.85078006616374,0.0,0.003500899998471141,True,True,geo_qpg_c3,True,207.85078006616374,27.582699985941872,740.0,28908.0,,,,,,N4_ATOMIC,0.0
SP1_N4_DISTRIBUTED_FAMILY_v2,E5_DPOP_SMALL,E5_DPOP:N8:K2:clustered:cv0.65:p0.7:r6,1137486399,clustered,8,2,0.65,0.7,OPTIMAL,207.85078006616374,207.85078006616374,0.0,0.003500899998471141,True,True,geo_qpg_d,True,233.42142342497573,15.482200018595904,447.0,16452.0,,,,,,N4_ATOMIC,0.12302404326157575
SP1_N4_DISTRIBUTED_FAMILY_v2,E5_DPOP_SMALL,E5_DPOP:N8:K2:clustered:cv0.65:p0.7:r7,3453298625,clustered,8,2,0.65,0.7,OPTIMAL,224.6136841414563,224.6136841414563,0.0,0.002215899992734194,True,True,dpop_exact_small,True,224.61368414145633,37.17739999410696,14.0,26288.0,7.0,7.0,3279.0,7.0,6561.0,EXACT_DISTRIBUTED,1.2653596569167486e-16
SP1_N4_DISTRIBUTED_FAMILY_v2,E5_DPOP_SMALL,E5_DPOP:N8:K2:clustered:cv0.65:p0.7:r7,3453298625,clustered,8,2,0.65,0.7,OPTIMAL,224.6136841414563,224.6136841414563,0.0,0.002215899992734194,True,True,milp_highs,True,224.6136841414563,2.215899992734194,,,,,,,,CENTRAL_ORACLE,0.0
SP1_N4_DISTRIBUTED_FAMILY_v2,E5_DPOP_SMALL,E5_DPOP:N8:K2:clustered:cv0.65:p0.7:r7,3453298625,clustered,8,2,0.65,0.7,OPTIMAL,224.6136841414563,224.6136841414563,0.0,0.002215899992734194,True,True,geo_qpg_u,True,388.40415397132506,1.6173000039998442,59.0,1988.0,,,,,,N4_ATOMIC,0.7292096670598104
SP1_N4_DISTRIBUTED_FAMILY_v2,E5_DPOP_SMALL,E5_DPOP:N8:K2:clustered:cv0.65:p0.7:r7,3453298625,clustered,8,2,0.65,0.7,OPTIMAL,224.6136841414563,224.6136841414563,0.0,0.002215899992734194,True,True,geo_qpg_p,True,305.6034941294699,10.702799976570532,274.0,10424.0,,,,,,N4_ATOMIC,0.36057380162558633
SP1_N4_DISTRIBUTED_FAMILY_v2,E5_DPOP_SMALL,E5_DPOP:N8:K2:clustered:cv0.65:p0.7:r7,3453298625,clustered,8,2,0.65,0.7,OPTIMAL,224.6136841414563,224.6136841414563,0.0,0.002215899992734194,True,True,geo_qpg_c3,True,224.6136841414563,27.379499981179833,831.0,32628.0,,,,,,N4_ATOMIC,0.0
SP1_N4_DISTRIBUTED_FAMILY_v2,E5_DPOP_SMALL,E5_DPOP:N8:K2:clustered:cv0.65:p0.7:r7,3453298625,clustered,8,2,0.65,0.7,OPTIMAL,224.6136841414563,224.6136841414563,0.0,0.002215899992734194,True,True,geo_qpg_d,True,224.6136841414563,8.095099998172373,278.0,9900.0,,,,,,N4_ATOMIC,0.0
SP1_N4_DISTRIBUTED_FAMILY_v2,E5_DPOP_SMALL,E5_DPOP:N8:K2:clustered:cv0.65:p0.7:r8,1449111653,clustered,8,2,0.65,0.7,OPTIMAL,122.86326927025425,122.86326927025425,0.0,0.002116599993314594,True,True,dpop_exact_small,True,122.86326927025425,38.05159998591989,14.0,26288.0,7.0,7.0,3279.0,7.0,6561.0,EXACT_DISTRIBUTED,0.0
SP1_N4_DISTRIBUTED_FAMILY_v2,E5_DPOP_SMALL,E5_DPOP:N8:K2:clustered:cv0.65:p0.7:r8,1449111653,clustered,8,2,0.65,0.7,OPTIMAL,122.86326927025425,122.86326927025425,0.0,0.002116599993314594,True,True,milp_highs,True,122.86326927025425,2.116599993314594,,,,,,,,CENTRAL_ORACLE,0.0
SP1_N4_DISTRIBUTED_FAMILY_v2,E5_DPOP_SMALL,E5_DPOP:N8:K2:clustered:cv0.65:p0.7:r8,1449111653,clustered,8,2,0.65,0.7,OPTIMAL,122.86326927025425,122.86326927025425,0.0,0.002116599993314594,True,True,geo_qpg_u,True,181.0868250474134,2.3000999935902655,92.0,3164.0,,,,,,N4_ATOMIC,0.4738890322793596
SP1_N4_DISTRIBUTED_FAMILY_v2,E5_DPOP_SMALL,E5_DPOP:N8:K2:clustered:cv0.65:p0.7:r8,1449111653,clustered,8,2,0.65,0.7,OPTIMAL,122.86326927025425,122.86326927025425,0.0,0.002116599993314594,True,True,geo_qpg_p,True,122.86326927025425,7.59910000488162,182.0,6684.0,,,,,,N4_ATOMIC,0.0
SP1_N4_DISTRIBUTED_FAMILY_v2,E5_DPOP_SMALL,E5_DPOP:N8:K2:clustered:cv0.65:p0.7:r8,1449111653,clustered,8,2,0.65,0.7,OPTIMAL,122.86326927025425,122.86326927025425,0.0,0.002116599993314594,True,True,geo_qpg_c3,True,122.86326927025425,18.40770000126213,510.0,19804.0,,,,,,N4_ATOMIC,0.0
SP1_N4_DISTRIBUTED_FAMILY_v2,E5_DPOP_SMALL,E5_DPOP:N8:K2:clustered:cv0.65:p0.7:r8,1449111653,clustered,8,2,0.65,0.7,OPTIMAL,122.86326927025425,122.86326927025425,0.0,0.002116599993314594,True,True,geo_qpg_d,True,207.50501454965104,11.172200000146404,486.0,18216.0,,,,,,N4_ATOMIC,0.6889100850248084
SP1_N4_DISTRIBUTED_FAMILY_v2,E5_DPOP_SMALL,E5_DPOP:N8:K2:clustered:cv0.65:p0.7:r9,1195405007,clustered,8,2,0.65,0.7,OPTIMAL,154.1419822740406,154.1419822740406,0.0,0.002495200023986399,True,True,dpop_exact_small,True,154.1419822740406,41.93210002267733,14.0,26288.0,7.0,7.0,3279.0,7.0,6561.0,EXACT_DISTRIBUTED,0.0
SP1_N4_DISTRIBUTED_FAMILY_v2,E5_DPOP_SMALL,E5_DPOP:N8:K2:clustered:cv0.65:p0.7:r9,1195405007,clustered,8,2,0.65,0.7,OPTIMAL,154.1419822740406,154.1419822740406,0.0,0.002495200023986399,True,True,milp_highs,True,154.1419822740406,2.495200023986399,,,,,,,,CENTRAL_ORACLE,0.0
SP1_N4_DISTRIBUTED_FAMILY_v2,E5_DPOP_SMALL,E5_DPOP:N8:K2:clustered:cv0.65:p0.7:r9,1195405007,clustered,8,2,0.65,0.7,OPTIMAL,154.1419822740406,154.1419822740406,0.0,0.002495200023986399,True,True,geo_qpg_u,True,302.2327827953262,1.516999996965751,54.0,1848.0,,,,,,N4_ATOMIC,0.9607428056686275
SP1_N4_DISTRIBUTED_FAMILY_v2,E5_DPOP_SMALL,E5_DPOP:N8:K2:clustered:cv0.65:p0.7:r9,1195405007,clustered,8,2,0.65,0.7,OPTIMAL,154.1419822740406,154.1419822740406,0.0,0.002495200023986399,True,True,geo_qpg_p,True,238.84052549264652,5.678499990608543,139.0,5156.0,,,,,,N4_ATOMIC,0.5494839366216597
SP1_N4_DISTRIBUTED_FAMILY_v2,E5_DPOP_SMALL,E5_DPOP:N8:K2:clustered:cv0.65:p0.7:r9,1195405007,clustered,8,2,0.65,0.7,OPTIMAL,154.1419822740406,154.1419822740406,0.0,0.002495200023986399,True,True,geo_qpg_c3,True,154.14198227404057,15.527399984421209,421.0,16316.0,,,,,,N4_ATOMIC,-1.8438655719293013e-16
SP1_N4_DISTRIBUTED_FAMILY_v2,E5_DPOP_SMALL,E5_DPOP:N8:K2:clustered:cv0.65:p0.7:r9,1195405007,clustered,8,2,0.65,0.7,OPTIMAL,154.1419822740406,154.1419822740406,0.0,0.002495200023986399,True,True,geo_qpg_d,True,187.84615367258718,6.7724000255111605,273.0,9448.0,,,,,,N4_ATOMIC,0.2186566625218675
SP1_N4_DISTRIBUTED_FAMILY_v2,E5_DPOP_SMALL,E5_DPOP:N8:K2:clustered:cv0.65:p0.85:r0,2017566550,clustered,8,2,0.65,0.85,OPTIMAL,295.08238816874007,295.08238816874007,0.0,0.003141900000628084,True,True,dpop_exact_small,True,295.08238816874007,39.082400006009266,14.0,26288.0,7.0,7.0,3279.0,7.0,6561.0,EXACT_DISTRIBUTED,0.0
SP1_N4_DISTRIBUTED_FAMILY_v2,E5_DPOP_SMALL,E5_DPOP:N8:K2:clustered:cv0.65:p0.85:r0,2017566550,clustered,8,2,0.65,0.85,OPTIMAL,295.08238816874007,295.08238816874007,0.0,0.003141900000628084,True,True,milp_highs,True,295.08238816874007,3.141900000628084,,,,,,,,CENTRAL_ORACLE,0.0
SP1_N4_DISTRIBUTED_FAMILY_v2,E5_DPOP_SMALL,E5_DPOP:N8:K2:clustered:cv0.65:p0.85:r0,2017566550,clustered,8,2,0.65,0.85,OPTIMAL,295.08238816874007,295.08238816874007,0.0,0.003141900000628084,True,True,geo_qpg_u,True,346.26455768947045,2.4692000006325543,124.0,4428.0,,,,,,N4_ATOMIC,0.1734504381585198
SP1_N4_DISTRIBUTED_FAMILY_v2,E5_DPOP_SMALL,E5_DPOP:N8:K2:clustered:cv0.65:p0.85:r0,2017566550,clustered,8,2,0.65,0.85,OPTIMAL,295.08238816874007,295.08238816874007,0.0,0.003141900000628084,True,True,geo_qpg_p,True,345.85660148528245,8.281500020530075,232.0,8768.0,,,,,,N4_ATOMIC,0.1720679218832526
SP1_N4_DISTRIBUTED_FAMILY_v2,E5_DPOP_SMALL,E5_DPOP:N8:K2:clustered:cv0.65:p0.85:r0,2017566550,clustered,8,2,0.65,0.85,OPTIMAL,295.08238816874007,295.08238816874007,0.0,0.003141900000628084,True,True,geo_qpg_c3,True,295.08238816874007,22.013000008882955,766.0,30504.0,,,,,,N4_ATOMIC,0.0
SP1_N4_DISTRIBUTED_FAMILY_v2,E5_DPOP_SMALL,E5_DPOP:N8:K2:clustered:cv0.65:p0.85:r0,2017566550,clustered,8,2,0.65,0.85,OPTIMAL,295.08238816874007,295.08238816874007,0.0,0.003141900000628084,True,True,geo_qpg_d,True,295.08238816874007,12.950399977853522,459.0,17140.0,,,,,,N4_ATOMIC,0.0
SP1_N4_DISTRIBUTED_FAMILY_v2,E5_DPOP_SMALL,E5_DPOP:N8:K2:clustered:cv0.65:p0.85:r1,3987196783,clustered,8,2,0.65,0.85,OPTIMAL,319.38449107096403,319.38449107096403,0.0,0.001783000014256686,True,True,dpop_exact_small,True,319.3844910709641,36.83830000227317,14.0,26288.0,7.0,7.0,3279.0,7.0,6561.0,EXACT_DISTRIBUTED,1.7797801850114875e-16
SP1_N4_DISTRIBUTED_FAMILY_v2,E5_DPOP_SMALL,E5_DPOP:N8:K2:clustered:cv0.65:p0.85:r1,3987196783,clustered,8,2,0.65,0.85,OPTIMAL,319.38449107096403,319.38449107096403,0.0,0.001783000014256686,True,True,milp_highs,True,319.38449107096403,1.783000014256686,,,,,,,,CENTRAL_ORACLE,0.0
SP1_N4_DISTRIBUTED_FAMILY_v2,E5_DPOP_SMALL,E5_DPOP:N8:K2:clustered:cv0.65:p0.85:r1,3987196783,clustered,8,2,0.65,0.85,OPTIMAL,319.38449107096403,319.38449107096403,0.0,0.001783000014256686,True,True,geo_qpg_u,True,319.3844910709641,1.7920999962370843,56.0,1932.0,,,,,,N4_ATOMIC,1.7797801850114875e-16
SP1_N4_DISTRIBUTED_FAMILY_v2,E5_DPOP_SMALL,E5_DPOP:N8:K2:clustered:cv0.65:p0.85:r1,3987196783,clustered,8,2,0.65,0.85,OPTIMAL,319.38449107096403,319.38449107096403,0.0,0.001783000014256686,True,True,geo_qpg_p,True,319.3844910709641,7.0386999868787825,140.0,5292.0,,,,,,N4_ATOMIC,1.7797801850114875e-16
SP1_N4_DISTRIBUTED_FAMILY_v2,E5_DPOP_SMALL,E5_DPOP:N8:K2:clustered:cv0.65:p0.85:r1,3987196783,clustered,8,2,0.65,0.85,OPTIMAL,319.38449107096403,319.38449107096403,0.0,0.001783000014256686,True,True,geo_qpg_c3,True,319.3844910709641,21.350600000005215,544.0,21452.0,,,,,,N4_ATOMIC,1.7797801850114875e-16
SP1_N4_DISTRIBUTED_FAMILY_v2,E5_DPOP_SMALL,E5_DPOP:N8:K2:clustered:cv0.65:p0.85:r1,3987196783,clustered,8,2,0.65,0.85,OPTIMAL,319.38449107096403,319.38449107096403,0.0,0.001783000014256686,True,True,geo_qpg_d,True,338.823712314642,8.900700020603836,358.0,12532.0,,,,,,N4_ATOMIC,0.060864637410834053
SP1_N4_DISTRIBUTED_FAMILY_v2,E5_DPOP_SMALL,E5_DPOP:N8:K2:clustered:cv0.65:p0.85:r2,2949086503,clustered,8,2,0.65,0.85,OPTIMAL,331.6438071699097,331.6438071699097,0.0,0.02093659999081865,True,True,dpop_exact_small,True,331.6438071699097,39.223300002049655,14.0,26288.0,7.0,7.0,3279.0,7.0,6561.0,EXACT_DISTRIBUTED,0.0
SP1_N4_DISTRIBUTED_FAMILY_v2,E5_DPOP_SMALL,E5_DPOP:N8:K2:clustered:cv0.65:p0.85:r2,2949086503,clustered,8,2,0.65,0.85,OPTIMAL,331.6438071699097,331.6438071699097,0.0,0.02093659999081865,True,True,milp_highs,True,331.6438071699097,20.93659999081865,,,,,,,,CENTRAL_ORACLE,0.0
SP1_N4_DISTRIBUTED_FAMILY_v2,E5_DPOP_SMALL,E5_DPOP:N8:K2:clustered:cv0.65:p0.85:r2,2949086503,clustered,8,2,0.65,0.85,OPTIMAL,331.6438071699097,331.6438071699097,0.0,0.02093659999081865,True,True,geo_qpg_u,True,387.5402925791601,1.930700003867969,91.0,3192.0,,,,,,N4_ATOMIC,0.16854373336937728
SP1_N4_DISTRIBUTED_FAMILY_v2,E5_DPOP_SMALL,E5_DPOP:N8:K2:clustered:cv0.65:p0.85:r2,2949086503,clustered,8,2,0.65,0.85,OPTIMAL,331.6438071699097,331.6438071699097,0.0,0.02093659999081865,True,True,geo_qpg_p,True,332.6881857969202,9.054699999978766,270.0,10408.0,,,,,,N4_ATOMIC,0.003149097328012124
SP1_N4_DISTRIBUTED_FAMILY_v2,E5_DPOP_SMALL,E5_DPOP:N8:K2:clustered:cv0.65:p0.85:r2,2949086503,clustered,8,2,0.65,0.85,OPTIMAL,331.6438071699097,331.6438071699097,0.0,0.02093659999081865,True,True,geo_qpg_c3,True,332.6881857969202,18.510699999751523,546.0,21448.0,,,,,,N4_ATOMIC,0.003149097328012124
SP1_N4_DISTRIBUTED_FAMILY_v2,E5_DPOP_SMALL,E5_DPOP:N8:K2:clustered:cv0.65:p0.85:r2,2949086503,clustered,8,2,0.65,0.85,OPTIMAL,331.6438071699097,331.6438071699097,0.0,0.02093659999081865,True,True,geo_qpg_d,True,332.6881857969202,8.515200024703518,416.0,14620.0,,,,,,N4_ATOMIC,0.003149097328012124
SP1_N4_DISTRIBUTED_FAMILY_v2,E5_DPOP_SMALL,E5_DPOP:N8:K2:clustered:cv0.65:p0.85:r3,3243691970,clustered,8,2,0.65,0.85,OPTIMAL,189.0069037209634,189.0069037209634,0.0,0.0020457000064197928,True,True,dpop_exact_small,True,189.00690372096344,36.41020000213757,14.0,26288.0,7.0,7.0,3279.0,7.0,6561.0,EXACT_DISTRIBUTED,1.5037392217357222e-16
SP1_N4_DISTRIBUTED_FAMILY_v2,E5_DPOP_SMALL,E5_DPOP:N8:K2:clustered:cv0.65:p0.85:r3,3243691970,clustered,8,2,0.65,0.85,OPTIMAL,189.0069037209634,189.0069037209634,0.0,0.0020457000064197928,True,True,milp_highs,True,189.0069037209634,2.0457000064197928,,,,,,,,CENTRAL_ORACLE,0.0
SP1_N4_DISTRIBUTED_FAMILY_v2,E5_DPOP_SMALL,E5_DPOP:N8:K2:clustered:cv0.65:p0.85:r3,3243691970,clustered,8,2,0.65,0.85,OPTIMAL,189.0069037209634,189.0069037209634,0.0,0.0020457000064197928,True,True,geo_qpg_u,True,304.42463329296766,2.4025000166147947,99.0,3412.0,,,,,,N4_ATOMIC,0.6106535121193188
SP1_N4_DISTRIBUTED_FAMILY_v2,E5_DPOP_SMALL,E5_DPOP:N8:K2:clustered:cv0.65:p0.85:r3,3243691970,clustered,8,2,0.65,0.85,OPTIMAL,189.0069037209634,189.0069037209634,0.0,0.0020457000064197928,True,True,geo_qpg_p,True,209.4697488606981,7.689999998547137,208.0,7712.0,,,,,,N4_ATOMIC,0.1082650672376741
SP1_N4_DISTRIBUTED_FAMILY_v2,E5_DPOP_SMALL,E5_DPOP:N8:K2:clustered:cv0.65:p0.85:r3,3243691970,clustered,8,2,0.65,0.85,OPTIMAL,189.0069037209634,189.0069037209634,0.0,0.0020457000064197928,True,True,geo_qpg_c3,True,209.4697488606981,20.051200001034886,528.0,20512.0,,,,,,N4_ATOMIC,0.1082650672376741
SP1_N4_DISTRIBUTED_FAMILY_v2,E5_DPOP_SMALL,E5_DPOP:N8:K2:clustered:cv0.65:p0.85:r3,3243691970,clustered,8,2,0.65,0.85,OPTIMAL,189.0069037209634,189.0069037209634,0.0,0.0020457000064197928,True,True,geo_qpg_d,True,189.00690372096344,12.379799998598173,433.0,15832.0,,,,,,N4_ATOMIC,1.5037392217357222e-16
SP1_N4_DISTRIBUTED_FAMILY_v2,E5_DPOP_SMALL,E5_DPOP:N8:K2:clustered:cv0.65:p0.85:r4,1056274602,clustered,8,2,0.65,0.85,OPTIMAL,196.37233661334568,196.3723366133457,0.0,0.0024123000039253384,True,True,dpop_exact_small,True,196.37233661334574,37.584500008961186,14.0,26288.0,7.0,7.0,3279.0,7.0,6561.0,EXACT_DISTRIBUTED,2.894675484395335e-16
SP1_N4_DISTRIBUTED_FAMILY_v2,E5_DPOP_SMALL,E5_DPOP:N8:K2:clustered:cv0.65:p0.85:r4,1056274602,clustered,8,2,0.65,0.85,OPTIMAL,196.37233661334568,196.3723366133457,0.0,0.0024123000039253384,True,True,milp_highs,True,196.37233661334568,2.4123000039253384,,,,,,,,CENTRAL_ORACLE,0.0
SP1_N4_DISTRIBUTED_FAMILY_v2,E5_DPOP_SMALL,E5_DPOP:N8:K2:clustered:cv0.65:p0.85:r4,1056274602,clustered,8,2,0.65,0.85,OPTIMAL,196.37233661334568,196.3723366133457,0.0,0.0024123000039253384,True,True,geo_qpg_u,True,285.0976359696989,2.1413999784272164,89.0,3108.0,,,,,,N4_ATOMIC,0.451821783488028
SP1_N4_DISTRIBUTED_FAMILY_v2,E5_DPOP_SMALL,E5_DPOP:N8:K2:clustered:cv0.65:p0.85:r4,1056274602,clustered,8,2,0.65,0.85,OPTIMAL,196.37233661334568,196.3723366133457,0.0,0.0024123000039253384,True,True,geo_qpg_p,True,205.92827406297863,10.187700012465939,267.0,10156.0,,,,,,N4_ATOMIC,0.0486623401973795
SP1_N4_DISTRIBUTED_FAMILY_v2,E5_DPOP_SMALL,E5_DPOP:N8:K2:clustered:cv0.65:p0.85:r4,1056274602,clustered,8,2,0.65,0.85,OPTIMAL,196.37233661334568,196.3723366133457,0.0,0.0024123000039253384,True,True,geo_qpg_c3,True,196.37233661334568,25.792100001126528,781.0,30748.0,,,,,,N4_ATOMIC,0.0
SP1_N4_DISTRIBUTED_FAMILY_v2,E5_DPOP_SMALL,E5_DPOP:N8:K2:clustered:cv0.65:p0.85:r4,1056274602,clustered,8,2,0.65,0.85,OPTIMAL,196.37233661334568,196.3723366133457,0.0,0.0024123000039253384,True,True,geo_qpg_d,True,196.37233661334568,8.296900021377951,296.0,10544.0,,,,,,N4_ATOMIC,0.0
SP1_N4_DISTRIBUTED_FAMILY_v2,E5_DPOP_SMALL,E5_DPOP:N8:K2:clustered:cv0.65:p0.85:r5,763411474,clustered,8,2,0.65,0.85,OPTIMAL,296.94288112902643,296.9428811290265,0.0,0.003979100001743063,True,True,dpop_exact_small,True,296.9428811290265,36.300199979450554,14.0,26288.0,7.0,7.0,3279.0,7.0,6561.0,EXACT_DISTRIBUTED,1.9142879817384354e-16
SP1_N4_DISTRIBUTED_FAMILY_v2,E5_DPOP_SMALL,E5_DPOP:N8:K2:clustered:cv0.65:p0.85:r5,763411474,clustered,8,2,0.65,0.85,OPTIMAL,296.94288112902643,296.9428811290265,0.0,0.003979100001743063,True,True,milp_highs,True,296.94288112902643,3.9791000017430633,,,,,,,,CENTRAL_ORACLE,0.0
SP1_N4_DISTRIBUTED_FAMILY_v2,E5_DPOP_SMALL,E5_DPOP:N8:K2:clustered:cv0.65:p0.85:r5,763411474,clustered,8,2,0.65,0.85,OPTIMAL,296.94288112902643,296.9428811290265,0.0,0.003979100001743063,True,True,geo_qpg_u,True,365.5861320553229,2.0243999897502363,81.0,2772.0,,,,,,N4_ATOMIC,0.23116651480346437
SP1_N4_DISTRIBUTED_FAMILY_v2,E5_DPOP_SMALL,E5_DPOP:N8:K2:clustered:cv0.65:p0.85:r5,763411474,clustered,8,2,0.65,0.85,OPTIMAL,296.94288112902643,296.9428811290265,0.0,0.003979100001743063,True,True,geo_qpg_p,True,344.69687426145776,9.83349999296479,225.0,8452.0,,,,,,N4_ATOMIC,0.16081878424181337
SP1_N4_DISTRIBUTED_FAMILY_v2,E5_DPOP_SMALL,E5_DPOP:N8:K2:clustered:cv0.65:p0.85:r5,763411474,clustered,8,2,0.65,0.85,OPTIMAL,296.94288112902643,296.9428811290265,0.0,0.003979100001743063,True,True,geo_qpg_c3,True,296.94288112902643,24.102000024868175,772.0,30336.0,,,,,,N4_ATOMIC,0.0
SP1_N4_DISTRIBUTED_FAMILY_v2,E5_DPOP_SMALL,E5_DPOP:N8:K2:clustered:cv0.65:p0.85:r5,763411474,clustered,8,2,0.65,0.85,OPTIMAL,296.94288112902643,296.9428811290265,0.0,0.003979100001743063,True,True,geo_qpg_d,True,315.1229203500599,11.161900009028614,353.0,12824.0,,,,,,N4_ATOMIC,0.06122402783966381
SP1_N4_DISTRIBUTED_FAMILY_v2,E5_DPOP_SMALL,E5_DPOP:N8:K2:clustered:cv0.65:p0.85:r6,3148126008,clustered,8,2,0.65,0.85,OPTIMAL,205.85041396949737,205.85041396949737,0.0,0.0023435000039171427,True,True,dpop_exact_small,True,205.85041396949737,36.75549998297356,14.0,26288.0,7.0,7.0,3279.0,7.0,6561.0,EXACT_DISTRIBUTED,0.0
SP1_N4_DISTRIBUTED_FAMILY_v2,E5_DPOP_SMALL,E5_DPOP:N8:K2:clustered:cv0.65:p0.85:r6,3148126008,clustered,8,2,0.65,0.85,OPTIMAL,205.85041396949737,205.85041396949737,0.0,0.0023435000039171427,True,True,milp_highs,True,205.85041396949737,2.3435000039171427,,,,,,,,CENTRAL_ORACLE,0.0
SP1_N4_DISTRIBUTED_FAMILY_v2,E5_DPOP_SMALL,E5_DPOP:N8:K2:clustered:cv0.65:p0.85:r6,3148126008,clustered,8,2,0.65,0.85,OPTIMAL,205.85041396949737,205.85041396949737,0.0,0.0023435000039171427,True,True,geo_qpg_u,True,443.01147832441086,2.4800999963190407,133.0,4772.0,,,,,,N4_ATOMIC,1.1521038980764726
SP1_N4_DISTRIBUTED_FAMILY_v2,E5_DPOP_SMALL,E5_DPOP:N8:K2:clustered:cv0.65:p0.85:r6,3148126008,clustered,8,2,0.65,0.85,OPTIMAL,205.85041396949737,205.85041396949737,0.0,0.0023435000039171427,True,True,geo_qpg_p,True,443.01147832441086,6.695100018987432,193.0,7172.0,,,,,,N4_ATOMIC,1.1521038980764726
SP1_N4_DISTRIBUTED_FAMILY_v2,E5_DPOP_SMALL,E5_DPOP:N8:K2:clustered:cv0.65:p0.85:r6,3148126008,clustered,8,2,0.65,0.85,OPTIMAL,205.85041396949737,205.85041396949737,0.0,0.0023435000039171427,True,True,geo_qpg_c3,True,205.85041396949737,18.946199998026714,705.0,28172.0,,,,,,N4_ATOMIC,0.0
SP1_N4_DISTRIBUTED_FAMILY_v2,E5_DPOP_SMALL,E5_DPOP:N8:K2:clustered:cv0.65:p0.85:r6,3148126008,clustered,8,2,0.65,0.85,OPTIMAL,205.85041396949737,205.85041396949737,0.0,0.0023435000039171427,True,True,geo_qpg_d,True,285.25154563267654,6.884100002935156,272.0,9472.0,,,,,,N4_ATOMIC,0.38572247746339106
SP1_N4_DISTRIBUTED_FAMILY_v2,E5_DPOP_SMALL,E5_DPOP:N8:K2:clustered:cv0.65:p0.85:r7,3823650291,clustered,8,2,0.65,0.85,OPTIMAL,210.5346974425321,210.5346974425321,0.0,0.00242100001196377,True,True,dpop_exact_small,True,210.53469744253212,39.583299978403375,14.0,26288.0,7.0,7.0,3279.0,7.0,6561.0,EXACT_DISTRIBUTED,1.3499774514916737e-16
SP1_N4_DISTRIBUTED_FAMILY_v2,E5_DPOP_SMALL,E5_DPOP:N8:K2:clustered:cv0.65:p0.85:r7,3823650291,clustered,8,2,0.65,0.85,OPTIMAL,210.5346974425321,210.5346974425321,0.0,0.00242100001196377,True,True,milp_highs,True,210.5346974425321,2.42100001196377,,,,,,,,CENTRAL_ORACLE,0.0
SP1_N4_DISTRIBUTED_FAMILY_v2,E5_DPOP_SMALL,E5_DPOP:N8:K2:clustered:cv0.65:p0.85:r7,3823650291,clustered,8,2,0.65,0.85,OPTIMAL,210.5346974425321,210.5346974425321,0.0,0.00242100001196377,True,True,geo_qpg_u,True,332.72586462575924,3.292600013082847,105.0,3676.0,,,,,,N4_ATOMIC,0.5803849373406996
SP1_N4_DISTRIBUTED_FAMILY_v2,E5_DPOP_SMALL,E5_DPOP:N8:K2:clustered:cv0.65:p0.85:r7,3823650291,clustered,8,2,0.65,0.85,OPTIMAL,210.5346974425321,210.5346974425321,0.0,0.00242100001196377,True,True,geo_qpg_p,True,332.72586462575924,6.433300004573539,173.0,6396.0,,,,,,N4_ATOMIC,0.5803849373406996
SP1_N4_DISTRIBUTED_FAMILY_v2,E5_DPOP_SMALL,E5_DPOP:N8:K2:clustered:cv0.65:p0.85:r7,3823650291,clustered,8,2,0.65,0.85,OPTIMAL,210.5346974425321,210.5346974425321,0.0,0.00242100001196377,True,True,geo_qpg_c3,True,210.53469744253212,20.603999990271404,707.0,27964.0,,,,,,N4_ATOMIC,1.3499774514916737e-16
SP1_N4_DISTRIBUTED_FAMILY_v2,E5_DPOP_SMALL,E5_DPOP:N8:K2:clustered:cv0.65:p0.85:r7,3823650291,clustered,8,2,0.65,0.85,OPTIMAL,210.5346974425321,210.5346974425321,0.0,0.00242100001196377,True,True,geo_qpg_d,True,210.53469744253212,7.177599996794015,265.0,9420.0,,,,,,N4_ATOMIC,1.3499774514916737e-16
SP1_N4_DISTRIBUTED_FAMILY_v2,E5_DPOP_SMALL,E5_DPOP:N8:K2:clustered:cv0.65:p0.85:r8,3875827505,clustered,8,2,0.65,0.85,OPTIMAL,316.90142931201365,316.90142931201365,0.0,0.004928100010147318,True,True,dpop_exact_small,True,316.90142931201325,35.95809999387711,14.0,26288.0,7.0,7.0,3279.0,7.0,6561.0,EXACT_DISTRIBUTED,-1.2556078806255218e-15
SP1_N4_DISTRIBUTED_FAMILY_v2,E5_DPOP_SMALL,E5_DPOP:N8:K2:clustered:cv0.65:p0.85:r8,3875827505,clustered,8,2,0.65,0.85,OPTIMAL,316.90142931201365,316.90142931201365,0.0,0.004928100010147318,True,True,milp_highs,True,316.90142931201365,4.928100010147318,,,,,,,,CENTRAL_ORACLE,0.0
SP1_N4_DISTRIBUTED_FAMILY_v2,E5_DPOP_SMALL,E5_DPOP:N8:K2:clustered:cv0.65:p0.85:r8,3875827505,clustered,8,2,0.65,0.85,OPTIMAL,316.90142931201365,316.90142931201365,0.0,0.004928100010147318,True,True,geo_qpg_u,True,450.71913166015497,1.775300013832748,77.0,2604.0,,,,,,N4_ATOMIC,0.4222691662787913
SP1_N4_DISTRIBUTED_FAMILY_v2,E5_DPOP_SMALL,E5_DPOP:N8:K2:clustered:cv0.65:p0.85:r8,3875827505,clustered,8,2,0.65,0.85,OPTIMAL,316.90142931201365,316.90142931201365,0.0,0.004928100010147318,True,True,geo_qpg_p,True,393.33817311966504,8.309400000143796,206.0,7692.0,,,,,,N4_ATOMIC,0.2412003756928265
SP1_N4_DISTRIBUTED_FAMILY_v2,E5_DPOP_SMALL,E5_DPOP:N8:K2:clustered:cv0.65:p0.85:r8,3875827505,clustered,8,2,0.65,0.85,OPTIMAL,316.90142931201365,316.90142931201365,0.0,0.004928100010147318,True,True,geo_qpg_c3,True,323.16711586022114,22.867200023029,698.0,27292.0,,,,,,N4_ATOMIC,0.019771720695012866
SP1_N4_DISTRIBUTED_FAMILY_v2,E5_DPOP_SMALL,E5_DPOP:N8:K2:clustered:cv0.65:p0.85:r8,3875827505,clustered,8,2,0.65,0.85,OPTIMAL,316.90142931201365,316.90142931201365,0.0,0.004928100010147318,True,True,geo_qpg_d,True,316.9014293120132,9.889600012684241,440.0,15584.0,,,,,,N4_ATOMIC,-1.4349804350005964e-15
SP1_N4_DISTRIBUTED_FAMILY_v2,E5_DPOP_SMALL,E5_DPOP:N8:K2:clustered:cv0.65:p0.85:r9,3234784799,clustered,8,2,0.65,0.85,OPTIMAL,216.5532418263279,216.5532418263279,0.0,0.001684800023213029,True,True,dpop_exact_small,True,216.5532418263279,37.60509999119677,14.0,26288.0,7.0,7.0,3279.0,7.0,6561.0,EXACT_DISTRIBUTED,0.0
SP1_N4_DISTRIBUTED_FAMILY_v2,E5_DPOP_SMALL,E5_DPOP:N8:K2:clustered:cv0.65:p0.85:r9,3234784799,clustered,8,2,0.65,0.85,OPTIMAL,216.5532418263279,216.5532418263279,0.0,0.001684800023213029,True,True,milp_highs,True,216.5532418263279,1.684800023213029,,,,,,,,CENTRAL_ORACLE,0.0
SP1_N4_DISTRIBUTED_FAMILY_v2,E5_DPOP_SMALL,E5_DPOP:N8:K2:clustered:cv0.65:p0.85:r9,3234784799,clustered,8,2,0.65,0.85,OPTIMAL,216.5532418263279,216.5532418263279,0.0,0.001684800023213029,True,True,geo_qpg_u,True,290.9941549106994,2.3536999942734838,128.0,4572.0,,,,,,N4_ATOMIC,0.34375339965620044
SP1_N4_DISTRIBUTED_FAMILY_v2,E5_DPOP_SMALL,E5_DPOP:N8:K2:clustered:cv0.65:p0.85:r9,3234784799,clustered,8,2,0.65,0.85,OPTIMAL,216.5532418263279,216.5532418263279,0.0,0.001684800023213029,True,True,geo_qpg_p,True,290.9941549106994,6.857699976535514,192.0,7132.0,,,,,,N4_ATOMIC,0.34375339965620044
SP1_N4_DISTRIBUTED_FAMILY_v2,E5_DPOP_SMALL,E5_DPOP:N8:K2:clustered:cv0.65:p0.85:r9,3234784799,clustered,8,2,0.65,0.85,OPTIMAL,216.5532418263279,216.5532418263279,0.0,0.001684800023213029,True,True,geo_qpg_c3,True,216.5532418263279,18.012499989708886,590.0,23084.0,,,,,,N4_ATOMIC,0.0
SP1_N4_DISTRIBUTED_FAMILY_v2,E5_DPOP_SMALL,E5_DPOP:N8:K2:clustered:cv0.65:p0.85:r9,3234784799,clustered,8,2,0.65,0.85,OPTIMAL,216.5532418263279,216.5532418263279,0.0,0.001684800023213029,True,True,geo_qpg_d,True,216.5532418263279,10.510100022656843,549.0,19796.0,,,,,,N4_ATOMIC,0.0
SP1_N4_DISTRIBUTED_FAMILY_v2,E5_DPOP_SMALL,E5_DPOP:N8:K2:separated:cv0.35:p0.7:r0,3108504124,separated,8,2,0.35,0.7,OPTIMAL,468.9298375688788,468.9298375688788,0.0,0.0028735999949276447,True,True,dpop_exact_small,True,468.9298375688788,37.32049997779541,14.0,26288.0,7.0,7.0,3279.0,7.0,6561.0,EXACT_DISTRIBUTED,0.0
SP1_N4_DISTRIBUTED_FAMILY_v2,E5_DPOP_SMALL,E5_DPOP:N8:K2:separated:cv0.35:p0.7:r0,3108504124,separated,8,2,0.35,0.7,OPTIMAL,468.9298375688788,468.9298375688788,0.0,0.0028735999949276447,True,True,milp_highs,True,468.9298375688788,2.8735999949276447,,,,,,,,CENTRAL_ORACLE,0.0
SP1_N4_DISTRIBUTED_FAMILY_v2,E5_DPOP_SMALL,E5_DPOP:N8:K2:separated:cv0.35:p0.7:r0,3108504124,separated,8,2,0.35,0.7,OPTIMAL,468.9298375688788,468.9298375688788,0.0,0.0028735999949276447,True,True,geo_qpg_u,True,521.0971527613136,1.9676000229083002,74.0,2548.0,,,,,,N4_ATOMIC,0.11124759188472891
SP1_N4_DISTRIBUTED_FAMILY_v2,E5_DPOP_SMALL,E5_DPOP:N8:K2:separated:cv0.35:p0.7:r0,3108504124,separated,8,2,0.35,0.7,OPTIMAL,468.9298375688788,468.9298375688788,0.0,0.0028735999949276447,True,True,geo_qpg_p,True,484.68255160895103,10.576500004390255,301.0,11276.0,,,,,,N4_ATOMIC,0.0335929019184206
SP1_N4_DISTRIBUTED_FAMILY_v2,E5_DPOP_SMALL,E5_DPOP:N8:K2:separated:cv0.35:p0.7:r0,3108504124,separated,8,2,0.35,0.7,OPTIMAL,468.9298375688788,468.9298375688788,0.0,0.0028735999949276447,True,True,geo_qpg_c3,True,468.9298375688788,31.083400011993945,1070.0,42064.0,,,,,,N4_ATOMIC,0.0
SP1_N4_DISTRIBUTED_FAMILY_v2,E5_DPOP_SMALL,E5_DPOP:N8:K2:separated:cv0.35:p0.7:r0,3108504124,separated,8,2,0.35,0.7,OPTIMAL,468.9298375688788,468.9298375688788,0.0,0.0028735999949276447,True,True,geo_qpg_d,True,468.9298375688788,20.09330000146292,700.0,26600.0,,,,,,N4_ATOMIC,0.0
SP1_N4_DISTRIBUTED_FAMILY_v2,E5_DPOP_SMALL,E5_DPOP:N8:K2:separated:cv0.35:p0.7:r1,620058343,separated,8,2,0.35,0.7,OPTIMAL,368.345491459199,368.345491459199,0.0,0.003177800012053922,True,True,dpop_exact_small,True,368.3454914591991,34.5730000117328,14.0,26288.0,7.0,7.0,3279.0,7.0,6561.0,EXACT_DISTRIBUTED,1.543209301561506e-16
SP1_N4_DISTRIBUTED_FAMILY_v2,E5_DPOP_SMALL,E5_DPOP:N8:K2:separated:cv0.35:p0.7:r1,620058343,separated,8,2,0.35,0.7,OPTIMAL,368.345491459199,368.345491459199,0.0,0.003177800012053922,True,True,milp_highs,True,368.345491459199,3.177800012053922,,,,,,,,CENTRAL_ORACLE,0.0
SP1_N4_DISTRIBUTED_FAMILY_v2,E5_DPOP_SMALL,E5_DPOP:N8:K2:separated:cv0.35:p0.7:r1,620058343,separated,8,2,0.35,0.7,OPTIMAL,368.345491459199,368.345491459199,0.0,0.003177800012053922,True,True,geo_qpg_u,True,446.50808182650565,2.1892999939154834,88.0,2996.0,,,,,,N4_ATOMIC,0.21219912332214483
SP1_N4_DISTRIBUTED_FAMILY_v2,E5_DPOP_SMALL,E5_DPOP:N8:K2:separated:cv0.35:p0.7:r1,620058343,separated,8,2,0.35,0.7,OPTIMAL,368.345491459199,368.345491459199,0.0,0.003177800012053922,True,True,geo_qpg_p,True,438.536869511877,11.803000001236796,246.0,9136.0,,,,,,N4_ATOMIC,0.19055853724343183
SP1_N4_DISTRIBUTED_FAMILY_v2,E5_DPOP_SMALL,E5_DPOP:N8:K2:separated:cv0.35:p0.7:r1,620058343,separated,8,2,0.35,0.7,OPTIMAL,368.345491459199,368.345491459199,0.0,0.003177800012053922,True,True,geo_qpg_c3,True,368.345491459199,27.744099992560223,808.0,31684.0,,,,,,N4_ATOMIC,0.0
SP1_N4_DISTRIBUTED_FAMILY_v2,E5_DPOP_SMALL,E5_DPOP:N8:K2:separated:cv0.35:p0.7:r1,620058343,separated,8,2,0.35,0.7,OPTIMAL,368.345491459199,368.345491459199,0.0,0.003177800012053922,True,True,geo_qpg_d,True,386.29162723935855,10.085099987918511,375.0,13572.0,,,,,,N4_ATOMIC,0.04872093237537939
SP1_N4_DISTRIBUTED_FAMILY_v2,E5_DPOP_SMALL,E5_DPOP:N8:K2:separated:cv0.35:p0.7:r2,1723909394,separated,8,2,0.35,0.7,OPTIMAL,334.2377119367625,334.2377119367625,0.0,0.0024338999937754124,True,True,dpop_exact_small,True,334.2377119367625,38.559700013138354,14.0,26288.0,7.0,7.0,3279.0,7.0,6561.0,EXACT_DISTRIBUTED,0.0
SP1_N4_DISTRIBUTED_FAMILY_v2,E5_DPOP_SMALL,E5_DPOP:N8:K2:separated:cv0.35:p0.7:r2,1723909394,separated,8,2,0.35,0.7,OPTIMAL,334.2377119367625,334.2377119367625,0.0,0.0024338999937754124,True,True,milp_highs,True,334.2377119367625,2.4338999937754124,,,,,,,,CENTRAL_ORACLE,0.0
SP1_N4_DISTRIBUTED_FAMILY_v2,E5_DPOP_SMALL,E5_DPOP:N8:K2:separated:cv0.35:p0.7:r2,1723909394,separated,8,2,0.35,0.7,OPTIMAL,334.2377119367625,334.2377119367625,0.0,0.0024338999937754124,True,True,geo_qpg_u,True,466.99646949830185,1.8339999951422215,78.0,2716.0,,,,,,N4_ATOMIC,0.3971986188879166
SP1_N4_DISTRIBUTED_FAMILY_v2,E5_DPOP_SMALL,E5_DPOP:N8:K2:separated:cv0.35:p0.7:r2,1723909394,separated,8,2,0.35,0.7,OPTIMAL,334.2377119367625,334.2377119367625,0.0,0.0024338999937754124,True,True,geo_qpg_p,True,334.2377119367625,8.128800021950155,225.0,8564.0,,,,,,N4_ATOMIC,0.0
SP1_N4_DISTRIBUTED_FAMILY_v2,E5_DPOP_SMALL,E5_DPOP:N8:K2:separated:cv0.35:p0.7:r2,1723909394,separated,8,2,0.35,0.7,OPTIMAL,334.2377119367625,334.2377119367625,0.0,0.0024338999937754124,True,True,geo_qpg_c3,True,334.2377119367625,16.24739999533631,473.0,18484.0,,,,,,N4_ATOMIC,0.0
SP1_N4_DISTRIBUTED_FAMILY_v2,E5_DPOP_SMALL,E5_DPOP:N8:K2:separated:cv0.35:p0.7:r2,1723909394,separated,8,2,0.35,0.7,OPTIMAL,334.2377119367625,334.2377119367625,0.0,0.0024338999937754124,True,True,geo_qpg_d,True,379.6259408989873,14.616400003433228,579.0,21140.0,,,,,,N4_ATOMIC,0.1357962532091898
SP1_N4_DISTRIBUTED_FAMILY_v2,E5_DPOP_SMALL,E5_DPOP:N8:K2:separated:cv0.35:p0.7:r3,2044050818,separated,8,2,0.35,0.7,OPTIMAL,295.80768413500687,295.80768413500687,0.0,0.0020348999823909253,True,True,dpop_exact_small,True,295.80768413500687,37.58430000743829,14.0,26288.0,7.0,7.0,3279.0,7.0,6561.0,EXACT_DISTRIBUTED,0.0
SP1_N4_DISTRIBUTED_FAMILY_v2,E5_DPOP_SMALL,E5_DPOP:N8:K2:separated:cv0.35:p0.7:r3,2044050818,separated,8,2,0.35,0.7,OPTIMAL,295.80768413500687,295.80768413500687,0.0,0.0020348999823909253,True,True,milp_highs,True,295.80768413500687,2.0348999823909253,,,,,,,,CENTRAL_ORACLE,0.0
SP1_N4_DISTRIBUTED_FAMILY_v2,E5_DPOP_SMALL,E5_DPOP:N8:K2:separated:cv0.35:p0.7:r3,2044050818,separated,8,2,0.35,0.7,OPTIMAL,295.80768413500687,295.80768413500687,0.0,0.0020348999823909253,True,True,geo_qpg_u,True,412.6454342852355,1.8972000107169151,74.0,2548.0,,,,,,N4_ATOMIC,0.3949787528065154
SP1_N4_DISTRIBUTED_FAMILY_v2,E5_DPOP_SMALL,E5_DPOP:N8:K2:separated:cv0.35:p0.7:r3,2044050818,separated,8,2,0.35,0.7,OPTIMAL,295.80768413500687,295.80768413500687,0.0,0.0020348999823909253,True,True,geo_qpg_p,True,327.8073506624116,7.741999987047166,195.0,7380.0,,,,,,N4_ATOMIC,0.1081772659860994
SP1_N4_DISTRIBUTED_FAMILY_v2,E5_DPOP_SMALL,E5_DPOP:N8:K2:separated:cv0.35:p0.7:r3,2044050818,separated,8,2,0.35,0.7,OPTIMAL,295.80768413500687,295.80768413500687,0.0,0.0020348999823909253,True,True,geo_qpg_c3,True,295.80768413500687,21.491799998329952,634.0,24884.0,,,,,,N4_ATOMIC,0.0
SP1_N4_DISTRIBUTED_FAMILY_v2,E5_DPOP_SMALL,E5_DPOP:N8:K2:separated:cv0.35:p0.7:r3,2044050818,separated,8,2,0.35,0.7,OPTIMAL,295.80768413500687,295.80768413500687,0.0,0.0020348999823909253,True,True,geo_qpg_d,True,331.67215363993614,7.446699979482219,352.0,12324.0,,,,,,N4_ATOMIC,0.12124252150448094
SP1_N4_DISTRIBUTED_FAMILY_v2,E5_DPOP_SMALL,E5_DPOP:N8:K2:separated:cv0.35:p0.7:r4,3002107845,separated,8,2,0.35,0.7,OPTIMAL,274.55644555801564,274.55644555801564,0.0,0.0024529000220354646,True,True,dpop_exact_small,True,274.55644555801564,38.08300002128817,14.0,26288.0,7.0,7.0,3279.0,7.0,6561.0,EXACT_DISTRIBUTED,0.0
SP1_N4_DISTRIBUTED_FAMILY_v2,E5_DPOP_SMALL,E5_DPOP:N8:K2:separated:cv0.35:p0.7:r4,3002107845,separated,8,2,0.35,0.7,OPTIMAL,274.55644555801564,274.55644555801564,0.0,0.0024529000220354646,True,True,milp_highs,True,274.55644555801564,2.4529000220354646,,,,,,,,CENTRAL_ORACLE,0.0
SP1_N4_DISTRIBUTED_FAMILY_v2,E5_DPOP_SMALL,E5_DPOP:N8:K2:separated:cv0.35:p0.7:r4,3002107845,separated,8,2,0.35,0.7,OPTIMAL,274.55644555801564,274.55644555801564,0.0,0.0024529000220354646,True,True,geo_qpg_u,True,479.5952173601337,1.6448000096715987,71.0,2492.0,,,,,,N4_ATOMIC,0.7468000665050567
SP1_N4_DISTRIBUTED_FAMILY_v2,E5_DPOP_SMALL,E5_DPOP:N8:K2:separated:cv0.35:p0.7:r4,3002107845,separated,8,2,0.35,0.7,OPTIMAL,274.55644555801564,274.55644555801564,0.0,0.0024529000220354646,True,True,geo_qpg_p,True,274.5564455580157,9.831400006078184,305.0,11856.0,,,,,,N4_ATOMIC,2.0703727696240377e-16
SP1_N4_DISTRIBUTED_FAMILY_v2,E5_DPOP_SMALL,E5_DPOP:N8:K2:separated:cv0.35:p0.7:r4,3002107845,separated,8,2,0.35,0.7,OPTIMAL,274.55644555801564,274.55644555801564,0.0,0.0024529000220354646,True,True,geo_qpg_c3,True,274.5564455580157,18.363700015470386,561.0,22096.0,,,,,,N4_ATOMIC,2.0703727696240377e-16
SP1_N4_DISTRIBUTED_FAMILY_v2,E5_DPOP_SMALL,E5_DPOP:N8:K2:separated:cv0.35:p0.7:r4,3002107845,separated,8,2,0.35,0.7,OPTIMAL,274.55644555801564,274.55644555801564,0.0,0.0024529000220354646,True,True,geo_qpg_d,True,285.71146514496763,8.13560001552105,277.0,9816.0,,,,,,N4_ATOMIC,0.040629239514957456
SP1_N4_DISTRIBUTED_FAMILY_v2,E5_DPOP_SMALL,E5_DPOP:N8:K2:separated:cv0.35:p0.7:r5,639305818,separated,8,2,0.35,0.7,OPTIMAL,363.75220818957416,363.75220818957416,0.0,0.0032219999993685633,True,True,dpop_exact_small,True,363.75220818957416,40.25829999591224,14.0,26288.0,7.0,7.0,3279.0,7.0,6561.0,EXACT_DISTRIBUTED,0.0
SP1_N4_DISTRIBUTED_FAMILY_v2,E5_DPOP_SMALL,E5_DPOP:N8:K2:separated:cv0.35:p0.7:r5,639305818,separated,8,2,0.35,0.7,OPTIMAL,363.75220818957416,363.75220818957416,0.0,0.0032219999993685633,True,True,milp_highs,True,363.75220818957416,3.2219999993685633,,,,,,,,CENTRAL_ORACLE,0.0
SP1_N4_DISTRIBUTED_FAMILY_v2,E5_DPOP_SMALL,E5_DPOP:N8:K2:separated:cv0.35:p0.7:r5,639305818,separated,8,2,0.35,0.7,OPTIMAL,363.75220818957416,363.75220818957416,0.0,0.0032219999993685633,True,True,geo_qpg_u,True,448.67172273689346,1.8610999977681786,74.0,2548.0,,,,,,N4_ATOMIC,0.23345429288242944
SP1_N4_DISTRIBUTED_FAMILY_v2,E5_DPOP_SMALL,E5_DPOP:N8:K2:separated:cv0.35:p0.7:r5,639305818,separated,8,2,0.35,0.7,OPTIMAL,363.75220818957416,363.75220818957416,0.0,0.0032219999993685633,True,True,geo_qpg_p,True,447.3586508704283,6.532200000947341,151.0,5572.0,,,,,,N4_ATOMIC,0.2298444952319892
SP1_N4_DISTRIBUTED_FAMILY_v2,E5_DPOP_SMALL,E5_DPOP:N8:K2:separated:cv0.35:p0.7:r5,639305818,separated,8,2,0.35,0.7,OPTIMAL,363.75220818957416,363.75220818957416,0.0,0.0032219999993685633,True,True,geo_qpg_c3,True,363.75220818957416,19.786199991358444,661.0,25860.0,,,,,,N4_ATOMIC,0.0
SP1_N4_DISTRIBUTED_FAMILY_v2,E5_DPOP_SMALL,E5_DPOP:N8:K2:separated:cv0.35:p0.7:r5,639305818,separated,8,2,0.35,0.7,OPTIMAL,363.75220818957416,363.75220818957416,0.0,0.0032219999993685633,True,True,geo_qpg_d,True,363.75220818957416,10.556599998380989,353.0,12776.0,,,,,,N4_ATOMIC,0.0
SP1_N4_DISTRIBUTED_FAMILY_v2,E5_DPOP_SMALL,E5_DPOP:N8:K2:separated:cv0.35:p0.7:r6,350585431,separated,8,2,0.35,0.7,OPTIMAL,359.5930957305356,359.5930957305356,0.0,0.002805900003295392,True,True,dpop_exact_small,True,359.59309573053565,38.320899999234825,14.0,26288.0,7.0,7.0,3279.0,7.0,6561.0,EXACT_DISTRIBUTED,1.5807705858569697e-16
SP1_N4_DISTRIBUTED_FAMILY_v2,E5_DPOP_SMALL,E5_DPOP:N8:K2:separated:cv0.35:p0.7:r6,350585431,separated,8,2,0.35,0.7,OPTIMAL,359.5930957305356,359.5930957305356,0.0,0.002805900003295392,True,True,milp_highs,True,359.5930957305356,2.805900003295392,,,,,,,,CENTRAL_ORACLE,0.0
SP1_N4_DISTRIBUTED_FAMILY_v2,E5_DPOP_SMALL,E5_DPOP:N8:K2:separated:cv0.35:p0.7:r6,350585431,separated,8,2,0.35,0.7,OPTIMAL,359.5930957305356,359.5930957305356,0.0,0.002805900003295392,True,True,geo_qpg_u,True,384.39662161591696,1.7069999885279685,54.0,1848.0,,,,,,N4_ATOMIC,0.06897664660382721
SP1_N4_DISTRIBUTED_FAMILY_v2,E5_DPOP_SMALL,E5_DPOP:N8:K2:separated:cv0.35:p0.7:r6,350585431,separated,8,2,0.35,0.7,OPTIMAL,359.5930957305356,359.5930957305356,0.0,0.002805900003295392,True,True,geo_qpg_p,True,370.4662869625207,9.410200000274926,204.0,7768.0,,,,,,N4_ATOMIC,0.0302374860949306
SP1_N4_DISTRIBUTED_FAMILY_v2,E5_DPOP_SMALL,E5_DPOP:N8:K2:separated:cv0.35:p0.7:r6,350585431,separated,8,2,0.35,0.7,OPTIMAL,359.5930957305356,359.5930957305356,0.0,0.002805900003295392,True,True,geo_qpg_c3,True,370.4662869625207,27.198800002224743,676.0,26648.0,,,,,,N4_ATOMIC,0.0302374860949306
SP1_N4_DISTRIBUTED_FAMILY_v2,E5_DPOP_SMALL,E5_DPOP:N8:K2:separated:cv0.35:p0.7:r6,350585431,separated,8,2,0.35,0.7,OPTIMAL,359.5930957305356,359.5930957305356,0.0,0.002805900003295392,True,True,geo_qpg_d,True,359.59309573053565,12.67359999474138,355.0,12992.0,,,,,,N4_ATOMIC,1.5807705858569697e-16
SP1_N4_DISTRIBUTED_FAMILY_v2,E5_DPOP_SMALL,E5_DPOP:N8:K2:separated:cv0.35:p0.7:r7,1102679759,separated,8,2,0.35,0.7,OPTIMAL,408.07201651485315,408.07201651485315,0.0,0.0034106000093743205,True,True,dpop_exact_small,True,408.0720165148532,38.68780002812855,14.0,26288.0,7.0,7.0,3279.0,7.0,6561.0,EXACT_DISTRIBUTED,1.3929751749772093e-16
SP1_N4_DISTRIBUTED_FAMILY_v2,E5_DPOP_SMALL,E5_DPOP:N8:K2:separated:cv0.35:p0.7:r7,1102679759,separated,8,2,0.35,0.7,OPTIMAL,408.07201651485315,408.07201651485315,0.0,0.0034106000093743205,True,True,milp_highs,True,408.07201651485315,3.4106000093743205,,,,,,,,CENTRAL_ORACLE,0.0
SP1_N4_DISTRIBUTED_FAMILY_v2,E5_DPOP_SMALL,E5_DPOP:N8:K2:separated:cv0.35:p0.7:r7,1102679759,separated,8,2,0.35,0.7,OPTIMAL,408.07201651485315,408.07201651485315,0.0,0.0034106000093743205,True,True,geo_qpg_u,True,443.5942487063244,2.1214000007603317,70.0,2380.0,,,,,,N4_ATOMIC,0.08704892948761725
SP1_N4_DISTRIBUTED_FAMILY_v2,E5_DPOP_SMALL,E5_DPOP:N8:K2:separated:cv0.35:p0.7:r7,1102679759,separated,8,2,0.35,0.7,OPTIMAL,408.07201651485315,408.07201651485315,0.0,0.0034106000093743205,True,True,geo_qpg_p,True,408.07201651485315,11.936199996853247,230.0,8620.0,,,,,,N4_ATOMIC,0.0
SP1_N4_DISTRIBUTED_FAMILY_v2,E5_DPOP_SMALL,E5_DPOP:N8:K2:separated:cv0.35:p0.7:r7,1102679759,separated,8,2,0.35,0.7,OPTIMAL,408.07201651485315,408.07201651485315,0.0,0.0034106000093743205,True,True,geo_qpg_c3,True,408.07201651485315,25.076599995372817,666.0,26060.0,,,,,,N4_ATOMIC,0.0
SP1_N4_DISTRIBUTED_FAMILY_v2,E5_DPOP_SMALL,E5_DPOP:N8:K2:separated:cv0.35:p0.7:r7,1102679759,separated,8,2,0.35,0.7,OPTIMAL,408.07201651485315,408.07201651485315,0.0,0.0034106000093743205,True,True,geo_qpg_d,True,408.07201651485315,15.350200003013015,430.0,15936.0,,,,,,N4_ATOMIC,0.0
SP1_N4_DISTRIBUTED_FAMILY_v2,E5_DPOP_SMALL,E5_DPOP:N8:K2:separated:cv0.35:p0.7:r8,4174403112,separated,8,2,0.35,0.7,OPTIMAL,374.0108595051631,374.0108595051631,0.0,0.006646300025749952,True,True,dpop_exact_small,True,374.0108595051631,36.37980000348762,14.0,26288.0,7.0,7.0,3279.0,7.0,6561.0,EXACT_DISTRIBUTED,0.0
SP1_N4_DISTRIBUTED_FAMILY_v2,E5_DPOP_SMALL,E5_DPOP:N8:K2:separated:cv0.35:p0.7:r8,4174403112,separated,8,2,0.35,0.7,OPTIMAL,374.0108595051631,374.0108595051631,0.0,0.006646300025749952,True,True,milp_highs,True,374.0108595051631,6.646300025749952,,,,,,,,CENTRAL_ORACLE,0.0
SP1_N4_DISTRIBUTED_FAMILY_v2,E5_DPOP_SMALL,E5_DPOP:N8:K2:separated:cv0.35:p0.7:r8,4174403112,separated,8,2,0.35,0.7,OPTIMAL,374.0108595051631,374.0108595051631,0.0,0.006646300025749952,True,True,geo_qpg_u,True,402.2406787566953,2.410000015515834,88.0,2996.0,,,,,,N4_ATOMIC,0.07547860853260183
SP1_N4_DISTRIBUTED_FAMILY_v2,E5_DPOP_SMALL,E5_DPOP:N8:K2:separated:cv0.35:p0.7:r8,4174403112,separated,8,2,0.35,0.7,OPTIMAL,374.0108595051631,374.0108595051631,0.0,0.006646300025749952,True,True,geo_qpg_p,True,386.41917649434146,9.824200009461492,242.0,9064.0,,,,,,N4_ATOMIC,0.033176354840592635
SP1_N4_DISTRIBUTED_FAMILY_v2,E5_DPOP_SMALL,E5_DPOP:N8:K2:separated:cv0.35:p0.7:r8,4174403112,separated,8,2,0.35,0.7,OPTIMAL,374.0108595051631,374.0108595051631,0.0,0.006646300025749952,True,True,geo_qpg_c3,True,386.41917649434146,27.323299989802763,686.0,26824.0,,,,,,N4_ATOMIC,0.033176354840592635
SP1_N4_DISTRIBUTED_FAMILY_v2,E5_DPOP_SMALL,E5_DPOP:N8:K2:separated:cv0.35:p0.7:r8,4174403112,separated,8,2,0.35,0.7,OPTIMAL,374.0108595051631,374.0108595051631,0.0,0.006646300025749952,True,True,geo_qpg_d,True,374.0108595051631,10.34169999184087,400.0,14420.0,,,,,,N4_ATOMIC,0.0
SP1_N4_DISTRIBUTED_FAMILY_v2,E5_DPOP_SMALL,E5_DPOP:N8:K2:separated:cv0.35:p0.7:r9,3829141638,separated,8,2,0.35,0.7,OPTIMAL,444.73530979820106,444.73530979820106,0.0,0.0033285999961663038,True,True,dpop_exact_small,True,444.7353097982011,35.55509998113848,14.0,26288.0,7.0,7.0,3279.0,7.0,6561.0,EXACT_DISTRIBUTED,1.278140449126937e-16
SP1_N4_DISTRIBUTED_FAMILY_v2,E5_DPOP_SMALL,E5_DPOP:N8:K2:separated:cv0.35:p0.7:r9,3829141638,separated,8,2,0.35,0.7,OPTIMAL,444.73530979820106,444.73530979820106,0.0,0.0033285999961663038,True,True,milp_highs,True,444.73530979820106,3.3285999961663038,,,,,,,,CENTRAL_ORACLE,0.0
SP1_N4_DISTRIBUTED_FAMILY_v2,E5_DPOP_SMALL,E5_DPOP:N8:K2:separated:cv0.35:p0.7:r9,3829141638,separated,8,2,0.35,0.7,OPTIMAL,444.73530979820106,444.73530979820106,0.0,0.0033285999961663038,True,True,geo_qpg_u,True,488.78911657210955,2.00159999076277,92.0,3164.0,,,,,,N4_ATOMIC,0.09905623817883481
SP1_N4_DISTRIBUTED_FAMILY_v2,E5_DPOP_SMALL,E5_DPOP:N8:K2:separated:cv0.35:p0.7:r9,3829141638,separated,8,2,0.35,0.7,OPTIMAL,444.73530979820106,444.73530979820106,0.0,0.0033285999961663038,True,True,geo_qpg_p,True,469.9554637723905,7.7086999954190105,173.0,6348.0,,,,,,N4_ATOMIC,0.05670823390576541
SP1_N4_DISTRIBUTED_FAMILY_v2,E5_DPOP_SMALL,E5_DPOP:N8:K2:separated:cv0.35:p0.7:r9,3829141638,separated,8,2,0.35,0.7,OPTIMAL,444.73530979820106,444.73530979820106,0.0,0.0033285999961663038,True,True,geo_qpg_c3,True,444.7353097982011,20.276099996408448,605.0,23724.0,,,,,,N4_ATOMIC,1.278140449126937e-16
SP1_N4_DISTRIBUTED_FAMILY_v2,E5_DPOP_SMALL,E5_DPOP:N8:K2:separated:cv0.35:p0.7:r9,3829141638,separated,8,2,0.35,0.7,OPTIMAL,444.73530979820106,444.73530979820106,0.0,0.0033285999961663038,True,True,geo_qpg_d,True,444.7353097982011,12.21300000906922,431.0,15644.0,,,,,,N4_ATOMIC,1.278140449126937e-16
SP1_N4_DISTRIBUTED_FAMILY_v2,E5_DPOP_SMALL,E5_DPOP:N8:K2:separated:cv0.35:p0.85:r0,1907873390,separated,8,2,0.35,0.85,OPTIMAL,636.4852108976895,636.4852108976895,0.0,0.008165899984305725,True,True,dpop_exact_small,True,636.4852108976896,35.248000000137836,14.0,26288.0,7.0,7.0,3279.0,7.0,6561.0,EXACT_DISTRIBUTED,1.7861662105435845e-16
SP1_N4_DISTRIBUTED_FAMILY_v2,E5_DPOP_SMALL,E5_DPOP:N8:K2:separated:cv0.35:p0.85:r0,1907873390,separated,8,2,0.35,0.85,OPTIMAL,636.4852108976895,636.4852108976895,0.0,0.008165899984305725,True,True,milp_highs,True,636.4852108976895,8.165899984305725,,,,,,,,CENTRAL_ORACLE,0.0
SP1_N4_DISTRIBUTED_FAMILY_v2,E5_DPOP_SMALL,E5_DPOP:N8:K2:separated:cv0.35:p0.85:r0,1907873390,separated,8,2,0.35,0.85,OPTIMAL,636.4852108976895,636.4852108976895,0.0,0.008165899984305725,True,True,geo_qpg_u,True,665.7951927192082,2.460299991071224,101.0,3496.0,,,,,,N4_ATOMIC,0.04604974525673634
SP1_N4_DISTRIBUTED_FAMILY_v2,E5_DPOP_SMALL,E5_DPOP:N8:K2:separated:cv0.35:p0.85:r0,1907873390,separated,8,2,0.35,0.85,OPTIMAL,636.4852108976895,636.4852108976895,0.0,0.008165899984305725,True,True,geo_qpg_p,True,649.6682100584715,10.915099992416799,266.0,10048.0,,,,,,N4_ATOMIC,0.02071218456464815
SP1_N4_DISTRIBUTED_FAMILY_v2,E5_DPOP_SMALL,E5_DPOP:N8:K2:separated:cv0.35:p0.85:r0,1907873390,separated,8,2,0.35,0.85,OPTIMAL,636.4852108976895,636.4852108976895,0.0,0.008165899984305725,True,True,geo_qpg_c3,True,636.4852108976897,28.40690000448376,830.0,32568.0,,,,,,N4_ATOMIC,3.572332421087169e-16
SP1_N4_DISTRIBUTED_FAMILY_v2,E5_DPOP_SMALL,E5_DPOP:N8:K2:separated:cv0.35:p0.85:r0,1907873390,separated,8,2,0.35,0.85,OPTIMAL,636.4852108976895,636.4852108976895,0.0,0.008165899984305725,True,True,geo_qpg_d,True,636.4852108976897,12.25440000416711,390.0,14264.0,,,,,,N4_ATOMIC,3.572332421087169e-16
SP1_N4_DISTRIBUTED_FAMILY_v2,E5_DPOP_SMALL,E5_DPOP:N8:K2:separated:cv0.35:p0.85:r1,1677870561,separated,8,2,0.35,0.85,OPTIMAL,376.66043831819076,376.66043831819076,0.0,0.003745199996046722,True,True,dpop_exact_small,True,376.66043831819076,36.15679999347776,14.0,26288.0,7.0,7.0,3279.0,7.0,6561.0,EXACT_DISTRIBUTED,0.0
SP1_N4_DISTRIBUTED_FAMILY_v2,E5_DPOP_SMALL,E5_DPOP:N8:K2:separated:cv0.35:p0.85:r1,1677870561,separated,8,2,0.35,0.85,OPTIMAL,376.66043831819076,376.66043831819076,0.0,0.003745199996046722,True,True,milp_highs,True,376.66043831819076,3.745199996046722,,,,,,,,CENTRAL_ORACLE,0.0
SP1_N4_DISTRIBUTED_FAMILY_v2,E5_DPOP_SMALL,E5_DPOP:N8:K2:separated:cv0.35:p0.85:r1,1677870561,separated,8,2,0.35,0.85,OPTIMAL,376.66043831819076,376.66043831819076,0.0,0.003745199996046722,True,True,geo_qpg_u,True,479.30261702355256,2.1652000141330063,93.0,3276.0,,,,,,N4_ATOMIC,0.2725058653987254
SP1_N4_DISTRIBUTED_FAMILY_v2,E5_DPOP_SMALL,E5_DPOP:N8:K2:separated:cv0.35:p0.85:r1,1677870561,separated,8,2,0.35,0.85,OPTIMAL,376.66043831819076,376.66043831819076,0.0,0.003745199996046722,True,True,geo_qpg_p,True,376.66043831819076,11.406700010411441,252.0,9596.0,,,,,,N4_ATOMIC,0.0
SP1_N4_DISTRIBUTED_FAMILY_v2,E5_DPOP_SMALL,E5_DPOP:N8:K2:separated:cv0.35:p0.85:r1,1677870561,separated,8,2,0.35,0.85,OPTIMAL,376.66043831819076,376.66043831819076,0.0,0.003745199996046722,True,True,geo_qpg_c3,True,376.66043831819076,22.469699993962422,676.0,26556.0,,,,,,N4_ATOMIC,0.0
SP1_N4_DISTRIBUTED_FAMILY_v2,E5_DPOP_SMALL,E5_DPOP:N8:K2:separated:cv0.35:p0.85:r1,1677870561,separated,8,2,0.35,0.85,OPTIMAL,376.66043831819076,376.66043831819076,0.0,0.003745199996046722,True,True,geo_qpg_d,True,442.7298779559174,18.015699984971434,715.0,27576.0,,,,,,N4_ATOMIC,0.17540849241489304
SP1_N4_DISTRIBUTED_FAMILY_v2,E5_DPOP_SMALL,E5_DPOP:N8:K2:separated:cv0.35:p0.85:r2,231638511,separated,8,2,0.35,0.85,OPTIMAL,500.48482697937163,500.48482697937163,0.0,0.014652200014097616,True,True,dpop_exact_small,True,500.4848269793716,38.07450001477264,14.0,26288.0,7.0,7.0,3279.0,7.0,6561.0,EXACT_DISTRIBUTED,-1.1357670761745374e-16
SP1_N4_DISTRIBUTED_FAMILY_v2,E5_DPOP_SMALL,E5_DPOP:N8:K2:separated:cv0.35:p0.85:r2,231638511,separated,8,2,0.35,0.85,OPTIMAL,500.48482697937163,500.48482697937163,0.0,0.014652200014097616,True,True,milp_highs,True,500.48482697937163,14.652200014097616,,,,,,,,CENTRAL_ORACLE,0.0
SP1_N4_DISTRIBUTED_FAMILY_v2,E5_DPOP_SMALL,E5_DPOP:N8:K2:separated:cv0.35:p0.85:r2,231638511,separated,8,2,0.35,0.85,OPTIMAL,500.48482697937163,500.48482697937163,0.0,0.014652200014097616,True,True,geo_qpg_u,True,512.4764567910415,2.1871000062674284,79.0,2688.0,,,,,,N4_ATOMIC,0.023960026688609585
SP1_N4_DISTRIBUTED_FAMILY_v2,E5_DPOP_SMALL,E5_DPOP:N8:K2:separated:cv0.35:p0.85:r2,231638511,separated,8,2,0.35,0.85,OPTIMAL,500.48482697937163,500.48482697937163,0.0,0.014652200014097616,True,True,geo_qpg_p,True,502.3557677923795,7.425499992677942,177.0,6628.0,,,,,,N4_ATOMIC,0.0037382568105005965
SP1_N4_DISTRIBUTED_FAMILY_v2,E5_DPOP_SMALL,E5_DPOP:N8:K2:separated:cv0.35:p0.85:r2,231638511,separated,8,2,0.35,0.85,OPTIMAL,500.48482697937163,500.48482697937163,0.0,0.014652200014097616,True,True,geo_qpg_c3,True,502.3557677923795,18.883899989305064,525.0,20548.0,,,,,,N4_ATOMIC,0.0037382568105005965
SP1_N4_DISTRIBUTED_FAMILY_v2,E5_DPOP_SMALL,E5_DPOP:N8:K2:separated:cv0.35:p0.85:r2,231638511,separated,8,2,0.35,0.85,OPTIMAL,500.48482697937163,500.48482697937163,0.0,0.014652200014097616,True,True,geo_qpg_d,True,500.4848269793716,13.05300000240095,397.0,14752.0,,,,,,N4_ATOMIC,-1.1357670761745374e-16
SP1_N4_DISTRIBUTED_FAMILY_v2,E5_DPOP_SMALL,E5_DPOP:N8:K2:separated:cv0.35:p0.85:r3,466165793,separated,8,2,0.35,0.85,OPTIMAL,493.43548148223,493.43548148222993,0.0,0.004370900016510859,True,True,dpop_exact_small,True,493.43548148222993,37.58259999449365,14.0,26288.0,7.0,7.0,3279.0,7.0,6561.0,EXACT_DISTRIBUTED,-1.1519929351261115e-16
SP1_N4_DISTRIBUTED_FAMILY_v2,E5_DPOP_SMALL,E5_DPOP:N8:K2:separated:cv0.35:p0.85:r3,466165793,separated,8,2,0.35,0.85,OPTIMAL,493.43548148223,493.43548148222993,0.0,0.004370900016510859,True,True,milp_highs,True,493.43548148223,4.370900016510859,,,,,,,,CENTRAL_ORACLE,0.0
SP1_N4_DISTRIBUTED_FAMILY_v2,E5_DPOP_SMALL,E5_DPOP:N8:K2:separated:cv0.35:p0.85:r3,466165793,separated,8,2,0.35,0.85,OPTIMAL,493.43548148223,493.43548148222993,0.0,0.004370900016510859,True,True,geo_qpg_u,True,580.5458491774058,1.870400010375306,72.0,2464.0,,,,,,N4_ATOMIC,0.17653851610651328
SP1_N4_DISTRIBUTED_FAMILY_v2,E5_DPOP_SMALL,E5_DPOP:N8:K2:separated:cv0.35:p0.85:r3,466165793,separated,8,2,0.35,0.85,OPTIMAL,493.43548148223,493.43548148222993,0.0,0.004370900016510859,True,True,geo_qpg_p,True,577.3456794552443,10.223599994787946,240.0,9244.0,,,,,,N4_ATOMIC,0.17005302845461498
SP1_N4_DISTRIBUTED_FAMILY_v2,E5_DPOP_SMALL,E5_DPOP:N8:K2:separated:cv0.35:p0.85:r3,466165793,separated,8,2,0.35,0.85,OPTIMAL,493.43548148223,493.43548148222993,0.0,0.004370900016510859,True,True,geo_qpg_c3,True,577.3456794552443,20.024800003739074,548.0,21564.0,,,,,,N4_ATOMIC,0.17005302845461498
SP1_N4_DISTRIBUTED_FAMILY_v2,E5_DPOP_SMALL,E5_DPOP:N8:K2:separated:cv0.35:p0.85:r3,466165793,separated,8,2,0.35,0.85,OPTIMAL,493.43548148223,493.43548148222993,0.0,0.004370900016510859,True,True,geo_qpg_d,True,493.4354814822299,11.068099993281066,478.0,17304.0,,,,,,N4_ATOMIC,-2.303985870252223e-16
SP1_N4_DISTRIBUTED_FAMILY_v2,E5_DPOP_SMALL,E5_DPOP:N8:K2:separated:cv0.35:p0.85:r4,2936813440,separated,8,2,0.35,0.85,OPTIMAL,510.36758342978436,510.36758342978436,0.0,0.0036072000220883638,True,True,dpop_exact_small,True,510.36758342978436,35.176799981854856,14.0,26288.0,7.0,7.0,3279.0,7.0,6561.0,EXACT_DISTRIBUTED,0.0
SP1_N4_DISTRIBUTED_FAMILY_v2,E5_DPOP_SMALL,E5_DPOP:N8:K2:separated:cv0.35:p0.85:r4,2936813440,separated,8,2,0.35,0.85,OPTIMAL,510.36758342978436,510.36758342978436,0.0,0.0036072000220883638,True,True,milp_highs,True,510.36758342978436,3.6072000220883638,,,,,,,,CENTRAL_ORACLE,0.0
SP1_N4_DISTRIBUTED_FAMILY_v2,E5_DPOP_SMALL,E5_DPOP:N8:K2:separated:cv0.35:p0.85:r4,2936813440,separated,8,2,0.35,0.85,OPTIMAL,510.36758342978436,510.36758342978436,0.0,0.0036072000220883638,True,True,geo_qpg_u,True,528.2190319745124,2.01650001690723,93.0,3276.0,,,,,,N4_ATOMIC,0.03497763009312291
SP1_N4_DISTRIBUTED_FAMILY_v2,E5_DPOP_SMALL,E5_DPOP:N8:K2:separated:cv0.35:p0.85:r4,2936813440,separated,8,2,0.35,0.85,OPTIMAL,510.36758342978436,510.36758342978436,0.0,0.0036072000220883638,True,True,geo_qpg_p,True,510.3675834297843,6.842300004791468,177.0,6612.0,,,,,,N4_ATOMIC,-1.1137740857051994e-16
SP1_N4_DISTRIBUTED_FAMILY_v2,E5_DPOP_SMALL,E5_DPOP:N8:K2:separated:cv0.35:p0.85:r4,2936813440,separated,8,2,0.35,0.85,OPTIMAL,510.36758342978436,510.36758342978436,0.0,0.0036072000220883638,True,True,geo_qpg_c3,True,510.3675834297843,12.244799989275634,353.0,13652.0,,,,,,N4_ATOMIC,-1.1137740857051994e-16
SP1_N4_DISTRIBUTED_FAMILY_v2,E5_DPOP_SMALL,E5_DPOP:N8:K2:separated:cv0.35:p0.85:r4,2936813440,separated,8,2,0.35,0.85,OPTIMAL,510.36758342978436,510.36758342978436,0.0,0.0036072000220883638,True,True,geo_qpg_d,True,572.0218672951526,7.854600000428036,356.0,12284.0,,,,,,N4_ATOMIC,0.12080368320228652
SP1_N4_DISTRIBUTED_FAMILY_v2,E5_DPOP_SMALL,E5_DPOP:N8:K2:separated:cv0.35:p0.85:r5,1343387527,separated,8,2,0.35,0.85,OPTIMAL,457.32415726038425,457.32415726038425,0.0,0.0038299000007100403,True,True,dpop_exact_small,True,457.32415726038425,34.787400014465675,14.0,26288.0,7.0,7.0,3279.0,7.0,6561.0,EXACT_DISTRIBUTED,0.0
SP1_N4_DISTRIBUTED_FAMILY_v2,E5_DPOP_SMALL,E5_DPOP:N8:K2:separated:cv0.35:p0.85:r5,1343387527,separated,8,2,0.35,0.85,OPTIMAL,457.32415726038425,457.32415726038425,0.0,0.0038299000007100403,True,True,milp_highs,True,457.32415726038425,3.8299000007100403,,,,,,,,CENTRAL_ORACLE,0.0
SP1_N4_DISTRIBUTED_FAMILY_v2,E5_DPOP_SMALL,E5_DPOP:N8:K2:separated:cv0.35:p0.85:r5,1343387527,separated,8,2,0.35,0.85,OPTIMAL,457.32415726038425,457.32415726038425,0.0,0.0038299000007100403,True,True,geo_qpg_u,True,533.366418192182,1.799300021957606,59.0,1988.0,,,,,,N4_ATOMIC,0.16627650152428303
SP1_N4_DISTRIBUTED_FAMILY_v2,E5_DPOP_SMALL,E5_DPOP:N8:K2:separated:cv0.35:p0.85:r5,1343387527,separated,8,2,0.35,0.85,OPTIMAL,457.32415726038425,457.32415726038425,0.0,0.0038299000007100403,True,True,geo_qpg_p,True,504.2514011655448,10.529099992709234,188.0,7088.0,,,,,,N4_ATOMIC,0.1026126504803065
SP1_N4_DISTRIBUTED_FAMILY_v2,E5_DPOP_SMALL,E5_DPOP:N8:K2:separated:cv0.35:p0.85:r5,1343387527,separated,8,2,0.35,0.85,OPTIMAL,457.32415726038425,457.32415726038425,0.0,0.0038299000007100403,True,True,geo_qpg_c3,True,504.2514011655448,18.56330002192408,472.0,18448.0,,,,,,N4_ATOMIC,0.1026126504803065
SP1_N4_DISTRIBUTED_FAMILY_v2,E5_DPOP_SMALL,E5_DPOP:N8:K2:separated:cv0.35:p0.85:r5,1343387527,separated,8,2,0.35,0.85,OPTIMAL,457.32415726038425,457.32415726038425,0.0,0.0038299000007100403,True,True,geo_qpg_d,True,478.88542096497105,7.4613000033423305,260.0,9136.0,,,,,,N4_ATOMIC,0.047146566308130904
SP1_N4_DISTRIBUTED_FAMILY_v2,E5_DPOP_SMALL,E5_DPOP:N8:K2:separated:cv0.35:p0.85:r6,3639212424,separated,8,2,0.35,0.85,OPTIMAL,570.1896676872885,570.1896676872885,0.0,0.0030912999936845154,True,True,dpop_exact_small,True,570.1896676872885,36.956299998564646,14.0,26288.0,7.0,7.0,3279.0,7.0,6561.0,EXACT_DISTRIBUTED,0.0
SP1_N4_DISTRIBUTED_FAMILY_v2,E5_DPOP_SMALL,E5_DPOP:N8:K2:separated:cv0.35:p0.85:r6,3639212424,separated,8,2,0.35,0.85,OPTIMAL,570.1896676872885,570.1896676872885,0.0,0.0030912999936845154,True,True,milp_highs,True,570.1896676872885,3.0912999936845154,,,,,,,,CENTRAL_ORACLE,0.0
SP1_N4_DISTRIBUTED_FAMILY_v2,E5_DPOP_SMALL,E5_DPOP:N8:K2:separated:cv0.35:p0.85:r6,3639212424,separated,8,2,0.35,0.85,OPTIMAL,570.1896676872885,570.1896676872885,0.0,0.0030912999936845154,True,True,geo_qpg_u,True,640.714906257574,2.128599997377023,96.0,3380.0,,,,,,N4_ATOMIC,0.12368733171952856
SP1_N4_DISTRIBUTED_FAMILY_v2,E5_DPOP_SMALL,E5_DPOP:N8:K2:separated:cv0.35:p0.85:r6,3639212424,separated,8,2,0.35,0.85,OPTIMAL,570.1896676872885,570.1896676872885,0.0,0.0030912999936845154,True,True,geo_qpg_p,True,631.621346328391,9.753899998031557,210.0,7960.0,,,,,,N4_ATOMIC,0.10773902461311126
SP1_N4_DISTRIBUTED_FAMILY_v2,E5_DPOP_SMALL,E5_DPOP:N8:K2:separated:cv0.35:p0.85:r6,3639212424,separated,8,2,0.35,0.85,OPTIMAL,570.1896676872885,570.1896676872885,0.0,0.0030912999936845154,True,True,geo_qpg_c3,True,570.1896676872885,23.42719997977838,778.0,30640.0,,,,,,N4_ATOMIC,0.0
SP1_N4_DISTRIBUTED_FAMILY_v2,E5_DPOP_SMALL,E5_DPOP:N8:K2:separated:cv0.35:p0.85:r6,3639212424,separated,8,2,0.35,0.85,OPTIMAL,570.1896676872885,570.1896676872885,0.0,0.0030912999936845154,True,True,geo_qpg_d,True,570.1896676872885,11.20529999025166,421.0,15304.0,,,,,,N4_ATOMIC,0.0
SP1_N4_DISTRIBUTED_FAMILY_v2,E5_DPOP_SMALL,E5_DPOP:N8:K2:separated:cv0.35:p0.85:r7,2564304820,separated,8,2,0.35,0.85,OPTIMAL,539.7274754213386,539.7274754213386,0.0,0.004575600003590807,True,True,dpop_exact_small,True,539.7274754213387,35.3455999866128,14.0,26288.0,7.0,7.0,3279.0,7.0,6561.0,EXACT_DISTRIBUTED,2.106374844691135e-16
SP1_N4_DISTRIBUTED_FAMILY_v2,E5_DPOP_SMALL,E5_DPOP:N8:K2:separated:cv0.35:p0.85:r7,2564304820,separated,8,2,0.35,0.85,OPTIMAL,539.7274754213386,539.7274754213386,0.0,0.004575600003590807,True,True,milp_highs,True,539.7274754213386,4.575600003590807,,,,,,,,CENTRAL_ORACLE,0.0
SP1_N4_DISTRIBUTED_FAMILY_v2,E5_DPOP_SMALL,E5_DPOP:N8:K2:separated:cv0.35:p0.85:r7,2564304820,separated,8,2,0.35,0.85,OPTIMAL,539.7274754213386,539.7274754213386,0.0,0.004575600003590807,True,True,geo_qpg_u,True,582.9246479899069,2.141500008292496,87.0,3024.0,,,,,,N4_ATOMIC,0.08003515576976411
SP1_N4_DISTRIBUTED_FAMILY_v2,E5_DPOP_SMALL,E5_DPOP:N8:K2:separated:cv0.35:p0.85:r7,2564304820,separated,8,2,0.35,0.85,OPTIMAL,539.7274754213386,539.7274754213386,0.0,0.004575600003590807,True,True,geo_qpg_p,True,565.1440003072579,9.990299993660301,250.0,9616.0,,,,,,N4_ATOMIC,0.04709140453907392
SP1_N4_DISTRIBUTED_FAMILY_v2,E5_DPOP_SMALL,E5_DPOP:N8:K2:separated:cv0.35:p0.85:r7,2564304820,separated,8,2,0.35,0.85,OPTIMAL,539.7274754213386,539.7274754213386,0.0,0.004575600003590807,True,True,geo_qpg_c3,True,539.7274754213387,26.422499999171123,738.0,29056.0,,,,,,N4_ATOMIC,2.106374844691135e-16
SP1_N4_DISTRIBUTED_FAMILY_v2,E5_DPOP_SMALL,E5_DPOP:N8:K2:separated:cv0.35:p0.85:r7,2564304820,separated,8,2,0.35,0.85,OPTIMAL,539.7274754213386,539.7274754213386,0.0,0.004575600003590807,True,True,geo_qpg_d,True,555.990581861891,7.801700005074963,378.0,13340.0,,,,,,N4_ATOMIC,0.03013207068596351
SP1_N4_DISTRIBUTED_FAMILY_v2,E5_DPOP_SMALL,E5_DPOP:N8:K2:separated:cv0.35:p0.85:r8,2448508527,separated,8,2,0.35,0.85,OPTIMAL,527.2106680410354,527.2106680410354,0.0,0.0029995999939274043,True,True,dpop_exact_small,True,527.2106680410354,37.85349999088794,14.0,26288.0,7.0,7.0,3279.0,7.0,6561.0,EXACT_DISTRIBUTED,0.0
SP1_N4_DISTRIBUTED_FAMILY_v2,E5_DPOP_SMALL,E5_DPOP:N8:K2:separated:cv0.35:p0.85:r8,2448508527,separated,8,2,0.35,0.85,OPTIMAL,527.2106680410354,527.2106680410354,0.0,0.0029995999939274043,True,True,milp_highs,True,527.2106680410354,2.9995999939274043,,,,,,,,CENTRAL_ORACLE,0.0
SP1_N4_DISTRIBUTED_FAMILY_v2,E5_DPOP_SMALL,E5_DPOP:N8:K2:separated:cv0.35:p0.85:r8,2448508527,separated,8,2,0.35,0.85,OPTIMAL,527.2106680410354,527.2106680410354,0.0,0.0029995999939274043,True,True,geo_qpg_u,True,544.4180858575984,2.275999984703958,85.0,2940.0,,,,,,N4_ATOMIC,0.032638599443559846
SP1_N4_DISTRIBUTED_FAMILY_v2,E5_DPOP_SMALL,E5_DPOP:N8:K2:separated:cv0.35:p0.85:r8,2448508527,separated,8,2,0.35,0.85,OPTIMAL,527.2106680410354,527.2106680410354,0.0,0.0029995999939274043,True,True,geo_qpg_p,True,527.2106680410354,14.38039998174645,344.0,13116.0,,,,,,N4_ATOMIC,0.0
SP1_N4_DISTRIBUTED_FAMILY_v2,E5_DPOP_SMALL,E5_DPOP:N8:K2:separated:cv0.35:p0.85:r8,2448508527,separated,8,2,0.35,0.85,OPTIMAL,527.2106680410354,527.2106680410354,0.0,0.0029995999939274043,True,True,geo_qpg_c3,True,527.2106680410354,29.5341000019107,816.0,31996.0,,,,,,N4_ATOMIC,0.0
SP1_N4_DISTRIBUTED_FAMILY_v2,E5_DPOP_SMALL,E5_DPOP:N8:K2:separated:cv0.35:p0.85:r8,2448508527,separated,8,2,0.35,0.85,OPTIMAL,527.2106680410354,527.2106680410354,0.0,0.0029995999939274043,True,True,geo_qpg_d,True,527.2106680410354,12.758799974108115,380.0,13812.0,,,,,,N4_ATOMIC,0.0
SP1_N4_DISTRIBUTED_FAMILY_v2,E5_DPOP_SMALL,E5_DPOP:N8:K2:separated:cv0.35:p0.85:r9,3427350171,separated,8,2,0.35,0.85,OPTIMAL,496.44348096827053,496.44348096827053,0.0,0.003625800018198788,True,True,dpop_exact_small,True,496.44348096827053,35.045299999183044,14.0,26288.0,7.0,7.0,3279.0,7.0,6561.0,EXACT_DISTRIBUTED,0.0
SP1_N4_DISTRIBUTED_FAMILY_v2,E5_DPOP_SMALL,E5_DPOP:N8:K2:separated:cv0.35:p0.85:r9,3427350171,separated,8,2,0.35,0.85,OPTIMAL,496.44348096827053,496.44348096827053,0.0,0.003625800018198788,True,True,milp_highs,True,496.44348096827053,3.625800018198788,,,,,,,,CENTRAL_ORACLE,0.0
SP1_N4_DISTRIBUTED_FAMILY_v2,E5_DPOP_SMALL,E5_DPOP:N8:K2:separated:cv0.35:p0.85:r9,3427350171,separated,8,2,0.35,0.85,OPTIMAL,496.44348096827053,496.44348096827053,0.0,0.003625800018198788,True,True,geo_qpg_u,True,590.2826773550505,1.8789999885484576,70.0,2380.0,,,,,,N4_ATOMIC,0.18902291999837453
SP1_N4_DISTRIBUTED_FAMILY_v2,E5_DPOP_SMALL,E5_DPOP:N8:K2:separated:cv0.35:p0.85:r9,3427350171,separated,8,2,0.35,0.85,OPTIMAL,496.44348096827053,496.44348096827053,0.0,0.003625800018198788,True,True,geo_qpg_p,True,496.44348096827053,10.566299984930083,241.0,9116.0,,,,,,N4_ATOMIC,0.0
SP1_N4_DISTRIBUTED_FAMILY_v2,E5_DPOP_SMALL,E5_DPOP:N8:K2:separated:cv0.35:p0.85:r9,3427350171,separated,8,2,0.35,0.85,OPTIMAL,496.44348096827053,496.44348096827053,0.0,0.003625800018198788,True,True,geo_qpg_c3,True,496.44348096827053,25.65840000170283,713.0,27996.0,,,,,,N4_ATOMIC,0.0
SP1_N4_DISTRIBUTED_FAMILY_v2,E5_DPOP_SMALL,E5_DPOP:N8:K2:separated:cv0.35:p0.85:r9,3427350171,separated,8,2,0.35,0.85,OPTIMAL,496.44348096827053,496.44348096827053,0.0,0.003625800018198788,True,True,geo_qpg_d,True,575.5006127054221,15.61770000262186,527.0,19832.0,,,,,,N4_ATOMIC,0.15924699339984763
SP1_N4_DISTRIBUTED_FAMILY_v2,E5_DPOP_SMALL,E5_DPOP:N8:K2:separated:cv0.65:p0.7:r0,1079046523,separated,8,2,0.65,0.7,OPTIMAL,228.70785058527613,228.7078505852761,0.0,0.0014214999973773956,True,True,dpop_exact_small,True,228.7078505852761,36.66919999523088,14.0,26288.0,7.0,7.0,3279.0,7.0,6561.0,EXACT_DISTRIBUTED,-1.2427080818463936e-16
SP1_N4_DISTRIBUTED_FAMILY_v2,E5_DPOP_SMALL,E5_DPOP:N8:K2:separated:cv0.65:p0.7:r0,1079046523,separated,8,2,0.65,0.7,OPTIMAL,228.70785058527613,228.7078505852761,0.0,0.0014214999973773956,True,True,milp_highs,True,228.70785058527613,1.4214999973773956,,,,,,,,CENTRAL_ORACLE,0.0
SP1_N4_DISTRIBUTED_FAMILY_v2,E5_DPOP_SMALL,E5_DPOP:N8:K2:separated:cv0.65:p0.7:r0,1079046523,separated,8,2,0.65,0.7,OPTIMAL,228.70785058527613,228.7078505852761,0.0,0.0014214999973773956,True,True,geo_qpg_u,True,361.62866029145624,2.4021999852266163,105.0,3640.0,,,,,,N4_ATOMIC,0.5811816663312097
SP1_N4_DISTRIBUTED_FAMILY_v2,E5_DPOP_SMALL,E5_DPOP:N8:K2:separated:cv0.65:p0.7:r0,1079046523,separated,8,2,0.65,0.7,OPTIMAL,228.70785058527613,228.7078505852761,0.0,0.0014214999973773956,True,True,geo_qpg_p,True,361.62866029145624,6.102399987867102,165.0,6040.0,,,,,,N4_ATOMIC,0.5811816663312097
SP1_N4_DISTRIBUTED_FAMILY_v2,E5_DPOP_SMALL,E5_DPOP:N8:K2:separated:cv0.65:p0.7:r0,1079046523,separated,8,2,0.65,0.7,OPTIMAL,228.70785058527613,228.7078505852761,0.0,0.0014214999973773956,True,True,geo_qpg_c3,True,342.24170953043006,16.47249999223277,435.0,16760.0,,,,,,N4_ATOMIC,0.49641434981184274
SP1_N4_DISTRIBUTED_FAMILY_v2,E5_DPOP_SMALL,E5_DPOP:N8:K2:separated:cv0.65:p0.7:r0,1079046523,separated,8,2,0.65,0.7,OPTIMAL,228.70785058527613,228.7078505852761,0.0,0.0014214999973773956,True,True,geo_qpg_d,True,361.62866029145624,7.201800006441772,229.0,8152.0,,,,,,N4_ATOMIC,0.5811816663312097
SP1_N4_DISTRIBUTED_FAMILY_v2,E5_DPOP_SMALL,E5_DPOP:N8:K2:separated:cv0.65:p0.7:r1,616767753,separated,8,2,0.65,0.7,OPTIMAL,353.8348285074589,353.8348285074589,0.0,0.003695300023537129,True,True,dpop_exact_small,True,353.83482850745884,37.16290000011213,14.0,26288.0,7.0,7.0,3279.0,7.0,6561.0,EXACT_DISTRIBUTED,-1.6064958642026316e-16
SP1_N4_DISTRIBUTED_FAMILY_v2,E5_DPOP_SMALL,E5_DPOP:N8:K2:separated:cv0.65:p0.7:r1,616767753,separated,8,2,0.65,0.7,OPTIMAL,353.8348285074589,353.8348285074589,0.0,0.003695300023537129,True,True,milp_highs,True,353.8348285074589,3.695300023537129,,,,,,,,CENTRAL_ORACLE,0.0
SP1_N4_DISTRIBUTED_FAMILY_v2,E5_DPOP_SMALL,E5_DPOP:N8:K2:separated:cv0.65:p0.7:r1,616767753,separated,8,2,0.65,0.7,OPTIMAL,353.8348285074589,353.8348285074589,0.0,0.003695300023537129,True,True,geo_qpg_u,True,467.4977417799973,1.8256999901495874,80.0,2800.0,,,,,,N4_ATOMIC,0.32123155810294224
SP1_N4_DISTRIBUTED_FAMILY_v2,E5_DPOP_SMALL,E5_DPOP:N8:K2:separated:cv0.65:p0.7:r1,616767753,separated,8,2,0.65,0.7,OPTIMAL,353.8348285074589,353.8348285074589,0.0,0.003695300023537129,True,True,geo_qpg_p,True,412.89874695406814,8.724300016183406,281.0,11056.0,,,,,,N4_ATOMIC,0.16692511219359565
SP1_N4_DISTRIBUTED_FAMILY_v2,E5_DPOP_SMALL,E5_DPOP:N8:K2:separated:cv0.65:p0.7:r1,616767753,separated,8,2,0.65,0.7,OPTIMAL,353.8348285074589,353.8348285074589,0.0,0.003695300023537129,True,True,geo_qpg_c3,True,353.8348285074589,17.470599996158853,526.0,20860.0,,,,,,N4_ATOMIC,0.0
SP1_N4_DISTRIBUTED_FAMILY_v2,E5_DPOP_SMALL,E5_DPOP:N8:K2:separated:cv0.65:p0.7:r1,616767753,separated,8,2,0.65,0.7,OPTIMAL,353.8348285074589,353.8348285074589,0.0,0.003695300023537129,True,True,geo_qpg_d,True,353.8348285074589,7.091100007528439,329.0,11604.0,,,,,,N4_ATOMIC,0.0
SP1_N4_DISTRIBUTED_FAMILY_v2,E5_DPOP_SMALL,E5_DPOP:N8:K2:separated:cv0.65:p0.7:r2,1344036074,separated,8,2,0.65,0.7,OPTIMAL,306.81149000085674,306.81149000085674,0.0,0.003261800011387095,True,True,dpop_exact_small,True,306.81149000085674,36.54490000917576,14.0,26288.0,7.0,7.0,3279.0,7.0,6561.0,EXACT_DISTRIBUTED,0.0
SP1_N4_DISTRIBUTED_FAMILY_v2,E5_DPOP_SMALL,E5_DPOP:N8:K2:separated:cv0.65:p0.7:r2,1344036074,separated,8,2,0.65,0.7,OPTIMAL,306.81149000085674,306.81149000085674,0.0,0.003261800011387095,True,True,milp_highs,True,306.81149000085674,3.261800011387095,,,,,,,,CENTRAL_ORACLE,0.0
SP1_N4_DISTRIBUTED_FAMILY_v2,E5_DPOP_SMALL,E5_DPOP:N8:K2:separated:cv0.65:p0.7:r2,1344036074,separated,8,2,0.65,0.7,OPTIMAL,306.81149000085674,306.81149000085674,0.0,0.003261800011387095,True,True,geo_qpg_u,True,356.5575233665141,2.3831999860703945,111.0,3892.0,,,,,,N4_ATOMIC,0.16213875616430937
SP1_N4_DISTRIBUTED_FAMILY_v2,E5_DPOP_SMALL,E5_DPOP:N8:K2:separated:cv0.65:p0.7:r2,1344036074,separated,8,2,0.65,0.7,OPTIMAL,306.81149000085674,306.81149000085674,0.0,0.003261800011387095,True,True,geo_qpg_p,True,306.8114900008567,8.088700007647276,230.0,8680.0,,,,,,N4_ATOMIC,-1.8527148008912342e-16
SP1_N4_DISTRIBUTED_FAMILY_v2,E5_DPOP_SMALL,E5_DPOP:N8:K2:separated:cv0.65:p0.7:r2,1344036074,separated,8,2,0.65,0.7,OPTIMAL,306.81149000085674,306.81149000085674,0.0,0.003261800011387095,True,True,geo_qpg_c3,True,306.8114900008567,18.71880001272075,566.0,22120.0,,,,,,N4_ATOMIC,-1.8527148008912342e-16
SP1_N4_DISTRIBUTED_FAMILY_v2,E5_DPOP_SMALL,E5_DPOP:N8:K2:separated:cv0.65:p0.7:r2,1344036074,separated,8,2,0.65,0.7,OPTIMAL,306.81149000085674,306.81149000085674,0.0,0.003261800011387095,True,True,geo_qpg_d,True,343.81203411584073,10.233199980575591,347.0,12480.0,,,,,,N4_ATOMIC,0.12059699626920972
SP1_N4_DISTRIBUTED_FAMILY_v2,E5_DPOP_SMALL,E5_DPOP:N8:K2:separated:cv0.65:p0.7:r3,974152011,separated,8,2,0.65,0.7,OPTIMAL,263.4919315812292,263.4919315812292,0.0,0.003045500023290515,True,True,dpop_exact_small,True,263.4919315812292,37.20619998057373,14.0,26288.0,7.0,7.0,3279.0,7.0,6561.0,EXACT_DISTRIBUTED,0.0
SP1_N4_DISTRIBUTED_FAMILY_v2,E5_DPOP_SMALL,E5_DPOP:N8:K2:separated:cv0.65:p0.7:r3,974152011,separated,8,2,0.65,0.7,OPTIMAL,263.4919315812292,263.4919315812292,0.0,0.003045500023290515,True,True,milp_highs,True,263.4919315812292,3.045500023290515,,,,,,,,CENTRAL_ORACLE,0.0
SP1_N4_DISTRIBUTED_FAMILY_v2,E5_DPOP_SMALL,E5_DPOP:N8:K2:separated:cv0.65:p0.7:r3,974152011,separated,8,2,0.65,0.7,OPTIMAL,263.4919315812292,263.4919315812292,0.0,0.003045500023290515,True,True,geo_qpg_u,True,404.12194726967454,2.6382999785710126,80.0,2800.0,,,,,,N4_ATOMIC,0.533716591792838
SP1_N4_DISTRIBUTED_FAMILY_v2,E5_DPOP_SMALL,E5_DPOP:N8:K2:separated:cv0.65:p0.7:r3,974152011,separated,8,2,0.65,0.7,OPTIMAL,263.4919315812292,263.4919315812292,0.0,0.003045500023290515,True,True,geo_qpg_p,True,272.64888958959904,9.205500013194978,250.0,9516.0,,,,,,N4_ATOMIC,0.034752327911592704
SP1_N4_DISTRIBUTED_FAMILY_v2,E5_DPOP_SMALL,E5_DPOP:N8:K2:separated:cv0.65:p0.7:r3,974152011,separated,8,2,0.65,0.7,OPTIMAL,263.4919315812292,263.4919315812292,0.0,0.003045500023290515,True,True,geo_qpg_c3,True,263.49193158122915,19.298500003060326,614.0,24036.0,,,,,,N4_ATOMIC,-2.157311554842974e-16
SP1_N4_DISTRIBUTED_FAMILY_v2,E5_DPOP_SMALL,E5_DPOP:N8:K2:separated:cv0.65:p0.7:r3,974152011,separated,8,2,0.65,0.7,OPTIMAL,263.4919315812292,263.4919315812292,0.0,0.003045500023290515,True,True,geo_qpg_d,True,263.49193158122915,10.200400021858513,375.0,13852.0,,,,,,N4_ATOMIC,-2.157311554842974e-16
SP1_N4_DISTRIBUTED_FAMILY_v2,E5_DPOP_SMALL,E5_DPOP:N8:K2:separated:cv0.65:p0.7:r4,1865233850,separated,8,2,0.65,0.7,OPTIMAL,385.33088125724,385.33088125724,0.0,0.002129200001945719,True,True,dpop_exact_small,True,385.33088125724,35.76449997490272,14.0,26288.0,7.0,7.0,3279.0,7.0,6561.0,EXACT_DISTRIBUTED,0.0
SP1_N4_DISTRIBUTED_FAMILY_v2,E5_DPOP_SMALL,E5_DPOP:N8:K2:separated:cv0.65:p0.7:r4,1865233850,separated,8,2,0.65,0.7,OPTIMAL,385.33088125724,385.33088125724,0.0,0.002129200001945719,True,True,milp_highs,True,385.33088125724,2.129200001945719,,,,,,,,CENTRAL_ORACLE,0.0
SP1_N4_DISTRIBUTED_FAMILY_v2,E5_DPOP_SMALL,E5_DPOP:N8:K2:separated:cv0.65:p0.7:r4,1865233850,separated,8,2,0.65,0.7,OPTIMAL,385.33088125724,385.33088125724,0.0,0.002129200001945719,True,True,geo_qpg_u,True,460.47070410621546,2.6304000057280064,80.0,2800.0,,,,,,N4_ATOMIC,0.19500078115673652
SP1_N4_DISTRIBUTED_FAMILY_v2,E5_DPOP_SMALL,E5_DPOP:N8:K2:separated:cv0.65:p0.7:r4,1865233850,separated,8,2,0.65,0.7,OPTIMAL,385.33088125724,385.33088125724,0.0,0.002129200001945719,True,True,geo_qpg_p,True,408.8935949265659,7.893500005593523,223.0,8464.0,,,,,,N4_ATOMIC,0.061149300031304525
SP1_N4_DISTRIBUTED_FAMILY_v2,E5_DPOP_SMALL,E5_DPOP:N8:K2:separated:cv0.65:p0.7:r4,1865233850,separated,8,2,0.65,0.7,OPTIMAL,385.33088125724,385.33088125724,0.0,0.002129200001945719,True,True,geo_qpg_c3,True,385.33088125724004,16.270499996608123,517.0,20400.0,,,,,,N4_ATOMIC,1.4751846173175093e-16
SP1_N4_DISTRIBUTED_FAMILY_v2,E5_DPOP_SMALL,E5_DPOP:N8:K2:separated:cv0.65:p0.7:r4,1865233850,separated,8,2,0.65,0.7,OPTIMAL,385.33088125724,385.33088125724,0.0,0.002129200001945719,True,True,geo_qpg_d,True,404.5776729000654,12.484300008509308,607.0,21960.0,,,,,,N4_ATOMIC,0.04994873906816883
SP1_N4_DISTRIBUTED_FAMILY_v2,E5_DPOP_SMALL,E5_DPOP:N8:K2:separated:cv0.65:p0.7:r5,2493130211,separated,8,2,0.65,0.7,OPTIMAL,202.5532978566603,202.55329785666027,0.0,0.001347700017504394,True,True,dpop_exact_small,True,202.55329785666027,36.20049997698516,14.0,26288.0,7.0,7.0,3279.0,7.0,6561.0,EXACT_DISTRIBUTED,-1.40317189259081e-16
SP1_N4_DISTRIBUTED_FAMILY_v2,E5_DPOP_SMALL,E5_DPOP:N8:K2:separated:cv0.65:p0.7:r5,2493130211,separated,8,2,0.65,0.7,OPTIMAL,202.5532978566603,202.55329785666027,0.0,0.001347700017504394,True,True,milp_highs,True,202.5532978566603,1.347700017504394,,,,,,,,CENTRAL_ORACLE,0.0
SP1_N4_DISTRIBUTED_FAMILY_v2,E5_DPOP_SMALL,E5_DPOP:N8:K2:separated:cv0.65:p0.7:r5,2493130211,separated,8,2,0.65,0.7,OPTIMAL,202.5532978566603,202.55329785666027,0.0,0.001347700017504394,True,True,geo_qpg_u,True,344.445504577493,1.7022000101860613,54.0,1848.0,,,,,,N4_ATOMIC,0.7005178796014704
SP1_N4_DISTRIBUTED_FAMILY_v2,E5_DPOP_SMALL,E5_DPOP:N8:K2:separated:cv0.65:p0.7:r5,2493130211,separated,8,2,0.65,0.7,OPTIMAL,202.5532978566603,202.55329785666027,0.0,0.001347700017504394,True,True,geo_qpg_p,True,202.5532978566603,11.248800001339987,266.0,10152.0,,,,,,N4_ATOMIC,0.0
SP1_N4_DISTRIBUTED_FAMILY_v2,E5_DPOP_SMALL,E5_DPOP:N8:K2:separated:cv0.65:p0.7:r5,2493130211,separated,8,2,0.65,0.7,OPTIMAL,202.5532978566603,202.55329785666027,0.0,0.001347700017504394,True,True,geo_qpg_c3,True,202.5532978566603,20.684099989011884,574.0,22472.0,,,,,,N4_ATOMIC,0.0
SP1_N4_DISTRIBUTED_FAMILY_v2,E5_DPOP_SMALL,E5_DPOP:N8:K2:separated:cv0.65:p0.7:r5,2493130211,separated,8,2,0.65,0.7,OPTIMAL,202.5532978566603,202.55329785666027,0.0,0.001347700017504394,True,True,geo_qpg_d,True,202.5532978566603,6.830300000729039,237.0,8428.0,,,,,,N4_ATOMIC,0.0
SP1_N4_DISTRIBUTED_FAMILY_v2,E5_DPOP_SMALL,E5_DPOP:N8:K2:separated:cv0.65:p0.7:r6,1877471354,separated,8,2,0.65,0.7,OPTIMAL,298.7694520639463,298.7694520639463,0.0,0.0021769000159110874,True,True,dpop_exact_small,True,298.76945206394623,37.134299986064434,14.0,26288.0,7.0,7.0,3279.0,7.0,6561.0,EXACT_DISTRIBUTED,-1.902584700950005e-16
SP1_N4_DISTRIBUTED_FAMILY_v2,E5_DPOP_SMALL,E5_DPOP:N8:K2:separated:cv0.65:p0.7:r6,1877471354,separated,8,2,0.65,0.7,OPTIMAL,298.7694520639463,298.7694520639463,0.0,0.0021769000159110874,True,True,milp_highs,True,298.7694520639463,2.1769000159110874,,,,,,,,CENTRAL_ORACLE,0.0
SP1_N4_DISTRIBUTED_FAMILY_v2,E5_DPOP_SMALL,E5_DPOP:N8:K2:separated:cv0.65:p0.7:r6,1877471354,separated,8,2,0.65,0.7,OPTIMAL,298.7694520639463,298.7694520639463,0.0,0.0021769000159110874,True,True,geo_qpg_u,True,388.98195447279187,1.7767999961506575,54.0,1848.0,,,,,,N4_ATOMIC,0.301946875042423
SP1_N4_DISTRIBUTED_FAMILY_v2,E5_DPOP_SMALL,E5_DPOP:N8:K2:separated:cv0.65:p0.7:r6,1877471354,separated,8,2,0.65,0.7,OPTIMAL,298.7694520639463,298.7694520639463,0.0,0.0021769000159110874,True,True,geo_qpg_p,True,318.10632085894747,10.861199989449233,212.0,7984.0,,,,,,N4_ATOMIC,0.0647217065246097
SP1_N4_DISTRIBUTED_FAMILY_v2,E5_DPOP_SMALL,E5_DPOP:N8:K2:separated:cv0.65:p0.7:r6,1877471354,separated,8,2,0.65,0.7,OPTIMAL,298.7694520639463,298.7694520639463,0.0,0.0021769000159110874,True,True,geo_qpg_c3,True,318.10632085894747,23.303299996769056,632.0,24784.0,,,,,,N4_ATOMIC,0.0647217065246097
SP1_N4_DISTRIBUTED_FAMILY_v2,E5_DPOP_SMALL,E5_DPOP:N8:K2:separated:cv0.65:p0.7:r6,1877471354,separated,8,2,0.65,0.7,OPTIMAL,298.7694520639463,298.7694520639463,0.0,0.0021769000159110874,True,True,geo_qpg_d,True,298.76945206394623,17.75100000668317,590.0,22072.0,,,,,,N4_ATOMIC,-1.902584700950005e-16
SP1_N4_DISTRIBUTED_FAMILY_v2,E5_DPOP_SMALL,E5_DPOP:N8:K2:separated:cv0.65:p0.7:r7,1526236997,separated,8,2,0.65,0.7,OPTIMAL,293.8434776276358,293.8434776276358,0.0,0.005021999997552484,True,True,dpop_exact_small,True,293.8434776276358,37.46130000217818,14.0,26288.0,7.0,7.0,3279.0,7.0,6561.0,EXACT_DISTRIBUTED,0.0
SP1_N4_DISTRIBUTED_FAMILY_v2,E5_DPOP_SMALL,E5_DPOP:N8:K2:separated:cv0.65:p0.7:r7,1526236997,separated,8,2,0.65,0.7,OPTIMAL,293.8434776276358,293.8434776276358,0.0,0.005021999997552484,True,True,milp_highs,True,293.8434776276358,5.021999997552484,,,,,,,,CENTRAL_ORACLE,0.0
SP1_N4_DISTRIBUTED_FAMILY_v2,E5_DPOP_SMALL,E5_DPOP:N8:K2:separated:cv0.65:p0.7:r7,1526236997,separated,8,2,0.65,0.7,OPTIMAL,293.8434776276358,293.8434776276358,0.0,0.005021999997552484,True,True,geo_qpg_u,True,435.69292512375307,2.196599991293624,52.0,1764.0,,,,,,N4_ATOMIC,0.4827381184069419
SP1_N4_DISTRIBUTED_FAMILY_v2,E5_DPOP_SMALL,E5_DPOP:N8:K2:separated:cv0.65:p0.7:r7,1526236997,separated,8,2,0.65,0.7,OPTIMAL,293.8434776276358,293.8434776276358,0.0,0.005021999997552484,True,True,geo_qpg_p,True,356.8847939477497,12.816299975384027,310.0,11852.0,,,,,,N4_ATOMIC,0.21454046497503362
SP1_N4_DISTRIBUTED_FAMILY_v2,E5_DPOP_SMALL,E5_DPOP:N8:K2:separated:cv0.65:p0.7:r7,1526236997,separated,8,2,0.65,0.7,OPTIMAL,293.8434776276358,293.8434776276358,0.0,0.005021999997552484,True,True,geo_qpg_c3,True,315.0445019767843,30.170500016538426,935.0,36676.0,,,,,,N4_ATOMIC,0.07215073998006125
SP1_N4_DISTRIBUTED_FAMILY_v2,E5_DPOP_SMALL,E5_DPOP:N8:K2:separated:cv0.65:p0.7:r7,1526236997,separated,8,2,0.65,0.7,OPTIMAL,293.8434776276358,293.8434776276358,0.0,0.005021999997552484,True,True,geo_qpg_d,True,332.2487788692975,8.865000010700896,248.0,8976.0,,,,,,N4_ATOMIC,0.1306998595025125
SP1_N4_DISTRIBUTED_FAMILY_v2,E5_DPOP_SMALL,E5_DPOP:N8:K2:separated:cv0.65:p0.7:r8,1910033196,separated,8,2,0.65,0.7,OPTIMAL,469.78455246747575,469.78455246747575,0.0,0.0021379000099841505,True,True,dpop_exact_small,True,469.7845524674758,39.497499994467944,14.0,26288.0,7.0,7.0,3279.0,7.0,6561.0,EXACT_DISTRIBUTED,1.2099891016476838e-16
SP1_N4_DISTRIBUTED_FAMILY_v2,E5_DPOP_SMALL,E5_DPOP:N8:K2:separated:cv0.65:p0.7:r8,1910033196,separated,8,2,0.65,0.7,OPTIMAL,469.78455246747575,469.78455246747575,0.0,0.0021379000099841505,True,True,milp_highs,True,469.78455246747575,2.1379000099841505,,,,,,,,CENTRAL_ORACLE,0.0
SP1_N4_DISTRIBUTED_FAMILY_v2,E5_DPOP_SMALL,E5_DPOP:N8:K2:separated:cv0.65:p0.7:r8,1910033196,separated,8,2,0.65,0.7,OPTIMAL,469.78455246747575,469.78455246747575,0.0,0.0021379000099841505,True,True,geo_qpg_u,True,524.934683331608,1.9797999993897974,84.0,2968.0,,,,,,N4_ATOMIC,0.11739451749629505
SP1_N4_DISTRIBUTED_FAMILY_v2,E5_DPOP_SMALL,E5_DPOP:N8:K2:separated:cv0.65:p0.7:r8,1910033196,separated,8,2,0.65,0.7,OPTIMAL,469.78455246747575,469.78455246747575,0.0,0.0021379000099841505,True,True,geo_qpg_p,True,469.78455246747575,10.950199997751042,280.0,10720.0,,,,,,N4_ATOMIC,0.0
SP1_N4_DISTRIBUTED_FAMILY_v2,E5_DPOP_SMALL,E5_DPOP:N8:K2:separated:cv0.65:p0.7:r8,1910033196,separated,8,2,0.65,0.7,OPTIMAL,469.78455246747575,469.78455246747575,0.0,0.0021379000099841505,True,True,geo_qpg_c3,True,469.78455246747575,21.706100000301376,628.0,24640.0,,,,,,N4_ATOMIC,0.0
SP1_N4_DISTRIBUTED_FAMILY_v2,E5_DPOP_SMALL,E5_DPOP:N8:K2:separated:cv0.65:p0.7:r8,1910033196,separated,8,2,0.65,0.7,OPTIMAL,469.78455246747575,469.78455246747575,0.0,0.0021379000099841505,True,True,geo_qpg_d,True,469.78455246747575,20.448299997951835,852.0,32616.0,,,,,,N4_ATOMIC,0.0
SP1_N4_DISTRIBUTED_FAMILY_v2,E5_DPOP_SMALL,E5_DPOP:N8:K2:separated:cv0.65:p0.7:r9,3848641885,separated,8,2,0.65,0.7,OPTIMAL,307.437561095097,307.437561095097,0.0,0.00151859998004511,True,True,dpop_exact_small,True,307.43756109509695,36.09830001369119,14.0,26288.0,7.0,7.0,3279.0,7.0,6561.0,EXACT_DISTRIBUTED,-1.8489419008637378e-16
SP1_N4_DISTRIBUTED_FAMILY_v2,E5_DPOP_SMALL,E5_DPOP:N8:K2:separated:cv0.65:p0.7:r9,3848641885,separated,8,2,0.65,0.7,OPTIMAL,307.437561095097,307.437561095097,0.0,0.00151859998004511,True,True,milp_highs,True,307.437561095097,1.51859998004511,,,,,,,,CENTRAL_ORACLE,0.0
SP1_N4_DISTRIBUTED_FAMILY_v2,E5_DPOP_SMALL,E5_DPOP:N8:K2:separated:cv0.65:p0.7:r9,3848641885,separated,8,2,0.65,0.7,OPTIMAL,307.437561095097,307.437561095097,0.0,0.00151859998004511,True,True,geo_qpg_u,True,421.7635550794532,1.3863999920431525,49.0,1708.0,,,,,,N4_ATOMIC,0.3718673592684166
SP1_N4_DISTRIBUTED_FAMILY_v2,E5_DPOP_SMALL,E5_DPOP:N8:K2:separated:cv0.65:p0.7:r9,3848641885,separated,8,2,0.65,0.7,OPTIMAL,307.437561095097,307.437561095097,0.0,0.00151859998004511,True,True,geo_qpg_p,True,386.09460315473956,6.373600015649572,175.0,6764.0,,,,,,N4_ATOMIC,0.2558472093633095
SP1_N4_DISTRIBUTED_FAMILY_v2,E5_DPOP_SMALL,E5_DPOP:N8:K2:separated:cv0.65:p0.7:r9,3848641885,separated,8,2,0.65,0.7,OPTIMAL,307.437561095097,307.437561095097,0.0,0.00151859998004511,True,True,geo_qpg_c3,True,386.09460315473956,14.779399993130937,399.0,15724.0,,,,,,N4_ATOMIC,0.2558472093633095
SP1_N4_DISTRIBUTED_FAMILY_v2,E5_DPOP_SMALL,E5_DPOP:N8:K2:separated:cv0.65:p0.7:r9,3848641885,separated,8,2,0.65,0.7,OPTIMAL,307.437561095097,307.437561095097,0.0,0.00151859998004511,True,True,geo_qpg_d,True,307.437561095097,12.254700006451458,718.0,27612.0,,,,,,N4_ATOMIC,0.0
SP1_N4_DISTRIBUTED_FAMILY_v2,E5_DPOP_SMALL,E5_DPOP:N8:K2:separated:cv0.65:p0.85:r0,366001686,separated,8,2,0.65,0.85,OPTIMAL,432.64554796623304,432.64554796623304,0.0,0.005079700000351295,True,True,dpop_exact_small,True,432.64554796623304,36.43810001085512,14.0,26288.0,7.0,7.0,3279.0,7.0,6561.0,EXACT_DISTRIBUTED,0.0
SP1_N4_DISTRIBUTED_FAMILY_v2,E5_DPOP_SMALL,E5_DPOP:N8:K2:separated:cv0.65:p0.85:r0,366001686,separated,8,2,0.65,0.85,OPTIMAL,432.64554796623304,432.64554796623304,0.0,0.005079700000351295,True,True,milp_highs,True,432.64554796623304,5.079700000351295,,,,,,,,CENTRAL_ORACLE,0.0
SP1_N4_DISTRIBUTED_FAMILY_v2,E5_DPOP_SMALL,E5_DPOP:N8:K2:separated:cv0.65:p0.85:r0,366001686,separated,8,2,0.65,0.85,OPTIMAL,432.64554796623304,432.64554796623304,0.0,0.005079700000351295,True,True,geo_qpg_u,True,527.5439938550271,2.1328999719116837,74.0,2548.0,,,,,,N4_ATOMIC,0.2193445566119651
SP1_N4_DISTRIBUTED_FAMILY_v2,E5_DPOP_SMALL,E5_DPOP:N8:K2:separated:cv0.65:p0.85:r0,366001686,separated,8,2,0.65,0.85,OPTIMAL,432.64554796623304,432.64554796623304,0.0,0.005079700000351295,True,True,geo_qpg_p,True,508.59349356423013,7.706400007009506,172.0,6400.0,,,,,,N4_ATOMIC,0.17554311134139913
SP1_N4_DISTRIBUTED_FAMILY_v2,E5_DPOP_SMALL,E5_DPOP:N8:K2:separated:cv0.65:p0.85:r0,366001686,separated,8,2,0.65,0.85,OPTIMAL,432.64554796623304,432.64554796623304,0.0,0.005079700000351295,True,True,geo_qpg_c3,True,432.64554796623304,23.22430000640452,715.0,28128.0,,,,,,N4_ATOMIC,0.0
SP1_N4_DISTRIBUTED_FAMILY_v2,E5_DPOP_SMALL,E5_DPOP:N8:K2:separated:cv0.65:p0.85:r0,366001686,separated,8,2,0.65,0.85,OPTIMAL,432.64554796623304,432.64554796623304,0.0,0.005079700000351295,True,True,geo_qpg_d,True,515.0956005407863,8.746499981498346,267.0,9340.0,,,,,,N4_ATOMIC,0.19057182712761517
SP1_N4_DISTRIBUTED_FAMILY_v2,E5_DPOP_SMALL,E5_DPOP:N8:K2:separated:cv0.65:p0.85:r1,2035240443,separated,8,2,0.65,0.85,OPTIMAL,496.7510406020217,496.7510406020217,0.0,0.004145899991272017,True,True,dpop_exact_small,True,496.75104060202176,42.17259999131784,14.0,26288.0,7.0,7.0,3279.0,7.0,6561.0,EXACT_DISTRIBUTED,1.1443039715008634e-16
SP1_N4_DISTRIBUTED_FAMILY_v2,E5_DPOP_SMALL,E5_DPOP:N8:K2:separated:cv0.65:p0.85:r1,2035240443,separated,8,2,0.65,0.85,OPTIMAL,496.7510406020217,496.7510406020217,0.0,0.004145899991272017,True,True,milp_highs,True,496.7510406020217,4.145899991272017,,,,,,,,CENTRAL_ORACLE,0.0
SP1_N4_DISTRIBUTED_FAMILY_v2,E5_DPOP_SMALL,E5_DPOP:N8:K2:separated:cv0.65:p0.85:r1,2035240443,separated,8,2,0.65,0.85,OPTIMAL,496.7510406020217,496.7510406020217,0.0,0.004145899991272017,True,True,geo_qpg_u,True,535.4228294231195,2.3976999800652266,90.0,3080.0,,,,,,N4_ATOMIC,0.07784943696188494
SP1_N4_DISTRIBUTED_FAMILY_v2,E5_DPOP_SMALL,E5_DPOP:N8:K2:separated:cv0.65:p0.85:r1,2035240443,separated,8,2,0.65,0.85,OPTIMAL,496.7510406020217,496.7510406020217,0.0,0.004145899991272017,True,True,geo_qpg_p,True,516.9137065841619,10.049000004073605,205.0,7624.0,,,,,,N4_ATOMIC,0.040589076487297725
SP1_N4_DISTRIBUTED_FAMILY_v2,E5_DPOP_SMALL,E5_DPOP:N8:K2:separated:cv0.65:p0.85:r1,2035240443,separated,8,2,0.65,0.85,OPTIMAL,496.7510406020217,496.7510406020217,0.0,0.004145899991272017,True,True,geo_qpg_c3,True,496.7510406020217,27.00100000947714,865.0,34264.0,,,,,,N4_ATOMIC,0.0
SP1_N4_DISTRIBUTED_FAMILY_v2,E5_DPOP_SMALL,E5_DPOP:N8:K2:separated:cv0.65:p0.85:r1,2035240443,separated,8,2,0.65,0.85,OPTIMAL,496.7510406020217,496.7510406020217,0.0,0.004145899991272017,True,True,geo_qpg_d,True,502.0365435044469,13.39969999389723,585.0,21980.0,,,,,,N4_ATOMIC,0.010640144600441319
SP1_N4_DISTRIBUTED_FAMILY_v2,E5_DPOP_SMALL,E5_DPOP:N8:K2:separated:cv0.65:p0.85:r2,3921927605,separated,8,2,0.65,0.85,OPTIMAL,487.3638211732836,487.36382117328367,0.0,0.01914810002199374,True,True,dpop_exact_small,True,487.36382117328446,37.250800000038,14.0,26288.0,7.0,7.0,3279.0,7.0,6561.0,EXACT_DISTRIBUTED,1.7495169847844688e-15
SP1_N4_DISTRIBUTED_FAMILY_v2,E5_DPOP_SMALL,E5_DPOP:N8:K2:separated:cv0.65:p0.85:r2,3921927605,separated,8,2,0.65,0.85,OPTIMAL,487.3638211732836,487.36382117328367,0.0,0.01914810002199374,True,True,milp_highs,True,487.3638211732836,19.14810002199374,,,,,,,,CENTRAL_ORACLE,0.0
SP1_N4_DISTRIBUTED_FAMILY_v2,E5_DPOP_SMALL,E5_DPOP:N8:K2:separated:cv0.65:p0.85:r2,3921927605,separated,8,2,0.65,0.85,OPTIMAL,487.3638211732836,487.36382117328367,0.0,0.01914810002199374,True,True,geo_qpg_u,True,572.3995438959316,3.162500011967495,83.0,2856.0,,,,,,N4_ATOMIC,0.1744809914653335
SP1_N4_DISTRIBUTED_FAMILY_v2,E5_DPOP_SMALL,E5_DPOP:N8:K2:separated:cv0.65:p0.85:r2,3921927605,separated,8,2,0.65,0.85,OPTIMAL,487.3638211732836,487.36382117328367,0.0,0.01914810002199374,True,True,geo_qpg_p,True,488.05610091564597,6.564199982676655,197.0,7456.0,,,,,,N4_ATOMIC,0.0014204578023369878
SP1_N4_DISTRIBUTED_FAMILY_v2,E5_DPOP_SMALL,E5_DPOP:N8:K2:separated:cv0.65:p0.85:r2,3921927605,separated,8,2,0.65,0.85,OPTIMAL,487.3638211732836,487.36382117328367,0.0,0.01914810002199374,True,True,geo_qpg_c3,True,488.05610091564597,11.566000001039356,329.0,12736.0,,,,,,N4_ATOMIC,0.0014204578023369878
SP1_N4_DISTRIBUTED_FAMILY_v2,E5_DPOP_SMALL,E5_DPOP:N8:K2:separated:cv0.65:p0.85:r2,3921927605,separated,8,2,0.65,0.85,OPTIMAL,487.3638211732836,487.36382117328367,0.0,0.01914810002199374,True,True,geo_qpg_d,True,487.36382117328435,7.416200009174645,418.0,14744.0,,,,,,N4_ATOMIC,1.516248053479873e-15
SP1_N4_DISTRIBUTED_FAMILY_v2,E5_DPOP_SMALL,E5_DPOP:N8:K2:separated:cv0.65:p0.85:r3,53428587,separated,8,2,0.65,0.85,OPTIMAL,447.04889513520243,447.04889513520243,0.0,0.008252300001913682,True,True,dpop_exact_small,True,447.04889513520294,37.455700017744675,14.0,26288.0,7.0,7.0,3279.0,7.0,6561.0,EXACT_DISTRIBUTED,1.1443731889607962e-15
SP1_N4_DISTRIBUTED_FAMILY_v2,E5_DPOP_SMALL,E5_DPOP:N8:K2:separated:cv0.65:p0.85:r3,53428587,separated,8,2,0.65,0.85,OPTIMAL,447.04889513520243,447.04889513520243,0.0,0.008252300001913682,True,True,milp_highs,True,447.04889513520243,8.252300001913682,,,,,,,,CENTRAL_ORACLE,0.0
SP1_N4_DISTRIBUTED_FAMILY_v2,E5_DPOP_SMALL,E5_DPOP:N8:K2:separated:cv0.65:p0.85:r3,53428587,separated,8,2,0.65,0.85,OPTIMAL,447.04889513520243,447.04889513520243,0.0,0.008252300001913682,True,True,geo_qpg_u,True,486.99082488644916,1.9246000156272203,86.0,3052.0,,,,,,N4_ATOMIC,0.08934577444636557
SP1_N4_DISTRIBUTED_FAMILY_v2,E5_DPOP_SMALL,E5_DPOP:N8:K2:separated:cv0.65:p0.85:r3,53428587,separated,8,2,0.65,0.85,OPTIMAL,447.04889513520243,447.04889513520243,0.0,0.008252300001913682,True,True,geo_qpg_p,True,471.6610612001608,7.44349998421967,149.0,5548.0,,,,,,N4_ATOMIC,0.05505475202553593
SP1_N4_DISTRIBUTED_FAMILY_v2,E5_DPOP_SMALL,E5_DPOP:N8:K2:separated:cv0.65:p0.85:r3,53428587,separated,8,2,0.65,0.85,OPTIMAL,447.04889513520243,447.04889513520243,0.0,0.008252300001913682,True,True,geo_qpg_c3,True,450.87785628228363,14.934000006178394,404.0,16000.0,,,,,,N4_ATOMIC,0.008564971726243048
SP1_N4_DISTRIBUTED_FAMILY_v2,E5_DPOP_SMALL,E5_DPOP:N8:K2:separated:cv0.65:p0.85:r3,53428587,separated,8,2,0.65,0.85,OPTIMAL,447.04889513520243,447.04889513520243,0.0,0.008252300001913682,True,True,geo_qpg_d,True,447.048895135203,6.413399998564273,454.0,15712.0,,,,,,N4_ATOMIC,1.2715257655119957e-15
SP1_N4_DISTRIBUTED_FAMILY_v2,E5_DPOP_SMALL,E5_DPOP:N8:K2:separated:cv0.65:p0.85:r4,3043895390,separated,8,2,0.65,0.85,OPTIMAL,483.69164003069073,483.69164003069073,0.0,0.016781000012997538,True,True,dpop_exact_small,True,483.69164003069096,46.66729999007657,14.0,26288.0,7.0,7.0,3279.0,7.0,6561.0,EXACT_DISTRIBUTED,4.700798124788863e-16
SP1_N4_DISTRIBUTED_FAMILY_v2,E5_DPOP_SMALL,E5_DPOP:N8:K2:separated:cv0.65:p0.85:r4,3043895390,separated,8,2,0.65,0.85,OPTIMAL,483.69164003069073,483.69164003069073,0.0,0.016781000012997538,True,True,milp_highs,True,483.69164003069073,16.781000012997538,,,,,,,,CENTRAL_ORACLE,0.0
SP1_N4_DISTRIBUTED_FAMILY_v2,E5_DPOP_SMALL,E5_DPOP:N8:K2:separated:cv0.65:p0.85:r4,3043895390,separated,8,2,0.65,0.85,OPTIMAL,483.69164003069073,483.69164003069073,0.0,0.016781000012997538,True,True,geo_qpg_u,True,518.7064362526163,2.2769999923184514,107.0,3760.0,,,,,,N4_ATOMIC,0.07239074096815863
SP1_N4_DISTRIBUTED_FAMILY_v2,E5_DPOP_SMALL,E5_DPOP:N8:K2:separated:cv0.65:p0.85:r4,3043895390,separated,8,2,0.65,0.85,OPTIMAL,483.69164003069073,483.69164003069073,0.0,0.016781000012997538,True,True,geo_qpg_p,True,507.15442825187864,11.50610001059249,223.0,8416.0,,,,,,N4_ATOMIC,0.0485077398064998
SP1_N4_DISTRIBUTED_FAMILY_v2,E5_DPOP_SMALL,E5_DPOP:N8:K2:separated:cv0.65:p0.85:r4,3043895390,separated,8,2,0.65,0.85,OPTIMAL,483.69164003069073,483.69164003069073,0.0,0.016781000012997538,True,True,geo_qpg_c3,True,483.69164003069096,21.83119999244809,691.0,27272.0,,,,,,N4_ATOMIC,4.700798124788863e-16
SP1_N4_DISTRIBUTED_FAMILY_v2,E5_DPOP_SMALL,E5_DPOP:N8:K2:separated:cv0.65:p0.85:r4,3043895390,separated,8,2,0.65,0.85,OPTIMAL,483.69164003069073,483.69164003069073,0.0,0.016781000012997538,True,True,geo_qpg_d,True,489.22324464875703,10.052000026917085,367.0,13216.0,,,,,,N4_ATOMIC,0.011436221262197772
SP1_N4_DISTRIBUTED_FAMILY_v2,E5_DPOP_SMALL,E5_DPOP:N8:K2:separated:cv0.65:p0.85:r5,3714393356,separated,8,2,0.65,0.85,OPTIMAL,371.96687892798127,371.96687892798127,0.0,0.005666299985023215,True,True,dpop_exact_small,True,371.96687892798127,36.468800011789426,14.0,26288.0,7.0,7.0,3279.0,7.0,6561.0,EXACT_DISTRIBUTED,0.0
SP1_N4_DISTRIBUTED_FAMILY_v2,E5_DPOP_SMALL,E5_DPOP:N8:K2:separated:cv0.65:p0.85:r5,3714393356,separated,8,2,0.65,0.85,OPTIMAL,371.96687892798127,371.96687892798127,0.0,0.005666299985023215,True,True,milp_highs,True,371.96687892798127,5.666299985023215,,,,,,,,CENTRAL_ORACLE,0.0
SP1_N4_DISTRIBUTED_FAMILY_v2,E5_DPOP_SMALL,E5_DPOP:N8:K2:separated:cv0.65:p0.85:r5,3714393356,separated,8,2,0.65,0.85,OPTIMAL,371.96687892798127,371.96687892798127,0.0,0.005666299985023215,True,True,geo_qpg_u,True,463.1958582580731,2.6412000006530434,83.0,2856.0,,,,,,N4_ATOMIC,0.24526102859753598
SP1_N4_DISTRIBUTED_FAMILY_v2,E5_DPOP_SMALL,E5_DPOP:N8:K2:separated:cv0.65:p0.85:r5,3714393356,separated,8,2,0.65,0.85,OPTIMAL,371.96687892798127,371.96687892798127,0.0,0.005666299985023215,True,True,geo_qpg_p,True,423.10078901814654,13.619300007121637,324.0,12376.0,,,,,,N4_ATOMIC,0.13746898712469938
SP1_N4_DISTRIBUTED_FAMILY_v2,E5_DPOP_SMALL,E5_DPOP:N8:K2:separated:cv0.65:p0.85:r5,3714393356,separated,8,2,0.65,0.85,OPTIMAL,371.96687892798127,371.96687892798127,0.0,0.005666299985023215,True,True,geo_qpg_c3,True,371.96687892798127,28.155800013337284,876.0,34376.0,,,,,,N4_ATOMIC,0.0
SP1_N4_DISTRIBUTED_FAMILY_v2,E5_DPOP_SMALL,E5_DPOP:N8:K2:separated:cv0.65:p0.85:r5,3714393356,separated,8,2,0.65,0.85,OPTIMAL,371.96687892798127,371.96687892798127,0.0,0.005666299985023215,True,True,geo_qpg_d,True,371.96687892798127,14.452400006121024,488.0,18080.0,,,,,,N4_ATOMIC,0.0
SP1_N4_DISTRIBUTED_FAMILY_v2,E5_DPOP_SMALL,E5_DPOP:N8:K2:separated:cv0.65:p0.85:r6,3162527465,separated,8,2,0.65,0.85,OPTIMAL,498.38324231106367,498.38324231106367,0.0,0.00523310000426136,True,True,dpop_exact_small,True,498.38324231106367,37.23239997634664,14.0,26288.0,7.0,7.0,3279.0,7.0,6561.0,EXACT_DISTRIBUTED,0.0
SP1_N4_DISTRIBUTED_FAMILY_v2,E5_DPOP_SMALL,E5_DPOP:N8:K2:separated:cv0.65:p0.85:r6,3162527465,separated,8,2,0.65,0.85,OPTIMAL,498.38324231106367,498.38324231106367,0.0,0.00523310000426136,True,True,milp_highs,True,498.38324231106367,5.23310000426136,,,,,,,,CENTRAL_ORACLE,0.0
SP1_N4_DISTRIBUTED_FAMILY_v2,E5_DPOP_SMALL,E5_DPOP:N8:K2:separated:cv0.65:p0.85:r6,3162527465,separated,8,2,0.65,0.85,OPTIMAL,498.38324231106367,498.38324231106367,0.0,0.00523310000426136,True,True,geo_qpg_u,True,521.5407570843587,1.702100009424612,54.0,1848.0,,,,,,N4_ATOMIC,0.04646527573020074
SP1_N4_DISTRIBUTED_FAMILY_v2,E5_DPOP_SMALL,E5_DPOP:N8:K2:separated:cv0.65:p0.85:r6,3162527465,separated,8,2,0.65,0.85,OPTIMAL,498.38324231106367,498.38324231106367,0.0,0.00523310000426136,True,True,geo_qpg_p,True,507.23232830441685,9.550799994030967,179.0,6792.0,,,,,,N4_ATOMIC,0.017755584943664835
SP1_N4_DISTRIBUTED_FAMILY_v2,E5_DPOP_SMALL,E5_DPOP:N8:K2:separated:cv0.65:p0.85:r6,3162527465,separated,8,2,0.65,0.85,OPTIMAL,498.38324231106367,498.38324231106367,0.0,0.00523310000426136,True,True,geo_qpg_c3,True,507.23232830441685,25.01089998986572,607.0,23912.0,,,,,,N4_ATOMIC,0.017755584943664835
SP1_N4_DISTRIBUTED_FAMILY_v2,E5_DPOP_SMALL,E5_DPOP:N8:K2:separated:cv0.65:p0.85:r6,3162527465,separated,8,2,0.65,0.85,OPTIMAL,498.38324231106367,498.38324231106367,0.0,0.00523310000426136,True,True,geo_qpg_d,True,498.3832423110637,13.376399991102517,407.0,15004.0,,,,,,N4_ATOMIC,1.1405563838225814e-16
SP1_N4_DISTRIBUTED_FAMILY_v2,E5_DPOP_SMALL,E5_DPOP:N8:K2:separated:cv0.65:p0.85:r7,2995100723,separated,8,2,0.65,0.85,OPTIMAL,498.58739806677664,498.58739806677664,0.0,0.006573299993760884,True,True,dpop_exact_small,True,498.5873980667767,35.812399990390986,14.0,26288.0,7.0,7.0,3279.0,7.0,6561.0,EXACT_DISTRIBUTED,1.140089362090032e-16
SP1_N4_DISTRIBUTED_FAMILY_v2,E5_DPOP_SMALL,E5_DPOP:N8:K2:separated:cv0.65:p0.85:r7,2995100723,separated,8,2,0.65,0.85,OPTIMAL,498.58739806677664,498.58739806677664,0.0,0.006573299993760884,True,True,milp_highs,True,498.58739806677664,6.573299993760884,,,,,,,,CENTRAL_ORACLE,0.0
SP1_N4_DISTRIBUTED_FAMILY_v2,E5_DPOP_SMALL,E5_DPOP:N8:K2:separated:cv0.65:p0.85:r7,2995100723,separated,8,2,0.65,0.85,OPTIMAL,498.58739806677664,498.58739806677664,0.0,0.006573299993760884,True,True,geo_qpg_u,True,498.5873980667767,2.0223000028636307,87.0,3024.0,,,,,,N4_ATOMIC,1.140089362090032e-16
SP1_N4_DISTRIBUTED_FAMILY_v2,E5_DPOP_SMALL,E5_DPOP:N8:K2:separated:cv0.65:p0.85:r7,2995100723,separated,8,2,0.65,0.85,OPTIMAL,498.58739806677664,498.58739806677664,0.0,0.006573299993760884,True,True,geo_qpg_p,True,498.5873980667767,6.824399984907359,151.0,5584.0,,,,,,N4_ATOMIC,1.140089362090032e-16
SP1_N4_DISTRIBUTED_FAMILY_v2,E5_DPOP_SMALL,E5_DPOP:N8:K2:separated:cv0.65:p0.85:r7,2995100723,separated,8,2,0.65,0.85,OPTIMAL,498.58739806677664,498.58739806677664,0.0,0.006573299993760884,True,True,geo_qpg_c3,True,498.5873980667767,17.031499999575317,399.0,15504.0,,,,,,N4_ATOMIC,1.140089362090032e-16
SP1_N4_DISTRIBUTED_FAMILY_v2,E5_DPOP_SMALL,E5_DPOP:N8:K2:separated:cv0.65:p0.85:r7,2995100723,separated,8,2,0.65,0.85,OPTIMAL,498.58739806677664,498.58739806677664,0.0,0.006573299993760884,True,True,geo_qpg_d,True,510.3233126092824,7.740700006252155,347.0,12092.0,,,,,,N4_ATOMIC,0.023538329664990792
SP1_N4_DISTRIBUTED_FAMILY_v2,E5_DPOP_SMALL,E5_DPOP:N8:K2:separated:cv0.65:p0.85:r8,4179027044,separated,8,2,0.65,0.85,OPTIMAL,490.9049539864531,490.9049539864531,0.0,0.0023834999883547425,True,True,dpop_exact_small,True,490.904953986453,35.90820002136752,14.0,26288.0,7.0,7.0,3279.0,7.0,6561.0,EXACT_DISTRIBUTED,-2.3158625065485347e-16
SP1_N4_DISTRIBUTED_FAMILY_v2,E5_DPOP_SMALL,E5_DPOP:N8:K2:separated:cv0.65:p0.85:r8,4179027044,separated,8,2,0.65,0.85,OPTIMAL,490.9049539864531,490.9049539864531,0.0,0.0023834999883547425,True,True,milp_highs,True,490.9049539864531,2.3834999883547425,,,,,,,,CENTRAL_ORACLE,0.0
SP1_N4_DISTRIBUTED_FAMILY_v2,E5_DPOP_SMALL,E5_DPOP:N8:K2:separated:cv0.65:p0.85:r8,4179027044,separated,8,2,0.65,0.85,OPTIMAL,490.9049539864531,490.9049539864531,0.0,0.0023834999883547425,True,True,geo_qpg_u,True,540.3881925604427,1.7684000195004046,63.0,2156.0,,,,,,N4_ATOMIC,0.10080003913620132
SP1_N4_DISTRIBUTED_FAMILY_v2,E5_DPOP_SMALL,E5_DPOP:N8:K2:separated:cv0.65:p0.85:r8,4179027044,separated,8,2,0.65,0.85,OPTIMAL,490.9049539864531,490.9049539864531,0.0,0.0023834999883547425,True,True,geo_qpg_p,True,490.90495398645305,10.805099998833612,256.0,9736.0,,,,,,N4_ATOMIC,-1.1579312532742674e-16
SP1_N4_DISTRIBUTED_FAMILY_v2,E5_DPOP_SMALL,E5_DPOP:N8:K2:separated:cv0.65:p0.85:r8,4179027044,separated,8,2,0.65,0.85,OPTIMAL,490.9049539864531,490.9049539864531,0.0,0.0023834999883547425,True,True,geo_qpg_c3,True,490.90495398645305,27.246199984801933,716.0,28136.0,,,,,,N4_ATOMIC,-1.1579312532742674e-16
SP1_N4_DISTRIBUTED_FAMILY_v2,E5_DPOP_SMALL,E5_DPOP:N8:K2:separated:cv0.65:p0.85:r8,4179027044,separated,8,2,0.65,0.85,OPTIMAL,490.9049539864531,490.9049539864531,0.0,0.0023834999883547425,True,True,geo_qpg_d,True,490.90495398645305,13.126800011377782,411.0,14876.0,,,,,,N4_ATOMIC,-1.1579312532742674e-16
SP1_N4_DISTRIBUTED_FAMILY_v2,E5_DPOP_SMALL,E5_DPOP:N8:K2:separated:cv0.65:p0.85:r9,313629660,separated,8,2,0.65,0.85,OPTIMAL,434.9195964563221,434.91959645632215,0.0,0.0025305000017397106,True,True,dpop_exact_small,True,434.9195964563221,38.1350000097882,14.0,26288.0,7.0,7.0,3279.0,7.0,6561.0,EXACT_DISTRIBUTED,0.0
SP1_N4_DISTRIBUTED_FAMILY_v2,E5_DPOP_SMALL,E5_DPOP:N8:K2:separated:cv0.65:p0.85:r9,313629660,separated,8,2,0.65,0.85,OPTIMAL,434.9195964563221,434.91959645632215,0.0,0.0025305000017397106,True,True,milp_highs,True,434.9195964563221,2.5305000017397106,,,,,,,,CENTRAL_ORACLE,0.0
SP1_N4_DISTRIBUTED_FAMILY_v2,E5_DPOP_SMALL,E5_DPOP:N8:K2:separated:cv0.65:p0.85:r9,313629660,separated,8,2,0.65,0.85,OPTIMAL,434.9195964563221,434.91959645632215,0.0,0.0025305000017397106,True,True,geo_qpg_u,True,518.0495147466593,2.211500017438084,83.0,2856.0,,,,,,N4_ATOMIC,0.19113858967880676
SP1_N4_DISTRIBUTED_FAMILY_v2,E5_DPOP_SMALL,E5_DPOP:N8:K2:separated:cv0.65:p0.85:r9,313629660,separated,8,2,0.65,0.85,OPTIMAL,434.9195964563221,434.91959645632215,0.0,0.0025305000017397106,True,True,geo_qpg_p,True,434.91959645632215,8.907300012651831,273.0,10536.0,,,,,,N4_ATOMIC,1.306986839037883e-16
SP1_N4_DISTRIBUTED_FAMILY_v2,E5_DPOP_SMALL,E5_DPOP:N8:K2:separated:cv0.65:p0.85:r9,313629660,separated,8,2,0.65,0.85,OPTIMAL,434.9195964563221,434.91959645632215,0.0,0.0025305000017397106,True,True,geo_qpg_c3,True,434.91959645632215,20.152299985056743,577.0,22696.0,,,,,,N4_ATOMIC,1.306986839037883e-16
SP1_N4_DISTRIBUTED_FAMILY_v2,E5_DPOP_SMALL,E5_DPOP:N8:K2:separated:cv0.65:p0.85:r9,313629660,separated,8,2,0.65,0.85,OPTIMAL,434.9195964563221,434.91959645632215,0.0,0.0025305000017397106,True,True,geo_qpg_d,True,550.6089174643612,9.248000016668811,403.0,14196.0,,,,,,N4_ATOMIC,0.26600162869335664
SP1_N4_DISTRIBUTED_FAMILY_v2,E5_DPOP_SMALL,E5_DPOP:N8:K2:ring:cv0.35:p0.7:r0,2216716102,ring,8,2,0.35,0.7,OPTIMAL,234.1916788810006,234.19167888100063,0.0,0.004022199980681762,True,True,dpop_exact_small,True,234.19167888100063,36.800800007767975,14.0,26288.0,7.0,7.0,3279.0,7.0,6561.0,EXACT_DISTRIBUTED,1.213608850929579e-16
SP1_N4_DISTRIBUTED_FAMILY_v2,E5_DPOP_SMALL,E5_DPOP:N8:K2:ring:cv0.35:p0.7:r0,2216716102,ring,8,2,0.35,0.7,OPTIMAL,234.1916788810006,234.19167888100063,0.0,0.004022199980681762,True,True,milp_highs,True,234.1916788810006,4.022199980681762,,,,,,,,CENTRAL_ORACLE,0.0
SP1_N4_DISTRIBUTED_FAMILY_v2,E5_DPOP_SMALL,E5_DPOP:N8:K2:ring:cv0.35:p0.7:r0,2216716102,ring,8,2,0.35,0.7,OPTIMAL,234.1916788810006,234.19167888100063,0.0,0.004022199980681762,True,True,geo_qpg_u,True,268.19629700072534,1.6116999904625118,54.0,1848.0,,,,,,N4_ATOMIC,0.14519994169819947
SP1_N4_DISTRIBUTED_FAMILY_v2,E5_DPOP_SMALL,E5_DPOP:N8:K2:ring:cv0.35:p0.7:r0,2216716102,ring,8,2,0.35,0.7,OPTIMAL,234.1916788810006,234.19167888100063,0.0,0.004022199980681762,True,True,geo_qpg_p,True,261.4277872437356,7.3515999829396605,172.0,6584.0,,,,,,N4_ATOMIC,0.11629836078238484
SP1_N4_DISTRIBUTED_FAMILY_v2,E5_DPOP_SMALL,E5_DPOP:N8:K2:ring:cv0.35:p0.7:r0,2216716102,ring,8,2,0.35,0.7,OPTIMAL,234.1916788810006,234.19167888100063,0.0,0.004022199980681762,True,True,geo_qpg_c3,True,261.4277872437356,15.46500000404194,352.0,13784.0,,,,,,N4_ATOMIC,0.11629836078238484
SP1_N4_DISTRIBUTED_FAMILY_v2,E5_DPOP_SMALL,E5_DPOP:N8:K2:ring:cv0.35:p0.7:r0,2216716102,ring,8,2,0.35,0.7,OPTIMAL,234.1916788810006,234.19167888100063,0.0,0.004022199980681762,True,True,geo_qpg_d,True,259.39233127920744,8.285499992780387,338.0,11992.0,,,,,,N4_ATOMIC,0.10760695050575218
SP1_N4_DISTRIBUTED_FAMILY_v2,E5_DPOP_SMALL,E5_DPOP:N8:K2:ring:cv0.35:p0.7:r1,1986356493,ring,8,2,0.35,0.7,OPTIMAL,168.0701104832914,168.0701104832914,0.0,0.0019355000113137066,True,True,dpop_exact_small,True,168.0701104832914,36.99379999306984,14.0,26288.0,7.0,7.0,3279.0,7.0,6561.0,EXACT_DISTRIBUTED,0.0
SP1_N4_DISTRIBUTED_FAMILY_v2,E5_DPOP_SMALL,E5_DPOP:N8:K2:ring:cv0.35:p0.7:r1,1986356493,ring,8,2,0.35,0.7,OPTIMAL,168.0701104832914,168.0701104832914,0.0,0.0019355000113137066,True,True,milp_highs,True,168.0701104832914,1.9355000113137066,,,,,,,,CENTRAL_ORACLE,0.0
SP1_N4_DISTRIBUTED_FAMILY_v2,E5_DPOP_SMALL,E5_DPOP:N8:K2:ring:cv0.35:p0.7:r1,1986356493,ring,8,2,0.35,0.7,OPTIMAL,168.0701104832914,168.0701104832914,0.0,0.0019355000113137066,True,True,geo_qpg_u,True,218.68120316888155,1.7623000021558255,52.0,1764.0,,,,,,N4_ATOMIC,0.3011308348644279
SP1_N4_DISTRIBUTED_FAMILY_v2,E5_DPOP_SMALL,E5_DPOP:N8:K2:ring:cv0.35:p0.7:r1,1986356493,ring,8,2,0.35,0.7,OPTIMAL,168.0701104832914,168.0701104832914,0.0,0.0019355000113137066,True,True,geo_qpg_p,True,168.0701104832914,12.216200004331768,253.0,9700.0,,,,,,N4_ATOMIC,0.0
SP1_N4_DISTRIBUTED_FAMILY_v2,E5_DPOP_SMALL,E5_DPOP:N8:K2:ring:cv0.35:p0.7:r1,1986356493,ring,8,2,0.35,0.7,OPTIMAL,168.0701104832914,168.0701104832914,0.0,0.0019355000113137066,True,True,geo_qpg_c3,True,168.0701104832914,30.570900009479374,729.0,28740.0,,,,,,N4_ATOMIC,0.0
SP1_N4_DISTRIBUTED_FAMILY_v2,E5_DPOP_SMALL,E5_DPOP:N8:K2:ring:cv0.35:p0.7:r1,1986356493,ring,8,2,0.35,0.7,OPTIMAL,168.0701104832914,168.0701104832914,0.0,0.0019355000113137066,True,True,geo_qpg_d,True,208.5373019031,12.781500001437962,344.0,12496.0,,,,,,N4_ATOMIC,0.24077565786946775
SP1_N4_DISTRIBUTED_FAMILY_v2,E5_DPOP_SMALL,E5_DPOP:N8:K2:ring:cv0.35:p0.7:r2,1836319415,ring,8,2,0.35,0.7,OPTIMAL,163.65031340546344,163.65031340546346,0.0,0.002001499990001321,True,True,dpop_exact_small,True,163.65031340546346,38.98070001741871,14.0,26288.0,7.0,7.0,3279.0,7.0,6561.0,EXACT_DISTRIBUTED,1.7367341888301666e-16
SP1_N4_DISTRIBUTED_FAMILY_v2,E5_DPOP_SMALL,E5_DPOP:N8:K2:ring:cv0.35:p0.7:r2,1836319415,ring,8,2,0.35,0.7,OPTIMAL,163.65031340546344,163.65031340546346,0.0,0.002001499990001321,True,True,milp_highs,True,163.65031340546344,2.001499990001321,,,,,,,,CENTRAL_ORACLE,0.0
SP1_N4_DISTRIBUTED_FAMILY_v2,E5_DPOP_SMALL,E5_DPOP:N8:K2:ring:cv0.35:p0.7:r2,1836319415,ring,8,2,0.35,0.7,OPTIMAL,163.65031340546344,163.65031340546346,0.0,0.002001499990001321,True,True,geo_qpg_u,True,276.13032111313953,1.9421999750193208,59.0,1988.0,,,,,,N4_ATOMIC,0.687319231885571
SP1_N4_DISTRIBUTED_FAMILY_v2,E5_DPOP_SMALL,E5_DPOP:N8:K2:ring:cv0.35:p0.7:r2,1836319415,ring,8,2,0.35,0.7,OPTIMAL,163.65031340546344,163.65031340546346,0.0,0.002001499990001321,True,True,geo_qpg_p,True,163.65031340546346,14.265500009059906,290.0,10988.0,,,,,,N4_ATOMIC,1.7367341888301666e-16
SP1_N4_DISTRIBUTED_FAMILY_v2,E5_DPOP_SMALL,E5_DPOP:N8:K2:ring:cv0.35:p0.7:r2,1836319415,ring,8,2,0.35,0.7,OPTIMAL,163.65031340546344,163.65031340546346,0.0,0.002001499990001321,True,True,geo_qpg_c3,True,163.65031340546346,30.456400010734797,738.0,28908.0,,,,,,N4_ATOMIC,1.7367341888301666e-16
SP1_N4_DISTRIBUTED_FAMILY_v2,E5_DPOP_SMALL,E5_DPOP:N8:K2:ring:cv0.35:p0.7:r2,1836319415,ring,8,2,0.35,0.7,OPTIMAL,163.65031340546344,163.65031340546346,0.0,0.002001499990001321,True,True,geo_qpg_d,True,163.65031340546346,15.412000007927418,395.0,14516.0,,,,,,N4_ATOMIC,1.7367341888301666e-16
SP1_N4_DISTRIBUTED_FAMILY_v2,E5_DPOP_SMALL,E5_DPOP:N8:K2:ring:cv0.35:p0.7:r3,818001835,ring,8,2,0.35,0.7,OPTIMAL,150.62401564455388,150.62401564455388,0.0,0.0013562999956775457,True,True,dpop_exact_small,True,150.62401564455388,36.30280002835207,14.0,26288.0,7.0,7.0,3279.0,7.0,6561.0,EXACT_DISTRIBUTED,0.0
SP1_N4_DISTRIBUTED_FAMILY_v2,E5_DPOP_SMALL,E5_DPOP:N8:K2:ring:cv0.35:p0.7:r3,818001835,ring,8,2,0.35,0.7,OPTIMAL,150.62401564455388,150.62401564455388,0.0,0.0013562999956775457,True,True,milp_highs,True,150.62401564455388,1.3562999956775457,,,,,,,,CENTRAL_ORACLE,0.0
SP1_N4_DISTRIBUTED_FAMILY_v2,E5_DPOP_SMALL,E5_DPOP:N8:K2:ring:cv0.35:p0.7:r3,818001835,ring,8,2,0.35,0.7,OPTIMAL,150.62401564455388,150.62401564455388,0.0,0.0013562999956775457,True,True,geo_qpg_u,True,214.71219182003423,1.8995999998878688,50.0,1680.0,,,,,,N4_ATOMIC,0.42548444815544656
SP1_N4_DISTRIBUTED_FAMILY_v2,E5_DPOP_SMALL,E5_DPOP:N8:K2:ring:cv0.35:p0.7:r3,818001835,ring,8,2,0.35,0.7,OPTIMAL,150.62401564455388,150.62401564455388,0.0,0.0013562999956775457,True,True,geo_qpg_p,True,150.6240156445539,11.108600010629743,240.0,9132.0,,,,,,N4_ATOMIC,1.8869307997653065e-16
SP1_N4_DISTRIBUTED_FAMILY_v2,E5_DPOP_SMALL,E5_DPOP:N8:K2:ring:cv0.35:p0.7:r3,818001835,ring,8,2,0.35,0.7,OPTIMAL,150.62401564455388,150.62401564455388,0.0,0.0013562999956775457,True,True,geo_qpg_c3,True,150.6240156445539,28.211699973326176,688.0,27052.0,,,,,,N4_ATOMIC,1.8869307997653065e-16
SP1_N4_DISTRIBUTED_FAMILY_v2,E5_DPOP_SMALL,E5_DPOP:N8:K2:ring:cv0.35:p0.7:r3,818001835,ring,8,2,0.35,0.7,OPTIMAL,150.62401564455388,150.62401564455388,0.0,0.0013562999956775457,True,True,geo_qpg_d,True,150.6240156445539,10.721900005592033,291.0,10464.0,,,,,,N4_ATOMIC,1.8869307997653065e-16
SP1_N4_DISTRIBUTED_FAMILY_v2,E5_DPOP_SMALL,E5_DPOP:N8:K2:ring:cv0.35:p0.7:r4,2208882999,ring,8,2,0.35,0.7,OPTIMAL,182.45517796247623,182.45517796247623,0.0,0.0035370999830774963,True,True,dpop_exact_small,True,182.4551779624762,36.815599974943325,14.0,26288.0,7.0,7.0,3279.0,7.0,6561.0,EXACT_DISTRIBUTED,-1.5577365218020407e-16
SP1_N4_DISTRIBUTED_FAMILY_v2,E5_DPOP_SMALL,E5_DPOP:N8:K2:ring:cv0.35:p0.7:r4,2208882999,ring,8,2,0.35,0.7,OPTIMAL,182.45517796247623,182.45517796247623,0.0,0.0035370999830774963,True,True,milp_highs,True,182.45517796247623,3.5370999830774963,,,,,,,,CENTRAL_ORACLE,0.0
SP1_N4_DISTRIBUTED_FAMILY_v2,E5_DPOP_SMALL,E5_DPOP:N8:K2:ring:cv0.35:p0.7:r4,2208882999,ring,8,2,0.35,0.7,OPTIMAL,182.45517796247623,182.45517796247623,0.0,0.0035370999830774963,True,True,geo_qpg_u,True,263.84412225805846,1.8385000003036112,54.0,1848.0,,,,,,N4_ATOMIC,0.4460763745072815
SP1_N4_DISTRIBUTED_FAMILY_v2,E5_DPOP_SMALL,E5_DPOP:N8:K2:ring:cv0.35:p0.7:r4,2208882999,ring,8,2,0.35,0.7,OPTIMAL,182.45517796247623,182.45517796247623,0.0,0.0035370999830774963,True,True,geo_qpg_p,True,182.45517796247623,13.939700002083555,312.0,11916.0,,,,,,N4_ATOMIC,0.0
SP1_N4_DISTRIBUTED_FAMILY_v2,E5_DPOP_SMALL,E5_DPOP:N8:K2:ring:cv0.35:p0.7:r4,2208882999,ring,8,2,0.35,0.7,OPTIMAL,182.45517796247623,182.45517796247623,0.0,0.0035370999830774963,True,True,geo_qpg_c3,True,182.45517796247623,33.40079999179579,776.0,30476.0,,,,,,N4_ATOMIC,0.0
SP1_N4_DISTRIBUTED_FAMILY_v2,E5_DPOP_SMALL,E5_DPOP:N8:K2:ring:cv0.35:p0.7:r4,2208882999,ring,8,2,0.35,0.7,OPTIMAL,182.45517796247623,182.45517796247623,0.0,0.0035370999830774963,True,True,geo_qpg_d,True,190.71623269755526,10.453499999130145,284.0,10212.0,,,,,,N4_ATOMIC,0.04527717342600164
SP1_N4_DISTRIBUTED_FAMILY_v2,E5_DPOP_SMALL,E5_DPOP:N8:K2:ring:cv0.35:p0.7:r5,726675415,ring,8,2,0.35,0.7,OPTIMAL,180.56373579396794,180.5637357939679,0.0,0.0022041999909561127,True,True,dpop_exact_small,True,180.5637357939679,38.02649999852292,14.0,26288.0,7.0,7.0,3279.0,7.0,6561.0,EXACT_DISTRIBUTED,-1.5740541313807647e-16
SP1_N4_DISTRIBUTED_FAMILY_v2,E5_DPOP_SMALL,E5_DPOP:N8:K2:ring:cv0.35:p0.7:r5,726675415,ring,8,2,0.35,0.7,OPTIMAL,180.56373579396794,180.5637357939679,0.0,0.0022041999909561127,True,True,milp_highs,True,180.56373579396794,2.2041999909561127,,,,,,,,CENTRAL_ORACLE,0.0
SP1_N4_DISTRIBUTED_FAMILY_v2,E5_DPOP_SMALL,E5_DPOP:N8:K2:ring:cv0.35:p0.7:r5,726675415,ring,8,2,0.35,0.7,OPTIMAL,180.56373579396794,180.5637357939679,0.0,0.0022041999909561127,True,True,geo_qpg_u,True,262.95820692931056,1.952299993718043,74.0,2548.0,,,,,,N4_ATOMIC,0.4563179354538763
SP1_N4_DISTRIBUTED_FAMILY_v2,E5_DPOP_SMALL,E5_DPOP:N8:K2:ring:cv0.35:p0.7:r5,726675415,ring,8,2,0.35,0.7,OPTIMAL,180.56373579396794,180.5637357939679,0.0,0.0022041999909561127,True,True,geo_qpg_p,True,214.03462801582504,10.83489999291487,276.0,10508.0,,,,,,N4_ATOMIC,0.18536885091948377
SP1_N4_DISTRIBUTED_FAMILY_v2,E5_DPOP_SMALL,E5_DPOP:N8:K2:ring:cv0.35:p0.7:r5,726675415,ring,8,2,0.35,0.7,OPTIMAL,180.56373579396794,180.5637357939679,0.0,0.0022041999909561127,True,True,geo_qpg_c3,True,180.5637357939679,24.490000010700896,653.0,25592.0,,,,,,N4_ATOMIC,-1.5740541313807647e-16
SP1_N4_DISTRIBUTED_FAMILY_v2,E5_DPOP_SMALL,E5_DPOP:N8:K2:ring:cv0.35:p0.7:r5,726675415,ring,8,2,0.35,0.7,OPTIMAL,180.56373579396794,180.5637357939679,0.0,0.0022041999909561127,True,True,geo_qpg_d,True,180.5637357939679,14.42630001110956,450.0,16732.0,,,,,,N4_ATOMIC,-1.5740541313807647e-16
SP1_N4_DISTRIBUTED_FAMILY_v2,E5_DPOP_SMALL,E5_DPOP:N8:K2:ring:cv0.35:p0.7:r6,2490276466,ring,8,2,0.35,0.7,OPTIMAL,195.298409807806,195.29840980780602,0.0,0.006841199996415526,True,True,dpop_exact_small,True,195.29840980780602,36.441000003833324,14.0,26288.0,7.0,7.0,3279.0,7.0,6561.0,EXACT_DISTRIBUTED,1.4552965105232517e-16
SP1_N4_DISTRIBUTED_FAMILY_v2,E5_DPOP_SMALL,E5_DPOP:N8:K2:ring:cv0.35:p0.7:r6,2490276466,ring,8,2,0.35,0.7,OPTIMAL,195.298409807806,195.29840980780602,0.0,0.006841199996415526,True,True,milp_highs,True,195.298409807806,6.841199996415526,,,,,,,,CENTRAL_ORACLE,0.0
SP1_N4_DISTRIBUTED_FAMILY_v2,E5_DPOP_SMALL,E5_DPOP:N8:K2:ring:cv0.35:p0.7:r6,2490276466,ring,8,2,0.35,0.7,OPTIMAL,195.298409807806,195.29840980780602,0.0,0.006841199996415526,True,True,geo_qpg_u,True,222.186197648156,2.736199996434152,66.0,2212.0,,,,,,N4_ATOMIC,0.13767540589199057
SP1_N4_DISTRIBUTED_FAMILY_v2,E5_DPOP_SMALL,E5_DPOP:N8:K2:ring:cv0.35:p0.7:r6,2490276466,ring,8,2,0.35,0.7,OPTIMAL,195.298409807806,195.29840980780602,0.0,0.006841199996415526,True,True,geo_qpg_p,True,196.11443172610194,12.624199996935204,268.0,10220.0,,,,,,N4_ATOMIC,0.004178333654119334
SP1_N4_DISTRIBUTED_FAMILY_v2,E5_DPOP_SMALL,E5_DPOP:N8:K2:ring:cv0.35:p0.7:r6,2490276466,ring,8,2,0.35,0.7,OPTIMAL,195.298409807806,195.29840980780602,0.0,0.006841199996415526,True,True,geo_qpg_c3,True,196.11443172610194,31.79660000023432,716.0,28140.0,,,,,,N4_ATOMIC,0.004178333654119334
SP1_N4_DISTRIBUTED_FAMILY_v2,E5_DPOP_SMALL,E5_DPOP:N8:K2:ring:cv0.35:p0.7:r6,2490276466,ring,8,2,0.35,0.7,OPTIMAL,195.298409807806,195.29840980780602,0.0,0.006841199996415526,True,True,geo_qpg_d,True,196.11443172610194,12.845799996284768,356.0,13180.0,,,,,,N4_ATOMIC,0.004178333654119334
SP1_N4_DISTRIBUTED_FAMILY_v2,E5_DPOP_SMALL,E5_DPOP:N8:K2:ring:cv0.35:p0.7:r7,3821104047,ring,8,2,0.35,0.7,OPTIMAL,176.12006262069073,176.12006262069073,0.0,0.0037389999779406935,True,True,dpop_exact_small,True,176.12006262069073,37.418499996419996,14.0,26288.0,7.0,7.0,3279.0,7.0,6561.0,EXACT_DISTRIBUTED,0.0
SP1_N4_DISTRIBUTED_FAMILY_v2,E5_DPOP_SMALL,E5_DPOP:N8:K2:ring:cv0.35:p0.7:r7,3821104047,ring,8,2,0.35,0.7,OPTIMAL,176.12006262069073,176.12006262069073,0.0,0.0037389999779406935,True,True,milp_highs,True,176.12006262069073,3.7389999779406935,,,,,,,,CENTRAL_ORACLE,0.0
SP1_N4_DISTRIBUTED_FAMILY_v2,E5_DPOP_SMALL,E5_DPOP:N8:K2:ring:cv0.35:p0.7:r7,3821104047,ring,8,2,0.35,0.7,OPTIMAL,176.12006262069073,176.12006262069073,0.0,0.0037389999779406935,True,True,geo_qpg_u,True,267.3705072037444,1.750499999616295,56.0,1932.0,,,,,,N4_ATOMIC,0.518114990565155
SP1_N4_DISTRIBUTED_FAMILY_v2,E5_DPOP_SMALL,E5_DPOP:N8:K2:ring:cv0.35:p0.7:r7,3821104047,ring,8,2,0.35,0.7,OPTIMAL,176.12006262069073,176.12006262069073,0.0,0.0037389999779406935,True,True,geo_qpg_p,True,183.64596061347285,11.330200009979308,258.0,9956.0,,,,,,N4_ATOMIC,0.04273163364125429
SP1_N4_DISTRIBUTED_FAMILY_v2,E5_DPOP_SMALL,E5_DPOP:N8:K2:ring:cv0.35:p0.7:r7,3821104047,ring,8,2,0.35,0.7,OPTIMAL,176.12006262069073,176.12006262069073,0.0,0.0037389999779406935,True,True,geo_qpg_c3,True,180.71022143438879,26.230000017676502,808.0,31988.0,,,,,,N4_ATOMIC,0.02606266853075033
SP1_N4_DISTRIBUTED_FAMILY_v2,E5_DPOP_SMALL,E5_DPOP:N8:K2:ring:cv0.35:p0.7:r7,3821104047,ring,8,2,0.35,0.7,OPTIMAL,176.12006262069073,176.12006262069073,0.0,0.0037389999779406935,True,True,geo_qpg_d,True,176.12006262069073,9.285499982070178,290.0,10296.0,,,,,,N4_ATOMIC,0.0
SP1_N4_DISTRIBUTED_FAMILY_v2,E5_DPOP_SMALL,E5_DPOP:N8:K2:ring:cv0.35:p0.7:r8,3952489002,ring,8,2,0.35,0.7,OPTIMAL,207.90143641183934,207.90143641183934,0.0,0.003456900012679398,True,True,dpop_exact_small,True,207.9014364118393,36.71530002611689,14.0,26288.0,7.0,7.0,3279.0,7.0,6561.0,EXACT_DISTRIBUTED,-1.3670761453568043e-16
SP1_N4_DISTRIBUTED_FAMILY_v2,E5_DPOP_SMALL,E5_DPOP:N8:K2:ring:cv0.35:p0.7:r8,3952489002,ring,8,2,0.35,0.7,OPTIMAL,207.90143641183934,207.90143641183934,0.0,0.003456900012679398,True,True,milp_highs,True,207.90143641183934,3.456900012679398,,,,,,,,CENTRAL_ORACLE,0.0
SP1_N4_DISTRIBUTED_FAMILY_v2,E5_DPOP_SMALL,E5_DPOP:N8:K2:ring:cv0.35:p0.7:r8,3952489002,ring,8,2,0.35,0.7,OPTIMAL,207.90143641183934,207.90143641183934,0.0,0.003456900012679398,True,True,geo_qpg_u,True,267.83565748106844,1.7389999993611127,54.0,1848.0,,,,,,N4_ATOMIC,0.2882818998446132
SP1_N4_DISTRIBUTED_FAMILY_v2,E5_DPOP_SMALL,E5_DPOP:N8:K2:ring:cv0.35:p0.7:r8,3952489002,ring,8,2,0.35,0.7,OPTIMAL,207.90143641183934,207.90143641183934,0.0,0.003456900012679398,True,True,geo_qpg_p,True,207.9014364118393,13.022300001466647,242.0,9220.0,,,,,,N4_ATOMIC,-1.3670761453568043e-16
SP1_N4_DISTRIBUTED_FAMILY_v2,E5_DPOP_SMALL,E5_DPOP:N8:K2:ring:cv0.35:p0.7:r8,3952489002,ring,8,2,0.35,0.7,OPTIMAL,207.90143641183934,207.90143641183934,0.0,0.003456900012679398,True,True,geo_qpg_c3,True,207.9014364118393,28.264099993975833,710.0,27940.0,,,,,,N4_ATOMIC,-1.3670761453568043e-16
SP1_N4_DISTRIBUTED_FAMILY_v2,E5_DPOP_SMALL,E5_DPOP:N8:K2:ring:cv0.35:p0.7:r8,3952489002,ring,8,2,0.35,0.7,OPTIMAL,207.90143641183934,207.90143641183934,0.0,0.003456900012679398,True,True,geo_qpg_d,True,207.9014364118393,12.97449998673983,375.0,13620.0,,,,,,N4_ATOMIC,-1.3670761453568043e-16
SP1_N4_DISTRIBUTED_FAMILY_v2,E5_DPOP_SMALL,E5_DPOP:N8:K2:ring:cv0.35:p0.7:r9,1375364198,ring,8,2,0.35,0.7,OPTIMAL,235.34818346026407,235.34818346026407,0.0,0.0024374000204261392,True,True,dpop_exact_small,True,235.34818346026404,35.891200008336455,14.0,26288.0,7.0,7.0,3279.0,7.0,6561.0,EXACT_DISTRIBUTED,-1.2076451584425633e-16
SP1_N4_DISTRIBUTED_FAMILY_v2,E5_DPOP_SMALL,E5_DPOP:N8:K2:ring:cv0.35:p0.7:r9,1375364198,ring,8,2,0.35,0.7,OPTIMAL,235.34818346026407,235.34818346026407,0.0,0.0024374000204261392,True,True,milp_highs,True,235.34818346026407,2.4374000204261392,,,,,,,,CENTRAL_ORACLE,0.0
SP1_N4_DISTRIBUTED_FAMILY_v2,E5_DPOP_SMALL,E5_DPOP:N8:K2:ring:cv0.35:p0.7:r9,1375364198,ring,8,2,0.35,0.7,OPTIMAL,235.34818346026407,235.34818346026407,0.0,0.0024374000204261392,True,True,geo_qpg_u,True,256.9712196251556,1.6802999889478087,54.0,1848.0,,,,,,N4_ATOMIC,0.09187679227845974
SP1_N4_DISTRIBUTED_FAMILY_v2,E5_DPOP_SMALL,E5_DPOP:N8:K2:ring:cv0.35:p0.7:r9,1375364198,ring,8,2,0.35,0.7,OPTIMAL,235.34818346026407,235.34818346026407,0.0,0.0024374000204261392,True,True,geo_qpg_p,True,235.34818346026407,8.507999998982996,187.0,7120.0,,,,,,N4_ATOMIC,0.0
SP1_N4_DISTRIBUTED_FAMILY_v2,E5_DPOP_SMALL,E5_DPOP:N8:K2:ring:cv0.35:p0.7:r9,1375364198,ring,8,2,0.35,0.7,OPTIMAL,235.34818346026407,235.34818346026407,0.0,0.0024374000204261392,True,True,geo_qpg_c3,True,235.34818346026407,22.889999992912635,587.0,23120.0,,,,,,N4_ATOMIC,0.0
SP1_N4_DISTRIBUTED_FAMILY_v2,E5_DPOP_SMALL,E5_DPOP:N8:K2:ring:cv0.35:p0.7:r9,1375364198,ring,8,2,0.35,0.7,OPTIMAL,235.34818346026407,235.34818346026407,0.0,0.0024374000204261392,True,True,geo_qpg_d,True,238.5255529626608,13.78939999267459,492.0,18092.0,,,,,,N4_ATOMIC,0.013500718194127074
SP1_N4_DISTRIBUTED_FAMILY_v2,E5_DPOP_SMALL,E5_DPOP:N8:K2:ring:cv0.35:p0.85:r0,4070384611,ring,8,2,0.35,0.85,OPTIMAL,304.45124494839786,304.4512449483978,0.0,0.005318900017300621,True,True,dpop_exact_small,True,304.45124494839786,37.23449999233708,14.0,26288.0,7.0,7.0,3279.0,7.0,6561.0,EXACT_DISTRIBUTED,0.0
SP1_N4_DISTRIBUTED_FAMILY_v2,E5_DPOP_SMALL,E5_DPOP:N8:K2:ring:cv0.35:p0.85:r0,4070384611,ring,8,2,0.35,0.85,OPTIMAL,304.45124494839786,304.4512449483978,0.0,0.005318900017300621,True,True,milp_highs,True,304.45124494839786,5.318900017300621,,,,,,,,CENTRAL_ORACLE,0.0
SP1_N4_DISTRIBUTED_FAMILY_v2,E5_DPOP_SMALL,E5_DPOP:N8:K2:ring:cv0.35:p0.85:r0,4070384611,ring,8,2,0.35,0.85,OPTIMAL,304.45124494839786,304.4512449483978,0.0,0.005318900017300621,True,True,geo_qpg_u,True,327.28680405496857,2.134199981810525,79.0,2688.0,,,,,,N4_ATOMIC,0.07500563550147796
SP1_N4_DISTRIBUTED_FAMILY_v2,E5_DPOP_SMALL,E5_DPOP:N8:K2:ring:cv0.35:p0.85:r0,4070384611,ring,8,2,0.35,0.85,OPTIMAL,304.45124494839786,304.4512449483978,0.0,0.005318900017300621,True,True,geo_qpg_p,True,317.8494868948893,9.505000023636967,205.0,7660.0,,,,,,N4_ATOMIC,0.0440078408901312
SP1_N4_DISTRIBUTED_FAMILY_v2,E5_DPOP_SMALL,E5_DPOP:N8:K2:ring:cv0.35:p0.85:r0,4070384611,ring,8,2,0.35,0.85,OPTIMAL,304.45124494839786,304.4512449483978,0.0,0.005318900017300621,True,True,geo_qpg_c3,True,317.8494868948893,22.43020001333207,605.0,23660.0,,,,,,N4_ATOMIC,0.0440078408901312
SP1_N4_DISTRIBUTED_FAMILY_v2,E5_DPOP_SMALL,E5_DPOP:N8:K2:ring:cv0.35:p0.85:r0,4070384611,ring,8,2,0.35,0.85,OPTIMAL,304.45124494839786,304.4512449483978,0.0,0.005318900017300621,True,True,geo_qpg_d,True,321.899349733209,10.756300005596131,335.0,12116.0,,,,,,N4_ATOMIC,0.05731001293086676
SP1_N4_DISTRIBUTED_FAMILY_v2,E5_DPOP_SMALL,E5_DPOP:N8:K2:ring:cv0.35:p0.85:r1,639142225,ring,8,2,0.35,0.85,OPTIMAL,288.61995468170346,288.61995468170346,0.0,0.0036893999786116183,True,True,dpop_exact_small,True,288.61995468170346,38.00359999877401,14.0,26288.0,7.0,7.0,3279.0,7.0,6561.0,EXACT_DISTRIBUTED,0.0
SP1_N4_DISTRIBUTED_FAMILY_v2,E5_DPOP_SMALL,E5_DPOP:N8:K2:ring:cv0.35:p0.85:r1,639142225,ring,8,2,0.35,0.85,OPTIMAL,288.61995468170346,288.61995468170346,0.0,0.0036893999786116183,True,True,milp_highs,True,288.61995468170346,3.6893999786116183,,,,,,,,CENTRAL_ORACLE,0.0
SP1_N4_DISTRIBUTED_FAMILY_v2,E5_DPOP_SMALL,E5_DPOP:N8:K2:ring:cv0.35:p0.85:r1,639142225,ring,8,2,0.35,0.85,OPTIMAL,288.61995468170346,288.61995468170346,0.0,0.0036893999786116183,True,True,geo_qpg_u,True,344.4889207984393,1.8402999849058688,82.0,2884.0,,,,,,N4_ATOMIC,0.19357277697014888
SP1_N4_DISTRIBUTED_FAMILY_v2,E5_DPOP_SMALL,E5_DPOP:N8:K2:ring:cv0.35:p0.85:r1,639142225,ring,8,2,0.35,0.85,OPTIMAL,288.61995468170346,288.61995468170346,0.0,0.0036893999786116183,True,True,geo_qpg_p,True,324.9181852112709,7.948899990878999,240.0,9176.0,,,,,,N4_ATOMIC,0.12576479879777522
SP1_N4_DISTRIBUTED_FAMILY_v2,E5_DPOP_SMALL,E5_DPOP:N8:K2:ring:cv0.35:p0.85:r1,639142225,ring,8,2,0.35,0.85,OPTIMAL,288.61995468170346,288.61995468170346,0.0,0.0036893999786116183,True,True,geo_qpg_c3,True,324.9181852112709,14.713599986862391,444.0,17336.0,,,,,,N4_ATOMIC,0.12576479879777522
SP1_N4_DISTRIBUTED_FAMILY_v2,E5_DPOP_SMALL,E5_DPOP:N8:K2:ring:cv0.35:p0.85:r1,639142225,ring,8,2,0.35,0.85,OPTIMAL,288.61995468170346,288.61995468170346,0.0,0.0036893999786116183,True,True,geo_qpg_d,True,324.9181852112709,10.398100013844669,535.0,20184.0,,,,,,N4_ATOMIC,0.12576479879777522
SP1_N4_DISTRIBUTED_FAMILY_v2,E5_DPOP_SMALL,E5_DPOP:N8:K2:ring:cv0.35:p0.85:r2,3628836670,ring,8,2,0.35,0.85,OPTIMAL,242.15200367471215,242.15200367471215,0.0,0.007149699988076463,True,True,dpop_exact_small,True,242.15200367471215,36.513200000626966,14.0,26288.0,7.0,7.0,3279.0,7.0,6561.0,EXACT_DISTRIBUTED,0.0
SP1_N4_DISTRIBUTED_FAMILY_v2,E5_DPOP_SMALL,E5_DPOP:N8:K2:ring:cv0.35:p0.85:r2,3628836670,ring,8,2,0.35,0.85,OPTIMAL,242.15200367471215,242.15200367471215,0.0,0.007149699988076463,True,True,milp_highs,True,242.15200367471215,7.149699988076463,,,,,,,,CENTRAL_ORACLE,0.0
SP1_N4_DISTRIBUTED_FAMILY_v2,E5_DPOP_SMALL,E5_DPOP:N8:K2:ring:cv0.35:p0.85:r2,3628836670,ring,8,2,0.35,0.85,OPTIMAL,242.15200367471215,242.15200367471215,0.0,0.007149699988076463,True,True,geo_qpg_u,True,261.5472819384891,2.2430999961216003,87.0,3024.0,,,,,,N4_ATOMIC,0.08009546883548005
SP1_N4_DISTRIBUTED_FAMILY_v2,E5_DPOP_SMALL,E5_DPOP:N8:K2:ring:cv0.35:p0.85:r2,3628836670,ring,8,2,0.35,0.85,OPTIMAL,242.15200367471215,242.15200367471215,0.0,0.007149699988076463,True,True,geo_qpg_p,True,252.50706710112541,8.32970000919886,241.0,9088.0,,,,,,N4_ATOMIC,0.04276265845119101
SP1_N4_DISTRIBUTED_FAMILY_v2,E5_DPOP_SMALL,E5_DPOP:N8:K2:ring:cv0.35:p0.85:r2,3628836670,ring,8,2,0.35,0.85,OPTIMAL,242.15200367471215,242.15200367471215,0.0,0.007149699988076463,True,True,geo_qpg_c3,True,252.50706710112541,17.46380000258796,561.0,21888.0,,,,,,N4_ATOMIC,0.04276265845119101
SP1_N4_DISTRIBUTED_FAMILY_v2,E5_DPOP_SMALL,E5_DPOP:N8:K2:ring:cv0.35:p0.85:r2,3628836670,ring,8,2,0.35,0.85,OPTIMAL,242.15200367471215,242.15200367471215,0.0,0.007149699988076463,True,True,geo_qpg_d,True,242.15200367471215,12.245999998413026,470.0,17968.0,,,,,,N4_ATOMIC,0.0
SP1_N4_DISTRIBUTED_FAMILY_v2,E5_DPOP_SMALL,E5_DPOP:N8:K2:ring:cv0.35:p0.85:r3,1208357889,ring,8,2,0.35,0.85,OPTIMAL,263.88012373638827,263.88012373638827,0.0,0.00333360000513494,True,True,dpop_exact_small,True,263.88012373638827,36.89759998815134,14.0,26288.0,7.0,7.0,3279.0,7.0,6561.0,EXACT_DISTRIBUTED,0.0
SP1_N4_DISTRIBUTED_FAMILY_v2,E5_DPOP_SMALL,E5_DPOP:N8:K2:ring:cv0.35:p0.85:r3,1208357889,ring,8,2,0.35,0.85,OPTIMAL,263.88012373638827,263.88012373638827,0.0,0.00333360000513494,True,True,milp_highs,True,263.88012373638827,3.33360000513494,,,,,,,,CENTRAL_ORACLE,0.0
SP1_N4_DISTRIBUTED_FAMILY_v2,E5_DPOP_SMALL,E5_DPOP:N8:K2:ring:cv0.35:p0.85:r3,1208357889,ring,8,2,0.35,0.85,OPTIMAL,263.88012373638827,263.88012373638827,0.0,0.00333360000513494,True,True,geo_qpg_u,True,289.83313270388004,2.068900008453056,81.0,2772.0,,,,,,N4_ATOMIC,0.09835151128479226
SP1_N4_DISTRIBUTED_FAMILY_v2,E5_DPOP_SMALL,E5_DPOP:N8:K2:ring:cv0.35:p0.85:r3,1208357889,ring,8,2,0.35,0.85,OPTIMAL,263.88012373638827,263.88012373638827,0.0,0.00333360000513494,True,True,geo_qpg_p,True,263.88012373638827,11.479999986477196,268.0,10080.0,,,,,,N4_ATOMIC,0.0
SP1_N4_DISTRIBUTED_FAMILY_v2,E5_DPOP_SMALL,E5_DPOP:N8:K2:ring:cv0.35:p0.85:r3,1208357889,ring,8,2,0.35,0.85,OPTIMAL,263.88012373638827,263.88012373638827,0.0,0.00333360000513494,True,True,geo_qpg_c3,True,263.88012373638827,26.906499988399446,760.0,29760.0,,,,,,N4_ATOMIC,0.0
SP1_N4_DISTRIBUTED_FAMILY_v2,E5_DPOP_SMALL,E5_DPOP:N8:K2:ring:cv0.35:p0.85:r3,1208357889,ring,8,2,0.35,0.85,OPTIMAL,263.88012373638827,263.88012373638827,0.0,0.00333360000513494,True,True,geo_qpg_d,True,263.88012373638827,12.213699985295534,320.0,11596.0,,,,,,N4_ATOMIC,0.0
SP1_N4_DISTRIBUTED_FAMILY_v2,E5_DPOP_SMALL,E5_DPOP:N8:K2:ring:cv0.35:p0.85:r4,3888002457,ring,8,2,0.35,0.85,OPTIMAL,258.3064649715767,258.3064649715767,0.0,0.0033671999990474433,True,True,dpop_exact_small,True,258.3064649715767,38.349200010998175,14.0,26288.0,7.0,7.0,3279.0,7.0,6561.0,EXACT_DISTRIBUTED,0.0
SP1_N4_DISTRIBUTED_FAMILY_v2,E5_DPOP_SMALL,E5_DPOP:N8:K2:ring:cv0.35:p0.85:r4,3888002457,ring,8,2,0.35,0.85,OPTIMAL,258.3064649715767,258.3064649715767,0.0,0.0033671999990474433,True,True,milp_highs,True,258.3064649715767,3.3671999990474433,,,,,,,,CENTRAL_ORACLE,0.0
SP1_N4_DISTRIBUTED_FAMILY_v2,E5_DPOP_SMALL,E5_DPOP:N8:K2:ring:cv0.35:p0.85:r4,3888002457,ring,8,2,0.35,0.85,OPTIMAL,258.3064649715767,258.3064649715767,0.0,0.0033671999990474433,True,True,geo_qpg_u,True,315.371809767972,1.8967000069096684,70.0,2380.0,,,,,,N4_ATOMIC,0.22092108613183425
SP1_N4_DISTRIBUTED_FAMILY_v2,E5_DPOP_SMALL,E5_DPOP:N8:K2:ring:cv0.35:p0.85:r4,3888002457,ring,8,2,0.35,0.85,OPTIMAL,258.3064649715767,258.3064649715767,0.0,0.0033671999990474433,True,True,geo_qpg_p,True,313.0708450831771,10.080599982757121,202.0,7636.0,,,,,,N4_ATOMIC,0.21201319958300902
SP1_N4_DISTRIBUTED_FAMILY_v2,E5_DPOP_SMALL,E5_DPOP:N8:K2:ring:cv0.35:p0.85:r4,3888002457,ring,8,2,0.35,0.85,OPTIMAL,258.3064649715767,258.3064649715767,0.0,0.0033671999990474433,True,True,geo_qpg_c3,True,258.3064649715767,27.122999978018925,829.0,32876.0,,,,,,N4_ATOMIC,0.0
SP1_N4_DISTRIBUTED_FAMILY_v2,E5_DPOP_SMALL,E5_DPOP:N8:K2:ring:cv0.35:p0.85:r4,3888002457,ring,8,2,0.35,0.85,OPTIMAL,258.3064649715767,258.3064649715767,0.0,0.0033671999990474433,True,True,geo_qpg_d,True,313.0708450831771,12.094800011254847,347.0,12652.0,,,,,,N4_ATOMIC,0.21201319958300902
SP1_N4_DISTRIBUTED_FAMILY_v2,E5_DPOP_SMALL,E5_DPOP:N8:K2:ring:cv0.35:p0.85:r5,2423568594,ring,8,2,0.35,0.85,OPTIMAL,250.12821490626987,250.12821490626987,0.0,0.0020289999956730753,True,True,dpop_exact_small,True,250.1282149062699,36.12889998476021,14.0,26288.0,7.0,7.0,3279.0,7.0,6561.0,EXACT_DISTRIBUTED,1.1362856221979766e-16
SP1_N4_DISTRIBUTED_FAMILY_v2,E5_DPOP_SMALL,E5_DPOP:N8:K2:ring:cv0.35:p0.85:r5,2423568594,ring,8,2,0.35,0.85,OPTIMAL,250.12821490626987,250.12821490626987,0.0,0.0020289999956730753,True,True,milp_highs,True,250.12821490626987,2.0289999956730753,,,,,,,,CENTRAL_ORACLE,0.0
SP1_N4_DISTRIBUTED_FAMILY_v2,E5_DPOP_SMALL,E5_DPOP:N8:K2:ring:cv0.35:p0.85:r5,2423568594,ring,8,2,0.35,0.85,OPTIMAL,250.12821490626987,250.12821490626987,0.0,0.0020289999956730753,True,True,geo_qpg_u,True,319.1639470530124,2.0502999832388014,68.0,2296.0,,,,,,N4_ATOMIC,0.2760013786234079
SP1_N4_DISTRIBUTED_FAMILY_v2,E5_DPOP_SMALL,E5_DPOP:N8:K2:ring:cv0.35:p0.85:r5,2423568594,ring,8,2,0.35,0.85,OPTIMAL,250.12821490626987,250.12821490626987,0.0,0.0020289999956730753,True,True,geo_qpg_p,True,271.35223150922997,12.64860000810586,242.0,9096.0,,,,,,N4_ATOMIC,0.08485254896539093
SP1_N4_DISTRIBUTED_FAMILY_v2,E5_DPOP_SMALL,E5_DPOP:N8:K2:ring:cv0.35:p0.85:r5,2423568594,ring,8,2,0.35,0.85,OPTIMAL,250.12821490626987,250.12821490626987,0.0,0.0020289999956730753,True,True,geo_qpg_c3,True,250.1282149062699,26.71919998829253,731.0,28600.0,,,,,,N4_ATOMIC,1.1362856221979766e-16
SP1_N4_DISTRIBUTED_FAMILY_v2,E5_DPOP_SMALL,E5_DPOP:N8:K2:ring:cv0.35:p0.85:r5,2423568594,ring,8,2,0.35,0.85,OPTIMAL,250.12821490626987,250.12821490626987,0.0,0.0020289999956730753,True,True,geo_qpg_d,True,271.35223150922997,15.921999991405755,465.0,17464.0,,,,,,N4_ATOMIC,0.08485254896539093
SP1_N4_DISTRIBUTED_FAMILY_v2,E5_DPOP_SMALL,E5_DPOP:N8:K2:ring:cv0.35:p0.85:r6,1932619600,ring,8,2,0.35,0.85,OPTIMAL,261.68570864268736,261.68570864268736,0.0,0.01302620000205934,True,True,dpop_exact_small,True,261.68570864268736,36.393399990629405,14.0,26288.0,7.0,7.0,3279.0,7.0,6561.0,EXACT_DISTRIBUTED,0.0
SP1_N4_DISTRIBUTED_FAMILY_v2,E5_DPOP_SMALL,E5_DPOP:N8:K2:ring:cv0.35:p0.85:r6,1932619600,ring,8,2,0.35,0.85,OPTIMAL,261.68570864268736,261.68570864268736,0.0,0.01302620000205934,True,True,milp_highs,True,261.68570864268736,13.02620000205934,,,,,,,,CENTRAL_ORACLE,0.0
SP1_N4_DISTRIBUTED_FAMILY_v2,E5_DPOP_SMALL,E5_DPOP:N8:K2:ring:cv0.35:p0.85:r6,1932619600,ring,8,2,0.35,0.85,OPTIMAL,261.68570864268736,261.68570864268736,0.0,0.01302620000205934,True,True,geo_qpg_u,True,294.95392334227125,2.474900014931336,103.0,3568.0,,,,,,N4_ATOMIC,0.12713042249093243
SP1_N4_DISTRIBUTED_FAMILY_v2,E5_DPOP_SMALL,E5_DPOP:N8:K2:ring:cv0.35:p0.85:r6,1932619600,ring,8,2,0.35,0.85,OPTIMAL,261.68570864268736,261.68570864268736,0.0,0.01302620000205934,True,True,geo_qpg_p,True,294.95392334227125,6.306499999482185,163.0,5968.0,,,,,,N4_ATOMIC,0.12713042249093243
SP1_N4_DISTRIBUTED_FAMILY_v2,E5_DPOP_SMALL,E5_DPOP:N8:K2:ring:cv0.35:p0.85:r6,1932619600,ring,8,2,0.35,0.85,OPTIMAL,261.68570864268736,261.68570864268736,0.0,0.01302620000205934,True,True,geo_qpg_c3,True,266.11288328853374,18.710500007728115,596.0,23112.0,,,,,,N4_ATOMIC,0.016917907625942846
SP1_N4_DISTRIBUTED_FAMILY_v2,E5_DPOP_SMALL,E5_DPOP:N8:K2:ring:cv0.35:p0.85:r6,1932619600,ring,8,2,0.35,0.85,OPTIMAL,261.68570864268736,261.68570864268736,0.0,0.01302620000205934,True,True,geo_qpg_d,True,283.2786103832274,8.851399994455278,344.0,12132.0,,,,,,N4_ATOMIC,0.08251463884878611
SP1_N4_DISTRIBUTED_FAMILY_v2,E5_DPOP_SMALL,E5_DPOP:N8:K2:ring:cv0.35:p0.85:r7,2327246491,ring,8,2,0.35,0.85,OPTIMAL,242.56808738428998,242.56808738428998,0.0,0.0027757000061683357,True,True,dpop_exact_small,True,242.56808738429,38.02360000554472,14.0,26288.0,7.0,7.0,3279.0,7.0,6561.0,EXACT_DISTRIBUTED,1.1717002733907342e-16
SP1_N4_DISTRIBUTED_FAMILY_v2,E5_DPOP_SMALL,E5_DPOP:N8:K2:ring:cv0.35:p0.85:r7,2327246491,ring,8,2,0.35,0.85,OPTIMAL,242.56808738428998,242.56808738428998,0.0,0.0027757000061683357,True,True,milp_highs,True,242.56808738428998,2.7757000061683357,,,,,,,,CENTRAL_ORACLE,0.0
SP1_N4_DISTRIBUTED_FAMILY_v2,E5_DPOP_SMALL,E5_DPOP:N8:K2:ring:cv0.35:p0.85:r7,2327246491,ring,8,2,0.35,0.85,OPTIMAL,242.56808738428998,242.56808738428998,0.0,0.0027757000061683357,True,True,geo_qpg_u,True,329.40726570422294,2.0477999933063984,70.0,2380.0,,,,,,N4_ATOMIC,0.3579991880067779
SP1_N4_DISTRIBUTED_FAMILY_v2,E5_DPOP_SMALL,E5_DPOP:N8:K2:ring:cv0.35:p0.85:r7,2327246491,ring,8,2,0.35,0.85,OPTIMAL,242.56808738428998,242.56808738428998,0.0,0.0027757000061683357,True,True,geo_qpg_p,True,268.99810455694916,11.322799982735887,245.0,9220.0,,,,,,N4_ATOMIC,0.10895916877469236
SP1_N4_DISTRIBUTED_FAMILY_v2,E5_DPOP_SMALL,E5_DPOP:N8:K2:ring:cv0.35:p0.85:r7,2327246491,ring,8,2,0.35,0.85,OPTIMAL,242.56808738428998,242.56808738428998,0.0,0.0027757000061683357,True,True,geo_qpg_c3,True,242.56808738428998,31.28720002132468,1045.0,41244.0,,,,,,N4_ATOMIC,0.0
SP1_N4_DISTRIBUTED_FAMILY_v2,E5_DPOP_SMALL,E5_DPOP:N8:K2:ring:cv0.35:p0.85:r7,2327246491,ring,8,2,0.35,0.85,OPTIMAL,242.56808738428998,242.56808738428998,0.0,0.0027757000061683357,True,True,geo_qpg_d,True,242.56808738428998,17.668399988906458,659.0,25352.0,,,,,,N4_ATOMIC,0.0
SP1_N4_DISTRIBUTED_FAMILY_v2,E5_DPOP_SMALL,E5_DPOP:N8:K2:ring:cv0.35:p0.85:r8,3568731396,ring,8,2,0.35,0.85,OPTIMAL,244.90678887346422,244.90678887346422,0.0,0.003676899999845773,True,True,dpop_exact_small,True,244.90678887346422,39.09940001904033,14.0,26288.0,7.0,7.0,3279.0,7.0,6561.0,EXACT_DISTRIBUTED,0.0
SP1_N4_DISTRIBUTED_FAMILY_v2,E5_DPOP_SMALL,E5_DPOP:N8:K2:ring:cv0.35:p0.85:r8,3568731396,ring,8,2,0.35,0.85,OPTIMAL,244.90678887346422,244.90678887346422,0.0,0.003676899999845773,True,True,milp_highs,True,244.90678887346422,3.676899999845773,,,,,,,,CENTRAL_ORACLE,0.0
SP1_N4_DISTRIBUTED_FAMILY_v2,E5_DPOP_SMALL,E5_DPOP:N8:K2:ring:cv0.35:p0.85:r8,3568731396,ring,8,2,0.35,0.85,OPTIMAL,244.90678887346422,244.90678887346422,0.0,0.003676899999845773,True,True,geo_qpg_u,True,257.2467702836099,2.0901999960187823,83.0,2856.0,,,,,,N4_ATOMIC,0.05038644076347506
SP1_N4_DISTRIBUTED_FAMILY_v2,E5_DPOP_SMALL,E5_DPOP:N8:K2:ring:cv0.35:p0.85:r8,3568731396,ring,8,2,0.35,0.85,OPTIMAL,244.90678887346422,244.90678887346422,0.0,0.003676899999845773,True,True,geo_qpg_p,True,244.90678887346425,11.35359998443164,297.0,11388.0,,,,,,N4_ATOMIC,1.1605112933430614e-16
SP1_N4_DISTRIBUTED_FAMILY_v2,E5_DPOP_SMALL,E5_DPOP:N8:K2:ring:cv0.35:p0.85:r8,3568731396,ring,8,2,0.35,0.85,OPTIMAL,244.90678887346422,244.90678887346422,0.0,0.003676899999845773,True,True,geo_qpg_c3,True,244.90678887346425,27.65839998028241,773.0,30428.0,,,,,,N4_ATOMIC,1.1605112933430614e-16
SP1_N4_DISTRIBUTED_FAMILY_v2,E5_DPOP_SMALL,E5_DPOP:N8:K2:ring:cv0.35:p0.85:r8,3568731396,ring,8,2,0.35,0.85,OPTIMAL,244.90678887346422,244.90678887346422,0.0,0.003676899999845773,True,True,geo_qpg_d,True,244.90678887346425,14.01449998957105,425.0,15740.0,,,,,,N4_ATOMIC,1.1605112933430614e-16
SP1_N4_DISTRIBUTED_FAMILY_v2,E5_DPOP_SMALL,E5_DPOP:N8:K2:ring:cv0.35:p0.85:r9,2054777287,ring,8,2,0.35,0.85,OPTIMAL,250.19515711299567,250.19515711299567,0.0,0.005699300003470853,True,True,dpop_exact_small,True,250.1951571129957,37.00050001498312,14.0,26288.0,7.0,7.0,3279.0,7.0,6561.0,EXACT_DISTRIBUTED,1.135981597660098e-16
SP1_N4_DISTRIBUTED_FAMILY_v2,E5_DPOP_SMALL,E5_DPOP:N8:K2:ring:cv0.35:p0.85:r9,2054777287,ring,8,2,0.35,0.85,OPTIMAL,250.19515711299567,250.19515711299567,0.0,0.005699300003470853,True,True,milp_highs,True,250.19515711299567,5.699300003470853,,,,,,,,CENTRAL_ORACLE,0.0
SP1_N4_DISTRIBUTED_FAMILY_v2,E5_DPOP_SMALL,E5_DPOP:N8:K2:ring:cv0.35:p0.85:r9,2054777287,ring,8,2,0.35,0.85,OPTIMAL,250.19515711299567,250.19515711299567,0.0,0.005699300003470853,True,True,geo_qpg_u,True,315.6115506090357,2.0106000010855496,77.0,2604.0,,,,,,N4_ATOMIC,0.26146146972179807
SP1_N4_DISTRIBUTED_FAMILY_v2,E5_DPOP_SMALL,E5_DPOP:N8:K2:ring:cv0.35:p0.85:r9,2054777287,ring,8,2,0.35,0.85,OPTIMAL,250.19515711299567,250.19515711299567,0.0,0.005699300003470853,True,True,geo_qpg_p,True,293.79891925873784,11.475700011942536,245.0,9276.0,,,,,,N4_ATOMIC,0.1742790014358647
SP1_N4_DISTRIBUTED_FAMILY_v2,E5_DPOP_SMALL,E5_DPOP:N8:K2:ring:cv0.35:p0.85:r9,2054777287,ring,8,2,0.35,0.85,OPTIMAL,250.19515711299567,250.19515711299567,0.0,0.005699300003470853,True,True,geo_qpg_c3,True,260.6870997017441,30.815000005532056,806.0,31680.0,,,,,,N4_ATOMIC,0.041935034673792476
SP1_N4_DISTRIBUTED_FAMILY_v2,E5_DPOP_SMALL,E5_DPOP:N8:K2:ring:cv0.35:p0.85:r9,2054777287,ring,8,2,0.35,0.85,OPTIMAL,250.19515711299567,250.19515711299567,0.0,0.005699300003470853,True,True,geo_qpg_d,True,250.19515711299567,15.431299980264157,489.0,18392.0,,,,,,N4_ATOMIC,0.0
SP1_N4_DISTRIBUTED_FAMILY_v2,E5_DPOP_SMALL,E5_DPOP:N8:K2:ring:cv0.65:p0.7:r0,798133155,ring,8,2,0.65,0.7,OPTIMAL,160.19771910968956,160.19771910968956,0.0,0.0030192999984137714,True,True,dpop_exact_small,True,160.1977191096896,35.73160001542419,14.0,26288.0,7.0,7.0,3279.0,7.0,6561.0,EXACT_DISTRIBUTED,1.7741644255835676e-16
SP1_N4_DISTRIBUTED_FAMILY_v2,E5_DPOP_SMALL,E5_DPOP:N8:K2:ring:cv0.65:p0.7:r0,798133155,ring,8,2,0.65,0.7,OPTIMAL,160.19771910968956,160.19771910968956,0.0,0.0030192999984137714,True,True,milp_highs,True,160.19771910968956,3.0192999984137714,,,,,,,,CENTRAL_ORACLE,0.0
SP1_N4_DISTRIBUTED_FAMILY_v2,E5_DPOP_SMALL,E5_DPOP:N8:K2:ring:cv0.65:p0.7:r0,798133155,ring,8,2,0.65,0.7,OPTIMAL,160.19771910968956,160.19771910968956,0.0,0.0030192999984137714,True,True,geo_qpg_u,True,242.0776680153199,1.9583999819587916,72.0,2464.0,,,,,,N4_ATOMIC,0.5111180693500762
SP1_N4_DISTRIBUTED_FAMILY_v2,E5_DPOP_SMALL,E5_DPOP:N8:K2:ring:cv0.65:p0.7:r0,798133155,ring,8,2,0.65,0.7,OPTIMAL,160.19771910968956,160.19771910968956,0.0,0.0030192999984137714,True,True,geo_qpg_p,True,160.1977191096896,12.804900004994124,305.0,11544.0,,,,,,N4_ATOMIC,1.7741644255835676e-16
SP1_N4_DISTRIBUTED_FAMILY_v2,E5_DPOP_SMALL,E5_DPOP:N8:K2:ring:cv0.65:p0.7:r0,798133155,ring,8,2,0.65,0.7,OPTIMAL,160.19771910968956,160.19771910968956,0.0,0.0030192999984137714,True,True,geo_qpg_c3,True,160.1977191096896,32.375100010540336,753.0,29464.0,,,,,,N4_ATOMIC,1.7741644255835676e-16
SP1_N4_DISTRIBUTED_FAMILY_v2,E5_DPOP_SMALL,E5_DPOP:N8:K2:ring:cv0.65:p0.7:r0,798133155,ring,8,2,0.65,0.7,OPTIMAL,160.19771910968956,160.19771910968956,0.0,0.0030192999984137714,True,True,geo_qpg_d,True,160.1977191096896,9.517600003164262,277.0,9956.0,,,,,,N4_ATOMIC,1.7741644255835676e-16
SP1_N4_DISTRIBUTED_FAMILY_v2,E5_DPOP_SMALL,E5_DPOP:N8:K2:ring:cv0.65:p0.7:r1,3334637329,ring,8,2,0.65,0.7,OPTIMAL,177.41491453124092,177.41491453124092,0.0,0.0013849000097252429,True,True,dpop_exact_small,True,177.41491453124092,36.6976999794133,14.0,26288.0,7.0,7.0,3279.0,7.0,6561.0,EXACT_DISTRIBUTED,0.0
SP1_N4_DISTRIBUTED_FAMILY_v2,E5_DPOP_SMALL,E5_DPOP:N8:K2:ring:cv0.65:p0.7:r1,3334637329,ring,8,2,0.65,0.7,OPTIMAL,177.41491453124092,177.41491453124092,0.0,0.0013849000097252429,True,True,milp_highs,True,177.41491453124092,1.3849000097252429,,,,,,,,CENTRAL_ORACLE,0.0
SP1_N4_DISTRIBUTED_FAMILY_v2,E5_DPOP_SMALL,E5_DPOP:N8:K2:ring:cv0.65:p0.7:r1,3334637329,ring,8,2,0.65,0.7,OPTIMAL,177.41491453124092,177.41491453124092,0.0,0.0013849000097252429,True,True,geo_qpg_u,True,235.69394064415474,2.209700003731996,87.0,3024.0,,,,,,N4_ATOMIC,0.32849000472647116
SP1_N4_DISTRIBUTED_FAMILY_v2,E5_DPOP_SMALL,E5_DPOP:N8:K2:ring:cv0.65:p0.7:r1,3334637329,ring,8,2,0.65,0.7,OPTIMAL,177.41491453124092,177.41491453124092,0.0,0.0013849000097252429,True,True,geo_qpg_p,True,177.41491453124092,10.189599997829646,232.0,8720.0,,,,,,N4_ATOMIC,0.0
SP1_N4_DISTRIBUTED_FAMILY_v2,E5_DPOP_SMALL,E5_DPOP:N8:K2:ring:cv0.65:p0.7:r1,3334637329,ring,8,2,0.65,0.7,OPTIMAL,177.41491453124092,177.41491453124092,0.0,0.0013849000097252429,True,True,geo_qpg_c3,True,177.41491453124092,19.9183999793604,560.0,21840.0,,,,,,N4_ATOMIC,0.0
SP1_N4_DISTRIBUTED_FAMILY_v2,E5_DPOP_SMALL,E5_DPOP:N8:K2:ring:cv0.65:p0.7:r1,3334637329,ring,8,2,0.65,0.7,OPTIMAL,177.41491453124092,177.41491453124092,0.0,0.0013849000097252429,True,True,geo_qpg_d,True,177.41491453124092,10.336200008168817,385.0,14008.0,,,,,,N4_ATOMIC,0.0
SP1_N4_DISTRIBUTED_FAMILY_v2,E5_DPOP_SMALL,E5_DPOP:N8:K2:ring:cv0.65:p0.7:r2,2186494871,ring,8,2,0.65,0.7,OPTIMAL,217.9618386785852,217.9618386785852,0.0,0.0044686000037472695,True,True,dpop_exact_small,True,217.9618386785852,38.73540001222864,14.0,26288.0,7.0,7.0,3279.0,7.0,6561.0,EXACT_DISTRIBUTED,0.0
SP1_N4_DISTRIBUTED_FAMILY_v2,E5_DPOP_SMALL,E5_DPOP:N8:K2:ring:cv0.65:p0.7:r2,2186494871,ring,8,2,0.65,0.7,OPTIMAL,217.9618386785852,217.9618386785852,0.0,0.0044686000037472695,True,True,milp_highs,True,217.9618386785852,4.4686000037472695,,,,,,,,CENTRAL_ORACLE,0.0
SP1_N4_DISTRIBUTED_FAMILY_v2,E5_DPOP_SMALL,E5_DPOP:N8:K2:ring:cv0.65:p0.7:r2,2186494871,ring,8,2,0.65,0.7,OPTIMAL,217.9618386785852,217.9618386785852,0.0,0.0044686000037472695,True,True,geo_qpg_u,True,356.07058343696093,1.956299995072186,63.0,2156.0,,,,,,N4_ATOMIC,0.633637271531904
SP1_N4_DISTRIBUTED_FAMILY_v2,E5_DPOP_SMALL,E5_DPOP:N8:K2:ring:cv0.65:p0.7:r2,2186494871,ring,8,2,0.65,0.7,OPTIMAL,217.9618386785852,217.9618386785852,0.0,0.0044686000037472695,True,True,geo_qpg_p,True,233.74515431844964,13.512600009562448,307.0,11792.0,,,,,,N4_ATOMIC,0.07241320652987845
SP1_N4_DISTRIBUTED_FAMILY_v2,E5_DPOP_SMALL,E5_DPOP:N8:K2:ring:cv0.65:p0.7:r2,2186494871,ring,8,2,0.65,0.7,OPTIMAL,217.9618386785852,217.9618386785852,0.0,0.0044686000037472695,True,True,geo_qpg_c3,True,233.74515431844964,28.867900022305548,775.0,30512.0,,,,,,N4_ATOMIC,0.07241320652987845
SP1_N4_DISTRIBUTED_FAMILY_v2,E5_DPOP_SMALL,E5_DPOP:N8:K2:ring:cv0.65:p0.7:r2,2186494871,ring,8,2,0.65,0.7,OPTIMAL,217.9618386785852,217.9618386785852,0.0,0.0044686000037472695,True,True,geo_qpg_d,True,258.27491327016276,11.314600007608533,324.0,11836.0,,,,,,N4_ATOMIC,0.184954737196105
SP1_N4_DISTRIBUTED_FAMILY_v2,E5_DPOP_SMALL,E5_DPOP:N8:K2:ring:cv0.65:p0.7:r3,4056015640,ring,8,2,0.65,0.7,OPTIMAL,182.98259839264483,182.98259839264486,0.0,0.004729400010546669,True,True,dpop_exact_small,True,182.98259839264486,37.23270000773482,14.0,26288.0,7.0,7.0,3279.0,7.0,6561.0,EXACT_DISTRIBUTED,1.5532465753610397e-16
SP1_N4_DISTRIBUTED_FAMILY_v2,E5_DPOP_SMALL,E5_DPOP:N8:K2:ring:cv0.65:p0.7:r3,4056015640,ring,8,2,0.65,0.7,OPTIMAL,182.98259839264483,182.98259839264486,0.0,0.004729400010546669,True,True,milp_highs,True,182.98259839264483,4.729400010546669,,,,,,,,CENTRAL_ORACLE,0.0
SP1_N4_DISTRIBUTED_FAMILY_v2,E5_DPOP_SMALL,E5_DPOP:N8:K2:ring:cv0.65:p0.7:r3,4056015640,ring,8,2,0.65,0.7,OPTIMAL,182.98259839264483,182.98259839264486,0.0,0.004729400010546669,True,True,geo_qpg_u,True,257.1362556688372,1.6900000046007335,58.0,2016.0,,,,,,N4_ATOMIC,0.40524977745191443
SP1_N4_DISTRIBUTED_FAMILY_v2,E5_DPOP_SMALL,E5_DPOP:N8:K2:ring:cv0.65:p0.7:r3,4056015640,ring,8,2,0.65,0.7,OPTIMAL,182.98259839264483,182.98259839264486,0.0,0.004729400010546669,True,True,geo_qpg_p,True,209.61241601391097,10.497499984921888,262.0,9956.0,,,,,,N4_ATOMIC,0.14553196782200986
SP1_N4_DISTRIBUTED_FAMILY_v2,E5_DPOP_SMALL,E5_DPOP:N8:K2:ring:cv0.65:p0.7:r3,4056015640,ring,8,2,0.65,0.7,OPTIMAL,182.98259839264483,182.98259839264486,0.0,0.004729400010546669,True,True,geo_qpg_c3,True,182.98259839264483,25.945200002752244,781.0,30620.0,,,,,,N4_ATOMIC,0.0
SP1_N4_DISTRIBUTED_FAMILY_v2,E5_DPOP_SMALL,E5_DPOP:N8:K2:ring:cv0.65:p0.7:r3,4056015640,ring,8,2,0.65,0.7,OPTIMAL,182.98259839264483,182.98259839264486,0.0,0.004729400010546669,True,True,geo_qpg_d,True,211.4838447889357,7.6015000231564045,276.0,9788.0,,,,,,N4_ATOMIC,0.15575932709804882
SP1_N4_DISTRIBUTED_FAMILY_v2,E5_DPOP_SMALL,E5_DPOP:N8:K2:ring:cv0.65:p0.7:r4,3378900367,ring,8,2,0.65,0.7,OPTIMAL,180.35807371061347,180.35807371061347,0.0,0.0014090999902691692,True,True,dpop_exact_small,True,180.35807371061347,40.56789999594912,14.0,26288.0,7.0,7.0,3279.0,7.0,6561.0,EXACT_DISTRIBUTED,0.0
SP1_N4_DISTRIBUTED_FAMILY_v2,E5_DPOP_SMALL,E5_DPOP:N8:K2:ring:cv0.65:p0.7:r4,3378900367,ring,8,2,0.65,0.7,OPTIMAL,180.35807371061347,180.35807371061347,0.0,0.0014090999902691692,True,True,milp_highs,True,180.35807371061347,1.4090999902691692,,,,,,,,CENTRAL_ORACLE,0.0
SP1_N4_DISTRIBUTED_FAMILY_v2,E5_DPOP_SMALL,E5_DPOP:N8:K2:ring:cv0.65:p0.7:r4,3378900367,ring,8,2,0.65,0.7,OPTIMAL,180.35807371061347,180.35807371061347,0.0,0.0014090999902691692,True,True,geo_qpg_u,True,249.14328683874294,2.638099977048114,82.0,2884.0,,,,,,N4_ATOMIC,0.3813813915450001
SP1_N4_DISTRIBUTED_FAMILY_v2,E5_DPOP_SMALL,E5_DPOP:N8:K2:ring:cv0.65:p0.7:r4,3378900367,ring,8,2,0.65,0.7,OPTIMAL,180.35807371061347,180.35807371061347,0.0,0.0014090999902691692,True,True,geo_qpg_p,True,180.3580737106135,12.217800016514957,265.0,10152.0,,,,,,N4_ATOMIC,1.5758490233160814e-16
SP1_N4_DISTRIBUTED_FAMILY_v2,E5_DPOP_SMALL,E5_DPOP:N8:K2:ring:cv0.65:p0.7:r4,3378900367,ring,8,2,0.65,0.7,OPTIMAL,180.35807371061347,180.35807371061347,0.0,0.0014090999902691692,True,True,geo_qpg_c3,True,180.3580737106135,23.825299984309822,617.0,24232.0,,,,,,N4_ATOMIC,1.5758490233160814e-16
SP1_N4_DISTRIBUTED_FAMILY_v2,E5_DPOP_SMALL,E5_DPOP:N8:K2:ring:cv0.65:p0.7:r4,3378900367,ring,8,2,0.65,0.7,OPTIMAL,180.35807371061347,180.35807371061347,0.0,0.0014090999902691692,True,True,geo_qpg_d,True,246.27962831132993,9.224100009305403,327.0,11712.0,,,,,,N4_ATOMIC,0.36550376284506303
SP1_N4_DISTRIBUTED_FAMILY_v2,E5_DPOP_SMALL,E5_DPOP:N8:K2:ring:cv0.65:p0.7:r5,437856241,ring,8,2,0.65,0.7,OPTIMAL,191.66690907242403,191.66690907242403,0.0,0.002753499982645735,True,True,dpop_exact_small,True,191.66690907242403,37.88889999850653,14.0,26288.0,7.0,7.0,3279.0,7.0,6561.0,EXACT_DISTRIBUTED,0.0
SP1_N4_DISTRIBUTED_FAMILY_v2,E5_DPOP_SMALL,E5_DPOP:N8:K2:ring:cv0.65:p0.7:r5,437856241,ring,8,2,0.65,0.7,OPTIMAL,191.66690907242403,191.66690907242403,0.0,0.002753499982645735,True,True,milp_highs,True,191.66690907242403,2.753499982645735,,,,,,,,CENTRAL_ORACLE,0.0
SP1_N4_DISTRIBUTED_FAMILY_v2,E5_DPOP_SMALL,E5_DPOP:N8:K2:ring:cv0.65:p0.7:r5,437856241,ring,8,2,0.65,0.7,OPTIMAL,191.66690907242403,191.66690907242403,0.0,0.002753499982645735,True,True,geo_qpg_u,True,245.6750144288217,2.171600004658103,81.0,2772.0,,,,,,N4_ATOMIC,0.2817810628750211
SP1_N4_DISTRIBUTED_FAMILY_v2,E5_DPOP_SMALL,E5_DPOP:N8:K2:ring:cv0.65:p0.7:r5,437856241,ring,8,2,0.65,0.7,OPTIMAL,191.66690907242403,191.66690907242403,0.0,0.002753499982645735,True,True,geo_qpg_p,True,191.66690907242403,12.625099974684417,293.0,11180.0,,,,,,N4_ATOMIC,0.0
SP1_N4_DISTRIBUTED_FAMILY_v2,E5_DPOP_SMALL,E5_DPOP:N8:K2:ring:cv0.65:p0.7:r5,437856241,ring,8,2,0.65,0.7,OPTIMAL,191.66690907242403,191.66690907242403,0.0,0.002753499982645735,True,True,geo_qpg_c3,True,191.66690907242403,29.935500002466142,741.0,29100.0,,,,,,N4_ATOMIC,0.0
SP1_N4_DISTRIBUTED_FAMILY_v2,E5_DPOP_SMALL,E5_DPOP:N8:K2:ring:cv0.65:p0.7:r5,437856241,ring,8,2,0.65,0.7,OPTIMAL,191.66690907242403,191.66690907242403,0.0,0.002753499982645735,True,True,geo_qpg_d,True,191.66690907242403,12.42169999750331,386.0,14048.0,,,,,,N4_ATOMIC,0.0
SP1_N4_DISTRIBUTED_FAMILY_v2,E5_DPOP_SMALL,E5_DPOP:N8:K2:ring:cv0.65:p0.7:r6,183929994,ring,8,2,0.65,0.7,OPTIMAL,182.0645701274282,182.0645701274282,0.0,0.004146499995840713,True,True,dpop_exact_small,True,182.0645701274282,37.42129998863675,14.0,26288.0,7.0,7.0,3279.0,7.0,6561.0,EXACT_DISTRIBUTED,0.0
SP1_N4_DISTRIBUTED_FAMILY_v2,E5_DPOP_SMALL,E5_DPOP:N8:K2:ring:cv0.65:p0.7:r6,183929994,ring,8,2,0.65,0.7,OPTIMAL,182.0645701274282,182.0645701274282,0.0,0.004146499995840713,True,True,milp_highs,True,182.0645701274282,4.146499995840713,,,,,,,,CENTRAL_ORACLE,0.0
SP1_N4_DISTRIBUTED_FAMILY_v2,E5_DPOP_SMALL,E5_DPOP:N8:K2:ring:cv0.65:p0.7:r6,183929994,ring,8,2,0.65,0.7,OPTIMAL,182.0645701274282,182.0645701274282,0.0,0.004146499995840713,True,True,geo_qpg_u,True,231.00205706116208,2.0837000047322363,72.0,2464.0,,,,,,N4_ATOMIC,0.26879192859699286
SP1_N4_DISTRIBUTED_FAMILY_v2,E5_DPOP_SMALL,E5_DPOP:N8:K2:ring:cv0.65:p0.7:r6,183929994,ring,8,2,0.65,0.7,OPTIMAL,182.0645701274282,182.0645701274282,0.0,0.004146499995840713,True,True,geo_qpg_p,True,182.0645701274282,13.726100005442277,293.0,11232.0,,,,,,N4_ATOMIC,0.0
SP1_N4_DISTRIBUTED_FAMILY_v2,E5_DPOP_SMALL,E5_DPOP:N8:K2:ring:cv0.65:p0.7:r6,183929994,ring,8,2,0.65,0.7,OPTIMAL,182.0645701274282,182.0645701274282,0.0,0.004146499995840713,True,True,geo_qpg_c3,True,182.0645701274282,31.499300006544217,757.0,29792.0,,,,,,N4_ATOMIC,0.0
SP1_N4_DISTRIBUTED_FAMILY_v2,E5_DPOP_SMALL,E5_DPOP:N8:K2:ring:cv0.65:p0.7:r6,183929994,ring,8,2,0.65,0.7,OPTIMAL,182.0645701274282,182.0645701274282,0.0,0.004146499995840713,True,True,geo_qpg_d,True,195.39680542405483,13.738200010266155,375.0,13468.0,,,,,,N4_ATOMIC,0.07322806017280196
SP1_N4_DISTRIBUTED_FAMILY_v2,E5_DPOP_SMALL,E5_DPOP:N8:K2:ring:cv0.65:p0.7:r7,2535480776,ring,8,2,0.65,0.7,OPTIMAL,161.185569277949,161.185569277949,0.0,0.0031101999920792878,True,True,dpop_exact_small,True,161.185569277949,39.95179999037646,14.0,26288.0,7.0,7.0,3279.0,7.0,6561.0,EXACT_DISTRIBUTED,0.0
SP1_N4_DISTRIBUTED_FAMILY_v2,E5_DPOP_SMALL,E5_DPOP:N8:K2:ring:cv0.65:p0.7:r7,2535480776,ring,8,2,0.65,0.7,OPTIMAL,161.185569277949,161.185569277949,0.0,0.0031101999920792878,True,True,milp_highs,True,161.185569277949,3.1101999920792878,,,,,,,,CENTRAL_ORACLE,0.0
SP1_N4_DISTRIBUTED_FAMILY_v2,E5_DPOP_SMALL,E5_DPOP:N8:K2:ring:cv0.65:p0.7:r7,2535480776,ring,8,2,0.65,0.7,OPTIMAL,161.185569277949,161.185569277949,0.0,0.0031101999920792878,True,True,geo_qpg_u,True,167.76462948688777,2.806300006341189,83.0,2856.0,,,,,,N4_ATOMIC,0.04081668252567821
SP1_N4_DISTRIBUTED_FAMILY_v2,E5_DPOP_SMALL,E5_DPOP:N8:K2:ring:cv0.65:p0.7:r7,2535480776,ring,8,2,0.65,0.7,OPTIMAL,161.185569277949,161.185569277949,0.0,0.0031101999920792878,True,True,geo_qpg_p,True,161.185569277949,6.676299992250279,166.0,6152.0,,,,,,N4_ATOMIC,0.0
SP1_N4_DISTRIBUTED_FAMILY_v2,E5_DPOP_SMALL,E5_DPOP:N8:K2:ring:cv0.65:p0.7:r7,2535480776,ring,8,2,0.65,0.7,OPTIMAL,161.185569277949,161.185569277949,0.0,0.0031101999920792878,True,True,geo_qpg_c3,True,161.185569277949,19.419899996137246,518.0,20232.0,,,,,,N4_ATOMIC,0.0
SP1_N4_DISTRIBUTED_FAMILY_v2,E5_DPOP_SMALL,E5_DPOP:N8:K2:ring:cv0.65:p0.7:r7,2535480776,ring,8,2,0.65,0.7,OPTIMAL,161.185569277949,161.185569277949,0.0,0.0031101999920792878,True,True,geo_qpg_d,True,161.185569277949,7.078199996612966,325.0,11392.0,,,,,,N4_ATOMIC,0.0
SP1_N4_DISTRIBUTED_FAMILY_v2,E5_DPOP_SMALL,E5_DPOP:N8:K2:ring:cv0.65:p0.7:r8,3515793424,ring,8,2,0.65,0.7,OPTIMAL,212.83497117742448,212.83497117742448,0.0,0.0019193999760318547,True,True,dpop_exact_small,True,212.83497117742448,36.6550000035204,14.0,26288.0,7.0,7.0,3279.0,7.0,6561.0,EXACT_DISTRIBUTED,0.0
SP1_N4_DISTRIBUTED_FAMILY_v2,E5_DPOP_SMALL,E5_DPOP:N8:K2:ring:cv0.65:p0.7:r8,3515793424,ring,8,2,0.65,0.7,OPTIMAL,212.83497117742448,212.83497117742448,0.0,0.0019193999760318547,True,True,milp_highs,True,212.83497117742448,1.9193999760318547,,,,,,,,CENTRAL_ORACLE,0.0
SP1_N4_DISTRIBUTED_FAMILY_v2,E5_DPOP_SMALL,E5_DPOP:N8:K2:ring:cv0.65:p0.7:r8,3515793424,ring,8,2,0.65,0.7,OPTIMAL,212.83497117742448,212.83497117742448,0.0,0.0019193999760318547,True,True,geo_qpg_u,True,249.58708254613893,2.004999987548217,72.0,2464.0,,,,,,N4_ATOMIC,0.17267891251798553
SP1_N4_DISTRIBUTED_FAMILY_v2,E5_DPOP_SMALL,E5_DPOP:N8:K2:ring:cv0.65:p0.7:r8,3515793424,ring,8,2,0.65,0.7,OPTIMAL,212.83497117742448,212.83497117742448,0.0,0.0019193999760318547,True,True,geo_qpg_p,True,246.91274228273386,11.080299998866394,216.0,8176.0,,,,,,N4_ATOMIC,0.16011358902527964
SP1_N4_DISTRIBUTED_FAMILY_v2,E5_DPOP_SMALL,E5_DPOP:N8:K2:ring:cv0.65:p0.7:r8,3515793424,ring,8,2,0.65,0.7,OPTIMAL,212.83497117742448,212.83497117742448,0.0,0.0019193999760318547,True,True,geo_qpg_c3,True,212.83497117742445,30.983599979663268,787.0,30960.0,,,,,,N4_ATOMIC,-1.335387190985215e-16
SP1_N4_DISTRIBUTED_FAMILY_v2,E5_DPOP_SMALL,E5_DPOP:N8:K2:ring:cv0.65:p0.7:r8,3515793424,ring,8,2,0.65,0.7,OPTIMAL,212.83497117742448,212.83497117742448,0.0,0.0019193999760318547,True,True,geo_qpg_d,True,246.91274228273386,8.632600016426295,310.0,11100.0,,,,,,N4_ATOMIC,0.16011358902527964
SP1_N4_DISTRIBUTED_FAMILY_v2,E5_DPOP_SMALL,E5_DPOP:N8:K2:ring:cv0.65:p0.7:r9,3504431929,ring,8,2,0.65,0.7,OPTIMAL,193.99635399271858,193.99635399271855,0.0,0.0030544000037480146,True,True,dpop_exact_small,True,193.99635399271858,38.63309998996556,14.0,26288.0,7.0,7.0,3279.0,7.0,6561.0,EXACT_DISTRIBUTED,0.0
SP1_N4_DISTRIBUTED_FAMILY_v2,E5_DPOP_SMALL,E5_DPOP:N8:K2:ring:cv0.65:p0.7:r9,3504431929,ring,8,2,0.65,0.7,OPTIMAL,193.99635399271858,193.99635399271855,0.0,0.0030544000037480146,True,True,milp_highs,True,193.99635399271858,3.0544000037480146,,,,,,,,CENTRAL_ORACLE,0.0
SP1_N4_DISTRIBUTED_FAMILY_v2,E5_DPOP_SMALL,E5_DPOP:N8:K2:ring:cv0.65:p0.7:r9,3504431929,ring,8,2,0.65,0.7,OPTIMAL,193.99635399271858,193.99635399271855,0.0,0.0030544000037480146,True,True,geo_qpg_u,True,201.90007016438665,1.3896000164095312,57.0,2044.0,,,,,,N4_ATOMIC,0.04074157069964687
SP1_N4_DISTRIBUTED_FAMILY_v2,E5_DPOP_SMALL,E5_DPOP:N8:K2:ring:cv0.65:p0.7:r9,3504431929,ring,8,2,0.65,0.7,OPTIMAL,193.99635399271858,193.99635399271855,0.0,0.0030544000037480146,True,True,geo_qpg_p,True,193.99635399271853,4.95890001184307,125.0,4696.0,,,,,,N4_ATOMIC,-2.930128205550789e-16
SP1_N4_DISTRIBUTED_FAMILY_v2,E5_DPOP_SMALL,E5_DPOP:N8:K2:ring:cv0.65:p0.7:r9,3504431929,ring,8,2,0.65,0.7,OPTIMAL,193.99635399271858,193.99635399271855,0.0,0.0030544000037480146,True,True,geo_qpg_c3,True,193.99635399271853,10.455900017404929,217.0,8376.0,,,,,,N4_ATOMIC,-2.930128205550789e-16
SP1_N4_DISTRIBUTED_FAMILY_v2,E5_DPOP_SMALL,E5_DPOP:N8:K2:ring:cv0.65:p0.7:r9,3504431929,ring,8,2,0.65,0.7,OPTIMAL,193.99635399271858,193.99635399271855,0.0,0.0030544000037480146,True,True,geo_qpg_d,True,234.93147940421068,4.796900000656024,343.0,11956.0,,,,,,N4_ATOMIC,0.21100976677648564
SP1_N4_DISTRIBUTED_FAMILY_v2,E5_DPOP_SMALL,E5_DPOP:N8:K2:ring:cv0.65:p0.85:r0,3245538823,ring,8,2,0.65,0.85,OPTIMAL,170.77921380206283,170.77921380206283,0.0,0.002533999999286607,True,True,dpop_exact_small,True,170.77921380206283,36.621599982026964,14.0,26288.0,7.0,7.0,3279.0,7.0,6561.0,EXACT_DISTRIBUTED,0.0
SP1_N4_DISTRIBUTED_FAMILY_v2,E5_DPOP_SMALL,E5_DPOP:N8:K2:ring:cv0.65:p0.85:r0,3245538823,ring,8,2,0.65,0.85,OPTIMAL,170.77921380206283,170.77921380206283,0.0,0.002533999999286607,True,True,milp_highs,True,170.77921380206283,2.533999999286607,,,,,,,,CENTRAL_ORACLE,0.0
SP1_N4_DISTRIBUTED_FAMILY_v2,E5_DPOP_SMALL,E5_DPOP:N8:K2:ring:cv0.65:p0.85:r0,3245538823,ring,8,2,0.65,0.85,OPTIMAL,170.77921380206283,170.77921380206283,0.0,0.002533999999286607,True,True,geo_qpg_u,True,262.2277501726773,2.050400013104081,81.0,2772.0,,,,,,N4_ATOMIC,0.5354781435907388
SP1_N4_DISTRIBUTED_FAMILY_v2,E5_DPOP_SMALL,E5_DPOP:N8:K2:ring:cv0.65:p0.85:r0,3245538823,ring,8,2,0.65,0.85,OPTIMAL,170.77921380206283,170.77921380206283,0.0,0.002533999999286607,True,True,geo_qpg_p,True,177.97891512374605,15.805399976670742,331.0,12588.0,,,,,,N4_ATOMIC,0.04215794862498809
SP1_N4_DISTRIBUTED_FAMILY_v2,E5_DPOP_SMALL,E5_DPOP:N8:K2:ring:cv0.65:p0.85:r0,3245538823,ring,8,2,0.65,0.85,OPTIMAL,170.77921380206283,170.77921380206283,0.0,0.002533999999286607,True,True,geo_qpg_c3,True,170.77921380206283,31.987299997126684,835.0,32708.0,,,,,,N4_ATOMIC,0.0
SP1_N4_DISTRIBUTED_FAMILY_v2,E5_DPOP_SMALL,E5_DPOP:N8:K2:ring:cv0.65:p0.85:r0,3245538823,ring,8,2,0.65,0.85,OPTIMAL,170.77921380206283,170.77921380206283,0.0,0.002533999999286607,True,True,geo_qpg_d,True,177.97891512374605,15.477399982046336,486.0,18180.0,,,,,,N4_ATOMIC,0.04215794862498809
SP1_N4_DISTRIBUTED_FAMILY_v2,E5_DPOP_SMALL,E5_DPOP:N8:K2:ring:cv0.65:p0.85:r1,3122686283,ring,8,2,0.65,0.85,OPTIMAL,235.41304547501068,235.41304547501068,0.0,0.0022176000056788325,True,True,dpop_exact_small,True,235.41304547501068,35.988699994049966,14.0,26288.0,7.0,7.0,3279.0,7.0,6561.0,EXACT_DISTRIBUTED,0.0
SP1_N4_DISTRIBUTED_FAMILY_v2,E5_DPOP_SMALL,E5_DPOP:N8:K2:ring:cv0.65:p0.85:r1,3122686283,ring,8,2,0.65,0.85,OPTIMAL,235.41304547501068,235.41304547501068,0.0,0.0022176000056788325,True,True,milp_highs,True,235.41304547501068,2.2176000056788325,,,,,,,,CENTRAL_ORACLE,0.0
SP1_N4_DISTRIBUTED_FAMILY_v2,E5_DPOP_SMALL,E5_DPOP:N8:K2:ring:cv0.65:p0.85:r1,3122686283,ring,8,2,0.65,0.85,OPTIMAL,235.41304547501068,235.41304547501068,0.0,0.0022176000056788325,True,True,geo_qpg_u,True,336.7075490233644,1.7234999977517873,72.0,2464.0,,,,,,N4_ATOMIC,0.4302841558502594
SP1_N4_DISTRIBUTED_FAMILY_v2,E5_DPOP_SMALL,E5_DPOP:N8:K2:ring:cv0.65:p0.85:r1,3122686283,ring,8,2,0.65,0.85,OPTIMAL,235.41304547501068,235.41304547501068,0.0,0.0022176000056788325,True,True,geo_qpg_p,True,254.48842346069026,9.079699986614287,242.0,9100.0,,,,,,N4_ATOMIC,0.08102940067399303
SP1_N4_DISTRIBUTED_FAMILY_v2,E5_DPOP_SMALL,E5_DPOP:N8:K2:ring:cv0.65:p0.85:r1,3122686283,ring,8,2,0.65,0.85,OPTIMAL,235.41304547501068,235.41304547501068,0.0,0.0022176000056788325,True,True,geo_qpg_c3,True,248.50742715574557,19.782899995334446,548.0,21300.0,,,,,,N4_ATOMIC,0.05562300786820618
SP1_N4_DISTRIBUTED_FAMILY_v2,E5_DPOP_SMALL,E5_DPOP:N8:K2:ring:cv0.65:p0.85:r1,3122686283,ring,8,2,0.65,0.85,OPTIMAL,235.41304547501068,235.41304547501068,0.0,0.0022176000056788325,True,True,geo_qpg_d,True,248.50742715574557,11.503699992317706,359.0,12904.0,,,,,,N4_ATOMIC,0.05562300786820618
SP1_N4_DISTRIBUTED_FAMILY_v2,E5_DPOP_SMALL,E5_DPOP:N8:K2:ring:cv0.65:p0.85:r2,821436332,ring,8,2,0.65,0.85,OPTIMAL,215.53111932652493,215.53111932652496,0.0,0.0027621999906841666,True,True,dpop_exact_small,True,215.53111932652496,36.216899985447526,14.0,26288.0,7.0,7.0,3279.0,7.0,6561.0,EXACT_DISTRIBUTED,1.3186824027645742e-16
SP1_N4_DISTRIBUTED_FAMILY_v2,E5_DPOP_SMALL,E5_DPOP:N8:K2:ring:cv0.65:p0.85:r2,821436332,ring,8,2,0.65,0.85,OPTIMAL,215.53111932652493,215.53111932652496,0.0,0.0027621999906841666,True,True,milp_highs,True,215.53111932652493,2.7621999906841666,,,,,,,,CENTRAL_ORACLE,0.0
SP1_N4_DISTRIBUTED_FAMILY_v2,E5_DPOP_SMALL,E5_DPOP:N8:K2:ring:cv0.65:p0.85:r2,821436332,ring,8,2,0.65,0.85,OPTIMAL,215.53111932652493,215.53111932652496,0.0,0.0027621999906841666,True,True,geo_qpg_u,True,260.2018883070768,2.227999997558072,87.0,3024.0,,,,,,N4_ATOMIC,0.2072590218996479
SP1_N4_DISTRIBUTED_FAMILY_v2,E5_DPOP_SMALL,E5_DPOP:N8:K2:ring:cv0.65:p0.85:r2,821436332,ring,8,2,0.65,0.85,OPTIMAL,215.53111932652493,215.53111932652496,0.0,0.0027621999906841666,True,True,geo_qpg_p,True,215.53111932652496,14.153199997963384,292.0,11140.0,,,,,,N4_ATOMIC,1.3186824027645742e-16
SP1_N4_DISTRIBUTED_FAMILY_v2,E5_DPOP_SMALL,E5_DPOP:N8:K2:ring:cv0.65:p0.85:r2,821436332,ring,8,2,0.65,0.85,OPTIMAL,215.53111932652493,215.53111932652496,0.0,0.0027621999906841666,True,True,geo_qpg_c3,True,215.53111932652496,26.017299998784438,720.0,28260.0,,,,,,N4_ATOMIC,1.3186824027645742e-16
SP1_N4_DISTRIBUTED_FAMILY_v2,E5_DPOP_SMALL,E5_DPOP:N8:K2:ring:cv0.65:p0.85:r2,821436332,ring,8,2,0.65,0.85,OPTIMAL,215.53111932652493,215.53111932652496,0.0,0.0027621999906841666,True,True,geo_qpg_d,True,215.53111932652496,9.410400001797825,281.0,10148.0,,,,,,N4_ATOMIC,1.3186824027645742e-16
SP1_N4_DISTRIBUTED_FAMILY_v2,E5_DPOP_SMALL,E5_DPOP:N8:K2:ring:cv0.65:p0.85:r3,938506318,ring,8,2,0.65,0.85,OPTIMAL,251.81040351857504,251.81040351857504,0.0,0.006654800003161654,True,True,dpop_exact_small,True,251.81040351857504,37.18850002042018,14.0,26288.0,7.0,7.0,3279.0,7.0,6561.0,EXACT_DISTRIBUTED,0.0
SP1_N4_DISTRIBUTED_FAMILY_v2,E5_DPOP_SMALL,E5_DPOP:N8:K2:ring:cv0.65:p0.85:r3,938506318,ring,8,2,0.65,0.85,OPTIMAL,251.81040351857504,251.81040351857504,0.0,0.006654800003161654,True,True,milp_highs,True,251.81040351857504,6.654800003161654,,,,,,,,CENTRAL_ORACLE,0.0
SP1_N4_DISTRIBUTED_FAMILY_v2,E5_DPOP_SMALL,E5_DPOP:N8:K2:ring:cv0.65:p0.85:r3,938506318,ring,8,2,0.65,0.85,OPTIMAL,251.81040351857504,251.81040351857504,0.0,0.006654800003161654,True,True,geo_qpg_u,True,270.5068128677183,3.0485999886877835,86.0,2912.0,,,,,,N4_ATOMIC,0.07424796230773713
SP1_N4_DISTRIBUTED_FAMILY_v2,E5_DPOP_SMALL,E5_DPOP:N8:K2:ring:cv0.65:p0.85:r3,938506318,ring,8,2,0.65,0.85,OPTIMAL,251.81040351857504,251.81040351857504,0.0,0.006654800003161654,True,True,geo_qpg_p,True,269.69905803909745,11.05420000385493,239.0,9008.0,,,,,,N4_ATOMIC,0.07104017256857632
SP1_N4_DISTRIBUTED_FAMILY_v2,E5_DPOP_SMALL,E5_DPOP:N8:K2:ring:cv0.65:p0.85:r3,938506318,ring,8,2,0.65,0.85,OPTIMAL,251.81040351857504,251.81040351857504,0.0,0.006654800003161654,True,True,geo_qpg_c3,True,262.4563049874822,29.40110000781715,727.0,28488.0,,,,,,N4_ATOMIC,0.04227744890660113
SP1_N4_DISTRIBUTED_FAMILY_v2,E5_DPOP_SMALL,E5_DPOP:N8:K2:ring:cv0.65:p0.85:r3,938506318,ring,8,2,0.65,0.85,OPTIMAL,251.81040351857504,251.81040351857504,0.0,0.006654800003161654,True,True,geo_qpg_d,True,278.02319687453377,17.75269999052398,454.0,16852.0,,,,,,N4_ATOMIC,0.10409734065663856
SP1_N4_DISTRIBUTED_FAMILY_v2,E5_DPOP_SMALL,E5_DPOP:N8:K2:ring:cv0.65:p0.85:r4,3838359588,ring,8,2,0.65,0.85,OPTIMAL,255.32306408757734,255.32306408757734,0.0,0.010486099985428154,True,True,dpop_exact_small,True,255.32306408757736,37.577299983240664,14.0,26288.0,7.0,7.0,3279.0,7.0,6561.0,EXACT_DISTRIBUTED,1.113166549679789e-16
SP1_N4_DISTRIBUTED_FAMILY_v2,E5_DPOP_SMALL,E5_DPOP:N8:K2:ring:cv0.65:p0.85:r4,3838359588,ring,8,2,0.65,0.85,OPTIMAL,255.32306408757734,255.32306408757734,0.0,0.010486099985428154,True,True,milp_highs,True,255.32306408757734,10.486099985428154,,,,,,,,CENTRAL_ORACLE,0.0
SP1_N4_DISTRIBUTED_FAMILY_v2,E5_DPOP_SMALL,E5_DPOP:N8:K2:ring:cv0.65:p0.85:r4,3838359588,ring,8,2,0.65,0.85,OPTIMAL,255.32306408757734,255.32306408757734,0.0,0.010486099985428154,True,True,geo_qpg_u,True,275.9957563485449,1.9148999999742955,83.0,2856.0,,,,,,N4_ATOMIC,0.08096680311605807
SP1_N4_DISTRIBUTED_FAMILY_v2,E5_DPOP_SMALL,E5_DPOP:N8:K2:ring:cv0.65:p0.85:r4,3838359588,ring,8,2,0.65,0.85,OPTIMAL,255.32306408757734,255.32306408757734,0.0,0.010486099985428154,True,True,geo_qpg_p,True,271.277040323752,10.696400015149266,261.0,10016.0,,,,,,N4_ATOMIC,0.06248544875171297
SP1_N4_DISTRIBUTED_FAMILY_v2,E5_DPOP_SMALL,E5_DPOP:N8:K2:ring:cv0.65:p0.85:r4,3838359588,ring,8,2,0.65,0.85,OPTIMAL,255.32306408757734,255.32306408757734,0.0,0.010486099985428154,True,True,geo_qpg_c3,True,271.277040323752,23.70580000570044,673.0,26496.0,,,,,,N4_ATOMIC,0.06248544875171297
SP1_N4_DISTRIBUTED_FAMILY_v2,E5_DPOP_SMALL,E5_DPOP:N8:K2:ring:cv0.65:p0.85:r4,3838359588,ring,8,2,0.65,0.85,OPTIMAL,255.32306408757734,255.32306408757734,0.0,0.010486099985428154,True,True,geo_qpg_d,True,271.277040323752,19.06839999719523,667.0,25376.0,,,,,,N4_ATOMIC,0.06248544875171297
SP1_N4_DISTRIBUTED_FAMILY_v2,E5_DPOP_SMALL,E5_DPOP:N8:K2:ring:cv0.65:p0.85:r5,888822245,ring,8,2,0.65,0.85,OPTIMAL,204.56374510525876,204.56374510525873,0.0,0.001343400013865903,True,True,dpop_exact_small,True,204.56374510525876,38.922399980947375,14.0,26288.0,7.0,7.0,3279.0,7.0,6561.0,EXACT_DISTRIBUTED,0.0
SP1_N4_DISTRIBUTED_FAMILY_v2,E5_DPOP_SMALL,E5_DPOP:N8:K2:ring:cv0.65:p0.85:r5,888822245,ring,8,2,0.65,0.85,OPTIMAL,204.56374510525876,204.56374510525873,0.0,0.001343400013865903,True,True,milp_highs,True,204.56374510525876,1.343400013865903,,,,,,,,CENTRAL_ORACLE,0.0
SP1_N4_DISTRIBUTED_FAMILY_v2,E5_DPOP_SMALL,E5_DPOP:N8:K2:ring:cv0.65:p0.85:r5,888822245,ring,8,2,0.65,0.85,OPTIMAL,204.56374510525876,204.56374510525873,0.0,0.001343400013865903,True,True,geo_qpg_u,True,301.6751845209155,2.033800003118813,87.0,3024.0,,,,,,N4_ATOMIC,0.47472458702634623
SP1_N4_DISTRIBUTED_FAMILY_v2,E5_DPOP_SMALL,E5_DPOP:N8:K2:ring:cv0.65:p0.85:r5,888822245,ring,8,2,0.65,0.85,OPTIMAL,204.56374510525876,204.56374510525873,0.0,0.001343400013865903,True,True,geo_qpg_p,True,204.56374510525876,9.274600015487522,274.0,10272.0,,,,,,N4_ATOMIC,0.0
SP1_N4_DISTRIBUTED_FAMILY_v2,E5_DPOP_SMALL,E5_DPOP:N8:K2:ring:cv0.65:p0.85:r5,888822245,ring,8,2,0.65,0.85,OPTIMAL,204.56374510525876,204.56374510525873,0.0,0.001343400013865903,True,True,geo_qpg_c3,True,204.56374510525876,16.735099983634427,530.0,20512.0,,,,,,N4_ATOMIC,0.0
SP1_N4_DISTRIBUTED_FAMILY_v2,E5_DPOP_SMALL,E5_DPOP:N8:K2:ring:cv0.65:p0.85:r5,888822245,ring,8,2,0.65,0.85,OPTIMAL,204.56374510525876,204.56374510525873,0.0,0.001343400013865903,True,True,geo_qpg_d,True,204.56374510525876,7.786100002704188,256.0,8952.0,,,,,,N4_ATOMIC,0.0
SP1_N4_DISTRIBUTED_FAMILY_v2,E5_DPOP_SMALL,E5_DPOP:N8:K2:ring:cv0.65:p0.85:r6,1026513520,ring,8,2,0.65,0.85,OPTIMAL,233.8745527719373,233.8745527719373,0.0,0.0026393999869469553,True,True,dpop_exact_small,True,233.8745527719373,42.08819998893887,14.0,26288.0,7.0,7.0,3279.0,7.0,6561.0,EXACT_DISTRIBUTED,0.0
SP1_N4_DISTRIBUTED_FAMILY_v2,E5_DPOP_SMALL,E5_DPOP:N8:K2:ring:cv0.65:p0.85:r6,1026513520,ring,8,2,0.65,0.85,OPTIMAL,233.8745527719373,233.8745527719373,0.0,0.0026393999869469553,True,True,milp_highs,True,233.8745527719373,2.6393999869469553,,,,,,,,CENTRAL_ORACLE,0.0
SP1_N4_DISTRIBUTED_FAMILY_v2,E5_DPOP_SMALL,E5_DPOP:N8:K2:ring:cv0.65:p0.85:r6,1026513520,ring,8,2,0.65,0.85,OPTIMAL,233.8745527719373,233.8745527719373,0.0,0.0026393999869469553,True,True,geo_qpg_u,True,333.7606573147124,4.478999995626509,90.0,3092.0,,,,,,N4_ATOMIC,0.4270926586877496
SP1_N4_DISTRIBUTED_FAMILY_v2,E5_DPOP_SMALL,E5_DPOP:N8:K2:ring:cv0.65:p0.85:r6,1026513520,ring,8,2,0.65,0.85,OPTIMAL,233.8745527719373,233.8745527719373,0.0,0.0026393999869469553,True,True,geo_qpg_p,True,333.7606573147124,12.328300013905391,190.0,7092.0,,,,,,N4_ATOMIC,0.4270926586877496
SP1_N4_DISTRIBUTED_FAMILY_v2,E5_DPOP_SMALL,E5_DPOP:N8:K2:ring:cv0.65:p0.85:r6,1026513520,ring,8,2,0.65,0.85,OPTIMAL,233.8745527719373,233.8745527719373,0.0,0.0026393999869469553,True,True,geo_qpg_c3,True,233.87455277193732,25.79050001804717,778.0,30452.0,,,,,,N4_ATOMIC,1.2152544641365677e-16
SP1_N4_DISTRIBUTED_FAMILY_v2,E5_DPOP_SMALL,E5_DPOP:N8:K2:ring:cv0.65:p0.85:r6,1026513520,ring,8,2,0.65,0.85,OPTIMAL,233.8745527719373,233.8745527719373,0.0,0.0026393999869469553,True,True,geo_qpg_d,True,233.87455277193732,9.112699975958094,261.0,9364.0,,,,,,N4_ATOMIC,1.2152544641365677e-16
SP1_N4_DISTRIBUTED_FAMILY_v2,E5_DPOP_SMALL,E5_DPOP:N8:K2:ring:cv0.65:p0.85:r7,2114461510,ring,8,2,0.65,0.85,OPTIMAL,215.9752683440816,215.9752683440816,0.0,0.0013809000083710998,True,True,dpop_exact_small,True,215.9752683440816,36.22809998341836,14.0,26288.0,7.0,7.0,3279.0,7.0,6561.0,EXACT_DISTRIBUTED,0.0
SP1_N4_DISTRIBUTED_FAMILY_v2,E5_DPOP_SMALL,E5_DPOP:N8:K2:ring:cv0.65:p0.85:r7,2114461510,ring,8,2,0.65,0.85,OPTIMAL,215.9752683440816,215.9752683440816,0.0,0.0013809000083710998,True,True,milp_highs,True,215.9752683440816,1.3809000083710998,,,,,,,,CENTRAL_ORACLE,0.0
SP1_N4_DISTRIBUTED_FAMILY_v2,E5_DPOP_SMALL,E5_DPOP:N8:K2:ring:cv0.65:p0.85:r7,2114461510,ring,8,2,0.65,0.85,OPTIMAL,215.9752683440816,215.9752683440816,0.0,0.0013809000083710998,True,True,geo_qpg_u,True,226.84246654956195,2.3797999892849475,84.0,2828.0,,,,,,N4_ATOMIC,0.05031686400392494
SP1_N4_DISTRIBUTED_FAMILY_v2,E5_DPOP_SMALL,E5_DPOP:N8:K2:ring:cv0.65:p0.85:r7,2114461510,ring,8,2,0.65,0.85,OPTIMAL,215.9752683440816,215.9752683440816,0.0,0.0013809000083710998,True,True,geo_qpg_p,True,215.9752683440816,10.437199991429225,222.0,8280.0,,,,,,N4_ATOMIC,0.0
SP1_N4_DISTRIBUTED_FAMILY_v2,E5_DPOP_SMALL,E5_DPOP:N8:K2:ring:cv0.65:p0.85:r7,2114461510,ring,8,2,0.65,0.85,OPTIMAL,215.9752683440816,215.9752683440816,0.0,0.0013809000083710998,True,True,geo_qpg_c3,True,215.9752683440816,28.584999992744997,670.0,26200.0,,,,,,N4_ATOMIC,0.0
SP1_N4_DISTRIBUTED_FAMILY_v2,E5_DPOP_SMALL,E5_DPOP:N8:K2:ring:cv0.65:p0.85:r7,2114461510,ring,8,2,0.65,0.85,OPTIMAL,215.9752683440816,215.9752683440816,0.0,0.0013809000083710998,True,True,geo_qpg_d,True,215.9752683440816,16.274299996439368,494.0,18808.0,,,,,,N4_ATOMIC,0.0
SP1_N4_DISTRIBUTED_FAMILY_v2,E5_DPOP_SMALL,E5_DPOP:N8:K2:ring:cv0.65:p0.85:r8,1569318452,ring,8,2,0.65,0.85,OPTIMAL,235.44508340104005,235.44508340104005,0.0,0.0014610000071115792,True,True,dpop_exact_small,True,235.44508340104005,34.652399976039305,14.0,26288.0,7.0,7.0,3279.0,7.0,6561.0,EXACT_DISTRIBUTED,0.0
SP1_N4_DISTRIBUTED_FAMILY_v2,E5_DPOP_SMALL,E5_DPOP:N8:K2:ring:cv0.65:p0.85:r8,1569318452,ring,8,2,0.65,0.85,OPTIMAL,235.44508340104005,235.44508340104005,0.0,0.0014610000071115792,True,True,milp_highs,True,235.44508340104005,1.4610000071115792,,,,,,,,CENTRAL_ORACLE,0.0
SP1_N4_DISTRIBUTED_FAMILY_v2,E5_DPOP_SMALL,E5_DPOP:N8:K2:ring:cv0.65:p0.85:r8,1569318452,ring,8,2,0.65,0.85,OPTIMAL,235.44508340104005,235.44508340104005,0.0,0.0014610000071115792,True,True,geo_qpg_u,True,289.8138558458886,2.2739999985788018,79.0,2688.0,,,,,,N4_ATOMIC,0.2309191241519397
SP1_N4_DISTRIBUTED_FAMILY_v2,E5_DPOP_SMALL,E5_DPOP:N8:K2:ring:cv0.65:p0.85:r8,1569318452,ring,8,2,0.65,0.85,OPTIMAL,235.44508340104005,235.44508340104005,0.0,0.0014610000071115792,True,True,geo_qpg_p,True,279.9423141201993,10.80089999595657,236.0,8864.0,,,,,,N4_ATOMIC,0.1889919724650435
SP1_N4_DISTRIBUTED_FAMILY_v2,E5_DPOP_SMALL,E5_DPOP:N8:K2:ring:cv0.65:p0.85:r8,1569318452,ring,8,2,0.65,0.85,OPTIMAL,235.44508340104005,235.44508340104005,0.0,0.0014610000071115792,True,True,geo_qpg_c3,True,235.44508340104008,25.82860001712106,745.0,29128.0,,,,,,N4_ATOMIC,1.2071481391689345e-16
SP1_N4_DISTRIBUTED_FAMILY_v2,E5_DPOP_SMALL,E5_DPOP:N8:K2:ring:cv0.65:p0.85:r8,1569318452,ring,8,2,0.65,0.85,OPTIMAL,235.44508340104005,235.44508340104005,0.0,0.0014610000071115792,True,True,geo_qpg_d,True,235.44508340104008,18.28150000073947,589.0,21716.0,,,,,,N4_ATOMIC,1.2071481391689345e-16
SP1_N4_DISTRIBUTED_FAMILY_v2,E5_DPOP_SMALL,E5_DPOP:N8:K2:ring:cv0.65:p0.85:r9,3900403084,ring,8,2,0.65,0.85,OPTIMAL,259.20152309179775,259.20152309179775,0.0,0.011009200010448694,True,True,dpop_exact_small,True,259.20152309179775,33.232999994652346,14.0,26288.0,7.0,7.0,3279.0,7.0,6561.0,EXACT_DISTRIBUTED,0.0
SP1_N4_DISTRIBUTED_FAMILY_v2,E5_DPOP_SMALL,E5_DPOP:N8:K2:ring:cv0.65:p0.85:r9,3900403084,ring,8,2,0.65,0.85,OPTIMAL,259.20152309179775,259.20152309179775,0.0,0.011009200010448694,True,True,milp_highs,True,259.20152309179775,11.009200010448694,,,,,,,,CENTRAL_ORACLE,0.0
SP1_N4_DISTRIBUTED_FAMILY_v2,E5_DPOP_SMALL,E5_DPOP:N8:K2:ring:cv0.65:p0.85:r9,3900403084,ring,8,2,0.65,0.85,OPTIMAL,259.20152309179775,259.20152309179775,0.0,0.011009200010448694,True,True,geo_qpg_u,True,300.794724892085,1.8528999935369939,81.0,2772.0,,,,,,N4_ATOMIC,0.16046665661589027
SP1_N4_DISTRIBUTED_FAMILY_v2,E5_DPOP_SMALL,E5_DPOP:N8:K2:ring:cv0.65:p0.85:r9,3900403084,ring,8,2,0.65,0.85,OPTIMAL,259.20152309179775,259.20152309179775,0.0,0.011009200010448694,True,True,geo_qpg_p,True,300.3970184724803,5.949700018391013,160.0,5908.0,,,,,,N4_ATOMIC,0.15893230444518994
SP1_N4_DISTRIBUTED_FAMILY_v2,E5_DPOP_SMALL,E5_DPOP:N8:K2:ring:cv0.65:p0.85:r9,3900403084,ring,8,2,0.65,0.85,OPTIMAL,259.20152309179775,259.20152309179775,0.0,0.011009200010448694,True,True,geo_qpg_c3,True,259.20152309179775,15.068699984112754,551.0,21332.0,,,,,,N4_ATOMIC,0.0
SP1_N4_DISTRIBUTED_FAMILY_v2,E5_DPOP_SMALL,E5_DPOP:N8:K2:ring:cv0.65:p0.85:r9,3900403084,ring,8,2,0.65,0.85,OPTIMAL,259.20152309179775,259.20152309179775,0.0,0.011009200010448694,True,True,geo_qpg_d,True,259.20152309179775,7.5523999985307455,294.0,10424.0,,,,,,N4_ATOMIC,0.0
SP1_N4_DISTRIBUTED_FAMILY_v2,E5_DPOP_SMALL,E5_DPOP:N8:K2:corridor:cv0.35:p0.7:r0,1614156966,corridor,8,2,0.35,0.7,OPTIMAL,141.88055988604555,141.88055988604555,0.0,0.001402800000505522,True,True,dpop_exact_small,True,141.88055988604555,33.741299994289875,14.0,26288.0,7.0,7.0,3279.0,7.0,6561.0,EXACT_DISTRIBUTED,0.0
SP1_N4_DISTRIBUTED_FAMILY_v2,E5_DPOP_SMALL,E5_DPOP:N8:K2:corridor:cv0.35:p0.7:r0,1614156966,corridor,8,2,0.35,0.7,OPTIMAL,141.88055988604555,141.88055988604555,0.0,0.001402800000505522,True,True,milp_highs,True,141.88055988604555,1.402800000505522,,,,,,,,CENTRAL_ORACLE,0.0
SP1_N4_DISTRIBUTED_FAMILY_v2,E5_DPOP_SMALL,E5_DPOP:N8:K2:corridor:cv0.35:p0.7:r0,1614156966,corridor,8,2,0.35,0.7,OPTIMAL,141.88055988604555,141.88055988604555,0.0,0.001402800000505522,True,True,geo_qpg_u,True,167.59447803798844,1.7081999976653606,69.0,2408.0,,,,,,N4_ATOMIC,0.18123637355671265
SP1_N4_DISTRIBUTED_FAMILY_v2,E5_DPOP_SMALL,E5_DPOP:N8:K2:corridor:cv0.35:p0.7:r0,1614156966,corridor,8,2,0.35,0.7,OPTIMAL,141.88055988604555,141.88055988604555,0.0,0.001402800000505522,True,True,geo_qpg_p,True,148.29384582394655,9.226900001522154,185.0,7024.0,,,,,,N4_ATOMIC,0.045202006131438856
SP1_N4_DISTRIBUTED_FAMILY_v2,E5_DPOP_SMALL,E5_DPOP:N8:K2:corridor:cv0.35:p0.7:r0,1614156966,corridor,8,2,0.35,0.7,OPTIMAL,141.88055988604555,141.88055988604555,0.0,0.001402800000505522,True,True,geo_qpg_c3,True,141.88055988604555,21.895500016398728,702.0,27648.0,,,,,,N4_ATOMIC,0.0
SP1_N4_DISTRIBUTED_FAMILY_v2,E5_DPOP_SMALL,E5_DPOP:N8:K2:corridor:cv0.35:p0.7:r0,1614156966,corridor,8,2,0.35,0.7,OPTIMAL,141.88055988604555,141.88055988604555,0.0,0.001402800000505522,True,True,geo_qpg_d,True,141.88055988604555,9.883000020636246,301.0,10872.0,,,,,,N4_ATOMIC,0.0
SP1_N4_DISTRIBUTED_FAMILY_v2,E5_DPOP_SMALL,E5_DPOP:N8:K2:corridor:cv0.35:p0.7:r1,1458716052,corridor,8,2,0.35,0.7,OPTIMAL,148.16734485182724,148.16734485182724,0.0,0.0037643000250682235,True,True,dpop_exact_small,True,148.1673448518272,49.76570000872016,14.0,26288.0,7.0,7.0,3279.0,7.0,6561.0,EXACT_DISTRIBUTED,-1.9182168283319618e-16
SP1_N4_DISTRIBUTED_FAMILY_v2,E5_DPOP_SMALL,E5_DPOP:N8:K2:corridor:cv0.35:p0.7:r1,1458716052,corridor,8,2,0.35,0.7,OPTIMAL,148.16734485182724,148.16734485182724,0.0,0.0037643000250682235,True,True,milp_highs,True,148.16734485182724,3.7643000250682235,,,,,,,,CENTRAL_ORACLE,0.0
SP1_N4_DISTRIBUTED_FAMILY_v2,E5_DPOP_SMALL,E5_DPOP:N8:K2:corridor:cv0.35:p0.7:r1,1458716052,corridor,8,2,0.35,0.7,OPTIMAL,148.16734485182724,148.16734485182724,0.0,0.0037643000250682235,True,True,geo_qpg_u,True,166.57858725477632,4.277600004570559,65.0,2240.0,,,,,,N4_ATOMIC,0.124259784916582
SP1_N4_DISTRIBUTED_FAMILY_v2,E5_DPOP_SMALL,E5_DPOP:N8:K2:corridor:cv0.35:p0.7:r1,1458716052,corridor,8,2,0.35,0.7,OPTIMAL,148.16734485182724,148.16734485182724,0.0,0.0037643000250682235,True,True,geo_qpg_p,True,148.16734485182724,9.604799997759983,173.0,6480.0,,,,,,N4_ATOMIC,0.0
SP1_N4_DISTRIBUTED_FAMILY_v2,E5_DPOP_SMALL,E5_DPOP:N8:K2:corridor:cv0.35:p0.7:r1,1458716052,corridor,8,2,0.35,0.7,OPTIMAL,148.16734485182724,148.16734485182724,0.0,0.0037643000250682235,True,True,geo_qpg_c3,True,148.16734485182724,22.955399996135384,389.0,15120.0,,,,,,N4_ATOMIC,0.0
SP1_N4_DISTRIBUTED_FAMILY_v2,E5_DPOP_SMALL,E5_DPOP:N8:K2:corridor:cv0.35:p0.7:r1,1458716052,corridor,8,2,0.35,0.7,OPTIMAL,148.16734485182724,148.16734485182724,0.0,0.0037643000250682235,True,True,geo_qpg_d,True,148.16734485182724,25.553299987223,796.0,29396.0,,,,,,N4_ATOMIC,0.0
SP1_N4_DISTRIBUTED_FAMILY_v2,E5_DPOP_SMALL,E5_DPOP:N8:K2:corridor:cv0.35:p0.7:r2,1003824805,corridor,8,2,0.35,0.7,OPTIMAL,48.88082645065657,48.88082645065657,0.0,0.004035299993120134,True,True,dpop_exact_small,True,48.88082645065657,41.104999982053414,14.0,26288.0,7.0,7.0,3279.0,7.0,6561.0,EXACT_DISTRIBUTED,0.0
SP1_N4_DISTRIBUTED_FAMILY_v2,E5_DPOP_SMALL,E5_DPOP:N8:K2:corridor:cv0.35:p0.7:r2,1003824805,corridor,8,2,0.35,0.7,OPTIMAL,48.88082645065657,48.88082645065657,0.0,0.004035299993120134,True,True,milp_highs,True,48.88082645065657,4.035299993120134,,,,,,,,CENTRAL_ORACLE,0.0
SP1_N4_DISTRIBUTED_FAMILY_v2,E5_DPOP_SMALL,E5_DPOP:N8:K2:corridor:cv0.35:p0.7:r2,1003824805,corridor,8,2,0.35,0.7,OPTIMAL,48.88082645065657,48.88082645065657,0.0,0.004035299993120134,True,True,geo_qpg_u,True,58.32605701774938,3.6296000180300325,52.0,1764.0,,,,,,N4_ATOMIC,0.1932297641617706
SP1_N4_DISTRIBUTED_FAMILY_v2,E5_DPOP_SMALL,E5_DPOP:N8:K2:corridor:cv0.35:p0.7:r2,1003824805,corridor,8,2,0.35,0.7,OPTIMAL,48.88082645065657,48.88082645065657,0.0,0.004035299993120134,True,True,geo_qpg_p,True,48.88082645065657,15.467799996258691,245.0,9368.0,,,,,,N4_ATOMIC,0.0
SP1_N4_DISTRIBUTED_FAMILY_v2,E5_DPOP_SMALL,E5_DPOP:N8:K2:corridor:cv0.35:p0.7:r2,1003824805,corridor,8,2,0.35,0.7,OPTIMAL,48.88082645065657,48.88082645065657,0.0,0.004035299993120134,True,True,geo_qpg_c3,True,48.88082645065657,38.28959999373183,693.0,27288.0,,,,,,N4_ATOMIC,0.0
SP1_N4_DISTRIBUTED_FAMILY_v2,E5_DPOP_SMALL,E5_DPOP:N8:K2:corridor:cv0.35:p0.7:r2,1003824805,corridor,8,2,0.35,0.7,OPTIMAL,48.88082645065657,48.88082645065657,0.0,0.004035299993120134,True,True,geo_qpg_d,True,48.88082645065657,13.28250000369735,276.0,10004.0,,,,,,N4_ATOMIC,0.0
SP1_N4_DISTRIBUTED_FAMILY_v2,E5_DPOP_SMALL,E5_DPOP:N8:K2:corridor:cv0.35:p0.7:r3,650080648,corridor,8,2,0.35,0.7,OPTIMAL,136.9640971953914,136.9640971953914,0.0,0.0021523000032175332,True,True,dpop_exact_small,True,136.9640971953914,35.387300013098866,14.0,26288.0,7.0,7.0,3279.0,7.0,6561.0,EXACT_DISTRIBUTED,0.0
SP1_N4_DISTRIBUTED_FAMILY_v2,E5_DPOP_SMALL,E5_DPOP:N8:K2:corridor:cv0.35:p0.7:r3,650080648,corridor,8,2,0.35,0.7,OPTIMAL,136.9640971953914,136.9640971953914,0.0,0.0021523000032175332,True,True,milp_highs,True,136.9640971953914,2.1523000032175332,,,,,,,,CENTRAL_ORACLE,0.0
SP1_N4_DISTRIBUTED_FAMILY_v2,E5_DPOP_SMALL,E5_DPOP:N8:K2:corridor:cv0.35:p0.7:r3,650080648,corridor,8,2,0.35,0.7,OPTIMAL,136.9640971953914,136.9640971953914,0.0,0.0021523000032175332,True,True,geo_qpg_u,True,175.01253849089966,1.587799983099103,58.0,2016.0,,,,,,N4_ATOMIC,0.2777986499719617
SP1_N4_DISTRIBUTED_FAMILY_v2,E5_DPOP_SMALL,E5_DPOP:N8:K2:corridor:cv0.35:p0.7:r3,650080648,corridor,8,2,0.35,0.7,OPTIMAL,136.9640971953914,136.9640971953914,0.0,0.0021523000032175332,True,True,geo_qpg_p,True,136.96409719539142,11.06469999649562,217.0,8404.0,,,,,,N4_ATOMIC,2.0751211457888799e-16
SP1_N4_DISTRIBUTED_FAMILY_v2,E5_DPOP_SMALL,E5_DPOP:N8:K2:corridor:cv0.35:p0.7:r3,650080648,corridor,8,2,0.35,0.7,OPTIMAL,136.9640971953914,136.9640971953914,0.0,0.0021523000032175332,True,True,geo_qpg_c3,True,136.96409719539142,26.486200018553063,661.0,26164.0,,,,,,N4_ATOMIC,2.0751211457888799e-16
SP1_N4_DISTRIBUTED_FAMILY_v2,E5_DPOP_SMALL,E5_DPOP:N8:K2:corridor:cv0.35:p0.7:r3,650080648,corridor,8,2,0.35,0.7,OPTIMAL,136.9640971953914,136.9640971953914,0.0,0.0021523000032175332,True,True,geo_qpg_d,True,136.96409719539142,20.49490000354126,484.0,18028.0,,,,,,N4_ATOMIC,2.0751211457888799e-16
SP1_N4_DISTRIBUTED_FAMILY_v2,E5_DPOP_SMALL,E5_DPOP:N8:K2:corridor:cv0.35:p0.7:r4,1357395361,corridor,8,2,0.35,0.7,OPTIMAL,109.88342120415689,109.88342120415689,0.0,0.0019071000278927386,True,True,dpop_exact_small,True,109.88342120415686,37.28140000021085,14.0,26288.0,7.0,7.0,3279.0,7.0,6561.0,EXACT_DISTRIBUTED,-2.5865329927795164e-16
SP1_N4_DISTRIBUTED_FAMILY_v2,E5_DPOP_SMALL,E5_DPOP:N8:K2:corridor:cv0.35:p0.7:r4,1357395361,corridor,8,2,0.35,0.7,OPTIMAL,109.88342120415689,109.88342120415689,0.0,0.0019071000278927386,True,True,milp_highs,True,109.88342120415689,1.9071000278927386,,,,,,,,CENTRAL_ORACLE,0.0
SP1_N4_DISTRIBUTED_FAMILY_v2,E5_DPOP_SMALL,E5_DPOP:N8:K2:corridor:cv0.35:p0.7:r4,1357395361,corridor,8,2,0.35,0.7,OPTIMAL,109.88342120415689,109.88342120415689,0.0,0.0019071000278927386,True,True,geo_qpg_u,True,185.09788788727164,1.9155000045429915,72.0,2464.0,,,,,,N4_ATOMIC,0.6844933098995045
SP1_N4_DISTRIBUTED_FAMILY_v2,E5_DPOP_SMALL,E5_DPOP:N8:K2:corridor:cv0.35:p0.7:r4,1357395361,corridor,8,2,0.35,0.7,OPTIMAL,109.88342120415689,109.88342120415689,0.0,0.0019071000278927386,True,True,geo_qpg_p,True,159.05798539370153,12.985500012291595,228.0,8608.0,,,,,,N4_ATOMIC,0.4475157730862894
SP1_N4_DISTRIBUTED_FAMILY_v2,E5_DPOP_SMALL,E5_DPOP:N8:K2:corridor:cv0.35:p0.7:r4,1357395361,corridor,8,2,0.35,0.7,OPTIMAL,109.88342120415689,109.88342120415689,0.0,0.0019071000278927386,True,True,geo_qpg_c3,True,109.88342120415686,18.69220001390204,561.0,21792.0,,,,,,N4_ATOMIC,-2.5865329927795164e-16
SP1_N4_DISTRIBUTED_FAMILY_v2,E5_DPOP_SMALL,E5_DPOP:N8:K2:corridor:cv0.35:p0.7:r4,1357395361,corridor,8,2,0.35,0.7,OPTIMAL,109.88342120415689,109.88342120415689,0.0,0.0019071000278927386,True,True,geo_qpg_d,True,159.05798539370153,8.04519999655895,412.0,14520.0,,,,,,N4_ATOMIC,0.4475157730862894
SP1_N4_DISTRIBUTED_FAMILY_v2,E5_DPOP_SMALL,E5_DPOP:N8:K2:corridor:cv0.35:p0.7:r5,700364358,corridor,8,2,0.35,0.7,OPTIMAL,231.07702897317992,231.07702897317995,0.0,0.0029476000054273754,True,True,dpop_exact_small,True,231.07702897317995,47.015099989948794,14.0,26288.0,7.0,7.0,3279.0,7.0,6561.0,EXACT_DISTRIBUTED,1.2299668883878019e-16
SP1_N4_DISTRIBUTED_FAMILY_v2,E5_DPOP_SMALL,E5_DPOP:N8:K2:corridor:cv0.35:p0.7:r5,700364358,corridor,8,2,0.35,0.7,OPTIMAL,231.07702897317992,231.07702897317995,0.0,0.0029476000054273754,True,True,milp_highs,True,231.07702897317992,2.9476000054273754,,,,,,,,CENTRAL_ORACLE,0.0
SP1_N4_DISTRIBUTED_FAMILY_v2,E5_DPOP_SMALL,E5_DPOP:N8:K2:corridor:cv0.35:p0.7:r5,700364358,corridor,8,2,0.35,0.7,OPTIMAL,231.07702897317992,231.07702897317995,0.0,0.0029476000054273754,True,True,geo_qpg_u,True,386.33806422423777,3.8748999941162765,71.0,2492.0,,,,,,N4_ATOMIC,0.6719016422401654
SP1_N4_DISTRIBUTED_FAMILY_v2,E5_DPOP_SMALL,E5_DPOP:N8:K2:corridor:cv0.35:p0.7:r5,700364358,corridor,8,2,0.35,0.7,OPTIMAL,231.07702897317992,231.07702897317995,0.0,0.0029476000054273754,True,True,geo_qpg_p,True,300.86279948827485,9.251499985111877,299.0,11992.0,,,,,,N4_ATOMIC,0.30200219738498824
SP1_N4_DISTRIBUTED_FAMILY_v2,E5_DPOP_SMALL,E5_DPOP:N8:K2:corridor:cv0.35:p0.7:r5,700364358,corridor,8,2,0.35,0.7,OPTIMAL,231.07702897317992,231.07702897317995,0.0,0.0029476000054273754,True,True,geo_qpg_c3,True,231.07702897317992,15.837399987503886,551.0,22104.0,,,,,,N4_ATOMIC,0.0
SP1_N4_DISTRIBUTED_FAMILY_v2,E5_DPOP_SMALL,E5_DPOP:N8:K2:corridor:cv0.35:p0.7:r5,700364358,corridor,8,2,0.35,0.7,OPTIMAL,231.07702897317992,231.07702897317995,0.0,0.0029476000054273754,True,True,geo_qpg_d,True,231.07702897317992,7.167300005676225,456.0,16156.0,,,,,,N4_ATOMIC,0.0
SP1_N4_DISTRIBUTED_FAMILY_v2,E5_DPOP_SMALL,E5_DPOP:N8:K2:corridor:cv0.35:p0.7:r6,1961404107,corridor,8,2,0.35,0.7,OPTIMAL,128.9216902445193,128.9216902445193,0.0,0.0030131000094115734,True,True,dpop_exact_small,True,128.9216902445193,34.73749998374842,14.0,26288.0,7.0,7.0,3279.0,7.0,6561.0,EXACT_DISTRIBUTED,0.0
SP1_N4_DISTRIBUTED_FAMILY_v2,E5_DPOP_SMALL,E5_DPOP:N8:K2:corridor:cv0.35:p0.7:r6,1961404107,corridor,8,2,0.35,0.7,OPTIMAL,128.9216902445193,128.9216902445193,0.0,0.0030131000094115734,True,True,milp_highs,True,128.9216902445193,3.0131000094115734,,,,,,,,CENTRAL_ORACLE,0.0
SP1_N4_DISTRIBUTED_FAMILY_v2,E5_DPOP_SMALL,E5_DPOP:N8:K2:corridor:cv0.35:p0.7:r6,1961404107,corridor,8,2,0.35,0.7,OPTIMAL,128.9216902445193,128.9216902445193,0.0,0.0030131000094115734,True,True,geo_qpg_u,True,186.26056184576797,1.7674000118859112,83.0,2856.0,,,,,,N4_ATOMIC,0.444757367767184
SP1_N4_DISTRIBUTED_FAMILY_v2,E5_DPOP_SMALL,E5_DPOP:N8:K2:corridor:cv0.35:p0.7:r6,1961404107,corridor,8,2,0.35,0.7,OPTIMAL,128.9216902445193,128.9216902445193,0.0,0.0030131000094115734,True,True,geo_qpg_p,True,171.76003824687567,5.332900007488206,156.0,5784.0,,,,,,N4_ATOMIC,0.33228192960476244
SP1_N4_DISTRIBUTED_FAMILY_v2,E5_DPOP_SMALL,E5_DPOP:N8:K2:corridor:cv0.35:p0.7:r6,1961404107,corridor,8,2,0.35,0.7,OPTIMAL,128.9216902445193,128.9216902445193,0.0,0.0030131000094115734,True,True,geo_qpg_c3,True,133.71440728005524,11.902300000656396,318.0,12224.0,,,,,,N4_ATOMIC,0.03717541265900116
SP1_N4_DISTRIBUTED_FAMILY_v2,E5_DPOP_SMALL,E5_DPOP:N8:K2:corridor:cv0.35:p0.7:r6,1961404107,corridor,8,2,0.35,0.7,OPTIMAL,128.9216902445193,128.9216902445193,0.0,0.0030131000094115734,True,True,geo_qpg_d,True,133.71440728005524,8.682399988174438,403.0,14464.0,,,,,,N4_ATOMIC,0.03717541265900116
SP1_N4_DISTRIBUTED_FAMILY_v2,E5_DPOP_SMALL,E5_DPOP:N8:K2:corridor:cv0.35:p0.7:r7,3039618231,corridor,8,2,0.35,0.7,OPTIMAL,110.26000259242443,110.26000259242443,0.0,0.0031079000036697835,True,True,dpop_exact_small,True,110.26000259242444,37.56430000066757,14.0,26288.0,7.0,7.0,3279.0,7.0,6561.0,EXACT_DISTRIBUTED,1.2888494813239176e-16
SP1_N4_DISTRIBUTED_FAMILY_v2,E5_DPOP_SMALL,E5_DPOP:N8:K2:corridor:cv0.35:p0.7:r7,3039618231,corridor,8,2,0.35,0.7,OPTIMAL,110.26000259242443,110.26000259242443,0.0,0.0031079000036697835,True,True,milp_highs,True,110.26000259242443,3.1079000036697835,,,,,,,,CENTRAL_ORACLE,0.0
SP1_N4_DISTRIBUTED_FAMILY_v2,E5_DPOP_SMALL,E5_DPOP:N8:K2:corridor:cv0.35:p0.7:r7,3039618231,corridor,8,2,0.35,0.7,OPTIMAL,110.26000259242443,110.26000259242443,0.0,0.0031079000036697835,True,True,geo_qpg_u,True,189.45044345929824,2.710300002945587,76.0,2632.0,,,,,,N4_ATOMIC,0.7182154816339058
SP1_N4_DISTRIBUTED_FAMILY_v2,E5_DPOP_SMALL,E5_DPOP:N8:K2:corridor:cv0.35:p0.7:r7,3039618231,corridor,8,2,0.35,0.7,OPTIMAL,110.26000259242443,110.26000259242443,0.0,0.0031079000036697835,True,True,geo_qpg_p,True,145.61604694328673,8.67619999917224,226.0,8512.0,,,,,,N4_ATOMIC,0.32066065227257207
SP1_N4_DISTRIBUTED_FAMILY_v2,E5_DPOP_SMALL,E5_DPOP:N8:K2:corridor:cv0.35:p0.7:r7,3039618231,corridor,8,2,0.35,0.7,OPTIMAL,110.26000259242443,110.26000259242443,0.0,0.0031079000036697835,True,True,geo_qpg_c3,True,110.26000259242443,18.56289998977445,582.0,22712.0,,,,,,N4_ATOMIC,0.0
SP1_N4_DISTRIBUTED_FAMILY_v2,E5_DPOP_SMALL,E5_DPOP:N8:K2:corridor:cv0.35:p0.7:r7,3039618231,corridor,8,2,0.35,0.7,OPTIMAL,110.26000259242443,110.26000259242443,0.0,0.0031079000036697835,True,True,geo_qpg_d,True,110.26000259242443,9.964799974113703,373.0,13132.0,,,,,,N4_ATOMIC,0.0
SP1_N4_DISTRIBUTED_FAMILY_v2,E5_DPOP_SMALL,E5_DPOP:N8:K2:corridor:cv0.35:p0.7:r8,241823620,corridor,8,2,0.35,0.7,OPTIMAL,288.16169185934143,288.16169185934143,0.0,0.0017069999885279685,True,True,dpop_exact_small,True,288.16169185934143,36.591699987184256,14.0,26288.0,7.0,7.0,3279.0,7.0,6561.0,EXACT_DISTRIBUTED,0.0
SP1_N4_DISTRIBUTED_FAMILY_v2,E5_DPOP_SMALL,E5_DPOP:N8:K2:corridor:cv0.35:p0.7:r8,241823620,corridor,8,2,0.35,0.7,OPTIMAL,288.16169185934143,288.16169185934143,0.0,0.0017069999885279685,True,True,milp_highs,True,288.16169185934143,1.7069999885279685,,,,,,,,CENTRAL_ORACLE,0.0
SP1_N4_DISTRIBUTED_FAMILY_v2,E5_DPOP_SMALL,E5_DPOP:N8:K2:corridor:cv0.35:p0.7:r8,241823620,corridor,8,2,0.35,0.7,OPTIMAL,288.16169185934143,288.16169185934143,0.0,0.0017069999885279685,True,True,geo_qpg_u,True,359.4251354481839,1.807699998607859,70.0,2380.0,,,,,,N4_ATOMIC,0.24730366874590612
SP1_N4_DISTRIBUTED_FAMILY_v2,E5_DPOP_SMALL,E5_DPOP:N8:K2:corridor:cv0.35:p0.7:r8,241823620,corridor,8,2,0.35,0.7,OPTIMAL,288.16169185934143,288.16169185934143,0.0,0.0017069999885279685,True,True,geo_qpg_p,True,288.16169185934143,12.333199993008748,301.0,11368.0,,,,,,N4_ATOMIC,0.0
SP1_N4_DISTRIBUTED_FAMILY_v2,E5_DPOP_SMALL,E5_DPOP:N8:K2:corridor:cv0.35:p0.7:r8,241823620,corridor,8,2,0.35,0.7,OPTIMAL,288.16169185934143,288.16169185934143,0.0,0.0017069999885279685,True,True,geo_qpg_c3,True,288.16169185934143,30.007900000782683,669.0,26088.0,,,,,,N4_ATOMIC,0.0
SP1_N4_DISTRIBUTED_FAMILY_v2,E5_DPOP_SMALL,E5_DPOP:N8:K2:corridor:cv0.35:p0.7:r8,241823620,corridor,8,2,0.35,0.7,OPTIMAL,288.16169185934143,288.16169185934143,0.0,0.0017069999885279685,True,True,geo_qpg_d,True,288.16169185934143,8.799600007478148,282.0,10064.0,,,,,,N4_ATOMIC,0.0
SP1_N4_DISTRIBUTED_FAMILY_v2,E5_DPOP_SMALL,E5_DPOP:N8:K2:corridor:cv0.35:p0.7:r9,2127882353,corridor,8,2,0.35,0.7,OPTIMAL,118.18402365959207,118.18402365959207,0.0,0.002624499989906326,True,True,dpop_exact_small,True,118.18402365959207,40.84649999276735,14.0,26288.0,7.0,7.0,3279.0,7.0,6561.0,EXACT_DISTRIBUTED,0.0
SP1_N4_DISTRIBUTED_FAMILY_v2,E5_DPOP_SMALL,E5_DPOP:N8:K2:corridor:cv0.35:p0.7:r9,2127882353,corridor,8,2,0.35,0.7,OPTIMAL,118.18402365959207,118.18402365959207,0.0,0.002624499989906326,True,True,milp_highs,True,118.18402365959207,2.624499989906326,,,,,,,,CENTRAL_ORACLE,0.0
SP1_N4_DISTRIBUTED_FAMILY_v2,E5_DPOP_SMALL,E5_DPOP:N8:K2:corridor:cv0.35:p0.7:r9,2127882353,corridor,8,2,0.35,0.7,OPTIMAL,118.18402365959207,118.18402365959207,0.0,0.002624499989906326,True,True,geo_qpg_u,True,304.6965200451563,1.8244000093545765,69.0,2408.0,,,,,,N4_ATOMIC,1.578153210646983
SP1_N4_DISTRIBUTED_FAMILY_v2,E5_DPOP_SMALL,E5_DPOP:N8:K2:corridor:cv0.35:p0.7:r9,2127882353,corridor,8,2,0.35,0.7,OPTIMAL,118.18402365959207,118.18402365959207,0.0,0.002624499989906326,True,True,geo_qpg_p,True,118.18402365959207,9.43919998826459,259.0,9800.0,,,,,,N4_ATOMIC,0.0
SP1_N4_DISTRIBUTED_FAMILY_v2,E5_DPOP_SMALL,E5_DPOP:N8:K2:corridor:cv0.35:p0.7:r9,2127882353,corridor,8,2,0.35,0.7,OPTIMAL,118.18402365959207,118.18402365959207,0.0,0.002624499989906326,True,True,geo_qpg_c3,True,118.18402365959207,20.128199976170436,567.0,22120.0,,,,,,N4_ATOMIC,0.0
SP1_N4_DISTRIBUTED_FAMILY_v2,E5_DPOP_SMALL,E5_DPOP:N8:K2:corridor:cv0.35:p0.7:r9,2127882353,corridor,8,2,0.35,0.7,OPTIMAL,118.18402365959207,118.18402365959207,0.0,0.002624499989906326,True,True,geo_qpg_d,True,123.14416154790962,11.273699987214059,476.0,17540.0,,,,,,N4_ATOMIC,0.041969614290712734
SP1_N4_DISTRIBUTED_FAMILY_v2,E5_DPOP_SMALL,E5_DPOP:N8:K2:corridor:cv0.35:p0.85:r0,1945034047,corridor,8,2,0.35,0.85,OPTIMAL,120.46887921838703,120.46887921838703,0.0,0.001513299997895956,True,True,dpop_exact_small,True,120.46887921838702,40.463400015141815,14.0,26288.0,7.0,7.0,3279.0,7.0,6561.0,EXACT_DISTRIBUTED,-1.1796286980839626e-16
SP1_N4_DISTRIBUTED_FAMILY_v2,E5_DPOP_SMALL,E5_DPOP:N8:K2:corridor:cv0.35:p0.85:r0,1945034047,corridor,8,2,0.35,0.85,OPTIMAL,120.46887921838703,120.46887921838703,0.0,0.001513299997895956,True,True,milp_highs,True,120.46887921838703,1.513299997895956,,,,,,,,CENTRAL_ORACLE,0.0
SP1_N4_DISTRIBUTED_FAMILY_v2,E5_DPOP_SMALL,E5_DPOP:N8:K2:corridor:cv0.35:p0.85:r0,1945034047,corridor,8,2,0.35,0.85,OPTIMAL,120.46887921838703,120.46887921838703,0.0,0.001513299997895956,True,True,geo_qpg_u,True,263.6783998516393,2.4142999900504947,95.0,3360.0,,,,,,N4_ATOMIC,1.1887677677621689
SP1_N4_DISTRIBUTED_FAMILY_v2,E5_DPOP_SMALL,E5_DPOP:N8:K2:corridor:cv0.35:p0.85:r0,1945034047,corridor,8,2,0.35,0.85,OPTIMAL,120.46887921838703,120.46887921838703,0.0,0.001513299997895956,True,True,geo_qpg_p,True,263.6783998516393,8.374400000320747,167.0,6240.0,,,,,,N4_ATOMIC,1.1887677677621689
SP1_N4_DISTRIBUTED_FAMILY_v2,E5_DPOP_SMALL,E5_DPOP:N8:K2:corridor:cv0.35:p0.85:r0,1945034047,corridor,8,2,0.35,0.85,OPTIMAL,120.46887921838703,120.46887921838703,0.0,0.001513299997895956,True,True,geo_qpg_c3,True,120.46887921838703,27.634300000499934,742.0,29504.0,,,,,,N4_ATOMIC,0.0
SP1_N4_DISTRIBUTED_FAMILY_v2,E5_DPOP_SMALL,E5_DPOP:N8:K2:corridor:cv0.35:p0.85:r0,1945034047,corridor,8,2,0.35,0.85,OPTIMAL,120.46887921838703,120.46887921838703,0.0,0.001513299997895956,True,True,geo_qpg_d,True,228.26416925881347,10.812900000018999,405.0,14824.0,,,,,,N4_ATOMIC,0.8947978161647391
SP1_N4_DISTRIBUTED_FAMILY_v2,E5_DPOP_SMALL,E5_DPOP:N8:K2:corridor:cv0.35:p0.85:r1,28858843,corridor,8,2,0.35,0.85,OPTIMAL,164.83383751437256,164.83383751437256,0.0,0.0029054000042378902,True,True,dpop_exact_small,True,164.83383751437253,39.90890001296066,14.0,26288.0,7.0,7.0,3279.0,7.0,6561.0,EXACT_DISTRIBUTED,-1.7242642565987581e-16
SP1_N4_DISTRIBUTED_FAMILY_v2,E5_DPOP_SMALL,E5_DPOP:N8:K2:corridor:cv0.35:p0.85:r1,28858843,corridor,8,2,0.35,0.85,OPTIMAL,164.83383751437256,164.83383751437256,0.0,0.0029054000042378902,True,True,milp_highs,True,164.83383751437256,2.9054000042378902,,,,,,,,CENTRAL_ORACLE,0.0
SP1_N4_DISTRIBUTED_FAMILY_v2,E5_DPOP_SMALL,E5_DPOP:N8:K2:corridor:cv0.35:p0.85:r1,28858843,corridor,8,2,0.35,0.85,OPTIMAL,164.83383751437256,164.83383751437256,0.0,0.0029054000042378902,True,True,geo_qpg_u,True,191.21358454126644,2.078499994240701,91.0,3192.0,,,,,,N4_ATOMIC,0.16003842065858426
SP1_N4_DISTRIBUTED_FAMILY_v2,E5_DPOP_SMALL,E5_DPOP:N8:K2:corridor:cv0.35:p0.85:r1,28858843,corridor,8,2,0.35,0.85,OPTIMAL,164.83383751437256,164.83383751437256,0.0,0.0029054000042378902,True,True,geo_qpg_p,True,186.3777961478663,11.346500017680228,221.0,8344.0,,,,,,N4_ATOMIC,0.1307010681688171
SP1_N4_DISTRIBUTED_FAMILY_v2,E5_DPOP_SMALL,E5_DPOP:N8:K2:corridor:cv0.35:p0.85:r1,28858843,corridor,8,2,0.35,0.85,OPTIMAL,164.83383751437256,164.83383751437256,0.0,0.0029054000042378902,True,True,geo_qpg_c3,True,164.83383751437256,24.680300004547462,782.0,30748.0,,,,,,N4_ATOMIC,0.0
SP1_N4_DISTRIBUTED_FAMILY_v2,E5_DPOP_SMALL,E5_DPOP:N8:K2:corridor:cv0.35:p0.85:r1,28858843,corridor,8,2,0.35,0.85,OPTIMAL,164.83383751437256,164.83383751437256,0.0,0.0029054000042378902,True,True,geo_qpg_d,True,178.28935912185912,14.115400001173839,605.0,22964.0,,,,,,N4_ATOMIC,0.0816308217438262
SP1_N4_DISTRIBUTED_FAMILY_v2,E5_DPOP_SMALL,E5_DPOP:N8:K2:corridor:cv0.35:p0.85:r2,381517261,corridor,8,2,0.35,0.85,OPTIMAL,140.87088032057116,140.87088032057113,0.0,0.010374000004958361,True,True,dpop_exact_small,True,140.87088032057113,38.43760001473129,14.0,26288.0,7.0,7.0,3279.0,7.0,6561.0,EXACT_DISTRIBUTED,-2.0175716489970446e-16
SP1_N4_DISTRIBUTED_FAMILY_v2,E5_DPOP_SMALL,E5_DPOP:N8:K2:corridor:cv0.35:p0.85:r2,381517261,corridor,8,2,0.35,0.85,OPTIMAL,140.87088032057116,140.87088032057113,0.0,0.010374000004958361,True,True,milp_highs,True,140.87088032057116,10.374000004958361,,,,,,,,CENTRAL_ORACLE,0.0
SP1_N4_DISTRIBUTED_FAMILY_v2,E5_DPOP_SMALL,E5_DPOP:N8:K2:corridor:cv0.35:p0.85:r2,381517261,corridor,8,2,0.35,0.85,OPTIMAL,140.87088032057116,140.87088032057113,0.0,0.010374000004958361,True,True,geo_qpg_u,True,159.28799242461236,2.3809999984223396,105.0,3676.0,,,,,,N4_ATOMIC,0.13073753824871762
SP1_N4_DISTRIBUTED_FAMILY_v2,E5_DPOP_SMALL,E5_DPOP:N8:K2:corridor:cv0.35:p0.85:r2,381517261,corridor,8,2,0.35,0.85,OPTIMAL,140.87088032057116,140.87088032057113,0.0,0.010374000004958361,True,True,geo_qpg_p,True,140.89640510646117,8.077900012722239,194.0,7212.0,,,,,,N4_ATOMIC,0.00018119277619283851
SP1_N4_DISTRIBUTED_FAMILY_v2,E5_DPOP_SMALL,E5_DPOP:N8:K2:corridor:cv0.35:p0.85:r2,381517261,corridor,8,2,0.35,0.85,OPTIMAL,140.87088032057116,140.87088032057113,0.0,0.010374000004958361,True,True,geo_qpg_c3,True,140.89640510646117,18.944199982797727,490.0,19052.0,,,,,,N4_ATOMIC,0.00018119277619283851
SP1_N4_DISTRIBUTED_FAMILY_v2,E5_DPOP_SMALL,E5_DPOP:N8:K2:corridor:cv0.35:p0.85:r2,381517261,corridor,8,2,0.35,0.85,OPTIMAL,140.87088032057116,140.87088032057113,0.0,0.010374000004958361,True,True,geo_qpg_d,True,140.87088032057113,10.19210001686588,366.0,12956.0,,,,,,N4_ATOMIC,-2.0175716489970446e-16
SP1_N4_DISTRIBUTED_FAMILY_v2,E5_DPOP_SMALL,E5_DPOP:N8:K2:corridor:cv0.35:p0.85:r3,3057035871,corridor,8,2,0.35,0.85,OPTIMAL,144.91774980371667,144.91774980371665,0.0,0.002089700021315366,True,True,dpop_exact_small,True,144.91774980371665,37.400900007924065,14.0,26288.0,7.0,7.0,3279.0,7.0,6561.0,EXACT_DISTRIBUTED,-1.961230385435855e-16
SP1_N4_DISTRIBUTED_FAMILY_v2,E5_DPOP_SMALL,E5_DPOP:N8:K2:corridor:cv0.35:p0.85:r3,3057035871,corridor,8,2,0.35,0.85,OPTIMAL,144.91774980371667,144.91774980371665,0.0,0.002089700021315366,True,True,milp_highs,True,144.91774980371667,2.089700021315366,,,,,,,,CENTRAL_ORACLE,0.0
SP1_N4_DISTRIBUTED_FAMILY_v2,E5_DPOP_SMALL,E5_DPOP:N8:K2:corridor:cv0.35:p0.85:r3,3057035871,corridor,8,2,0.35,0.85,OPTIMAL,144.91774980371667,144.91774980371665,0.0,0.002089700021315366,True,True,geo_qpg_u,True,230.70378322177973,1.9651000038720667,80.0,2800.0,,,,,,N4_ATOMIC,0.5919636037287057
SP1_N4_DISTRIBUTED_FAMILY_v2,E5_DPOP_SMALL,E5_DPOP:N8:K2:corridor:cv0.35:p0.85:r3,3057035871,corridor,8,2,0.35,0.85,OPTIMAL,144.91774980371667,144.91774980371665,0.0,0.002089700021315366,True,True,geo_qpg_p,True,198.28621763183608,6.722400023136288,183.0,6828.0,,,,,,N4_ATOMIC,0.36826729576193484
SP1_N4_DISTRIBUTED_FAMILY_v2,E5_DPOP_SMALL,E5_DPOP:N8:K2:corridor:cv0.35:p0.85:r3,3057035871,corridor,8,2,0.35,0.85,OPTIMAL,144.91774980371667,144.91774980371665,0.0,0.002089700021315366,True,True,geo_qpg_c3,True,144.91774980371667,17.409599997336045,486.0,19272.0,,,,,,N4_ATOMIC,0.0
SP1_N4_DISTRIBUTED_FAMILY_v2,E5_DPOP_SMALL,E5_DPOP:N8:K2:corridor:cv0.35:p0.85:r3,3057035871,corridor,8,2,0.35,0.85,OPTIMAL,144.91774980371667,144.91774980371665,0.0,0.002089700021315366,True,True,geo_qpg_d,True,144.91774980371667,9.569300018483773,499.0,17676.0,,,,,,N4_ATOMIC,0.0
SP1_N4_DISTRIBUTED_FAMILY_v2,E5_DPOP_SMALL,E5_DPOP:N8:K2:corridor:cv0.35:p0.85:r4,2118499268,corridor,8,2,0.35,0.85,OPTIMAL,148.96725036608444,148.96725036608444,0.0,0.003861800010781735,True,True,dpop_exact_small,True,148.96725036608441,35.650999983772635,14.0,26288.0,7.0,7.0,3279.0,7.0,6561.0,EXACT_DISTRIBUTED,-1.9079166300350007e-16
SP1_N4_DISTRIBUTED_FAMILY_v2,E5_DPOP_SMALL,E5_DPOP:N8:K2:corridor:cv0.35:p0.85:r4,2118499268,corridor,8,2,0.35,0.85,OPTIMAL,148.96725036608444,148.96725036608444,0.0,0.003861800010781735,True,True,milp_highs,True,148.96725036608444,3.861800010781735,,,,,,,,CENTRAL_ORACLE,0.0
SP1_N4_DISTRIBUTED_FAMILY_v2,E5_DPOP_SMALL,E5_DPOP:N8:K2:corridor:cv0.35:p0.85:r4,2118499268,corridor,8,2,0.35,0.85,OPTIMAL,148.96725036608444,148.96725036608444,0.0,0.003861800010781735,True,True,geo_qpg_u,True,149.8694498088638,2.0072000043001026,91.0,3192.0,,,,,,N4_ATOMIC,0.006056360982445628
SP1_N4_DISTRIBUTED_FAMILY_v2,E5_DPOP_SMALL,E5_DPOP:N8:K2:corridor:cv0.35:p0.85:r4,2118499268,corridor,8,2,0.35,0.85,OPTIMAL,148.96725036608444,148.96725036608444,0.0,0.003861800010781735,True,True,geo_qpg_p,True,148.9672503660844,9.566099994117394,225.0,8572.0,,,,,,N4_ATOMIC,-3.8158332600700015e-16
SP1_N4_DISTRIBUTED_FAMILY_v2,E5_DPOP_SMALL,E5_DPOP:N8:K2:corridor:cv0.35:p0.85:r4,2118499268,corridor,8,2,0.35,0.85,OPTIMAL,148.96725036608444,148.96725036608444,0.0,0.003861800010781735,True,True,geo_qpg_c3,True,148.9672503660844,22.75319999898784,565.0,22172.0,,,,,,N4_ATOMIC,-3.8158332600700015e-16
SP1_N4_DISTRIBUTED_FAMILY_v2,E5_DPOP_SMALL,E5_DPOP:N8:K2:corridor:cv0.35:p0.85:r4,2118499268,corridor,8,2,0.35,0.85,OPTIMAL,148.96725036608444,148.96725036608444,0.0,0.003861800010781735,True,True,geo_qpg_d,True,148.9672503660844,8.349799987627193,307.0,10912.0,,,,,,N4_ATOMIC,-3.8158332600700015e-16
SP1_N4_DISTRIBUTED_FAMILY_v2,E5_DPOP_SMALL,E5_DPOP:N8:K2:corridor:cv0.35:p0.85:r5,2989926251,corridor,8,2,0.35,0.85,OPTIMAL,164.05190462292524,164.05190462292524,0.0,0.0025003000046126544,True,True,dpop_exact_small,True,164.05190462292524,37.36320001189597,14.0,26288.0,7.0,7.0,3279.0,7.0,6561.0,EXACT_DISTRIBUTED,0.0
SP1_N4_DISTRIBUTED_FAMILY_v2,E5_DPOP_SMALL,E5_DPOP:N8:K2:corridor:cv0.35:p0.85:r5,2989926251,corridor,8,2,0.35,0.85,OPTIMAL,164.05190462292524,164.05190462292524,0.0,0.0025003000046126544,True,True,milp_highs,True,164.05190462292524,2.5003000046126544,,,,,,,,CENTRAL_ORACLE,0.0
SP1_N4_DISTRIBUTED_FAMILY_v2,E5_DPOP_SMALL,E5_DPOP:N8:K2:corridor:cv0.35:p0.85:r5,2989926251,corridor,8,2,0.35,0.85,OPTIMAL,164.05190462292524,164.05190462292524,0.0,0.0025003000046126544,True,True,geo_qpg_u,True,236.62717097740017,1.74529998912476,74.0,2548.0,,,,,,N4_ATOMIC,0.4423920985330212
SP1_N4_DISTRIBUTED_FAMILY_v2,E5_DPOP_SMALL,E5_DPOP:N8:K2:corridor:cv0.35:p0.85:r5,2989926251,corridor,8,2,0.35,0.85,OPTIMAL,164.05190462292524,164.05190462292524,0.0,0.0025003000046126544,True,True,geo_qpg_p,True,164.05190462292526,6.515499990200624,179.0,6688.0,,,,,,N4_ATOMIC,1.7324827465875242e-16
SP1_N4_DISTRIBUTED_FAMILY_v2,E5_DPOP_SMALL,E5_DPOP:N8:K2:corridor:cv0.35:p0.85:r5,2989926251,corridor,8,2,0.35,0.85,OPTIMAL,164.05190462292524,164.05190462292524,0.0,0.0025003000046126544,True,True,geo_qpg_c3,True,164.05190462292526,14.646399999037385,443.0,17248.0,,,,,,N4_ATOMIC,1.7324827465875242e-16
SP1_N4_DISTRIBUTED_FAMILY_v2,E5_DPOP_SMALL,E5_DPOP:N8:K2:corridor:cv0.35:p0.85:r5,2989926251,corridor,8,2,0.35,0.85,OPTIMAL,164.05190462292524,164.05190462292524,0.0,0.0025003000046126544,True,True,geo_qpg_d,True,184.69830279879307,9.983800002373755,420.0,15036.0,,,,,,N4_ATOMIC,0.12585284043683467
SP1_N4_DISTRIBUTED_FAMILY_v2,E5_DPOP_SMALL,E5_DPOP:N8:K2:corridor:cv0.35:p0.85:r6,3224794733,corridor,8,2,0.35,0.85,OPTIMAL,126.04579193843239,126.04579193843237,0.0,0.0020252999966032803,True,True,dpop_exact_small,True,126.04579193843236,39.15289998985827,14.0,26288.0,7.0,7.0,3279.0,7.0,6561.0,EXACT_DISTRIBUTED,-2.254871740921483e-16
SP1_N4_DISTRIBUTED_FAMILY_v2,E5_DPOP_SMALL,E5_DPOP:N8:K2:corridor:cv0.35:p0.85:r6,3224794733,corridor,8,2,0.35,0.85,OPTIMAL,126.04579193843239,126.04579193843237,0.0,0.0020252999966032803,True,True,milp_highs,True,126.04579193843239,2.0252999966032803,,,,,,,,CENTRAL_ORACLE,0.0
SP1_N4_DISTRIBUTED_FAMILY_v2,E5_DPOP_SMALL,E5_DPOP:N8:K2:corridor:cv0.35:p0.85:r6,3224794733,corridor,8,2,0.35,0.85,OPTIMAL,126.04579193843239,126.04579193843237,0.0,0.0020252999966032803,True,True,geo_qpg_u,True,206.41555830535623,2.306099981069565,87.0,3024.0,,,,,,N4_ATOMIC,0.6376235583190337
SP1_N4_DISTRIBUTED_FAMILY_v2,E5_DPOP_SMALL,E5_DPOP:N8:K2:corridor:cv0.35:p0.85:r6,3224794733,corridor,8,2,0.35,0.85,OPTIMAL,126.04579193843239,126.04579193843237,0.0,0.0020252999966032803,True,True,geo_qpg_p,True,162.95067008363327,7.013200025539845,231.0,8712.0,,,,,,N4_ATOMIC,0.29278945038662796
SP1_N4_DISTRIBUTED_FAMILY_v2,E5_DPOP_SMALL,E5_DPOP:N8:K2:corridor:cv0.35:p0.85:r6,3224794733,corridor,8,2,0.35,0.85,OPTIMAL,126.04579193843239,126.04579193843237,0.0,0.0020252999966032803,True,True,geo_qpg_c3,True,126.04579193843239,21.40630001667887,588.0,22936.0,,,,,,N4_ATOMIC,0.0
SP1_N4_DISTRIBUTED_FAMILY_v2,E5_DPOP_SMALL,E5_DPOP:N8:K2:corridor:cv0.35:p0.85:r6,3224794733,corridor,8,2,0.35,0.85,OPTIMAL,126.04579193843239,126.04579193843237,0.0,0.0020252999966032803,True,True,geo_qpg_d,True,126.04579193843239,11.365799990016967,532.0,19096.0,,,,,,N4_ATOMIC,0.0
SP1_N4_DISTRIBUTED_FAMILY_v2,E5_DPOP_SMALL,E5_DPOP:N8:K2:corridor:cv0.35:p0.85:r7,1738170230,corridor,8,2,0.35,0.85,OPTIMAL,125.35633423334157,125.35633423334157,0.0,0.0012894000101368874,True,True,dpop_exact_small,True,125.35633423334157,37.28739998769015,14.0,26288.0,7.0,7.0,3279.0,7.0,6561.0,EXACT_DISTRIBUTED,0.0
SP1_N4_DISTRIBUTED_FAMILY_v2,E5_DPOP_SMALL,E5_DPOP:N8:K2:corridor:cv0.35:p0.85:r7,1738170230,corridor,8,2,0.35,0.85,OPTIMAL,125.35633423334157,125.35633423334157,0.0,0.0012894000101368874,True,True,milp_highs,True,125.35633423334157,1.2894000101368874,,,,,,,,CENTRAL_ORACLE,0.0
SP1_N4_DISTRIBUTED_FAMILY_v2,E5_DPOP_SMALL,E5_DPOP:N8:K2:corridor:cv0.35:p0.85:r7,1738170230,corridor,8,2,0.35,0.85,OPTIMAL,125.35633423334157,125.35633423334157,0.0,0.0012894000101368874,True,True,geo_qpg_u,True,240.96591736501844,1.809500012313947,82.0,2884.0,,,,,,N4_ATOMIC,0.9222476378136438
SP1_N4_DISTRIBUTED_FAMILY_v2,E5_DPOP_SMALL,E5_DPOP:N8:K2:corridor:cv0.35:p0.85:r7,1738170230,corridor,8,2,0.35,0.85,OPTIMAL,125.35633423334157,125.35633423334157,0.0,0.0012894000101368874,True,True,geo_qpg_p,True,191.87487512930744,7.006400002865121,206.0,8060.0,,,,,,N4_ATOMIC,0.5306356579648103
SP1_N4_DISTRIBUTED_FAMILY_v2,E5_DPOP_SMALL,E5_DPOP:N8:K2:corridor:cv0.35:p0.85:r7,1738170230,corridor,8,2,0.35,0.85,OPTIMAL,125.35633423334157,125.35633423334157,0.0,0.0012894000101368874,True,True,geo_qpg_c3,True,125.35633423334156,19.282399996882305,584.0,23268.0,,,,,,N4_ATOMIC,-1.133636748562665e-16
SP1_N4_DISTRIBUTED_FAMILY_v2,E5_DPOP_SMALL,E5_DPOP:N8:K2:corridor:cv0.35:p0.85:r7,1738170230,corridor,8,2,0.35,0.85,OPTIMAL,125.35633423334157,125.35633423334157,0.0,0.0012894000101368874,True,True,geo_qpg_d,True,125.35633423334156,12.52089999616146,590.0,22172.0,,,,,,N4_ATOMIC,-1.133636748562665e-16
SP1_N4_DISTRIBUTED_FAMILY_v2,E5_DPOP_SMALL,E5_DPOP:N8:K2:corridor:cv0.35:p0.85:r8,3637539972,corridor,8,2,0.35,0.85,OPTIMAL,92.24669302175295,92.24669302175295,0.0,0.0013772000093013048,True,True,dpop_exact_small,True,92.24669302175293,39.32050001458265,14.0,26288.0,7.0,7.0,3279.0,7.0,6561.0,EXACT_DISTRIBUTED,-1.540527280674539e-16
SP1_N4_DISTRIBUTED_FAMILY_v2,E5_DPOP_SMALL,E5_DPOP:N8:K2:corridor:cv0.35:p0.85:r8,3637539972,corridor,8,2,0.35,0.85,OPTIMAL,92.24669302175295,92.24669302175295,0.0,0.0013772000093013048,True,True,milp_highs,True,92.24669302175295,1.3772000093013048,,,,,,,,CENTRAL_ORACLE,0.0
SP1_N4_DISTRIBUTED_FAMILY_v2,E5_DPOP_SMALL,E5_DPOP:N8:K2:corridor:cv0.35:p0.85:r8,3637539972,corridor,8,2,0.35,0.85,OPTIMAL,92.24669302175295,92.24669302175295,0.0,0.0013772000093013048,True,True,geo_qpg_u,True,229.18883541763287,2.4819999816827476,67.0,2324.0,,,,,,N4_ATOMIC,1.484520885356695
SP1_N4_DISTRIBUTED_FAMILY_v2,E5_DPOP_SMALL,E5_DPOP:N8:K2:corridor:cv0.35:p0.85:r8,3637539972,corridor,8,2,0.35,0.85,OPTIMAL,92.24669302175295,92.24669302175295,0.0,0.0013772000093013048,True,True,geo_qpg_p,True,224.9774178298481,9.655400004703552,201.0,7660.0,,,,,,N4_ATOMIC,1.4388670255831886
SP1_N4_DISTRIBUTED_FAMILY_v2,E5_DPOP_SMALL,E5_DPOP:N8:K2:corridor:cv0.35:p0.85:r8,3637539972,corridor,8,2,0.35,0.85,OPTIMAL,92.24669302175295,92.24669302175295,0.0,0.0013772000093013048,True,True,geo_qpg_c3,True,92.24669302175295,23.710500012384728,726.0,28656.0,,,,,,N4_ATOMIC,0.0
SP1_N4_DISTRIBUTED_FAMILY_v2,E5_DPOP_SMALL,E5_DPOP:N8:K2:corridor:cv0.35:p0.85:r8,3637539972,corridor,8,2,0.35,0.85,OPTIMAL,92.24669302175295,92.24669302175295,0.0,0.0013772000093013048,True,True,geo_qpg_d,True,121.34341432773597,8.890600001905113,401.0,14084.0,,,,,,N4_ATOMIC,0.31542292035468034
SP1_N4_DISTRIBUTED_FAMILY_v2,E5_DPOP_SMALL,E5_DPOP:N8:K2:corridor:cv0.35:p0.85:r9,2179831431,corridor,8,2,0.35,0.85,OPTIMAL,216.04598448691127,216.04598448691127,0.0,0.003732899989699945,True,True,dpop_exact_small,True,216.0459844869113,40.014300000621006,14.0,26288.0,7.0,7.0,3279.0,7.0,6561.0,EXACT_DISTRIBUTED,1.3155398142623605e-16
SP1_N4_DISTRIBUTED_FAMILY_v2,E5_DPOP_SMALL,E5_DPOP:N8:K2:corridor:cv0.35:p0.85:r9,2179831431,corridor,8,2,0.35,0.85,OPTIMAL,216.04598448691127,216.04598448691127,0.0,0.003732899989699945,True,True,milp_highs,True,216.04598448691127,3.732899989699945,,,,,,,,CENTRAL_ORACLE,0.0
SP1_N4_DISTRIBUTED_FAMILY_v2,E5_DPOP_SMALL,E5_DPOP:N8:K2:corridor:cv0.35:p0.85:r9,2179831431,corridor,8,2,0.35,0.85,OPTIMAL,216.04598448691127,216.04598448691127,0.0,0.003732899989699945,True,True,geo_qpg_u,True,282.1334813143885,2.26829998428002,97.0,3328.0,,,,,,N4_ATOMIC,0.3058955110155312
SP1_N4_DISTRIBUTED_FAMILY_v2,E5_DPOP_SMALL,E5_DPOP:N8:K2:corridor:cv0.35:p0.85:r9,2179831431,corridor,8,2,0.35,0.85,OPTIMAL,216.04598448691127,216.04598448691127,0.0,0.003732899989699945,True,True,geo_qpg_p,True,226.9524929668732,13.394000008702278,328.0,12496.0,,,,,,N4_ATOMIC,0.05048234756995763
SP1_N4_DISTRIBUTED_FAMILY_v2,E5_DPOP_SMALL,E5_DPOP:N8:K2:corridor:cv0.35:p0.85:r9,2179831431,corridor,8,2,0.35,0.85,OPTIMAL,216.04598448691127,216.04598448691127,0.0,0.003732899989699945,True,True,geo_qpg_c3,True,216.04598448691127,31.21720001217909,934.0,36768.0,,,,,,N4_ATOMIC,0.0
SP1_N4_DISTRIBUTED_FAMILY_v2,E5_DPOP_SMALL,E5_DPOP:N8:K2:corridor:cv0.35:p0.85:r9,2179831431,corridor,8,2,0.35,0.85,OPTIMAL,216.04598448691127,216.04598448691127,0.0,0.003732899989699945,True,True,geo_qpg_d,True,226.9524929668732,12.381400010781363,370.0,13616.0,,,,,,N4_ATOMIC,0.05048234756995763
SP1_N4_DISTRIBUTED_FAMILY_v2,E5_DPOP_SMALL,E5_DPOP:N8:K2:corridor:cv0.65:p0.7:r0,229606488,corridor,8,2,0.65,0.7,OPTIMAL,97.27810521447115,97.27810521447115,0.0,0.0024594000133220106,True,True,dpop_exact_small,True,97.27810521447114,37.245499988785014,14.0,26288.0,7.0,7.0,3279.0,7.0,6561.0,EXACT_DISTRIBUTED,-1.4608482231300685e-16
SP1_N4_DISTRIBUTED_FAMILY_v2,E5_DPOP_SMALL,E5_DPOP:N8:K2:corridor:cv0.65:p0.7:r0,229606488,corridor,8,2,0.65,0.7,OPTIMAL,97.27810521447115,97.27810521447115,0.0,0.0024594000133220106,True,True,milp_highs,True,97.27810521447115,2.4594000133220106,,,,,,,,CENTRAL_ORACLE,0.0
SP1_N4_DISTRIBUTED_FAMILY_v2,E5_DPOP_SMALL,E5_DPOP:N8:K2:corridor:cv0.65:p0.7:r0,229606488,corridor,8,2,0.65,0.7,OPTIMAL,97.27810521447115,97.27810521447115,0.0,0.0024594000133220106,True,True,geo_qpg_u,True,143.1643723570416,1.606299978448078,56.0,1932.0,,,,,,N4_ATOMIC,0.4717019008686898
SP1_N4_DISTRIBUTED_FAMILY_v2,E5_DPOP_SMALL,E5_DPOP:N8:K2:corridor:cv0.65:p0.7:r0,229606488,corridor,8,2,0.65,0.7,OPTIMAL,97.27810521447115,97.27810521447115,0.0,0.0024594000133220106,True,True,geo_qpg_p,True,97.27810521447113,9.0407999814488,189.0,7172.0,,,,,,N4_ATOMIC,-2.921696446260137e-16
SP1_N4_DISTRIBUTED_FAMILY_v2,E5_DPOP_SMALL,E5_DPOP:N8:K2:corridor:cv0.65:p0.7:r0,229606488,corridor,8,2,0.65,0.7,OPTIMAL,97.27810521447115,97.27810521447115,0.0,0.0024594000133220106,True,True,geo_qpg_c3,True,97.27810521447113,20.421299996087328,517.0,20292.0,,,,,,N4_ATOMIC,-2.921696446260137e-16
SP1_N4_DISTRIBUTED_FAMILY_v2,E5_DPOP_SMALL,E5_DPOP:N8:K2:corridor:cv0.65:p0.7:r0,229606488,corridor,8,2,0.65,0.7,OPTIMAL,97.27810521447115,97.27810521447115,0.0,0.0024594000133220106,True,True,geo_qpg_d,True,117.62849355111827,9.296900010667741,387.0,13772.0,,,,,,N4_ATOMIC,0.20919803373822066
SP1_N4_DISTRIBUTED_FAMILY_v2,E5_DPOP_SMALL,E5_DPOP:N8:K2:corridor:cv0.65:p0.7:r1,3038300383,corridor,8,2,0.65,0.7,OPTIMAL,81.7695722761598,81.76957227615982,0.0,0.0014026999997440726,True,True,dpop_exact_small,True,81.76957227615982,38.41909999027848,14.0,26288.0,7.0,7.0,3279.0,7.0,6561.0,EXACT_DISTRIBUTED,1.7379147670245582e-16
SP1_N4_DISTRIBUTED_FAMILY_v2,E5_DPOP_SMALL,E5_DPOP:N8:K2:corridor:cv0.65:p0.7:r1,3038300383,corridor,8,2,0.65,0.7,OPTIMAL,81.7695722761598,81.76957227615982,0.0,0.0014026999997440726,True,True,milp_highs,True,81.7695722761598,1.4026999997440726,,,,,,,,CENTRAL_ORACLE,0.0
SP1_N4_DISTRIBUTED_FAMILY_v2,E5_DPOP_SMALL,E5_DPOP:N8:K2:corridor:cv0.65:p0.7:r1,3038300383,corridor,8,2,0.65,0.7,OPTIMAL,81.7695722761598,81.76957227615982,0.0,0.0014026999997440726,True,True,geo_qpg_u,True,188.67628153781612,2.369499998167157,99.0,3388.0,,,,,,N4_ATOMIC,1.3074143142219337
SP1_N4_DISTRIBUTED_FAMILY_v2,E5_DPOP_SMALL,E5_DPOP:N8:K2:corridor:cv0.65:p0.7:r1,3038300383,corridor,8,2,0.65,0.7,OPTIMAL,81.7695722761598,81.76957227615982,0.0,0.0014026999997440726,True,True,geo_qpg_p,True,81.7695722761598,8.686999994097278,243.0,9020.0,,,,,,N4_ATOMIC,0.0
SP1_N4_DISTRIBUTED_FAMILY_v2,E5_DPOP_SMALL,E5_DPOP:N8:K2:corridor:cv0.65:p0.7:r1,3038300383,corridor,8,2,0.65,0.7,OPTIMAL,81.7695722761598,81.76957227615982,0.0,0.0014026999997440726,True,True,geo_qpg_c3,True,81.7695722761598,14.850500010652468,447.0,17180.0,,,,,,N4_ATOMIC,0.0
SP1_N4_DISTRIBUTED_FAMILY_v2,E5_DPOP_SMALL,E5_DPOP:N8:K2:corridor:cv0.65:p0.7:r1,3038300383,corridor,8,2,0.65,0.7,OPTIMAL,81.7695722761598,81.76957227615982,0.0,0.0014026999997440726,True,True,geo_qpg_d,True,81.7695722761598,8.802700001979247,295.0,10768.0,,,,,,N4_ATOMIC,0.0
SP1_N4_DISTRIBUTED_FAMILY_v2,E5_DPOP_SMALL,E5_DPOP:N8:K2:corridor:cv0.65:p0.7:r2,1392285340,corridor,8,2,0.65,0.7,OPTIMAL,96.6602908670161,96.6602908670161,0.0,0.0017554000078234822,True,True,dpop_exact_small,True,96.6602908670161,38.0416999978479,14.0,26288.0,7.0,7.0,3279.0,7.0,6561.0,EXACT_DISTRIBUTED,0.0
SP1_N4_DISTRIBUTED_FAMILY_v2,E5_DPOP_SMALL,E5_DPOP:N8:K2:corridor:cv0.65:p0.7:r2,1392285340,corridor,8,2,0.65,0.7,OPTIMAL,96.6602908670161,96.6602908670161,0.0,0.0017554000078234822,True,True,milp_highs,True,96.6602908670161,1.7554000078234822,,,,,,,,CENTRAL_ORACLE,0.0
SP1_N4_DISTRIBUTED_FAMILY_v2,E5_DPOP_SMALL,E5_DPOP:N8:K2:corridor:cv0.65:p0.7:r2,1392285340,corridor,8,2,0.65,0.7,OPTIMAL,96.6602908670161,96.6602908670161,0.0,0.0017554000078234822,True,True,geo_qpg_u,True,131.55758420798185,2.155299996957183,101.0,3472.0,,,,,,N4_ATOMIC,0.3610302951496076
SP1_N4_DISTRIBUTED_FAMILY_v2,E5_DPOP_SMALL,E5_DPOP:N8:K2:corridor:cv0.65:p0.7:r2,1392285340,corridor,8,2,0.65,0.7,OPTIMAL,96.6602908670161,96.6602908670161,0.0,0.0017554000078234822,True,True,geo_qpg_p,True,130.6617403521991,6.924599991180003,195.0,7340.0,,,,,,N4_ATOMIC,0.35176233363462284
SP1_N4_DISTRIBUTED_FAMILY_v2,E5_DPOP_SMALL,E5_DPOP:N8:K2:corridor:cv0.65:p0.7:r2,1392285340,corridor,8,2,0.65,0.7,OPTIMAL,96.6602908670161,96.6602908670161,0.0,0.0017554000078234822,True,True,geo_qpg_c3,True,96.66029086701609,15.368499996839091,467.0,18348.0,,,,,,N4_ATOMIC,-1.4701853871672187e-16
SP1_N4_DISTRIBUTED_FAMILY_v2,E5_DPOP_SMALL,E5_DPOP:N8:K2:corridor:cv0.65:p0.7:r2,1392285340,corridor,8,2,0.65,0.7,OPTIMAL,96.6602908670161,96.6602908670161,0.0,0.0017554000078234822,True,True,geo_qpg_d,True,96.66029086701609,8.893499994883314,310.0,10764.0,,,,,,N4_ATOMIC,-1.4701853871672187e-16
SP1_N4_DISTRIBUTED_FAMILY_v2,E5_DPOP_SMALL,E5_DPOP:N8:K2:corridor:cv0.65:p0.7:r3,4129494149,corridor,8,2,0.65,0.7,OPTIMAL,106.85880280289632,106.85880280289632,0.0,0.002209700003731996,True,True,dpop_exact_small,True,106.85880280289632,43.32699999213219,14.0,26288.0,7.0,7.0,3279.0,7.0,6561.0,EXACT_DISTRIBUTED,0.0
SP1_N4_DISTRIBUTED_FAMILY_v2,E5_DPOP_SMALL,E5_DPOP:N8:K2:corridor:cv0.65:p0.7:r3,4129494149,corridor,8,2,0.65,0.7,OPTIMAL,106.85880280289632,106.85880280289632,0.0,0.002209700003731996,True,True,milp_highs,True,106.85880280289632,2.209700003731996,,,,,,,,CENTRAL_ORACLE,0.0
SP1_N4_DISTRIBUTED_FAMILY_v2,E5_DPOP_SMALL,E5_DPOP:N8:K2:corridor:cv0.65:p0.7:r3,4129494149,corridor,8,2,0.65,0.7,OPTIMAL,106.85880280289632,106.85880280289632,0.0,0.002209700003731996,True,True,geo_qpg_u,True,248.7978643015675,1.857199997175485,76.0,2632.0,,,,,,N4_ATOMIC,1.3282860913244672
SP1_N4_DISTRIBUTED_FAMILY_v2,E5_DPOP_SMALL,E5_DPOP:N8:K2:corridor:cv0.65:p0.7:r3,4129494149,corridor,8,2,0.65,0.7,OPTIMAL,106.85880280289632,106.85880280289632,0.0,0.002209700003731996,True,True,geo_qpg_p,True,106.85880280289632,15.007799986051396,364.0,13948.0,,,,,,N4_ATOMIC,0.0
SP1_N4_DISTRIBUTED_FAMILY_v2,E5_DPOP_SMALL,E5_DPOP:N8:K2:corridor:cv0.65:p0.7:r3,4129494149,corridor,8,2,0.65,0.7,OPTIMAL,106.85880280289632,106.85880280289632,0.0,0.002209700003731996,True,True,geo_qpg_c3,True,106.85880280289632,27.67479998874478,756.0,29628.0,,,,,,N4_ATOMIC,0.0
SP1_N4_DISTRIBUTED_FAMILY_v2,E5_DPOP_SMALL,E5_DPOP:N8:K2:corridor:cv0.65:p0.7:r3,4129494149,corridor,8,2,0.65,0.7,OPTIMAL,106.85880280289632,106.85880280289632,0.0,0.002209700003731996,True,True,geo_qpg_d,True,106.85880280289632,11.878199991770089,410.0,14764.0,,,,,,N4_ATOMIC,0.0
SP1_N4_DISTRIBUTED_FAMILY_v2,E5_DPOP_SMALL,E5_DPOP:N8:K2:corridor:cv0.65:p0.7:r4,2924891798,corridor,8,2,0.65,0.7,OPTIMAL,117.15678516255495,117.15678516255495,0.0,0.0034106000093743205,True,True,dpop_exact_small,True,117.15678516255494,38.42669998994097,14.0,26288.0,7.0,7.0,3279.0,7.0,6561.0,EXACT_DISTRIBUTED,-1.2129775237076072e-16
SP1_N4_DISTRIBUTED_FAMILY_v2,E5_DPOP_SMALL,E5_DPOP:N8:K2:corridor:cv0.65:p0.7:r4,2924891798,corridor,8,2,0.65,0.7,OPTIMAL,117.15678516255495,117.15678516255495,0.0,0.0034106000093743205,True,True,milp_highs,True,117.15678516255495,3.4106000093743205,,,,,,,,CENTRAL_ORACLE,0.0
SP1_N4_DISTRIBUTED_FAMILY_v2,E5_DPOP_SMALL,E5_DPOP:N8:K2:corridor:cv0.65:p0.7:r4,2924891798,corridor,8,2,0.65,0.7,OPTIMAL,117.15678516255495,117.15678516255495,0.0,0.0034106000093743205,True,True,geo_qpg_u,True,180.7862073914561,2.209800004493445,82.0,2884.0,,,,,,N4_ATOMIC,0.5431134196847016
SP1_N4_DISTRIBUTED_FAMILY_v2,E5_DPOP_SMALL,E5_DPOP:N8:K2:corridor:cv0.65:p0.7:r4,2924891798,corridor,8,2,0.65,0.7,OPTIMAL,117.15678516255495,117.15678516255495,0.0,0.0034106000093743205,True,True,geo_qpg_p,True,117.15678516255495,9.99329998739995,327.0,12876.0,,,,,,N4_ATOMIC,0.0
SP1_N4_DISTRIBUTED_FAMILY_v2,E5_DPOP_SMALL,E5_DPOP:N8:K2:corridor:cv0.65:p0.7:r4,2924891798,corridor,8,2,0.65,0.7,OPTIMAL,117.15678516255495,117.15678516255495,0.0,0.0034106000093743205,True,True,geo_qpg_c3,True,117.15678516255495,22.90710000670515,631.0,25036.0,,,,,,N4_ATOMIC,0.0
SP1_N4_DISTRIBUTED_FAMILY_v2,E5_DPOP_SMALL,E5_DPOP:N8:K2:corridor:cv0.65:p0.7:r4,2924891798,corridor,8,2,0.65,0.7,OPTIMAL,117.15678516255495,117.15678516255495,0.0,0.0034106000093743205,True,True,geo_qpg_d,True,117.15678516255495,13.118500006385148,616.0,23504.0,,,,,,N4_ATOMIC,0.0
SP1_N4_DISTRIBUTED_FAMILY_v2,E5_DPOP_SMALL,E5_DPOP:N8:K2:corridor:cv0.65:p0.7:r5,722742521,corridor,8,2,0.65,0.7,OPTIMAL,184.8900148663654,184.8900148663654,0.0,0.0031786999898031354,True,True,dpop_exact_small,True,184.8900148663654,37.37309999996796,14.0,26288.0,7.0,7.0,3279.0,7.0,6561.0,EXACT_DISTRIBUTED,0.0
SP1_N4_DISTRIBUTED_FAMILY_v2,E5_DPOP_SMALL,E5_DPOP:N8:K2:corridor:cv0.65:p0.7:r5,722742521,corridor,8,2,0.65,0.7,OPTIMAL,184.8900148663654,184.8900148663654,0.0,0.0031786999898031354,True,True,milp_highs,True,184.8900148663654,3.1786999898031354,,,,,,,,CENTRAL_ORACLE,0.0
SP1_N4_DISTRIBUTED_FAMILY_v2,E5_DPOP_SMALL,E5_DPOP:N8:K2:corridor:cv0.65:p0.7:r5,722742521,corridor,8,2,0.65,0.7,OPTIMAL,184.8900148663654,184.8900148663654,0.0,0.0031786999898031354,True,True,geo_qpg_u,True,286.3364646815427,2.1308999857865274,104.0,3668.0,,,,,,N4_ATOMIC,0.5486853894651945
SP1_N4_DISTRIBUTED_FAMILY_v2,E5_DPOP_SMALL,E5_DPOP:N8:K2:corridor:cv0.65:p0.7:r5,722742521,corridor,8,2,0.65,0.7,OPTIMAL,184.8900148663654,184.8900148663654,0.0,0.0031786999898031354,True,True,geo_qpg_p,True,222.93348184789158,8.095800003502518,223.0,8388.0,,,,,,N4_ATOMIC,0.20576269091125993
SP1_N4_DISTRIBUTED_FAMILY_v2,E5_DPOP_SMALL,E5_DPOP:N8:K2:corridor:cv0.65:p0.7:r5,722742521,corridor,8,2,0.65,0.7,OPTIMAL,184.8900148663654,184.8900148663654,0.0,0.0031786999898031354,True,True,geo_qpg_c3,True,184.8900148663654,18.16899998812005,602.0,23556.0,,,,,,N4_ATOMIC,0.0
SP1_N4_DISTRIBUTED_FAMILY_v2,E5_DPOP_SMALL,E5_DPOP:N8:K2:corridor:cv0.65:p0.7:r5,722742521,corridor,8,2,0.65,0.7,OPTIMAL,184.8900148663654,184.8900148663654,0.0,0.0031786999898031354,True,True,geo_qpg_d,True,184.8900148663654,7.63320000260137,395.0,13624.0,,,,,,N4_ATOMIC,0.0
SP1_N4_DISTRIBUTED_FAMILY_v2,E5_DPOP_SMALL,E5_DPOP:N8:K2:corridor:cv0.65:p0.7:r6,1974977248,corridor,8,2,0.65,0.7,OPTIMAL,94.9035595661434,94.90355956614341,0.0,0.0025465000071562827,True,True,dpop_exact_small,True,94.90355956614341,38.109199987957254,14.0,26288.0,7.0,7.0,3279.0,7.0,6561.0,EXACT_DISTRIBUTED,1.497399547516202e-16
SP1_N4_DISTRIBUTED_FAMILY_v2,E5_DPOP_SMALL,E5_DPOP:N8:K2:corridor:cv0.65:p0.7:r6,1974977248,corridor,8,2,0.65,0.7,OPTIMAL,94.9035595661434,94.90355956614341,0.0,0.0025465000071562827,True,True,milp_highs,True,94.9035595661434,2.5465000071562827,,,,,,,,CENTRAL_ORACLE,0.0
SP1_N4_DISTRIBUTED_FAMILY_v2,E5_DPOP_SMALL,E5_DPOP:N8:K2:corridor:cv0.65:p0.7:r6,1974977248,corridor,8,2,0.65,0.7,OPTIMAL,94.9035595661434,94.90355956614341,0.0,0.0025465000071562827,True,True,geo_qpg_u,True,148.47014298870366,1.9709000189322978,70.0,2380.0,,,,,,N4_ATOMIC,0.5644317628068188
SP1_N4_DISTRIBUTED_FAMILY_v2,E5_DPOP_SMALL,E5_DPOP:N8:K2:corridor:cv0.65:p0.7:r6,1974977248,corridor,8,2,0.65,0.7,OPTIMAL,94.9035595661434,94.90355956614341,0.0,0.0025465000071562827,True,True,geo_qpg_p,True,94.9035595661434,11.366999999154359,275.0,10464.0,,,,,,N4_ATOMIC,0.0
SP1_N4_DISTRIBUTED_FAMILY_v2,E5_DPOP_SMALL,E5_DPOP:N8:K2:corridor:cv0.65:p0.7:r6,1974977248,corridor,8,2,0.65,0.7,OPTIMAL,94.9035595661434,94.90355956614341,0.0,0.0025465000071562827,True,True,geo_qpg_c3,True,94.9035595661434,26.83049999177456,739.0,29024.0,,,,,,N4_ATOMIC,0.0
SP1_N4_DISTRIBUTED_FAMILY_v2,E5_DPOP_SMALL,E5_DPOP:N8:K2:corridor:cv0.65:p0.7:r6,1974977248,corridor,8,2,0.65,0.7,OPTIMAL,94.9035595661434,94.90355956614341,0.0,0.0025465000071562827,True,True,geo_qpg_d,True,109.19443882022958,13.695400004507974,445.0,16332.0,,,,,,N4_ATOMIC,0.15058317432367851
SP1_N4_DISTRIBUTED_FAMILY_v2,E5_DPOP_SMALL,E5_DPOP:N8:K2:corridor:cv0.65:p0.7:r7,2111797713,corridor,8,2,0.65,0.7,OPTIMAL,201.12368331483333,201.12368331483333,0.0,0.003628999984357506,True,True,dpop_exact_small,True,201.12368331483336,37.866300001041964,14.0,26288.0,7.0,7.0,3279.0,7.0,6561.0,EXACT_DISTRIBUTED,1.413145829569632e-16
SP1_N4_DISTRIBUTED_FAMILY_v2,E5_DPOP_SMALL,E5_DPOP:N8:K2:corridor:cv0.65:p0.7:r7,2111797713,corridor,8,2,0.65,0.7,OPTIMAL,201.12368331483333,201.12368331483333,0.0,0.003628999984357506,True,True,milp_highs,True,201.12368331483333,3.628999984357506,,,,,,,,CENTRAL_ORACLE,0.0
SP1_N4_DISTRIBUTED_FAMILY_v2,E5_DPOP_SMALL,E5_DPOP:N8:K2:corridor:cv0.65:p0.7:r7,2111797713,corridor,8,2,0.65,0.7,OPTIMAL,201.12368331483333,201.12368331483333,0.0,0.003628999984357506,True,True,geo_qpg_u,True,268.9895617076945,2.780400012852624,90.0,3080.0,,,,,,N4_ATOMIC,0.3374335497159022
SP1_N4_DISTRIBUTED_FAMILY_v2,E5_DPOP_SMALL,E5_DPOP:N8:K2:corridor:cv0.65:p0.7:r7,2111797713,corridor,8,2,0.65,0.7,OPTIMAL,201.12368331483333,201.12368331483333,0.0,0.003628999984357506,True,True,geo_qpg_p,True,259.87690231026176,7.635999994818121,211.0,7916.0,,,,,,N4_ATOMIC,0.29212481606881574
SP1_N4_DISTRIBUTED_FAMILY_v2,E5_DPOP_SMALL,E5_DPOP:N8:K2:corridor:cv0.65:p0.7:r7,2111797713,corridor,8,2,0.65,0.7,OPTIMAL,201.12368331483333,201.12368331483333,0.0,0.003628999984357506,True,True,geo_qpg_c3,True,201.12368331483333,20.445200003450736,627.0,24712.0,,,,,,N4_ATOMIC,0.0
SP1_N4_DISTRIBUTED_FAMILY_v2,E5_DPOP_SMALL,E5_DPOP:N8:K2:corridor:cv0.65:p0.7:r7,2111797713,corridor,8,2,0.65,0.7,OPTIMAL,201.12368331483333,201.12368331483333,0.0,0.003628999984357506,True,True,geo_qpg_d,True,201.12368331483333,11.411099985707551,405.0,14768.0,,,,,,N4_ATOMIC,0.0
SP1_N4_DISTRIBUTED_FAMILY_v2,E5_DPOP_SMALL,E5_DPOP:N8:K2:corridor:cv0.65:p0.7:r8,1210495686,corridor,8,2,0.65,0.7,OPTIMAL,93.19091559924229,93.19091559924227,0.0,0.0020269000087864697,True,True,dpop_exact_small,True,93.19091559924229,39.40579999471083,14.0,26288.0,7.0,7.0,3279.0,7.0,6561.0,EXACT_DISTRIBUTED,0.0
SP1_N4_DISTRIBUTED_FAMILY_v2,E5_DPOP_SMALL,E5_DPOP:N8:K2:corridor:cv0.65:p0.7:r8,1210495686,corridor,8,2,0.65,0.7,OPTIMAL,93.19091559924229,93.19091559924227,0.0,0.0020269000087864697,True,True,milp_highs,True,93.19091559924229,2.0269000087864697,,,,,,,,CENTRAL_ORACLE,0.0
SP1_N4_DISTRIBUTED_FAMILY_v2,E5_DPOP_SMALL,E5_DPOP:N8:K2:corridor:cv0.65:p0.7:r8,1210495686,corridor,8,2,0.65,0.7,OPTIMAL,93.19091559924229,93.19091559924227,0.0,0.0020269000087864697,True,True,geo_qpg_u,True,168.6329405129618,2.1946000051684678,67.0,2324.0,,,,,,N4_ATOMIC,0.8095426944633743
SP1_N4_DISTRIBUTED_FAMILY_v2,E5_DPOP_SMALL,E5_DPOP:N8:K2:corridor:cv0.65:p0.7:r8,1210495686,corridor,8,2,0.65,0.7,OPTIMAL,93.19091559924229,93.19091559924227,0.0,0.0020269000087864697,True,True,geo_qpg_p,True,93.19091559924229,9.361100004753098,183.0,6940.0,,,,,,N4_ATOMIC,0.0
SP1_N4_DISTRIBUTED_FAMILY_v2,E5_DPOP_SMALL,E5_DPOP:N8:K2:corridor:cv0.65:p0.7:r8,1210495686,corridor,8,2,0.65,0.7,OPTIMAL,93.19091559924229,93.19091559924227,0.0,0.0020269000087864697,True,True,geo_qpg_c3,True,93.19091559924229,20.108700002310798,459.0,17980.0,,,,,,N4_ATOMIC,0.0
SP1_N4_DISTRIBUTED_FAMILY_v2,E5_DPOP_SMALL,E5_DPOP:N8:K2:corridor:cv0.65:p0.7:r8,1210495686,corridor,8,2,0.65,0.7,OPTIMAL,93.19091559924229,93.19091559924227,0.0,0.0020269000087864697,True,True,geo_qpg_d,True,93.19091559924229,13.607200002297759,464.0,16736.0,,,,,,N4_ATOMIC,0.0
SP1_N4_DISTRIBUTED_FAMILY_v2,E5_DPOP_SMALL,E5_DPOP:N8:K2:corridor:cv0.65:p0.7:r9,1816014903,corridor,8,2,0.65,0.7,OPTIMAL,110.81046482029177,110.81046482029177,0.0,0.0036188999947626144,True,True,dpop_exact_small,True,110.81046482029177,37.06669999519363,14.0,26288.0,7.0,7.0,3279.0,7.0,6561.0,EXACT_DISTRIBUTED,0.0
SP1_N4_DISTRIBUTED_FAMILY_v2,E5_DPOP_SMALL,E5_DPOP:N8:K2:corridor:cv0.65:p0.7:r9,1816014903,corridor,8,2,0.65,0.7,OPTIMAL,110.81046482029177,110.81046482029177,0.0,0.0036188999947626144,True,True,milp_highs,True,110.81046482029177,3.6188999947626144,,,,,,,,CENTRAL_ORACLE,0.0
SP1_N4_DISTRIBUTED_FAMILY_v2,E5_DPOP_SMALL,E5_DPOP:N8:K2:corridor:cv0.65:p0.7:r9,1816014903,corridor,8,2,0.65,0.7,OPTIMAL,110.81046482029177,110.81046482029177,0.0,0.0036188999947626144,True,True,geo_qpg_u,True,147.7390998832404,1.662199996644631,61.0,2072.0,,,,,,N4_ATOMIC,0.33325945453651973
SP1_N4_DISTRIBUTED_FAMILY_v2,E5_DPOP_SMALL,E5_DPOP:N8:K2:corridor:cv0.65:p0.7:r9,1816014903,corridor,8,2,0.65,0.7,OPTIMAL,110.81046482029177,110.81046482029177,0.0,0.0036188999947626144,True,True,geo_qpg_p,True,110.81046482029177,8.370700001250952,188.0,7060.0,,,,,,N4_ATOMIC,0.0
SP1_N4_DISTRIBUTED_FAMILY_v2,E5_DPOP_SMALL,E5_DPOP:N8:K2:corridor:cv0.65:p0.7:r9,1816014903,corridor,8,2,0.65,0.7,OPTIMAL,110.81046482029177,110.81046482029177,0.0,0.0036188999947626144,True,True,geo_qpg_c3,True,110.81046482029177,21.185300021898,528.0,20660.0,,,,,,N4_ATOMIC,0.0
SP1_N4_DISTRIBUTED_FAMILY_v2,E5_DPOP_SMALL,E5_DPOP:N8:K2:corridor:cv0.65:p0.7:r9,1816014903,corridor,8,2,0.65,0.7,OPTIMAL,110.81046482029177,110.81046482029177,0.0,0.0036188999947626144,True,True,geo_qpg_d,True,110.81046482029177,10.934899997664616,344.0,12380.0,,,,,,N4_ATOMIC,0.0
SP1_N4_DISTRIBUTED_FAMILY_v2,E5_DPOP_SMALL,E5_DPOP:N8:K2:corridor:cv0.65:p0.85:r0,322339172,corridor,8,2,0.65,0.85,OPTIMAL,168.8916304842249,168.8916304842249,0.0,0.001668699987931177,True,True,dpop_exact_small,True,168.89163048422492,36.09639999922365,14.0,26288.0,7.0,7.0,3279.0,7.0,6561.0,EXACT_DISTRIBUTED,1.6828370564554827e-16
SP1_N4_DISTRIBUTED_FAMILY_v2,E5_DPOP_SMALL,E5_DPOP:N8:K2:corridor:cv0.65:p0.85:r0,322339172,corridor,8,2,0.65,0.85,OPTIMAL,168.8916304842249,168.8916304842249,0.0,0.001668699987931177,True,True,milp_highs,True,168.8916304842249,1.668699987931177,,,,,,,,CENTRAL_ORACLE,0.0
SP1_N4_DISTRIBUTED_FAMILY_v2,E5_DPOP_SMALL,E5_DPOP:N8:K2:corridor:cv0.65:p0.85:r0,322339172,corridor,8,2,0.65,0.85,OPTIMAL,168.8916304842249,168.8916304842249,0.0,0.001668699987931177,True,True,geo_qpg_u,True,191.1944737620944,1.953599974513054,89.0,3108.0,,,,,,N4_ATOMIC,0.132054165229654
SP1_N4_DISTRIBUTED_FAMILY_v2,E5_DPOP_SMALL,E5_DPOP:N8:K2:corridor:cv0.65:p0.85:r0,322339172,corridor,8,2,0.65,0.85,OPTIMAL,168.8916304842249,168.8916304842249,0.0,0.001668699987931177,True,True,geo_qpg_p,True,191.1944737620944,7.987699995283037,141.0,5188.0,,,,,,N4_ATOMIC,0.132054165229654
SP1_N4_DISTRIBUTED_FAMILY_v2,E5_DPOP_SMALL,E5_DPOP:N8:K2:corridor:cv0.65:p0.85:r0,322339172,corridor,8,2,0.65,0.85,OPTIMAL,168.8916304842249,168.8916304842249,0.0,0.001668699987931177,True,True,geo_qpg_c3,True,168.89163048422486,16.497999982675537,466.0,18092.0,,,,,,N4_ATOMIC,-1.6828370564554827e-16
SP1_N4_DISTRIBUTED_FAMILY_v2,E5_DPOP_SMALL,E5_DPOP:N8:K2:corridor:cv0.65:p0.85:r0,322339172,corridor,8,2,0.65,0.85,OPTIMAL,168.8916304842249,168.8916304842249,0.0,0.001668699987931177,True,True,geo_qpg_d,True,168.89163048422486,10.648500028764829,520.0,18736.0,,,,,,N4_ATOMIC,-1.6828370564554827e-16
SP1_N4_DISTRIBUTED_FAMILY_v2,E5_DPOP_SMALL,E5_DPOP:N8:K2:corridor:cv0.65:p0.85:r1,2544161221,corridor,8,2,0.65,0.85,OPTIMAL,180.1291518427677,180.12915184276767,0.0,0.006115299998782575,True,True,dpop_exact_small,True,180.1291518427677,38.70350000215694,14.0,26288.0,7.0,7.0,3279.0,7.0,6561.0,EXACT_DISTRIBUTED,0.0
SP1_N4_DISTRIBUTED_FAMILY_v2,E5_DPOP_SMALL,E5_DPOP:N8:K2:corridor:cv0.65:p0.85:r1,2544161221,corridor,8,2,0.65,0.85,OPTIMAL,180.1291518427677,180.12915184276767,0.0,0.006115299998782575,True,True,milp_highs,True,180.1291518427677,6.115299998782575,,,,,,,,CENTRAL_ORACLE,0.0
SP1_N4_DISTRIBUTED_FAMILY_v2,E5_DPOP_SMALL,E5_DPOP:N8:K2:corridor:cv0.65:p0.85:r1,2544161221,corridor,8,2,0.65,0.85,OPTIMAL,180.1291518427677,180.12915184276767,0.0,0.006115299998782575,True,True,geo_qpg_u,True,205.52848350296384,2.7011999918613583,79.0,2688.0,,,,,,N4_ATOMIC,0.1410062247024117
SP1_N4_DISTRIBUTED_FAMILY_v2,E5_DPOP_SMALL,E5_DPOP:N8:K2:corridor:cv0.65:p0.85:r1,2544161221,corridor,8,2,0.65,0.85,OPTIMAL,180.1291518427677,180.12915184276767,0.0,0.006115299998782575,True,True,geo_qpg_p,True,191.20936581340098,9.694700012914836,186.0,6912.0,,,,,,N4_ATOMIC,0.061512608355059874
SP1_N4_DISTRIBUTED_FAMILY_v2,E5_DPOP_SMALL,E5_DPOP:N8:K2:corridor:cv0.65:p0.85:r1,2544161221,corridor,8,2,0.65,0.85,OPTIMAL,180.1291518427677,180.12915184276767,0.0,0.006115299998782575,True,True,geo_qpg_c3,True,191.20936581340098,24.44929999182932,622.0,24352.0,,,,,,N4_ATOMIC,0.061512608355059874
SP1_N4_DISTRIBUTED_FAMILY_v2,E5_DPOP_SMALL,E5_DPOP:N8:K2:corridor:cv0.65:p0.85:r1,2544161221,corridor,8,2,0.65,0.85,OPTIMAL,180.1291518427677,180.12915184276767,0.0,0.006115299998782575,True,True,geo_qpg_d,True,216.56320056171904,11.808599985670298,339.0,12400.0,,,,,,N4_ATOMIC,0.20226625366422718
SP1_N4_DISTRIBUTED_FAMILY_v2,E5_DPOP_SMALL,E5_DPOP:N8:K2:corridor:cv0.65:p0.85:r2,1242303777,corridor,8,2,0.65,0.85,OPTIMAL,318.3212220139156,318.32122201391553,0.0,0.005011200002627447,True,True,dpop_exact_small,True,318.32122201391553,39.42109999479726,14.0,26288.0,7.0,7.0,3279.0,7.0,6561.0,EXACT_DISTRIBUTED,-1.785725076737833e-16
SP1_N4_DISTRIBUTED_FAMILY_v2,E5_DPOP_SMALL,E5_DPOP:N8:K2:corridor:cv0.65:p0.85:r2,1242303777,corridor,8,2,0.65,0.85,OPTIMAL,318.3212220139156,318.32122201391553,0.0,0.005011200002627447,True,True,milp_highs,True,318.3212220139156,5.011200002627447,,,,,,,,CENTRAL_ORACLE,0.0
SP1_N4_DISTRIBUTED_FAMILY_v2,E5_DPOP_SMALL,E5_DPOP:N8:K2:corridor:cv0.65:p0.85:r2,1242303777,corridor,8,2,0.65,0.85,OPTIMAL,318.3212220139156,318.32122201391553,0.0,0.005011200002627447,True,True,geo_qpg_u,True,350.1448387129384,1.7713999841362238,67.0,2324.0,,,,,,N4_ATOMIC,0.0999732801278063
SP1_N4_DISTRIBUTED_FAMILY_v2,E5_DPOP_SMALL,E5_DPOP:N8:K2:corridor:cv0.65:p0.85:r2,1242303777,corridor,8,2,0.65,0.85,OPTIMAL,318.3212220139156,318.32122201391553,0.0,0.005011200002627447,True,True,geo_qpg_p,True,318.3212220139156,9.61999999708496,256.0,9920.0,,,,,,N4_ATOMIC,0.0
SP1_N4_DISTRIBUTED_FAMILY_v2,E5_DPOP_SMALL,E5_DPOP:N8:K2:corridor:cv0.65:p0.85:r2,1242303777,corridor,8,2,0.65,0.85,OPTIMAL,318.3212220139156,318.32122201391553,0.0,0.005011200002627447,True,True,geo_qpg_c3,True,318.3212220139156,25.850699981674552,672.0,26560.0,,,,,,N4_ATOMIC,0.0
SP1_N4_DISTRIBUTED_FAMILY_v2,E5_DPOP_SMALL,E5_DPOP:N8:K2:corridor:cv0.65:p0.85:r2,1242303777,corridor,8,2,0.65,0.85,OPTIMAL,318.3212220139156,318.32122201391553,0.0,0.005011200002627447,True,True,geo_qpg_d,True,318.3212220139156,9.239700011676177,275.0,9772.0,,,,,,N4_ATOMIC,0.0
SP1_N4_DISTRIBUTED_FAMILY_v2,E5_DPOP_SMALL,E5_DPOP:N8:K2:corridor:cv0.65:p0.85:r3,3570185151,corridor,8,2,0.65,0.85,OPTIMAL,161.22960576124564,161.22960576124564,0.0,0.0031024999916553497,True,True,dpop_exact_small,True,161.22960576124564,37.91269997600466,14.0,26288.0,7.0,7.0,3279.0,7.0,6561.0,EXACT_DISTRIBUTED,0.0
SP1_N4_DISTRIBUTED_FAMILY_v2,E5_DPOP_SMALL,E5_DPOP:N8:K2:corridor:cv0.65:p0.85:r3,3570185151,corridor,8,2,0.65,0.85,OPTIMAL,161.22960576124564,161.22960576124564,0.0,0.0031024999916553497,True,True,milp_highs,True,161.22960576124564,3.1024999916553497,,,,,,,,CENTRAL_ORACLE,0.0
SP1_N4_DISTRIBUTED_FAMILY_v2,E5_DPOP_SMALL,E5_DPOP:N8:K2:corridor:cv0.65:p0.85:r3,3570185151,corridor,8,2,0.65,0.85,OPTIMAL,161.22960576124564,161.22960576124564,0.0,0.0031024999916553497,True,True,geo_qpg_u,True,208.897609476846,2.2136000043246895,85.0,2940.0,,,,,,N4_ATOMIC,0.295652919887361
SP1_N4_DISTRIBUTED_FAMILY_v2,E5_DPOP_SMALL,E5_DPOP:N8:K2:corridor:cv0.65:p0.85:r3,3570185151,corridor,8,2,0.65,0.85,OPTIMAL,161.22960576124564,161.22960576124564,0.0,0.0031024999916553497,True,True,geo_qpg_p,True,161.2296057612456,10.205500002484769,281.0,10528.0,,,,,,N4_ATOMIC,-1.7628095842702647e-16
SP1_N4_DISTRIBUTED_FAMILY_v2,E5_DPOP_SMALL,E5_DPOP:N8:K2:corridor:cv0.65:p0.85:r3,3570185151,corridor,8,2,0.65,0.85,OPTIMAL,161.22960576124564,161.22960576124564,0.0,0.0031024999916553497,True,True,geo_qpg_c3,True,161.2296057612456,25.41690002544783,629.0,24448.0,,,,,,N4_ATOMIC,-1.7628095842702647e-16
SP1_N4_DISTRIBUTED_FAMILY_v2,E5_DPOP_SMALL,E5_DPOP:N8:K2:corridor:cv0.65:p0.85:r3,3570185151,corridor,8,2,0.65,0.85,OPTIMAL,161.22960576124564,161.22960576124564,0.0,0.0031024999916553497,True,True,geo_qpg_d,True,161.2296057612456,13.457900000503287,503.0,18344.0,,,,,,N4_ATOMIC,-1.7628095842702647e-16
SP1_N4_DISTRIBUTED_FAMILY_v2,E5_DPOP_SMALL,E5_DPOP:N8:K2:corridor:cv0.65:p0.85:r4,46078931,corridor,8,2,0.65,0.85,OPTIMAL,112.9010704726858,112.9010704726858,0.0,0.0016595000051893294,True,True,dpop_exact_small,True,112.90107047268579,34.96829999494366,14.0,26288.0,7.0,7.0,3279.0,7.0,6561.0,EXACT_DISTRIBUTED,-1.2586997320490455e-16
SP1_N4_DISTRIBUTED_FAMILY_v2,E5_DPOP_SMALL,E5_DPOP:N8:K2:corridor:cv0.65:p0.85:r4,46078931,corridor,8,2,0.65,0.85,OPTIMAL,112.9010704726858,112.9010704726858,0.0,0.0016595000051893294,True,True,milp_highs,True,112.9010704726858,1.6595000051893294,,,,,,,,CENTRAL_ORACLE,0.0
SP1_N4_DISTRIBUTED_FAMILY_v2,E5_DPOP_SMALL,E5_DPOP:N8:K2:corridor:cv0.65:p0.85:r4,46078931,corridor,8,2,0.65,0.85,OPTIMAL,112.9010704726858,112.9010704726858,0.0,0.0016595000051893294,True,True,geo_qpg_u,True,222.79086531451094,1.6241999983321875,65.0,2240.0,,,,,,N4_ATOMIC,0.9733281923877845
SP1_N4_DISTRIBUTED_FAMILY_v2,E5_DPOP_SMALL,E5_DPOP:N8:K2:corridor:cv0.65:p0.85:r4,46078931,corridor,8,2,0.65,0.85,OPTIMAL,112.9010704726858,112.9010704726858,0.0,0.0016595000051893294,True,True,geo_qpg_p,True,216.2069397077555,6.528400001116097,160.0,6016.0,,,,,,N4_ATOMIC,0.9150123094719685
SP1_N4_DISTRIBUTED_FAMILY_v2,E5_DPOP_SMALL,E5_DPOP:N8:K2:corridor:cv0.65:p0.85:r4,46078931,corridor,8,2,0.65,0.85,OPTIMAL,112.9010704726858,112.9010704726858,0.0,0.0016595000051893294,True,True,geo_qpg_c3,True,112.90107047268579,15.469300007680431,510.0,20048.0,,,,,,N4_ATOMIC,-1.2586997320490455e-16
SP1_N4_DISTRIBUTED_FAMILY_v2,E5_DPOP_SMALL,E5_DPOP:N8:K2:corridor:cv0.65:p0.85:r4,46078931,corridor,8,2,0.65,0.85,OPTIMAL,112.9010704726858,112.9010704726858,0.0,0.0016595000051893294,True,True,geo_qpg_d,True,216.2069397077555,9.967999998480082,363.0,13144.0,,,,,,N4_ATOMIC,0.9150123094719685
SP1_N4_DISTRIBUTED_FAMILY_v2,E5_DPOP_SMALL,E5_DPOP:N8:K2:corridor:cv0.65:p0.85:r5,996868976,corridor,8,2,0.65,0.85,OPTIMAL,167.63660673793896,167.63660673793896,0.0,0.010624899994581938,True,True,dpop_exact_small,True,167.63660673793896,35.35530000226572,14.0,26288.0,7.0,7.0,3279.0,7.0,6561.0,EXACT_DISTRIBUTED,0.0
SP1_N4_DISTRIBUTED_FAMILY_v2,E5_DPOP_SMALL,E5_DPOP:N8:K2:corridor:cv0.65:p0.85:r5,996868976,corridor,8,2,0.65,0.85,OPTIMAL,167.63660673793896,167.63660673793896,0.0,0.010624899994581938,True,True,milp_highs,True,167.63660673793896,10.624899994581938,,,,,,,,CENTRAL_ORACLE,0.0
SP1_N4_DISTRIBUTED_FAMILY_v2,E5_DPOP_SMALL,E5_DPOP:N8:K2:corridor:cv0.65:p0.85:r5,996868976,corridor,8,2,0.65,0.85,OPTIMAL,167.63660673793896,167.63660673793896,0.0,0.010624899994581938,True,True,geo_qpg_u,True,215.30055130752353,1.6198999946936965,63.0,2156.0,,,,,,N4_ATOMIC,0.2843289750197349
SP1_N4_DISTRIBUTED_FAMILY_v2,E5_DPOP_SMALL,E5_DPOP:N8:K2:corridor:cv0.65:p0.85:r5,996868976,corridor,8,2,0.65,0.85,OPTIMAL,167.63660673793896,167.63660673793896,0.0,0.010624899994581938,True,True,geo_qpg_p,True,181.75908136299975,6.265799980610609,154.0,5672.0,,,,,,N4_ATOMIC,0.08424457461810839
SP1_N4_DISTRIBUTED_FAMILY_v2,E5_DPOP_SMALL,E5_DPOP:N8:K2:corridor:cv0.65:p0.85:r5,996868976,corridor,8,2,0.65,0.85,OPTIMAL,167.63660673793896,167.63660673793896,0.0,0.010624899994581938,True,True,geo_qpg_c3,True,181.19383421452628,16.043400013586506,462.0,17952.0,,,,,,N4_ATOMIC,0.08087271473933437
SP1_N4_DISTRIBUTED_FAMILY_v2,E5_DPOP_SMALL,E5_DPOP:N8:K2:corridor:cv0.65:p0.85:r5,996868976,corridor,8,2,0.65,0.85,OPTIMAL,167.63660673793896,167.63660673793896,0.0,0.010624899994581938,True,True,geo_qpg_d,True,175.69883435734,6.61390001187101,287.0,10020.0,,,,,,N4_ATOMIC,0.04809347896193374
SP1_N4_DISTRIBUTED_FAMILY_v2,E5_DPOP_SMALL,E5_DPOP:N8:K2:corridor:cv0.65:p0.85:r6,1153229213,corridor,8,2,0.65,0.85,OPTIMAL,258.8294259598207,258.82942595982075,0.0,0.0019343000021763146,True,True,dpop_exact_small,True,258.82942595982075,34.502700000302866,14.0,26288.0,7.0,7.0,3279.0,7.0,6561.0,EXACT_DISTRIBUTED,2.196172967969727e-16
SP1_N4_DISTRIBUTED_FAMILY_v2,E5_DPOP_SMALL,E5_DPOP:N8:K2:corridor:cv0.65:p0.85:r6,1153229213,corridor,8,2,0.65,0.85,OPTIMAL,258.8294259598207,258.82942595982075,0.0,0.0019343000021763146,True,True,milp_highs,True,258.8294259598207,1.9343000021763146,,,,,,,,CENTRAL_ORACLE,0.0
SP1_N4_DISTRIBUTED_FAMILY_v2,E5_DPOP_SMALL,E5_DPOP:N8:K2:corridor:cv0.65:p0.85:r6,1153229213,corridor,8,2,0.65,0.85,OPTIMAL,258.8294259598207,258.82942595982075,0.0,0.0019343000021763146,True,True,geo_qpg_u,True,411.6488053951334,2.2037000162526965,87.0,3024.0,,,,,,N4_ATOMIC,0.5904250603215246
SP1_N4_DISTRIBUTED_FAMILY_v2,E5_DPOP_SMALL,E5_DPOP:N8:K2:corridor:cv0.65:p0.85:r6,1153229213,corridor,8,2,0.65,0.85,OPTIMAL,258.8294259598207,258.82942595982075,0.0,0.0019343000021763146,True,True,geo_qpg_p,True,258.82942595982075,10.335500002838671,276.0,10620.0,,,,,,N4_ATOMIC,2.196172967969727e-16
SP1_N4_DISTRIBUTED_FAMILY_v2,E5_DPOP_SMALL,E5_DPOP:N8:K2:corridor:cv0.65:p0.85:r6,1153229213,corridor,8,2,0.65,0.85,OPTIMAL,258.8294259598207,258.82942595982075,0.0,0.0019343000021763146,True,True,geo_qpg_c3,True,258.82942595982075,19.986500003142282,572.0,22460.0,,,,,,N4_ATOMIC,2.196172967969727e-16
SP1_N4_DISTRIBUTED_FAMILY_v2,E5_DPOP_SMALL,E5_DPOP:N8:K2:corridor:cv0.65:p0.85:r6,1153229213,corridor,8,2,0.65,0.85,OPTIMAL,258.8294259598207,258.82942595982075,0.0,0.0019343000021763146,True,True,geo_qpg_d,True,258.82942595982075,8.583799994084984,384.0,13420.0,,,,,,N4_ATOMIC,2.196172967969727e-16
SP1_N4_DISTRIBUTED_FAMILY_v2,E5_DPOP_SMALL,E5_DPOP:N8:K2:corridor:cv0.65:p0.85:r7,2107556707,corridor,8,2,0.65,0.85,OPTIMAL,99.52497823515809,99.52497823515809,0.0,0.001816000003600493,True,True,dpop_exact_small,True,99.5249782351581,38.05909998482093,14.0,26288.0,7.0,7.0,3279.0,7.0,6561.0,EXACT_DISTRIBUTED,1.4278681560346117e-16
SP1_N4_DISTRIBUTED_FAMILY_v2,E5_DPOP_SMALL,E5_DPOP:N8:K2:corridor:cv0.65:p0.85:r7,2107556707,corridor,8,2,0.65,0.85,OPTIMAL,99.52497823515809,99.52497823515809,0.0,0.001816000003600493,True,True,milp_highs,True,99.52497823515809,1.816000003600493,,,,,,,,CENTRAL_ORACLE,0.0
SP1_N4_DISTRIBUTED_FAMILY_v2,E5_DPOP_SMALL,E5_DPOP:N8:K2:corridor:cv0.65:p0.85:r7,2107556707,corridor,8,2,0.65,0.85,OPTIMAL,99.52497823515809,99.52497823515809,0.0,0.001816000003600493,True,True,geo_qpg_u,True,167.44247307030463,2.177499991375953,89.0,3108.0,,,,,,N4_ATOMIC,0.6824165756125137
SP1_N4_DISTRIBUTED_FAMILY_v2,E5_DPOP_SMALL,E5_DPOP:N8:K2:corridor:cv0.65:p0.85:r7,2107556707,corridor,8,2,0.65,0.85,OPTIMAL,99.52497823515809,99.52497823515809,0.0,0.001816000003600493,True,True,geo_qpg_p,True,99.52497823515809,10.194299975410104,268.0,10316.0,,,,,,N4_ATOMIC,0.0
SP1_N4_DISTRIBUTED_FAMILY_v2,E5_DPOP_SMALL,E5_DPOP:N8:K2:corridor:cv0.65:p0.85:r7,2107556707,corridor,8,2,0.65,0.85,OPTIMAL,99.52497823515809,99.52497823515809,0.0,0.001816000003600493,True,True,geo_qpg_c3,True,99.52497823515809,13.84850000613369,424.0,16556.0,,,,,,N4_ATOMIC,0.0
SP1_N4_DISTRIBUTED_FAMILY_v2,E5_DPOP_SMALL,E5_DPOP:N8:K2:corridor:cv0.65:p0.85:r7,2107556707,corridor,8,2,0.65,0.85,OPTIMAL,99.52497823515809,99.52497823515809,0.0,0.001816000003600493,True,True,geo_qpg_d,True,99.52497823515809,7.907799998065457,452.0,15828.0,,,,,,N4_ATOMIC,0.0
SP1_N4_DISTRIBUTED_FAMILY_v2,E5_DPOP_SMALL,E5_DPOP:N8:K2:corridor:cv0.65:p0.85:r8,3872561981,corridor,8,2,0.65,0.85,OPTIMAL,162.5663210294417,162.56632102944172,0.0,0.0038509999867528677,True,True,dpop_exact_small,True,162.56632102944172,39.719699998386204,14.0,26288.0,7.0,7.0,3279.0,7.0,6561.0,EXACT_DISTRIBUTED,1.7483147339759673e-16
SP1_N4_DISTRIBUTED_FAMILY_v2,E5_DPOP_SMALL,E5_DPOP:N8:K2:corridor:cv0.65:p0.85:r8,3872561981,corridor,8,2,0.65,0.85,OPTIMAL,162.5663210294417,162.56632102944172,0.0,0.0038509999867528677,True,True,milp_highs,True,162.5663210294417,3.8509999867528677,,,,,,,,CENTRAL_ORACLE,0.0
SP1_N4_DISTRIBUTED_FAMILY_v2,E5_DPOP_SMALL,E5_DPOP:N8:K2:corridor:cv0.65:p0.85:r8,3872561981,corridor,8,2,0.65,0.85,OPTIMAL,162.5663210294417,162.56632102944172,0.0,0.0038509999867528677,True,True,geo_qpg_u,True,194.40478121906864,2.220599999418482,63.0,2156.0,,,,,,N4_ATOMIC,0.19584905402307046
SP1_N4_DISTRIBUTED_FAMILY_v2,E5_DPOP_SMALL,E5_DPOP:N8:K2:corridor:cv0.65:p0.85:r8,3872561981,corridor,8,2,0.65,0.85,OPTIMAL,162.5663210294417,162.56632102944172,0.0,0.0038509999867528677,True,True,geo_qpg_p,True,162.56632102944172,12.412000010954216,243.0,9328.0,,,,,,N4_ATOMIC,1.7483147339759673e-16
SP1_N4_DISTRIBUTED_FAMILY_v2,E5_DPOP_SMALL,E5_DPOP:N8:K2:corridor:cv0.65:p0.85:r8,3872561981,corridor,8,2,0.65,0.85,OPTIMAL,162.5663210294417,162.56632102944172,0.0,0.0038509999867528677,True,True,geo_qpg_c3,True,162.56632102944172,26.73690000665374,675.0,26608.0,,,,,,N4_ATOMIC,1.7483147339759673e-16
SP1_N4_DISTRIBUTED_FAMILY_v2,E5_DPOP_SMALL,E5_DPOP:N8:K2:corridor:cv0.65:p0.85:r8,3872561981,corridor,8,2,0.65,0.85,OPTIMAL,162.5663210294417,162.56632102944172,0.0,0.0038509999867528677,True,True,geo_qpg_d,True,162.56632102944172,10.767700005089864,379.0,13536.0,,,,,,N4_ATOMIC,1.7483147339759673e-16
SP1_N4_DISTRIBUTED_FAMILY_v2,E5_DPOP_SMALL,E5_DPOP:N8:K2:corridor:cv0.65:p0.85:r9,1617303820,corridor,8,2,0.65,0.85,OPTIMAL,211.46796208651656,211.46796208651656,0.0,0.004290899989427999,True,True,dpop_exact_small,True,211.46796208651685,32.38610000698827,14.0,26288.0,7.0,7.0,3279.0,7.0,6561.0,EXACT_DISTRIBUTED,1.3440196401370724e-15
SP1_N4_DISTRIBUTED_FAMILY_v2,E5_DPOP_SMALL,E5_DPOP:N8:K2:corridor:cv0.65:p0.85:r9,1617303820,corridor,8,2,0.65,0.85,OPTIMAL,211.46796208651656,211.46796208651656,0.0,0.004290899989427999,True,True,milp_highs,True,211.46796208651656,4.290899989427999,,,,,,,,CENTRAL_ORACLE,0.0
SP1_N4_DISTRIBUTED_FAMILY_v2,E5_DPOP_SMALL,E5_DPOP:N8:K2:corridor:cv0.65:p0.85:r9,1617303820,corridor,8,2,0.65,0.85,OPTIMAL,211.46796208651656,211.46796208651656,0.0,0.004290899989427999,True,True,geo_qpg_u,True,305.91569903552454,1.9357999844942242,81.0,2772.0,,,,,,N4_ATOMIC,0.4466290591591702
SP1_N4_DISTRIBUTED_FAMILY_v2,E5_DPOP_SMALL,E5_DPOP:N8:K2:corridor:cv0.65:p0.85:r9,1617303820,corridor,8,2,0.65,0.85,OPTIMAL,211.46796208651656,211.46796208651656,0.0,0.004290899989427999,True,True,geo_qpg_p,True,305.91569903552454,7.433999999193475,169.0,6292.0,,,,,,N4_ATOMIC,0.4466290591591702
SP1_N4_DISTRIBUTED_FAMILY_v2,E5_DPOP_SMALL,E5_DPOP:N8:K2:corridor:cv0.65:p0.85:r9,1617303820,corridor,8,2,0.65,0.85,OPTIMAL,211.46796208651656,211.46796208651656,0.0,0.004290899989427999,True,True,geo_qpg_c3,True,214.31673191094274,27.95660000992939,857.0,33988.0,,,,,,N4_ATOMIC,0.01347140151310803
SP1_N4_DISTRIBUTED_FAMILY_v2,E5_DPOP_SMALL,E5_DPOP:N8:K2:corridor:cv0.65:p0.85:r9,1617303820,corridor,8,2,0.65,0.85,OPTIMAL,211.46796208651656,211.46796208651656,0.0,0.004290899989427999,True,True,geo_qpg_d,True,229.7092817882255,9.374899993417785,282.0,10160.0,,,,,,N4_ATOMIC,0.08626044116434987
