experiment,world_id,world_seed,replicate,scenario,scenario_label,capacity_mode,capacity_label,capacity_sigma,capacity_cv,N,K,M,reserve_delta,hungarian_declared_feasible,hungarian_capacity_feasible,hungarian_false_feasible,hungarian_total_shortfall_kg,hungarian_minimum_margin_kg,hungarian_mean_margin_kg,milp_feasible,milp_optimal_certified,milp_mip_gap,milp_rescues_false_feasible,milp_solver_ms,milp_error
heterogeneity,e39d8ba466f788fca19e,2333524394,0,uniform,Aleatorio,homogeneous,Homogénea,0.0,0.0,18,4,12,0.2,True,True,False,0.0,2.0484041632248164,2.780877037663949,True,True,0.0,False,101.7995,
heterogeneity,e39d8ba466f788fca19e,2333524394,0,uniform,Aleatorio,low,Baja,0.15,0.11753541473446613,18,4,12,0.2,True,True,False,0.0,2.5267342129669377,2.9838539558317407,True,True,0.0,False,52.1598,
heterogeneity,e39d8ba466f788fca19e,2333524394,0,uniform,Aleatorio,moderate,Moderada,0.35,0.3597076262516813,18,4,12,0.2,True,True,False,0.0,0.2999549740834606,3.133521870131993,True,True,0.0,False,19.2305,
heterogeneity,e39d8ba466f788fca19e,2333524394,0,uniform,Aleatorio,high,Alta,0.65,0.5708541306314239,18,4,12,0.2,True,False,True,3.299911400150968,-3.299911400150968,3.6735856485948526,True,True,0.0,True,23.1307,
heterogeneity,e39d8ba466f788fca19e,2333524394,0,uniform,Aleatorio,extreme,Extrema,1.0,0.6200112162179658,18,4,12,0.2,True,False,True,10.404252321571235,-6.4477953306017675,-0.6379922355516077,True,True,0.0,True,23.6992,
heterogeneity,a700c3f6abbf4c98b6e7,1010483846,1,uniform,Aleatorio,homogeneous,Homogénea,0.0,0.0,18,4,12,0.2,True,True,False,0.0,0.6117676278762438,3.014889894445271,True,True,0.0,False,3.1609,
heterogeneity,a700c3f6abbf4c98b6e7,1010483846,1,uniform,Aleatorio,low,Baja,0.15,0.14993703551013765,18,4,12,0.2,True,True,False,0.0,1.0625938858920776,3.0827230429054273,True,True,0.0,False,14.869,
heterogeneity,a700c3f6abbf4c98b6e7,1010483846,1,uniform,Aleatorio,moderate,Moderada,0.35,0.41224658020390004,18,4,12,0.2,True,False,True,4.66401306483187,-4.1187159444528305,1.4848820139989976,True,True,0.0,True,24.5644,
heterogeneity,a700c3f6abbf4c98b6e7,1010483846,1,uniform,Aleatorio,high,Alta,0.65,0.7357661436282712,18,4,12,0.2,True,True,False,0.0,0.5385690692351739,5.817613837860382,True,True,0.0,False,13.0415,
heterogeneity,a700c3f6abbf4c98b6e7,1010483846,1,uniform,Aleatorio,extreme,Extrema,1.0,0.7581441584029415,18,4,12,0.2,True,True,False,0.0,1.8644364668670317,5.644512192214787,True,True,0.0,False,14.3593,
heterogeneity,1be8b2809d185371aa63,2113284204,2,uniform,Aleatorio,homogeneous,Homogénea,0.0,0.0,18,4,12,0.2,True,True,False,0.0,2.403260822290158,3.4140163509333488,True,True,0.0,False,2.2519,
heterogeneity,1be8b2809d185371aa63,2113284204,2,uniform,Aleatorio,low,Baja,0.15,0.1637713775423047,18,4,12,0.2,True,True,False,0.0,1.1313917895168828,3.721905877151711,True,True,0.0,False,149.711,
heterogeneity,1be8b2809d185371aa63,2113284204,2,uniform,Aleatorio,moderate,Moderada,0.35,0.31565579606982813,18,4,12,0.2,True,True,False,0.0,0.07716371781003772,2.0186017404490815,True,True,0.0,False,54.0753,
heterogeneity,1be8b2809d185371aa63,2113284204,2,uniform,Aleatorio,high,Alta,0.65,0.6958937386689202,18,4,12,0.2,True,False,True,0.14149747566405502,-0.14149747566405502,2.2889265830999266,True,True,0.0,True,38.0189,
heterogeneity,1be8b2809d185371aa63,2113284204,2,uniform,Aleatorio,extreme,Extrema,1.0,1.402777832966229,18,4,12,0.2,True,False,True,10.96968486491414,-10.96968486491414,7.676821146574925,True,True,0.0,True,5.6563,
heterogeneity,ee33738dd528be9ea43a,2222424686,3,uniform,Aleatorio,homogeneous,Homogénea,0.0,0.0,18,4,12,0.2,True,True,False,0.0,0.3031105275750994,1.153629404902319,True,True,0.0,False,3.6523,
heterogeneity,ee33738dd528be9ea43a,2222424686,3,uniform,Aleatorio,low,Baja,0.15,0.16194895099190587,18,4,12,0.2,True,False,True,3.112736973946996,-3.112736973946996,0.5952373321102209,True,True,0.0,True,71.3544,
heterogeneity,ee33738dd528be9ea43a,2222424686,3,uniform,Aleatorio,moderate,Moderada,0.35,0.3532366839662989,18,4,12,0.2,True,False,True,0.2949462491788539,-0.2949462491788539,2.070724168839244,True,True,0.0,True,249.6664,
heterogeneity,ee33738dd528be9ea43a,2222424686,3,uniform,Aleatorio,high,Alta,0.65,0.620525354739174,18,4,12,0.2,True,False,True,17.653792059118736,-9.321628397943682,-2.182839121425627,True,True,0.0,True,10.7216,
heterogeneity,ee33738dd528be9ea43a,2222424686,3,uniform,Aleatorio,extreme,Extrema,1.0,1.0492323823066547,18,4,12,0.2,True,False,True,10.897732850844811,-8.73121468035071,-1.318275460498442,True,True,0.0,True,19.8613,
heterogeneity,2553a772a0da00d0eb43,3801497464,4,uniform,Aleatorio,homogeneous,Homogénea,0.0,0.0,18,4,12,0.2,True,True,False,0.0,1.4696508654651708,2.7059487048624353,True,True,0.0,False,2.0046,
heterogeneity,2553a772a0da00d0eb43,3801497464,4,uniform,Aleatorio,low,Baja,0.15,0.13391771276871248,18,4,12,0.2,True,True,False,0.0,0.08746816289138026,2.9050525045250466,True,True,0.0,False,8.8071,
heterogeneity,2553a772a0da00d0eb43,3801497464,4,uniform,Aleatorio,moderate,Moderada,0.35,0.43033377335667583,18,4,12,0.2,True,False,True,0.010726848027085456,-0.010726848027085456,4.27699211609106,True,True,0.0,True,36.3332,
heterogeneity,2553a772a0da00d0eb43,3801497464,4,uniform,Aleatorio,high,Alta,0.65,0.5454046562612915,18,4,12,0.2,True,False,True,1.6265784349268824,-1.6265784349268824,2.131396019195864,True,True,0.0,True,40.1894,
heterogeneity,2553a772a0da00d0eb43,3801497464,4,uniform,Aleatorio,extreme,Extrema,1.0,0.7290298776254687,18,4,12,0.2,True,False,True,11.714190976591947,-5.617168401976252,-2.494276855755004,True,True,0.0,True,9.9298,
heterogeneity,23e863c77482bc345179,3345536563,5,uniform,Aleatorio,homogeneous,Homogénea,0.0,0.0,18,4,12,0.2,True,True,False,0.0,0.2596137899853659,2.6022261273444562,True,True,0.0,False,3.0826,
heterogeneity,23e863c77482bc345179,3345536563,5,uniform,Aleatorio,low,Baja,0.15,0.11577337249619697,18,4,12,0.2,True,False,True,0.42847810821551313,-0.42847810821551313,2.3925134933857404,True,True,0.0,True,52.2054,
heterogeneity,23e863c77482bc345179,3345536563,5,uniform,Aleatorio,moderate,Moderada,0.35,0.31868137610195973,18,4,12,0.2,True,False,True,2.05176779353493,-2.05176779353493,2.476467129596402,True,True,0.0,True,52.7326,
heterogeneity,23e863c77482bc345179,3345536563,5,uniform,Aleatorio,high,Alta,0.65,0.6619694623943128,18,4,12,0.2,True,True,False,0.0,0.6608577212561322,2.4342769534217856,True,True,0.0,False,22.5045,
heterogeneity,23e863c77482bc345179,3345536563,5,uniform,Aleatorio,extreme,Extrema,1.0,1.041522898502238,18,4,12,0.2,True,False,True,13.005128365743108,-6.507416376148255,-1.1830389939989585,True,True,0.0,True,7.091,
heterogeneity,4bd5f9dff746bb11db51,622395592,6,uniform,Aleatorio,homogeneous,Homogénea,0.0,0.0,18,4,12,0.2,True,True,False,0.0,0.4949638291239147,1.3986462273347837,True,True,0.0,False,2.2988,
heterogeneity,4bd5f9dff746bb11db51,622395592,6,uniform,Aleatorio,low,Baja,0.15,0.15661216124569038,18,4,12,0.2,True,False,True,0.20618367734297127,-0.20618367734297127,1.7540089218292458,True,True,0.0,True,20.0136,
heterogeneity,4bd5f9dff746bb11db51,622395592,6,uniform,Aleatorio,moderate,Moderada,0.35,0.3821114453464686,18,4,12,0.2,True,False,True,6.9180934800230744,-6.569081284131574,-0.41882821020796857,True,True,0.0,True,52.884,
heterogeneity,4bd5f9dff746bb11db51,622395592,6,uniform,Aleatorio,high,Alta,0.65,0.6634063405919058,18,4,12,0.2,True,False,True,4.271414059124206,-4.271414059124206,1.1031902957805293,True,True,0.0,True,44.1184,
heterogeneity,4bd5f9dff746bb11db51,622395592,6,uniform,Aleatorio,extreme,Extrema,1.0,1.026612258993574,18,4,12,0.2,True,False,True,6.966993866807278,-6.128716762170717,4.193503304310886,True,True,0.0,True,32.8732,
heterogeneity,d9ab5eb0c8c0ee3d5c3c,1166934419,7,uniform,Aleatorio,homogeneous,Homogénea,0.0,0.0,18,4,12,0.2,True,True,False,0.0,0.45435549699155775,1.2882470392077845,True,True,0.0,False,3.4027,
heterogeneity,d9ab5eb0c8c0ee3d5c3c,1166934419,7,uniform,Aleatorio,low,Baja,0.15,0.12373325127879926,18,4,12,0.2,True,True,False,0.0,0.22902852610253532,1.4893771962087965,True,True,0.0,False,22.3821,
heterogeneity,d9ab5eb0c8c0ee3d5c3c,1166934419,7,uniform,Aleatorio,moderate,Moderada,0.35,0.33147925604515743,18,4,12,0.2,True,True,False,0.0,1.0797704902850258,2.0886786192246256,True,True,0.0,False,8.1131,
heterogeneity,d9ab5eb0c8c0ee3d5c3c,1166934419,7,uniform,Aleatorio,high,Alta,0.65,0.7572205222131604,18,4,12,0.2,True,False,True,6.650712428527991,-5.061129131274647,1.2786984105284536,True,True,0.0,True,18.0629,
heterogeneity,d9ab5eb0c8c0ee3d5c3c,1166934419,7,uniform,Aleatorio,extreme,Extrema,1.0,1.7686142177545805,18,4,12,0.2,True,False,True,20.569840522146038,-15.4015595916497,-3.4523918965530322,True,True,0.0,True,7.8745,
heterogeneity,3d4f70bcb3cbd64e6239,1373309894,8,uniform,Aleatorio,homogeneous,Homogénea,0.0,0.0,18,4,12,0.2,True,True,False,0.0,0.5004419279499945,0.977342855865122,True,True,0.0,False,2.8823,
heterogeneity,3d4f70bcb3cbd64e6239,1373309894,8,uniform,Aleatorio,low,Baja,0.15,0.12840876995540826,18,4,12,0.2,True,True,False,0.0,0.006053939719171453,0.625569492382378,True,True,0.0,False,12.3006,
heterogeneity,3d4f70bcb3cbd64e6239,1373309894,8,uniform,Aleatorio,moderate,Moderada,0.35,0.26401311734809535,18,4,12,0.2,True,False,True,0.5571008440144958,-0.5571008440144958,0.6531852774230722,True,True,0.0,True,65.7599,
heterogeneity,3d4f70bcb3cbd64e6239,1373309894,8,uniform,Aleatorio,high,Alta,0.65,0.5812159874448499,18,4,12,0.2,True,False,True,10.444667040111026,-7.579045747580405,-0.6795723389269246,True,True,0.0,True,22.4491,
heterogeneity,3d4f70bcb3cbd64e6239,1373309894,8,uniform,Aleatorio,extreme,Extrema,1.0,0.7237925664322417,18,4,12,0.2,True,False,True,5.384266448872321,-5.384266448872321,1.1947885597192869,True,True,0.0,True,7.8019,
heterogeneity,e55cc28647ecd0aa9c06,1116878665,9,uniform,Aleatorio,homogeneous,Homogénea,0.0,0.0,18,4,12,0.2,True,True,False,0.0,0.9471002637451278,3.1795133797110893,True,True,0.0,False,3.3496,
heterogeneity,e55cc28647ecd0aa9c06,1116878665,9,uniform,Aleatorio,low,Baja,0.15,0.14796146468461235,18,4,12,0.2,True,True,False,0.0,2.3268374506267477,3.817219979846587,True,True,0.0,False,11.6415,
heterogeneity,e55cc28647ecd0aa9c06,1116878665,9,uniform,Aleatorio,moderate,Moderada,0.35,0.40315954580168867,18,4,12,0.2,True,True,False,0.0,0.973664024808119,4.109874022622754,True,True,0.0,False,9.8951,
heterogeneity,e55cc28647ecd0aa9c06,1116878665,9,uniform,Aleatorio,high,Alta,0.65,0.586091598627022,18,4,12,0.2,True,True,False,0.0,0.020849277719246828,4.7386827059729235,True,True,0.0,False,7.7775,
heterogeneity,e55cc28647ecd0aa9c06,1116878665,9,uniform,Aleatorio,extreme,Extrema,1.0,0.9305074343769203,18,4,12,0.2,True,False,True,16.309612269026047,-8.013644990844814,-1.4718775277318583,True,True,0.0,True,6.6371,
heterogeneity,41142342e656e7ccb85d,3213671552,10,uniform,Aleatorio,homogeneous,Homogénea,0.0,0.0,18,4,12,0.2,True,True,False,0.0,1.1716934269875345,2.28624991501109,True,True,0.0,False,2.1241,
heterogeneity,41142342e656e7ccb85d,3213671552,10,uniform,Aleatorio,low,Baja,0.15,0.12858399269658413,18,4,12,0.2,True,True,False,0.0,0.3283106129820794,2.1601689853147947,True,True,0.0,False,12.9605,
heterogeneity,41142342e656e7ccb85d,3213671552,10,uniform,Aleatorio,moderate,Moderada,0.35,0.2589533562964925,18,4,12,0.2,True,True,False,0.0,2.2376336839550977,3.6690659000762427,True,True,0.0,False,11.6534,
heterogeneity,41142342e656e7ccb85d,3213671552,10,uniform,Aleatorio,high,Alta,0.65,0.7939282882945036,18,4,12,0.2,True,False,True,9.692717310449927,-7.061146442739917,-2.423179327612482,True,True,0.0,True,52.9015,
heterogeneity,41142342e656e7ccb85d,3213671552,10,uniform,Aleatorio,extreme,Extrema,1.0,1.2806742688468162,18,4,12,0.2,True,False,True,14.504402471852895,-14.504402471852895,0.6263176024220556,True,True,0.0,True,8.9424,
heterogeneity,e022a56469d860b267be,3237864616,11,uniform,Aleatorio,homogeneous,Homogénea,0.0,0.0,18,4,12,0.2,True,True,False,0.0,0.6126836280204024,2.6728197900782757,True,True,0.0,False,3.3214,
heterogeneity,e022a56469d860b267be,3237864616,11,uniform,Aleatorio,low,Baja,0.15,0.12580453949303003,18,4,12,0.2,True,False,True,0.23460599281787076,-0.23460599281787076,2.8399828757580554,True,True,0.0,True,36.4904,
heterogeneity,e022a56469d860b267be,3237864616,11,uniform,Aleatorio,moderate,Moderada,0.35,0.49591870392914206,18,4,12,0.2,True,True,False,0.0,0.564049964961292,3.572822712591457,True,True,0.0,False,35.0844,
heterogeneity,e022a56469d860b267be,3237864616,11,uniform,Aleatorio,high,Alta,0.65,0.6951869534835161,18,4,12,0.2,True,False,True,3.106603833026215,-3.106603833026215,2.0956285873658205,True,True,0.0,True,33.7281,
heterogeneity,e022a56469d860b267be,3237864616,11,uniform,Aleatorio,extreme,Extrema,1.0,1.0003231022519699,18,4,12,0.2,True,False,True,6.849955568966774,-6.141083974289405,3.6781561598955266,True,True,0.0,True,34.2403,
heterogeneity,75c3bf33d750ff03835e,1858077697,12,uniform,Aleatorio,homogeneous,Homogénea,0.0,0.0,18,4,12,0.2,True,True,False,0.0,1.1642331608914525,1.5999384475760063,True,True,0.0,False,3.8841,
heterogeneity,75c3bf33d750ff03835e,1858077697,12,uniform,Aleatorio,low,Baja,0.15,0.11813458593697512,18,4,12,0.2,True,True,False,0.0,0.8855043767546658,1.4488628332340983,True,True,0.0,False,16.1813,
heterogeneity,75c3bf33d750ff03835e,1858077697,12,uniform,Aleatorio,moderate,Moderada,0.35,0.3751779887165725,18,4,12,0.2,True,False,True,2.1397164052865385,-1.4456317909598262,1.236702304717287,True,True,0.0,True,67.3237,
heterogeneity,75c3bf33d750ff03835e,1858077697,12,uniform,Aleatorio,high,Alta,0.65,0.39795266401494933,18,4,12,0.2,True,False,True,0.6326169778160384,-0.6326169778160384,3.0565948008550703,True,True,0.0,True,88.7307,
heterogeneity,75c3bf33d750ff03835e,1858077697,12,uniform,Aleatorio,extreme,Extrema,1.0,1.1325963854536227,18,4,12,0.2,True,False,True,14.595701900617918,-10.453846404726143,1.515133499339394,True,True,0.0,True,12.5663,
heterogeneity,df794e9a11aa3ca9738c,3128093357,13,uniform,Aleatorio,homogeneous,Homogénea,0.0,0.0,18,4,12,0.2,True,True,False,0.0,0.9640078802269336,2.4166368879874223,True,True,0.0,False,3.3189,
heterogeneity,df794e9a11aa3ca9738c,3128093357,13,uniform,Aleatorio,low,Baja,0.15,0.16429900423129393,18,4,12,0.2,True,True,False,0.0,2.1155977953957787,2.927233658239478,True,True,0.0,False,43.5029,
heterogeneity,df794e9a11aa3ca9738c,3128093357,13,uniform,Aleatorio,moderate,Moderada,0.35,0.304557379603954,18,4,12,0.2,True,True,False,0.0,0.44897900773501753,2.888186587853779,True,True,0.0,False,36.85,
heterogeneity,df794e9a11aa3ca9738c,3128093357,13,uniform,Aleatorio,high,Alta,0.65,0.68922304887945,18,4,12,0.2,True,False,True,6.6305781364046315,-6.6305781364046315,1.0538026329960446,True,True,0.0,True,11.3719,
heterogeneity,df794e9a11aa3ca9738c,3128093357,13,uniform,Aleatorio,extreme,Extrema,1.0,0.8819291901380207,18,4,12,0.2,True,False,True,12.20561245015043,-6.235702281415587,2.000541599970428,True,True,0.0,True,22.2313,
heterogeneity,9d70d380ee4c4dad120b,1623013847,14,uniform,Aleatorio,homogeneous,Homogénea,0.0,0.0,18,4,12,0.2,True,True,False,0.0,0.7793756520631803,2.76419880512872,True,True,0.0,False,3.1642,
heterogeneity,9d70d380ee4c4dad120b,1623013847,14,uniform,Aleatorio,low,Baja,0.15,0.14638880646983235,18,4,12,0.2,True,True,False,0.0,2.2584028761364774,2.843410285508387,True,True,0.0,False,12.7566,
heterogeneity,9d70d380ee4c4dad120b,1623013847,14,uniform,Aleatorio,moderate,Moderada,0.35,0.425064747438724,18,4,12,0.2,True,False,True,1.9649562929515412,-1.9649562929515412,2.6121398034979095,True,True,0.0,True,63.8346,
heterogeneity,9d70d380ee4c4dad120b,1623013847,14,uniform,Aleatorio,high,Alta,0.65,0.5379721428068354,18,4,12,0.2,True,True,False,0.0,0.300059780431432,2.936660565101554,True,True,0.0,False,15.7437,
heterogeneity,9d70d380ee4c4dad120b,1623013847,14,uniform,Aleatorio,extreme,Extrema,1.0,1.2505010459044155,18,4,12,0.2,True,False,True,14.590683323380924,-9.62192653466691,-3.0377667629091736,True,True,0.0,True,5.2815,
heterogeneity,f4b5bf19dd858894f328,2554183355,15,uniform,Aleatorio,homogeneous,Homogénea,0.0,0.0,18,4,12,0.2,True,True,False,0.0,0.3527354211973215,1.9203599208765003,True,True,0.0,False,3.3483,
heterogeneity,f4b5bf19dd858894f328,2554183355,15,uniform,Aleatorio,low,Baja,0.15,0.15097123223616557,18,4,12,0.2,True,True,False,0.0,0.5946167157703321,1.893699872514627,True,True,0.0,False,29.6007,
heterogeneity,f4b5bf19dd858894f328,2554183355,15,uniform,Aleatorio,moderate,Moderada,0.35,0.34540737821332884,18,4,12,0.2,True,False,True,1.8093550386332957,-1.8093550386332957,2.1546525322991545,True,True,0.0,True,82.2308,
heterogeneity,f4b5bf19dd858894f328,2554183355,15,uniform,Aleatorio,high,Alta,0.65,0.9022118731998774,18,4,12,0.2,True,False,True,4.536733942140561,-4.536733942140561,4.514749888833626,True,True,0.0,True,12.1941,
heterogeneity,f4b5bf19dd858894f328,2554183355,15,uniform,Aleatorio,extreme,Extrema,1.0,0.9416544555348414,18,4,12,0.2,True,False,True,0.6944509144200222,-0.6944509144200222,4.503069881466564,True,True,0.0,True,34.9487,
heterogeneity,8e282c0937f3b51165e8,528634788,16,uniform,Aleatorio,homogeneous,Homogénea,0.0,0.0,18,4,12,0.2,True,True,False,0.0,2.008796588104989,2.984329697003215,True,True,0.0,False,2.3657,
heterogeneity,8e282c0937f3b51165e8,528634788,16,uniform,Aleatorio,low,Baja,0.15,0.12339369875034019,18,4,12,0.2,True,True,False,0.0,2.3111999322366064,3.0165996462569877,True,True,0.0,False,24.5052,
heterogeneity,8e282c0937f3b51165e8,528634788,16,uniform,Aleatorio,moderate,Moderada,0.35,0.22249790964176822,18,4,12,0.2,True,False,True,0.7524811700914,-0.7524811700914,1.8120030076024232,True,True,0.0,True,10.7424,
heterogeneity,8e282c0937f3b51165e8,528634788,16,uniform,Aleatorio,high,Alta,0.65,0.5632326446703053,18,4,12,0.2,True,True,False,0.0,2.0466824973285753,4.913489140361977,True,True,0.0,False,13.7273,
heterogeneity,8e282c0937f3b51165e8,528634788,16,uniform,Aleatorio,extreme,Extrema,1.0,1.8091238311931914,18,4,12,0.2,True,False,True,11.38710931711633,-10.800982499665153,-2.5912899185483176,True,True,0.0,True,6.8068,
heterogeneity,795f428b7543a969912d,3728270344,17,uniform,Aleatorio,homogeneous,Homogénea,0.0,0.0,18,4,12,0.2,True,True,False,0.0,1.4726607841131578,2.4502959671663707,True,True,0.0,False,2.7189,
heterogeneity,795f428b7543a969912d,3728270344,17,uniform,Aleatorio,low,Baja,0.15,0.10177340625520526,18,4,12,0.2,True,True,False,0.0,1.5127710022089902,2.109632278549462,True,True,0.0,False,19.5091,
heterogeneity,795f428b7543a969912d,3728270344,17,uniform,Aleatorio,moderate,Moderada,0.35,0.3784474268446365,18,4,12,0.2,True,False,True,0.3098078773100976,-0.3098078773100976,0.6765206288395853,True,True,0.0,True,30.1241,
heterogeneity,795f428b7543a969912d,3728270344,17,uniform,Aleatorio,high,Alta,0.65,0.5001606268672043,18,4,12,0.2,True,False,True,6.192711918476088,-5.629483120973264,-0.17395531646608453,True,True,0.0,True,16.4942,
heterogeneity,795f428b7543a969912d,3728270344,17,uniform,Aleatorio,extreme,Extrema,1.0,1.012643512938578,18,4,12,0.2,True,False,True,9.743949690509007,-9.287724068073835,-1.6598250925953608,True,True,0.0,True,25.4815,
heterogeneity,b6edec6990a9118f14e5,1666205209,18,uniform,Aleatorio,homogeneous,Homogénea,0.0,0.0,18,4,12,0.2,True,True,False,0.0,1.195608353811524,2.279253867350664,True,True,0.0,False,2.7733,
heterogeneity,b6edec6990a9118f14e5,1666205209,18,uniform,Aleatorio,low,Baja,0.15,0.12232921847863869,18,4,12,0.2,True,True,False,0.0,1.4978089671368,2.0163914655609547,True,True,0.0,False,25.5759,
heterogeneity,b6edec6990a9118f14e5,1666205209,18,uniform,Aleatorio,moderate,Moderada,0.35,0.23594659979790458,18,4,12,0.2,True,False,True,0.5974156762674547,-0.5518470980086363,2.616259778847354,True,True,0.0,True,119.4478,
heterogeneity,b6edec6990a9118f14e5,1666205209,18,uniform,Aleatorio,high,Alta,0.65,0.7105287432876912,18,4,12,0.2,True,False,True,2.961406425499355,-2.961406425499355,2.6186794536458726,True,True,0.0,True,18.3436,
heterogeneity,b6edec6990a9118f14e5,1666205209,18,uniform,Aleatorio,extreme,Extrema,1.0,0.8947225183630824,18,4,12,0.2,True,False,True,2.5207542216536876,-1.3769517851271313,2.3198455726845335,True,True,0.0,True,13.6899,
heterogeneity,5e63075586445bd916f0,713384562,19,uniform,Aleatorio,homogeneous,Homogénea,0.0,0.0,18,4,12,0.2,True,True,False,0.0,1.5383574131673612,2.926357883958245,True,True,0.0,False,3.9088,
heterogeneity,5e63075586445bd916f0,713384562,19,uniform,Aleatorio,low,Baja,0.15,0.11429459548594581,18,4,12,0.2,True,True,False,0.0,1.3159566915152254,2.8560299713355977,True,True,0.0,False,50.4772,
heterogeneity,5e63075586445bd916f0,713384562,19,uniform,Aleatorio,moderate,Moderada,0.35,0.2752163102216083,18,4,12,0.2,True,True,False,0.0,1.0687420333739404,2.8305167778185325,True,True,0.0,False,34.1841,
heterogeneity,5e63075586445bd916f0,713384562,19,uniform,Aleatorio,high,Alta,0.65,0.5838920715440031,18,4,12,0.2,True,False,True,0.5908038803623956,-0.5908038803623956,4.179891169830745,True,True,0.0,True,12.5257,
heterogeneity,5e63075586445bd916f0,713384562,19,uniform,Aleatorio,extreme,Extrema,1.0,0.8203702572471433,18,4,12,0.2,True,False,True,3.5656005440532335,-3.5656005440532335,3.9154868181338225,True,True,0.0,True,14.9996,
heterogeneity,9a145fcb1184b04da304,3390519502,20,uniform,Aleatorio,homogeneous,Homogénea,0.0,0.0,18,4,12,0.2,True,True,False,0.0,0.5015126464517135,2.7602225391274047,True,True,0.0,False,2.8138,
heterogeneity,9a145fcb1184b04da304,3390519502,20,uniform,Aleatorio,low,Baja,0.15,0.12705995364047437,18,4,12,0.2,True,True,False,0.0,1.5563256881814134,3.212334419673725,True,True,0.0,False,6.8708,
heterogeneity,9a145fcb1184b04da304,3390519502,20,uniform,Aleatorio,moderate,Moderada,0.35,0.41285154872036517,18,4,12,0.2,True,False,True,1.751921455411816,-0.9850689691973251,2.025607612895028,True,True,0.0,True,15.8194,
heterogeneity,9a145fcb1184b04da304,3390519502,20,uniform,Aleatorio,high,Alta,0.65,0.595063635069807,18,4,12,0.2,True,False,True,2.494808948763284,-2.494808948763284,4.9404166804119445,True,True,0.0,True,6.5635,
heterogeneity,9a145fcb1184b04da304,3390519502,20,uniform,Aleatorio,extreme,Extrema,1.0,0.5993866564393809,18,4,12,0.2,True,False,True,0.12286502337673433,-0.12286502337673433,5.1902234559263505,True,True,0.0,True,13.5384,
heterogeneity,1a5dc9c855597abfa298,4275990352,21,uniform,Aleatorio,homogeneous,Homogénea,0.0,0.0,18,4,12,0.2,True,True,False,0.0,1.0095835693844535,2.2944818257173925,True,True,0.0,False,2.0271,
heterogeneity,1a5dc9c855597abfa298,4275990352,21,uniform,Aleatorio,low,Baja,0.15,0.17440310908796214,18,4,12,0.2,True,True,False,0.0,1.7472253383347507,2.8180392917071377,True,True,0.0,False,9.0867,
heterogeneity,1a5dc9c855597abfa298,4275990352,21,uniform,Aleatorio,moderate,Moderada,0.35,0.30182162256777745,18,4,12,0.2,True,False,True,0.4884022261022736,-0.4884022261022736,0.9769325186533351,True,True,0.0,True,16.0671,
heterogeneity,1a5dc9c855597abfa298,4275990352,21,uniform,Aleatorio,high,Alta,0.65,0.8074595130162479,18,4,12,0.2,True,False,True,2.534827602201573,-2.534827602201573,5.527344050526015,True,True,0.0,True,15.7249,
heterogeneity,1a5dc9c855597abfa298,4275990352,21,uniform,Aleatorio,extreme,Extrema,1.0,0.6900977433356836,18,4,12,0.2,True,True,False,0.0,1.066477245153635,6.571803932278595,True,True,0.0,False,15.1658,
heterogeneity,fa8d534b4d60c6ffe954,825267203,22,uniform,Aleatorio,homogeneous,Homogénea,0.0,0.0,18,4,12,0.2,True,True,False,0.0,2.6956182606436023,3.282206065697166,True,True,0.0,False,1.8634,
heterogeneity,fa8d534b4d60c6ffe954,825267203,22,uniform,Aleatorio,low,Baja,0.15,0.11831037399350741,18,4,12,0.2,True,True,False,0.0,2.907364841481339,3.46918923894302,True,True,0.0,False,31.8699,
heterogeneity,fa8d534b4d60c6ffe954,825267203,22,uniform,Aleatorio,moderate,Moderada,0.35,0.3495010443252989,18,4,12,0.2,True,False,True,1.0897534974822278,-1.0897534974822278,4.376017980404264,True,True,0.0,True,36.126,
heterogeneity,fa8d534b4d60c6ffe954,825267203,22,uniform,Aleatorio,high,Alta,0.65,0.5447490216078437,18,4,12,0.2,True,True,False,0.0,1.3108345133156885,4.942325608273944,True,True,0.0,False,12.8313,
heterogeneity,fa8d534b4d60c6ffe954,825267203,22,uniform,Aleatorio,extreme,Extrema,1.0,0.854244361272676,18,4,12,0.2,True,False,True,2.4344076727825588,-2.4344076727825588,4.922050058764828,True,True,0.0,True,10.1874,
heterogeneity,fd077aab1aa74857bb98,1542528488,23,uniform,Aleatorio,homogeneous,Homogénea,0.0,0.0,18,4,12,0.2,True,True,False,0.0,3.7484540910207502,4.220181440759525,True,True,0.0,False,2.4345,
heterogeneity,fd077aab1aa74857bb98,1542528488,23,uniform,Aleatorio,low,Baja,0.15,0.16961214662647733,18,4,12,0.2,True,True,False,0.0,3.295554509769613,3.8403143514430167,True,True,0.0,False,32.704,
heterogeneity,fd077aab1aa74857bb98,1542528488,23,uniform,Aleatorio,moderate,Moderada,0.35,0.33847922208818537,18,4,12,0.2,True,False,True,1.7919531016584465,-1.7919531016584465,3.7239391606784813,True,True,0.0,True,59.5212,
heterogeneity,fd077aab1aa74857bb98,1542528488,23,uniform,Aleatorio,high,Alta,0.65,0.5180103290938232,18,4,12,0.2,True,True,False,0.0,0.722815641204452,2.698823968425171,True,True,0.0,False,43.702,
heterogeneity,fd077aab1aa74857bb98,1542528488,23,uniform,Aleatorio,extreme,Extrema,1.0,1.8630795220476217,18,4,12,0.2,True,False,True,7.907722170416504,-7.555386474737777,9.497676499468383,True,True,0.0,True,8.2253,
heterogeneity,862e0643e030c23586cc,711800363,24,uniform,Aleatorio,homogeneous,Homogénea,0.0,0.0,18,4,12,0.2,True,True,False,0.0,1.9642320203899253,2.963489343887531,True,True,0.0,False,3.0606,
heterogeneity,862e0643e030c23586cc,711800363,24,uniform,Aleatorio,low,Baja,0.15,0.15416318882795096,18,4,12,0.2,True,True,False,0.0,2.7567971777488944,3.5294312462927486,True,True,0.0,False,42.0897,
heterogeneity,862e0643e030c23586cc,711800363,24,uniform,Aleatorio,moderate,Moderada,0.35,0.3445724359718895,18,4,12,0.2,True,True,False,0.0,0.901569618788221,3.2211793801422877,True,True,0.0,False,32.5866,
heterogeneity,862e0643e030c23586cc,711800363,24,uniform,Aleatorio,high,Alta,0.65,0.729566317594973,18,4,12,0.2,True,False,True,3.8680778494351733,-3.135767513138024,4.306063981577143,True,True,0.0,True,18.2693,
heterogeneity,862e0643e030c23586cc,711800363,24,uniform,Aleatorio,extreme,Extrema,1.0,1.4380302779717102,18,4,12,0.2,True,False,True,16.8016695740596,-9.89919389428805,-4.017140268501095,True,True,0.0,True,5.994,
heterogeneity,56f0923d584e9ad03473,2467663446,25,uniform,Aleatorio,homogeneous,Homogénea,0.0,0.0,18,4,12,0.2,True,True,False,0.0,1.0574560178072154,2.925743690569959,True,True,0.0,False,2.5893,
heterogeneity,56f0923d584e9ad03473,2467663446,25,uniform,Aleatorio,low,Baja,0.15,0.18140790103783502,18,4,12,0.2,True,False,True,2.529003864374168,-2.529003864374168,2.1509778588634454,True,True,0.0,True,5.9412,
heterogeneity,56f0923d584e9ad03473,2467663446,25,uniform,Aleatorio,moderate,Moderada,0.35,0.3135625353473808,18,4,12,0.2,True,False,True,3.429695678497204,-3.429695678497204,2.3548601686403146,True,True,0.0,True,21.4583,
heterogeneity,56f0923d584e9ad03473,2467663446,25,uniform,Aleatorio,high,Alta,0.65,0.6826310151145863,18,4,12,0.2,True,False,True,5.996619778789793,-5.996619778789793,3.623904017133086,True,True,0.0,True,12.2438,
heterogeneity,56f0923d584e9ad03473,2467663446,25,uniform,Aleatorio,extreme,Extrema,1.0,0.9873002740969644,18,4,12,0.2,True,False,True,3.4845308224082414,-3.1485489510271165,2.843850114215515,True,True,0.0,True,11.496,
heterogeneity,a7347202cd837302c19c,1042767059,26,uniform,Aleatorio,homogeneous,Homogénea,0.0,0.0,18,4,12,0.2,True,True,False,0.0,0.8913963628963764,1.9820455101528922,True,True,0.0,False,3.7813,
heterogeneity,a7347202cd837302c19c,1042767059,26,uniform,Aleatorio,low,Baja,0.15,0.15970504155822793,18,4,12,0.2,True,False,True,0.9381310853369733,-0.9381310853369733,1.9545136105135545,True,True,0.0,True,41.1603,
heterogeneity,a7347202cd837302c19c,1042767059,26,uniform,Aleatorio,moderate,Moderada,0.35,0.33751963715490485,18,4,12,0.2,True,False,True,1.4487645973901828,-1.4487645973901828,1.4779379808621997,True,True,0.0,True,33.677,
heterogeneity,a7347202cd837302c19c,1042767059,26,uniform,Aleatorio,high,Alta,0.65,0.7017735182072726,18,4,12,0.2,True,False,True,9.16731800655252,-8.325189287031147,1.9780361545736298,True,True,0.0,True,18.1193,
heterogeneity,a7347202cd837302c19c,1042767059,26,uniform,Aleatorio,extreme,Extrema,1.0,0.693038037771772,18,4,12,0.2,True,False,True,11.082502632329835,-10.730029526832345,0.6012076522827716,True,True,0.0,True,48.9711,
heterogeneity,6a05a98966f5f0628e67,1638361227,27,uniform,Aleatorio,homogeneous,Homogénea,0.0,0.0,18,4,12,0.2,True,True,False,0.0,0.6858676045810785,2.717434588129255,True,True,0.0,False,3.2212,
heterogeneity,6a05a98966f5f0628e67,1638361227,27,uniform,Aleatorio,low,Baja,0.15,0.12915900174823472,18,4,12,0.2,True,False,True,0.1322524441681523,-0.1322524441681523,3.0044614889454127,True,True,0.0,True,13.1531,
heterogeneity,6a05a98966f5f0628e67,1638361227,27,uniform,Aleatorio,moderate,Moderada,0.35,0.3551848431161925,18,4,12,0.2,True,False,True,0.11657742373278523,-0.11657742373278523,2.4378711868369365,True,True,0.0,True,36.6336,
heterogeneity,6a05a98966f5f0628e67,1638361227,27,uniform,Aleatorio,high,Alta,0.65,0.5132401455279323,18,4,12,0.2,True,True,False,0.0,2.3536537488599105,4.269965717122297,True,True,0.0,False,21.9064,
heterogeneity,6a05a98966f5f0628e67,1638361227,27,uniform,Aleatorio,extreme,Extrema,1.0,1.4702926454205816,18,4,12,0.2,True,False,True,18.9502820061777,-9.366949553593415,-4.315941431803653,True,True,0.0,True,19.7649,
heterogeneity,2a6c89be922f1a79b905,703197275,28,uniform,Aleatorio,homogeneous,Homogénea,0.0,0.0,18,4,12,0.2,True,True,False,0.0,2.732798091363094,3.6600120755321797,True,True,0.0,False,4.0007,
heterogeneity,2a6c89be922f1a79b905,703197275,28,uniform,Aleatorio,low,Baja,0.15,0.11393835897570306,18,4,12,0.2,True,True,False,0.0,2.440520229951473,3.3934098489788496,True,True,0.0,False,18.8309,
heterogeneity,2a6c89be922f1a79b905,703197275,28,uniform,Aleatorio,moderate,Moderada,0.35,0.25669568667663534,18,4,12,0.2,True,False,True,0.38492287531050806,-0.38492287531050806,3.567552092177459,True,True,0.0,True,13.7293,
heterogeneity,2a6c89be922f1a79b905,703197275,28,uniform,Aleatorio,high,Alta,0.65,0.5395226482130088,18,4,12,0.2,True,True,False,0.0,1.2744844425342499,4.955758483096392,True,True,0.0,False,14.8051,
heterogeneity,2a6c89be922f1a79b905,703197275,28,uniform,Aleatorio,extreme,Extrema,1.0,1.3078628327110153,18,4,12,0.2,True,False,True,11.480095352037617,-6.963810957914539,1.9715391014542765,True,True,0.0,True,9.2644,
heterogeneity,72d65edf5eb1a85033ff,3991838665,29,uniform,Aleatorio,homogeneous,Homogénea,0.0,0.0,18,4,12,0.2,True,True,False,0.0,1.5577412787280913,2.522126536803812,True,True,0.0,False,3.4088,
heterogeneity,72d65edf5eb1a85033ff,3991838665,29,uniform,Aleatorio,low,Baja,0.15,0.16734345047510094,18,4,12,0.2,True,True,False,0.0,1.2579829777535316,3.105498564347653,True,True,0.0,False,82.2688,
heterogeneity,72d65edf5eb1a85033ff,3991838665,29,uniform,Aleatorio,moderate,Moderada,0.35,0.29747516126939766,18,4,12,0.2,True,False,True,4.101797015418526,-4.101797015418526,3.2390596181037257,True,True,0.0,True,86.9954,
heterogeneity,72d65edf5eb1a85033ff,3991838665,29,uniform,Aleatorio,high,Alta,0.65,0.6623847117126831,18,4,12,0.2,True,False,True,0.9163121451550751,-0.9163121451550751,2.878052763305622,True,True,0.0,True,60.2502,
heterogeneity,72d65edf5eb1a85033ff,3991838665,29,uniform,Aleatorio,extreme,Extrema,1.0,0.9899176329354683,18,4,12,0.2,True,False,True,13.07995746534024,-8.418831695324215,-1.3777622636799052,True,True,0.0,True,15.5309,
heterogeneity,c555d6dc9fbbfcc21b21,2950013818,0,clustered,Agrupado,homogeneous,Homogénea,0.0,0.0,18,4,12,0.2,True,True,False,0.0,2.409704376642484,2.922541180688497,True,True,0.0,False,3.1891,
heterogeneity,c555d6dc9fbbfcc21b21,2950013818,0,clustered,Agrupado,low,Baja,0.15,0.10370141341649468,18,4,12,0.2,True,True,False,0.0,1.5744664719376757,3.075458268789477,True,True,0.0,False,24.9861,
heterogeneity,c555d6dc9fbbfcc21b21,2950013818,0,clustered,Agrupado,moderate,Moderada,0.35,0.3067426465200225,18,4,12,0.2,True,True,False,0.0,0.8780844181428771,3.4161146537732883,True,True,0.0,False,23.7599,
heterogeneity,c555d6dc9fbbfcc21b21,2950013818,0,clustered,Agrupado,high,Alta,0.65,1.017502272981495,18,4,12,0.2,True,False,True,9.872491425813559,-6.653924106389413,5.680624524112691,True,True,0.0,True,32.271,
heterogeneity,c555d6dc9fbbfcc21b21,2950013818,0,clustered,Agrupado,extreme,Extrema,1.0,1.2222303479263519,18,4,12,0.2,True,False,True,11.533261939591055,-8.473826852261155,6.812242924473026,True,True,0.0,True,22.4305,
heterogeneity,3886105654d6d5379763,2368141877,1,clustered,Agrupado,homogeneous,Homogénea,0.0,0.0,18,4,12,0.2,True,True,False,0.0,0.6338836485531161,1.7215060566767155,True,True,0.0,False,3.8054,
heterogeneity,3886105654d6d5379763,2368141877,1,clustered,Agrupado,low,Baja,0.15,0.15467519282994008,18,4,12,0.2,True,False,True,0.9482494044022509,-0.9482494044022509,1.3945107872271567,True,True,0.0,True,240.6383,
heterogeneity,3886105654d6d5379763,2368141877,1,clustered,Agrupado,moderate,Moderada,0.35,0.34844479090702574,18,4,12,0.2,True,False,True,3.47190638284426,-3.47190638284426,1.2238620868067915,True,True,0.0,True,63.4129,
heterogeneity,3886105654d6d5379763,2368141877,1,clustered,Agrupado,high,Alta,0.65,0.5151012000132258,18,4,12,0.2,True,False,True,7.044581950146906,-6.3942233834578985,0.570980812640058,True,True,0.0,True,73.2564,
heterogeneity,3886105654d6d5379763,2368141877,1,clustered,Agrupado,extreme,Extrema,1.0,1.136964661793493,18,4,12,0.2,True,False,True,9.730642643352628,-8.775702927127567,4.361953212743494,True,True,0.0,True,101.188,
heterogeneity,a851a74e4657683c577d,4251577249,2,clustered,Agrupado,homogeneous,Homogénea,0.0,0.0,18,4,12,0.2,True,True,False,0.0,1.1524395009883204,2.4139520938180463,True,True,0.0,False,3.6695,
heterogeneity,a851a74e4657683c577d,4251577249,2,clustered,Agrupado,low,Baja,0.15,0.16580609274246286,18,4,12,0.2,True,True,False,0.0,0.47117671908669756,1.7309942524783186,True,True,0.0,False,57.2718,
heterogeneity,a851a74e4657683c577d,4251577249,2,clustered,Agrupado,moderate,Moderada,0.35,0.3072956092089102,18,4,12,0.2,True,True,False,0.0,0.11531520696552633,3.685794931515858,True,True,0.0,False,56.1954,
heterogeneity,a851a74e4657683c577d,4251577249,2,clustered,Agrupado,high,Alta,0.65,0.4601317732985364,18,4,12,0.2,True,False,True,1.8588585749614435,-1.8588585749614435,3.3574272712102813,True,True,0.0,True,35.3252,
heterogeneity,a851a74e4657683c577d,4251577249,2,clustered,Agrupado,extreme,Extrema,1.0,0.9301700195564713,18,4,12,0.2,True,False,True,18.509206445892794,-12.008250288455802,-0.20000799693181914,True,True,0.0,True,16.5246,
heterogeneity,633466ac17d6131622db,919833259,3,clustered,Agrupado,homogeneous,Homogénea,0.0,0.0,18,4,12,0.2,True,True,False,0.0,1.4814478710256722,3.067224571844778,True,True,0.0,False,3.8706,
heterogeneity,633466ac17d6131622db,919833259,3,clustered,Agrupado,low,Baja,0.15,0.1267450848651309,18,4,12,0.2,True,False,True,0.44976968790738425,-0.44976968790738425,2.778752807429544,True,True,0.0,True,26.2918,
heterogeneity,633466ac17d6131622db,919833259,3,clustered,Agrupado,moderate,Moderada,0.35,0.3557845179158052,18,4,12,0.2,True,True,False,0.0,1.6245929574634879,3.298105739221512,True,True,0.0,False,35.0119,
heterogeneity,633466ac17d6131622db,919833259,3,clustered,Agrupado,high,Alta,0.65,0.6415168576896302,18,4,12,0.2,True,False,True,4.225919499901523,-2.157442060750311,1.766490289480557,True,True,0.0,True,19.814,
heterogeneity,633466ac17d6131622db,919833259,3,clustered,Agrupado,extreme,Extrema,1.0,0.6009890825728625,18,4,12,0.2,True,True,False,0.0,1.6238399880850807,3.594745693976866,True,True,0.0,False,28.7296,
heterogeneity,ec03827c3fe745891630,3450261437,4,clustered,Agrupado,homogeneous,Homogénea,0.0,0.0,18,4,12,0.2,True,True,False,0.0,2.1166265150975576,2.9744010809946957,True,True,0.0,False,3.1136,
heterogeneity,ec03827c3fe745891630,3450261437,4,clustered,Agrupado,low,Baja,0.15,0.1329820388340631,18,4,12,0.2,True,True,False,0.0,1.0395821983515567,3.1376456138265425,True,True,0.0,False,28.0685,
heterogeneity,ec03827c3fe745891630,3450261437,4,clustered,Agrupado,moderate,Moderada,0.35,0.28663320523084385,18,4,12,0.2,True,False,True,1.6116375974017245,-1.6116375974017245,3.153959313255689,True,True,0.0,True,30.4171,
heterogeneity,ec03827c3fe745891630,3450261437,4,clustered,Agrupado,high,Alta,0.65,0.6016433195080981,18,4,12,0.2,True,False,True,5.547351627578694,-4.4503819798215645,1.6226254817496093,True,True,0.0,True,58.7436,
heterogeneity,ec03827c3fe745891630,3450261437,4,clustered,Agrupado,extreme,Extrema,1.0,1.0939832545290717,18,4,12,0.2,True,False,True,16.17792852897436,-16.17792852897436,2.7534126820991807,True,True,0.0,True,20.9963,
heterogeneity,5811721dbf56ae057de3,1681988395,5,clustered,Agrupado,homogeneous,Homogénea,0.0,0.0,18,4,12,0.2,True,True,False,0.0,0.6490350963587144,1.7526561874740283,True,True,0.0,False,3.9695,
heterogeneity,5811721dbf56ae057de3,1681988395,5,clustered,Agrupado,low,Baja,0.15,0.17220779314058202,18,4,12,0.2,True,False,True,0.31696784164995684,-0.31696784164995684,1.5872126534030173,True,True,0.0,True,43.603,
heterogeneity,5811721dbf56ae057de3,1681988395,5,clustered,Agrupado,moderate,Moderada,0.35,0.3740520543824628,18,4,12,0.2,True,False,True,0.7857907469299685,-0.7857907469299685,2.421435803783142,True,True,0.0,True,27.8099,
heterogeneity,5811721dbf56ae057de3,1681988395,5,clustered,Agrupado,high,Alta,0.65,0.7099495763352397,18,4,12,0.2,True,False,True,7.600461449967121,-3.710644405190717,1.5447583008334376,True,True,0.0,True,21.0697,
heterogeneity,5811721dbf56ae057de3,1681988395,5,clustered,Agrupado,extreme,Extrema,1.0,0.8313037529612514,18,4,12,0.2,True,False,True,8.944722164701869,-5.420430393499053,1.2565817115314633,True,True,0.0,True,37.7232,
heterogeneity,4aa707d2777555fe3c8c,4045116248,6,clustered,Agrupado,homogeneous,Homogénea,0.0,0.0,18,4,12,0.2,True,True,False,0.0,2.0382611226021456,3.342504456680909,True,True,0.0,False,2.7766,
heterogeneity,4aa707d2777555fe3c8c,4045116248,6,clustered,Agrupado,low,Baja,0.15,0.13341890594506095,18,4,12,0.2,True,True,False,0.0,0.7722992974251213,3.3643917414641686,True,True,0.0,False,37.876,
heterogeneity,4aa707d2777555fe3c8c,4045116248,6,clustered,Agrupado,moderate,Moderada,0.35,0.36592768626448074,18,4,12,0.2,True,True,False,0.0,0.5201297201945181,2.123081394141434,True,True,0.0,False,23.3828,
heterogeneity,4aa707d2777555fe3c8c,4045116248,6,clustered,Agrupado,high,Alta,0.65,0.8654658948510778,18,4,12,0.2,True,False,True,6.993137850780695,-6.993137850780695,2.6485114730693606,True,True,0.0,True,12.7992,
heterogeneity,4aa707d2777555fe3c8c,4045116248,6,clustered,Agrupado,extreme,Extrema,1.0,0.9288791185457279,18,4,12,0.2,True,False,True,3.589359258538292,-3.589359258538292,3.031386550842317,True,True,0.0,True,5.9868,
heterogeneity,1f01ae9c73601d0f7801,2056626784,7,clustered,Agrupado,homogeneous,Homogénea,0.0,0.0,18,4,12,0.2,True,True,False,0.0,0.5407977874065022,2.156338526949401,True,True,0.0,False,2.6955,
heterogeneity,1f01ae9c73601d0f7801,2056626784,7,clustered,Agrupado,low,Baja,0.15,0.12064716542061533,18,4,12,0.2,True,True,False,0.0,0.5105776510054802,1.825341304973695,True,True,0.0,False,67.5053,
heterogeneity,1f01ae9c73601d0f7801,2056626784,7,clustered,Agrupado,moderate,Moderada,0.35,0.4361491401676692,18,4,12,0.2,True,False,True,1.7514130569682376,-1.7514130569682376,0.10310222991171236,True,True,0.0,True,24.8523,
heterogeneity,1f01ae9c73601d0f7801,2056626784,7,clustered,Agrupado,high,Alta,0.65,0.7517458661041269,18,4,12,0.2,True,False,True,7.496615659434278,-6.4091684071711175,1.046450985614472,True,True,0.0,True,475.7653,
heterogeneity,1f01ae9c73601d0f7801,2056626784,7,clustered,Agrupado,extreme,Extrema,1.0,1.0515809711508841,18,4,12,0.2,True,False,True,11.99654136484682,-6.356074891148175,0.617877525427457,True,True,0.0,True,48.8395,
heterogeneity,a8583ead0c812ec57f4a,751163113,8,clustered,Agrupado,homogeneous,Homogénea,0.0,0.0,18,4,12,0.2,True,True,False,0.0,1.9289154201054082,3.3995064751347908,True,True,0.0,False,3.8207,
heterogeneity,a8583ead0c812ec57f4a,751163113,8,clustered,Agrupado,low,Baja,0.15,0.12674687520220834,18,4,12,0.2,True,True,False,0.0,0.830198780753431,2.890804356917573,True,True,0.0,False,19.2348,
heterogeneity,a8583ead0c812ec57f4a,751163113,8,clustered,Agrupado,moderate,Moderada,0.35,0.3440811473197397,18,4,12,0.2,True,False,True,0.6717075340574432,-0.6717075340574432,3.833402868227229,True,True,0.0,True,17.7217,
heterogeneity,a8583ead0c812ec57f4a,751163113,8,clustered,Agrupado,high,Alta,0.65,0.5766936469730115,18,4,12,0.2,True,False,True,0.168757556622666,-0.168757556622666,1.1290385126513294,True,True,0.0,True,50.0141,
heterogeneity,a8583ead0c812ec57f4a,751163113,8,clustered,Agrupado,extreme,Extrema,1.0,0.8189712525843772,18,4,12,0.2,True,False,True,2.840311217712417,-1.8289500489466617,3.7981843949971523,True,True,0.0,True,10.1462,
heterogeneity,02ebf71db88f9f7d391e,4069615894,9,clustered,Agrupado,homogeneous,Homogénea,0.0,0.0,18,4,12,0.2,True,True,False,0.0,0.9805671696398051,2.9529878707151633,True,True,0.0,False,3.2549,
heterogeneity,02ebf71db88f9f7d391e,4069615894,9,clustered,Agrupado,low,Baja,0.15,0.12837347254925807,18,4,12,0.2,True,False,True,0.4035880944281516,-0.4035880944281516,2.9161730164985524,True,True,0.0,True,30.6709,
heterogeneity,02ebf71db88f9f7d391e,4069615894,9,clustered,Agrupado,moderate,Moderada,0.35,0.3805696338553909,18,4,12,0.2,True,True,False,0.0,0.24912898746678636,1.9570894613264265,True,True,0.0,False,31.5199,
heterogeneity,02ebf71db88f9f7d391e,4069615894,9,clustered,Agrupado,high,Alta,0.65,0.4842760791415845,18,4,12,0.2,True,False,True,0.3627584838812572,-0.3627584838812572,3.067983266126489,True,True,0.0,True,132.4375,
heterogeneity,02ebf71db88f9f7d391e,4069615894,9,clustered,Agrupado,extreme,Extrema,1.0,1.4562026183941212,18,4,12,0.2,True,False,True,8.311305189356407,-4.34991431062635,0.8606775877394937,True,True,0.0,True,13.8197,
heterogeneity,8f45b2ade66a79d90914,3915133183,10,clustered,Agrupado,homogeneous,Homogénea,0.0,0.0,18,4,12,0.2,True,True,False,0.0,1.0670767532474557,1.9958174051232738,True,True,0.0,False,4.1136,
heterogeneity,8f45b2ade66a79d90914,3915133183,10,clustered,Agrupado,low,Baja,0.15,0.13732636642507737,18,4,12,0.2,True,False,True,1.2652348554060708,-1.2652348554060708,1.597144563118467,True,True,0.0,True,164.0441,
heterogeneity,8f45b2ade66a79d90914,3915133183,10,clustered,Agrupado,moderate,Moderada,0.35,0.40702527581944004,18,4,12,0.2,True,False,True,0.5225320776636693,-0.3487274772530693,1.3638413393065,True,True,0.0,True,257.016,
heterogeneity,8f45b2ade66a79d90914,3915133183,10,clustered,Agrupado,high,Alta,0.65,0.5380648235659933,18,4,12,0.2,True,False,True,6.104291903595428,-4.346224403063967,0.7392033344132646,True,True,0.0,True,205.6225,
heterogeneity,8f45b2ade66a79d90914,3915133183,10,clustered,Agrupado,extreme,Extrema,1.0,0.760908017879308,18,4,12,0.2,True,False,True,1.5924654638924896,-1.5924654638924896,2.5692676499861817,True,True,0.0,True,27.7925,
heterogeneity,b90c412993e9bc9c8944,3412960132,11,clustered,Agrupado,homogeneous,Homogénea,0.0,0.0,18,4,12,0.2,True,True,False,0.0,1.765000399639618,2.113481374756666,True,True,0.0,False,3.7794,
heterogeneity,b90c412993e9bc9c8944,3412960132,11,clustered,Agrupado,low,Baja,0.15,0.12777290403622893,18,4,12,0.2,True,True,False,0.0,0.8483230842502749,2.1932752326545426,True,True,0.0,False,13.0835,
heterogeneity,b90c412993e9bc9c8944,3412960132,11,clustered,Agrupado,moderate,Moderada,0.35,0.2795832139000839,18,4,12,0.2,True,True,False,0.0,0.7263194426784381,3.2571534744902113,True,True,0.0,False,8.1167,
heterogeneity,b90c412993e9bc9c8944,3412960132,11,clustered,Agrupado,high,Alta,0.65,0.31857796052763776,18,4,12,0.2,True,False,True,2.234597727855853,-2.234597727855853,3.149378915643741,True,True,0.0,True,17.5786,
heterogeneity,b90c412993e9bc9c8944,3412960132,11,clustered,Agrupado,extreme,Extrema,1.0,0.8484215122450014,18,4,12,0.2,True,False,True,10.296235954959942,-9.678305275203986,2.9363963162760562,True,True,0.0,True,12.0813,
heterogeneity,3ac80e3c314b87008d1d,4189174568,12,clustered,Agrupado,homogeneous,Homogénea,0.0,0.0,18,4,12,0.2,True,True,False,0.0,1.0793025994233858,2.7073357260177167,True,True,0.0,False,3.9517,
heterogeneity,3ac80e3c314b87008d1d,4189174568,12,clustered,Agrupado,low,Baja,0.15,0.11560625717791721,18,4,12,0.2,True,True,False,0.0,0.8969363418959873,2.355770006193149,True,True,0.0,False,27.8153,
heterogeneity,3ac80e3c314b87008d1d,4189174568,12,clustered,Agrupado,moderate,Moderada,0.35,0.3956958596524577,18,4,12,0.2,True,False,True,0.38615885679374173,-0.38615885679374173,3.2629682018969666,True,True,0.0,True,48.4576,
heterogeneity,3ac80e3c314b87008d1d,4189174568,12,clustered,Agrupado,high,Alta,0.65,0.7636573354979408,18,4,12,0.2,True,False,True,3.5256898542057957,-2.500830180670919,0.059541509476888965,True,True,0.0,True,26.4494,
heterogeneity,3ac80e3c314b87008d1d,4189174568,12,clustered,Agrupado,extreme,Extrema,1.0,0.8450736624231014,18,4,12,0.2,True,False,True,0.6167844067720338,-0.6167844067720338,3.0025027732533625,True,True,0.0,True,20.7111,
heterogeneity,24e34647ffb9922df290,665253560,13,clustered,Agrupado,homogeneous,Homogénea,0.0,0.0,18,4,12,0.2,True,True,False,0.0,2.472164222557536,3.098535402896875,True,True,0.0,False,4.0182,
heterogeneity,24e34647ffb9922df290,665253560,13,clustered,Agrupado,low,Baja,0.15,0.12237398946798739,18,4,12,0.2,True,True,False,0.0,1.8448767627751224,2.9522295162176553,True,True,0.0,False,11.3424,
heterogeneity,24e34647ffb9922df290,665253560,13,clustered,Agrupado,moderate,Moderada,0.35,0.43682716216736556,18,4,12,0.2,True,True,False,0.0,0.46775494313184574,2.8661944701261604,True,True,0.0,False,14.9107,
heterogeneity,24e34647ffb9922df290,665253560,13,clustered,Agrupado,high,Alta,0.65,0.5631585360715854,18,4,12,0.2,True,False,True,4.16373542974889,-4.16373542974889,2.7781882234727986,True,True,0.0,True,10.2828,
heterogeneity,24e34647ffb9922df290,665253560,13,clustered,Agrupado,extreme,Extrema,1.0,1.022239188506011,18,4,12,0.2,True,False,True,8.72620104329007,-6.702674247672256,6.3588009290919825,True,True,0.0,True,52.1301,
heterogeneity,b0f3e6d0bf5dd35fdfb8,661276600,14,clustered,Agrupado,homogeneous,Homogénea,0.0,0.0,18,4,12,0.2,True,True,False,0.0,0.4976526037047222,1.2653331075336427,True,True,0.0,False,3.1826,
heterogeneity,b0f3e6d0bf5dd35fdfb8,661276600,14,clustered,Agrupado,low,Baja,0.15,0.1592863988742782,18,4,12,0.2,True,False,True,1.1183546166330984,-0.9004212413146817,0.8040069029451196,True,True,0.0,True,41.7098,
heterogeneity,b0f3e6d0bf5dd35fdfb8,661276600,14,clustered,Agrupado,moderate,Moderada,0.35,0.2670976624550641,18,4,12,0.2,True,True,False,0.0,0.127242308294246,1.3497062433846498,True,True,0.0,False,338.844,
heterogeneity,b0f3e6d0bf5dd35fdfb8,661276600,14,clustered,Agrupado,high,Alta,0.65,0.5490330730841438,18,4,12,0.2,True,False,True,9.59727330872086,-9.266499549564177,0.1774314931386991,True,True,0.0,True,427.5943,
heterogeneity,b0f3e6d0bf5dd35fdfb8,661276600,14,clustered,Agrupado,extreme,Extrema,1.0,0.7701774389728024,18,4,12,0.2,True,False,True,7.139957131309725,-5.299017431615974,2.8019789102231236,True,True,0.0,True,26.3079,
heterogeneity,15c18de146e64555e2bd,2740032651,15,clustered,Agrupado,homogeneous,Homogénea,0.0,0.0,18,4,12,0.2,True,True,False,0.0,1.5024530576614819,3.114220825290487,True,True,0.0,False,2.9731,
heterogeneity,15c18de146e64555e2bd,2740032651,15,clustered,Agrupado,low,Baja,0.15,0.12651352595666446,18,4,12,0.2,True,True,False,0.0,1.5983499374849988,3.5185305173764307,True,True,0.0,False,53.7637,
heterogeneity,15c18de146e64555e2bd,2740032651,15,clustered,Agrupado,moderate,Moderada,0.35,0.2606172759598263,18,4,12,0.2,True,True,False,0.0,0.4990525413099718,2.4688824750717755,True,True,0.0,False,13.5811,
heterogeneity,15c18de146e64555e2bd,2740032651,15,clustered,Agrupado,high,Alta,0.65,0.5318350856120553,18,4,12,0.2,True,False,True,1.109397301758678,-1.109397301758678,2.582962727958472,True,True,0.0,True,19.9971,
heterogeneity,15c18de146e64555e2bd,2740032651,15,clustered,Agrupado,extreme,Extrema,1.0,0.7175924377516013,18,4,12,0.2,True,False,True,6.095566501837945,-6.095566501837945,3.427924943527208,True,True,1.1641217434704038e-16,True,12.7427,
heterogeneity,fd3189a9f5ee9164899c,1563436310,16,clustered,Agrupado,homogeneous,Homogénea,0.0,0.0,18,4,12,0.2,True,True,False,0.0,1.8961238549096073,3.296983245095146,True,True,0.0,False,2.9428,
heterogeneity,fd3189a9f5ee9164899c,1563436310,16,clustered,Agrupado,low,Baja,0.15,0.12719303743859706,18,4,12,0.2,True,True,False,0.0,1.8018483108961139,3.160761787989367,True,True,0.0,False,37.1865,
heterogeneity,fd3189a9f5ee9164899c,1563436310,16,clustered,Agrupado,moderate,Moderada,0.35,0.20854220549578148,18,4,12,0.2,True,True,False,0.0,0.4856681107438625,3.884522740887939,True,True,0.0,False,7.636,
heterogeneity,fd3189a9f5ee9164899c,1563436310,16,clustered,Agrupado,high,Alta,0.65,0.5134746701261135,18,4,12,0.2,True,False,True,6.441951657251732,-6.441951657251732,0.7704426687690586,True,True,0.0,True,10.7915,
heterogeneity,fd3189a9f5ee9164899c,1563436310,16,clustered,Agrupado,extreme,Extrema,1.0,0.6099658920067471,18,4,12,0.2,True,False,True,0.9301300849216814,-0.6498163988820709,1.0111473192866343,True,True,0.0,True,17.9093,
heterogeneity,e9454f1689cd7689ce3e,1570485886,17,clustered,Agrupado,homogeneous,Homogénea,0.0,0.0,18,4,12,0.2,True,True,False,0.0,0.4908722811264905,1.5579118375898733,True,True,0.0,False,3.1712,
heterogeneity,e9454f1689cd7689ce3e,1570485886,17,clustered,Agrupado,low,Baja,0.15,0.14031564789687584,18,4,12,0.2,True,False,True,0.39774187855983456,-0.39774187855983456,1.1171646943606275,True,True,0.0,True,19.0061,
heterogeneity,e9454f1689cd7689ce3e,1570485886,17,clustered,Agrupado,moderate,Moderada,0.35,0.3718876315679773,18,4,12,0.2,True,False,True,1.0396865311564056,-0.9340222856369582,2.001588576015474,True,True,0.0,True,87.631,
heterogeneity,e9454f1689cd7689ce3e,1570485886,17,clustered,Agrupado,high,Alta,0.65,0.6565523926886399,18,4,12,0.2,True,False,True,0.6889754294630386,-0.6889754294630386,4.611050558109868,True,True,0.0,True,26.9319,
heterogeneity,e9454f1689cd7689ce3e,1570485886,17,clustered,Agrupado,extreme,Extrema,1.0,1.0427980126317369,18,4,12,0.2,True,False,True,12.810353862060417,-10.360099827528238,2.1986011612543477,True,True,0.0,True,16.1803,
heterogeneity,35b79600d856b9e1defa,519178008,18,clustered,Agrupado,homogeneous,Homogénea,0.0,0.0,18,4,12,0.2,True,True,False,0.0,0.7523395370406227,1.5010513884497323,True,True,0.0,False,2.3955,
heterogeneity,35b79600d856b9e1defa,519178008,18,clustered,Agrupado,low,Baja,0.15,0.18142884363356115,18,4,12,0.2,True,True,False,0.0,0.15742370785131854,1.2886369280123486,True,True,0.0,False,32.4683,
heterogeneity,35b79600d856b9e1defa,519178008,18,clustered,Agrupado,moderate,Moderada,0.35,0.26986303835647335,18,4,12,0.2,True,True,False,0.0,0.6247017235413761,1.9970100312388301,True,True,0.0,False,13.5293,
heterogeneity,35b79600d856b9e1defa,519178008,18,clustered,Agrupado,high,Alta,0.65,0.6346827189922094,18,4,12,0.2,True,False,True,4.424003251228292,-4.424003251228292,2.835084988058585,True,True,0.0,True,17.1233,
heterogeneity,35b79600d856b9e1defa,519178008,18,clustered,Agrupado,extreme,Extrema,1.0,1.7110676477470634,18,4,12,0.2,True,False,True,22.586796391322952,-9.935340211093648,-5.646699097830738,True,True,0.0,True,233.2364,
heterogeneity,a5e1e75330fe9ac3c68f,1542060832,19,clustered,Agrupado,homogeneous,Homogénea,0.0,0.0,18,4,12,0.2,True,True,False,0.0,0.6605573793341604,2.310140759200153,True,True,0.0,False,1.8632,
heterogeneity,a5e1e75330fe9ac3c68f,1542060832,19,clustered,Agrupado,low,Baja,0.15,0.17847414280549848,18,4,12,0.2,True,True,False,0.0,0.29127229955158995,2.486838766900102,True,True,0.0,False,164.2152,
heterogeneity,a5e1e75330fe9ac3c68f,1542060832,19,clustered,Agrupado,moderate,Moderada,0.35,0.3316092889124148,18,4,12,0.2,True,False,True,2.2546846885240908,-2.2546846885240908,2.104582544822123,True,True,0.0,True,263.0938,
heterogeneity,a5e1e75330fe9ac3c68f,1542060832,19,clustered,Agrupado,high,Alta,0.65,0.6997456401735702,18,4,12,0.2,True,False,True,5.794275227727447,-3.0662116912869823,0.10986270974426016,True,True,0.0,True,19.6279,
heterogeneity,a5e1e75330fe9ac3c68f,1542060832,19,clustered,Agrupado,extreme,Extrema,1.0,0.5687095231281922,18,4,12,0.2,True,False,True,2.1679628379226585,-2.1679628379226585,1.1624586709937412,True,True,0.0,True,35.9119,
heterogeneity,06182c39eeb0cc3123be,2151531114,20,clustered,Agrupado,homogeneous,Homogénea,0.0,0.0,18,4,12,0.2,True,True,False,0.0,3.7046906050875417,3.9586469933160737,True,True,0.0,False,2.9119,
heterogeneity,06182c39eeb0cc3123be,2151531114,20,clustered,Agrupado,low,Baja,0.15,0.10302945977522446,18,4,12,0.2,True,True,False,0.0,2.47590605119483,3.5155662452812186,True,True,0.0,False,64.9227,
heterogeneity,06182c39eeb0cc3123be,2151531114,20,clustered,Agrupado,moderate,Moderada,0.35,0.34217656371247274,18,4,12,0.2,True,True,False,0.0,2.489794938850892,4.8515105783456,True,True,0.0,False,10.3632,
heterogeneity,06182c39eeb0cc3123be,2151531114,20,clustered,Agrupado,high,Alta,0.65,0.45039604932603156,18,4,12,0.2,True,False,True,0.8588631054846534,-0.8588631054846534,3.7531884084896103,True,True,0.0,True,31.21,
heterogeneity,06182c39eeb0cc3123be,2151531114,20,clustered,Agrupado,extreme,Extrema,1.0,0.933895371669203,18,4,12,0.2,True,False,True,4.680269174127929,-4.680269174127929,0.38132377395138545,True,True,0.0,True,19.9176,
heterogeneity,714d2f9ab7faac6b2f1f,3097368745,21,clustered,Agrupado,homogeneous,Homogénea,0.0,0.0,18,4,12,0.2,True,True,False,0.0,1.9260394193640167,3.1984100129342785,True,True,0.0,False,3.768,
heterogeneity,714d2f9ab7faac6b2f1f,3097368745,21,clustered,Agrupado,low,Baja,0.15,0.10000070413868291,18,4,12,0.2,True,True,False,0.0,1.5251090044734301,3.423831806763112,True,True,0.0,False,17.7061,
heterogeneity,714d2f9ab7faac6b2f1f,3097368745,21,clustered,Agrupado,moderate,Moderada,0.35,0.40146313492532204,18,4,12,0.2,True,False,True,5.0265560059808685,-5.0265560059808685,2.279683228758074,True,True,0.0,True,33.7998,
heterogeneity,714d2f9ab7faac6b2f1f,3097368745,21,clustered,Agrupado,high,Alta,0.65,0.6129656089758178,18,4,12,0.2,True,False,True,6.392311552579677,-6.392311552579677,2.282059309184727,True,True,0.0,True,32.3579,
heterogeneity,714d2f9ab7faac6b2f1f,3097368745,21,clustered,Agrupado,extreme,Extrema,1.0,0.8680584131414187,18,4,12,0.2,True,False,True,6.271583190334655,-4.408217403389849,0.7656097287620778,True,True,0.0,True,7.7624,
heterogeneity,42176f09a4cfd63f9114,2049179860,22,clustered,Agrupado,homogeneous,Homogénea,0.0,0.0,18,4,12,0.2,True,True,False,0.0,0.7993605642940977,1.6410210455394878,True,True,0.0,False,3.2318,
heterogeneity,42176f09a4cfd63f9114,2049179860,22,clustered,Agrupado,low,Baja,0.15,0.1703859734126895,18,4,12,0.2,True,True,False,0.0,2.1921448025917947,2.340948239064735,True,True,0.0,False,44.6533,
heterogeneity,42176f09a4cfd63f9114,2049179860,22,clustered,Agrupado,moderate,Moderada,0.35,0.3462413118847567,18,4,12,0.2,True,False,True,0.0630698039696087,-0.0630698039696087,1.9817720161394419,True,True,0.0,True,76.7863,
heterogeneity,42176f09a4cfd63f9114,2049179860,22,clustered,Agrupado,high,Alta,0.65,0.6460963777779783,18,4,12,0.2,True,False,True,6.090781747648226,-5.191142160378494,0.18180155701746537,True,True,0.0,True,77.1368,
heterogeneity,42176f09a4cfd63f9114,2049179860,22,clustered,Agrupado,extreme,Extrema,1.0,1.3388755331558024,18,4,12,0.2,True,False,True,4.101701860629472,-4.101701860629472,5.911874547084613,True,True,0.0,True,4.621,
heterogeneity,f274f083943ab3701935,3879813466,23,clustered,Agrupado,homogeneous,Homogénea,0.0,0.0,18,4,12,0.2,True,True,False,0.0,0.7522089317886831,1.9638866752203437,True,True,0.0,False,3.2131,
heterogeneity,f274f083943ab3701935,3879813466,23,clustered,Agrupado,low,Baja,0.15,0.14135593100066832,18,4,12,0.2,True,True,False,0.0,0.4665714999128383,1.7837694674463833,True,True,0.0,False,16.5739,
heterogeneity,f274f083943ab3701935,3879813466,23,clustered,Agrupado,moderate,Moderada,0.35,0.3353831043718017,18,4,12,0.2,True,False,True,4.926298627897557,-4.926298627897557,1.4715770128422692,True,True,0.0,True,393.359,
heterogeneity,f274f083943ab3701935,3879813466,23,clustered,Agrupado,high,Alta,0.65,0.521499584424811,18,4,12,0.2,True,False,True,4.958901172925243,-3.6878361882542166,3.522712998998008,True,True,0.0,True,8.4906,
heterogeneity,f274f083943ab3701935,3879813466,23,clustered,Agrupado,extreme,Extrema,1.0,1.3783101303399323,18,4,12,0.2,True,False,True,17.13516552341224,-11.463351534050767,-0.3150303257211192,True,True,0.0,True,2.2616,
heterogeneity,2dbdeeab42f745188faa,1306633643,24,clustered,Agrupado,homogeneous,Homogénea,0.0,0.0,18,4,12,0.2,True,True,False,0.0,1.1404691033769403,2.48098311415647,True,True,0.0,False,2.0797,
heterogeneity,2dbdeeab42f745188faa,1306633643,24,clustered,Agrupado,low,Baja,0.15,0.14390368746617643,18,4,12,0.2,True,True,False,0.0,1.2628918172770547,2.46405048285712,True,True,0.0,False,41.6835,
heterogeneity,2dbdeeab42f745188faa,1306633643,24,clustered,Agrupado,moderate,Moderada,0.35,0.2982091846030506,18,4,12,0.2,True,True,False,0.0,0.7812345390860429,2.240202628289066,True,True,0.0,False,72.8338,
heterogeneity,2dbdeeab42f745188faa,1306633643,24,clustered,Agrupado,high,Alta,0.65,0.7367206499988149,18,4,12,0.2,True,False,True,0.668501592680478,-0.668501592680478,4.4296155293978865,True,True,0.0,True,36.0537,
heterogeneity,2dbdeeab42f745188faa,1306633643,24,clustered,Agrupado,extreme,Extrema,1.0,0.863519026198088,18,4,12,0.2,True,False,True,6.723469699283907,-6.723469699283907,3.9024596621851817,True,True,0.0,True,25.6184,
heterogeneity,e52bc8f21427a29c49d6,311569620,25,clustered,Agrupado,homogeneous,Homogénea,0.0,0.0,18,4,12,0.2,True,True,False,0.0,0.7879320807298598,2.915485185112776,True,True,0.0,False,2.7834,
heterogeneity,e52bc8f21427a29c49d6,311569620,25,clustered,Agrupado,low,Baja,0.15,0.11065630123455758,18,4,12,0.2,True,True,False,0.0,1.3612009511124938,2.8958174470782976,True,True,0.0,False,84.5402,
heterogeneity,e52bc8f21427a29c49d6,311569620,25,clustered,Agrupado,moderate,Moderada,0.35,0.29432401667993896,18,4,12,0.2,True,False,True,0.7064994143482313,-0.6322327775990786,2.866809396424191,True,True,0.0,True,263.5198,
heterogeneity,e52bc8f21427a29c49d6,311569620,25,clustered,Agrupado,high,Alta,0.65,0.6658120156508371,18,4,12,0.2,True,False,True,0.14072636412753603,-0.14072636412753603,5.9597185222607045,True,True,0.0,True,23.1515,
heterogeneity,e52bc8f21427a29c49d6,311569620,25,clustered,Agrupado,extreme,Extrema,1.0,1.1503947601864781,18,4,12,0.2,True,False,True,9.918964847379605,-7.535255202615659,-0.11376929067576125,True,True,0.0,True,3.6423,
heterogeneity,a2fe03f1d1e256bfc82e,1348701538,26,clustered,Agrupado,homogeneous,Homogénea,0.0,0.0,18,4,12,0.2,True,True,False,0.0,0.8700226088309284,2.2351165062921137,True,True,0.0,False,2.9831,
heterogeneity,a2fe03f1d1e256bfc82e,1348701538,26,clustered,Agrupado,low,Baja,0.15,0.14188207076783435,18,4,12,0.2,True,True,False,0.0,0.9800305872096473,2.725820214541694,True,True,0.0,False,36.4346,
heterogeneity,a2fe03f1d1e256bfc82e,1348701538,26,clustered,Agrupado,moderate,Moderada,0.35,0.35873179047855375,18,4,12,0.2,True,False,True,1.4680587984370899,-1.4680587984370899,2.8603049592670753,True,True,0.0,True,57.7017,
heterogeneity,a2fe03f1d1e256bfc82e,1348701538,26,clustered,Agrupado,high,Alta,0.65,0.534159038664192,18,4,12,0.2,True,False,True,5.055672313052115,-2.794764744541654,0.6169624760804431,True,True,0.0,True,33.7666,
heterogeneity,a2fe03f1d1e256bfc82e,1348701538,26,clustered,Agrupado,extreme,Extrema,1.0,0.835866153942393,18,4,12,0.2,True,False,True,0.507162244062247,-0.507162244062247,6.076537228837703,True,True,0.0,True,14.3304,
heterogeneity,bd0710ae7a20ae8d2d0c,3219905788,27,clustered,Agrupado,homogeneous,Homogénea,0.0,0.0,18,4,12,0.2,True,True,False,0.0,0.4880963438163963,1.4782983438402595,True,True,0.0,False,2.9512,
heterogeneity,bd0710ae7a20ae8d2d0c,3219905788,27,clustered,Agrupado,low,Baja,0.15,0.14232750012857315,18,4,12,0.2,True,True,False,0.0,0.01315469037150585,0.944749172600265,True,True,0.0,False,47.6283,
heterogeneity,bd0710ae7a20ae8d2d0c,3219905788,27,clustered,Agrupado,moderate,Moderada,0.35,0.34765220366850313,18,4,12,0.2,True,False,True,1.3172672139148256,-1.3172672139148256,2.74117674628119,True,True,0.0,True,59.3087,
heterogeneity,bd0710ae7a20ae8d2d0c,3219905788,27,clustered,Agrupado,high,Alta,0.65,0.6987537663734621,18,4,12,0.2,True,False,True,12.842208103159825,-11.625439384383917,0.40438486771268733,True,True,0.0,True,45.7076,
heterogeneity,bd0710ae7a20ae8d2d0c,3219905788,27,clustered,Agrupado,extreme,Extrema,1.0,1.1787754939009436,18,4,12,0.2,True,False,True,14.91372642131823,-9.229203115426657,3.8532791274679363,True,True,0.0,True,9.3391,
heterogeneity,24010655dfcc446e3d29,3826757615,28,clustered,Agrupado,homogeneous,Homogénea,0.0,0.0,18,4,12,0.2,True,True,False,0.0,1.2237438663807936,2.1650929042723606,True,True,0.0,False,3.3867,
heterogeneity,24010655dfcc446e3d29,3826757615,28,clustered,Agrupado,low,Baja,0.15,0.18996501414889444,18,4,12,0.2,True,True,False,0.0,1.0580113387293926,3.0087792892501515,True,True,0.0,False,16.3874,
heterogeneity,24010655dfcc446e3d29,3826757615,28,clustered,Agrupado,moderate,Moderada,0.35,0.3490746565642027,18,4,12,0.2,True,False,True,0.336317957499797,-0.336317957499797,1.4572527142491405,True,True,0.0,True,12.2773,
heterogeneity,24010655dfcc446e3d29,3826757615,28,clustered,Agrupado,high,Alta,0.65,0.6359205881730939,18,4,12,0.2,True,False,True,2.031541503482565,-2.031541503482565,0.6292639148197092,True,True,0.0,True,8.3517,
heterogeneity,24010655dfcc446e3d29,3826757615,28,clustered,Agrupado,extreme,Extrema,1.0,1.8660571556576546,18,4,12,0.2,True,False,True,14.895854422418031,-9.110072955049326,-3.6648732619032645,True,True,0.0,True,16.3251,
heterogeneity,ba6273116f3722a7ea18,223257312,29,clustered,Agrupado,homogeneous,Homogénea,0.0,0.0,18,4,12,0.2,True,True,False,0.0,0.3249987523615978,1.4302916812608037,True,True,0.0,False,3.3847,
heterogeneity,ba6273116f3722a7ea18,223257312,29,clustered,Agrupado,low,Baja,0.15,0.15409296951694462,18,4,12,0.2,True,True,False,0.0,0.4119705717755533,1.5666461948414843,True,True,0.0,False,35.3142,
heterogeneity,ba6273116f3722a7ea18,223257312,29,clustered,Agrupado,moderate,Moderada,0.35,0.4457080121460959,18,4,12,0.2,True,False,True,5.453142204078837,-3.860780890272544,1.812895579142074,True,True,0.0,True,74.5012,
heterogeneity,ba6273116f3722a7ea18,223257312,29,clustered,Agrupado,high,Alta,0.65,0.6925783867955838,18,4,12,0.2,True,False,True,5.748080834805566,-5.7263904830985926,0.9922290638435611,True,True,0.0,True,79.6513,
heterogeneity,ba6273116f3722a7ea18,223257312,29,clustered,Agrupado,extreme,Extrema,1.0,1.3665615769985102,18,4,12,0.2,True,False,True,4.39269722512959,-3.000753302390157,5.052622746910429,True,True,0.0,True,8.5969,
heterogeneity,2a6561bd00cd5c001f04,2973566586,0,separated,Separado,homogeneous,Homogénea,0.0,0.0,18,4,12,0.2,True,True,False,0.0,1.5304450156210798,3.2695299834952514,True,True,0.0,False,2.973,
heterogeneity,2a6561bd00cd5c001f04,2973566586,0,separated,Separado,low,Baja,0.15,0.11940533556783144,18,4,12,0.2,True,True,False,0.0,2.7234808063703575,3.4801790742788206,True,True,0.0,False,49.9603,
heterogeneity,2a6561bd00cd5c001f04,2973566586,0,separated,Separado,moderate,Moderada,0.35,0.3657437832716764,18,4,12,0.2,True,True,False,0.0,0.34318240338646966,3.6870769903970944,True,True,0.0,False,38.358,
heterogeneity,2a6561bd00cd5c001f04,2973566586,0,separated,Separado,high,Alta,0.65,0.7834423195638769,18,4,12,0.2,True,False,True,2.1440520176322657,-2.1440520176322657,5.208587711871539,True,True,0.0,True,16.9789,
heterogeneity,2a6561bd00cd5c001f04,2973566586,0,separated,Separado,extreme,Extrema,1.0,0.596293824759709,18,4,12,0.2,True,False,True,10.030037750256428,-6.743000144904361,-0.5158252466237738,True,True,0.0,True,30.0555,
heterogeneity,ddbc210e9fc36de9a45a,90890092,1,separated,Separado,homogeneous,Homogénea,0.0,0.0,18,4,12,0.2,True,True,False,0.0,1.8495639477943797,3.0407435239720577,True,True,0.0,False,2.2112,
heterogeneity,ddbc210e9fc36de9a45a,90890092,1,separated,Separado,low,Baja,0.15,0.14034173674138714,18,4,12,0.2,True,True,False,0.0,3.562572606725489,4.039125815220068,True,True,0.0,False,10.3412,
heterogeneity,ddbc210e9fc36de9a45a,90890092,1,separated,Separado,moderate,Moderada,0.35,0.3045611912041875,18,4,12,0.2,True,False,True,5.4493922011206095,-5.4493922011206095,1.644121825232395,True,True,0.0,True,56.2921,
heterogeneity,ddbc210e9fc36de9a45a,90890092,1,separated,Separado,high,Alta,0.65,0.7488312368423726,18,4,12,0.2,True,True,False,0.0,0.5610202167668981,4.057241391020294,True,True,0.0,False,14.3973,
heterogeneity,ddbc210e9fc36de9a45a,90890092,1,separated,Separado,extreme,Extrema,1.0,2.1217480961858977,18,4,12,0.2,True,False,True,6.088758185552261,-5.486686905645895,6.996571960115613,True,True,0.0,True,3.3239,
heterogeneity,ccfa27a800e5510d69ab,2194112613,2,separated,Separado,homogeneous,Homogénea,0.0,0.0,18,4,12,0.2,True,True,False,0.0,0.4081223094642503,1.979474001300841,True,True,0.0,False,3.019,
heterogeneity,ccfa27a800e5510d69ab,2194112613,2,separated,Separado,low,Baja,0.15,0.1491570667212388,18,4,12,0.2,True,False,True,0.5409543274057746,-0.5409543274057746,2.064913884426004,True,True,0.0,True,32.25,
heterogeneity,ccfa27a800e5510d69ab,2194112613,2,separated,Separado,moderate,Moderada,0.35,0.40289293472838134,18,4,12,0.2,True,False,True,3.4696707437035137,-3.4696707437035137,1.918966645035026,True,True,0.0,True,259.2515,
heterogeneity,ccfa27a800e5510d69ab,2194112613,2,separated,Separado,high,Alta,0.65,0.8969982484326268,18,4,12,0.2,True,False,True,4.630588602925169,-4.498614538184251,4.68733449202936,True,True,0.0,True,24.8433,
heterogeneity,ccfa27a800e5510d69ab,2194112613,2,separated,Separado,extreme,Extrema,1.0,0.6516469454543198,18,4,12,0.2,True,False,True,1.8311181670680785,-1.8311181670680785,2.099681753707262,True,True,0.0,True,37.4273,
heterogeneity,222afbd3dcad027dc3f0,179311107,3,separated,Separado,homogeneous,Homogénea,0.0,0.0,18,4,12,0.2,True,True,False,0.0,0.9865397891563621,2.565355801603876,True,True,0.0,False,2.9305,
heterogeneity,222afbd3dcad027dc3f0,179311107,3,separated,Separado,low,Baja,0.15,0.14071719642699515,18,4,12,0.2,True,True,False,0.0,0.36293595958942326,2.277227305197478,True,True,0.0,False,663.6354,
heterogeneity,222afbd3dcad027dc3f0,179311107,3,separated,Separado,moderate,Moderada,0.35,0.3717507136483097,18,4,12,0.2,True,True,False,0.0,1.5389004158261113,3.6763176339456884,True,True,0.0,False,84.6749,
heterogeneity,222afbd3dcad027dc3f0,179311107,3,separated,Separado,high,Alta,0.65,0.5680909004925867,18,4,12,0.2,True,False,True,4.889557944765114,-3.794101292118306,2.4047555384599533,True,True,0.0,True,145.3742,
heterogeneity,222afbd3dcad027dc3f0,179311107,3,separated,Separado,extreme,Extrema,1.0,1.682663122439156,18,4,12,0.2,True,False,True,9.973547390788637,-9.182989966174194,-1.5441133117205799,True,True,0.0,True,104.0189,
heterogeneity,d54504c86adcf10f0b8c,2466176083,4,separated,Separado,homogeneous,Homogénea,0.0,0.0,18,4,12,0.2,True,True,False,0.0,0.6599389557374913,2.7668316867650042,True,True,0.0,False,4.9994,
heterogeneity,d54504c86adcf10f0b8c,2466176083,4,separated,Separado,low,Baja,0.15,0.13740561686832145,18,4,12,0.2,True,False,True,0.12207264477803648,-0.12207264477803648,2.9896816950652387,True,True,0.0,True,125.8335,
heterogeneity,d54504c86adcf10f0b8c,2466176083,4,separated,Separado,moderate,Moderada,0.35,0.2337607162816667,18,4,12,0.2,True,False,True,0.44525494038422053,-0.44525494038422053,3.236609048849693,True,True,0.0,True,30.0707,
heterogeneity,d54504c86adcf10f0b8c,2466176083,4,separated,Separado,high,Alta,0.65,0.5530159216921166,18,4,12,0.2,True,False,True,3.582147524160236,-2.6158112688539106,1.489609562377122,True,True,0.0,True,75.8302,
heterogeneity,d54504c86adcf10f0b8c,2466176083,4,separated,Separado,extreme,Extrema,1.0,0.9187265323214275,18,4,12,0.2,True,False,True,5.045007340764123,-5.045007340764123,5.635941982692259,True,True,0.0,True,51.9478,
heterogeneity,ac1dae5f23768963803b,387359667,5,separated,Separado,homogeneous,Homogénea,0.0,0.0,18,4,12,0.2,True,True,False,0.0,0.6300663598888043,3.0672733964810543,True,True,0.0,False,5.0504,
heterogeneity,ac1dae5f23768963803b,387359667,5,separated,Separado,low,Baja,0.15,0.1703036357537541,18,4,12,0.2,True,True,False,0.0,0.3086040529304839,2.681832697843654,True,True,0.0,False,16.5563,
heterogeneity,ac1dae5f23768963803b,387359667,5,separated,Separado,moderate,Moderada,0.35,0.3596566974556532,18,4,12,0.2,True,True,False,0.0,0.9395579443230364,3.707765668052841,True,True,0.0,False,22.1801,
heterogeneity,ac1dae5f23768963803b,387359667,5,separated,Separado,high,Alta,0.65,0.4396834712967036,18,4,12,0.2,True,False,True,3.565802755280693,-3.565802755280693,0.8895715159470599,True,True,0.0,True,30.0313,
heterogeneity,ac1dae5f23768963803b,387359667,5,separated,Separado,extreme,Extrema,1.0,0.768370822434097,18,4,12,0.2,True,False,True,1.017384514447517,-1.017384514447517,3.6993652119549103,True,True,0.0,True,9.1785,
heterogeneity,2758015de928e09b7f0b,117891007,6,separated,Separado,homogeneous,Homogénea,0.0,0.0,18,4,12,0.2,True,True,False,0.0,1.375842344946662,2.8206822028221596,True,True,0.0,False,3.6607,
heterogeneity,2758015de928e09b7f0b,117891007,6,separated,Separado,low,Baja,0.15,0.11033659310193267,18,4,12,0.2,True,True,False,0.0,0.3333082110137653,2.5769783135422335,True,True,0.0,False,85.1001,
heterogeneity,2758015de928e09b7f0b,117891007,6,separated,Separado,moderate,Moderada,0.35,0.4528762530940983,18,4,12,0.2,True,False,True,3.3032208282020683,-3.3032208282020683,2.4414512154257118,True,True,0.0,True,45.8386,
heterogeneity,2758015de928e09b7f0b,117891007,6,separated,Separado,high,Alta,0.65,0.44340410001909797,18,4,12,0.2,True,True,False,0.0,1.8466627709948984,3.896252247428309,True,True,0.0,False,22.7719,
heterogeneity,2758015de928e09b7f0b,117891007,6,separated,Separado,extreme,Extrema,1.0,0.9090904762331281,18,4,12,0.2,True,False,True,5.463611384333365,-2.7280627177635175,2.618674832487344,True,True,0.0,True,9.095,
heterogeneity,af52d6dd6cca6b118051,823758187,7,separated,Separado,homogeneous,Homogénea,0.0,0.0,18,4,12,0.2,True,True,False,0.0,1.6845922772377242,3.0907016873674182,True,True,0.0,False,3.7612,
heterogeneity,af52d6dd6cca6b118051,823758187,7,separated,Separado,low,Baja,0.15,0.16937334712307653,18,4,12,0.2,True,True,False,0.0,1.0948981093943218,2.745609594503265,True,True,0.0,False,46.0697,
heterogeneity,af52d6dd6cca6b118051,823758187,7,separated,Separado,moderate,Moderada,0.35,0.3759440607809416,18,4,12,0.2,True,True,False,0.0,2.4436743970287176,4.063209640664967,True,True,0.0,False,46.3568,
heterogeneity,af52d6dd6cca6b118051,823758187,7,separated,Separado,high,Alta,0.65,0.7434368545050153,18,4,12,0.2,True,False,True,5.24811624169689,-4.000111307547556,3.939042254705922,True,True,0.0,True,10.0765,
heterogeneity,af52d6dd6cca6b118051,823758187,7,separated,Separado,extreme,Extrema,1.0,1.0625978775928038,18,4,12,0.2,True,True,False,0.0,1.1918399984893386,3.8997490682603964,True,True,0.0,False,12.6073,
heterogeneity,fad8b7e681698709e6bc,2840776099,8,separated,Separado,homogeneous,Homogénea,0.0,0.0,18,4,12,0.2,True,True,False,0.0,0.4230538735610576,2.402243140104056,True,True,0.0,False,3.5246,
heterogeneity,fad8b7e681698709e6bc,2840776099,8,separated,Separado,low,Baja,0.15,0.1293551328439112,18,4,12,0.2,True,True,False,0.0,0.275503380234726,2.1733127257292235,True,True,0.0,False,19.9542,
heterogeneity,fad8b7e681698709e6bc,2840776099,8,separated,Separado,moderate,Moderada,0.35,0.4063237238175729,18,4,12,0.2,True,False,True,1.3466275566742043,-1.1265695468277288,0.33099043202019574,True,True,0.0,True,145.7907,
heterogeneity,fad8b7e681698709e6bc,2840776099,8,separated,Separado,high,Alta,0.65,0.518728703010545,18,4,12,0.2,True,False,True,4.162255849648634,-4.162255849648634,0.5092619406230938,True,True,0.0,True,49.6582,
heterogeneity,fad8b7e681698709e6bc,2840776099,8,separated,Separado,extreme,Extrema,1.0,1.0421362056566228,18,4,12,0.2,True,False,True,4.841957353405069,-4.841957353405069,1.0848955075740139,True,True,0.0,True,9.6568,
heterogeneity,d0a8ce6cf36982ac1355,1612667261,9,separated,Separado,homogeneous,Homogénea,0.0,0.0,18,4,12,0.2,True,True,False,0.0,0.3243476937180745,2.5278996478071707,True,True,0.0,False,2.6376,
heterogeneity,d0a8ce6cf36982ac1355,1612667261,9,separated,Separado,low,Baja,0.15,0.14210233682541903,18,4,12,0.2,True,True,False,0.0,2.3037343444813843,3.100296807346357,True,True,0.0,False,16.202,
heterogeneity,d0a8ce6cf36982ac1355,1612667261,9,separated,Separado,moderate,Moderada,0.35,0.425179142190936,18,4,12,0.2,True,True,False,0.0,0.3113062931401238,1.399385172379052,True,True,0.0,False,39.2908,
heterogeneity,d0a8ce6cf36982ac1355,1612667261,9,separated,Separado,high,Alta,0.65,0.5979645552437926,18,4,12,0.2,True,True,False,0.0,4.745781188798473,6.206604092572922,True,True,0.0,False,30.3852,
heterogeneity,d0a8ce6cf36982ac1355,1612667261,9,separated,Separado,extreme,Extrema,1.0,0.7387887899056254,18,4,12,0.2,True,False,True,2.9895044034018934,-2.9895044034018934,4.256484089920539,True,True,0.0,True,20.8395,
heterogeneity,e169734f92ce0bc6feb6,4257009687,10,separated,Separado,homogeneous,Homogénea,0.0,0.0,18,4,12,0.2,True,True,False,0.0,0.7557965838563909,2.8366485477234815,True,True,0.0,False,3.2072,
heterogeneity,e169734f92ce0bc6feb6,4257009687,10,separated,Separado,low,Baja,0.15,0.1290719088293191,18,4,12,0.2,True,True,False,0.0,0.36182113491864953,2.504621742754126,True,True,0.0,False,99.4356,
heterogeneity,e169734f92ce0bc6feb6,4257009687,10,separated,Separado,moderate,Moderada,0.35,0.323345814396495,18,4,12,0.2,True,True,False,0.0,1.242481216687116,3.5059712157696397,True,True,0.0,False,27.6355,
heterogeneity,e169734f92ce0bc6feb6,4257009687,10,separated,Separado,high,Alta,0.65,0.5739408612590224,18,4,12,0.2,True,False,True,0.1326467330475598,-0.1326467330475598,1.5232593421173917,True,True,0.0,True,75.9937,
heterogeneity,e169734f92ce0bc6feb6,4257009687,10,separated,Separado,extreme,Extrema,1.0,0.8670095784499333,18,4,12,0.2,True,False,True,5.525133671656906,-4.189710529675267,4.142914244415698,True,True,0.0,True,11.1471,
heterogeneity,ec83ef543e400383385b,1173424436,11,separated,Separado,homogeneous,Homogénea,0.0,0.0,18,4,12,0.2,True,True,False,0.0,1.6596176638757996,2.6933503389558497,True,True,0.0,False,3.0511,
heterogeneity,ec83ef543e400383385b,1173424436,11,separated,Separado,low,Baja,0.15,0.15954913425793268,18,4,12,0.2,True,True,False,0.0,1.9098315261471104,2.8888978643185284,True,True,0.0,False,27.6222,
heterogeneity,ec83ef543e400383385b,1173424436,11,separated,Separado,moderate,Moderada,0.35,0.30892064694048776,18,4,12,0.2,True,True,False,0.0,0.32462020875066777,3.156572459934192,True,True,0.0,False,111.709,
heterogeneity,ec83ef543e400383385b,1173424436,11,separated,Separado,high,Alta,0.65,0.6126811917290361,18,4,12,0.2,True,False,True,8.19110149187485,-5.388331021831417,0.9516700570767271,True,True,0.0,True,25.3409,
heterogeneity,ec83ef543e400383385b,1173424436,11,separated,Separado,extreme,Extrema,1.0,1.7151299822890116,18,4,12,0.2,True,False,True,10.88228478970748,-4.841927236610515,-1.8877098996855561,True,True,0.0,True,28.5386,
heterogeneity,1b662b9150d51eaeeba1,1107988035,12,separated,Separado,homogeneous,Homogénea,0.0,0.0,18,4,12,0.2,True,True,False,0.0,1.4438196560757142,2.7790659469072807,True,True,0.0,False,2.7953,
heterogeneity,1b662b9150d51eaeeba1,1107988035,12,separated,Separado,low,Baja,0.15,0.12473763801683935,18,4,12,0.2,True,True,False,0.0,0.4154023083824896,2.48104213906735,True,True,0.0,False,22.5548,
heterogeneity,1b662b9150d51eaeeba1,1107988035,12,separated,Separado,moderate,Moderada,0.35,0.2502876277503075,18,4,12,0.2,True,True,False,0.0,1.0819360596197676,3.742193680917716,True,True,0.0,False,63.3548,
heterogeneity,1b662b9150d51eaeeba1,1107988035,12,separated,Separado,high,Alta,0.65,0.5311589899821659,18,4,12,0.2,True,False,True,0.2504628062937293,-0.2504628062937293,4.669343165764315,True,True,0.0,True,88.9999,
heterogeneity,1b662b9150d51eaeeba1,1107988035,12,separated,Separado,extreme,Extrema,1.0,0.9762837140703194,18,4,12,0.2,True,True,False,0.0,1.3090076181882893,6.590355592629213,True,True,0.0,False,11.2343,
heterogeneity,f5218b336f57b21261c9,1859457746,13,separated,Separado,homogeneous,Homogénea,0.0,0.0,18,4,12,0.2,True,True,False,0.0,1.9856828832454205,3.352228805425053,True,True,0.0,False,2.7458,
heterogeneity,f5218b336f57b21261c9,1859457746,13,separated,Separado,low,Baja,0.15,0.19592918560474015,18,4,12,0.2,True,True,False,0.0,0.4578922533454417,3.439472410495122,True,True,0.0,False,64.5423,
heterogeneity,f5218b336f57b21261c9,1859457746,13,separated,Separado,moderate,Moderada,0.35,0.40049196861230474,18,4,12,0.2,True,False,True,1.5155228207951907,-1.5155228207951907,2.4058589774001726,True,True,0.0,True,36.0555,
heterogeneity,f5218b336f57b21261c9,1859457746,13,separated,Separado,high,Alta,0.65,0.9037465492568594,18,4,12,0.2,True,False,True,8.222606121028882,-4.344218843182897,-1.8445220031378837,True,True,0.0,True,7.5123,
heterogeneity,f5218b336f57b21261c9,1859457746,13,separated,Separado,extreme,Extrema,1.0,1.0773534157905769,18,4,12,0.2,True,False,True,1.4489624878789868,-1.4489624878789868,7.063455481509045,True,True,0.0,True,16.2487,
heterogeneity,50ea64ec11147f6ac405,3929016754,14,separated,Separado,homogeneous,Homogénea,0.0,0.0,18,4,12,0.2,True,True,False,0.0,2.279801220556889,2.75632942554085,True,True,0.0,False,4.2777,
heterogeneity,50ea64ec11147f6ac405,3929016754,14,separated,Separado,low,Baja,0.15,0.13055218796617765,18,4,12,0.2,True,True,False,0.0,2.4525976740290254,3.212259872628172,True,True,0.0,False,547.7874,
heterogeneity,50ea64ec11147f6ac405,3929016754,14,separated,Separado,moderate,Moderada,0.35,0.3087674797329493,18,4,12,0.2,True,True,False,0.0,1.2241866927396945,2.763496762606561,True,True,0.0,False,87.5487,
heterogeneity,50ea64ec11147f6ac405,3929016754,14,separated,Separado,high,Alta,0.65,0.45026630641525683,18,4,12,0.2,True,True,False,0.0,2.1534403439135836,4.601852917552138,True,True,0.0,False,38.9995,
heterogeneity,50ea64ec11147f6ac405,3929016754,14,separated,Separado,extreme,Extrema,1.0,0.9828964716842419,18,4,12,0.2,True,False,True,1.5795032579574337,-1.5795032579574337,4.7686087660046255,True,True,0.0,True,5.4371,
heterogeneity,b471bead165fc6d80362,3858416192,15,separated,Separado,homogeneous,Homogénea,0.0,0.0,18,4,12,0.2,True,True,False,0.0,2.0089883118248473,2.908952339429355,True,True,0.0,False,2.7978,
heterogeneity,b471bead165fc6d80362,3858416192,15,separated,Separado,low,Baja,0.15,0.1465073137640127,18,4,12,0.2,True,True,False,0.0,0.3506218110304502,2.7773863165803063,True,True,0.0,False,49.5017,
heterogeneity,b471bead165fc6d80362,3858416192,15,separated,Separado,moderate,Moderada,0.35,0.3881047644246797,18,4,12,0.2,True,True,False,0.0,3.2497662730245955,4.343624001613093,True,True,0.0,False,12.0905,
heterogeneity,b471bead165fc6d80362,3858416192,15,separated,Separado,high,Alta,0.65,0.6293423519731409,18,4,12,0.2,True,False,True,10.93531444993145,-10.93531444993145,-0.40248647673347815,True,True,0.0,True,3.7959,
heterogeneity,b471bead165fc6d80362,3858416192,15,separated,Separado,extreme,Extrema,1.0,0.88746930895964,18,4,12,0.2,True,False,True,0.32370972162802647,-0.32370972162802647,6.590543622533945,True,True,0.0,True,4.6353,
heterogeneity,741c54ca71c73c216f15,1611338894,16,separated,Separado,homogeneous,Homogénea,0.0,0.0,18,4,12,0.2,True,True,False,0.0,0.437627906625508,2.008058296255035,True,True,0.0,False,2.7001,
heterogeneity,741c54ca71c73c216f15,1611338894,16,separated,Separado,low,Baja,0.15,0.17150826214087872,18,4,12,0.2,True,False,True,0.12731041383973452,-0.12731041383973452,2.279188324485892,True,True,0.0,True,44.0198,
heterogeneity,741c54ca71c73c216f15,1611338894,16,separated,Separado,moderate,Moderada,0.35,0.2916367146057915,18,4,12,0.2,True,False,True,4.019537218594843,-2.0300546910423343,2.3102783013774366,True,True,0.0,True,56.1943,
heterogeneity,741c54ca71c73c216f15,1611338894,16,separated,Separado,high,Alta,0.65,0.44286371355131066,18,4,12,0.2,True,False,True,1.6253637968233834,-1.516918195429671,0.6262538536630708,True,True,0.0,True,129.7137,
heterogeneity,741c54ca71c73c216f15,1611338894,16,separated,Separado,extreme,Extrema,1.0,1.0949039647897059,18,4,12,0.2,True,False,True,7.966535084764704,-2.9806621223350405,3.078327191363786,True,True,0.0,True,8.3705,
heterogeneity,c76df5368d4f73558745,3906916171,17,separated,Separado,homogeneous,Homogénea,0.0,0.0,18,4,12,0.2,True,True,False,0.0,0.626178545725443,2.131417414738029,True,True,0.0,False,3.2282,
heterogeneity,c76df5368d4f73558745,3906916171,17,separated,Separado,low,Baja,0.15,0.15354802843032944,18,4,12,0.2,True,False,True,0.26619375075989904,-0.26619375075989904,2.0732692738706815,True,True,0.0,True,13.282,
heterogeneity,c76df5368d4f73558745,3906916171,17,separated,Separado,moderate,Moderada,0.35,0.3223063148548645,18,4,12,0.2,True,False,True,2.3193380421560654,-2.3193380421560654,2.2649211266595213,True,True,0.0,True,306.4725,
heterogeneity,c76df5368d4f73558745,3906916171,17,separated,Separado,high,Alta,0.65,0.48736770812989255,18,4,12,0.2,True,False,True,2.197918081055752,-2.197918081055752,5.053646678909579,True,True,0.0,True,60.8167,
heterogeneity,c76df5368d4f73558745,3906916171,17,separated,Separado,extreme,Extrema,1.0,0.8479294721931009,18,4,12,0.2,True,False,True,12.170342220197337,-6.884827028426494,-1.251873776523873,True,True,0.0,True,13.9767,
heterogeneity,5a60c0190a4b295ac6e3,2895248248,18,separated,Separado,homogeneous,Homogénea,0.0,0.0,18,4,12,0.2,True,True,False,0.0,0.6186948774321088,1.94033844129489,True,True,0.0,False,3.2192,
heterogeneity,5a60c0190a4b295ac6e3,2895248248,18,separated,Separado,low,Baja,0.15,0.18367677025100962,18,4,12,0.2,True,False,True,1.4399549870030883,-0.7404612721198909,1.63765374891582,True,True,0.0,True,47.4574,
heterogeneity,5a60c0190a4b295ac6e3,2895248248,18,separated,Separado,moderate,Moderada,0.35,0.3662803012867537,18,4,12,0.2,True,True,False,0.0,0.35476713839216956,0.9232478725255455,True,True,0.0,False,51.234,
heterogeneity,5a60c0190a4b295ac6e3,2895248248,18,separated,Separado,high,Alta,0.65,0.6341784281262641,18,4,12,0.2,True,False,True,5.270060575619328,-3.1974263672896654,0.15791715111567872,True,True,0.0,True,73.5992,
heterogeneity,5a60c0190a4b295ac6e3,2895248248,18,separated,Separado,extreme,Extrema,1.0,0.8033960320871394,18,4,12,0.2,True,False,True,2.4016738363473564,-2.4016738363473564,3.868613615126579,True,True,0.0,True,21.1338,
heterogeneity,4056b02a3abc1ae1523a,1072731392,19,separated,Separado,homogeneous,Homogénea,0.0,0.0,18,4,12,0.2,True,True,False,0.0,0.6437949636035629,2.005602918421255,True,True,0.0,False,3.3191,
heterogeneity,4056b02a3abc1ae1523a,1072731392,19,separated,Separado,low,Baja,0.15,0.13790789830048011,18,4,12,0.2,True,True,False,0.0,0.41936739480459906,2.2750131850572917,True,True,0.0,False,46.4817,
heterogeneity,4056b02a3abc1ae1523a,1072731392,19,separated,Separado,moderate,Moderada,0.35,0.4270315782994169,18,4,12,0.2,True,False,True,3.26962750829796,-3.26962750829796,2.3026484959082087,True,True,0.0,True,70.2203,
heterogeneity,4056b02a3abc1ae1523a,1072731392,19,separated,Separado,high,Alta,0.65,0.4863582717252052,18,4,12,0.2,True,False,True,0.13378226342125332,-0.13378226342125332,2.235715898855891,True,True,0.0,True,78.8057,
heterogeneity,4056b02a3abc1ae1523a,1072731392,19,separated,Separado,extreme,Extrema,1.0,1.0192848957617167,18,4,12,0.2,True,False,True,7.528191678919095,-7.528191678919095,3.787155786529991,True,True,0.0,True,19.3215,
heterogeneity,7c973df2be94f94c6a1f,2633129501,20,separated,Separado,homogeneous,Homogénea,0.0,0.0,18,4,12,0.2,True,True,False,0.0,0.35234454195393994,1.1535864385680994,True,True,0.0,False,3.737,
heterogeneity,7c973df2be94f94c6a1f,2633129501,20,separated,Separado,low,Baja,0.15,0.1077411590580323,18,4,12,0.2,True,False,True,0.1670418855448066,-0.12469934870963506,0.8149074074749265,True,True,0.0,True,34.3742,
heterogeneity,7c973df2be94f94c6a1f,2633129501,20,separated,Separado,moderate,Moderada,0.35,0.2714390400409254,18,4,12,0.2,True,False,True,1.111356654805979,-1.111356654805979,0.9790294221771254,True,True,0.0,True,49.9328,
heterogeneity,7c973df2be94f94c6a1f,2633129501,20,separated,Separado,high,Alta,0.65,0.7247914234813029,18,4,12,0.2,True,False,True,6.5949830354012855,-5.407730740529346,0.5824999609042905,True,True,0.0,True,61.0713,
heterogeneity,7c973df2be94f94c6a1f,2633129501,20,separated,Separado,extreme,Extrema,1.0,0.7885336917264429,18,4,12,0.2,True,False,True,19.785623494474713,-13.821970800645104,-4.163712762504709,True,True,0.0,True,15.2126,
heterogeneity,58a69580ccb979ef5147,1582611461,21,separated,Separado,homogeneous,Homogénea,0.0,0.0,18,4,12,0.2,True,True,False,0.0,1.7736947874953604,2.5175574006924126,True,True,0.0,False,3.7923,
heterogeneity,58a69580ccb979ef5147,1582611461,21,separated,Separado,low,Baja,0.15,0.1368804855514404,18,4,12,0.2,True,True,False,0.0,1.9553452913058518,2.6074716215980205,True,True,0.0,False,10.0913,
heterogeneity,58a69580ccb979ef5147,1582611461,21,separated,Separado,moderate,Moderada,0.35,0.34182459621837435,18,4,12,0.2,True,True,False,0.0,2.0469847191801076,4.7663850825457175,True,True,0.0,False,52.6166,
heterogeneity,58a69580ccb979ef5147,1582611461,21,separated,Separado,high,Alta,0.65,0.4523897366669857,18,4,12,0.2,True,False,True,2.9166696757802324,-2.9166696757802324,1.6932854094608198,True,True,0.0,True,84.166,
heterogeneity,58a69580ccb979ef5147,1582611461,21,separated,Separado,extreme,Extrema,1.0,1.1650480365528935,18,4,12,0.2,True,False,True,10.57377682417213,-5.631724384665372,-2.1455007429428434,True,True,0.0,True,11.4921,
heterogeneity,8ff0f87b8c57823d5964,3597108210,22,separated,Separado,homogeneous,Homogénea,0.0,0.0,18,4,12,0.2,True,True,False,0.0,1.090991113864252,3.2558671069877985,True,True,0.0,False,3.3323,
heterogeneity,8ff0f87b8c57823d5964,3597108210,22,separated,Separado,low,Baja,0.15,0.11735399050001058,18,4,12,0.2,True,True,False,0.0,0.9237068760801606,3.4470724058699798,True,True,0.0,False,12.3086,
heterogeneity,8ff0f87b8c57823d5964,3597108210,22,separated,Separado,moderate,Moderada,0.35,0.3829290978580095,18,4,12,0.2,True,True,False,0.0,1.0502352625605411,5.372189166347085,True,True,0.0,False,19.4249,
heterogeneity,8ff0f87b8c57823d5964,3597108210,22,separated,Separado,high,Alta,0.65,0.6653197999552573,18,4,12,0.2,True,True,False,0.0,1.7596283244258046,4.444182607163872,True,True,0.0,False,20.8233,
heterogeneity,8ff0f87b8c57823d5964,3597108210,22,separated,Separado,extreme,Extrema,1.0,1.1790819355804534,18,4,12,0.2,True,False,True,8.421461876081107,-8.421461876081107,0.4780457645911657,True,True,0.0,True,9.23,
heterogeneity,9300254e034cfe681bb6,1027997127,23,separated,Separado,homogeneous,Homogénea,0.0,0.0,18,4,12,0.2,True,True,False,0.0,2.817979993205803,3.5186016796426305,True,True,0.0,False,3.3783,
heterogeneity,9300254e034cfe681bb6,1027997127,23,separated,Separado,low,Baja,0.15,0.1447406223351792,18,4,12,0.2,True,True,False,0.0,1.3060625621074005,3.2842286603040804,True,True,0.0,False,49.5115,
heterogeneity,9300254e034cfe681bb6,1027997127,23,separated,Separado,moderate,Moderada,0.35,0.27285278760781506,18,4,12,0.2,True,True,False,0.0,1.1748769055920318,3.8934013453300436,True,True,0.0,False,19.9343,
heterogeneity,9300254e034cfe681bb6,1027997127,23,separated,Separado,high,Alta,0.65,0.8912779588622275,18,4,12,0.2,True,False,True,4.053454514440768,-3.797581726659537,5.26011404401082,True,True,0.0,True,24.2956,
heterogeneity,9300254e034cfe681bb6,1027997127,23,separated,Separado,extreme,Extrema,1.0,1.8691101031581527,18,4,12,0.2,True,False,True,6.085213477650395,-6.080130044296446,5.156750389876165,True,True,0.0,True,15.7286,
heterogeneity,467f21673fd565331be4,1913097181,24,separated,Separado,homogeneous,Homogénea,0.0,0.0,18,4,12,0.2,True,True,False,0.0,0.9536024035668689,2.4146706301416367,True,True,0.0,False,3.2914,
heterogeneity,467f21673fd565331be4,1913097181,24,separated,Separado,low,Baja,0.15,0.1517974626560353,18,4,12,0.2,True,True,False,0.0,0.6101680972558512,2.29686059783701,True,True,0.0,False,65.7375,
heterogeneity,467f21673fd565331be4,1913097181,24,separated,Separado,moderate,Moderada,0.35,0.32992175849899186,18,4,12,0.2,True,True,False,0.0,1.3483359323609463,3.4120639018994554,True,True,0.0,False,219.0824,
heterogeneity,467f21673fd565331be4,1913097181,24,separated,Separado,high,Alta,0.65,0.5943705348627599,18,4,12,0.2,True,False,True,4.176742768700953,-2.4855142814103157,2.930440637072192,True,True,0.0,True,66.8442,
heterogeneity,467f21673fd565331be4,1913097181,24,separated,Separado,extreme,Extrema,1.0,0.8989738151469847,18,4,12,0.2,True,False,True,1.7683625660694648,-1.7683625660694648,5.545948802506615,True,True,0.0,True,37.0115,
heterogeneity,23213c8f01aac4a9e733,575580117,25,separated,Separado,homogeneous,Homogénea,0.0,0.0,18,4,12,0.2,True,True,False,0.0,0.8815560388972887,1.6491006825209606,True,True,0.0,False,3.356,
heterogeneity,23213c8f01aac4a9e733,575580117,25,separated,Separado,low,Baja,0.15,0.1705808812677153,18,4,12,0.2,True,True,False,0.0,1.8187582441961503,2.3457114097360297,True,True,0.0,False,34.5251,
heterogeneity,23213c8f01aac4a9e733,575580117,25,separated,Separado,moderate,Moderada,0.35,0.44094657640757884,18,4,12,0.2,True,False,True,6.5307135616475165,-3.2700491083906,-0.14302900627341697,True,True,0.0,True,91.5259,
heterogeneity,23213c8f01aac4a9e733,575580117,25,separated,Separado,high,Alta,0.65,0.4855517696570792,18,4,12,0.2,True,False,True,8.049365916125105,-8.049365916125105,1.5144924407952143,True,True,0.0,True,39.8727,
heterogeneity,23213c8f01aac4a9e733,575580117,25,separated,Separado,extreme,Extrema,1.0,0.9300821691233544,18,4,12,0.2,True,False,True,2.4476476133822658,-2.4476476133822658,3.8793315828356234,True,True,0.0,True,15.1743,
heterogeneity,dcdc4c39267c55e2049a,3534147462,26,separated,Separado,homogeneous,Homogénea,0.0,0.0,18,4,12,0.2,True,True,False,0.0,0.8851913625589631,2.6224615932318134,True,True,0.0,False,3.9108,
heterogeneity,dcdc4c39267c55e2049a,3534147462,26,separated,Separado,low,Baja,0.15,0.15565368806332225,18,4,12,0.2,True,False,True,0.21011466954038482,-0.21011466954038482,2.3727404151426157,True,True,0.0,True,86.2749,
heterogeneity,dcdc4c39267c55e2049a,3534147462,26,separated,Separado,moderate,Moderada,0.35,0.2866737256268014,18,4,12,0.2,True,False,True,0.9146163315987188,-0.9146163315987188,2.6209054540892502,True,True,0.0,True,260.6307,
heterogeneity,dcdc4c39267c55e2049a,3534147462,26,separated,Separado,high,Alta,0.65,0.7302480121403759,18,4,12,0.2,True,False,True,5.303603652813801,-5.303603652813801,-0.15932745529245573,True,True,0.0,True,121.0936,
heterogeneity,dcdc4c39267c55e2049a,3534147462,26,separated,Separado,extreme,Extrema,1.0,1.0772834668484434,18,4,12,0.2,True,False,True,3.0874234628918913,-2.180229037780533,4.360295986026419,True,True,0.0,True,5.5926,
heterogeneity,4de5122957b5b4ecc844,3654334099,27,separated,Separado,homogeneous,Homogénea,0.0,0.0,18,4,12,0.2,True,True,False,0.0,2.057236356462686,3.2197449647839353,True,True,0.0,False,2.5398,
heterogeneity,4de5122957b5b4ecc844,3654334099,27,separated,Separado,low,Baja,0.15,0.1349318205461321,18,4,12,0.2,True,True,False,0.0,0.5609931215372459,3.0719644405728483,True,True,0.0,False,11.3022,
heterogeneity,4de5122957b5b4ecc844,3654334099,27,separated,Separado,moderate,Moderada,0.35,0.25179288779211734,18,4,12,0.2,True,True,False,0.0,1.5597152220417883,2.473836779230281,True,True,0.0,False,35.6352,
heterogeneity,4de5122957b5b4ecc844,3654334099,27,separated,Separado,high,Alta,0.65,0.6453972853607619,18,4,12,0.2,True,False,True,8.868577191515667,-7.069369938036562,-0.2739107146564237,True,True,0.0,True,49.1807,
heterogeneity,4de5122957b5b4ecc844,3654334099,27,separated,Separado,extreme,Extrema,1.0,0.9040220506959329,18,4,12,0.2,True,False,True,10.108002498565504,-7.420379563249572,2.344997516333593,True,True,0.0,True,13.8563,
heterogeneity,a51aaa52ba5d87569dff,4144609442,28,separated,Separado,homogeneous,Homogénea,0.0,0.0,18,4,12,0.2,True,True,False,0.0,0.7698412539274777,2.792482050624395,True,True,0.0,False,2.6051,
heterogeneity,a51aaa52ba5d87569dff,4144609442,28,separated,Separado,low,Baja,0.15,0.12049447820784309,18,4,12,0.2,True,False,True,0.08058229147858853,-0.08058229147858853,3.279261852528906,True,True,0.0,True,19.2755,
heterogeneity,a51aaa52ba5d87569dff,4144609442,28,separated,Separado,moderate,Moderada,0.35,0.31160396625917564,18,4,12,0.2,True,False,True,4.106105567178201,-3.175150567661742,1.5991141810331255,True,True,0.0,True,22.7646,
heterogeneity,a51aaa52ba5d87569dff,4144609442,28,separated,Separado,high,Alta,0.65,0.6766068385826738,18,4,12,0.2,True,False,True,0.9641900669123427,-0.9641900669123427,1.9613248101734801,True,True,0.0,True,30.5493,
heterogeneity,a51aaa52ba5d87569dff,4144609442,28,separated,Separado,extreme,Extrema,1.0,1.0028008844474177,18,4,12,0.2,True,False,True,7.210124923300751,-7.210124923300751,6.447337130966409,True,True,0.0,True,35.4316,
heterogeneity,d7814ad62f5e76f24316,687487150,29,separated,Separado,homogeneous,Homogénea,0.0,0.0,18,4,12,0.2,True,True,False,0.0,0.945738787748823,2.883482999151407,True,True,0.0,False,3.5152,
heterogeneity,d7814ad62f5e76f24316,687487150,29,separated,Separado,low,Baja,0.15,0.16160743164335029,18,4,12,0.2,True,True,False,0.0,0.8536869374621538,2.687377090272107,True,True,0.0,False,94.9439,
heterogeneity,d7814ad62f5e76f24316,687487150,29,separated,Separado,moderate,Moderada,0.35,0.3737511048735368,18,4,12,0.2,True,False,True,0.6506478368235022,-0.6506478368235022,1.3407946149940755,True,True,0.0,True,50.012,
heterogeneity,d7814ad62f5e76f24316,687487150,29,separated,Separado,high,Alta,0.65,0.4735989576871985,18,4,12,0.2,True,True,False,0.0,0.7492675781558695,2.14215265619839,True,True,0.0,False,43.961,
heterogeneity,d7814ad62f5e76f24316,687487150,29,separated,Separado,extreme,Extrema,1.0,0.8536429173005647,18,4,12,0.2,True,False,True,9.253947995197127,-6.705618225041747,-0.9748663906444468,True,True,0.0,True,17.8689,
heterogeneity,d1d782afad7ba909c886,1082307734,0,ring,Anillo,homogeneous,Homogénea,0.0,0.0,18,4,12,0.2,True,True,False,0.0,0.5358949830586681,2.5584880952994293,True,True,0.0,False,3.2181,
heterogeneity,d1d782afad7ba909c886,1082307734,0,ring,Anillo,low,Baja,0.15,0.17442215074651624,18,4,12,0.2,True,True,False,0.0,0.20227452332161278,1.9093369286193331,True,True,0.0,False,42.2526,
heterogeneity,d1d782afad7ba909c886,1082307734,0,ring,Anillo,moderate,Moderada,0.35,0.23631134346006827,18,4,12,0.2,True,True,False,0.0,0.6775170725386772,2.632743020230052,True,True,0.0,False,40.8826,
heterogeneity,d1d782afad7ba909c886,1082307734,0,ring,Anillo,high,Alta,0.65,0.8261669410729037,18,4,12,0.2,True,False,True,4.760383197310674,-4.760383197310674,2.7329475150295233,True,True,0.0,True,13.3972,
heterogeneity,d1d782afad7ba909c886,1082307734,0,ring,Anillo,extreme,Extrema,1.0,0.8026060433645723,18,4,12,0.2,True,False,True,2.753710029696844,-2.753710029696844,5.4973153918160165,True,True,0.0,True,16.3903,
heterogeneity,82ff453640f52647f991,2112511487,1,ring,Anillo,homogeneous,Homogénea,0.0,0.0,18,4,12,0.2,True,True,False,0.0,1.2455202071309195,2.295919960067242,True,True,0.0,False,3.6676,
heterogeneity,82ff453640f52647f991,2112511487,1,ring,Anillo,low,Baja,0.15,0.0897931373640631,18,4,12,0.2,True,True,False,0.0,0.5307291664566964,2.1265019888805603,True,True,0.0,False,15.496,
heterogeneity,82ff453640f52647f991,2112511487,1,ring,Anillo,moderate,Moderada,0.35,0.36717394681905147,18,4,12,0.2,True,False,True,1.751653416724439,-1.751653416724439,1.9803679892363388,True,True,0.0,True,55.9675,
heterogeneity,82ff453640f52647f991,2112511487,1,ring,Anillo,high,Alta,0.65,1.0407020003736884,18,4,12,0.2,True,False,True,3.931374502085138,-3.931374502085138,5.389825804304749,True,True,0.0,True,11.6622,
heterogeneity,82ff453640f52647f991,2112511487,1,ring,Anillo,extreme,Extrema,1.0,1.2139794194315103,18,4,12,0.2,True,False,True,8.111496610439989,-5.872556800031935,2.3405171788181374,True,True,0.0,True,50.8086,
heterogeneity,bc2cb31c078cc5d55684,3242150284,2,ring,Anillo,homogeneous,Homogénea,0.0,0.0,18,4,12,0.2,True,True,False,0.0,1.2146982873873835,2.2102320645311533,True,True,0.0,False,2.1769,
heterogeneity,bc2cb31c078cc5d55684,3242150284,2,ring,Anillo,low,Baja,0.15,0.16108331529298373,18,4,12,0.2,True,False,True,0.020571661398054886,-0.020571661398054886,1.8126622147780724,True,True,0.0,True,28.2338,
heterogeneity,bc2cb31c078cc5d55684,3242150284,2,ring,Anillo,moderate,Moderada,0.35,0.21581321305026457,18,4,12,0.2,True,False,True,1.4281823505682247,-1.4281823505682247,1.7703764957826371,True,True,0.0,True,21.3544,
heterogeneity,bc2cb31c078cc5d55684,3242150284,2,ring,Anillo,high,Alta,0.65,0.5381797015525376,18,4,12,0.2,True,False,True,0.39213838354432085,-0.39213838354432085,1.6730672280232632,True,True,0.0,True,40.0785,
heterogeneity,bc2cb31c078cc5d55684,3242150284,2,ring,Anillo,extreme,Extrema,1.0,0.9892526804801026,18,4,12,0.2,True,True,False,0.0,0.44287400072428973,6.754970281820805,True,True,0.0,False,13.1185,
heterogeneity,98bde9fdd9ee72d17d63,3476098497,3,ring,Anillo,homogeneous,Homogénea,0.0,0.0,18,4,12,0.2,True,True,False,0.0,0.7507780829570532,1.722883791076702,True,True,0.0,False,3.4455,
heterogeneity,98bde9fdd9ee72d17d63,3476098497,3,ring,Anillo,low,Baja,0.15,0.1637110773184003,18,4,12,0.2,True,True,False,0.0,0.36345929660120113,2.0321431577663542,True,True,0.0,False,14.3733,
heterogeneity,98bde9fdd9ee72d17d63,3476098497,3,ring,Anillo,moderate,Moderada,0.35,0.2596482148492222,18,4,12,0.2,True,False,True,0.3192967191584408,-0.3192967191584408,1.5916940895257212,True,True,0.0,True,53.8044,
heterogeneity,98bde9fdd9ee72d17d63,3476098497,3,ring,Anillo,high,Alta,0.65,0.674093731715155,18,4,12,0.2,True,False,True,1.234998192308577,-1.234998192308577,3.1728085312455057,True,True,0.0,True,40.1779,
heterogeneity,98bde9fdd9ee72d17d63,3476098497,3,ring,Anillo,extreme,Extrema,1.0,1.6478922127225268,18,4,12,0.2,True,False,True,13.400769255058963,-13.400769255058963,4.512803300660052,True,True,0.0,True,20.1557,
heterogeneity,e98716a599c6715780db,4265599549,4,ring,Anillo,homogeneous,Homogénea,0.0,0.0,18,4,12,0.2,True,True,False,0.0,1.4862118901303667,2.6083348005178832,True,True,0.0,False,2.2603,
heterogeneity,e98716a599c6715780db,4265599549,4,ring,Anillo,low,Baja,0.15,0.1445645056645901,18,4,12,0.2,True,False,True,0.18266781333903737,-0.18266781333903737,2.6185797995385522,True,True,0.0,True,35.6863,
heterogeneity,e98716a599c6715780db,4265599549,4,ring,Anillo,moderate,Moderada,0.35,0.23860199503903007,18,4,12,0.2,True,True,False,0.0,1.7854137174295737,3.3253495243850786,True,True,0.0,False,41.5728,
heterogeneity,e98716a599c6715780db,4265599549,4,ring,Anillo,high,Alta,0.65,0.637097181528204,18,4,12,0.2,True,False,True,2.017344805074215,-2.017344805074215,3.1955890244901446,True,True,0.0,True,65.9479,
heterogeneity,e98716a599c6715780db,4265599549,4,ring,Anillo,extreme,Extrema,1.0,0.9491707961804989,18,4,12,0.2,True,False,True,16.428091421836434,-7.268185405836697,-2.461926086875929,True,True,0.0,True,9.7749,
heterogeneity,31ffbc5e1c2bc26a19ea,2844693144,5,ring,Anillo,homogeneous,Homogénea,0.0,0.0,18,4,12,0.2,True,True,False,0.0,0.4394644522491138,2.3973396821739175,True,True,0.0,False,2.4373,
heterogeneity,31ffbc5e1c2bc26a19ea,2844693144,5,ring,Anillo,low,Baja,0.15,0.12989536361922646,18,4,12,0.2,True,True,False,0.0,1.6711674206172802,2.1509428549171385,True,True,0.0,False,18.0927,
heterogeneity,31ffbc5e1c2bc26a19ea,2844693144,5,ring,Anillo,moderate,Moderada,0.35,0.2972546033431925,18,4,12,0.2,True,True,False,0.0,0.8012461366055845,3.0250976699740932,True,True,0.0,False,23.0439,
heterogeneity,31ffbc5e1c2bc26a19ea,2844693144,5,ring,Anillo,high,Alta,0.65,0.530586298060687,18,4,12,0.2,True,False,True,7.044214059264121,-6.424427196421818,0.5083828466409228,True,True,0.0,True,55.9089,
heterogeneity,31ffbc5e1c2bc26a19ea,2844693144,5,ring,Anillo,extreme,Extrema,1.0,0.6587108066939492,18,4,12,0.2,True,False,True,9.280467619329595,-4.865357430345457,1.9528078287857875,True,True,0.0,True,28.0559,
heterogeneity,dcc6638e4569242ec777,3827623025,6,ring,Anillo,homogeneous,Homogénea,0.0,0.0,18,4,12,0.2,True,True,False,0.0,0.3754749688641681,2.427020585069233,True,True,0.0,False,2.5471,
heterogeneity,dcc6638e4569242ec777,3827623025,6,ring,Anillo,low,Baja,0.15,0.14250679529758958,18,4,12,0.2,True,True,False,0.0,0.796271161488125,2.4474064131578315,True,True,0.0,False,10.7264,
heterogeneity,dcc6638e4569242ec777,3827623025,6,ring,Anillo,moderate,Moderada,0.35,0.35364398228058963,18,4,12,0.2,True,False,True,1.4100037251319897,-1.4100037251319897,1.9599915753951587,True,True,0.0,True,69.0514,
heterogeneity,dcc6638e4569242ec777,3827623025,6,ring,Anillo,high,Alta,0.65,1.9173651911009657,18,4,12,0.2,True,False,True,16.613071764449398,-9.446283068109075,-3.140761975092527,True,True,0.0,True,81.0643,
heterogeneity,dcc6638e4569242ec777,3827623025,6,ring,Anillo,extreme,Extrema,1.0,0.8086456118337756,18,4,12,0.2,True,False,True,7.7645620237387405,-5.217848384638167,2.799636093143468,True,True,0.0,True,36.3064,
heterogeneity,fef914735629b20c60f1,4011769642,7,ring,Anillo,homogeneous,Homogénea,0.0,0.0,18,4,12,0.2,True,True,False,0.0,1.1177690244537732,3.3216460146874933,True,True,0.0,False,3.9511,
heterogeneity,fef914735629b20c60f1,4011769642,7,ring,Anillo,low,Baja,0.15,0.1533602148729826,18,4,12,0.2,True,True,False,0.0,0.6947905810326578,3.0540726640466866,True,True,0.0,False,20.4456,
heterogeneity,fef914735629b20c60f1,4011769642,7,ring,Anillo,moderate,Moderada,0.35,0.2293959002014033,18,4,12,0.2,True,True,False,0.0,2.6299495722135813,3.814934627644675,True,True,0.0,False,28.3094,
heterogeneity,fef914735629b20c60f1,4011769642,7,ring,Anillo,high,Alta,0.65,0.6334741180153516,18,4,12,0.2,True,False,True,1.2024628568800555,-1.2024628568800555,1.4370330942296905,True,True,0.0,True,22.6677,
heterogeneity,fef914735629b20c60f1,4011769642,7,ring,Anillo,extreme,Extrema,1.0,1.0048486586935783,18,4,12,0.2,True,False,True,5.080036929543919,-5.080036929543919,2.8583954567685117,True,True,0.0,True,6.719,
heterogeneity,521e062109032995e5a4,2460414207,8,ring,Anillo,homogeneous,Homogénea,0.0,0.0,18,4,12,0.2,True,True,False,0.0,0.3732104649370278,2.1223054355067283,True,True,0.0,False,3.4007,
heterogeneity,521e062109032995e5a4,2460414207,8,ring,Anillo,low,Baja,0.15,0.16313839645747794,18,4,12,0.2,True,False,True,0.8614233006287257,-0.8614233006287257,2.3185759203729557,True,True,0.0,True,68.6923,
heterogeneity,521e062109032995e5a4,2460414207,8,ring,Anillo,moderate,Moderada,0.35,0.2921956307594918,18,4,12,0.2,True,False,True,0.5724480566272625,-0.5724480566272625,1.9846168123082366,True,True,0.0,True,67.2279,
heterogeneity,521e062109032995e5a4,2460414207,8,ring,Anillo,high,Alta,0.65,0.7347402583624218,18,4,12,0.2,True,False,True,2.727090439892395,-2.727090439892395,2.3788195873938696,True,True,0.0,True,8.1624,
heterogeneity,521e062109032995e5a4,2460414207,8,ring,Anillo,extreme,Extrema,1.0,1.2294251407398187,18,4,12,0.2,True,False,True,18.75215362344461,-6.191101285283263,-4.688038405861152,True,True,0.0,True,6.5549,
heterogeneity,23e01b44e1d1c3bfb496,465020856,9,ring,Anillo,homogeneous,Homogénea,0.0,0.0,18,4,12,0.2,True,True,False,0.0,1.2389628825939596,2.247636984582046,True,True,0.0,False,1.7732,
heterogeneity,23e01b44e1d1c3bfb496,465020856,9,ring,Anillo,low,Baja,0.15,0.17589151061043828,18,4,12,0.2,True,True,False,0.0,0.6124934214347846,2.4704734030226057,True,True,0.0,False,23.9505,
heterogeneity,23e01b44e1d1c3bfb496,465020856,9,ring,Anillo,moderate,Moderada,0.35,0.2889025022786584,18,4,12,0.2,True,False,True,0.34211120459862165,-0.34211120459862165,1.5471521181749042,True,True,0.0,True,26.1901,
heterogeneity,23e01b44e1d1c3bfb496,465020856,9,ring,Anillo,high,Alta,0.65,0.8472688429105881,18,4,12,0.2,True,False,True,5.358426115778107,-2.7989431481561837,2.8055015680675033,True,True,0.0,True,39.6938,
heterogeneity,23e01b44e1d1c3bfb496,465020856,9,ring,Anillo,extreme,Extrema,1.0,0.9613255383289063,18,4,12,0.2,True,False,True,1.4801829166282765,-1.3762628746881926,6.602139153626107,True,True,0.0,True,17.2883,
heterogeneity,ce6bfb3ff2ac26f3cc6c,846462607,10,ring,Anillo,homogeneous,Homogénea,0.0,0.0,18,4,12,0.2,True,True,False,0.0,1.3806176952993687,2.5383674595752033,True,True,0.0,False,4.0521,
heterogeneity,ce6bfb3ff2ac26f3cc6c,846462607,10,ring,Anillo,low,Baja,0.15,0.12257937185060697,18,4,12,0.2,True,True,False,0.0,0.27217248981522246,2.183227316290847,True,True,0.0,False,34.276,
heterogeneity,ce6bfb3ff2ac26f3cc6c,846462607,10,ring,Anillo,moderate,Moderada,0.35,0.2893184325806733,18,4,12,0.2,True,False,True,0.15831581143251583,-0.15831581143251583,2.6310094514588704,True,True,0.0,True,24.0457,
heterogeneity,ce6bfb3ff2ac26f3cc6c,846462607,10,ring,Anillo,high,Alta,0.65,0.5820883986037034,18,4,12,0.2,True,False,True,1.3106604948401492,-1.236752465851342,4.330298421124373,True,True,0.0,True,32.1484,
heterogeneity,ce6bfb3ff2ac26f3cc6c,846462607,10,ring,Anillo,extreme,Extrema,1.0,1.8105036775305365,18,4,12,0.2,True,False,True,15.355129157714572,-7.193389205314406,-3.594403932174287,True,True,0.0,True,11.6102,
heterogeneity,590f39da6407b943c330,680325703,11,ring,Anillo,homogeneous,Homogénea,0.0,0.0,18,4,12,0.2,True,True,False,0.0,0.4056809689823826,1.7616991637457264,True,True,0.0,False,3.7487,
heterogeneity,590f39da6407b943c330,680325703,11,ring,Anillo,low,Baja,0.15,0.15815549642429466,18,4,12,0.2,True,False,True,0.2019945841890438,-0.2019945841890438,1.7750159658568998,True,True,0.0,True,53.6555,
heterogeneity,590f39da6407b943c330,680325703,11,ring,Anillo,moderate,Moderada,0.35,0.37808654958696886,18,4,12,0.2,True,False,True,4.2760336527422,-4.2760336527422,1.2172079424271147,True,True,0.0,True,30.0037,
heterogeneity,590f39da6407b943c330,680325703,11,ring,Anillo,high,Alta,0.65,0.583235108132184,18,4,12,0.2,True,False,True,1.0371162341199565,-1.0371162341199565,3.3615240380521416,True,True,0.0,True,26.5239,
heterogeneity,590f39da6407b943c330,680325703,11,ring,Anillo,extreme,Extrema,1.0,0.9533568275281565,18,4,12,0.2,True,False,True,5.286369539372264,-2.7225149350337183,3.22610162565398,True,True,0.0,True,45.2518,
heterogeneity,515d5351546e96e73229,3309274144,12,ring,Anillo,homogeneous,Homogénea,0.0,0.0,18,4,12,0.2,True,True,False,0.0,0.9020036571184882,1.9245825241443066,True,True,0.0,False,3.448,
heterogeneity,515d5351546e96e73229,3309274144,12,ring,Anillo,low,Baja,0.15,0.16033446090144135,18,4,12,0.2,True,True,False,0.0,1.0716205323686516,2.1401930789823504,True,True,0.0,False,18.241,
heterogeneity,515d5351546e96e73229,3309274144,12,ring,Anillo,moderate,Moderada,0.35,0.30598773486605935,18,4,12,0.2,True,True,False,0.0,0.39582688030768054,3.041910044726178,True,True,0.0,False,21.7353,
heterogeneity,515d5351546e96e73229,3309274144,12,ring,Anillo,high,Alta,0.65,0.7379462046468773,18,4,12,0.2,True,False,True,8.605436373814902,-6.577427661158794,1.5016596032665697,True,True,0.0,True,42.4417,
heterogeneity,515d5351546e96e73229,3309274144,12,ring,Anillo,extreme,Extrema,1.0,0.8562516469640092,18,4,12,0.2,True,False,True,12.76232534766535,-10.819769730767494,-0.6596582202512711,True,True,0.0,True,35.6545,
heterogeneity,51ffb4e0f78123acc84f,409142645,13,ring,Anillo,homogeneous,Homogénea,0.0,0.0,18,4,12,0.2,True,True,False,0.0,0.43334653048991,2.0427094593943917,True,True,0.0,False,1.7138,
heterogeneity,51ffb4e0f78123acc84f,409142645,13,ring,Anillo,low,Baja,0.15,0.1325362498917338,18,4,12,0.2,True,True,False,0.0,0.24274577936910546,2.390942145448289,True,True,0.0,False,14.922,
heterogeneity,51ffb4e0f78123acc84f,409142645,13,ring,Anillo,moderate,Moderada,0.35,0.30663435965254293,18,4,12,0.2,True,True,False,0.0,1.0289240917123266,3.2186339887939845,True,True,0.0,False,21.8385,
heterogeneity,51ffb4e0f78123acc84f,409142645,13,ring,Anillo,high,Alta,0.65,0.691377321030207,18,4,12,0.2,True,False,True,2.816115108571374,-2.160140655119987,1.8881951941223765,True,True,0.0,True,28.83,
heterogeneity,51ffb4e0f78123acc84f,409142645,13,ring,Anillo,extreme,Extrema,1.0,1.0984314890440252,18,4,12,0.2,True,False,True,22.73217932837571,-8.840104137378301,-5.683044832093928,True,True,0.0,True,12.6982,
heterogeneity,7a10258ca747039e8bcb,2948998266,14,ring,Anillo,homogeneous,Homogénea,0.0,0.0,18,4,12,0.2,True,True,False,0.0,1.1997663323950558,2.442558245707304,True,True,0.0,False,1.9124,
heterogeneity,7a10258ca747039e8bcb,2948998266,14,ring,Anillo,low,Baja,0.15,0.1325306501926327,18,4,12,0.2,True,True,False,0.0,0.4970902806789699,2.016733025879127,True,True,0.0,False,14.5831,
heterogeneity,7a10258ca747039e8bcb,2948998266,14,ring,Anillo,moderate,Moderada,0.35,0.24070497666713853,18,4,12,0.2,True,True,False,0.0,1.8823923196629426,3.2611023053061716,True,True,0.0,False,19.6102,
heterogeneity,7a10258ca747039e8bcb,2948998266,14,ring,Anillo,high,Alta,0.65,0.6879555260997382,18,4,12,0.2,True,False,True,3.0177582241142105,-3.0177582241142105,2.8029219345369896,True,True,0.0,True,40.1987,
heterogeneity,7a10258ca747039e8bcb,2948998266,14,ring,Anillo,extreme,Extrema,1.0,1.823736125591049,18,4,12,0.2,True,False,True,19.39072744943996,-8.774845571292765,-4.7384255378433,True,True,0.0,True,6.5973,
heterogeneity,80896dbbcaaa1b843917,2839454711,15,ring,Anillo,homogeneous,Homogénea,0.0,0.0,18,4,12,0.2,True,True,False,0.0,0.34038992072281893,1.2538182963910358,True,True,0.0,False,2.2486,
heterogeneity,80896dbbcaaa1b843917,2839454711,15,ring,Anillo,low,Baja,0.15,0.13447684076470784,18,4,12,0.2,True,False,True,1.153415926128167,-1.153415926128167,1.5331237343568016,True,True,0.0,True,10.5022,
heterogeneity,80896dbbcaaa1b843917,2839454711,15,ring,Anillo,moderate,Moderada,0.35,0.3849058176436065,18,4,12,0.2,True,False,True,0.7374625145927807,-0.7121156461645652,1.747506557853628,True,True,0.0,True,56.7452,
heterogeneity,80896dbbcaaa1b843917,2839454711,15,ring,Anillo,high,Alta,0.65,0.8075791164057845,18,4,12,0.2,True,False,True,3.591618672990055,-3.591618672990055,4.947280454543229,True,True,0.0,True,26.6521,
heterogeneity,80896dbbcaaa1b843917,2839454711,15,ring,Anillo,extreme,Extrema,1.0,0.678910407604502,18,4,12,0.2,True,False,True,12.88869347123348,-8.349843622151322,0.029827991102426177,True,True,0.0,True,13.1112,
heterogeneity,2d2ba5de14fdec44d3aa,1175586236,16,ring,Anillo,homogeneous,Homogénea,0.0,0.0,18,4,12,0.2,True,True,False,0.0,0.2642773240178613,1.9475917485684409,True,True,0.0,False,2.9141,
heterogeneity,2d2ba5de14fdec44d3aa,1175586236,16,ring,Anillo,low,Baja,0.15,0.17694672363580588,18,4,12,0.2,True,True,False,0.0,0.7339977199175589,2.0645450881627934,True,True,0.0,False,34.0453,
heterogeneity,2d2ba5de14fdec44d3aa,1175586236,16,ring,Anillo,moderate,Moderada,0.35,0.2132853381264154,18,4,12,0.2,True,True,False,0.0,0.46596760959178685,2.7586757808483826,True,True,0.0,False,53.2643,
heterogeneity,2d2ba5de14fdec44d3aa,1175586236,16,ring,Anillo,high,Alta,0.65,0.5246227868714528,18,4,12,0.2,True,False,True,5.3196491597515525,-4.203124725775037,0.20834114551359262,True,True,0.0,True,16.9152,
heterogeneity,2d2ba5de14fdec44d3aa,1175586236,16,ring,Anillo,extreme,Extrema,1.0,1.5086565391610927,18,4,12,0.2,True,False,True,9.922344757310173,-9.573978540783457,5.930740213775012,True,True,0.0,True,12.8096,
heterogeneity,5067cc729a3be6bcaf10,1974094186,17,ring,Anillo,homogeneous,Homogénea,0.0,0.0,18,4,12,0.2,True,True,False,0.0,0.9267782875155106,2.356449220478021,True,True,0.0,False,3.0521,
heterogeneity,5067cc729a3be6bcaf10,1974094186,17,ring,Anillo,low,Baja,0.15,0.09457026868981297,18,4,12,0.2,True,True,False,0.0,0.30754446128851143,1.7737198759167871,True,True,0.0,False,41.6967,
heterogeneity,5067cc729a3be6bcaf10,1974094186,17,ring,Anillo,moderate,Moderada,0.35,0.39160170923129967,18,4,12,0.2,True,False,True,1.0149590126762646,-1.0149590126762646,2.4125076708175643,True,True,0.0,True,28.8686,
heterogeneity,5067cc729a3be6bcaf10,1974094186,17,ring,Anillo,high,Alta,0.65,0.6855250701368487,18,4,12,0.2,True,False,True,2.8178262616322023,-2.8178262616322023,3.2090907593027143,True,True,0.0,True,10.7291,
heterogeneity,5067cc729a3be6bcaf10,1974094186,17,ring,Anillo,extreme,Extrema,1.0,1.1853156374839202,18,4,12,0.2,True,False,True,1.8476989992212223,-1.1028478299679243,5.482091931947149,True,True,0.0,True,12.4294,
heterogeneity,9a0e6342d6e17f8065c5,3612431908,18,ring,Anillo,homogeneous,Homogénea,0.0,0.0,18,4,12,0.2,True,True,False,0.0,1.3699001049640103,2.891696060949387,True,True,0.0,False,3.6709,
heterogeneity,9a0e6342d6e17f8065c5,3612431908,18,ring,Anillo,low,Baja,0.15,0.1556610544462243,18,4,12,0.2,True,True,False,0.0,2.6535494828144834,3.3406274593290304,True,True,0.0,False,61.8971,
heterogeneity,9a0e6342d6e17f8065c5,3612431908,18,ring,Anillo,moderate,Moderada,0.35,0.2924720285165859,18,4,12,0.2,True,True,False,0.0,1.809615500918353,2.4469426000584082,True,True,0.0,False,34.0862,
heterogeneity,9a0e6342d6e17f8065c5,3612431908,18,ring,Anillo,high,Alta,0.65,0.48116167762655315,18,4,12,0.2,True,False,True,0.5718893065726158,-0.5718893065726158,3.582652438072878,True,True,0.0,True,20.2146,
heterogeneity,9a0e6342d6e17f8065c5,3612431908,18,ring,Anillo,extreme,Extrema,1.0,1.323035841612304,18,4,12,0.2,True,False,True,11.091137980718827,-9.009424193632952,5.006190466806485,True,True,0.0,True,9.0346,
heterogeneity,77399cd33a424723af6c,799302649,19,ring,Anillo,homogeneous,Homogénea,0.0,0.0,18,4,12,0.2,True,True,False,0.0,2.2565087454183406,2.8053578530119636,True,True,0.0,False,2.7694,
heterogeneity,77399cd33a424723af6c,799302649,19,ring,Anillo,low,Baja,0.15,0.12744157556771726,18,4,12,0.2,True,True,False,0.0,2.077091950504119,3.0821185933377766,True,True,0.0,False,358.2041,
heterogeneity,77399cd33a424723af6c,799302649,19,ring,Anillo,moderate,Moderada,0.35,0.289105551757365,18,4,12,0.2,True,True,False,0.0,0.17854701955210217,3.2674466590904423,True,True,0.0,False,60.5372,
heterogeneity,77399cd33a424723af6c,799302649,19,ring,Anillo,high,Alta,0.65,0.6840534843439886,18,4,12,0.2,True,False,True,1.9490308869526833,-1.9490308869526833,6.092680687610324,True,True,0.0,True,18.5976,
heterogeneity,77399cd33a424723af6c,799302649,19,ring,Anillo,extreme,Extrema,1.0,0.550275413002451,18,4,12,0.2,True,False,True,1.7030928569587935,-1.7030928569587935,3.7294669400374985,True,True,0.0,True,30.1606,
heterogeneity,23db3ce27141d298ebfc,3507489792,20,ring,Anillo,homogeneous,Homogénea,0.0,0.0,18,4,12,0.2,True,True,False,0.0,0.6707046755785839,3.0988541278323103,True,True,0.0,False,3.6648,
heterogeneity,23db3ce27141d298ebfc,3507489792,20,ring,Anillo,low,Baja,0.15,0.1990488636543077,18,4,12,0.2,True,True,False,0.0,0.3982487556355352,3.3948680108612557,True,True,0.0,False,19.8418,
heterogeneity,23db3ce27141d298ebfc,3507489792,20,ring,Anillo,moderate,Moderada,0.35,0.2634092753243043,18,4,12,0.2,True,True,False,0.0,1.2947350489692795,3.5496454643847137,True,True,0.0,False,31.7584,
heterogeneity,23db3ce27141d298ebfc,3507489792,20,ring,Anillo,high,Alta,0.65,0.620321195284109,18,4,12,0.2,True,False,True,1.8250993743712698,-1.8250993743712698,4.601017349823531,True,True,0.0,True,17.4181,
heterogeneity,23db3ce27141d298ebfc,3507489792,20,ring,Anillo,extreme,Extrema,1.0,0.8617343002614091,18,4,12,0.2,True,False,True,1.6133796169421775,-1.0489741556142445,4.122646710897026,True,True,0.0,True,13.1913,
heterogeneity,2f70a402581ce3736b62,2568649854,21,ring,Anillo,homogeneous,Homogénea,0.0,0.0,18,4,12,0.2,True,True,False,0.0,0.9822472540873903,2.728176796515529,True,True,0.0,False,3.2217,
heterogeneity,2f70a402581ce3736b62,2568649854,21,ring,Anillo,low,Baja,0.15,0.13878750096374753,18,4,12,0.2,True,True,False,0.0,0.9715322169570015,2.5254440458082708,True,True,0.0,False,54.6611,
heterogeneity,2f70a402581ce3736b62,2568649854,21,ring,Anillo,moderate,Moderada,0.35,0.35131839308464696,18,4,12,0.2,True,True,False,0.0,0.2528900935323435,2.501450526084457,True,True,0.0,False,13.2516,
heterogeneity,2f70a402581ce3736b62,2568649854,21,ring,Anillo,high,Alta,0.65,0.6975111727544736,18,4,12,0.2,True,False,True,6.194441059397119,-4.508660385907139,-0.5874441437883224,True,True,0.0,True,40.6575,
heterogeneity,2f70a402581ce3736b62,2568649854,21,ring,Anillo,extreme,Extrema,1.0,1.254430929496313,18,4,12,0.2,True,False,True,20.111208104878102,-10.570859903624585,-1.2907141537963975,True,True,0.0,True,10.0913,
heterogeneity,14c82d46b365a1386abb,905680367,22,ring,Anillo,homogeneous,Homogénea,0.0,0.0,18,4,12,0.2,True,True,False,0.0,0.514537498657571,2.151804814124546,True,True,0.0,False,1.9606,
heterogeneity,14c82d46b365a1386abb,905680367,22,ring,Anillo,low,Baja,0.15,0.09873353029499003,18,4,12,0.2,True,False,True,1.0521747554218805,-1.0521747554218805,1.9549401644136537,True,True,0.0,True,8.6734,
heterogeneity,14c82d46b365a1386abb,905680367,22,ring,Anillo,moderate,Moderada,0.35,0.4464464888256904,18,4,12,0.2,True,False,True,0.6513733203893266,-0.6513733203893266,3.849906242174118,True,True,0.0,True,17.0886,
heterogeneity,14c82d46b365a1386abb,905680367,22,ring,Anillo,high,Alta,0.65,0.6907681808580729,18,4,12,0.2,True,True,False,0.0,0.6044728645200133,4.828500922668413,True,True,0.0,False,20.8271,
heterogeneity,14c82d46b365a1386abb,905680367,22,ring,Anillo,extreme,Extrema,1.0,0.5664680885087632,18,4,12,0.2,True,False,True,3.900418492744393,-2.2975198080094668,1.3956760640691246,True,True,0.0,True,8.4988,
heterogeneity,a4f75e23b9b5248f50e5,2325936621,23,ring,Anillo,homogeneous,Homogénea,0.0,0.0,18,4,12,0.2,True,True,False,0.0,0.8011805943675334,3.070009405110807,True,True,0.0,False,1.9763,
heterogeneity,a4f75e23b9b5248f50e5,2325936621,23,ring,Anillo,low,Baja,0.15,0.09353047275652727,18,4,12,0.2,True,True,False,0.0,1.8569702638545342,2.793420833411903,True,True,0.0,False,17.3756,
heterogeneity,a4f75e23b9b5248f50e5,2325936621,23,ring,Anillo,moderate,Moderada,0.35,0.291029649933524,18,4,12,0.2,True,True,False,0.0,1.2677878416246848,3.3999505469098654,True,True,0.0,False,7.8506,
heterogeneity,a4f75e23b9b5248f50e5,2325936621,23,ring,Anillo,high,Alta,0.65,0.6468367588267108,18,4,12,0.2,True,True,False,0.0,1.2125167939989385,2.6351006613481043,True,True,0.0,False,36.0443,
heterogeneity,a4f75e23b9b5248f50e5,2325936621,23,ring,Anillo,extreme,Extrema,1.0,0.8296387820094585,18,4,12,0.2,True,False,True,2.2753665238616954,-2.2753665238616954,0.8633342372391941,True,True,0.0,True,7.4048,
heterogeneity,38b07c7f0e2ea195a2c1,1390972428,24,ring,Anillo,homogeneous,Homogénea,0.0,0.0,18,4,12,0.2,True,True,False,0.0,0.26930993544936754,2.9230978900418463,True,True,0.0,False,2.5304,
heterogeneity,38b07c7f0e2ea195a2c1,1390972428,24,ring,Anillo,low,Baja,0.15,0.1608980932768252,18,4,12,0.2,True,True,False,0.0,1.455609844204338,3.483604295026112,True,True,0.0,False,10.8737,
heterogeneity,38b07c7f0e2ea195a2c1,1390972428,24,ring,Anillo,moderate,Moderada,0.35,0.2928712363773307,18,4,12,0.2,True,False,True,4.761870173227704,-4.761870173227704,3.0393301413808373,True,True,0.0,True,62.0782,
heterogeneity,38b07c7f0e2ea195a2c1,1390972428,24,ring,Anillo,high,Alta,0.65,0.4204516090226935,18,4,12,0.2,True,False,True,2.476668385171248,-1.8214930012175827,2.0066639945774365,True,True,0.0,True,67.922,
heterogeneity,38b07c7f0e2ea195a2c1,1390972428,24,ring,Anillo,extreme,Extrema,1.0,0.8648185614639929,18,4,12,0.2,True,False,True,9.773770174660704,-6.839850492652904,-2.391232881957155,True,True,0.0,True,34.4052,
heterogeneity,1e542b1ea3ebb7142fee,1128656231,25,ring,Anillo,homogeneous,Homogénea,0.0,0.0,18,4,12,0.2,True,True,False,0.0,1.6224106975255594,2.5431265891725854,True,True,0.0,False,1.7462,
heterogeneity,1e542b1ea3ebb7142fee,1128656231,25,ring,Anillo,low,Baja,0.15,0.1512573604938959,18,4,12,0.2,True,True,False,0.0,1.2749059403471996,2.466030096747941,True,True,0.0,False,19.5707,
heterogeneity,1e542b1ea3ebb7142fee,1128656231,25,ring,Anillo,moderate,Moderada,0.35,0.448142560771885,18,4,12,0.2,True,False,True,3.929980431945685,-3.929980431945685,2.140472931963957,True,True,0.0,True,43.314,
heterogeneity,1e542b1ea3ebb7142fee,1128656231,25,ring,Anillo,high,Alta,0.65,0.7027777998723099,18,4,12,0.2,True,False,True,0.3738963520880585,-0.3738963520880585,4.727034800648158,True,True,0.0,True,16.3137,
heterogeneity,1e542b1ea3ebb7142fee,1128656231,25,ring,Anillo,extreme,Extrema,1.0,1.6642360155838678,18,4,12,0.2,True,False,True,7.473510833322546,-6.608889377327527,6.859182406207338,True,True,0.0,True,43.9735,
heterogeneity,8539c64e533f7a42523c,4214407517,26,ring,Anillo,homogeneous,Homogénea,0.0,0.0,18,4,12,0.2,True,True,False,0.0,1.4422009104338778,3.0589514164794918,True,True,0.0,False,2.5848,
heterogeneity,8539c64e533f7a42523c,4214407517,26,ring,Anillo,low,Baja,0.15,0.13346448403457473,18,4,12,0.2,True,True,False,0.0,1.0027056499763165,3.732327190058328,True,True,0.0,False,8.4383,
heterogeneity,8539c64e533f7a42523c,4214407517,26,ring,Anillo,moderate,Moderada,0.35,0.32688408079185666,18,4,12,0.2,True,True,False,0.0,1.184656752723281,4.055484900761984,True,True,0.0,False,7.3764,
heterogeneity,8539c64e533f7a42523c,4214407517,26,ring,Anillo,high,Alta,0.65,0.6500805457840813,18,4,12,0.2,True,False,True,3.0295356817994517,-3.0203531933460965,0.1976689968104629,True,True,0.0,True,12.3868,
heterogeneity,8539c64e533f7a42523c,4214407517,26,ring,Anillo,extreme,Extrema,1.0,0.7383241755691685,18,4,12,0.2,True,False,True,5.364072741272542,-3.259994503377775,2.4107839574676175,True,True,0.0,True,3.9328,
heterogeneity,cc299bec8a7e537b3b9b,3972338614,27,ring,Anillo,homogeneous,Homogénea,0.0,0.0,18,4,12,0.2,True,True,False,0.0,0.46763465755349287,1.1718906178386854,True,True,0.0,False,1.9183,
heterogeneity,cc299bec8a7e537b3b9b,3972338614,27,ring,Anillo,low,Baja,0.15,0.14336066719022975,18,4,12,0.2,True,False,True,1.1489335393867002,-0.9632913032404993,0.7619749995196692,True,True,0.0,True,19.1916,
heterogeneity,cc299bec8a7e537b3b9b,3972338614,27,ring,Anillo,moderate,Moderada,0.35,0.2743198942765679,18,4,12,0.2,True,True,False,0.0,1.705085494696693,2.9609075180954942,True,True,0.0,False,16.1526,
heterogeneity,cc299bec8a7e537b3b9b,3972338614,27,ring,Anillo,high,Alta,0.65,0.9348655985583101,18,4,12,0.2,True,False,True,2.2889511856392977,-1.3178623939689125,0.22432319341067397,True,True,0.0,True,29.6918,
heterogeneity,cc299bec8a7e537b3b9b,3972338614,27,ring,Anillo,extreme,Extrema,1.0,1.5756854622630174,18,4,12,0.2,True,False,True,17.782896859940138,-11.537748020570163,-3.28247061307077,True,True,0.0,True,23.2381,
heterogeneity,a7282046023eccbfee99,1838245037,28,ring,Anillo,homogeneous,Homogénea,0.0,0.0,18,4,12,0.2,True,True,False,0.0,1.887085618265056,3.0554056513993637,True,True,0.0,False,1.8241,
heterogeneity,a7282046023eccbfee99,1838245037,28,ring,Anillo,low,Baja,0.15,0.12056881946035067,18,4,12,0.2,True,True,False,0.0,1.397566640767531,3.7983214459501937,True,True,0.0,False,45.6409,
heterogeneity,a7282046023eccbfee99,1838245037,28,ring,Anillo,moderate,Moderada,0.35,0.367771042600748,18,4,12,0.2,True,True,False,0.0,1.0291499402210995,1.634765983172504,True,True,0.0,False,24.6281,
heterogeneity,a7282046023eccbfee99,1838245037,28,ring,Anillo,high,Alta,0.65,0.45139711972631746,18,4,12,0.2,True,False,True,4.568617533492958,-2.792889564403147,2.562159228728185,True,True,0.0,True,21.944,
heterogeneity,a7282046023eccbfee99,1838245037,28,ring,Anillo,extreme,Extrema,1.0,1.2190005468152116,18,4,12,0.2,True,False,True,5.751473625643962,-5.598800577990799,3.452846425016682,True,True,0.0,True,3.494,
heterogeneity,6dbafbbd53831d65fa48,299377090,29,ring,Anillo,homogeneous,Homogénea,0.0,0.0,18,4,12,0.2,True,True,False,0.0,2.50761763744876,3.4067733806149616,True,True,0.0,False,3.2997,
heterogeneity,6dbafbbd53831d65fa48,299377090,29,ring,Anillo,low,Baja,0.15,0.16908489695082982,18,4,12,0.2,True,True,False,0.0,2.8197875621162005,4.060055881862462,True,True,0.0,False,23.9644,
heterogeneity,6dbafbbd53831d65fa48,299377090,29,ring,Anillo,moderate,Moderada,0.35,0.33295946154118483,18,4,12,0.2,True,True,False,0.0,1.343086490803726,3.4635797422948627,True,True,0.0,False,36.3439,
heterogeneity,6dbafbbd53831d65fa48,299377090,29,ring,Anillo,high,Alta,0.65,0.849112138402535,18,4,12,0.2,True,False,True,6.035110340779226,-5.907785850842849,-1.0180121031209535,True,True,0.0,True,50.0445,
heterogeneity,6dbafbbd53831d65fa48,299377090,29,ring,Anillo,extreme,Extrema,1.0,0.7019224385200848,18,4,12,0.2,True,False,True,14.75830823368538,-8.378624585567325,0.2033710085221787,True,True,0.0,True,26.3521,
heterogeneity,2d5ec772ef54a5acfe9e,3356927865,0,corridor,Pasillo,homogeneous,Homogénea,0.0,0.0,18,4,12,0.2,True,True,False,0.0,2.1078679149307664,3.270455132874662,True,True,0.0,False,1.6521,
heterogeneity,2d5ec772ef54a5acfe9e,3356927865,0,corridor,Pasillo,low,Baja,0.15,0.12272632648306332,18,4,12,0.2,True,True,False,0.0,1.625199693097839,2.8998970048093144,True,True,0.0,False,12.995,
heterogeneity,2d5ec772ef54a5acfe9e,3356927865,0,corridor,Pasillo,moderate,Moderada,0.35,0.2902145171126266,18,4,12,0.2,True,False,True,1.4479785139123997,-1.4479785139123997,2.2497132741468566,True,True,0.0,True,50.8089,
heterogeneity,2d5ec772ef54a5acfe9e,3356927865,0,corridor,Pasillo,high,Alta,0.65,0.7151642873447828,18,4,12,0.2,True,False,True,8.356454179940318,-8.356454179940318,2.6530039560605188,True,True,0.0,True,7.1467,
heterogeneity,2d5ec772ef54a5acfe9e,3356927865,0,corridor,Pasillo,extreme,Extrema,1.0,0.6668752077757982,18,4,12,0.2,True,False,True,11.14269815504252,-11.14269815504252,5.054196078478358,True,True,0.0,True,17.3923,
heterogeneity,369b45d44509f75f70d5,4010033916,1,corridor,Pasillo,homogeneous,Homogénea,0.0,0.0,18,4,12,0.2,True,True,False,0.0,1.2638018669466078,2.685404617289373,True,True,0.0,False,2.0748,
heterogeneity,369b45d44509f75f70d5,4010033916,1,corridor,Pasillo,low,Baja,0.15,0.12478134003327704,18,4,12,0.2,True,True,False,0.0,0.9498383097583911,2.8788855291113387,True,True,0.0,False,9.1918,
heterogeneity,369b45d44509f75f70d5,4010033916,1,corridor,Pasillo,moderate,Moderada,0.35,0.2522242403271192,18,4,12,0.2,True,True,False,0.0,2.2440738749004936,3.352645565039028,True,True,0.0,False,14.2351,
heterogeneity,369b45d44509f75f70d5,4010033916,1,corridor,Pasillo,high,Alta,0.65,0.8742634233508063,18,4,12,0.2,True,False,True,0.879161406398687,-0.879161406398687,3.7815791796053824,True,True,0.0,True,10.524,
heterogeneity,369b45d44509f75f70d5,4010033916,1,corridor,Pasillo,extreme,Extrema,1.0,0.9389339481204187,18,4,12,0.2,True,False,True,6.982990596682951,-3.5829503022588494,3.5219774596290137,True,True,0.0,True,12.1262,
heterogeneity,8be41587e95d649f8174,2222912202,2,corridor,Pasillo,homogeneous,Homogénea,0.0,0.0,18,4,12,0.2,True,True,False,0.0,1.5296461705696531,3.606257895953016,True,True,0.0,False,3.2549,
heterogeneity,8be41587e95d649f8174,2222912202,2,corridor,Pasillo,low,Baja,0.15,0.11451751913703237,18,4,12,0.2,True,True,False,0.0,2.0124484513006644,3.78263295871342,True,True,0.0,False,6.3587,
heterogeneity,8be41587e95d649f8174,2222912202,2,corridor,Pasillo,moderate,Moderada,0.35,0.4784779819791991,18,4,12,0.2,True,False,True,2.6381370812883436,-1.3838775213287118,1.4277833308648566,True,True,0.0,True,10.3425,
heterogeneity,8be41587e95d649f8174,2222912202,2,corridor,Pasillo,high,Alta,0.65,0.8304757036363244,18,4,12,0.2,True,True,False,0.0,0.02170599088282632,1.2780941679811257,True,True,0.0,False,9.8211,
heterogeneity,8be41587e95d649f8174,2222912202,2,corridor,Pasillo,extreme,Extrema,1.0,0.7963236505109104,18,4,12,0.2,True,False,True,8.156044188199038,-5.126675955036692,0.8548674838389614,True,True,0.0,True,10.5708,
heterogeneity,7f994a2525352487cbfd,2408450972,3,corridor,Pasillo,homogeneous,Homogénea,0.0,0.0,18,4,12,0.2,True,True,False,0.0,3.3976238396799516,4.125996129777447,True,True,0.0,False,2.6558,
heterogeneity,7f994a2525352487cbfd,2408450972,3,corridor,Pasillo,low,Baja,0.15,0.1437100848262278,18,4,12,0.2,True,True,False,0.0,3.542446197648397,4.285686644360382,True,True,0.0,False,10.8133,
heterogeneity,7f994a2525352487cbfd,2408450972,3,corridor,Pasillo,moderate,Moderada,0.35,0.41418073707306224,18,4,12,0.2,True,False,True,1.1081046419970804,-1.1081046419970804,2.896634356222225,True,True,0.0,True,20.4809,
heterogeneity,7f994a2525352487cbfd,2408450972,3,corridor,Pasillo,high,Alta,0.65,0.5840786259301461,18,4,12,0.2,True,False,True,0.8621060658369615,-0.8621060658369615,4.168450158059581,True,True,0.0,True,9.7224,
heterogeneity,7f994a2525352487cbfd,2408450972,3,corridor,Pasillo,extreme,Extrema,1.0,0.8187875068242306,18,4,12,0.2,True,False,True,6.322860818609284,-3.6120638214985497,3.520647956847846,True,True,0.0,True,19.6009,
heterogeneity,501eb56e07344dfb9da7,76372414,4,corridor,Pasillo,homogeneous,Homogénea,0.0,0.0,18,4,12,0.2,True,True,False,0.0,0.46453290736658204,2.406673521780297,True,True,0.0,False,2.5083,
heterogeneity,501eb56e07344dfb9da7,76372414,4,corridor,Pasillo,low,Baja,0.15,0.11248935465080759,18,4,12,0.2,True,True,False,0.0,0.00017611587988408672,1.6032077080066736,True,True,0.0,False,8.6563,
heterogeneity,501eb56e07344dfb9da7,76372414,4,corridor,Pasillo,moderate,Moderada,0.35,0.3419242655514035,18,4,12,0.2,True,False,True,2.9334475713544066,-2.9334475713544066,1.876147432359315,True,True,0.0,True,23.4521,
heterogeneity,501eb56e07344dfb9da7,76372414,4,corridor,Pasillo,high,Alta,0.65,0.5160607966000743,18,4,12,0.2,True,False,True,3.3294267233737003,-2.7964733787595524,0.8961779253816013,True,True,0.0,True,14.3156,
heterogeneity,501eb56e07344dfb9da7,76372414,4,corridor,Pasillo,extreme,Extrema,1.0,1.1229514482387768,18,4,12,0.2,True,False,True,8.561471176249647,-3.3114465969789757,-0.33254740923346315,True,True,0.0,True,15.5708,
heterogeneity,c65df6ea46bcbb444930,3657757152,5,corridor,Pasillo,homogeneous,Homogénea,0.0,0.0,18,4,12,0.2,True,True,False,0.0,0.31874226803043193,1.6984364199756157,True,True,0.0,False,3.4988,
heterogeneity,c65df6ea46bcbb444930,3657757152,5,corridor,Pasillo,low,Baja,0.15,0.17005356662473234,18,4,12,0.2,True,True,False,0.0,0.043763942310585335,1.5274077166184343,True,True,0.0,False,8.5841,
heterogeneity,c65df6ea46bcbb444930,3657757152,5,corridor,Pasillo,moderate,Moderada,0.35,0.3514228537780366,18,4,12,0.2,True,False,True,4.5902419111513115,-3.105606767818635,1.556185886351729,True,True,0.0,True,21.9539,
heterogeneity,c65df6ea46bcbb444930,3657757152,5,corridor,Pasillo,high,Alta,0.65,0.7194575259026375,18,4,12,0.2,True,False,True,5.71783639869397,-5.71783639869397,3.4511360243706526,True,True,0.0,True,9.6666,
heterogeneity,c65df6ea46bcbb444930,3657757152,5,corridor,Pasillo,extreme,Extrema,1.0,0.9714958948795053,18,4,12,0.2,True,False,True,1.6884758191839069,-1.0516119323654838,3.463621711911259,True,True,0.0,True,14.9465,
heterogeneity,31efd93bb81df5d69c73,3424691660,6,corridor,Pasillo,homogeneous,Homogénea,0.0,0.0,18,4,12,0.2,True,True,False,0.0,0.3305313546202022,1.2718738417405548,True,True,0.0,False,2.5947,
heterogeneity,31efd93bb81df5d69c73,3424691660,6,corridor,Pasillo,low,Baja,0.15,0.15957270470386128,18,4,12,0.2,True,False,True,0.4074474342997938,-0.4074474342997938,0.7993484047285895,True,True,0.0,True,90.1731,
heterogeneity,31efd93bb81df5d69c73,3424691660,6,corridor,Pasillo,moderate,Moderada,0.35,0.26992440746704094,18,4,12,0.2,True,False,True,2.492761885661718,-1.3902198003204091,1.3694359296632346,True,True,0.0,True,205.4463,
heterogeneity,31efd93bb81df5d69c73,3424691660,6,corridor,Pasillo,high,Alta,0.65,1.0988053830917779,18,4,12,0.2,True,False,True,8.45379060556914,-7.993330968007484,3.5624738775164264,True,True,0.0,True,70.3119,
heterogeneity,31efd93bb81df5d69c73,3424691660,6,corridor,Pasillo,extreme,Extrema,1.0,1.2562988824936654,18,4,12,0.2,True,False,True,16.805761909537097,-9.02440178243954,1.6141922855172757,True,True,0.0,True,22.5778,
heterogeneity,2177eafd7fad6ab03487,2752960433,7,corridor,Pasillo,homogeneous,Homogénea,0.0,0.0,18,4,12,0.2,True,True,False,0.0,0.8343122327491805,1.36516236370329,True,True,0.0,False,3.3122,
heterogeneity,2177eafd7fad6ab03487,2752960433,7,corridor,Pasillo,low,Baja,0.15,0.10815767362476894,18,4,12,0.2,True,True,False,0.0,0.7539273431782201,1.4418717822693496,True,True,0.0,False,7.5128,
heterogeneity,2177eafd7fad6ab03487,2752960433,7,corridor,Pasillo,moderate,Moderada,0.35,0.27974732247822787,18,4,12,0.2,True,False,True,1.3035249870706647,-1.3035249870706647,0.8166886732327427,True,True,0.0,True,30.2044,
heterogeneity,2177eafd7fad6ab03487,2752960433,7,corridor,Pasillo,high,Alta,0.65,0.4769143376299162,18,4,12,0.2,True,False,True,5.066511025672932,-2.698787091424151,-0.6990995419376218,True,True,0.0,True,19.7772,
heterogeneity,2177eafd7fad6ab03487,2752960433,7,corridor,Pasillo,extreme,Extrema,1.0,0.965283843453204,18,4,12,0.2,True,False,True,3.5696255885907062,-2.1843975828118145,0.7123097033271181,True,True,0.0,True,21.0515,
heterogeneity,0b1a5a2f11deb3bb219a,2895526575,8,corridor,Pasillo,homogeneous,Homogénea,0.0,0.0,18,4,12,0.2,True,True,False,0.0,2.5648398783378923,3.663202133844189,True,True,0.0,False,3.4849,
heterogeneity,0b1a5a2f11deb3bb219a,2895526575,8,corridor,Pasillo,low,Baja,0.15,0.1767293401333446,18,4,12,0.2,True,True,False,0.0,2.052059190759543,3.566228613263122,True,True,0.0,False,24.7883,
heterogeneity,0b1a5a2f11deb3bb219a,2895526575,8,corridor,Pasillo,moderate,Moderada,0.35,0.4452634439800958,18,4,12,0.2,True,True,False,0.0,0.7493250504454203,5.821226200130275,True,True,0.0,False,4.5588,
heterogeneity,0b1a5a2f11deb3bb219a,2895526575,8,corridor,Pasillo,high,Alta,0.65,0.5597541841452446,18,4,12,0.2,True,True,False,0.0,1.3798816792790554,4.698094530066601,True,True,0.0,False,4.5875,
heterogeneity,0b1a5a2f11deb3bb219a,2895526575,8,corridor,Pasillo,extreme,Extrema,1.0,0.7615565208918607,18,4,12,0.2,True,False,True,10.41601902054036,-9.133397965145008,-0.5309327627101939,True,True,0.0,True,8.046,
heterogeneity,a142c3f238f163656241,2950668414,9,corridor,Pasillo,homogeneous,Homogénea,0.0,0.0,18,4,12,0.2,True,True,False,0.0,0.46308274808600114,1.6937743586730578,True,True,0.0,False,2.1614,
heterogeneity,a142c3f238f163656241,2950668414,9,corridor,Pasillo,low,Baja,0.15,0.1386053578910615,18,4,12,0.2,True,False,True,0.7322245770514408,-0.7322245770514408,1.94276507223804,True,True,0.0,True,85.4692,
heterogeneity,a142c3f238f163656241,2950668414,9,corridor,Pasillo,moderate,Moderada,0.35,0.29244729158582816,18,4,12,0.2,True,False,True,2.0399405498719254,-1.0217545277679845,1.2844219445275284,True,True,0.0,True,352.0551,
heterogeneity,a142c3f238f163656241,2950668414,9,corridor,Pasillo,high,Alta,0.65,0.5290598481403407,18,4,12,0.2,True,False,True,5.893713920081279,-5.893713920081279,0.07085352605735773,True,True,0.0,True,23.9661,
heterogeneity,a142c3f238f163656241,2950668414,9,corridor,Pasillo,extreme,Extrema,1.0,0.8847454998767843,18,4,12,0.2,True,False,True,9.689138294220397,-8.349957882054277,-1.1235559336551129,True,True,0.0,True,47.568,
heterogeneity,88fe193e492c3463f81a,2225786344,10,corridor,Pasillo,homogeneous,Homogénea,0.0,0.0,18,4,12,0.2,True,True,False,0.0,1.8448779520920908,2.859812961984131,True,True,0.0,False,3.5171,
heterogeneity,88fe193e492c3463f81a,2225786344,10,corridor,Pasillo,low,Baja,0.15,0.14458565843544507,18,4,12,0.2,True,True,False,0.0,1.3377164063624356,2.5216971784808417,True,True,0.0,False,31.2075,
heterogeneity,88fe193e492c3463f81a,2225786344,10,corridor,Pasillo,moderate,Moderada,0.35,0.3867873032115036,18,4,12,0.2,True,False,True,0.002198268970097228,-0.002198268970097228,3.246616821344292,True,True,0.0,True,27.1501,
heterogeneity,88fe193e492c3463f81a,2225786344,10,corridor,Pasillo,high,Alta,0.65,0.6506163528893446,18,4,12,0.2,True,False,True,1.1561275888859193,-1.1561275888859193,5.248848549188056,True,True,0.0,True,13.923,
heterogeneity,88fe193e492c3463f81a,2225786344,10,corridor,Pasillo,extreme,Extrema,1.0,1.667490235777501,18,4,12,0.2,True,False,True,14.14602038905763,-8.339443190007945,-3.1343486730491232,True,True,0.0,True,17.1148,
heterogeneity,83822bc291d83f0fba55,3841594894,11,corridor,Pasillo,homogeneous,Homogénea,0.0,0.0,18,4,12,0.2,True,True,False,0.0,0.6080710936059965,1.6218608041334175,True,True,0.0,False,3.0552,
heterogeneity,83822bc291d83f0fba55,3841594894,11,corridor,Pasillo,low,Baja,0.15,0.17522475004642685,18,4,12,0.2,True,True,False,0.0,0.3721902371472652,1.2274080239320146,True,True,0.0,False,20.6745,
heterogeneity,83822bc291d83f0fba55,3841594894,11,corridor,Pasillo,moderate,Moderada,0.35,0.3491541759337712,18,4,12,0.2,True,True,False,0.0,2.0072484180183565,3.7157276674825246,True,True,0.0,False,28.8557,
heterogeneity,83822bc291d83f0fba55,3841594894,11,corridor,Pasillo,high,Alta,0.65,0.73368177856933,18,4,12,0.2,True,False,True,3.4626632123390166,-3.4626632123390166,3.216931689668277,True,True,0.0,True,37.9029,
heterogeneity,83822bc291d83f0fba55,3841594894,11,corridor,Pasillo,extreme,Extrema,1.0,0.6483266483263738,18,4,12,0.2,True,False,True,15.252558911113848,-13.201464647948011,-0.31439420437541177,True,True,0.0,True,13.5943,
heterogeneity,893ab1592ade691dc3db,753960970,12,corridor,Pasillo,homogeneous,Homogénea,0.0,0.0,18,4,12,0.2,True,True,False,0.0,0.25986831913827757,2.0564046948224894,True,True,0.0,False,2.364,
heterogeneity,893ab1592ade691dc3db,753960970,12,corridor,Pasillo,low,Baja,0.15,0.14090393832565085,18,4,12,0.2,True,False,True,0.09419897877341299,-0.09419897877341299,1.933608345530252,True,True,0.0,True,13.3843,
heterogeneity,893ab1592ade691dc3db,753960970,12,corridor,Pasillo,moderate,Moderada,0.35,0.37418360328892286,18,4,12,0.2,True,False,True,1.8657792608340582,-1.8657792608340582,0.55121228553539,True,True,0.0,True,40.8385,
heterogeneity,893ab1592ade691dc3db,753960970,12,corridor,Pasillo,high,Alta,0.65,0.5046233903333761,18,4,12,0.2,True,False,True,3.8575663543780063,-3.6247688025947724,1.7712115531087758,True,True,0.0,True,32.1319,
heterogeneity,893ab1592ade691dc3db,753960970,12,corridor,Pasillo,extreme,Extrema,1.0,0.9388179933334992,18,4,12,0.2,True,False,True,3.437563914354609,-2.0959843616581963,0.30114405956790335,True,True,0.0,True,21.272,
heterogeneity,f9f6378f56089c92b59a,3610277667,13,corridor,Pasillo,homogeneous,Homogénea,0.0,0.0,18,4,12,0.2,True,True,False,0.0,1.935408362118789,3.1279422382078366,True,True,0.0,False,3.1353,
heterogeneity,f9f6378f56089c92b59a,3610277667,13,corridor,Pasillo,low,Baja,0.15,0.11538066360649406,18,4,12,0.2,True,True,False,0.0,1.263300710625309,2.876812195694522,True,True,0.0,False,8.67,
heterogeneity,f9f6378f56089c92b59a,3610277667,13,corridor,Pasillo,moderate,Moderada,0.35,0.3676554738837403,18,4,12,0.2,True,True,False,0.0,1.8957926424098712,4.8286206860760235,True,True,0.0,False,20.2858,
heterogeneity,f9f6378f56089c92b59a,3610277667,13,corridor,Pasillo,high,Alta,0.65,0.44590262544135834,18,4,12,0.2,True,False,True,4.032486613117719,-4.032486613117719,2.864869075534305,True,True,0.0,True,27.6971,
heterogeneity,f9f6378f56089c92b59a,3610277667,13,corridor,Pasillo,extreme,Extrema,1.0,0.7474711360694642,18,4,12,0.2,True,False,True,17.439708341385625,-17.439708341385625,0.9376587665947209,True,True,0.0,True,25.7695,
heterogeneity,60705318f140e13c21c8,2147180167,14,corridor,Pasillo,homogeneous,Homogénea,0.0,0.0,18,4,12,0.2,True,True,False,0.0,1.7063731288660904,2.3366390312134264,True,True,0.0,False,3.1791,
heterogeneity,60705318f140e13c21c8,2147180167,14,corridor,Pasillo,low,Baja,0.15,0.1354768991237968,18,4,12,0.2,True,False,True,0.5249713659592121,-0.5249713659592121,2.06198082937584,True,True,0.0,True,15.7035,
heterogeneity,60705318f140e13c21c8,2147180167,14,corridor,Pasillo,moderate,Moderada,0.35,0.3385314337722757,18,4,12,0.2,True,True,False,0.0,0.8984856062845807,4.019666928672297,True,True,0.0,False,31.5812,
heterogeneity,60705318f140e13c21c8,2147180167,14,corridor,Pasillo,high,Alta,0.65,0.43915919534351905,18,4,12,0.2,True,False,True,2.0646847077832,-1.5937923109509429,0.32944049344191373,True,True,0.0,True,32.317,
heterogeneity,60705318f140e13c21c8,2147180167,14,corridor,Pasillo,extreme,Extrema,1.0,1.2347146008380772,18,4,12,0.2,True,False,True,3.7665464992387054,-3.7665464992387054,5.762695307588995,True,True,0.0,True,12.5674,
heterogeneity,1df6c0189607db201f7e,2649921119,15,corridor,Pasillo,homogeneous,Homogénea,0.0,0.0,18,4,12,0.2,True,True,False,0.0,0.7811698243000809,2.6610300464142345,True,True,0.0,False,2.9417,
heterogeneity,1df6c0189607db201f7e,2649921119,15,corridor,Pasillo,low,Baja,0.15,0.16704429276076727,18,4,12,0.2,True,True,False,0.0,0.9667016715953025,2.359752183877606,True,True,0.0,False,112.3041,
heterogeneity,1df6c0189607db201f7e,2649921119,15,corridor,Pasillo,moderate,Moderada,0.35,0.3220418362307752,18,4,12,0.2,True,True,False,0.0,1.0805996815556491,2.7841771426437854,True,True,0.0,False,16.5205,
heterogeneity,1df6c0189607db201f7e,2649921119,15,corridor,Pasillo,high,Alta,0.65,0.6654544282310628,18,4,12,0.2,True,False,True,7.084156931477086,-6.737118122367986,1.078541407629925,True,True,0.0,True,35.1067,
heterogeneity,1df6c0189607db201f7e,2649921119,15,corridor,Pasillo,extreme,Extrema,1.0,0.9772732328666773,18,4,12,0.2,True,False,True,8.927191685291255,-8.927191685291255,-0.4153430880446842,True,True,0.0,True,16.9236,
heterogeneity,c9a23d8a5d628edf4598,1458860921,16,corridor,Pasillo,homogeneous,Homogénea,0.0,0.0,18,4,12,0.2,True,True,False,0.0,0.6079369226552949,2.000138731135718,True,True,0.0,False,3.3003,
heterogeneity,c9a23d8a5d628edf4598,1458860921,16,corridor,Pasillo,low,Baja,0.15,0.18145292356612364,18,4,12,0.2,True,False,True,1.5996575286141947,-1.5996575286141947,2.3369444598187306,True,True,0.0,True,57.8103,
heterogeneity,c9a23d8a5d628edf4598,1458860921,16,corridor,Pasillo,moderate,Moderada,0.35,0.3930365095279072,18,4,12,0.2,True,False,True,3.9172583748123646,-3.9172583748123646,2.6945881627909793,True,True,0.0,True,48.9094,
heterogeneity,c9a23d8a5d628edf4598,1458860921,16,corridor,Pasillo,high,Alta,0.65,0.5266661775354446,18,4,12,0.2,True,True,False,0.0,0.5846358831339007,2.0986167681855545,True,True,0.0,False,40.7447,
heterogeneity,c9a23d8a5d628edf4598,1458860921,16,corridor,Pasillo,extreme,Extrema,1.0,0.9108036622654403,18,4,12,0.2,True,False,True,0.803551819331112,-0.803551819331112,3.370237332932616,True,True,0.0,True,14.4361,
heterogeneity,e3d6914ce14854a4654c,758883837,17,corridor,Pasillo,homogeneous,Homogénea,0.0,0.0,18,4,12,0.2,True,True,False,0.0,1.3630086959228276,2.7892447510296012,True,True,0.0,False,3.6466,
heterogeneity,e3d6914ce14854a4654c,758883837,17,corridor,Pasillo,low,Baja,0.15,0.14594036049366987,18,4,12,0.2,True,False,True,0.8781796772336143,-0.8781796772336143,2.482758378353531,True,True,0.0,True,19.2133,
heterogeneity,e3d6914ce14854a4654c,758883837,17,corridor,Pasillo,moderate,Moderada,0.35,0.3546968434273799,18,4,12,0.2,True,False,True,1.210940550031557,-1.210940550031557,1.7231610974200033,True,True,0.0,True,28.7159,
heterogeneity,e3d6914ce14854a4654c,758883837,17,corridor,Pasillo,high,Alta,0.65,0.652140122690107,18,4,12,0.2,True,False,True,0.08290164471683603,-0.08290164471683603,0.9010867398125542,True,True,0.0,True,35.3308,
heterogeneity,e3d6914ce14854a4654c,758883837,17,corridor,Pasillo,extreme,Extrema,1.0,1.0351473617681366,18,4,12,0.2,True,False,True,6.323762488545116,-6.323762488545116,4.048746271016904,True,True,0.0,True,7.5152,
heterogeneity,10b69ea3fe6b655fc1ba,4289298041,18,corridor,Pasillo,homogeneous,Homogénea,0.0,0.0,18,4,12,0.2,True,True,False,0.0,0.3487636840381967,1.365866259505951,True,True,0.0,False,2.4742,
heterogeneity,10b69ea3fe6b655fc1ba,4289298041,18,corridor,Pasillo,low,Baja,0.15,0.1413469985436166,18,4,12,0.2,True,True,False,0.0,0.9652137627870356,2.180633679204142,True,True,0.0,False,19.2483,
heterogeneity,10b69ea3fe6b655fc1ba,4289298041,18,corridor,Pasillo,moderate,Moderada,0.35,0.3165846700027111,18,4,12,0.2,True,False,True,2.1928637402291526,-1.238334899159713,0.764978899329211,True,True,0.0,True,57.1491,
heterogeneity,10b69ea3fe6b655fc1ba,4289298041,18,corridor,Pasillo,high,Alta,0.65,0.6023977393093582,18,4,12,0.2,True,False,True,5.686425272419682,-3.370147565144684,-1.4216063181049206,True,True,0.0,True,240.4849,
heterogeneity,10b69ea3fe6b655fc1ba,4289298041,18,corridor,Pasillo,extreme,Extrema,1.0,1.1288033171630145,18,4,12,0.2,True,False,True,6.789887381263377,-6.789887381263377,5.098001853709749,True,True,0.0,True,20.8631,
heterogeneity,459001c20ea7b6da4456,2566586876,19,corridor,Pasillo,homogeneous,Homogénea,0.0,0.0,18,4,12,0.2,True,True,False,0.0,0.6500277975413038,1.6719383740040823,True,True,0.0,False,2.402,
heterogeneity,459001c20ea7b6da4456,2566586876,19,corridor,Pasillo,low,Baja,0.15,0.12675325126440265,18,4,12,0.2,True,False,True,0.25390690458565324,-0.25390690458565324,1.1274690133459093,True,True,0.0,True,56.6742,
heterogeneity,459001c20ea7b6da4456,2566586876,19,corridor,Pasillo,moderate,Moderada,0.35,0.4432142419198281,18,4,12,0.2,True,False,True,0.5599184758027302,-0.2821519374859047,2.4234952743199734,True,True,0.0,True,286.7623,
heterogeneity,459001c20ea7b6da4456,2566586876,19,corridor,Pasillo,high,Alta,0.65,0.7980249469914259,18,4,12,0.2,True,False,True,5.477161587737907,-4.138903534503427,-0.5925092874687837,True,True,0.0,True,4.7873,
heterogeneity,459001c20ea7b6da4456,2566586876,19,corridor,Pasillo,extreme,Extrema,1.0,0.8616151589269245,18,4,12,0.2,True,False,True,2.9053196512461206,-2.9053196512461206,6.377848332715807,True,True,0.0,True,63.0925,
heterogeneity,9af704ef8a52fc88004d,2334246194,20,corridor,Pasillo,homogeneous,Homogénea,0.0,0.0,18,4,12,0.2,True,True,False,0.0,1.0837637664013489,2.4703738882831394,True,True,0.0,False,3.0837,
heterogeneity,9af704ef8a52fc88004d,2334246194,20,corridor,Pasillo,low,Baja,0.15,0.15043188513267303,18,4,12,0.2,True,True,False,0.0,0.8191572362522219,2.9829261861844856,True,True,0.0,False,62.4717,
heterogeneity,9af704ef8a52fc88004d,2334246194,20,corridor,Pasillo,moderate,Moderada,0.35,0.36949303671234957,18,4,12,0.2,True,False,True,5.877964076959524,-3.2577093417191083,0.45136094260740856,True,True,0.0,True,21.7971,
heterogeneity,9af704ef8a52fc88004d,2334246194,20,corridor,Pasillo,high,Alta,0.65,0.4832725432966266,18,4,12,0.2,True,False,True,2.248056606599828,-1.1601247087716828,1.4526422432917214,True,True,7.259889011280047e-14,True,74.4863,
heterogeneity,9af704ef8a52fc88004d,2334246194,20,corridor,Pasillo,extreme,Extrema,1.0,0.9716788084209611,18,4,12,0.2,True,False,True,11.047774622251989,-6.653713503588115,3.91465482994637,True,True,0.0,True,5.3188,
heterogeneity,864b444bd54c41cbe05b,2486231129,21,corridor,Pasillo,homogeneous,Homogénea,0.0,0.0,18,4,12,0.2,True,True,False,0.0,0.795251710053968,2.539167049993244,True,True,0.0,False,3.6326,
heterogeneity,864b444bd54c41cbe05b,2486231129,21,corridor,Pasillo,low,Baja,0.15,0.17264375405310103,18,4,12,0.2,True,False,True,0.7515957915569107,-0.7515957915569107,3.111430073846485,True,True,0.0,True,16.0581,
heterogeneity,864b444bd54c41cbe05b,2486231129,21,corridor,Pasillo,moderate,Moderada,0.35,0.31575083332114795,18,4,12,0.2,True,False,True,1.2363276168320336,-1.2363276168320336,2.1256389627305072,True,True,0.0,True,28.7459,
heterogeneity,864b444bd54c41cbe05b,2486231129,21,corridor,Pasillo,high,Alta,0.65,0.6587679520171613,18,4,12,0.2,True,False,True,1.0505183153457631,-0.9753737995014058,3.9139168326407194,True,True,0.0,True,15.0174,
heterogeneity,864b444bd54c41cbe05b,2486231129,21,corridor,Pasillo,extreme,Extrema,1.0,0.8420033307151508,18,4,12,0.2,True,False,True,13.056612345614388,-7.963375482652598,0.5548607105159356,True,True,0.0,True,25.8944,
heterogeneity,defb28c6490c03d001b8,4062638289,22,corridor,Pasillo,homogeneous,Homogénea,0.0,0.0,18,4,12,0.2,True,True,False,0.0,0.36437516994570807,2.3742733482485248,True,True,0.0,False,3.0035,
heterogeneity,defb28c6490c03d001b8,4062638289,22,corridor,Pasillo,low,Baja,0.15,0.14295413170676094,18,4,12,0.2,True,True,False,0.0,1.417489895201475,2.7638130324882813,True,True,0.0,False,8.4336,
heterogeneity,defb28c6490c03d001b8,4062638289,22,corridor,Pasillo,moderate,Moderada,0.35,0.4112699026077512,18,4,12,0.2,True,False,True,3.573002441410326,-3.573002441410326,1.9564439337528392,True,True,0.0,True,18.5378,
heterogeneity,defb28c6490c03d001b8,4062638289,22,corridor,Pasillo,high,Alta,0.65,0.7795536345408853,18,4,12,0.2,True,False,True,6.5538548405652115,-3.567231810782067,3.1726790870190786,True,True,0.0,True,26.9505,
heterogeneity,defb28c6490c03d001b8,4062638289,22,corridor,Pasillo,extreme,Extrema,1.0,0.9990024557299396,18,4,12,0.2,True,False,True,3.601969214969996,-2.318841856989586,4.733908205021139,True,True,0.0,True,8.4179,
heterogeneity,7cbd0f4cb63cd1653ef9,1469325641,23,corridor,Pasillo,homogeneous,Homogénea,0.0,0.0,18,4,12,0.2,True,True,False,0.0,0.9027079701499421,3.031530387899005,True,True,0.0,False,1.9181,
heterogeneity,7cbd0f4cb63cd1653ef9,1469325641,23,corridor,Pasillo,low,Baja,0.15,0.161547975102191,18,4,12,0.2,True,True,False,0.0,2.621877048868244,3.20618687963102,True,True,0.0,False,12.0109,
heterogeneity,7cbd0f4cb63cd1653ef9,1469325641,23,corridor,Pasillo,moderate,Moderada,0.35,0.2954067137624898,18,4,12,0.2,True,False,True,1.256236419840679,-1.256236419840679,2.661831391105207,True,True,0.0,True,22.2178,
heterogeneity,7cbd0f4cb63cd1653ef9,1469325641,23,corridor,Pasillo,high,Alta,0.65,0.44856165698862016,18,4,12,0.2,True,True,False,0.0,2.786408489990859,3.8995484976232753,True,True,0.0,False,18.4264,
heterogeneity,7cbd0f4cb63cd1653ef9,1469325641,23,corridor,Pasillo,extreme,Extrema,1.0,1.2439555052229962,18,4,12,0.2,True,False,True,3.701495109327172,-2.3747744663489168,4.123673535156286,True,True,0.0,True,13.1501,
heterogeneity,8224e6f55ed192390756,3879461222,24,corridor,Pasillo,homogeneous,Homogénea,0.0,0.0,18,4,12,0.2,True,True,False,0.0,1.1301013989395177,2.481545026611948,True,True,0.0,False,2.5609,
heterogeneity,8224e6f55ed192390756,3879461222,24,corridor,Pasillo,low,Baja,0.15,0.12757612065055549,18,4,12,0.2,True,True,False,0.0,0.4132432034071183,2.126071957750792,True,True,0.0,False,12.8343,
heterogeneity,8224e6f55ed192390756,3879461222,24,corridor,Pasillo,moderate,Moderada,0.35,0.3325120384720226,18,4,12,0.2,True,False,True,1.3576154775753704,-1.3576154775753704,2.3488386965972836,True,True,0.0,True,24.4315,
heterogeneity,8224e6f55ed192390756,3879461222,24,corridor,Pasillo,high,Alta,0.65,0.39406073860194435,18,4,12,0.2,True,False,True,2.5303590538850678,-2.5303590538850678,3.7299767828671415,True,True,0.0,True,23.4746,
heterogeneity,8224e6f55ed192390756,3879461222,24,corridor,Pasillo,extreme,Extrema,1.0,1.0114217728645798,18,4,12,0.2,True,False,True,12.546368723233599,-8.25340221422612,3.4422555093001534,True,True,0.0,True,48.3368,
heterogeneity,24cdc7a5cd7465148725,1837320331,25,corridor,Pasillo,homogeneous,Homogénea,0.0,0.0,18,4,12,0.2,True,True,False,0.0,0.42556623320353104,0.9996367354635454,True,True,0.0,False,2.1612,
heterogeneity,24cdc7a5cd7465148725,1837320331,25,corridor,Pasillo,low,Baja,0.15,0.12936666862563073,18,4,12,0.2,True,True,False,0.0,0.2614786543108565,1.2997745232008557,True,True,0.0,False,8.1327,
heterogeneity,24cdc7a5cd7465148725,1837320331,25,corridor,Pasillo,moderate,Moderada,0.35,0.36426108052456324,18,4,12,0.2,True,False,True,2.280080096414668,-2.280080096414668,0.38968873599530385,True,True,0.0,True,20.3502,
heterogeneity,24cdc7a5cd7465148725,1837320331,25,corridor,Pasillo,high,Alta,0.65,0.9086323353064891,18,4,12,0.2,True,False,True,12.746102749840977,-7.11034398010934,-2.3766823183954786,True,True,0.0,True,38.6386,
heterogeneity,24cdc7a5cd7465148725,1837320331,25,corridor,Pasillo,extreme,Extrema,1.0,0.8715922435853714,18,4,12,0.2,True,False,True,10.253203529298258,-7.773620854970574,2.6105785005172404,True,True,0.0,True,16.7355,
heterogeneity,720916b85e498bc7f283,109883203,26,corridor,Pasillo,homogeneous,Homogénea,0.0,0.0,18,4,12,0.2,True,True,False,0.0,0.4075941875854383,1.624241640065453,True,True,0.0,False,1.819,
heterogeneity,720916b85e498bc7f283,109883203,26,corridor,Pasillo,low,Baja,0.15,0.11163838527011374,18,4,12,0.2,True,False,True,0.864374770542053,-0.4935166669321873,0.992791367541203,True,True,0.0,True,63.3013,
heterogeneity,720916b85e498bc7f283,109883203,26,corridor,Pasillo,moderate,Moderada,0.35,0.22533898674341574,18,4,12,0.2,True,False,True,1.656564384282614,-1.656564384282614,1.3999476395596064,True,True,0.0,True,25.9202,
heterogeneity,720916b85e498bc7f283,109883203,26,corridor,Pasillo,high,Alta,0.65,0.6587723861745653,18,4,12,0.2,True,False,True,1.2089917849434604,-1.2089917849434604,3.3074583005435425,True,True,0.0,True,38.0941,
heterogeneity,720916b85e498bc7f283,109883203,26,corridor,Pasillo,extreme,Extrema,1.0,0.7187502624617345,18,4,12,0.2,True,False,True,1.5290546842049173,-1.2245238352477748,-0.24534108083785544,True,True,0.0,True,20.5309,
heterogeneity,2cf16eca06a27b3f5dd6,2180593058,27,corridor,Pasillo,homogeneous,Homogénea,0.0,0.0,18,4,12,0.2,True,True,False,0.0,0.3993897814703615,2.8730334342244133,True,True,0.0,False,2.6345,
heterogeneity,2cf16eca06a27b3f5dd6,2180593058,27,corridor,Pasillo,low,Baja,0.15,0.11405849053434322,18,4,12,0.2,True,False,True,0.7771944151746943,-0.7771944151746943,2.857594538585055,True,True,0.0,True,10.0219,
heterogeneity,2cf16eca06a27b3f5dd6,2180593058,27,corridor,Pasillo,moderate,Moderada,0.35,0.18584347365614814,18,4,12,0.2,True,False,True,0.5881318938544808,-0.5881318938544808,2.8525593168472847,True,True,0.0,True,72.4243,
heterogeneity,2cf16eca06a27b3f5dd6,2180593058,27,corridor,Pasillo,high,Alta,0.65,0.4134895462189824,18,4,12,0.2,True,True,False,0.0,0.31613485359054927,2.512116870835726,True,True,0.0,False,9.0556,
heterogeneity,2cf16eca06a27b3f5dd6,2180593058,27,corridor,Pasillo,extreme,Extrema,1.0,0.8780711614861284,18,4,12,0.2,True,False,True,8.519981288839283,-8.519981288839283,2.6295947552808077,True,True,0.0,True,27.3117,
heterogeneity,cbddbdd6d09a4a7fcb07,3139209715,28,corridor,Pasillo,homogeneous,Homogénea,0.0,0.0,18,4,12,0.2,True,True,False,0.0,1.9769790299843315,2.5698312547105178,True,True,0.0,False,2.9169,
heterogeneity,cbddbdd6d09a4a7fcb07,3139209715,28,corridor,Pasillo,low,Baja,0.15,0.15521285444013352,18,4,12,0.2,True,True,False,0.0,1.4594458630976384,2.510242294763725,True,True,0.0,False,11.891,
heterogeneity,cbddbdd6d09a4a7fcb07,3139209715,28,corridor,Pasillo,moderate,Moderada,0.35,0.3289625234316556,18,4,12,0.2,True,True,False,0.0,1.181030071080567,3.397603789194787,True,True,0.0,False,7.6892,
heterogeneity,cbddbdd6d09a4a7fcb07,3139209715,28,corridor,Pasillo,high,Alta,0.65,0.5439260030691813,18,4,12,0.2,True,False,True,2.8116650218006765,-2.8116650218006765,3.3902331465184674,True,True,0.0,True,4.5287,
heterogeneity,cbddbdd6d09a4a7fcb07,3139209715,28,corridor,Pasillo,extreme,Extrema,1.0,0.8950176605309667,18,4,12,0.2,True,False,True,12.822693829665509,-7.503389434101791,-0.9584984762659325,True,True,0.0,True,9.1964,
heterogeneity,73329d70ca91e0c52c66,3050323463,29,corridor,Pasillo,homogeneous,Homogénea,0.0,0.0,18,4,12,0.2,True,True,False,0.0,1.1229109116530935,2.556235348536042,True,True,0.0,False,3.1776,
heterogeneity,73329d70ca91e0c52c66,3050323463,29,corridor,Pasillo,low,Baja,0.15,0.17262166459563316,18,4,12,0.2,True,True,False,0.0,1.109216400892917,2.0914691497055924,True,True,0.0,False,11.0776,
heterogeneity,73329d70ca91e0c52c66,3050323463,29,corridor,Pasillo,moderate,Moderada,0.35,0.30760884170986014,18,4,12,0.2,True,True,False,0.0,0.8784921508580794,3.2319017415739797,True,True,0.0,False,23.7573,
heterogeneity,73329d70ca91e0c52c66,3050323463,29,corridor,Pasillo,high,Alta,0.65,0.4520127265126212,18,4,12,0.2,True,False,True,1.8740935188799206,-1.8740935188799206,0.42301754860159413,True,True,0.0,True,27.1351,
heterogeneity,73329d70ca91e0c52c66,3050323463,29,corridor,Pasillo,extreme,Extrema,1.0,0.8888439658002186,18,4,12,0.2,True,False,True,7.644253382572494,-5.750954405766013,2.7433744037683425,True,True,0.0,True,28.2005,
heterogeneity,989e00c157c03090fe23,3861698299,0,uniform,Aleatorio,homogeneous,Homogénea,0.0,0.0,36,8,24,0.2,True,True,False,0.0,1.2730106475738072,3.3939829946484634,True,True,0.0,False,4.6706,
heterogeneity,989e00c157c03090fe23,3861698299,0,uniform,Aleatorio,low,Baja,0.15,0.13877229158420085,36,8,24,0.2,True,False,True,0.5449685438032876,-0.5449685438032876,3.128563958065854,True,True,0.0,True,184.0709,
heterogeneity,989e00c157c03090fe23,3861698299,0,uniform,Aleatorio,moderate,Moderada,0.35,0.37997060525896725,36,8,24,0.2,True,False,True,1.4537499404657872,-0.9058851882510588,2.6022319716189872,True,True,0.0,True,261.6453,
heterogeneity,989e00c157c03090fe23,3861698299,0,uniform,Aleatorio,high,Alta,0.65,0.7587393540118657,36,8,24,0.2,True,False,True,5.655221170458262,-3.3036934630741683,4.107858234266365,True,True,0.0,True,322.0168,
heterogeneity,989e00c157c03090fe23,3861698299,0,uniform,Aleatorio,extreme,Extrema,1.0,0.7167418559236975,36,8,24,0.2,True,True,False,0.0,0.0016472245412444408,3.7430527656463166,True,True,0.0,False,108.7377,
heterogeneity,c21d6c3a66b2e638bba3,4040469296,1,uniform,Aleatorio,homogeneous,Homogénea,0.0,0.0,36,8,24,0.2,True,True,False,0.0,0.6394563627296534,2.2848515798144353,True,True,0.0,False,5.4015,
heterogeneity,c21d6c3a66b2e638bba3,4040469296,1,uniform,Aleatorio,low,Baja,0.15,0.15441847074903894,36,8,24,0.2,True,True,False,0.0,0.11824293195425639,2.411891142547633,True,True,0.0,False,2487.2335,
heterogeneity,c21d6c3a66b2e638bba3,4040469296,1,uniform,Aleatorio,moderate,Moderada,0.35,0.292986657533607,36,8,24,0.2,True,False,True,1.8280774049060096,-1.8280774049060096,2.3905083516448467,True,True,0.0,True,723.7354,
heterogeneity,c21d6c3a66b2e638bba3,4040469296,1,uniform,Aleatorio,high,Alta,0.65,0.5849532951073599,36,8,24,0.2,True,False,True,10.896569475194253,-4.789772328206544,3.341779922923122,True,True,0.0,True,392.1479,
heterogeneity,c21d6c3a66b2e638bba3,4040469296,1,uniform,Aleatorio,extreme,Extrema,1.0,1.0858504694095252,36,8,24,0.2,True,False,True,19.00973747454705,-7.693375246835278,4.641969456196123,True,True,0.0,True,173.2156,
heterogeneity,99fc6653c40680a25204,1560728181,2,uniform,Aleatorio,homogeneous,Homogénea,0.0,0.0,36,8,24,0.2,True,True,False,0.0,0.609930273117584,2.418281378830839,True,True,0.0,False,6.026,
heterogeneity,99fc6653c40680a25204,1560728181,2,uniform,Aleatorio,low,Baja,0.15,0.16890020691844132,36,8,24,0.2,True,True,False,0.0,0.5853301787972107,2.9258539901840197,True,True,0.0,False,50.831,
heterogeneity,99fc6653c40680a25204,1560728181,2,uniform,Aleatorio,moderate,Moderada,0.35,0.3225855617908397,36,8,24,0.2,True,False,True,2.763205795310318,-2.1618091675237814,1.3416421877434002,True,True,0.0,True,257.965,
heterogeneity,99fc6653c40680a25204,1560728181,2,uniform,Aleatorio,high,Alta,0.65,0.517400339453283,36,8,24,0.2,True,False,True,3.7792701521845746,-3.2120481835541526,3.794420106748083,True,True,0.0,True,195.2403,
heterogeneity,99fc6653c40680a25204,1560728181,2,uniform,Aleatorio,extreme,Extrema,1.0,0.8764911090232432,36,8,24,0.2,True,False,True,26.94643545159175,-6.340302713485716,-0.8086381699744786,True,True,0.0,True,173.3546,
heterogeneity,68115cedf6e6e9bc3e41,3969280634,3,uniform,Aleatorio,homogeneous,Homogénea,0.0,0.0,36,8,24,0.2,True,True,False,0.0,0.48144937519436226,2.9817360872620267,True,True,0.0,False,6.4725,
heterogeneity,68115cedf6e6e9bc3e41,3969280634,3,uniform,Aleatorio,low,Baja,0.15,0.14575800302157013,36,8,24,0.2,True,True,False,0.0,0.2291939714569402,3.1343135357777845,True,True,0.0,False,70.3389,
heterogeneity,68115cedf6e6e9bc3e41,3969280634,3,uniform,Aleatorio,moderate,Moderada,0.35,0.3581612580505805,36,8,24,0.2,True,False,True,3.1181741427667085,-3.1181741427667085,3.4827748491742403,True,True,0.0,True,70.1188,
heterogeneity,68115cedf6e6e9bc3e41,3969280634,3,uniform,Aleatorio,high,Alta,0.65,0.5773490485160092,36,8,24,0.2,True,False,True,10.133075480440422,-8.991478985254052,2.3349128985861958,True,True,0.0,True,211.3288,
heterogeneity,68115cedf6e6e9bc3e41,3969280634,3,uniform,Aleatorio,extreme,Extrema,1.0,2.321020724347859,36,8,24,0.2,True,False,True,21.538676045684895,-6.340911294184606,5.899312088740774,True,True,0.0,True,175.5842,
heterogeneity,5a77e5915157efc5ab24,1366629236,4,uniform,Aleatorio,homogeneous,Homogénea,0.0,0.0,36,8,24,0.2,True,True,False,0.0,0.2954820268897258,2.4979962658505093,True,True,0.0,False,6.5952,
heterogeneity,5a77e5915157efc5ab24,1366629236,4,uniform,Aleatorio,low,Baja,0.15,0.14682656052723028,36,8,24,0.2,True,False,True,0.4742339803205695,-0.4742339803205695,2.3287404882393963,True,True,0.0,True,936.5185,
heterogeneity,5a77e5915157efc5ab24,1366629236,4,uniform,Aleatorio,moderate,Moderada,0.35,0.3755512078229867,36,8,24,0.2,True,False,True,2.366936175305213,-1.7741335410491423,1.8755991448654838,True,True,0.0,True,706.7444,
heterogeneity,5a77e5915157efc5ab24,1366629236,4,uniform,Aleatorio,high,Alta,0.65,0.9383651313697919,36,8,24,0.2,True,False,True,9.203835192021495,-6.549350007744687,4.3873572817124336,True,True,0.0,True,185.3451,
heterogeneity,5a77e5915157efc5ab24,1366629236,4,uniform,Aleatorio,extreme,Extrema,1.0,0.7766934807932022,36,8,24,0.2,True,False,True,7.796853820473828,-4.725198186226331,2.3795914507965383,True,True,0.0,True,68.1918,
heterogeneity,0f238535beec61a36874,3057731215,5,uniform,Aleatorio,homogeneous,Homogénea,0.0,0.0,36,8,24,0.2,True,True,False,0.0,2.031636153776875,3.381983147712257,True,True,0.0,False,5.1454,
heterogeneity,0f238535beec61a36874,3057731215,5,uniform,Aleatorio,low,Baja,0.15,0.12326296944271384,36,8,24,0.2,True,True,False,0.0,1.4432275076317862,3.207021812745909,True,True,0.0,False,195.1163,
heterogeneity,0f238535beec61a36874,3057731215,5,uniform,Aleatorio,moderate,Moderada,0.35,0.36799334589186367,36,8,24,0.2,True,False,True,2.023592252753229,-2.023592252753229,3.6958776110288376,True,True,0.0,True,310.5602,
heterogeneity,0f238535beec61a36874,3057731215,5,uniform,Aleatorio,high,Alta,0.65,0.57074951384658,36,8,24,0.2,True,False,True,5.418358328064574,-3.7117956294386545,3.8065577856684314,True,True,0.0,True,267.7609,
heterogeneity,0f238535beec61a36874,3057731215,5,uniform,Aleatorio,extreme,Extrema,1.0,1.1943369321978234,36,8,24,0.2,True,False,True,4.356675089183305,-4.356675089183305,5.909327640927328,True,True,0.0,True,102.1837,
heterogeneity,edc1d7f42815f91ad742,4035543167,6,uniform,Aleatorio,homogeneous,Homogénea,0.0,0.0,36,8,24,0.2,True,True,False,0.0,2.0786635327130147,3.513336974768257,True,True,0.0,False,6.5209,
heterogeneity,edc1d7f42815f91ad742,4035543167,6,uniform,Aleatorio,low,Baja,0.15,0.14400075887987757,36,8,24,0.2,True,True,False,0.0,0.7697465218404349,3.6606371222659355,True,True,0.0,False,120.2693,
heterogeneity,edc1d7f42815f91ad742,4035543167,6,uniform,Aleatorio,moderate,Moderada,0.35,0.30841686558334197,36,8,24,0.2,True,False,True,4.1683216997066665,-4.1683216997066665,3.9264093600548122,True,True,0.0,True,53.0931,
heterogeneity,edc1d7f42815f91ad742,4035543167,6,uniform,Aleatorio,high,Alta,0.65,0.6786736216987542,36,8,24,0.2,True,False,True,15.022631680686828,-15.022631680686828,1.3941147518802142,True,True,0.0,True,144.0681,
heterogeneity,edc1d7f42815f91ad742,4035543167,6,uniform,Aleatorio,extreme,Extrema,1.0,1.0270207420553712,36,8,24,0.2,True,False,True,3.274718418788887,-2.320838300455855,1.148612321728164,True,True,0.0,True,59.2232,
heterogeneity,6bc19160310f2e658c47,3789107282,7,uniform,Aleatorio,homogeneous,Homogénea,0.0,0.0,36,8,24,0.2,True,True,False,0.0,0.4255973342624024,2.104168230726012,True,True,0.0,False,6.2401,
heterogeneity,6bc19160310f2e658c47,3789107282,7,uniform,Aleatorio,low,Baja,0.15,0.13893279748921578,36,8,24,0.2,True,True,False,0.0,0.07152331509935195,2.1196886678148688,True,True,0.0,False,53.1218,
heterogeneity,6bc19160310f2e658c47,3789107282,7,uniform,Aleatorio,moderate,Moderada,0.35,0.3462347036283526,36,8,24,0.2,True,False,True,4.619723475236611,-1.8431219824496203,1.5818140817115938,True,True,0.0,True,138.5267,
heterogeneity,6bc19160310f2e658c47,3789107282,7,uniform,Aleatorio,high,Alta,0.65,0.6317727360247871,36,8,24,0.2,True,False,True,16.551656739118894,-5.07223733717957,0.5107917127225099,True,True,0.0,True,110.4857,
heterogeneity,6bc19160310f2e658c47,3789107282,7,uniform,Aleatorio,extreme,Extrema,1.0,1.195254685365038,36,8,24,0.2,True,False,True,28.596508221432664,-13.382390019180612,0.29039051670115645,True,True,0.0,True,28.3363,
heterogeneity,ffdcfbef5c85416fe101,257036226,8,uniform,Aleatorio,homogeneous,Homogénea,0.0,0.0,36,8,24,0.2,True,True,False,0.0,0.6972683042593459,2.6019390389151873,True,True,0.0,False,6.9095,
heterogeneity,ffdcfbef5c85416fe101,257036226,8,uniform,Aleatorio,low,Baja,0.15,0.14165792758896856,36,8,24,0.2,True,True,False,0.0,1.6654509986936663,2.537835827939345,True,True,0.0,False,452.5166,
heterogeneity,ffdcfbef5c85416fe101,257036226,8,uniform,Aleatorio,moderate,Moderada,0.35,0.3984499526672846,36,8,24,0.2,True,False,True,3.0816863535640096,-3.0816863535640096,2.767630766312861,True,True,0.0,True,220.1791,
heterogeneity,ffdcfbef5c85416fe101,257036226,8,uniform,Aleatorio,high,Alta,0.65,0.7279093948994498,36,8,24,0.2,True,False,True,2.1038912084348684,-1.5201943825991222,3.4006065290449827,True,True,0.0,True,116.2448,
heterogeneity,ffdcfbef5c85416fe101,257036226,8,uniform,Aleatorio,extreme,Extrema,1.0,0.9277203539267674,36,8,24,0.2,True,False,True,10.04732854164823,-8.444955961868212,6.185568385665751,True,True,0.0,True,40.8247,
heterogeneity,2261d83049b966bc17fe,2754847284,9,uniform,Aleatorio,homogeneous,Homogénea,0.0,0.0,36,8,24,0.2,True,True,False,0.0,0.45772793308386284,2.738096168600581,True,True,0.0,False,5.6642,
heterogeneity,2261d83049b966bc17fe,2754847284,9,uniform,Aleatorio,low,Baja,0.15,0.1539433727692811,36,8,24,0.2,True,False,True,0.4357154229699365,-0.4357154229699365,2.9448725800728077,True,True,0.0,True,192.0642,
heterogeneity,2261d83049b966bc17fe,2754847284,9,uniform,Aleatorio,moderate,Moderada,0.35,0.4155166561274625,36,8,24,0.2,True,True,False,0.0,0.21642104885336977,4.105899973292404,True,True,0.0,False,79.6665,
heterogeneity,2261d83049b966bc17fe,2754847284,9,uniform,Aleatorio,high,Alta,0.65,0.5731694177023157,36,8,24,0.2,True,False,True,5.656828611928054,-3.423143236859657,2.4496995088531035,True,True,0.0,True,199.2758,
heterogeneity,2261d83049b966bc17fe,2754847284,9,uniform,Aleatorio,extreme,Extrema,1.0,0.9631848667885189,36,8,24,0.2,True,False,True,13.076179645669324,-8.01606048491098,0.20841701589424444,True,True,0.0,True,94.5461,
heterogeneity,5294a133519ab1e74a53,3629376657,10,uniform,Aleatorio,homogeneous,Homogénea,0.0,0.0,36,8,24,0.2,True,True,False,0.0,2.8426598060015884,3.5143211253512456,True,True,0.0,False,3.5304,
heterogeneity,5294a133519ab1e74a53,3629376657,10,uniform,Aleatorio,low,Baja,0.15,0.11731645040906247,36,8,24,0.2,True,True,False,0.0,2.0283302417994538,3.961315699443022,True,True,0.0,False,109.8109,
heterogeneity,5294a133519ab1e74a53,3629376657,10,uniform,Aleatorio,moderate,Moderada,0.35,0.38924738416530263,36,8,24,0.2,True,False,True,1.5608822641468878,-1.5608822641468878,3.298486022927981,True,True,0.0,True,173.2195,
heterogeneity,5294a133519ab1e74a53,3629376657,10,uniform,Aleatorio,high,Alta,0.65,0.47781959250660416,36,8,24,0.2,True,False,True,8.438289958583283,-4.967695714688151,2.781984850130499,True,True,0.0,True,96.445,
heterogeneity,5294a133519ab1e74a53,3629376657,10,uniform,Aleatorio,extreme,Extrema,1.0,1.0627268867160469,36,8,24,0.2,True,False,True,18.708939390392718,-12.707324157253375,6.256411477719457,True,True,0.0,True,30.1935,
heterogeneity,72839570ea1d56a13a38,2523013276,11,uniform,Aleatorio,homogeneous,Homogénea,0.0,0.0,36,8,24,0.2,True,True,False,0.0,1.3787382107015222,2.816354533451485,True,True,0.0,False,5.3613,
heterogeneity,72839570ea1d56a13a38,2523013276,11,uniform,Aleatorio,low,Baja,0.15,0.12993634293827805,36,8,24,0.2,True,True,False,0.0,1.0892119455999012,3.0650668386890505,True,True,0.0,False,226.4192,
heterogeneity,72839570ea1d56a13a38,2523013276,11,uniform,Aleatorio,moderate,Moderada,0.35,0.32839872069425574,36,8,24,0.2,True,False,True,0.9554221420728091,-0.9554221420728091,2.667664871517963,True,True,0.0,True,126.7105,
heterogeneity,72839570ea1d56a13a38,2523013276,11,uniform,Aleatorio,high,Alta,0.65,0.7584432821946894,36,8,24,0.2,True,False,True,5.0602486266502105,-5.0195007415748165,4.7556453660715245,True,True,0.0,True,74.6597,
heterogeneity,72839570ea1d56a13a38,2523013276,11,uniform,Aleatorio,extreme,Extrema,1.0,0.8269519186137982,36,8,24,0.2,True,False,True,9.510600106105585,-8.595763741318368,2.600846385057571,True,True,0.0,True,64.5333,
heterogeneity,b2e9a4abaa7b7f84e1fe,2996724423,12,uniform,Aleatorio,homogeneous,Homogénea,0.0,0.0,36,8,24,0.2,True,True,False,0.0,1.0442250020139348,2.0993409682366293,True,True,0.0,False,5.7554,
heterogeneity,b2e9a4abaa7b7f84e1fe,2996724423,12,uniform,Aleatorio,low,Baja,0.15,0.13062891025188986,36,8,24,0.2,True,False,True,0.7251827532785065,-0.7251827532785065,2.1112222354760792,True,True,0.0,True,110.3031,
heterogeneity,b2e9a4abaa7b7f84e1fe,2996724423,12,uniform,Aleatorio,moderate,Moderada,0.35,0.34364258917697277,36,8,24,0.2,True,False,True,0.06259503510295161,-0.06259503510295161,2.771268993484207,True,True,0.0,True,123.1728,
heterogeneity,b2e9a4abaa7b7f84e1fe,2996724423,12,uniform,Aleatorio,high,Alta,0.65,0.7707242868251584,36,8,24,0.2,True,False,True,8.107142656108575,-3.5203102844752436,-0.004213057802581077,True,True,0.0,True,102.2582,
heterogeneity,b2e9a4abaa7b7f84e1fe,2996724423,12,uniform,Aleatorio,extreme,Extrema,1.0,1.4118701507256735,36,8,24,0.2,True,False,True,25.993476819443693,-9.820308900422699,2.2759325437107245,True,True,0.0,True,400.9151,
heterogeneity,b15647e06f5c0eea55a7,844397029,13,uniform,Aleatorio,homogeneous,Homogénea,0.0,0.0,36,8,24,0.2,True,True,False,0.0,1.262619275973968,2.7115802058213765,True,True,0.0,False,7.1743,
heterogeneity,b15647e06f5c0eea55a7,844397029,13,uniform,Aleatorio,low,Baja,0.15,0.1261353577277116,36,8,24,0.2,True,True,False,0.0,1.2797082469016452,2.970854823970217,True,True,0.0,False,146.369,
heterogeneity,b15647e06f5c0eea55a7,844397029,13,uniform,Aleatorio,moderate,Moderada,0.35,0.31366682370209,36,8,24,0.2,True,False,True,2.646781266934951,-2.0551429061817146,2.483224821976517,True,True,0.0,True,111.5076,
heterogeneity,b15647e06f5c0eea55a7,844397029,13,uniform,Aleatorio,high,Alta,0.65,0.6564482494777351,36,8,24,0.2,True,False,True,3.7825488529675013,-2.168946973884255,3.714498188126819,True,True,0.0,True,120.5748,
heterogeneity,b15647e06f5c0eea55a7,844397029,13,uniform,Aleatorio,extreme,Extrema,1.0,0.7191877004316108,36,8,24,0.2,True,False,True,0.002997956800719237,-0.002997956800719237,5.557226026259954,True,True,0.0,True,310.2758,
heterogeneity,19803c62b6dfbb844950,1394474733,14,uniform,Aleatorio,homogeneous,Homogénea,0.0,0.0,36,8,24,0.2,True,True,False,0.0,1.111011147879168,3.118378227361662,True,True,0.0,False,5.5272,
heterogeneity,19803c62b6dfbb844950,1394474733,14,uniform,Aleatorio,low,Baja,0.15,0.12414040684096254,36,8,24,0.2,True,True,False,0.0,0.535165415262572,2.931248499700923,True,True,0.0,False,128.6999,
heterogeneity,19803c62b6dfbb844950,1394474733,14,uniform,Aleatorio,moderate,Moderada,0.35,0.28031481546980347,36,8,24,0.2,True,True,False,0.0,1.898568184602091,3.33803009003256,True,True,0.0,False,269.6015,
heterogeneity,19803c62b6dfbb844950,1394474733,14,uniform,Aleatorio,high,Alta,0.65,0.6874166273764264,36,8,24,0.2,True,False,True,4.41757228569174,-3.26206391721915,2.711400050896278,True,True,0.0,True,297.0228,
heterogeneity,19803c62b6dfbb844950,1394474733,14,uniform,Aleatorio,extreme,Extrema,1.0,1.1171598362632564,36,8,24,0.2,True,False,True,18.39923300671053,-12.792019012285369,4.334304073320366,True,True,0.0,True,76.7462,
heterogeneity,7143ccea2413c6dbc1e5,3626027648,15,uniform,Aleatorio,homogeneous,Homogénea,0.0,0.0,36,8,24,0.2,True,True,False,0.0,0.5585791320730102,1.8004817578594203,True,True,0.0,False,7.2116,
heterogeneity,7143ccea2413c6dbc1e5,3626027648,15,uniform,Aleatorio,low,Baja,0.15,0.14743460538795636,36,8,24,0.2,True,False,True,1.3330727625959717,-1.3330727625959717,2.1523146047331583,True,True,0.0,True,48.3896,
heterogeneity,7143ccea2413c6dbc1e5,3626027648,15,uniform,Aleatorio,moderate,Moderada,0.35,0.34197655838085717,36,8,24,0.2,True,False,True,6.192560257839892,-3.464206043375574,0.8749249886190469,True,True,0.0,True,305.52,
heterogeneity,7143ccea2413c6dbc1e5,3626027648,15,uniform,Aleatorio,high,Alta,0.65,0.5213885131856987,36,8,24,0.2,True,False,True,2.3653723623677863,-2.048132928255587,2.3249393294692564,True,True,0.0,True,71.8797,
heterogeneity,7143ccea2413c6dbc1e5,3626027648,15,uniform,Aleatorio,extreme,Extrema,1.0,1.0497120898893202,36,8,24,0.2,True,False,True,16.26724498352327,-9.344770955138141,1.0794737140020791,True,True,0.0,True,37.8986,
heterogeneity,d683aed87b7c95ddaac5,2520157183,16,uniform,Aleatorio,homogeneous,Homogénea,0.0,0.0,36,8,24,0.2,True,True,False,0.0,0.7302641031499091,2.702598031684721,True,True,0.0,False,5.1503,
heterogeneity,d683aed87b7c95ddaac5,2520157183,16,uniform,Aleatorio,low,Baja,0.15,0.1534781717615215,36,8,24,0.2,True,True,False,0.0,0.5201071592442013,3.0211561708738532,True,True,0.0,False,90.1679,
heterogeneity,d683aed87b7c95ddaac5,2520157183,16,uniform,Aleatorio,moderate,Moderada,0.35,0.3445833722493845,36,8,24,0.2,True,False,True,1.8252975364795603,-0.8301932730329646,2.6328235230258397,True,True,0.0,True,816.1608,
heterogeneity,d683aed87b7c95ddaac5,2520157183,16,uniform,Aleatorio,high,Alta,0.65,0.5589248758627445,36,8,24,0.2,True,False,True,12.480099229487365,-5.526377867303282,2.9265456053041246,True,True,0.0,True,745.7965,
heterogeneity,d683aed87b7c95ddaac5,2520157183,16,uniform,Aleatorio,extreme,Extrema,1.0,1.0217386697406285,36,8,24,0.2,True,False,True,12.47751239317925,-5.856174385690131,3.5512495578659706,True,True,0.0,True,74.9225,
heterogeneity,bf6efa0ebeef251f4a0a,2606868563,17,uniform,Aleatorio,homogeneous,Homogénea,0.0,0.0,36,8,24,0.2,True,True,False,0.0,0.2901629140452542,2.588987759666784,True,True,0.0,False,3.5832,
heterogeneity,bf6efa0ebeef251f4a0a,2606868563,17,uniform,Aleatorio,low,Baja,0.15,0.1608659403606531,36,8,24,0.2,True,False,True,1.7776409563004947,-1.7776409563004947,2.285592203355376,True,True,0.0,True,85.2106,
heterogeneity,bf6efa0ebeef251f4a0a,2606868563,17,uniform,Aleatorio,moderate,Moderada,0.35,0.36711165633384935,36,8,24,0.2,True,False,True,1.990125107928213,-1.1533077838483354,2.091815238111238,True,True,0.0,True,246.6534,
heterogeneity,bf6efa0ebeef251f4a0a,2606868563,17,uniform,Aleatorio,high,Alta,0.65,0.8614737402586444,36,8,24,0.2,True,False,True,4.9811857487412095,-4.0578436454957725,3.84154289464247,True,True,0.0,True,182.8135,
heterogeneity,bf6efa0ebeef251f4a0a,2606868563,17,uniform,Aleatorio,extreme,Extrema,1.0,0.8681408904429986,36,8,24,0.2,True,False,True,9.722536993795607,-6.4728106059219055,2.3985035889069533,True,True,0.0,True,48.8208,
heterogeneity,9d8cd3158e59a250964c,1877329113,18,uniform,Aleatorio,homogeneous,Homogénea,0.0,0.0,36,8,24,0.2,True,True,False,0.0,1.752011289663427,2.5448301461522895,True,True,0.0,False,3.6056,
heterogeneity,9d8cd3158e59a250964c,1877329113,18,uniform,Aleatorio,low,Baja,0.15,0.17442407406309754,36,8,24,0.2,True,True,False,0.0,0.3626420043451706,2.7358313335329427,True,True,0.0,False,57.2987,
heterogeneity,9d8cd3158e59a250964c,1877329113,18,uniform,Aleatorio,moderate,Moderada,0.35,0.35403971767649367,36,8,24,0.2,True,False,True,3.2296337604374816,-2.3819716417390033,2.636670499344303,True,True,0.0,True,154.7954,
heterogeneity,9d8cd3158e59a250964c,1877329113,18,uniform,Aleatorio,high,Alta,0.65,0.5239529707830951,36,8,24,0.2,True,False,True,5.451292435382016,-4.1895421350416004,2.4236506624961587,True,True,0.0,True,314.3372,
heterogeneity,9d8cd3158e59a250964c,1877329113,18,uniform,Aleatorio,extreme,Extrema,1.0,0.9534678419986135,36,8,24,0.2,True,False,True,24.6807224765137,-14.508350715522432,-0.30414378512108287,True,True,0.0,True,76.0505,
heterogeneity,723985a415ae54a48e58,3884677727,19,uniform,Aleatorio,homogeneous,Homogénea,0.0,0.0,36,8,24,0.2,True,True,False,0.0,0.373415376725692,1.800215117063988,True,True,0.0,False,3.397,
heterogeneity,723985a415ae54a48e58,3884677727,19,uniform,Aleatorio,low,Baja,0.15,0.16115120441824182,36,8,24,0.2,True,False,True,0.8425818608180169,-0.8425818608180169,1.6267630976180403,True,True,0.0,True,48.6255,
heterogeneity,723985a415ae54a48e58,3884677727,19,uniform,Aleatorio,moderate,Moderada,0.35,0.3615854696996047,36,8,24,0.2,True,False,True,4.656480614891063,-2.293467733629523,0.5006321390439996,True,True,0.0,True,246.4538,
heterogeneity,723985a415ae54a48e58,3884677727,19,uniform,Aleatorio,high,Alta,0.65,0.7672662134083822,36,8,24,0.2,True,False,True,21.503021200720724,-8.70718067773819,0.35674239634779403,True,True,0.0,True,138.6017,
heterogeneity,723985a415ae54a48e58,3884677727,19,uniform,Aleatorio,extreme,Extrema,1.0,1.135170033021096,36,8,24,0.2,True,False,True,21.885113843199374,-8.149060694477184,-1.8570417409984592,True,True,0.0,True,75.5475,
heterogeneity,3fe860dab9e8c864fbde,1944665242,20,uniform,Aleatorio,homogeneous,Homogénea,0.0,0.0,36,8,24,0.2,True,True,False,0.0,0.6853269790553895,2.3003687036938016,True,True,0.0,False,7.1496,
heterogeneity,3fe860dab9e8c864fbde,1944665242,20,uniform,Aleatorio,low,Baja,0.15,0.14651545689329387,36,8,24,0.2,True,False,True,1.3220565323627795,-1.3220565323627795,2.5413771234267895,True,True,0.0,True,142.0699,
heterogeneity,3fe860dab9e8c864fbde,1944665242,20,uniform,Aleatorio,moderate,Moderada,0.35,0.38507107950050434,36,8,24,0.2,True,False,True,4.659984835837287,-4.235741440114889,3.133208176757252,True,True,0.0,True,130.5295,
heterogeneity,3fe860dab9e8c864fbde,1944665242,20,uniform,Aleatorio,high,Alta,0.65,0.6324726074634838,36,8,24,0.2,True,False,True,5.220299571656962,-2.9023841173052,2.8987069749652634,True,True,0.0,True,188.919,
heterogeneity,3fe860dab9e8c864fbde,1944665242,20,uniform,Aleatorio,extreme,Extrema,1.0,1.197705158235933,36,8,24,0.2,True,False,True,33.12060473676389,-18.19247678773504,0.47944410987605734,True,True,0.0,True,83.0068,
heterogeneity,9cccea51926c2017f18f,357615594,21,uniform,Aleatorio,homogeneous,Homogénea,0.0,0.0,36,8,24,0.2,True,True,False,0.0,0.2743951730244234,1.6541091235438383,True,True,0.0,False,4.9552,
heterogeneity,9cccea51926c2017f18f,357615594,21,uniform,Aleatorio,low,Baja,0.15,0.14463671009451914,36,8,24,0.2,True,False,True,3.6692632323320034,-2.3520866339099697,1.5222634464418885,True,True,0.0,True,368.1528,
heterogeneity,9cccea51926c2017f18f,357615594,21,uniform,Aleatorio,moderate,Moderada,0.35,0.3311322702200866,36,8,24,0.2,True,False,True,5.653760354597237,-3.2338022282566943,2.0858407909206793,True,True,0.0,True,847.0726,
heterogeneity,9cccea51926c2017f18f,357615594,21,uniform,Aleatorio,high,Alta,0.65,0.6833870525659321,36,8,24,0.2,True,False,True,17.89046374235081,-12.295393392591789,1.380844033071119,True,True,0.0,True,493.4413,
heterogeneity,9cccea51926c2017f18f,357615594,21,uniform,Aleatorio,extreme,Extrema,1.0,1.4869855089567885,36,8,24,0.2,True,False,True,16.8073211790972,-6.619593461809089,3.409659924331815,True,True,0.0,True,159.6553,
heterogeneity,55236d69a1468386695f,2468541032,22,uniform,Aleatorio,homogeneous,Homogénea,0.0,0.0,36,8,24,0.2,True,True,False,0.0,0.5095527489909841,3.1444370692921493,True,True,0.0,False,5.2738,
heterogeneity,55236d69a1468386695f,2468541032,22,uniform,Aleatorio,low,Baja,0.15,0.1544593452670176,36,8,24,0.2,True,True,False,0.0,1.0083960192462023,3.323215627940142,True,True,0.0,False,2299.469,
heterogeneity,55236d69a1468386695f,2468541032,22,uniform,Aleatorio,moderate,Moderada,0.35,0.36204171841516347,36,8,24,0.2,True,False,True,3.4936366297385213,-2.7608342641886097,3.0597267874987613,True,True,0.0,True,949.1872,
heterogeneity,55236d69a1468386695f,2468541032,22,uniform,Aleatorio,high,Alta,0.65,0.6679201705358081,36,8,24,0.2,True,False,True,6.5898943267157115,-5.671599454008204,2.0308258766846454,True,True,0.0,True,431.243,
heterogeneity,55236d69a1468386695f,2468541032,22,uniform,Aleatorio,extreme,Extrema,1.0,0.9803615347832804,36,8,24,0.2,True,False,True,13.946741118391053,-7.872305522973164,2.8239981655317243,True,True,0.0,True,84.4364,
heterogeneity,78bc64ea182f9aef7499,3203917229,23,uniform,Aleatorio,homogeneous,Homogénea,0.0,0.0,36,8,24,0.2,True,True,False,0.0,0.6401104811912894,2.6529126474739453,True,True,0.0,False,5.2723,
heterogeneity,78bc64ea182f9aef7499,3203917229,23,uniform,Aleatorio,low,Baja,0.15,0.1481584975879849,36,8,24,0.2,True,True,False,0.0,0.6270346173216197,2.7531546021696682,True,True,0.0,False,72.8357,
heterogeneity,78bc64ea182f9aef7499,3203917229,23,uniform,Aleatorio,moderate,Moderada,0.35,0.3377867125655835,36,8,24,0.2,True,False,True,1.2697892910739803,-1.2697892910739803,3.6283490341256464,True,True,0.0,True,294.3545,
heterogeneity,78bc64ea182f9aef7499,3203917229,23,uniform,Aleatorio,high,Alta,0.65,0.6591331584724895,36,8,24,0.2,True,False,True,9.036981432055615,-5.101823032064537,3.163483401070416,True,True,0.0,True,58.0783,
heterogeneity,78bc64ea182f9aef7499,3203917229,23,uniform,Aleatorio,extreme,Extrema,1.0,1.0267009790803154,36,8,24,0.2,True,False,True,11.977425729254236,-6.211045660422705,4.87079762561783,True,True,0.0,True,34.1942,
heterogeneity,fdf26de4d01211f1aee8,221667482,24,uniform,Aleatorio,homogeneous,Homogénea,0.0,0.0,36,8,24,0.2,True,True,False,0.0,0.2955433749482026,2.047334272572499,True,True,0.0,False,5.7038,
heterogeneity,fdf26de4d01211f1aee8,221667482,24,uniform,Aleatorio,low,Baja,0.15,0.16681307882633561,36,8,24,0.2,True,False,True,0.7885391316036774,-0.7296079580119255,1.970282469960176,True,True,0.0,True,1167.0151,
heterogeneity,fdf26de4d01211f1aee8,221667482,24,uniform,Aleatorio,moderate,Moderada,0.35,0.32079609388822616,36,8,24,0.2,True,False,True,1.6665910478957358,-1.6665910478957358,2.368270214843153,True,True,0.0,True,1684.7093,
heterogeneity,fdf26de4d01211f1aee8,221667482,24,uniform,Aleatorio,high,Alta,0.65,0.5275250664411921,36,8,24,0.2,True,False,True,12.131531674426409,-7.514689767234229,1.0755233165990832,True,True,0.0,True,1296.1583,
heterogeneity,fdf26de4d01211f1aee8,221667482,24,uniform,Aleatorio,extreme,Extrema,1.0,1.2267746740170424,36,8,24,0.2,True,False,True,14.704512205051179,-12.86740998227857,6.101273040716421,True,True,0.0,True,98.4594,
heterogeneity,b8d4bcf4767273551a6a,312004975,25,uniform,Aleatorio,homogeneous,Homogénea,0.0,0.0,36,8,24,0.2,True,True,False,0.0,0.4230489064714895,2.672505088494708,True,True,0.0,False,3.3706,
heterogeneity,b8d4bcf4767273551a6a,312004975,25,uniform,Aleatorio,low,Baja,0.15,0.18606679091141,36,8,24,0.2,True,False,True,2.1131305698699414,-1.0654742705723166,2.530042278102728,True,True,0.0,True,726.4037,
heterogeneity,b8d4bcf4767273551a6a,312004975,25,uniform,Aleatorio,moderate,Moderada,0.35,0.31933051397780915,36,8,24,0.2,True,False,True,3.3911716724811605,-3.3911716724811605,3.2423599536902774,True,True,0.0,True,445.9645,
heterogeneity,b8d4bcf4767273551a6a,312004975,25,uniform,Aleatorio,high,Alta,0.65,0.6494168600119823,36,8,24,0.2,True,False,True,10.092425273366683,-5.671271362573453,0.3636816695625448,True,True,0.0,True,167.3564,
heterogeneity,b8d4bcf4767273551a6a,312004975,25,uniform,Aleatorio,extreme,Extrema,1.0,2.1983864534268833,36,8,24,0.2,True,False,True,17.202095832146345,-9.080299839271943,6.8671782511945665,True,True,0.0,True,20.1006,
heterogeneity,6494d6614ad6399c1612,3884560463,26,uniform,Aleatorio,homogeneous,Homogénea,0.0,0.0,36,8,24,0.2,True,True,False,0.0,0.3856202987945174,2.5535433140872845,True,True,0.0,False,4.3025,
heterogeneity,6494d6614ad6399c1612,3884560463,26,uniform,Aleatorio,low,Baja,0.15,0.12340363646345653,36,8,24,0.2,True,False,True,0.821134998652969,-0.821134998652969,2.5096685264507834,True,True,0.0,True,122.0902,
heterogeneity,6494d6614ad6399c1612,3884560463,26,uniform,Aleatorio,moderate,Moderada,0.35,0.3836841218896534,36,8,24,0.2,True,False,True,7.399020711818524,-4.618395705092793,2.119094515830755,True,True,0.0,True,382.5608,
heterogeneity,6494d6614ad6399c1612,3884560463,26,uniform,Aleatorio,high,Alta,0.65,0.6532618283853954,36,8,24,0.2,True,False,True,18.00310460265309,-8.993785094208228,1.7308212524829907,True,True,0.0,True,86.5627,
heterogeneity,6494d6614ad6399c1612,3884560463,26,uniform,Aleatorio,extreme,Extrema,1.0,0.8409729368116023,36,8,24,0.2,True,False,True,8.100252510559445,-3.8621861958533987,5.99172453353704,True,True,0.0,True,90.6706,
heterogeneity,387f3faafa322188f348,99500733,27,uniform,Aleatorio,homogeneous,Homogénea,0.0,0.0,36,8,24,0.2,True,True,False,0.0,0.3325343169099355,2.2998604852454068,True,True,0.0,False,6.8151,
heterogeneity,387f3faafa322188f348,99500733,27,uniform,Aleatorio,low,Baja,0.15,0.11045663634733831,36,8,24,0.2,True,True,False,0.0,1.060192301079356,2.417307498844788,True,True,0.0,False,133.2716,
heterogeneity,387f3faafa322188f348,99500733,27,uniform,Aleatorio,moderate,Moderada,0.35,0.42524004535474214,36,8,24,0.2,True,False,True,6.330167776977104,-6.0215007984827515,2.212121563120548,True,True,0.0,True,61.2585,
heterogeneity,387f3faafa322188f348,99500733,27,uniform,Aleatorio,high,Alta,0.65,0.7486850469276197,36,8,24,0.2,True,False,True,17.955647569797968,-9.560677852114342,2.5433144372467393,True,True,0.0,True,161.0923,
heterogeneity,387f3faafa322188f348,99500733,27,uniform,Aleatorio,extreme,Extrema,1.0,0.9352829826634258,36,8,24,0.2,True,False,True,16.51513420769802,-5.939903587041559,2.6804513748021925,True,True,0.0,True,36.7999,
heterogeneity,39de263b9a24491e873b,1024232492,28,uniform,Aleatorio,homogeneous,Homogénea,0.0,0.0,36,8,24,0.2,True,True,False,0.0,1.9272731563898091,3.2659990292749352,True,True,0.0,False,6.9607,
heterogeneity,39de263b9a24491e873b,1024232492,28,uniform,Aleatorio,low,Baja,0.15,0.13203579158387724,36,8,24,0.2,True,True,False,0.0,1.5306345264171775,3.2117017849790033,True,True,0.0,False,146.8186,
heterogeneity,39de263b9a24491e873b,1024232492,28,uniform,Aleatorio,moderate,Moderada,0.35,0.3575953337276257,36,8,24,0.2,True,True,False,0.0,0.3255469842408911,4.818232275013436,True,True,0.0,False,261.3004,
heterogeneity,39de263b9a24491e873b,1024232492,28,uniform,Aleatorio,high,Alta,0.65,0.7682577707207932,36,8,24,0.2,True,False,True,2.7216921915525614,-1.7353097681618355,4.136846349530407,True,True,0.0,True,125.7338,
heterogeneity,39de263b9a24491e873b,1024232492,28,uniform,Aleatorio,extreme,Extrema,1.0,1.2095629879176992,36,8,24,0.2,True,False,True,9.624527102638478,-7.3571873073995135,6.0298643937415015,True,True,0.0,True,127.4447,
heterogeneity,d88f7352a1e30383611c,796466217,29,uniform,Aleatorio,homogeneous,Homogénea,0.0,0.0,36,8,24,0.2,True,True,False,0.0,0.30771478839404054,2.0060586350959597,True,True,0.0,False,5.1882,
heterogeneity,d88f7352a1e30383611c,796466217,29,uniform,Aleatorio,low,Baja,0.15,0.14921812172915788,36,8,24,0.2,True,True,False,0.0,0.2387451853508047,1.6479958685935565,True,True,0.0,False,64.398,
heterogeneity,d88f7352a1e30383611c,796466217,29,uniform,Aleatorio,moderate,Moderada,0.35,0.3599516079394799,36,8,24,0.2,True,False,True,0.8490246213055457,-0.8490246213055457,2.6489211110158912,True,True,0.0,True,255.149,
heterogeneity,d88f7352a1e30383611c,796466217,29,uniform,Aleatorio,high,Alta,0.65,0.7697743280873938,36,8,24,0.2,True,False,True,10.278430621654676,-3.682886089356696,1.140077798116141,True,True,0.0,True,213.9965,
heterogeneity,d88f7352a1e30383611c,796466217,29,uniform,Aleatorio,extreme,Extrema,1.0,0.7856613398114652,36,8,24,0.2,True,False,True,8.270508161111232,-5.677172766396401,1.5926392016240318,True,True,0.0,True,136.8604,
heterogeneity,9612f0f70acb3545d520,2956670727,0,clustered,Agrupado,homogeneous,Homogénea,0.0,0.0,36,8,24,0.2,True,True,False,0.0,1.7860508410564098,3.2641232190472538,True,True,0.0,False,6.1379,
heterogeneity,9612f0f70acb3545d520,2956670727,0,clustered,Agrupado,low,Baja,0.15,0.17695869238946996,36,8,24,0.2,True,True,False,0.0,0.731193728960946,3.012756886374934,True,True,0.0,False,290.5214,
heterogeneity,9612f0f70acb3545d520,2956670727,0,clustered,Agrupado,moderate,Moderada,0.35,0.3055187504639979,36,8,24,0.2,True,False,True,3.523620635978169,-3.523620635978169,3.168719275067452,True,True,0.0,True,272.1662,
heterogeneity,9612f0f70acb3545d520,2956670727,0,clustered,Agrupado,high,Alta,0.65,0.649324342686813,36,8,24,0.2,True,False,True,4.272355551262755,-4.052530944931378,1.8696963155105593,True,True,0.0,True,388.3445,
heterogeneity,9612f0f70acb3545d520,2956670727,0,clustered,Agrupado,extreme,Extrema,1.0,0.8240769399932827,36,8,24,0.2,True,False,True,11.192115112054173,-4.597790733356021,0.8002634677911402,True,True,0.0,True,236.3368,
heterogeneity,7c077ae8fd460fde9ca1,2561353798,1,clustered,Agrupado,homogeneous,Homogénea,0.0,0.0,36,8,24,0.2,True,True,False,0.0,0.5733835365116491,2.4592522898286475,True,True,0.0,False,4.4107,
heterogeneity,7c077ae8fd460fde9ca1,2561353798,1,clustered,Agrupado,low,Baja,0.15,0.16109475534429782,36,8,24,0.2,True,False,True,0.3679690893633776,-0.3679690893633776,1.9198445317381918,True,True,0.0,True,1024.4666,
heterogeneity,7c077ae8fd460fde9ca1,2561353798,1,clustered,Agrupado,moderate,Moderada,0.35,0.594876527278004,36,8,24,0.2,True,False,True,2.9579995384254794,-2.9579995384254794,4.239724762214929,True,True,0.0,True,777.155,
heterogeneity,7c077ae8fd460fde9ca1,2561353798,1,clustered,Agrupado,high,Alta,0.65,0.6656565003582633,36,8,24,0.2,True,False,True,6.512856441773181,-6.512856441773181,3.442324904337823,True,True,0.0,True,812.3913,
heterogeneity,7c077ae8fd460fde9ca1,2561353798,1,clustered,Agrupado,extreme,Extrema,1.0,1.1042318861444596,36,8,24,0.2,True,False,True,19.316767196103164,-8.286375477309473,2.8695323789848453,True,True,0.0,True,105.3418,
heterogeneity,aa3a043d3298b833a315,1504369632,2,clustered,Agrupado,homogeneous,Homogénea,0.0,0.0,36,8,24,0.2,True,True,False,0.0,0.41127665245397793,2.2732302870321135,True,True,0.0,False,3.7338,
heterogeneity,aa3a043d3298b833a315,1504369632,2,clustered,Agrupado,low,Baja,0.15,0.1788899455146014,36,8,24,0.2,True,False,True,0.748487340660283,-0.748487340660283,2.3874246551835068,True,True,0.0,True,251.9779,
heterogeneity,aa3a043d3298b833a315,1504369632,2,clustered,Agrupado,moderate,Moderada,0.35,0.3162528113981856,36,8,24,0.2,True,False,True,5.726834998967666,-4.349791111914325,2.97434873527702,True,True,0.0,True,1825.471,
heterogeneity,aa3a043d3298b833a315,1504369632,2,clustered,Agrupado,high,Alta,0.65,0.5918649816961066,36,8,24,0.2,True,False,True,8.832914788200437,-8.832914788200437,2.6870610333899503,True,True,0.0,True,679.3328,
heterogeneity,aa3a043d3298b833a315,1504369632,2,clustered,Agrupado,extreme,Extrema,1.0,1.017794985008769,36,8,24,0.2,True,False,True,4.100282368505808,-1.9923150367299485,4.481842760005689,True,True,0.0,True,283.7738,
heterogeneity,86a1c5cee1fae709c400,2296820918,3,clustered,Agrupado,homogeneous,Homogénea,0.0,0.0,36,8,24,0.2,True,True,False,0.0,1.0795233683722731,2.7917714900433275,True,True,0.0,False,5.8634,
heterogeneity,86a1c5cee1fae709c400,2296820918,3,clustered,Agrupado,low,Baja,0.15,0.14518834212828663,36,8,24,0.2,True,True,False,0.0,0.16587557902839123,2.690319403358124,True,False,0.015914312086391883,False,5006.6825,
heterogeneity,86a1c5cee1fae709c400,2296820918,3,clustered,Agrupado,moderate,Moderada,0.35,0.32174200628845484,36,8,24,0.2,True,True,False,0.0,1.6774887476078106,3.954031018439342,True,True,0.0,False,1716.4234,
heterogeneity,86a1c5cee1fae709c400,2296820918,3,clustered,Agrupado,high,Alta,0.65,0.709840537791053,36,8,24,0.2,True,False,True,3.240821570251207,-1.7942489873599783,2.8017365572896042,True,True,0.0,True,505.3405,
heterogeneity,86a1c5cee1fae709c400,2296820918,3,clustered,Agrupado,extreme,Extrema,1.0,0.9902802818762797,36,8,24,0.2,True,False,True,17.0798016612889,-10.603501823735272,5.734584337610354,True,True,0.0,True,90.9469,
heterogeneity,f9f5517499470a62b537,3273098361,4,clustered,Agrupado,homogeneous,Homogénea,0.0,0.0,36,8,24,0.2,True,True,False,0.0,0.8613157534180118,2.5106265541112394,True,True,0.0,False,4.7962,
heterogeneity,f9f5517499470a62b537,3273098361,4,clustered,Agrupado,low,Baja,0.15,0.13925008075615963,36,8,24,0.2,True,True,False,0.0,0.39742936989133604,2.6027843133658637,True,True,0.0,False,97.5907,
heterogeneity,f9f5517499470a62b537,3273098361,4,clustered,Agrupado,moderate,Moderada,0.35,0.24242458341174702,36,8,24,0.2,True,True,False,0.0,0.6892577463071117,3.230188508941409,True,True,0.0,False,360.7903,
heterogeneity,f9f5517499470a62b537,3273098361,4,clustered,Agrupado,high,Alta,0.65,0.7185563393103785,36,8,24,0.2,True,False,True,5.252809191377403,-5.2463362221180985,1.346722809410514,True,True,0.0,True,836.7697,
heterogeneity,f9f5517499470a62b537,3273098361,4,clustered,Agrupado,extreme,Extrema,1.0,0.8353379907077109,36,8,24,0.2,True,False,True,6.754236299681373,-3.032990371706486,3.767268223504014,True,True,0.0,True,115.3946,
heterogeneity,9b6999cb8b6f611782d8,1599522867,5,clustered,Agrupado,homogeneous,Homogénea,0.0,0.0,36,8,24,0.2,True,True,False,0.0,0.34880009514446897,2.5075939494223283,True,True,0.0,False,3.8077,
heterogeneity,9b6999cb8b6f611782d8,1599522867,5,clustered,Agrupado,low,Baja,0.15,0.1291966223465956,36,8,24,0.2,True,False,True,1.6038441904519516,-1.6038441904519516,2.6400472522425695,True,True,0.0,True,23.0788,
heterogeneity,9b6999cb8b6f611782d8,1599522867,5,clustered,Agrupado,moderate,Moderada,0.35,0.38433014402500254,36,8,24,0.2,True,False,True,3.657391466595321,-3.657391466595321,2.851470704709306,True,True,0.0,True,466.2644,
heterogeneity,9b6999cb8b6f611782d8,1599522867,5,clustered,Agrupado,high,Alta,0.65,0.8919314332182223,36,8,24,0.2,True,False,True,9.915443482581638,-5.570180122224068,3.24977842176762,True,True,0.0,True,190.2402,
heterogeneity,9b6999cb8b6f611782d8,1599522867,5,clustered,Agrupado,extreme,Extrema,1.0,0.9426123796170451,36,8,24,0.2,True,False,True,9.519337191898888,-4.691511170902379,3.776111614294941,True,True,0.0,True,55.6221,
heterogeneity,cb78f9f162561819218e,970911066,6,clustered,Agrupado,homogeneous,Homogénea,0.0,0.0,36,8,24,0.2,True,True,False,0.0,1.4155001187492857,2.7401095190732887,True,True,0.0,False,3.8845,
heterogeneity,cb78f9f162561819218e,970911066,6,clustered,Agrupado,low,Baja,0.15,0.1344411594348775,36,8,24,0.2,True,True,False,0.0,1.1066759525909262,3.0860929138161466,True,True,0.0,False,145.8689,
heterogeneity,cb78f9f162561819218e,970911066,6,clustered,Agrupado,moderate,Moderada,0.35,0.34885450928260153,36,8,24,0.2,True,False,True,1.6297194146133833,-1.0396719185561736,2.7577678817739573,True,True,0.0,True,1289.4532,
heterogeneity,cb78f9f162561819218e,970911066,6,clustered,Agrupado,high,Alta,0.65,0.748629094085968,36,8,24,0.2,True,False,True,5.502682637908519,-3.0002225054906644,3.9798853873505102,True,True,0.0,True,437.7634,
heterogeneity,cb78f9f162561819218e,970911066,6,clustered,Agrupado,extreme,Extrema,1.0,1.1520828801564023,36,8,24,0.2,True,False,True,23.10912450059089,-19.069851275897022,0.8209059915038538,True,True,0.0,True,454.3335,
heterogeneity,e0d7fcd38877220ab8ab,1578851735,7,clustered,Agrupado,homogeneous,Homogénea,0.0,0.0,36,8,24,0.2,True,True,False,0.0,1.4495666904512134,2.695685291707797,True,True,0.0,False,4.0689,
heterogeneity,e0d7fcd38877220ab8ab,1578851735,7,clustered,Agrupado,low,Baja,0.15,0.13568685711572864,36,8,24,0.2,True,True,False,0.0,1.122399331103182,2.8668118999172965,True,True,0.0,False,236.584,
heterogeneity,e0d7fcd38877220ab8ab,1578851735,7,clustered,Agrupado,moderate,Moderada,0.35,0.3112010130097172,36,8,24,0.2,True,False,True,4.106727366552125,-4.106727366552125,2.3608251582127817,True,True,0.0,True,4472.7885,
heterogeneity,e0d7fcd38877220ab8ab,1578851735,7,clustered,Agrupado,high,Alta,0.65,0.6889804556616892,36,8,24,0.2,True,False,True,3.836702292582122,-1.4651105042418786,3.7711703544376207,True,True,0.0,True,697.7236,
heterogeneity,e0d7fcd38877220ab8ab,1578851735,7,clustered,Agrupado,extreme,Extrema,1.0,1.1974037099286807,36,8,24,0.2,True,False,True,21.874176298126798,-12.58249861254093,1.6642962727508714,True,True,0.0,True,115.2386,
heterogeneity,d802c0590b64c8c50b78,1881077096,8,clustered,Agrupado,homogeneous,Homogénea,0.0,0.0,36,8,24,0.2,True,True,False,0.0,0.6221768928049256,2.4999325955454244,True,True,0.0,False,3.5285,
heterogeneity,d802c0590b64c8c50b78,1881077096,8,clustered,Agrupado,low,Baja,0.15,0.12861383640965235,36,8,24,0.2,True,False,True,0.41059223256306643,-0.41059223256306643,2.6412994705210187,True,True,0.0,True,19.2811,
heterogeneity,d802c0590b64c8c50b78,1881077096,8,clustered,Agrupado,moderate,Moderada,0.35,0.3167771742925683,36,8,24,0.2,True,True,False,0.0,0.7869673533385013,3.003567551249291,True,True,0.0,False,253.8893,
heterogeneity,d802c0590b64c8c50b78,1881077096,8,clustered,Agrupado,high,Alta,0.65,0.6008355328033019,36,8,24,0.2,True,False,True,4.974125116225403,-3.8171445113037823,3.021362687490923,True,True,0.0,True,390.1946,
heterogeneity,d802c0590b64c8c50b78,1881077096,8,clustered,Agrupado,extreme,Extrema,1.0,0.842965553773379,36,8,24,0.2,True,False,True,9.682966561471956,-6.8706495336555875,2.499215633953214,True,True,0.0,True,60.2993,
heterogeneity,f16146e53059e7f3a530,618123735,9,clustered,Agrupado,homogeneous,Homogénea,0.0,0.0,36,8,24,0.2,True,True,False,0.0,0.41502254888036916,1.7293835369772104,True,True,0.0,False,4.8381,
heterogeneity,f16146e53059e7f3a530,618123735,9,clustered,Agrupado,low,Baja,0.15,0.13501264092459422,36,8,24,0.2,True,False,True,0.48994445493899974,-0.48994445493899974,1.8124537500257258,True,True,0.0,True,83.8216,
heterogeneity,f16146e53059e7f3a530,618123735,9,clustered,Agrupado,moderate,Moderada,0.35,0.3854731002734927,36,8,24,0.2,True,False,True,4.6758634293146955,-3.8327873111554815,1.0457440631078134,True,True,0.0,True,485.2084,
heterogeneity,f16146e53059e7f3a530,618123735,9,clustered,Agrupado,high,Alta,0.65,0.4956260234922385,36,8,24,0.2,True,False,True,9.034940647123497,-4.217180873957044,-0.15274509315027274,True,True,0.0,True,766.9417,
heterogeneity,f16146e53059e7f3a530,618123735,9,clustered,Agrupado,extreme,Extrema,1.0,1.0306308847987125,36,8,24,0.2,True,False,True,25.312666121711967,-9.96320090385841,0.9713892863209075,True,True,0.0,True,70.9809,
heterogeneity,90ee88548ac4b067dc99,2327978924,10,clustered,Agrupado,homogeneous,Homogénea,0.0,0.0,36,8,24,0.2,True,True,False,0.0,0.2858857945433133,1.8400843632770691,True,True,0.0,False,3.3702,
heterogeneity,90ee88548ac4b067dc99,2327978924,10,clustered,Agrupado,low,Baja,0.15,0.13678982259792502,36,8,24,0.2,True,False,True,1.5441054525063578,-1.089096517874248,1.7044967209325974,True,True,0.0,True,336.7182,
heterogeneity,90ee88548ac4b067dc99,2327978924,10,clustered,Agrupado,moderate,Moderada,0.35,0.3025616272666587,36,8,24,0.2,True,False,True,5.322883240389675,-4.209844981716952,1.487491920199427,True,True,0.0,True,136.6732,
heterogeneity,90ee88548ac4b067dc99,2327978924,10,clustered,Agrupado,high,Alta,0.65,0.723470357613167,36,8,24,0.2,True,False,True,9.262315092506576,-5.173149603199892,3.281698405550491,True,True,0.0,True,1030.9118,
heterogeneity,90ee88548ac4b067dc99,2327978924,10,clustered,Agrupado,extreme,Extrema,1.0,1.1830122205582931,36,8,24,0.2,True,False,True,17.246134615515878,-10.812455610979047,3.6753150999550703,True,True,0.0,True,102.6549,
heterogeneity,353287de5c07787edd65,3300310274,11,clustered,Agrupado,homogeneous,Homogénea,0.0,0.0,36,8,24,0.2,True,True,False,0.0,0.2972154001973255,1.6887947067380171,True,True,0.0,False,4.0448,
heterogeneity,353287de5c07787edd65,3300310274,11,clustered,Agrupado,low,Baja,0.15,0.14349695683688507,36,8,24,0.2,True,False,True,1.0724094627054566,-1.0724094627054566,2.1122067243716476,True,True,0.0,True,2644.2382,
heterogeneity,353287de5c07787edd65,3300310274,11,clustered,Agrupado,moderate,Moderada,0.35,0.3805603310091065,36,8,24,0.2,True,False,True,0.9354878922656824,-0.7277774963479047,2.561208976114349,True,True,0.0,True,1790.8575,
heterogeneity,353287de5c07787edd65,3300310274,11,clustered,Agrupado,high,Alta,0.65,0.6369334437088263,36,8,24,0.2,True,False,True,10.684053881223065,-4.6588034926803905,0.7779671448455536,True,True,0.0,True,1060.2716,
heterogeneity,353287de5c07787edd65,3300310274,11,clustered,Agrupado,extreme,Extrema,1.0,1.1802453355065392,36,8,24,0.2,True,False,True,22.36733938375096,-11.518481763179107,-0.9492778495867538,True,True,0.0,True,89.3852,
heterogeneity,74c683ddaaf357940b6d,1135964190,12,clustered,Agrupado,homogeneous,Homogénea,0.0,0.0,36,8,24,0.2,True,True,False,0.0,0.365441102768461,2.980757522076317,True,True,0.0,False,3.5875,
heterogeneity,74c683ddaaf357940b6d,1135964190,12,clustered,Agrupado,low,Baja,0.15,0.12657976876336705,36,8,24,0.2,True,False,True,0.5425057133771176,-0.5425057133771176,2.9123170817412243,True,True,0.0,True,1245.6906,
heterogeneity,74c683ddaaf357940b6d,1135964190,12,clustered,Agrupado,moderate,Moderada,0.35,0.30501783242651115,36,8,24,0.2,True,True,False,0.0,0.42478014677586984,2.417396449216998,True,True,0.0,False,336.8102,
heterogeneity,74c683ddaaf357940b6d,1135964190,12,clustered,Agrupado,high,Alta,0.65,0.6617258680180316,36,8,24,0.2,True,False,True,15.19075768406033,-5.770824819705137,-0.006917814497863661,True,True,0.0,True,536.4931,
heterogeneity,74c683ddaaf357940b6d,1135964190,12,clustered,Agrupado,extreme,Extrema,1.0,0.755757520127688,36,8,24,0.2,True,False,True,5.355016722987513,-3.1018120345941345,3.1310249915533004,True,True,0.0,True,611.1008,
heterogeneity,9f9bcf297ef8e868423c,2489033001,13,clustered,Agrupado,homogeneous,Homogénea,0.0,0.0,36,8,24,0.2,True,True,False,0.0,0.44664456448916035,2.3413033493993742,True,True,0.0,False,3.7287,
heterogeneity,9f9bcf297ef8e868423c,2489033001,13,clustered,Agrupado,low,Baja,0.15,0.18288820383534748,36,8,24,0.2,True,False,True,1.3722636022467505,-1.3722636022467505,2.3474867195953273,True,True,0.0,True,1216.9784,
heterogeneity,9f9bcf297ef8e868423c,2489033001,13,clustered,Agrupado,moderate,Moderada,0.35,0.30298708497964844,36,8,24,0.2,True,False,True,0.896193583624433,-0.6572796435076271,1.8945277106262561,True,True,0.0,True,392.164,
heterogeneity,9f9bcf297ef8e868423c,2489033001,13,clustered,Agrupado,high,Alta,0.65,0.6568617116507397,36,8,24,0.2,True,False,True,2.420272985857837,-1.5897050708019176,2.6456521680194798,True,True,0.0,True,619.4638,
heterogeneity,9f9bcf297ef8e868423c,2489033001,13,clustered,Agrupado,extreme,Extrema,1.0,0.9332611794161104,36,8,24,0.2,True,False,True,5.4079566599602,-3.367060164966894,4.056172965060126,True,True,0.0,True,79.5291,
heterogeneity,a05104b6fd1d9e2f3b1c,1129568212,14,clustered,Agrupado,homogeneous,Homogénea,0.0,0.0,36,8,24,0.2,True,True,False,0.0,0.603850135559636,2.526399964540743,True,True,0.0,False,4.1879,
heterogeneity,a05104b6fd1d9e2f3b1c,1129568212,14,clustered,Agrupado,low,Baja,0.15,0.12633481919942247,36,8,24,0.2,True,True,False,0.0,0.886383619230827,2.5310711470280314,True,True,0.0,False,213.3586,
heterogeneity,a05104b6fd1d9e2f3b1c,1129568212,14,clustered,Agrupado,moderate,Moderada,0.35,0.27402798251185073,36,8,24,0.2,True,False,True,4.202561703132208,-3.9089784351396837,2.3205296631429357,True,True,0.0,True,2055.4279,
heterogeneity,a05104b6fd1d9e2f3b1c,1129568212,14,clustered,Agrupado,high,Alta,0.65,0.7929324506548174,36,8,24,0.2,True,False,True,13.413997720484788,-8.83926702589771,1.2484399110544377,True,True,0.0,True,98.4509,
heterogeneity,a05104b6fd1d9e2f3b1c,1129568212,14,clustered,Agrupado,extreme,Extrema,1.0,1.385847984105315,36,8,24,0.2,True,False,True,17.105297570046726,-6.6116683358098225,5.537813970392718,True,True,0.0,True,83.035,
heterogeneity,9d07b0e5b5946fe1461b,2075030020,15,clustered,Agrupado,homogeneous,Homogénea,0.0,0.0,36,8,24,0.2,True,True,False,0.0,0.3999409732439787,2.405530679735312,True,True,0.0,False,3.2372,
heterogeneity,9d07b0e5b5946fe1461b,2075030020,15,clustered,Agrupado,low,Baja,0.15,0.1573996336384001,36,8,24,0.2,True,False,True,3.3846648363260083,-2.0811819252613333,1.6058497649101589,True,True,0.0,True,547.8765,
heterogeneity,9d07b0e5b5946fe1461b,2075030020,15,clustered,Agrupado,moderate,Moderada,0.35,0.34476274139585694,36,8,24,0.2,True,False,True,9.247160523962979,-7.515473690143736,2.234648258147439,True,True,0.0,True,860.2603,
heterogeneity,9d07b0e5b5946fe1461b,2075030020,15,clustered,Agrupado,high,Alta,0.65,0.6279094356263816,36,8,24,0.2,True,False,True,8.52706099788545,-3.6460320064530745,2.2769963583994985,True,True,0.0,True,295.5906,
heterogeneity,9d07b0e5b5946fe1461b,2075030020,15,clustered,Agrupado,extreme,Extrema,1.0,2.3592477046776663,36,8,24,0.2,True,False,True,28.011997783672044,-11.51974260380985,3.1791391006146563,True,True,0.0,True,342.6072,
heterogeneity,07f03c0d12c75c71eac1,3017971523,16,clustered,Agrupado,homogeneous,Homogénea,0.0,0.0,36,8,24,0.2,True,True,False,0.0,0.8696757388885992,3.503099370550782,True,True,0.0,False,3.6297,
heterogeneity,07f03c0d12c75c71eac1,3017971523,16,clustered,Agrupado,low,Baja,0.15,0.14017399303626263,36,8,24,0.2,True,True,False,0.0,0.2795285068838176,3.3486331297025522,True,True,0.0,False,772.2175,
heterogeneity,07f03c0d12c75c71eac1,3017971523,16,clustered,Agrupado,moderate,Moderada,0.35,0.27691282493443936,36,8,24,0.2,True,True,False,0.0,0.3426486249280565,3.609014440905991,True,True,0.0,False,283.2183,
heterogeneity,07f03c0d12c75c71eac1,3017971523,16,clustered,Agrupado,high,Alta,0.65,0.6196544806895173,36,8,24,0.2,True,False,True,4.40809662997984,-4.273122949162929,3.907263046250386,True,True,0.0,True,472.3021,
heterogeneity,07f03c0d12c75c71eac1,3017971523,16,clustered,Agrupado,extreme,Extrema,1.0,1.0444007290023065,36,8,24,0.2,True,False,True,5.255258855411601,-5.255258855411601,5.790740276591007,True,True,0.0,True,17.9949,
heterogeneity,22c5d6ae1e37d415f0ea,2785607540,17,clustered,Agrupado,homogeneous,Homogénea,0.0,0.0,36,8,24,0.2,True,True,False,0.0,1.7197861127830052,3.0083970217158824,True,True,0.0,False,3.4011,
heterogeneity,22c5d6ae1e37d415f0ea,2785607540,17,clustered,Agrupado,low,Baja,0.15,0.1498694893831337,36,8,24,0.2,True,True,False,0.0,0.6659245595143766,2.7136887389051108,True,True,0.0,False,137.2299,
heterogeneity,22c5d6ae1e37d415f0ea,2785607540,17,clustered,Agrupado,moderate,Moderada,0.35,0.33768479924532085,36,8,24,0.2,True,False,True,1.8019181380607296,-1.8019181380607296,2.206209033638677,True,True,0.0,True,532.8277,
heterogeneity,22c5d6ae1e37d415f0ea,2785607540,17,clustered,Agrupado,high,Alta,0.65,0.6636972370022115,36,8,24,0.2,True,False,True,1.9247591356252656,-1.9247591356252656,4.761234748826227,True,True,0.0,True,1133.6834,
heterogeneity,22c5d6ae1e37d415f0ea,2785607540,17,clustered,Agrupado,extreme,Extrema,1.0,0.9284650550013314,36,8,24,0.2,True,False,True,7.316539503320852,-5.115180917775353,3.666741721944536,True,True,0.0,True,218.2523,
heterogeneity,c05467a62f1a1eba661b,2933781950,18,clustered,Agrupado,homogeneous,Homogénea,0.0,0.0,36,8,24,0.2,True,True,False,0.0,0.46580570513430075,2.3018463260483575,True,True,0.0,False,3.6453,
heterogeneity,c05467a62f1a1eba661b,2933781950,18,clustered,Agrupado,low,Baja,0.15,0.165209567789188,36,8,24,0.2,True,False,True,1.6602529549360305,-1.6602529549360305,2.192044247814176,True,True,0.0,True,1025.6009,
heterogeneity,c05467a62f1a1eba661b,2933781950,18,clustered,Agrupado,moderate,Moderada,0.35,0.2889701011234097,36,8,24,0.2,True,False,True,4.9671308438880075,-4.9671308438880075,1.8638750101242612,True,True,0.0,True,460.1826,
heterogeneity,c05467a62f1a1eba661b,2933781950,18,clustered,Agrupado,high,Alta,0.65,0.6621788881747543,36,8,24,0.2,True,False,True,8.013770671050468,-4.248776637083013,3.7940910392289204,True,True,0.0,True,231.4955,
heterogeneity,c05467a62f1a1eba661b,2933781950,18,clustered,Agrupado,extreme,Extrema,1.0,1.6592651853925353,36,8,24,0.2,True,False,True,31.29435986340335,-15.009962623155449,2.675132661098948,True,True,0.0,True,280.6265,
heterogeneity,8285dd9a80014535dccd,1460451327,19,clustered,Agrupado,homogeneous,Homogénea,0.0,0.0,36,8,24,0.2,True,True,False,0.0,0.7258185728932585,2.7931798774370566,True,True,0.0,False,3.6739,
heterogeneity,8285dd9a80014535dccd,1460451327,19,clustered,Agrupado,low,Baja,0.15,0.15812964751188113,36,8,24,0.2,True,False,True,0.24145831450649524,-0.24145831450649524,2.715610359217209,True,True,0.0,True,564.2137,
heterogeneity,8285dd9a80014535dccd,1460451327,19,clustered,Agrupado,moderate,Moderada,0.35,0.3113390619520238,36,8,24,0.2,True,False,True,1.2220932566475375,-1.2220932566475375,3.0784075099769566,True,True,0.0,True,445.7582,
heterogeneity,8285dd9a80014535dccd,1460451327,19,clustered,Agrupado,high,Alta,0.65,0.6729874681714993,36,8,24,0.2,True,True,False,0.0,0.2323029280125264,4.235846000516043,True,True,0.0,False,315.1763,
heterogeneity,8285dd9a80014535dccd,1460451327,19,clustered,Agrupado,extreme,Extrema,1.0,1.1561700590133488,36,8,24,0.2,True,False,True,21.704547180251744,-14.711608550617957,-0.08403163768817801,True,True,0.0,True,112.0926,
heterogeneity,e0e9f839d5f7bdd2a491,94785739,20,clustered,Agrupado,homogeneous,Homogénea,0.0,0.0,36,8,24,0.2,True,True,False,0.0,0.9892485711509345,1.994711296851627,True,True,0.0,False,3.8592,
heterogeneity,e0e9f839d5f7bdd2a491,94785739,20,clustered,Agrupado,low,Baja,0.15,0.15087415299830403,36,8,24,0.2,True,False,True,0.08793268702446255,-0.08793268702446255,1.904140888456249,True,True,0.0,True,309.0315,
heterogeneity,e0e9f839d5f7bdd2a491,94785739,20,clustered,Agrupado,moderate,Moderada,0.35,0.33099166208658726,36,8,24,0.2,True,False,True,8.64227609992776,-4.983798769319405,1.9883641073961527,True,True,0.0,True,1748.2627,
heterogeneity,e0e9f839d5f7bdd2a491,94785739,20,clustered,Agrupado,high,Alta,0.65,0.6781153631696555,36,8,24,0.2,True,False,True,9.0674561403135,-4.096190775675307,3.5889750745384243,True,True,0.0,True,415.7068,
heterogeneity,e0e9f839d5f7bdd2a491,94785739,20,clustered,Agrupado,extreme,Extrema,1.0,0.8109194638419494,36,8,24,0.2,True,False,True,11.271062954531399,-5.902137143508338,0.6596781898583994,True,True,0.0,True,423.0323,
heterogeneity,aba0be399791d02fe421,8118216,21,clustered,Agrupado,homogeneous,Homogénea,0.0,0.0,36,8,24,0.2,True,True,False,0.0,0.435449713557329,2.4875260021842105,True,True,0.0,False,3.8689,
heterogeneity,aba0be399791d02fe421,8118216,21,clustered,Agrupado,low,Baja,0.15,0.13734924428141876,36,8,24,0.2,True,True,False,0.0,0.5047688607332876,2.471637112513706,True,True,0.0,False,556.9092,
heterogeneity,aba0be399791d02fe421,8118216,21,clustered,Agrupado,moderate,Moderada,0.35,0.36896642091136583,36,8,24,0.2,True,False,True,3.781711999857457,-3.781711999857457,2.674713914352043,True,True,0.0,True,278.485,
heterogeneity,aba0be399791d02fe421,8118216,21,clustered,Agrupado,high,Alta,0.65,0.8492671727978095,36,8,24,0.2,True,False,True,13.613594451847122,-5.972316949986842,2.3905674553024214,True,True,0.0,True,152.8143,
heterogeneity,aba0be399791d02fe421,8118216,21,clustered,Agrupado,extreme,Extrema,1.0,0.918305057850519,36,8,24,0.2,True,False,True,26.059732906952384,-8.727015972411053,-0.3219434427381699,True,True,0.0,True,388.4448,
heterogeneity,4c5909f19fdf70aaa7aa,1056713357,22,clustered,Agrupado,homogeneous,Homogénea,0.0,0.0,36,8,24,0.2,True,True,False,0.0,0.2998417360297907,2.0784952969150754,True,True,0.0,False,4.3299,
heterogeneity,4c5909f19fdf70aaa7aa,1056713357,22,clustered,Agrupado,low,Baja,0.15,0.1424354356410041,36,8,24,0.2,True,False,True,0.9113798371334862,-0.9113798371334862,2.1370225273632606,True,True,0.0,True,711.6,
heterogeneity,4c5909f19fdf70aaa7aa,1056713357,22,clustered,Agrupado,moderate,Moderada,0.35,0.4161782364445522,36,8,24,0.2,True,False,True,3.9548622314867528,-2.190659663053988,2.892883721641178,True,True,0.0,True,208.5114,
heterogeneity,4c5909f19fdf70aaa7aa,1056713357,22,clustered,Agrupado,high,Alta,0.65,0.6606668726999415,36,8,24,0.2,True,False,True,17.569906493760588,-6.743845573632542,0.427525019615006,True,True,0.0,True,312.8743,
heterogeneity,4c5909f19fdf70aaa7aa,1056713357,22,clustered,Agrupado,extreme,Extrema,1.0,1.0492874974368185,36,8,24,0.2,True,False,True,13.731045016793534,-5.76392838682223,2.8443230007080396,True,True,0.0,True,394.6588,
heterogeneity,318a9544f1a0c1e5aff9,280790364,23,clustered,Agrupado,homogeneous,Homogénea,0.0,0.0,36,8,24,0.2,True,True,False,0.0,1.0607340130037723,3.3616817430955033,True,True,0.0,False,3.2482,
heterogeneity,318a9544f1a0c1e5aff9,280790364,23,clustered,Agrupado,low,Baja,0.15,0.12442742777748242,36,8,24,0.2,True,True,False,0.0,0.984790508307964,3.4255201852286854,True,True,0.0,False,217.4041,
heterogeneity,318a9544f1a0c1e5aff9,280790364,23,clustered,Agrupado,moderate,Moderada,0.35,0.32792263424315665,36,8,24,0.2,True,False,True,0.9022859389271423,-0.9022859389271423,3.966014841889104,True,True,0.0,True,210.4501,
heterogeneity,318a9544f1a0c1e5aff9,280790364,23,clustered,Agrupado,high,Alta,0.65,0.7389387807518861,36,8,24,0.2,True,False,True,7.847648382016077,-3.86520567193548,3.4672139770180177,True,True,0.0,True,289.5946,
heterogeneity,318a9544f1a0c1e5aff9,280790364,23,clustered,Agrupado,extreme,Extrema,1.0,0.9736153094728751,36,8,24,0.2,True,False,True,4.670127286803657,-2.537992180566205,3.9285035424425496,True,True,0.0,True,35.4003,
heterogeneity,afb229c6f82022de5cb6,2001331312,24,clustered,Agrupado,homogeneous,Homogénea,0.0,0.0,36,8,24,0.2,True,True,False,0.0,0.32002237272645395,2.2371812263874795,True,True,0.0,False,3.303,
heterogeneity,afb229c6f82022de5cb6,2001331312,24,clustered,Agrupado,low,Baja,0.15,0.1489046075358204,36,8,24,0.2,True,False,True,2.011484375833229,-1.1286703643218168,2.2841577907786057,True,True,0.0,True,212.4582,
heterogeneity,afb229c6f82022de5cb6,2001331312,24,clustered,Agrupado,moderate,Moderada,0.35,0.3412820843865827,36,8,24,0.2,True,False,True,3.3366461313840174,-1.406957526249915,2.0818384594727695,True,True,0.0,True,293.7795,
heterogeneity,afb229c6f82022de5cb6,2001331312,24,clustered,Agrupado,high,Alta,0.65,0.6399988881663102,36,8,24,0.2,True,False,True,5.942034387227604,-3.1132213339655372,2.9258919045160328,True,True,0.0,True,309.1377,
heterogeneity,afb229c6f82022de5cb6,2001331312,24,clustered,Agrupado,extreme,Extrema,1.0,1.4902207872731654,36,8,24,0.2,True,False,True,1.6607084445434586,-0.8797435504815327,6.056833991779151,True,True,0.0,True,386.3453,
heterogeneity,325170425c9bd271d01c,1427921017,25,clustered,Agrupado,homogeneous,Homogénea,0.0,0.0,36,8,24,0.2,True,True,False,0.0,0.32162834359041526,1.8819582265931376,True,True,0.0,False,5.0915,
heterogeneity,325170425c9bd271d01c,1427921017,25,clustered,Agrupado,low,Baja,0.15,0.12910122018619302,36,8,24,0.2,True,False,True,1.0312569568870327,-1.0029598078225241,1.648095816738154,True,True,0.0,True,759.983,
heterogeneity,325170425c9bd271d01c,1427921017,25,clustered,Agrupado,moderate,Moderada,0.35,0.36002960845009824,36,8,24,0.2,True,False,True,4.421547386833918,-3.9380051697712375,1.4788760481923091,True,True,0.0,True,546.6873,
heterogeneity,325170425c9bd271d01c,1427921017,25,clustered,Agrupado,high,Alta,0.65,1.058101049860443,36,8,24,0.2,True,False,True,13.115189931145752,-6.442137760813315,1.4595292974689569,True,True,0.0,True,359.691,
heterogeneity,325170425c9bd271d01c,1427921017,25,clustered,Agrupado,extreme,Extrema,1.0,0.9602667533313494,36,8,24,0.2,True,False,True,23.270769579692956,-6.694129910378863,-0.3102644617621162,True,True,0.0,True,430.0878,
heterogeneity,ba053c4c80b51fcfefeb,3261745104,26,clustered,Agrupado,homogeneous,Homogénea,0.0,0.0,36,8,24,0.2,True,True,False,0.0,0.2799909353915826,1.2796636206690528,True,True,0.0,False,3.8657,
heterogeneity,ba053c4c80b51fcfefeb,3261745104,26,clustered,Agrupado,low,Baja,0.15,0.132318914406848,36,8,24,0.2,True,False,True,0.6926820640083449,-0.6314615704755546,1.019650039177998,True,False,0.011776116657095896,False,5005.9004,
heterogeneity,ba053c4c80b51fcfefeb,3261745104,26,clustered,Agrupado,moderate,Moderada,0.35,0.3082955006837345,36,8,24,0.2,True,False,True,1.8193287172229349,-1.2553251274807868,1.0718644522597318,True,True,0.0,True,3054.2505,
heterogeneity,ba053c4c80b51fcfefeb,3261745104,26,clustered,Agrupado,high,Alta,0.65,0.6758543047408601,36,8,24,0.2,True,False,True,26.89699043479296,-13.348744628030886,0.5146036683770272,True,True,0.0,True,488.286,
heterogeneity,ba053c4c80b51fcfefeb,3261745104,26,clustered,Agrupado,extreme,Extrema,1.0,0.9088955244340289,36,8,24,0.2,True,False,True,19.143854431136113,-14.920427261469765,2.1109002335830533,True,True,0.0,True,444.6174,
heterogeneity,8ece29c209978aecabd4,2793237799,27,clustered,Agrupado,homogeneous,Homogénea,0.0,0.0,36,8,24,0.2,True,True,False,0.0,0.6600151691893643,2.55082385089094,True,True,0.0,False,5.5884,
heterogeneity,8ece29c209978aecabd4,2793237799,27,clustered,Agrupado,low,Baja,0.15,0.11447700676344233,36,8,24,0.2,True,True,False,0.0,0.4647988785123811,2.7560898639391676,True,True,0.0,False,151.9754,
heterogeneity,8ece29c209978aecabd4,2793237799,27,clustered,Agrupado,moderate,Moderada,0.35,0.3075100141806141,36,8,24,0.2,True,False,True,1.5565019559995346,-1.5565019559995346,2.5446819635739937,True,True,0.0,True,338.7711,
heterogeneity,8ece29c209978aecabd4,2793237799,27,clustered,Agrupado,high,Alta,0.65,0.5448919223738143,36,8,24,0.2,True,False,True,6.212759775154411,-3.6265953604295618,2.1540113434398807,True,True,0.0,True,1201.9891,
heterogeneity,8ece29c209978aecabd4,2793237799,27,clustered,Agrupado,extreme,Extrema,1.0,1.0273830508002886,36,8,24,0.2,True,False,True,13.052665406752727,-5.421235645335598,2.5572050990549937,True,True,0.0,True,90.7133,
heterogeneity,8f341dceff8d542c4605,205138680,28,clustered,Agrupado,homogeneous,Homogénea,0.0,0.0,36,8,24,0.2,True,True,False,0.0,1.0133288047354796,2.8392434884894984,True,True,0.0,False,5.6853,
heterogeneity,8f341dceff8d542c4605,205138680,28,clustered,Agrupado,low,Baja,0.15,0.16220709031588684,36,8,24,0.2,True,True,False,0.0,0.9087816544591867,2.9343936325371676,True,True,0.0,False,305.632,
heterogeneity,8f341dceff8d542c4605,205138680,28,clustered,Agrupado,moderate,Moderada,0.35,0.3902084221993195,36,8,24,0.2,True,False,True,0.11159095922420548,-0.11159095922420548,2.6369300048381383,True,True,0.0,True,784.0977,
heterogeneity,8f341dceff8d542c4605,205138680,28,clustered,Agrupado,high,Alta,0.65,0.6028033921864967,36,8,24,0.2,True,False,True,12.39656432863438,-8.835604990937618,1.263670012683125,True,True,0.0,True,574.4857,
heterogeneity,8f341dceff8d542c4605,205138680,28,clustered,Agrupado,extreme,Extrema,1.0,1.8406706441064749,36,8,24,0.2,True,False,True,25.367940962004475,-15.320529454332279,5.432383445257982,True,True,0.0,True,61.9164,
heterogeneity,fa61152268904f321de2,996628394,29,clustered,Agrupado,homogeneous,Homogénea,0.0,0.0,36,8,24,0.2,True,True,False,0.0,0.36029529695750995,2.3891661345385646,True,True,0.0,False,4.5353,
heterogeneity,fa61152268904f321de2,996628394,29,clustered,Agrupado,low,Baja,0.15,0.134896350838499,36,8,24,0.2,True,False,True,3.9842452711245038,-3.9842452711245038,1.9667803145331886,True,True,0.0,True,504.1128,
heterogeneity,fa61152268904f321de2,996628394,29,clustered,Agrupado,moderate,Moderada,0.35,0.30350259608214153,36,8,24,0.2,True,False,True,2.1874383970809372,-2.1058747803910265,2.9496834838336237,True,True,0.0,True,1109.7825,
heterogeneity,fa61152268904f321de2,996628394,29,clustered,Agrupado,high,Alta,0.65,0.6586597137949012,36,8,24,0.2,True,False,True,0.2948726978160394,-0.2948726978160394,4.405810543943691,True,True,0.0,True,225.6312,
heterogeneity,fa61152268904f321de2,996628394,29,clustered,Agrupado,extreme,Extrema,1.0,2.036971950741367,36,8,24,0.2,True,False,True,16.60591502515185,-8.425601833398936,5.951197197971631,True,True,0.0,True,122.0295,
heterogeneity,0a87390a45f7d96a237c,1255031277,0,separated,Separado,homogeneous,Homogénea,0.0,0.0,36,8,24,0.2,True,True,False,0.0,0.5341019416350115,2.6685791675168113,True,True,0.0,False,5.0234,
heterogeneity,0a87390a45f7d96a237c,1255031277,0,separated,Separado,low,Baja,0.15,0.15592275826833799,36,8,24,0.2,True,True,False,0.0,0.06622994712925134,2.6616015366017747,True,True,0.0,False,4024.2298,
heterogeneity,0a87390a45f7d96a237c,1255031277,0,separated,Separado,moderate,Moderada,0.35,0.28286987551813975,36,8,24,0.2,True,True,False,0.0,0.27452883058755884,3.8007246882306265,True,True,0.0,False,1905.3839,
heterogeneity,0a87390a45f7d96a237c,1255031277,0,separated,Separado,high,Alta,0.65,0.5050198692824195,36,8,24,0.2,True,False,True,10.74824235429907,-7.9203296320355605,2.660707602264397,True,True,0.0,True,1413.4231,
heterogeneity,0a87390a45f7d96a237c,1255031277,0,separated,Separado,extreme,Extrema,1.0,1.1319016911507582,36,8,24,0.2,True,False,True,32.16437924726473,-19.747050186186385,-1.5471130271708167,True,True,0.0,True,21.1992,
heterogeneity,40c688b081e5de9b87a3,2090548607,1,separated,Separado,homogeneous,Homogénea,0.0,0.0,36,8,24,0.2,True,True,False,0.0,0.38180175573648967,1.955584686018957,True,True,0.0,False,3.9352,
heterogeneity,40c688b081e5de9b87a3,2090548607,1,separated,Separado,low,Baja,0.15,0.14770142299879782,36,8,24,0.2,True,False,True,2.243020089929633,-1.4560127149744062,1.8152698720097873,True,True,0.0,True,203.474,
heterogeneity,40c688b081e5de9b87a3,2090548607,1,separated,Separado,moderate,Moderada,0.35,0.27938534566646156,36,8,24,0.2,True,False,True,0.8851615354855547,-0.8851615354855547,2.5458430316860996,True,True,0.0,True,975.3386,
heterogeneity,40c688b081e5de9b87a3,2090548607,1,separated,Separado,high,Alta,0.65,0.8290365880374029,36,8,24,0.2,True,False,True,4.192975905127094,-2.582022713729026,2.5060965818284417,True,True,0.0,True,202.4912,
heterogeneity,40c688b081e5de9b87a3,2090548607,1,separated,Separado,extreme,Extrema,1.0,1.388956546795538,36,8,24,0.2,True,False,True,29.79444159238511,-11.03306827261264,-1.3501787105635423,True,True,0.0,True,451.3198,
heterogeneity,8df7f31df2d162ee423c,3472321325,2,separated,Separado,homogeneous,Homogénea,0.0,0.0,36,8,24,0.2,True,True,False,0.0,0.6311922064954061,2.5486340030460743,True,True,0.0,False,5.6464,
heterogeneity,8df7f31df2d162ee423c,3472321325,2,separated,Separado,low,Baja,0.15,0.14818100731795264,36,8,24,0.2,True,True,False,0.0,1.5514110159053107,2.8488057779609726,True,True,0.0,False,775.7542,
heterogeneity,8df7f31df2d162ee423c,3472321325,2,separated,Separado,moderate,Moderada,0.35,0.35558533209815507,36,8,24,0.2,True,False,True,2.350752772559468,-2.1489038768098645,2.899109194073111,True,True,0.0,True,270.3371,
heterogeneity,8df7f31df2d162ee423c,3472321325,2,separated,Separado,high,Alta,0.65,0.6729132717626961,36,8,24,0.2,True,False,True,7.865886070688379,-3.8879066181204767,1.7846675146129685,True,True,0.0,True,493.9061,
heterogeneity,8df7f31df2d162ee423c,3472321325,2,separated,Separado,extreme,Extrema,1.0,1.1788834082401913,36,8,24,0.2,True,False,True,26.5374239337527,-9.831114676227077,1.268208600035538,True,True,0.0,True,105.8672,
heterogeneity,e21eacb8f8923aa66911,2941722864,3,separated,Separado,homogeneous,Homogénea,0.0,0.0,36,8,24,0.2,True,True,False,0.0,0.5005582674434734,2.2288826099504497,True,True,0.0,False,4.8526,
heterogeneity,e21eacb8f8923aa66911,2941722864,3,separated,Separado,low,Baja,0.15,0.12425169875027871,36,8,24,0.2,True,True,False,0.0,1.0510393879176014,2.460585317442723,True,True,0.0,False,327.7183,
heterogeneity,e21eacb8f8923aa66911,2941722864,3,separated,Separado,moderate,Moderada,0.35,0.42469102884582605,36,8,24,0.2,True,False,True,1.6116146164461904,-1.183942695922135,1.2238111442444222,True,True,0.0,True,2090.1068,
heterogeneity,e21eacb8f8923aa66911,2941722864,3,separated,Separado,high,Alta,0.65,0.5825712423752822,36,8,24,0.2,True,False,True,0.9749187288846803,-0.9749187288846803,1.8620828904091542,True,True,0.0,True,199.3763,
heterogeneity,e21eacb8f8923aa66911,2941722864,3,separated,Separado,extreme,Extrema,1.0,0.881709135599215,36,8,24,0.2,True,False,True,9.646198229808695,-6.011882227151325,2.196866751526936,True,True,0.0,True,201.619,
heterogeneity,8849f5aa884751c8ddf0,3329885592,4,separated,Separado,homogeneous,Homogénea,0.0,0.0,36,8,24,0.2,True,True,False,0.0,0.25252129629534537,1.4459907922447919,True,True,0.0,False,5.0016,
heterogeneity,8849f5aa884751c8ddf0,3329885592,4,separated,Separado,low,Baja,0.15,0.1415287242689751,36,8,24,0.2,True,False,True,0.24583461598770207,-0.15943480842766178,1.6814218028685293,True,True,0.0,True,156.4857,
heterogeneity,8849f5aa884751c8ddf0,3329885592,4,separated,Separado,moderate,Moderada,0.35,0.3908822944708783,36,8,24,0.2,True,False,True,9.111812002442067,-4.557113339607092,0.32752200445408663,True,True,0.0,True,1285.424,
heterogeneity,8849f5aa884751c8ddf0,3329885592,4,separated,Separado,high,Alta,0.65,0.5565618658737884,36,8,24,0.2,True,False,True,9.835242674299641,-4.7896833147763616,1.4614871050031208,True,True,0.0,True,318.3592,
heterogeneity,8849f5aa884751c8ddf0,3329885592,4,separated,Separado,extreme,Extrema,1.0,2.0459127054268595,36,8,24,0.2,True,False,True,35.81664624541441,-12.565950576556329,-4.1132262085258,True,True,0.0,True,1223.9121,
heterogeneity,77709726fea19eb946c4,1712955719,5,separated,Separado,homogeneous,Homogénea,0.0,0.0,36,8,24,0.2,True,True,False,0.0,0.356472026202006,2.3191094562720176,True,True,0.0,False,4.376,
heterogeneity,77709726fea19eb946c4,1712955719,5,separated,Separado,low,Baja,0.15,0.17195267370808373,36,8,24,0.2,True,True,False,0.0,0.21302952281140364,2.252731749608375,True,True,0.0,False,296.7782,
heterogeneity,77709726fea19eb946c4,1712955719,5,separated,Separado,moderate,Moderada,0.35,0.312279264909058,36,8,24,0.2,True,False,True,0.10371206905593944,-0.08866175142347998,2.495311078152162,True,True,0.0,True,1000.7704,
heterogeneity,77709726fea19eb946c4,1712955719,5,separated,Separado,high,Alta,0.65,0.9188976886251599,36,8,24,0.2,True,False,True,18.108917024243183,-7.410603024014481,0.5056946936658754,True,True,0.0,True,220.0475,
heterogeneity,77709726fea19eb946c4,1712955719,5,separated,Separado,extreme,Extrema,1.0,0.962785615724302,36,8,24,0.2,True,False,True,19.02122352093006,-9.885436518568232,2.6762368947223694,True,True,0.0,True,126.1474,
heterogeneity,941054bc9bdb2c0ae63c,3292209666,6,separated,Separado,homogeneous,Homogénea,0.0,0.0,36,8,24,0.2,True,True,False,0.0,0.31237567797951016,1.72928554188258,True,True,0.0,False,3.7415,
heterogeneity,941054bc9bdb2c0ae63c,3292209666,6,separated,Separado,low,Baja,0.15,0.1643902734754436,36,8,24,0.2,True,False,True,1.2794251135191317,-0.9650923190298624,1.625834771525898,True,True,0.0,True,322.6539,
heterogeneity,941054bc9bdb2c0ae63c,3292209666,6,separated,Separado,moderate,Moderada,0.35,0.36662629580098205,36,8,24,0.2,True,False,True,9.334706225064398,-3.244748179385022,0.45963848479783476,True,True,0.0,True,3115.7481,
heterogeneity,941054bc9bdb2c0ae63c,3292209666,6,separated,Separado,high,Alta,0.65,0.659897120020994,36,8,24,0.2,True,False,True,13.325540872701602,-5.187602583100881,2.4803526339804502,True,True,0.0,True,340.7302,
heterogeneity,941054bc9bdb2c0ae63c,3292209666,6,separated,Separado,extreme,Extrema,1.0,1.2499716636712768,36,8,24,0.2,True,False,True,30.61044339005207,-12.666950860199176,0.15258473646174098,True,True,0.0,True,266.6028,
heterogeneity,05cb99f13de384c970b1,3936110979,7,separated,Separado,homogeneous,Homogénea,0.0,0.0,36,8,24,0.2,True,True,False,0.0,0.33986139744781774,2.1403693070846064,True,True,0.0,False,4.1182,
heterogeneity,05cb99f13de384c970b1,3936110979,7,separated,Separado,low,Baja,0.15,0.12319598722923397,36,8,24,0.2,True,True,False,0.0,0.24541979704099504,2.369520401260907,True,True,0.0,False,98.7092,
heterogeneity,05cb99f13de384c970b1,3936110979,7,separated,Separado,moderate,Moderada,0.35,0.2960523861769294,36,8,24,0.2,True,False,True,2.140969883055284,-2.140969883055284,1.9641610580248874,True,True,0.0,True,1502.1385,
heterogeneity,05cb99f13de384c970b1,3936110979,7,separated,Separado,high,Alta,0.65,0.5430166214962827,36,8,24,0.2,True,False,True,11.758040924382781,-11.758040924382781,1.464888842469448,True,True,0.0,True,344.7405,
heterogeneity,05cb99f13de384c970b1,3936110979,7,separated,Separado,extreme,Extrema,1.0,0.9755731891980075,36,8,24,0.2,True,False,True,8.587831934681637,-7.580971675782067,2.2102759465992188,True,True,0.0,True,202.4261,
heterogeneity,4aef009271953811906b,3651875585,8,separated,Separado,homogeneous,Homogénea,0.0,0.0,36,8,24,0.2,True,True,False,0.0,1.104692463995427,2.686093654406637,True,True,0.0,False,4.016,
heterogeneity,4aef009271953811906b,3651875585,8,separated,Separado,low,Baja,0.15,0.1267780970768068,36,8,24,0.2,True,True,False,0.0,1.0095141626806647,2.588761666248704,True,True,0.0,False,327.8989,
heterogeneity,4aef009271953811906b,3651875585,8,separated,Separado,moderate,Moderada,0.35,0.27360891493434364,36,8,24,0.2,True,True,False,0.0,0.6823756272703037,2.869796777287506,True,True,0.0,False,276.0276,
heterogeneity,4aef009271953811906b,3651875585,8,separated,Separado,high,Alta,0.65,0.5175321836308943,36,8,24,0.2,True,False,True,6.417242415078506,-2.87305769183618,2.3270900744273235,True,True,0.0,True,1295.988,
heterogeneity,4aef009271953811906b,3651875585,8,separated,Separado,extreme,Extrema,1.0,1.1644194339723821,36,8,24,0.2,True,False,True,24.68900293422218,-12.026978292748163,-0.8182808059633611,True,True,0.0,True,141.9025,
heterogeneity,59623b032c0cb1681f56,1952159681,9,separated,Separado,homogeneous,Homogénea,0.0,0.0,36,8,24,0.2,True,True,False,0.0,0.851615433538548,2.5005869680593746,True,True,0.0,False,3.8208,
heterogeneity,59623b032c0cb1681f56,1952159681,9,separated,Separado,low,Baja,0.15,0.15293562839081787,36,8,24,0.2,True,False,True,0.37909116741328575,-0.37909116741328575,2.493563100250096,True,False,0.004077304100304909,False,5008.4583,
heterogeneity,59623b032c0cb1681f56,1952159681,9,separated,Separado,moderate,Moderada,0.35,0.37509442898587997,36,8,24,0.2,True,False,True,3.9225600730710877,-2.216524397456892,3.050677165117217,True,True,0.0,True,1834.8744,
heterogeneity,59623b032c0cb1681f56,1952159681,9,separated,Separado,high,Alta,0.65,0.7266037382004608,36,8,24,0.2,True,False,True,2.9333241489995565,-1.703459412710707,4.3692237629953965,True,True,0.0,True,211.0622,
heterogeneity,59623b032c0cb1681f56,1952159681,9,separated,Separado,extreme,Extrema,1.0,1.1855564814377055,36,8,24,0.2,True,False,True,19.723738122227587,-8.812614313713532,4.027882528370542,True,True,0.0,True,89.0386,
heterogeneity,f4ebf60d6680d6d3a052,3805780999,10,separated,Separado,homogeneous,Homogénea,0.0,0.0,36,8,24,0.2,True,True,False,0.0,1.1869919174130725,2.553664690909555,True,True,0.0,False,3.8042,
heterogeneity,f4ebf60d6680d6d3a052,3805780999,10,separated,Separado,low,Baja,0.15,0.11438262762902104,36,8,24,0.2,True,True,False,0.0,0.7191066029521336,2.5943606657084137,True,True,0.0,False,144.7542,
heterogeneity,f4ebf60d6680d6d3a052,3805780999,10,separated,Separado,moderate,Moderada,0.35,0.38638991626431307,36,8,24,0.2,True,True,False,0.0,0.15534273964942535,3.119338384203799,True,True,0.0,False,135.96,
heterogeneity,f4ebf60d6680d6d3a052,3805780999,10,separated,Separado,high,Alta,0.65,0.6099028612963446,36,8,24,0.2,True,False,True,4.722463105958198,-4.722463105958198,3.250987584057527,True,True,0.0,True,235.5206,
heterogeneity,f4ebf60d6680d6d3a052,3805780999,10,separated,Separado,extreme,Extrema,1.0,1.5412918773506723,36,8,24,0.2,True,False,True,26.74071857924069,-12.19017629236561,-1.103740358584397,True,True,0.0,True,36.407,
heterogeneity,8717457e7fee113afd1b,2083941654,11,separated,Separado,homogeneous,Homogénea,0.0,0.0,36,8,24,0.2,True,True,False,0.0,1.4321152377100468,2.691449130383986,True,True,0.0,False,4.9437,
heterogeneity,8717457e7fee113afd1b,2083941654,11,separated,Separado,low,Baja,0.15,0.14235781342880122,36,8,24,0.2,True,True,False,0.0,0.029755832722685227,2.6846273623594805,True,True,0.0,False,141.7674,
heterogeneity,8717457e7fee113afd1b,2083941654,11,separated,Separado,moderate,Moderada,0.35,0.37054059806360007,36,8,24,0.2,True,False,True,2.9146536383234167,-2.1849250673901484,1.943818164524153,True,True,0.0,True,327.0428,
heterogeneity,8717457e7fee113afd1b,2083941654,11,separated,Separado,high,Alta,0.65,0.735605022772494,36,8,24,0.2,True,False,True,5.136454986409598,-3.7217320776697616,2.7460235816364214,True,True,0.0,True,379.266,
heterogeneity,8717457e7fee113afd1b,2083941654,11,separated,Separado,extreme,Extrema,1.0,1.0703530942502115,36,8,24,0.2,True,False,True,8.151542484070628,-4.611434752500138,5.2996442998703195,True,True,0.0,True,61.2896,
heterogeneity,ae93779061142c2ac762,3851822861,12,separated,Separado,homogeneous,Homogénea,0.0,0.0,36,8,24,0.2,True,True,False,0.0,0.9256564841289219,2.30597287789925,True,True,0.0,False,3.791,
heterogeneity,ae93779061142c2ac762,3851822861,12,separated,Separado,low,Baja,0.15,0.12843370099321044,36,8,24,0.2,True,True,False,0.0,0.4831469920018119,2.275609031388783,True,True,0.0,False,109.9938,
heterogeneity,ae93779061142c2ac762,3851822861,12,separated,Separado,moderate,Moderada,0.35,0.47032109054096793,36,8,24,0.2,True,False,True,0.04345185474026181,-0.04345185474026181,3.0142672761698535,True,True,0.0,True,279.7721,
heterogeneity,ae93779061142c2ac762,3851822861,12,separated,Separado,high,Alta,0.65,0.7277935063293041,36,8,24,0.2,True,False,True,12.487930088260713,-7.3102596808377385,2.587567361746988,True,True,0.0,True,387.2839,
heterogeneity,ae93779061142c2ac762,3851822861,12,separated,Separado,extreme,Extrema,1.0,1.5114369017590406,36,8,24,0.2,True,False,True,16.32826082677766,-7.729011654434476,4.913911111276433,True,True,0.0,True,43.5927,
heterogeneity,9031103553ebb4935956,2723533435,13,separated,Separado,homogeneous,Homogénea,0.0,0.0,36,8,24,0.2,True,True,False,0.0,0.8544633976761151,2.7284371572031025,True,True,0.0,False,5.6541,
heterogeneity,9031103553ebb4935956,2723533435,13,separated,Separado,low,Baja,0.15,0.19501861178417634,36,8,24,0.2,True,False,True,0.2698330409812897,-0.2698330409812897,2.9198950908870147,True,True,0.0,True,2186.4631,
heterogeneity,9031103553ebb4935956,2723533435,13,separated,Separado,moderate,Moderada,0.35,0.4566372361814066,36,8,24,0.2,True,False,True,2.163163993813548,-1.1212308452930628,1.8488338958817134,True,True,0.0,True,174.1704,
heterogeneity,9031103553ebb4935956,2723533435,13,separated,Separado,high,Alta,0.65,0.5532438860676422,36,8,24,0.2,True,False,True,6.616172466192733,-4.003267655907667,4.066861601350485,True,True,0.0,True,483.7469,
heterogeneity,9031103553ebb4935956,2723533435,13,separated,Separado,extreme,Extrema,1.0,0.8996023804799206,36,8,24,0.2,True,False,True,17.943119894075537,-9.622099148827365,-0.09652407593882381,True,True,0.0,True,190.9399,
heterogeneity,99fd15339568968163c2,3223140320,14,separated,Separado,homogeneous,Homogénea,0.0,0.0,36,8,24,0.2,True,True,False,0.0,0.8538564179483839,2.514712187277591,True,True,0.0,False,3.3191,
heterogeneity,99fd15339568968163c2,3223140320,14,separated,Separado,low,Baja,0.15,0.12946743186949053,36,8,24,0.2,True,True,False,0.0,0.5891223623355888,2.8263462828947263,True,True,0.0,False,119.0201,
heterogeneity,99fd15339568968163c2,3223140320,14,separated,Separado,moderate,Moderada,0.35,0.3688342315397735,36,8,24,0.2,True,False,True,7.577171521516542,-3.1909819717142582,2.6151672539355637,True,True,0.0,True,327.8856,
heterogeneity,99fd15339568968163c2,3223140320,14,separated,Separado,high,Alta,0.65,0.8097709655248867,36,8,24,0.2,True,False,True,8.08241978679411,-6.368000576307451,3.7414707192339773,True,True,0.0,True,224.2201,
heterogeneity,99fd15339568968163c2,3223140320,14,separated,Separado,extreme,Extrema,1.0,1.1986699707425894,36,8,24,0.2,True,False,True,9.61729483812912,-3.4813281535130987,4.584587827810198,True,True,0.0,True,68.2256,
heterogeneity,2fd29bd3f39f31469307,3410465017,15,separated,Separado,homogeneous,Homogénea,0.0,0.0,36,8,24,0.2,True,True,False,0.0,1.8022312856323714,2.60581200059483,True,True,0.0,False,4.3434,
heterogeneity,2fd29bd3f39f31469307,3410465017,15,separated,Separado,low,Baja,0.15,0.1308814144950457,36,8,24,0.2,True,True,False,0.0,0.6337572260887909,2.7898633275634306,True,True,0.0,False,101.7631,
heterogeneity,2fd29bd3f39f31469307,3410465017,15,separated,Separado,moderate,Moderada,0.35,0.3044245096944195,36,8,24,0.2,True,False,True,2.8030941039399453,-1.7644670165529739,2.1457221429658495,True,False,0.013124529427842885,False,5008.8301,
heterogeneity,2fd29bd3f39f31469307,3410465017,15,separated,Separado,high,Alta,0.65,0.5627821860711867,36,8,24,0.2,True,False,True,10.012578389148,-8.77753423137571,1.902456485819797,True,True,0.0,True,1400.8437,
heterogeneity,2fd29bd3f39f31469307,3410465017,15,separated,Separado,extreme,Extrema,1.0,1.1286844603676052,36,8,24,0.2,True,False,True,7.526147421614342,-3.561336750485699,3.628213810647467,True,True,0.0,True,61.6549,
heterogeneity,12956b156480644e5093,2758666221,16,separated,Separado,homogeneous,Homogénea,0.0,0.0,36,8,24,0.2,True,True,False,0.0,1.2527303193105794,2.8520724886361055,True,True,0.0,False,3.5932,
heterogeneity,12956b156480644e5093,2758666221,16,separated,Separado,low,Baja,0.15,0.13689320572573838,36,8,24,0.2,True,False,True,0.8136089601972714,-0.8136089601972714,3.032941530084434,True,True,0.0,True,886.7665,
heterogeneity,12956b156480644e5093,2758666221,16,separated,Separado,moderate,Moderada,0.35,0.2978578283068954,36,8,24,0.2,True,True,False,0.0,0.34412748517085134,2.982756034257209,True,True,0.0,False,1203.8745,
heterogeneity,12956b156480644e5093,2758666221,16,separated,Separado,high,Alta,0.65,0.7093684217790228,36,8,24,0.2,True,False,True,7.342696450600049,-5.4548472115187145,2.705233816358164,True,True,0.0,True,116.8103,
heterogeneity,12956b156480644e5093,2758666221,16,separated,Separado,extreme,Extrema,1.0,1.441520560842604,36,8,24,0.2,True,False,True,28.302377732693813,-10.409059171329595,-2.2972069723494206,True,True,0.0,True,29.1772,
heterogeneity,008f3bc9f4ace07c4e74,1081365908,17,separated,Separado,homogeneous,Homogénea,0.0,0.0,36,8,24,0.2,True,True,False,0.0,0.5863048859713871,2.16969084218893,True,True,0.0,False,3.4172,
heterogeneity,008f3bc9f4ace07c4e74,1081365908,17,separated,Separado,low,Baja,0.15,0.16192121977305632,36,8,24,0.2,True,False,True,0.15560871662813014,-0.15560871662813014,1.7090505793498005,True,True,0.0,True,1725.5029,
heterogeneity,008f3bc9f4ace07c4e74,1081365908,17,separated,Separado,moderate,Moderada,0.35,0.38064078722344125,36,8,24,0.2,True,False,True,1.1765695637207005,-1.1765695637207005,2.566854823749834,True,True,0.0,True,1759.8161,
heterogeneity,008f3bc9f4ace07c4e74,1081365908,17,separated,Separado,high,Alta,0.65,0.6447203047730615,36,8,24,0.2,True,False,True,14.717111387595974,-6.767272329914043,1.2439942267289923,True,True,0.0,True,242.5164,
heterogeneity,008f3bc9f4ace07c4e74,1081365908,17,separated,Separado,extreme,Extrema,1.0,1.0212515822703185,36,8,24,0.2,True,False,True,18.9096755456048,-6.920745514691674,4.050481556882587,True,True,0.0,True,362.7387,
heterogeneity,1d6570a1c02a41f26095,2287420670,18,separated,Separado,homogeneous,Homogénea,0.0,0.0,36,8,24,0.2,True,True,False,0.0,0.5160485202185043,2.9661965609552405,True,True,0.0,False,5.8145,
heterogeneity,1d6570a1c02a41f26095,2287420670,18,separated,Separado,low,Baja,0.15,0.13750077080449719,36,8,24,0.2,True,False,True,0.1166644157314245,-0.1166644157314245,2.8061938137058577,True,True,0.0,True,2188.609,
heterogeneity,1d6570a1c02a41f26095,2287420670,18,separated,Separado,moderate,Moderada,0.35,0.3052751130871741,36,8,24,0.2,True,True,False,0.0,0.17226034366212417,2.8739813676445856,True,True,0.0,False,1765.9111,
heterogeneity,1d6570a1c02a41f26095,2287420670,18,separated,Separado,high,Alta,0.65,0.6369104208508622,36,8,24,0.2,True,False,True,6.918665080777357,-6.689299193724095,2.199963903325632,True,True,0.0,True,229.1777,
heterogeneity,1d6570a1c02a41f26095,2287420670,18,separated,Separado,extreme,Extrema,1.0,1.1745596219006587,36,8,24,0.2,True,False,True,14.700626482210563,-5.7498984952783285,4.392402749950507,True,True,0.0,True,50.3095,
heterogeneity,7399fbaa16719e134ddd,3109564938,19,separated,Separado,homogeneous,Homogénea,0.0,0.0,36,8,24,0.2,True,True,False,0.0,2.5599837751860854,3.526758740173123,True,True,0.0,False,5.5108,
heterogeneity,7399fbaa16719e134ddd,3109564938,19,separated,Separado,low,Baja,0.15,0.11944706225116772,36,8,24,0.2,True,True,False,0.0,2.179826321400556,3.936283910661749,True,True,0.0,False,1088.98,
heterogeneity,7399fbaa16719e134ddd,3109564938,19,separated,Separado,moderate,Moderada,0.35,0.3013934881548976,36,8,24,0.2,True,False,True,1.0692957940052388,-1.0692957940052388,3.6260775687460347,True,True,0.0,True,92.6317,
heterogeneity,7399fbaa16719e134ddd,3109564938,19,separated,Separado,high,Alta,0.65,0.5234717259437265,36,8,24,0.2,True,False,True,0.18028579342701434,-0.18028579342701434,3.346294884610823,True,True,0.0,True,402.7734,
heterogeneity,7399fbaa16719e134ddd,3109564938,19,separated,Separado,extreme,Extrema,1.0,1.4042145096549932,36,8,24,0.2,True,False,True,6.311917065541845,-2.3369955954637476,7.352907808742794,True,True,0.0,True,27.8752,
heterogeneity,b8b50fee54e351c48489,2857900692,20,separated,Separado,homogeneous,Homogénea,0.0,0.0,36,8,24,0.2,True,True,False,0.0,0.5560486405917713,2.4165292256912734,True,True,0.0,False,5.0867,
heterogeneity,b8b50fee54e351c48489,2857900692,20,separated,Separado,low,Baja,0.15,0.1394146054701077,36,8,24,0.2,True,False,True,0.44791951306527267,-0.44791951306527267,2.93213371874657,True,True,0.0,True,253.4073,
heterogeneity,b8b50fee54e351c48489,2857900692,20,separated,Separado,moderate,Moderada,0.35,0.30986094167945727,36,8,24,0.2,True,False,True,0.7461432416965827,-0.7461432416965827,2.03337954311427,True,True,0.0,True,1856.7563,
heterogeneity,b8b50fee54e351c48489,2857900692,20,separated,Separado,high,Alta,0.65,0.717710093997264,36,8,24,0.2,True,False,True,5.505571736555518,-2.639238486072876,2.444287219513201,True,True,0.0,True,122.9863,
heterogeneity,b8b50fee54e351c48489,2857900692,20,separated,Separado,extreme,Extrema,1.0,0.7740527346340706,36,8,24,0.2,True,False,True,11.971543132261798,-6.438482274680873,4.169305527442891,True,True,0.0,True,271.3445,
heterogeneity,77b9ee929d9560e33dc2,2216697908,21,separated,Separado,homogeneous,Homogénea,0.0,0.0,36,8,24,0.2,True,True,False,0.0,1.1925680826698546,2.697870619114643,True,True,0.0,False,4.6085,
heterogeneity,77b9ee929d9560e33dc2,2216697908,21,separated,Separado,low,Baja,0.15,0.13430902769864753,36,8,24,0.2,True,True,False,0.0,1.2648483289339438,2.899169091366264,True,True,0.0,False,890.3965,
heterogeneity,77b9ee929d9560e33dc2,2216697908,21,separated,Separado,moderate,Moderada,0.35,0.3385355760266127,36,8,24,0.2,True,True,False,0.0,0.05849379650172537,3.7411923564572778,True,True,0.0,False,4457.8789,
heterogeneity,77b9ee929d9560e33dc2,2216697908,21,separated,Separado,high,Alta,0.65,0.7928986126709292,36,8,24,0.2,True,False,True,5.234918539243107,-2.79521504689617,2.2309372003955232,True,True,0.0,True,345.4895,
heterogeneity,77b9ee929d9560e33dc2,2216697908,21,separated,Separado,extreme,Extrema,1.0,0.9927206832666581,36,8,24,0.2,True,False,True,2.8032795433607953,-1.831382252864521,5.36527608070436,True,True,0.0,True,267.6656,
heterogeneity,021264b8d9c9fb2da0ff,656839264,22,separated,Separado,homogeneous,Homogénea,0.0,0.0,36,8,24,0.2,True,True,False,0.0,0.49494322390281553,2.1989526277738776,True,True,0.0,False,4.2713,
heterogeneity,021264b8d9c9fb2da0ff,656839264,22,separated,Separado,low,Baja,0.15,0.15202987434414567,36,8,24,0.2,True,False,True,1.996184173396287,-1.996184173396287,1.8148379070553406,True,True,0.0,True,691.7914,
heterogeneity,021264b8d9c9fb2da0ff,656839264,22,separated,Separado,moderate,Moderada,0.35,0.3771828121888249,36,8,24,0.2,True,False,True,4.038178034146785,-3.605778258850398,1.3057669738528763,True,True,0.0,True,1752.0945,
heterogeneity,021264b8d9c9fb2da0ff,656839264,22,separated,Separado,high,Alta,0.65,0.7234607141033395,36,8,24,0.2,True,False,True,8.11828996107752,-3.6415990432778464,0.7755136057837861,True,True,0.0,True,184.7796,
heterogeneity,021264b8d9c9fb2da0ff,656839264,22,separated,Separado,extreme,Extrema,1.0,0.830224527445431,36,8,24,0.2,True,False,True,31.68638153370207,-10.538092417910548,0.27188486528893474,True,True,0.0,True,295.6898,
heterogeneity,9182d326956960e617aa,2591664334,23,separated,Separado,homogeneous,Homogénea,0.0,0.0,36,8,24,0.2,True,True,False,0.0,1.2806753444203238,3.0373959502037797,True,True,0.0,False,4.0071,
heterogeneity,9182d326956960e617aa,2591664334,23,separated,Separado,low,Baja,0.15,0.15118708074571638,36,8,24,0.2,True,False,True,0.6607119964186303,-0.6607119964186303,2.9430928056966885,True,True,0.0,True,480.4821,
heterogeneity,9182d326956960e617aa,2591664334,23,separated,Separado,moderate,Moderada,0.35,0.28403532043337354,36,8,24,0.2,True,False,True,1.6159456640452063,-1.6159456640452063,3.617032876840949,True,True,0.0,True,657.3408,
heterogeneity,9182d326956960e617aa,2591664334,23,separated,Separado,high,Alta,0.65,0.7114502505943837,36,8,24,0.2,True,False,True,5.349171798537122,-2.812898195410515,2.1956648970508583,True,True,0.0,True,175.7685,
heterogeneity,9182d326956960e617aa,2591664334,23,separated,Separado,extreme,Extrema,1.0,1.4211946176534833,36,8,24,0.2,True,False,True,16.216714032606674,-11.40215646586077,3.6761704641111828,True,True,0.0,True,37.4154,
heterogeneity,e829be35d555b3086722,2939738525,24,separated,Separado,homogeneous,Homogénea,0.0,0.0,36,8,24,0.2,True,True,False,0.0,0.2645238098680238,2.324760048188727,True,True,0.0,False,3.7574,
heterogeneity,e829be35d555b3086722,2939738525,24,separated,Separado,low,Baja,0.15,0.1708411995719553,36,8,24,0.2,True,False,True,0.39193443846498965,-0.39193443846498965,2.151426619150257,True,True,0.0,True,1636.4482,
heterogeneity,e829be35d555b3086722,2939738525,24,separated,Separado,moderate,Moderada,0.35,0.33096777496585716,36,8,24,0.2,True,False,True,2.055776513046009,-1.3331089659311637,1.8477046603015896,True,True,0.0,True,401.5229,
heterogeneity,e829be35d555b3086722,2939738525,24,separated,Separado,high,Alta,0.65,0.6737472778351229,36,8,24,0.2,True,False,True,7.74278867222443,-6.276351400139362,3.3585212755188394,True,True,0.0,True,374.9349,
heterogeneity,e829be35d555b3086722,2939738525,24,separated,Separado,extreme,Extrema,1.0,0.7617422262628524,36,8,24,0.2,True,False,True,3.9721522345031017,-3.354114574809893,2.1317229520449796,True,True,0.0,True,172.9119,
heterogeneity,837d7d8806ed0ba13fa6,35885413,25,separated,Separado,homogeneous,Homogénea,0.0,0.0,36,8,24,0.2,True,True,False,0.0,0.8332447621637193,2.786020938451055,True,True,0.0,False,4.3167,
heterogeneity,837d7d8806ed0ba13fa6,35885413,25,separated,Separado,low,Baja,0.15,0.13404321430094923,36,8,24,0.2,True,False,True,0.977528272672405,-0.977528272672405,2.802897089315682,True,True,0.0,True,189.6848,
heterogeneity,837d7d8806ed0ba13fa6,35885413,25,separated,Separado,moderate,Moderada,0.35,0.35978181796851333,36,8,24,0.2,True,False,True,1.627691955725144,-1.627691955725144,3.084398729315276,True,True,0.0,True,869.0565,
heterogeneity,837d7d8806ed0ba13fa6,35885413,25,separated,Separado,high,Alta,0.65,0.4817642647310628,36,8,24,0.2,True,False,True,3.140045816078853,-2.912164927947849,3.6200535986126043,True,True,0.0,True,557.2141,
heterogeneity,837d7d8806ed0ba13fa6,35885413,25,separated,Separado,extreme,Extrema,1.0,0.8450933593952689,36,8,24,0.2,True,False,True,17.061081499240437,-8.227795187311864,1.984582125698739,True,True,0.0,True,114.2972,
heterogeneity,bb2d43f98d41727478e5,1058014301,26,separated,Separado,homogeneous,Homogénea,0.0,0.0,36,8,24,0.2,True,True,False,0.0,0.33622196108363234,2.817782067339483,True,True,0.0,False,3.7002,
heterogeneity,bb2d43f98d41727478e5,1058014301,26,separated,Separado,low,Baja,0.15,0.15156320057897985,36,8,24,0.2,True,True,False,0.0,0.7606967675968583,2.819097698021457,True,True,0.0,False,3443.7049,
heterogeneity,bb2d43f98d41727478e5,1058014301,26,separated,Separado,moderate,Moderada,0.35,0.35639086012630217,36,8,24,0.2,True,True,False,0.0,0.06810276548770133,3.3466485141806523,True,True,0.0,False,1826.5403,
heterogeneity,bb2d43f98d41727478e5,1058014301,26,separated,Separado,high,Alta,0.65,0.5602350006561073,36,8,24,0.2,True,False,True,6.0297029842381935,-3.3461885388364028,3.636970781227646,True,True,0.0,True,314.6611,
heterogeneity,bb2d43f98d41727478e5,1058014301,26,separated,Separado,extreme,Extrema,1.0,1.2214561765372616,36,8,24,0.2,True,False,True,25.938330380574207,-11.837197165389902,1.8601099712887073,True,True,0.0,True,51.2005,
heterogeneity,41182c043d80024abd7e,823357743,27,separated,Separado,homogeneous,Homogénea,0.0,0.0,36,8,24,0.2,True,True,False,0.0,0.43548284867665643,2.6597007678431703,True,True,0.0,False,4.3699,
heterogeneity,41182c043d80024abd7e,823357743,27,separated,Separado,low,Baja,0.15,0.13716103819850187,36,8,24,0.2,True,True,False,0.0,1.2890758725293772,2.61310772372502,True,True,0.0,False,1252.665,
heterogeneity,41182c043d80024abd7e,823357743,27,separated,Separado,moderate,Moderada,0.35,0.3575835103240096,36,8,24,0.2,True,False,True,3.005296076614039,-2.858239039458386,3.270863241127765,True,True,0.0,True,337.104,
heterogeneity,41182c043d80024abd7e,823357743,27,separated,Separado,high,Alta,0.65,0.6197997184142091,36,8,24,0.2,True,False,True,7.992550685292018,-4.8813066445717865,1.1452267404937235,True,True,0.0,True,315.7857,
heterogeneity,41182c043d80024abd7e,823357743,27,separated,Separado,extreme,Extrema,1.0,0.9408646446737373,36,8,24,0.2,True,False,True,6.364160024441368,-4.986469791167018,3.4553393587867847,True,True,0.0,True,250.0609,
heterogeneity,2b731e10f7ed3f4be704,4189464571,28,separated,Separado,homogeneous,Homogénea,0.0,0.0,36,8,24,0.2,True,True,False,0.0,1.0586624846707888,2.579453025436135,True,True,0.0,False,3.9887,
heterogeneity,2b731e10f7ed3f4be704,4189464571,28,separated,Separado,low,Baja,0.15,0.1774340196266313,36,8,24,0.2,True,True,False,0.0,0.7065187584433907,2.8910376237211306,True,False,0.010014638416194585,False,5010.5248,
heterogeneity,2b731e10f7ed3f4be704,4189464571,28,separated,Separado,moderate,Moderada,0.35,0.23548004372937692,36,8,24,0.2,True,True,False,0.0,0.3665043005513109,2.2798275033231974,True,True,0.0,False,511.9041,
heterogeneity,2b731e10f7ed3f4be704,4189464571,28,separated,Separado,high,Alta,0.65,0.7157912223089238,36,8,24,0.2,True,False,True,15.306073229550215,-7.668153297368214,-0.4568046519459269,True,True,0.0,True,214.4682,
heterogeneity,2b731e10f7ed3f4be704,4189464571,28,separated,Separado,extreme,Extrema,1.0,1.0583626625287428,36,8,24,0.2,True,False,True,10.80420648998466,-8.104123265402121,3.5123420924543693,True,True,0.0,True,83.9843,
heterogeneity,a55672ecad3da3f4e575,40321529,29,separated,Separado,homogeneous,Homogénea,0.0,0.0,36,8,24,0.2,True,True,False,0.0,0.3364988836684226,3.006880709863856,True,True,0.0,False,3.4015,
heterogeneity,a55672ecad3da3f4e575,40321529,29,separated,Separado,low,Baja,0.15,0.17660091867500116,36,8,24,0.2,True,False,True,0.9248863402607945,-0.5371037258875759,2.7276320939502057,True,True,0.0,True,321.2107,
heterogeneity,a55672ecad3da3f4e575,40321529,29,separated,Separado,moderate,Moderada,0.35,0.375094309239069,36,8,24,0.2,True,False,True,3.262086841868392,-2.7515354456893757,2.905741311196823,True,True,0.0,True,934.3649,
heterogeneity,a55672ecad3da3f4e575,40321529,29,separated,Separado,high,Alta,0.65,1.1359404508817132,36,8,24,0.2,True,False,True,10.708385794001225,-6.836544159581571,3.9151389868601285,True,True,0.0,True,261.7507,
heterogeneity,a55672ecad3da3f4e575,40321529,29,separated,Separado,extreme,Extrema,1.0,0.9980165875733709,36,8,24,0.2,True,False,True,11.866702907145696,-8.297232539795363,2.840394457884699,True,True,0.0,True,71.5932,
heterogeneity,b7df35dd4f7285d87245,1211895058,0,ring,Anillo,homogeneous,Homogénea,0.0,0.0,36,8,24,0.2,True,True,False,0.0,0.4905527083460406,2.517452671242452,True,True,0.0,False,4.4419,
heterogeneity,b7df35dd4f7285d87245,1211895058,0,ring,Anillo,low,Baja,0.15,0.16201040447914142,36,8,24,0.2,True,True,False,0.0,0.10936638386454733,2.6725989813039392,True,True,0.0,False,70.4267,
heterogeneity,b7df35dd4f7285d87245,1211895058,0,ring,Anillo,moderate,Moderada,0.35,0.30854845727316926,36,8,24,0.2,True,False,True,1.883323466255579,-1.0978894014940046,2.2305599854507348,True,True,0.0,True,441.2086,
heterogeneity,b7df35dd4f7285d87245,1211895058,0,ring,Anillo,high,Alta,0.65,1.0115582562616305,36,8,24,0.2,True,False,True,14.849709595694296,-5.9971612775564935,4.485839373774463,True,True,0.0,True,104.4687,
heterogeneity,b7df35dd4f7285d87245,1211895058,0,ring,Anillo,extreme,Extrema,1.0,1.227889625500076,36,8,24,0.2,True,False,True,31.777045385361006,-12.746253418628193,5.041217122146135,True,True,0.0,True,15.7605,
heterogeneity,5a7c1a773e0a6ce708b9,3425256796,1,ring,Anillo,homogeneous,Homogénea,0.0,0.0,36,8,24,0.2,True,True,False,0.0,0.44139620906638477,1.870365428641172,True,True,0.0,False,5.8948,
heterogeneity,5a7c1a773e0a6ce708b9,3425256796,1,ring,Anillo,low,Baja,0.15,0.13555547866906065,36,8,24,0.2,True,True,False,0.0,0.7539863767324384,1.6405146304557023,True,True,0.0,False,167.8962,
heterogeneity,5a7c1a773e0a6ce708b9,3425256796,1,ring,Anillo,moderate,Moderada,0.35,0.3082992218426459,36,8,24,0.2,True,False,True,1.1375798869459688,-0.9665824135715848,1.143684029311482,True,True,0.0,True,179.2218,
heterogeneity,5a7c1a773e0a6ce708b9,3425256796,1,ring,Anillo,high,Alta,0.65,0.5253716751594295,36,8,24,0.2,True,False,True,9.283605427309347,-4.498671576739129,0.44462527104313343,True,True,0.0,True,208.2919,
heterogeneity,5a7c1a773e0a6ce708b9,3425256796,1,ring,Anillo,extreme,Extrema,1.0,1.2161330531186467,36,8,24,0.2,True,False,True,31.019012983555918,-11.220219426168168,3.4025012521164397,True,True,0.0,True,276.0731,
heterogeneity,c43b9537b5ac34224baa,3969806824,2,ring,Anillo,homogeneous,Homogénea,0.0,0.0,36,8,24,0.2,True,True,False,0.0,0.7445345642369361,2.6056404924412275,True,True,0.0,False,4.9437,
heterogeneity,c43b9537b5ac34224baa,3969806824,2,ring,Anillo,low,Baja,0.15,0.16241221734130018,36,8,24,0.2,True,False,True,0.3951327009432042,-0.3951327009432042,2.0439000567483463,True,True,0.0,True,2639.2504,
heterogeneity,c43b9537b5ac34224baa,3969806824,2,ring,Anillo,moderate,Moderada,0.35,0.2716189473177836,36,8,24,0.2,True,False,True,0.9483169976104264,-0.9483169976104264,1.7726296681373648,True,True,0.0,True,285.8561,
heterogeneity,c43b9537b5ac34224baa,3969806824,2,ring,Anillo,high,Alta,0.65,0.6193556454914118,36,8,24,0.2,True,False,True,8.47330902283209,-3.3149779416662497,2.6986275637223027,True,True,0.0,True,570.1255,
heterogeneity,c43b9537b5ac34224baa,3969806824,2,ring,Anillo,extreme,Extrema,1.0,0.8364796251296059,36,8,24,0.2,True,False,True,10.53004296153422,-9.668270564481826,2.6676014639988974,True,True,0.0,True,215.8273,
heterogeneity,a6fdbc7cec0a33ff409d,2642987778,3,ring,Anillo,homogeneous,Homogénea,0.0,0.0,36,8,24,0.2,True,True,False,0.0,1.0316118421665799,2.129730580880234,True,True,0.0,False,3.8605,
heterogeneity,a6fdbc7cec0a33ff409d,2642987778,3,ring,Anillo,low,Baja,0.15,0.18565810319831536,36,8,24,0.2,True,False,True,1.528549216779009,-1.528549216779009,2.3078271409164026,True,True,0.0,True,206.4037,
heterogeneity,a6fdbc7cec0a33ff409d,2642987778,3,ring,Anillo,moderate,Moderada,0.35,0.2600214593058448,36,8,24,0.2,True,False,True,2.976247132895992,-2.976247132895992,2.280289605570835,True,True,0.0,True,443.556,
heterogeneity,a6fdbc7cec0a33ff409d,2642987778,3,ring,Anillo,high,Alta,0.65,0.5753961051526464,36,8,24,0.2,True,False,True,13.308122253632284,-7.251754170268633,3.621122112034096,True,True,0.0,True,201.9805,
heterogeneity,a6fdbc7cec0a33ff409d,2642987778,3,ring,Anillo,extreme,Extrema,1.0,0.7901544200055902,36,8,24,0.2,True,False,True,16.59456707943111,-8.090452375256376,3.186001597188789,True,True,0.0,True,311.3746,
heterogeneity,c92210947ad8d7634dbc,2519128172,4,ring,Anillo,homogeneous,Homogénea,0.0,0.0,36,8,24,0.2,True,True,False,0.0,0.5726696600819352,2.598266253615311,True,True,0.0,False,3.5542,
heterogeneity,c92210947ad8d7634dbc,2519128172,4,ring,Anillo,low,Baja,0.15,0.13531212925656674,36,8,24,0.2,True,False,True,0.03682151838111558,-0.03682151838111558,2.50667073922787,True,True,0.0,True,139.541,
heterogeneity,c92210947ad8d7634dbc,2519128172,4,ring,Anillo,moderate,Moderada,0.35,0.3655500024825534,36,8,24,0.2,True,False,True,6.0562297600451735,-5.350467608237665,3.3389512234508203,True,True,0.0,True,891.0134,
heterogeneity,c92210947ad8d7634dbc,2519128172,4,ring,Anillo,high,Alta,0.65,0.5576240448832279,36,8,24,0.2,True,False,True,8.250298049424737,-6.334157288457302,2.3572728837975205,True,True,0.0,True,29.8113,
heterogeneity,c92210947ad8d7634dbc,2519128172,4,ring,Anillo,extreme,Extrema,1.0,1.653551106779186,36,8,24,0.2,True,False,True,14.259701700450686,-12.721960021705794,2.925179280065807,True,True,0.0,True,29.883,
heterogeneity,ec0a34be617629ceedab,4228963989,5,ring,Anillo,homogeneous,Homogénea,0.0,0.0,36,8,24,0.2,True,True,False,0.0,0.6486257555889923,2.185651170448876,True,True,0.0,False,3.3912,
heterogeneity,ec0a34be617629ceedab,4228963989,5,ring,Anillo,low,Baja,0.15,0.15205653437840752,36,8,24,0.2,True,False,True,0.11404168095320877,-0.11404168095320877,1.944706383600306,True,True,0.0,True,272.0125,
heterogeneity,ec0a34be617629ceedab,4228963989,5,ring,Anillo,moderate,Moderada,0.35,0.30517837571715184,36,8,24,0.2,True,False,True,0.42892344834932317,-0.37199722268847424,2.4219051336842456,True,True,0.0,True,292.852,
heterogeneity,ec0a34be617629ceedab,4228963989,5,ring,Anillo,high,Alta,0.65,0.5404949259320619,36,8,24,0.2,True,False,True,9.747045980234356,-8.782387365275305,2.4211316244103,True,True,0.0,True,166.3743,
heterogeneity,ec0a34be617629ceedab,4228963989,5,ring,Anillo,extreme,Extrema,1.0,1.5080205802676638,36,8,24,0.2,True,False,True,10.609198613427967,-6.43068714551586,5.5275168475344705,True,True,0.0,True,34.9419,
heterogeneity,77f4a5eb5c7d1dc5e6c8,2249142553,6,ring,Anillo,homogeneous,Homogénea,0.0,0.0,36,8,24,0.2,True,True,False,0.0,0.40593880692100726,2.0548717463458073,True,True,0.0,False,3.1698,
heterogeneity,77f4a5eb5c7d1dc5e6c8,2249142553,6,ring,Anillo,low,Baja,0.15,0.12714144345915207,36,8,24,0.2,True,True,False,0.0,0.2647450666266664,1.9546559402644244,True,True,0.0,False,62.4009,
heterogeneity,77f4a5eb5c7d1dc5e6c8,2249142553,6,ring,Anillo,moderate,Moderada,0.35,0.418938794518575,36,8,24,0.2,True,False,True,1.5520471336874557,-0.9389600415912369,2.295833756465636,True,True,0.0,True,855.7442,
heterogeneity,77f4a5eb5c7d1dc5e6c8,2249142553,6,ring,Anillo,high,Alta,0.65,0.7430983489317613,36,8,24,0.2,True,False,True,13.746083369938804,-5.713738895930373,0.9063773466905765,True,True,0.0,True,167.6648,
heterogeneity,77f4a5eb5c7d1dc5e6c8,2249142553,6,ring,Anillo,extreme,Extrema,1.0,1.0592660691655262,36,8,24,0.2,True,False,True,17.33173460402056,-6.2454652082240605,0.7539135438847934,True,True,0.0,True,133.9613,
heterogeneity,32cdab2ce9c28ad44d90,1914053553,7,ring,Anillo,homogeneous,Homogénea,0.0,0.0,36,8,24,0.2,True,True,False,0.0,1.9833040752084847,3.0640763434465383,True,True,0.0,False,3.365,
heterogeneity,32cdab2ce9c28ad44d90,1914053553,7,ring,Anillo,low,Baja,0.15,0.15001239128773128,36,8,24,0.2,True,True,False,0.0,0.2936474666601896,3.541142061843817,True,True,0.0,False,1125.8444,
heterogeneity,32cdab2ce9c28ad44d90,1914053553,7,ring,Anillo,moderate,Moderada,0.35,0.3976041085189676,36,8,24,0.2,True,True,False,0.0,0.006678310589837366,2.9260496564423955,True,True,0.0,False,186.0021,
heterogeneity,32cdab2ce9c28ad44d90,1914053553,7,ring,Anillo,high,Alta,0.65,0.8460559004194697,36,8,24,0.2,True,False,True,3.1654010854389023,-3.0697265326762952,2.2705408879022,True,True,0.0,True,46.5948,
heterogeneity,32cdab2ce9c28ad44d90,1914053553,7,ring,Anillo,extreme,Extrema,1.0,1.1815621337414726,36,8,24,0.2,True,False,True,26.553321318277497,-12.831783563055994,2.1352044319195516,True,True,0.0,True,41.7489,
heterogeneity,2b97911d5d52c17d97e8,3602761679,8,ring,Anillo,homogeneous,Homogénea,0.0,0.0,36,8,24,0.2,True,True,False,0.0,0.9197127478834233,3.3721168147378404,True,True,0.0,False,3.4543,
heterogeneity,2b97911d5d52c17d97e8,3602761679,8,ring,Anillo,low,Baja,0.15,0.174779724290613,36,8,24,0.2,True,True,False,0.0,1.9964676242085844,3.4244398537504237,True,True,0.0,False,579.6026,
heterogeneity,2b97911d5d52c17d97e8,3602761679,8,ring,Anillo,moderate,Moderada,0.35,0.36803224845223026,36,8,24,0.2,True,False,True,4.712832244629766,-4.712832244629766,3.5536443052827753,True,True,0.0,True,284.826,
heterogeneity,2b97911d5d52c17d97e8,3602761679,8,ring,Anillo,high,Alta,0.65,0.565740993073559,36,8,24,0.2,True,False,True,1.9152777299100148,-1.9152777299100148,4.738240096171829,True,True,0.0,True,324.6099,
heterogeneity,2b97911d5d52c17d97e8,3602761679,8,ring,Anillo,extreme,Extrema,1.0,0.9550200911751359,36,8,24,0.2,True,False,True,13.922227922324884,-4.716340311970672,1.6110009996917887,True,True,0.0,True,41.394,
heterogeneity,b6539ddd98b513f180b4,486289222,9,ring,Anillo,homogeneous,Homogénea,0.0,0.0,36,8,24,0.2,True,True,False,0.0,0.815660434134653,2.6418953061069237,True,True,0.0,False,3.6993,
heterogeneity,b6539ddd98b513f180b4,486289222,9,ring,Anillo,low,Baja,0.15,0.167578035026435,36,8,24,0.2,True,False,True,0.7145516274787056,-0.7145516274787056,2.689087438103454,True,True,0.0,True,220.4981,
heterogeneity,b6539ddd98b513f180b4,486289222,9,ring,Anillo,moderate,Moderada,0.35,0.3397555858468405,36,8,24,0.2,True,False,True,9.958685773935064,-5.612570592234977,1.8689976734112634,True,True,0.0,True,2349.8878,
heterogeneity,b6539ddd98b513f180b4,486289222,9,ring,Anillo,high,Alta,0.65,0.6911759559108941,36,8,24,0.2,True,False,True,19.439157905417844,-9.98122875971156,2.9840834557305964,True,True,0.0,True,271.9447,
heterogeneity,b6539ddd98b513f180b4,486289222,9,ring,Anillo,extreme,Extrema,1.0,0.9340683424412664,36,8,24,0.2,True,False,True,21.08961874035316,-10.681598073928182,2.233209087051854,True,True,0.0,True,265.0621,
heterogeneity,1f88ac03dd418530eb72,3732803948,10,ring,Anillo,homogeneous,Homogénea,0.0,0.0,36,8,24,0.2,True,True,False,0.0,0.46066810982733486,2.277104816080947,True,True,0.0,False,3.3298,
heterogeneity,1f88ac03dd418530eb72,3732803948,10,ring,Anillo,low,Baja,0.15,0.15583407450841075,36,8,24,0.2,True,True,False,0.0,0.07118061720609248,2.3596357176040783,True,True,0.0,False,1487.2902,
heterogeneity,1f88ac03dd418530eb72,3732803948,10,ring,Anillo,moderate,Moderada,0.35,0.31265476713146517,36,8,24,0.2,True,False,True,6.5557087110128025,-4.866649478251116,1.583485843703846,True,True,0.0,True,338.6895,
heterogeneity,1f88ac03dd418530eb72,3732803948,10,ring,Anillo,high,Alta,0.65,0.5967352844009628,36,8,24,0.2,True,False,True,5.461359982928209,-3.628003418931428,2.654512953144939,True,True,0.0,True,744.2018,
heterogeneity,1f88ac03dd418530eb72,3732803948,10,ring,Anillo,extreme,Extrema,1.0,0.9290191396920073,36,8,24,0.2,True,False,True,16.08197063132376,-12.388224084685914,3.7075142005529225,True,True,0.0,True,266.8636,
heterogeneity,59a30253ce16f7039338,1111075066,11,ring,Anillo,homogeneous,Homogénea,0.0,0.0,36,8,24,0.2,True,True,False,0.0,1.260945850992389,2.3482581058619356,True,True,0.0,False,6.8876,
heterogeneity,59a30253ce16f7039338,1111075066,11,ring,Anillo,low,Baja,0.15,0.16234376077109497,36,8,24,0.2,True,False,True,1.5010329709527888,-1.5010329709527888,2.3299000805558325,True,True,0.0,True,2080.0222,
heterogeneity,59a30253ce16f7039338,1111075066,11,ring,Anillo,moderate,Moderada,0.35,0.2719259623248127,36,8,24,0.2,True,False,True,0.6884144890590571,-0.6884144890590571,2.3879275311933874,True,True,0.0,True,814.5862,
heterogeneity,59a30253ce16f7039338,1111075066,11,ring,Anillo,high,Alta,0.65,1.3125454011700008,36,8,24,0.2,True,False,True,20.428765471627123,-6.778563510147583,2.9706809491947013,True,True,0.0,True,236.4818,
heterogeneity,59a30253ce16f7039338,1111075066,11,ring,Anillo,extreme,Extrema,1.0,1.0854592473554567,36,8,24,0.2,True,False,True,21.4214335250551,-12.5069933939619,2.236768130552216,True,True,0.0,True,74.6342,
heterogeneity,2c285b45aa7d36e6c950,3527187273,12,ring,Anillo,homogeneous,Homogénea,0.0,0.0,36,8,24,0.2,True,True,False,0.0,0.35079106321158626,2.2731291775373608,True,True,0.0,False,3.9352,
heterogeneity,2c285b45aa7d36e6c950,3527187273,12,ring,Anillo,low,Baja,0.15,0.16017430995232967,36,8,24,0.2,True,False,True,0.30022766228762077,-0.30022766228762077,2.5822397326461557,True,True,0.0,True,296.1099,
heterogeneity,2c285b45aa7d36e6c950,3527187273,12,ring,Anillo,moderate,Moderada,0.35,0.3606903157953467,36,8,24,0.2,True,False,True,2.2556892834198417,-1.631971381567931,2.275683269504981,True,True,0.0,True,1752.1299,
heterogeneity,2c285b45aa7d36e6c950,3527187273,12,ring,Anillo,high,Alta,0.65,0.535092921214019,36,8,24,0.2,True,False,True,2.6667728033665967,-2.485817241341311,2.349215556613035,True,True,0.0,True,617.3586,
heterogeneity,2c285b45aa7d36e6c950,3527187273,12,ring,Anillo,extreme,Extrema,1.0,1.2863165393315714,36,8,24,0.2,True,False,True,5.6972225197393005,-4.20144516477389,4.8981463015694775,True,True,0.0,True,108.5888,
heterogeneity,2f2d9f009f7cb599d0c6,3174392990,13,ring,Anillo,homogeneous,Homogénea,0.0,0.0,36,8,24,0.2,True,True,False,0.0,0.5158519269235722,2.2213457275383925,True,True,0.0,False,4.5306,
heterogeneity,2f2d9f009f7cb599d0c6,3174392990,13,ring,Anillo,low,Baja,0.15,0.12847741877577895,36,8,24,0.2,True,True,False,0.0,0.705894155799605,2.2797168207645537,True,True,0.0,False,135.148,
heterogeneity,2f2d9f009f7cb599d0c6,3174392990,13,ring,Anillo,moderate,Moderada,0.35,0.3180594357919231,36,8,24,0.2,True,False,True,3.5734107376966318,-2.766140167229059,2.53934249962298,True,True,0.0,True,280.5133,
heterogeneity,2f2d9f009f7cb599d0c6,3174392990,13,ring,Anillo,high,Alta,0.65,0.6807783113917112,36,8,24,0.2,True,False,True,15.231543772008262,-6.81857518262305,1.854504644470713,True,True,0.0,True,461.7747,
heterogeneity,2f2d9f009f7cb599d0c6,3174392990,13,ring,Anillo,extreme,Extrema,1.0,1.0559346628221327,36,8,24,0.2,True,False,True,8.927191267285773,-6.148928707856767,2.7039627293077793,True,True,0.0,True,38.7939,
heterogeneity,97350864b3b83e626ba0,885052813,14,ring,Anillo,homogeneous,Homogénea,0.0,0.0,36,8,24,0.2,True,True,False,0.0,0.5647981164933285,2.861602504042609,True,True,0.0,False,4.6431,
heterogeneity,97350864b3b83e626ba0,885052813,14,ring,Anillo,low,Baja,0.15,0.18311932100424264,36,8,24,0.2,True,True,False,0.0,0.07912273247310253,2.9268069754054036,True,True,0.0,False,367.0505,
heterogeneity,97350864b3b83e626ba0,885052813,14,ring,Anillo,moderate,Moderada,0.35,0.31340208354306764,36,8,24,0.2,True,False,True,1.9504445020511962,-1.9504445020511962,3.0638118969092294,True,True,0.0,True,440.2663,
heterogeneity,97350864b3b83e626ba0,885052813,14,ring,Anillo,high,Alta,0.65,0.6819375628360557,36,8,24,0.2,True,False,True,2.861001732473774,-1.4375689535302936,2.3888018999560208,True,True,0.0,True,175.1916,
heterogeneity,97350864b3b83e626ba0,885052813,14,ring,Anillo,extreme,Extrema,1.0,1.1419008010728717,36,8,24,0.2,True,False,True,6.623771558198936,-3.166419084313379,2.013395651151781,True,True,0.0,True,64.7925,
heterogeneity,7eee63d755a4b3144e23,835401702,15,ring,Anillo,homogeneous,Homogénea,0.0,0.0,36,8,24,0.2,True,True,False,0.0,0.975117731270462,2.23448023420907,True,True,0.0,False,4.25,
heterogeneity,7eee63d755a4b3144e23,835401702,15,ring,Anillo,low,Baja,0.15,0.17115124471128004,36,8,24,0.2,True,False,True,1.6156200985252802,-1.6156200985252802,2.1287498241118135,True,True,0.0,True,176.3148,
heterogeneity,7eee63d755a4b3144e23,835401702,15,ring,Anillo,moderate,Moderada,0.35,0.38055849052744867,36,8,24,0.2,True,True,False,0.0,0.22561722698626951,3.106679546493421,True,True,0.0,False,436.7701,
heterogeneity,7eee63d755a4b3144e23,835401702,15,ring,Anillo,high,Alta,0.65,0.5828542682637746,36,8,24,0.2,True,False,True,11.188860018372118,-7.0539907410456735,3.560649417063159,True,True,0.0,True,265.3617,
heterogeneity,7eee63d755a4b3144e23,835401702,15,ring,Anillo,extreme,Extrema,1.0,1.0363683696350847,36,8,24,0.2,True,False,True,6.3179504425648965,-3.697172198862061,3.476851214661288,True,True,0.0,True,103.6092,
heterogeneity,91e49af8a6b6dfb9f7b3,546871631,16,ring,Anillo,homogeneous,Homogénea,0.0,0.0,36,8,24,0.2,True,True,False,0.0,0.3799642313611109,2.8376467177839846,True,True,0.0,False,3.9723,
heterogeneity,91e49af8a6b6dfb9f7b3,546871631,16,ring,Anillo,low,Baja,0.15,0.17247315682046355,36,8,24,0.2,True,True,False,0.0,0.14723424140744967,3.107673447434778,True,True,0.0,False,518.88,
heterogeneity,91e49af8a6b6dfb9f7b3,546871631,16,ring,Anillo,moderate,Moderada,0.35,0.3264190224349432,36,8,24,0.2,True,False,True,4.997510353270709,-4.997510353270709,2.751957720344892,True,True,0.0,True,398.2775,
heterogeneity,91e49af8a6b6dfb9f7b3,546871631,16,ring,Anillo,high,Alta,0.65,0.6784364965134386,36,8,24,0.2,True,False,True,22.325814088578475,-8.86276779524497,1.4692378732063034,True,True,0.0,True,569.0614,
heterogeneity,91e49af8a6b6dfb9f7b3,546871631,16,ring,Anillo,extreme,Extrema,1.0,0.9957841107423212,36,8,24,0.2,True,False,True,15.697037108298804,-10.15140730883994,4.290713947185409,True,True,0.0,True,68.2786,
heterogeneity,be95bffedfd03664b1e2,1888768296,17,ring,Anillo,homogeneous,Homogénea,0.0,0.0,36,8,24,0.2,True,True,False,0.0,0.3349337411135025,2.481037924630967,True,True,0.0,False,5.2217,
heterogeneity,be95bffedfd03664b1e2,1888768296,17,ring,Anillo,low,Baja,0.15,0.17160954081541333,36,8,24,0.2,True,True,False,0.0,0.5343396792076636,2.17659848900243,True,True,0.0,False,301.1306,
heterogeneity,be95bffedfd03664b1e2,1888768296,17,ring,Anillo,moderate,Moderada,0.35,0.3736221530137225,36,8,24,0.2,True,False,True,5.89862192539251,-5.81393941961554,2.3580018299918946,True,True,0.0,True,379.8407,
heterogeneity,be95bffedfd03664b1e2,1888768296,17,ring,Anillo,high,Alta,0.65,0.888162242208254,36,8,24,0.2,True,False,True,5.300007357624919,-5.1587488756887865,3.056825822975666,True,True,0.0,True,312.9532,
heterogeneity,be95bffedfd03664b1e2,1888768296,17,ring,Anillo,extreme,Extrema,1.0,1.0069916503793395,36,8,24,0.2,True,False,True,18.104237900811626,-10.236309938503418,4.699068490004741,True,True,0.0,True,159.271,
heterogeneity,0a1f6fc2a3830f97500f,3266137981,18,ring,Anillo,homogeneous,Homogénea,0.0,0.0,36,8,24,0.2,True,True,False,0.0,0.46529591052753005,1.941789822721788,True,True,0.0,False,5.394,
heterogeneity,0a1f6fc2a3830f97500f,3266137981,18,ring,Anillo,low,Baja,0.15,0.1670103747990225,36,8,24,0.2,True,False,True,1.8882506135702588,-1.2202799860386229,2.3176856675729485,True,True,0.0,True,327.3153,
heterogeneity,0a1f6fc2a3830f97500f,3266137981,18,ring,Anillo,moderate,Moderada,0.35,0.38504017911050836,36,8,24,0.2,True,False,True,7.382827324369643,-7.382827324369643,2.354187575749752,True,True,0.0,True,1198.357,
heterogeneity,0a1f6fc2a3830f97500f,3266137981,18,ring,Anillo,high,Alta,0.65,0.5161883980335875,36,8,24,0.2,True,False,True,5.710061221354447,-3.6841588267566685,1.9952526427336539,True,True,0.0,True,390.968,
heterogeneity,0a1f6fc2a3830f97500f,3266137981,18,ring,Anillo,extreme,Extrema,1.0,1.2679691486432543,36,8,24,0.2,True,False,True,7.163981336295069,-1.8916365572821334,4.0782248979959155,True,True,0.0,True,113.5534,
heterogeneity,570bcdaafe271db8679b,4270344998,19,ring,Anillo,homogeneous,Homogénea,0.0,0.0,36,8,24,0.2,True,True,False,0.0,1.7414355338340926,3.1952840370037343,True,True,0.0,False,6.0598,
heterogeneity,570bcdaafe271db8679b,4270344998,19,ring,Anillo,low,Baja,0.15,0.16726801512001924,36,8,24,0.2,True,True,False,0.0,0.8618544439648126,3.5560011151670405,True,True,0.0,False,179.4295,
heterogeneity,570bcdaafe271db8679b,4270344998,19,ring,Anillo,moderate,Moderada,0.35,0.3497463160589509,36,8,24,0.2,True,False,True,3.5086476236593924,-3.303855838614645,2.3467893277328002,True,True,0.0,True,806.3829,
heterogeneity,570bcdaafe271db8679b,4270344998,19,ring,Anillo,high,Alta,0.65,0.5696079601638548,36,8,24,0.2,True,False,True,5.657965122450431,-4.879077759579371,3.3820802216199692,True,True,0.0,True,183.5396,
heterogeneity,570bcdaafe271db8679b,4270344998,19,ring,Anillo,extreme,Extrema,1.0,1.1436172610384687,36,8,24,0.2,True,False,True,10.508901324929482,-7.947152400476337,5.005420061978994,True,True,0.0,True,101.0851,
heterogeneity,d7f628f3e07425dd7031,1006668106,20,ring,Anillo,homogeneous,Homogénea,0.0,0.0,36,8,24,0.2,True,True,False,0.0,0.4206345222372967,2.156389998515248,True,True,0.0,False,6.8887,
heterogeneity,d7f628f3e07425dd7031,1006668106,20,ring,Anillo,low,Baja,0.15,0.1664158083775445,36,8,24,0.2,True,False,True,0.25523125014813175,-0.25523125014813175,2.010212266912177,True,True,0.0,True,239.0502,
heterogeneity,d7f628f3e07425dd7031,1006668106,20,ring,Anillo,moderate,Moderada,0.35,0.4174939368811578,36,8,24,0.2,True,False,True,3.107717175004302,-2.0712979248711108,1.5743784502194738,True,True,0.0,True,242.4025,
heterogeneity,d7f628f3e07425dd7031,1006668106,20,ring,Anillo,high,Alta,0.65,0.4583878279378498,36,8,24,0.2,True,False,True,2.0857748750823077,-2.0857748750823077,2.3290357092909266,True,True,0.0,True,288.6901,
heterogeneity,d7f628f3e07425dd7031,1006668106,20,ring,Anillo,extreme,Extrema,1.0,1.0126645832693835,36,8,24,0.2,True,False,True,21.57538291081736,-11.250908882740353,3.0239704554988123,True,True,0.0,True,321.8561,
heterogeneity,526c1928bd08fde9bf9d,2299154790,21,ring,Anillo,homogeneous,Homogénea,0.0,0.0,36,8,24,0.2,True,True,False,0.0,0.5281283657964799,1.4885115958138768,True,True,0.0,False,5.2831,
heterogeneity,526c1928bd08fde9bf9d,2299154790,21,ring,Anillo,low,Baja,0.15,0.15919589467455447,36,8,24,0.2,True,False,True,0.5818449851265051,-0.4722373244599751,1.579074951360148,True,True,0.0,True,1250.7379,
heterogeneity,526c1928bd08fde9bf9d,2299154790,21,ring,Anillo,moderate,Moderada,0.35,0.37115260593943833,36,8,24,0.2,True,False,True,4.509396355002796,-2.3525781116805327,2.5225965287380063,True,True,0.0,True,397.1255,
heterogeneity,526c1928bd08fde9bf9d,2299154790,21,ring,Anillo,high,Alta,0.65,0.5717233472930331,36,8,24,0.2,True,False,True,5.051454933317126,-2.910857193186427,2.6498032054369607,True,True,0.0,True,244.3433,
heterogeneity,526c1928bd08fde9bf9d,2299154790,21,ring,Anillo,extreme,Extrema,1.0,1.1244878059384287,36,8,24,0.2,True,False,True,17.77832198289151,-8.782334597671646,2.3106071091699527,True,True,0.0,True,275.2497,
heterogeneity,944ed19b2c61b436775c,1451136993,22,ring,Anillo,homogeneous,Homogénea,0.0,0.0,36,8,24,0.2,True,True,False,0.0,0.5476064007509294,3.120065358371166,True,True,0.0,False,7.2308,
heterogeneity,944ed19b2c61b436775c,1451136993,22,ring,Anillo,low,Baja,0.15,0.15544755641177105,36,8,24,0.2,True,False,True,0.20480004014082098,-0.20480004014082098,2.5844368120673775,True,True,0.0,True,223.7848,
heterogeneity,944ed19b2c61b436775c,1451136993,22,ring,Anillo,moderate,Moderada,0.35,0.35558838508231916,36,8,24,0.2,True,False,True,1.2911838708823984,-1.2911838708823984,2.665066578431542,True,True,0.0,True,450.946,
heterogeneity,944ed19b2c61b436775c,1451136993,22,ring,Anillo,high,Alta,0.65,0.7698995475896514,36,8,24,0.2,True,False,True,4.001190778733141,-1.871017183701674,2.5558407508609737,True,True,0.0,True,157.0227,
heterogeneity,944ed19b2c61b436775c,1451136993,22,ring,Anillo,extreme,Extrema,1.0,1.1561221384443772,36,8,24,0.2,True,False,True,25.04221449120728,-10.525452995813854,1.1576189011236138,True,True,0.0,True,159.4889,
heterogeneity,c54b633c42ce01816e28,194272816,23,ring,Anillo,homogeneous,Homogénea,0.0,0.0,36,8,24,0.2,True,True,False,0.0,0.2800992289454367,2.5947337670559425,True,True,0.0,False,6.6475,
heterogeneity,c54b633c42ce01816e28,194272816,23,ring,Anillo,low,Baja,0.15,0.13716397236077602,36,8,24,0.2,True,False,True,0.3184747419692542,-0.3184747419692542,2.540570667100827,True,True,0.0,True,265.1345,
heterogeneity,c54b633c42ce01816e28,194272816,23,ring,Anillo,moderate,Moderada,0.35,0.3472281670609828,36,8,24,0.2,True,False,True,0.731302505017954,-0.731302505017954,3.3343483166512686,True,True,0.0,True,407.9359,
heterogeneity,c54b633c42ce01816e28,194272816,23,ring,Anillo,high,Alta,0.65,0.8601026217532765,36,8,24,0.2,True,False,True,13.337124580031952,-8.024815348359585,1.3949375811191593,True,True,0.0,True,138.0204,
heterogeneity,c54b633c42ce01816e28,194272816,23,ring,Anillo,extreme,Extrema,1.0,0.7711590331194762,36,8,24,0.2,True,False,True,5.975867780586256,-5.975867780586256,4.025639892821614,True,True,0.0,True,311.9067,
heterogeneity,8bc60619493d5ea72ee9,337733034,24,ring,Anillo,homogeneous,Homogénea,0.0,0.0,36,8,24,0.2,True,True,False,0.0,0.27216422346041824,2.54302371979656,True,True,0.0,False,7.9101,
heterogeneity,8bc60619493d5ea72ee9,337733034,24,ring,Anillo,low,Baja,0.15,0.14015603668237578,36,8,24,0.2,True,False,True,1.5879027233124567,-1.5879027233124567,2.463541621775358,True,True,0.0,True,368.3098,
heterogeneity,8bc60619493d5ea72ee9,337733034,24,ring,Anillo,moderate,Moderada,0.35,0.35316021217781973,36,8,24,0.2,True,False,True,4.630439763548618,-1.6995454474654608,2.58743776584656,True,True,0.0,True,269.1714,
heterogeneity,8bc60619493d5ea72ee9,337733034,24,ring,Anillo,high,Alta,0.65,0.7039918057552617,36,8,24,0.2,True,False,True,12.363473264809533,-8.303944264751099,2.1779151041293225,True,True,0.0,True,254.79,
heterogeneity,8bc60619493d5ea72ee9,337733034,24,ring,Anillo,extreme,Extrema,1.0,0.7501573514185125,36,8,24,0.2,True,False,True,13.02442069122946,-5.455229146775386,2.8784345752239995,True,True,0.0,True,207.8929,
heterogeneity,db2b98d6c63df0c43134,4122775258,25,ring,Anillo,homogeneous,Homogénea,0.0,0.0,36,8,24,0.2,True,True,False,0.0,1.2764754102467304,2.8352406762887217,True,True,0.0,False,6.3361,
heterogeneity,db2b98d6c63df0c43134,4122775258,25,ring,Anillo,low,Baja,0.15,0.10792179935173614,36,8,24,0.2,True,True,False,0.0,1.019079689250697,2.805801708318421,True,True,0.0,False,223.1866,
heterogeneity,db2b98d6c63df0c43134,4122775258,25,ring,Anillo,moderate,Moderada,0.35,0.41219790471307105,36,8,24,0.2,True,False,True,4.065514634412516,-2.2456167480803586,2.7229568028224396,True,True,0.0,True,250.3148,
heterogeneity,db2b98d6c63df0c43134,4122775258,25,ring,Anillo,high,Alta,0.65,0.7210106131095005,36,8,24,0.2,True,False,True,1.4628862608224162,-0.9474426646759762,2.744089115995958,True,True,0.0,True,252.3031,
heterogeneity,db2b98d6c63df0c43134,4122775258,25,ring,Anillo,extreme,Extrema,1.0,1.0178586967884455,36,8,24,0.2,True,False,True,7.675353462238675,-2.9970612040153384,0.37493697676345983,True,True,0.0,True,89.3315,
heterogeneity,cb869fd7d70ef30b7c73,3160602114,26,ring,Anillo,homogeneous,Homogénea,0.0,0.0,36,8,24,0.2,True,True,False,0.0,0.579074437647483,3.138482398858094,True,True,0.0,False,6.5894,
heterogeneity,cb869fd7d70ef30b7c73,3160602114,26,ring,Anillo,low,Baja,0.15,0.13617776064335302,36,8,24,0.2,True,False,True,1.9103813921277677,-1.9103813921277677,2.877716868461941,True,True,0.0,True,215.6494,
heterogeneity,cb869fd7d70ef30b7c73,3160602114,26,ring,Anillo,moderate,Moderada,0.35,0.2978745371963556,36,8,24,0.2,True,False,True,4.282433869224211,-2.4607535030089878,2.4646627639858756,True,True,0.0,True,265.6565,
heterogeneity,cb869fd7d70ef30b7c73,3160602114,26,ring,Anillo,high,Alta,0.65,0.6250957909272508,36,8,24,0.2,True,False,True,6.02577386898758,-1.8013960818912054,4.3744143972716785,True,True,0.0,True,147.9229,
heterogeneity,cb869fd7d70ef30b7c73,3160602114,26,ring,Anillo,extreme,Extrema,1.0,1.27420553071389,36,8,24,0.2,True,False,True,11.497715928569962,-7.6631355883359324,1.4412588846786916,True,True,0.0,True,82.0632,
heterogeneity,d5c207390083c20bf746,1330191756,27,ring,Anillo,homogeneous,Homogénea,0.0,0.0,36,8,24,0.2,True,True,False,0.0,1.2048448772395237,2.7928603842582125,True,True,0.0,False,5.5274,
heterogeneity,d5c207390083c20bf746,1330191756,27,ring,Anillo,low,Baja,0.15,0.13930046327193313,36,8,24,0.2,True,True,False,0.0,0.2958177432963809,2.4293674642739127,True,True,0.0,False,377.5366,
heterogeneity,d5c207390083c20bf746,1330191756,27,ring,Anillo,moderate,Moderada,0.35,0.41133403485223347,36,8,24,0.2,True,False,True,2.6203882243074617,-2.6203882243074617,3.202107357412385,True,True,0.0,True,185.4439,
heterogeneity,d5c207390083c20bf746,1330191756,27,ring,Anillo,high,Alta,0.65,0.6295739803536994,36,8,24,0.2,True,False,True,7.958456651186317,-4.249180321925781,2.2742766915268127,True,True,0.0,True,149.2006,
heterogeneity,d5c207390083c20bf746,1330191756,27,ring,Anillo,extreme,Extrema,1.0,1.6791583118043396,36,8,24,0.2,True,False,True,16.884623002800254,-6.170247542778234,1.5726695275376348,True,True,0.0,True,73.1764,
heterogeneity,c5ea21b1bca8048b17c2,4154656099,28,ring,Anillo,homogeneous,Homogénea,0.0,0.0,36,8,24,0.2,True,True,False,0.0,0.4367936657288203,2.219371554008424,True,True,0.0,False,6.0438,
heterogeneity,c5ea21b1bca8048b17c2,4154656099,28,ring,Anillo,low,Baja,0.15,0.14233372795011492,36,8,24,0.2,True,True,False,0.0,0.08388439037771178,2.3174373772838757,True,True,0.0,False,130.7154,
heterogeneity,c5ea21b1bca8048b17c2,4154656099,28,ring,Anillo,moderate,Moderada,0.35,0.2833514686509234,36,8,24,0.2,True,False,True,5.741934245635678,-4.187812246764775,2.2651799882894963,True,True,0.0,True,711.4159,
heterogeneity,c5ea21b1bca8048b17c2,4154656099,28,ring,Anillo,high,Alta,0.65,0.5202916954133274,36,8,24,0.2,True,False,True,16.536902950720307,-13.849782489940047,0.5183668646876989,True,True,0.0,True,579.2557,
heterogeneity,c5ea21b1bca8048b17c2,4154656099,28,ring,Anillo,extreme,Extrema,1.0,1.2764276166521005,36,8,24,0.2,True,False,True,34.395434190242526,-19.8719770148856,1.5101490466613088,True,True,0.0,True,238.0223,
heterogeneity,b24b58ddc98896e46b85,2014860284,29,ring,Anillo,homogeneous,Homogénea,0.0,0.0,36,8,24,0.2,True,True,False,0.0,0.43418323010060256,2.398791798867279,True,True,0.0,False,4.8827,
heterogeneity,b24b58ddc98896e46b85,2014860284,29,ring,Anillo,low,Baja,0.15,0.15338231615716366,36,8,24,0.2,True,True,False,0.0,0.441122523285836,2.718516991389071,True,True,0.0,False,859.9549,
heterogeneity,b24b58ddc98896e46b85,2014860284,29,ring,Anillo,moderate,Moderada,0.35,0.368974085417812,36,8,24,0.2,True,False,True,3.2074784332991406,-3.2074784332991406,2.4877731706754207,True,True,0.0,True,424.63,
heterogeneity,b24b58ddc98896e46b85,2014860284,29,ring,Anillo,high,Alta,0.65,0.5621629079817929,36,8,24,0.2,True,False,True,2.066578316337507,-1.613706411124726,3.430284649443213,True,True,0.0,True,419.8383,
heterogeneity,b24b58ddc98896e46b85,2014860284,29,ring,Anillo,extreme,Extrema,1.0,1.839230170975231,36,8,24,0.2,True,False,True,31.88965627352629,-12.751540898398215,1.3422451887731217,True,True,0.0,True,164.1609,
heterogeneity,a745baf0100b484e8cd0,63984593,0,corridor,Pasillo,homogeneous,Homogénea,0.0,0.0,36,8,24,0.2,True,True,False,0.0,0.5241164227913657,2.283462464141632,True,True,0.0,False,7.1578,
heterogeneity,a745baf0100b484e8cd0,63984593,0,corridor,Pasillo,low,Baja,0.15,0.1469056986936959,36,8,24,0.2,True,True,False,0.0,0.29864496593862455,2.4674668767004686,True,True,0.0,False,396.2723,
heterogeneity,a745baf0100b484e8cd0,63984593,0,corridor,Pasillo,moderate,Moderada,0.35,0.3526844481048014,36,8,24,0.2,True,False,True,1.2195609302900507,-1.2195609302900507,2.768009945443475,True,True,0.0,True,541.5107,
heterogeneity,a745baf0100b484e8cd0,63984593,0,corridor,Pasillo,high,Alta,0.65,0.677173809144156,36,8,24,0.2,True,False,True,7.189984355384102,-5.84512947125936,1.3358692817607174,True,True,0.0,True,851.1045,
heterogeneity,a745baf0100b484e8cd0,63984593,0,corridor,Pasillo,extreme,Extrema,1.0,1.384700525259602,36,8,24,0.2,True,False,True,16.037486644664416,-7.995929229561611,-0.6266535381093326,True,True,0.0,True,38.0891,
heterogeneity,68d67315b3a52e84c5eb,2900188389,1,corridor,Pasillo,homogeneous,Homogénea,0.0,0.0,36,8,24,0.2,True,True,False,0.0,0.6718258659535108,2.375429995034907,True,True,0.0,False,6.0182,
heterogeneity,68d67315b3a52e84c5eb,2900188389,1,corridor,Pasillo,low,Baja,0.15,0.14467659249096002,36,8,24,0.2,True,True,False,0.0,0.3005255007021068,2.6000122623122643,True,True,0.0,False,1347.5794,
heterogeneity,68d67315b3a52e84c5eb,2900188389,1,corridor,Pasillo,moderate,Moderada,0.35,0.4038579178231336,36,8,24,0.2,True,False,True,4.033079172069046,-2.506316906944944,2.7842877738219602,True,True,0.0,True,312.6903,
heterogeneity,68d67315b3a52e84c5eb,2900188389,1,corridor,Pasillo,high,Alta,0.65,0.7374497187300096,36,8,24,0.2,True,False,True,8.23459999700497,-5.099921982729585,0.980029289415457,True,True,0.0,True,196.9951,
heterogeneity,68d67315b3a52e84c5eb,2900188389,1,corridor,Pasillo,extreme,Extrema,1.0,0.7393676477810043,36,8,24,0.2,True,False,True,10.942073423648665,-8.66370043147332,3.3614998911521505,True,True,0.0,True,103.8785,
heterogeneity,5b236ec5edf88d06dfa0,2937532572,2,corridor,Pasillo,homogeneous,Homogénea,0.0,0.0,36,8,24,0.2,True,True,False,0.0,0.3219129264054601,2.5972408583135116,True,True,0.0,False,6.9916,
heterogeneity,5b236ec5edf88d06dfa0,2937532572,2,corridor,Pasillo,low,Baja,0.15,0.14559151745858007,36,8,24,0.2,True,True,False,0.0,0.7804651049368223,2.493768862710806,True,True,0.0,False,140.3305,
heterogeneity,5b236ec5edf88d06dfa0,2937532572,2,corridor,Pasillo,moderate,Moderada,0.35,0.32088483264699014,36,8,24,0.2,True,False,True,4.036321601097791,-3.083183864869122,3.6863907853132067,True,True,0.0,True,194.3726,
heterogeneity,5b236ec5edf88d06dfa0,2937532572,2,corridor,Pasillo,high,Alta,0.65,0.7337854649950744,36,8,24,0.2,True,False,True,5.876696995201361,-2.40749239209091,2.770055645263229,True,True,0.0,True,201.0913,
heterogeneity,5b236ec5edf88d06dfa0,2937532572,2,corridor,Pasillo,extreme,Extrema,1.0,0.8291111987812293,36,8,24,0.2,True,False,True,8.330634918404819,-5.161581549931194,4.072749266198569,True,True,0.0,True,85.8522,
heterogeneity,c69bb14949b726516b53,1642553659,3,corridor,Pasillo,homogeneous,Homogénea,0.0,0.0,36,8,24,0.2,True,True,False,0.0,0.4292692006304222,2.0226500835080463,True,True,0.0,False,6.8687,
heterogeneity,c69bb14949b726516b53,1642553659,3,corridor,Pasillo,low,Baja,0.15,0.15790926922056825,36,8,24,0.2,True,True,False,0.0,0.08149182973758151,2.5799807216435435,True,True,0.0,False,32.0957,
heterogeneity,c69bb14949b726516b53,1642553659,3,corridor,Pasillo,moderate,Moderada,0.35,0.5582076778513335,36,8,24,0.2,True,False,True,7.2406179706523215,-3.990648977275505,1.3532724258371434,True,True,0.0,True,483.0891,
heterogeneity,c69bb14949b726516b53,1642553659,3,corridor,Pasillo,high,Alta,0.65,0.42724886314189103,36,8,24,0.2,True,False,True,5.450189086869576,-3.8657712585269426,2.078574525595141,True,True,0.0,True,137.4429,
heterogeneity,c69bb14949b726516b53,1642553659,3,corridor,Pasillo,extreme,Extrema,1.0,1.0663621210369076,36,8,24,0.2,True,False,True,17.201871416448373,-9.87189632463695,4.844031046449568,True,True,0.0,True,62.3842,
heterogeneity,ce2f7b47ef10af0d3dcb,1416092363,4,corridor,Pasillo,homogeneous,Homogénea,0.0,0.0,36,8,24,0.2,True,True,False,0.0,0.6927379779547174,2.066475361732778,True,True,0.0,False,5.9249,
heterogeneity,ce2f7b47ef10af0d3dcb,1416092363,4,corridor,Pasillo,low,Baja,0.15,0.10786835513523692,36,8,24,0.2,True,True,False,0.0,0.10325320768419743,2.062241023080681,True,True,0.0,False,190.7339,
heterogeneity,ce2f7b47ef10af0d3dcb,1416092363,4,corridor,Pasillo,moderate,Moderada,0.35,0.34419706457456717,36,8,24,0.2,True,False,True,3.9271837762795663,-3.9271837762795663,2.969801561833707,True,True,0.0,True,795.904,
heterogeneity,ce2f7b47ef10af0d3dcb,1416092363,4,corridor,Pasillo,high,Alta,0.65,0.5140433045729931,36,8,24,0.2,True,False,True,2.43578368760868,-2.43578368760868,3.0050678588268553,True,True,0.0,True,115.2334,
heterogeneity,ce2f7b47ef10af0d3dcb,1416092363,4,corridor,Pasillo,extreme,Extrema,1.0,1.3964572145249856,36,8,24,0.2,True,False,True,31.88712647215177,-9.872709285964218,2.3111989507378023,True,True,0.0,True,68.5718,
heterogeneity,a02ad9d8fa1ad4fb6d7a,1491671588,5,corridor,Pasillo,homogeneous,Homogénea,0.0,0.0,36,8,24,0.2,True,True,False,0.0,0.48659250161585277,2.7430783310619873,True,True,0.0,False,6.7477,
heterogeneity,a02ad9d8fa1ad4fb6d7a,1491671588,5,corridor,Pasillo,low,Baja,0.15,0.14141844497742734,36,8,24,0.2,True,False,True,0.1997683524782623,-0.1997683524782623,2.965367400539037,True,True,0.0,True,337.0814,
heterogeneity,a02ad9d8fa1ad4fb6d7a,1491671588,5,corridor,Pasillo,moderate,Moderada,0.35,0.28976562439934117,36,8,24,0.2,True,False,True,1.899260132381401,-1.3493401834642924,2.662214824223719,True,True,0.0,True,700.7846,
heterogeneity,a02ad9d8fa1ad4fb6d7a,1491671588,5,corridor,Pasillo,high,Alta,0.65,0.6399999109515552,36,8,24,0.2,True,False,True,9.672776522243986,-6.7147874678760076,1.4015631413038725,True,True,0.0,True,408.9285,
heterogeneity,a02ad9d8fa1ad4fb6d7a,1491671588,5,corridor,Pasillo,extreme,Extrema,1.0,0.963050673086818,36,8,24,0.2,True,False,True,10.25195195363439,-4.458907456690165,1.907258666744311,True,True,0.0,True,211.9584,
heterogeneity,204dd8847c9bbb040835,1883711857,6,corridor,Pasillo,homogeneous,Homogénea,0.0,0.0,36,8,24,0.2,True,True,False,0.0,0.39745291983550857,2.3124926448497174,True,True,0.0,False,6.7762,
heterogeneity,204dd8847c9bbb040835,1883711857,6,corridor,Pasillo,low,Baja,0.15,0.16728028852860563,36,8,24,0.2,True,False,True,1.0959360051248908,-0.8765503058617092,2.057705335048817,True,True,0.0,True,407.8982,
heterogeneity,204dd8847c9bbb040835,1883711857,6,corridor,Pasillo,moderate,Moderada,0.35,0.40128766293042056,36,8,24,0.2,True,False,True,9.324536562464317,-3.506602294945747,1.6509575069041325,True,True,0.0,True,664.6626,
heterogeneity,204dd8847c9bbb040835,1883711857,6,corridor,Pasillo,high,Alta,0.65,0.6546893050664914,36,8,24,0.2,True,False,True,2.055945938598132,-1.8832947447493709,2.8230338277855727,True,True,0.0,True,711.6094,
heterogeneity,204dd8847c9bbb040835,1883711857,6,corridor,Pasillo,extreme,Extrema,1.0,2.083673187367271,36,8,24,0.2,True,False,True,32.17290025479335,-13.042850330632001,-2.213186637593933,True,True,0.0,True,221.8317,
heterogeneity,7dd8e5fc76b53ff5ff3d,696859041,7,corridor,Pasillo,homogeneous,Homogénea,0.0,0.0,36,8,24,0.2,True,True,False,0.0,0.8991904963945068,3.4664679447059656,True,True,0.0,False,5.9163,
heterogeneity,7dd8e5fc76b53ff5ff3d,696859041,7,corridor,Pasillo,low,Baja,0.15,0.16596234853530886,36,8,24,0.2,True,True,False,0.0,1.2488015396986558,3.816097622996603,True,True,0.0,False,71.4171,
heterogeneity,7dd8e5fc76b53ff5ff3d,696859041,7,corridor,Pasillo,moderate,Moderada,0.35,0.3915418529976695,36,8,24,0.2,True,False,True,1.2604647448255193,-1.2604647448255193,4.388757431662893,True,True,2.242543236849378e-16,True,83.4868,
heterogeneity,7dd8e5fc76b53ff5ff3d,696859041,7,corridor,Pasillo,high,Alta,0.65,0.9086388648995156,36,8,24,0.2,True,False,True,11.103931229800168,-7.386295821429147,3.716000771311478,True,True,0.0,True,78.8399,
heterogeneity,7dd8e5fc76b53ff5ff3d,696859041,7,corridor,Pasillo,extreme,Extrema,1.0,0.8563081143411747,36,8,24,0.2,True,False,True,15.481513985949855,-5.696776137053213,2.6084964070862235,True,True,0.0,True,51.384,
heterogeneity,291381afb38b5af59204,2878992386,8,corridor,Pasillo,homogeneous,Homogénea,0.0,0.0,36,8,24,0.2,True,True,False,0.0,0.5064673022601607,2.3564871818183226,True,True,0.0,False,5.8081,
heterogeneity,291381afb38b5af59204,2878992386,8,corridor,Pasillo,low,Baja,0.15,0.17654453420126198,36,8,24,0.2,True,True,False,0.0,0.5675191562138817,2.3187619558168944,True,True,0.0,False,39.7976,
heterogeneity,291381afb38b5af59204,2878992386,8,corridor,Pasillo,moderate,Moderada,0.35,0.3521883197298038,36,8,24,0.2,True,False,True,0.30301227367883055,-0.30301227367883055,2.306864599675107,True,True,0.0,True,175.4255,
heterogeneity,291381afb38b5af59204,2878992386,8,corridor,Pasillo,high,Alta,0.65,0.6405193694033351,36,8,24,0.2,True,False,True,1.821394473668108,-1.19200209878497,2.217079488532287,True,True,0.0,True,389.0382,
heterogeneity,291381afb38b5af59204,2878992386,8,corridor,Pasillo,extreme,Extrema,1.0,1.2918226741868837,36,8,24,0.2,True,False,True,29.317360371232336,-15.580711995745947,-0.7807303166790224,True,True,0.0,True,62.2264,
heterogeneity,03964556e8709d6ddd03,2302194965,9,corridor,Pasillo,homogeneous,Homogénea,0.0,0.0,36,8,24,0.2,True,True,False,0.0,1.3090688721135901,2.564980724274842,True,True,0.0,False,6.0194,
heterogeneity,03964556e8709d6ddd03,2302194965,9,corridor,Pasillo,low,Baja,0.15,0.11488095903938107,36,8,24,0.2,True,True,False,0.0,0.3863245936039874,2.5014339624494157,True,True,0.0,False,265.0642,
heterogeneity,03964556e8709d6ddd03,2302194965,9,corridor,Pasillo,moderate,Moderada,0.35,0.3545807834255546,36,8,24,0.2,True,False,True,2.373070018712413,-2.201143572239248,2.4805438005660236,True,True,0.0,True,865.77,
heterogeneity,03964556e8709d6ddd03,2302194965,9,corridor,Pasillo,high,Alta,0.65,0.7379666481545896,36,8,24,0.2,True,False,True,4.132448607424239,-2.4891119090686242,1.9076108498737885,True,True,0.0,True,493.0153,
heterogeneity,03964556e8709d6ddd03,2302194965,9,corridor,Pasillo,extreme,Extrema,1.0,1.5240963765588609,36,8,24,0.2,True,False,True,14.18066070543991,-6.0992443537837975,6.192451209328299,True,True,0.0,True,28.764,
heterogeneity,db8b9d435555578c7d34,1384310945,10,corridor,Pasillo,homogeneous,Homogénea,0.0,0.0,36,8,24,0.2,True,True,False,0.0,0.38811280330703024,3.125143561440718,True,True,0.0,False,5.509,
heterogeneity,db8b9d435555578c7d34,1384310945,10,corridor,Pasillo,low,Baja,0.15,0.15130104416626322,36,8,24,0.2,True,False,True,0.7884473747061795,-0.7884473747061795,3.563898954706846,True,True,0.0,True,914.4177,
heterogeneity,db8b9d435555578c7d34,1384310945,10,corridor,Pasillo,moderate,Moderada,0.35,0.444623872861799,36,8,24,0.2,True,False,True,1.285977273951727,-0.7372870628711361,2.586284657327225,True,True,0.0,True,74.4679,
heterogeneity,db8b9d435555578c7d34,1384310945,10,corridor,Pasillo,high,Alta,0.65,0.500994461080962,36,8,24,0.2,True,False,True,6.18044545858387,-4.321826077770432,3.564027936141955,True,True,0.0,True,169.0584,
heterogeneity,db8b9d435555578c7d34,1384310945,10,corridor,Pasillo,extreme,Extrema,1.0,1.1937917442140684,36,8,24,0.2,True,False,True,14.459725304258452,-5.553173861710677,1.7465807809344398,True,True,0.0,True,279.7281,
heterogeneity,8e1312db6430ac94a4e4,1241924323,11,corridor,Pasillo,homogeneous,Homogénea,0.0,0.0,36,8,24,0.2,True,True,False,0.0,0.49495065942219085,2.3078484204892797,True,True,0.0,False,5.3258,
heterogeneity,8e1312db6430ac94a4e4,1241924323,11,corridor,Pasillo,low,Baja,0.15,0.16532594773938483,36,8,24,0.2,True,False,True,2.431937139504832,-1.8609884842526618,2.264739450606182,True,True,0.0,True,322.8311,
heterogeneity,8e1312db6430ac94a4e4,1241924323,11,corridor,Pasillo,moderate,Moderada,0.35,0.28455149997807194,36,8,24,0.2,True,False,True,5.773926431842587,-5.234150039586547,1.2763867304278196,True,True,0.0,True,832.9749,
heterogeneity,8e1312db6430ac94a4e4,1241924323,11,corridor,Pasillo,high,Alta,0.65,0.5935668618343098,36,8,24,0.2,True,False,True,15.265228726580045,-7.204012642130329,2.3433829485928546,True,True,0.0,True,570.1486,
heterogeneity,8e1312db6430ac94a4e4,1241924323,11,corridor,Pasillo,extreme,Extrema,1.0,0.7483606647311156,36,8,24,0.2,True,False,True,11.449011141330073,-8.933191658499233,0.9334474220533133,True,True,0.0,True,1036.245,
heterogeneity,94fec734db9a0b45b423,139486226,12,corridor,Pasillo,homogeneous,Homogénea,0.0,0.0,36,8,24,0.2,True,True,False,0.0,0.6164555833690635,2.0331087400603964,True,True,0.0,False,5.8457,
heterogeneity,94fec734db9a0b45b423,139486226,12,corridor,Pasillo,low,Baja,0.15,0.14320940146415634,36,8,24,0.2,True,False,True,0.1858987220202195,-0.1858987220202195,1.8083638669928812,True,True,0.0,True,1930.8603,
heterogeneity,94fec734db9a0b45b423,139486226,12,corridor,Pasillo,moderate,Moderada,0.35,0.31675533186911226,36,8,24,0.2,True,False,True,4.325649392030602,-3.0956102390118136,3.3663678719315877,True,True,0.0,True,999.0135,
heterogeneity,94fec734db9a0b45b423,139486226,12,corridor,Pasillo,high,Alta,0.65,0.5787816882942745,36,8,24,0.2,True,False,True,12.16578360703041,-7.137236797479268,2.7784326444754224,True,True,0.0,True,292.6409,
heterogeneity,94fec734db9a0b45b423,139486226,12,corridor,Pasillo,extreme,Extrema,1.0,0.92129981953305,36,8,24,0.2,True,False,True,8.256321647123592,-6.1870403875177615,1.8480171104566636,True,True,0.0,True,368.6958,
heterogeneity,3768a3838bab9ab48369,421731857,13,corridor,Pasillo,homogeneous,Homogénea,0.0,0.0,36,8,24,0.2,True,True,False,0.0,0.5208239564796671,2.236235003669304,True,True,0.0,False,3.077,
heterogeneity,3768a3838bab9ab48369,421731857,13,corridor,Pasillo,low,Baja,0.15,0.1681158856647555,36,8,24,0.2,True,False,True,1.2578437230838233,-1.2578437230838233,2.483192333085984,True,True,0.0,True,318.542,
heterogeneity,3768a3838bab9ab48369,421731857,13,corridor,Pasillo,moderate,Moderada,0.35,0.32445275932686,36,8,24,0.2,True,False,True,3.080905149860806,-2.10861408927731,2.1290622405841537,True,True,0.0,True,541.0128,
heterogeneity,3768a3838bab9ab48369,421731857,13,corridor,Pasillo,high,Alta,0.65,0.8389586277926785,36,8,24,0.2,True,False,True,19.419841862611882,-7.517472114632458,2.277616151433253,True,True,0.0,True,1002.6734,
heterogeneity,3768a3838bab9ab48369,421731857,13,corridor,Pasillo,extreme,Extrema,1.0,1.1161294273954767,36,8,24,0.2,True,False,True,17.659916177982222,-8.747116295315376,-0.5719721427452633,True,True,0.0,True,529.1934,
heterogeneity,9bed225cddef3cef8e99,2795691398,14,corridor,Pasillo,homogeneous,Homogénea,0.0,0.0,36,8,24,0.2,True,True,False,0.0,0.944158160250737,2.073449077449548,True,True,0.0,False,3.8931,
heterogeneity,9bed225cddef3cef8e99,2795691398,14,corridor,Pasillo,low,Baja,0.15,0.1415374589101917,36,8,24,0.2,True,True,False,0.0,0.9428214536736093,2.2116693556835507,True,True,0.0,False,141.507,
heterogeneity,9bed225cddef3cef8e99,2795691398,14,corridor,Pasillo,moderate,Moderada,0.35,0.3415129403034447,36,8,24,0.2,True,False,True,1.6209544868005707,-1.5122120660712302,2.352874255995886,True,True,0.0,True,746.8215,
heterogeneity,9bed225cddef3cef8e99,2795691398,14,corridor,Pasillo,high,Alta,0.65,0.8464934314821482,36,8,24,0.2,True,False,True,11.01141583343883,-5.064973002462139,4.138346279934087,True,True,0.0,True,96.3294,
heterogeneity,9bed225cddef3cef8e99,2795691398,14,corridor,Pasillo,extreme,Extrema,1.0,0.7807624752691675,36,8,24,0.2,True,False,True,4.272935395533429,-3.742934961253221,2.244057247945116,True,True,0.0,True,202.6322,
heterogeneity,ea363c1337e0c397e130,2170432336,15,corridor,Pasillo,homogeneous,Homogénea,0.0,0.0,36,8,24,0.2,True,True,False,0.0,0.45575220150103846,2.059239499259559,True,True,0.0,False,5.5558,
heterogeneity,ea363c1337e0c397e130,2170432336,15,corridor,Pasillo,low,Baja,0.15,0.14809780146015086,36,8,24,0.2,True,False,True,0.5150642209754377,-0.5150642209754377,2.3385056803894084,True,True,0.0,True,60.5861,
heterogeneity,ea363c1337e0c397e130,2170432336,15,corridor,Pasillo,moderate,Moderada,0.35,0.33686457400744124,36,8,24,0.2,True,False,True,0.5425048577783045,-0.5425048577783045,2.040131025097283,True,True,0.0,True,75.0461,
heterogeneity,ea363c1337e0c397e130,2170432336,15,corridor,Pasillo,high,Alta,0.65,0.6755649462059041,36,8,24,0.2,True,False,True,21.880991502302308,-11.945867608137352,-0.8470406093845821,True,True,0.0,True,70.5141,
heterogeneity,ea363c1337e0c397e130,2170432336,15,corridor,Pasillo,extreme,Extrema,1.0,1.6540087107047625,36,8,24,0.2,True,False,True,37.020974803010894,-13.228001710825907,-2.0423818907883344,True,True,0.0,True,75.1678,
heterogeneity,2d1b1d79e51803def120,2800877230,16,corridor,Pasillo,homogeneous,Homogénea,0.0,0.0,36,8,24,0.2,True,True,False,0.0,0.3119902442386646,2.4160804943025527,True,True,0.0,False,5.3763,
heterogeneity,2d1b1d79e51803def120,2800877230,16,corridor,Pasillo,low,Baja,0.15,0.1463215514061065,36,8,24,0.2,True,True,False,0.0,0.03036380857741605,2.5991411160178757,True,True,0.0,False,425.718,
heterogeneity,2d1b1d79e51803def120,2800877230,16,corridor,Pasillo,moderate,Moderada,0.35,0.3767404452674215,36,8,24,0.2,True,False,True,4.641773579801624,-4.641773579801624,1.8803213598589403,True,True,0.0,True,178.644,
heterogeneity,2d1b1d79e51803def120,2800877230,16,corridor,Pasillo,high,Alta,0.65,0.6575685838100219,36,8,24,0.2,True,False,True,7.286896467447155,-4.114240413792494,1.955366142777187,True,True,0.0,True,1062.8662,
heterogeneity,2d1b1d79e51803def120,2800877230,16,corridor,Pasillo,extreme,Extrema,1.0,1.1320158816560628,36,8,24,0.2,True,False,True,17.937274289592754,-9.496081833739256,-0.2954941303267318,True,True,0.0,True,161.6508,
heterogeneity,c4e304ded66856e271ce,1701420751,17,corridor,Pasillo,homogeneous,Homogénea,0.0,0.0,36,8,24,0.2,True,True,False,0.0,1.3350969819327432,2.8199119783691975,True,True,0.0,False,6.516,
heterogeneity,c4e304ded66856e271ce,1701420751,17,corridor,Pasillo,low,Baja,0.15,0.11255047997606481,36,8,24,0.2,True,True,False,0.0,0.7294134188487362,2.5540697503096323,True,True,0.0,False,98.8003,
heterogeneity,c4e304ded66856e271ce,1701420751,17,corridor,Pasillo,moderate,Moderada,0.35,0.34264042413746304,36,8,24,0.2,True,False,True,4.918750186179636,-2.457331986794115,2.139039155829024,True,True,0.0,True,612.6301,
heterogeneity,c4e304ded66856e271ce,1701420751,17,corridor,Pasillo,high,Alta,0.65,0.6674318174888626,36,8,24,0.2,True,False,True,2.6323077896222857,-2.2558531553001586,4.049603649026107,True,True,0.0,True,182.7707,
heterogeneity,c4e304ded66856e271ce,1701420751,17,corridor,Pasillo,extreme,Extrema,1.0,1.3048449754362226,36,8,24,0.2,True,False,True,10.622385603355816,-7.2310812821165324,6.63265811900752,True,True,0.0,True,133.6141,
heterogeneity,1dec467b83b1b0c1243d,3278332168,18,corridor,Pasillo,homogeneous,Homogénea,0.0,0.0,36,8,24,0.2,True,True,False,0.0,1.0894149181676553,2.706015922574898,True,True,0.0,False,5.9098,
heterogeneity,1dec467b83b1b0c1243d,3278332168,18,corridor,Pasillo,low,Baja,0.15,0.13592192030017322,36,8,24,0.2,True,False,True,2.910098949663105,-2.910098949663105,2.5580406467532635,True,True,0.0,True,350.4357,
heterogeneity,1dec467b83b1b0c1243d,3278332168,18,corridor,Pasillo,moderate,Moderada,0.35,0.4434086359952177,36,8,24,0.2,True,True,False,0.0,0.5414455109204361,3.170986557222968,True,True,0.0,False,511.5787,
heterogeneity,1dec467b83b1b0c1243d,3278332168,18,corridor,Pasillo,high,Alta,0.65,0.7373093815387489,36,8,24,0.2,True,False,True,5.068504241382001,-2.9788675780586855,2.4619663178759055,True,True,0.0,True,785.9769,
heterogeneity,1dec467b83b1b0c1243d,3278332168,18,corridor,Pasillo,extreme,Extrema,1.0,1.2856652427621889,36,8,24,0.2,True,False,True,25.39930426187537,-9.919172899425828,1.5980891705311588,True,True,0.0,True,233.1367,
heterogeneity,d5e168d9095b83605af4,2279663226,19,corridor,Pasillo,homogeneous,Homogénea,0.0,0.0,36,8,24,0.2,True,True,False,0.0,0.6724709560736315,2.694238856797953,True,True,0.0,False,3.8629,
heterogeneity,d5e168d9095b83605af4,2279663226,19,corridor,Pasillo,low,Baja,0.15,0.14380771155718172,36,8,24,0.2,True,True,False,0.0,0.1440919232967417,2.8109024818221995,True,True,0.0,False,147.9098,
heterogeneity,d5e168d9095b83605af4,2279663226,19,corridor,Pasillo,moderate,Moderada,0.35,0.29365413066785956,36,8,24,0.2,True,True,False,0.0,0.7018079228274523,2.928925985919411,True,True,0.0,False,1090.7075,
heterogeneity,d5e168d9095b83605af4,2279663226,19,corridor,Pasillo,high,Alta,0.65,0.5687427609350395,36,8,24,0.2,True,False,True,6.932707311320372,-5.8600236268066865,1.848753910316487,True,True,0.0,True,569.4499,
heterogeneity,d5e168d9095b83605af4,2279663226,19,corridor,Pasillo,extreme,Extrema,1.0,0.8383363569426265,36,8,24,0.2,True,False,True,6.94041819457167,-6.94041819457167,3.5939910734849407,True,True,0.0,True,45.8152,
heterogeneity,51da36a13bba1ef95796,3456679795,20,corridor,Pasillo,homogeneous,Homogénea,0.0,0.0,36,8,24,0.2,True,True,False,0.0,1.0050763874213366,2.285985324254127,True,True,0.0,False,3.6772,
heterogeneity,51da36a13bba1ef95796,3456679795,20,corridor,Pasillo,low,Baja,0.15,0.14114911472320413,36,8,24,0.2,True,False,True,0.11294730687110466,-0.11294730687110466,2.3708246244016102,True,True,0.0,True,159.0704,
heterogeneity,51da36a13bba1ef95796,3456679795,20,corridor,Pasillo,moderate,Moderada,0.35,0.34378940725320867,36,8,24,0.2,True,False,True,1.7160905375688422,-1.1777653138793553,1.6291956128011031,True,True,0.0,True,151.1526,
heterogeneity,51da36a13bba1ef95796,3456679795,20,corridor,Pasillo,high,Alta,0.65,0.7116488614884425,36,8,24,0.2,True,False,True,22.053381319778943,-9.18969882741455,-0.722286299439941,True,True,0.0,True,149.9944,
heterogeneity,51da36a13bba1ef95796,3456679795,20,corridor,Pasillo,extreme,Extrema,1.0,0.8335937984197503,36,8,24,0.2,True,False,True,8.107054415754707,-4.662462245360759,2.689489170921113,True,True,0.0,True,31.9868,
heterogeneity,11389211e4fa52976392,2105991472,21,corridor,Pasillo,homogeneous,Homogénea,0.0,0.0,36,8,24,0.2,True,True,False,0.0,0.6969013485151763,2.15497731700435,True,True,0.0,False,3.9052,
heterogeneity,11389211e4fa52976392,2105991472,21,corridor,Pasillo,low,Baja,0.15,0.16571742827766675,36,8,24,0.2,True,False,True,0.4893523336814134,-0.4893523336814134,2.299435455183496,True,True,0.0,True,164.0892,
heterogeneity,11389211e4fa52976392,2105991472,21,corridor,Pasillo,moderate,Moderada,0.35,0.33419874026034035,36,8,24,0.2,True,False,True,2.3127071643721617,-1.098941251650741,2.048853730071911,True,True,0.0,True,480.0325,
heterogeneity,11389211e4fa52976392,2105991472,21,corridor,Pasillo,high,Alta,0.65,0.6303784128938128,36,8,24,0.2,True,False,True,8.068619408185443,-4.820274463190659,1.6716097383334134,True,True,0.0,True,529.3595,
heterogeneity,11389211e4fa52976392,2105991472,21,corridor,Pasillo,extreme,Extrema,1.0,0.9789996128668541,36,8,24,0.2,True,False,True,6.26683437906444,-3.309503727508405,3.388395952581658,True,True,0.0,True,83.3237,
heterogeneity,422ad6fad06bc8e996c2,2218257178,22,corridor,Pasillo,homogeneous,Homogénea,0.0,0.0,36,8,24,0.2,True,True,False,0.0,0.40053460749018654,2.2097100947665846,True,True,0.0,False,3.6649,
heterogeneity,422ad6fad06bc8e996c2,2218257178,22,corridor,Pasillo,low,Baja,0.15,0.2025083483544441,36,8,24,0.2,True,False,True,0.13200841299300237,-0.13200841299300237,2.24534466040662,True,True,0.0,True,160.7234,
heterogeneity,422ad6fad06bc8e996c2,2218257178,22,corridor,Pasillo,moderate,Moderada,0.35,0.36368499393575965,36,8,24,0.2,True,False,True,0.653137849920638,-0.653137849920638,2.398755302791232,True,True,0.0,True,495.4146,
heterogeneity,422ad6fad06bc8e996c2,2218257178,22,corridor,Pasillo,high,Alta,0.65,0.5950198907993363,36,8,24,0.2,True,False,True,10.188403087922818,-4.908317598255692,2.6431612009576027,True,True,0.0,True,69.2605,
heterogeneity,422ad6fad06bc8e996c2,2218257178,22,corridor,Pasillo,extreme,Extrema,1.0,1.2127533719905317,36,8,24,0.2,True,False,True,8.786597705932895,-3.8085300537643594,5.189270423803671,True,True,0.0,True,14.133,
heterogeneity,d9f2b3442bdc4ba9c829,2297955771,23,corridor,Pasillo,homogeneous,Homogénea,0.0,0.0,36,8,24,0.2,True,True,False,0.0,0.3323678793432432,2.5129233837983618,True,True,0.0,False,3.2046,
heterogeneity,d9f2b3442bdc4ba9c829,2297955771,23,corridor,Pasillo,low,Baja,0.15,0.1432774918746244,36,8,24,0.2,True,False,True,0.19503276860125496,-0.19503276860125496,2.210153820948935,True,True,0.0,True,89.3648,
heterogeneity,d9f2b3442bdc4ba9c829,2297955771,23,corridor,Pasillo,moderate,Moderada,0.35,0.3371948787441192,36,8,24,0.2,True,False,True,4.918830297288261,-4.918830297288261,2.707045665941736,True,True,0.0,True,520.8616,
heterogeneity,d9f2b3442bdc4ba9c829,2297955771,23,corridor,Pasillo,high,Alta,0.65,0.605831672934296,36,8,24,0.2,True,False,True,11.432872437098238,-4.873007509296986,2.185991577809326,True,True,0.0,True,90.355,
heterogeneity,d9f2b3442bdc4ba9c829,2297955771,23,corridor,Pasillo,extreme,Extrema,1.0,1.1311185249635138,36,8,24,0.2,True,False,True,23.178677334509665,-13.080785441070672,1.3727506474722186,True,True,0.0,True,85.8053,
heterogeneity,2eccb5a888692c1c440b,1986871599,24,corridor,Pasillo,homogeneous,Homogénea,0.0,0.0,36,8,24,0.2,True,True,False,0.0,1.6546976528112207,3.140948749235795,True,True,0.0,False,3.0756,
heterogeneity,2eccb5a888692c1c440b,1986871599,24,corridor,Pasillo,low,Baja,0.15,0.15545099513844157,36,8,24,0.2,True,False,True,0.5871260578224842,-0.5871260578224842,3.107759762606285,True,True,0.0,True,69.0345,
heterogeneity,2eccb5a888692c1c440b,1986871599,24,corridor,Pasillo,moderate,Moderada,0.35,0.32707420933928927,36,8,24,0.2,True,False,True,2.9233568307822955,-2.9233568307822955,3.602236080482993,True,True,0.0,True,47.0431,
heterogeneity,2eccb5a888692c1c440b,1986871599,24,corridor,Pasillo,high,Alta,0.65,0.46248508486299345,36,8,24,0.2,True,False,True,10.498740785976578,-3.9894136918286875,2.1153252253972523,True,True,0.0,True,162.8191,
heterogeneity,2eccb5a888692c1c440b,1986871599,24,corridor,Pasillo,extreme,Extrema,1.0,0.7953075607540825,36,8,24,0.2,True,False,True,18.42842949304727,-9.436931932129134,2.684865563141941,True,True,0.0,True,39.1253,
heterogeneity,47b41660deeb0eb98ad2,3640314670,25,corridor,Pasillo,homogeneous,Homogénea,0.0,0.0,36,8,24,0.2,True,True,False,0.0,1.3317174930203564,2.70681883930996,True,True,0.0,False,3.7393,
heterogeneity,47b41660deeb0eb98ad2,3640314670,25,corridor,Pasillo,low,Baja,0.15,0.1521901676971148,36,8,24,0.2,True,False,True,2.707423655897113,-2.707423655897113,2.833646096590739,True,True,0.0,True,79.4208,
heterogeneity,47b41660deeb0eb98ad2,3640314670,25,corridor,Pasillo,moderate,Moderada,0.35,0.37455633337639027,36,8,24,0.2,True,False,True,3.886458425653153,-2.3477716857994153,2.545975168323615,True,True,0.0,True,76.7313,
heterogeneity,47b41660deeb0eb98ad2,3640314670,25,corridor,Pasillo,high,Alta,0.65,0.6698669130465551,36,8,24,0.2,True,False,True,5.847992194056015,-5.847992194056015,2.719528857770739,True,True,0.0,True,74.161,
heterogeneity,47b41660deeb0eb98ad2,3640314670,25,corridor,Pasillo,extreme,Extrema,1.0,0.7901768336480761,36,8,24,0.2,True,False,True,10.279653754763315,-9.825814449380779,3.887037210860249,True,True,0.0,True,65.6739,
heterogeneity,55e57ba13be32465742c,2825285149,26,corridor,Pasillo,homogeneous,Homogénea,0.0,0.0,36,8,24,0.2,True,True,False,0.0,1.4633014400542201,3.058479332393416,True,True,0.0,False,4.6799,
heterogeneity,55e57ba13be32465742c,2825285149,26,corridor,Pasillo,low,Baja,0.15,0.1440830608120236,36,8,24,0.2,True,True,False,0.0,0.9867060237088978,3.086755599319841,True,True,0.0,False,288.8137,
heterogeneity,55e57ba13be32465742c,2825285149,26,corridor,Pasillo,moderate,Moderada,0.35,0.32670532820047293,36,8,24,0.2,True,False,True,0.1333616996968523,-0.1333616996968523,2.8060423264743086,True,True,0.0,True,1476.1786,
heterogeneity,55e57ba13be32465742c,2825285149,26,corridor,Pasillo,high,Alta,0.65,0.8226803265435143,36,8,24,0.2,True,False,True,3.301242474517493,-3.139578529421864,4.926495636455726,True,True,0.0,True,13.0205,
heterogeneity,55e57ba13be32465742c,2825285149,26,corridor,Pasillo,extreme,Extrema,1.0,1.0140681339499378,36,8,24,0.2,True,False,True,15.276394187674452,-8.898497545108373,3.2122074239782172,True,True,0.0,True,95.2793,
heterogeneity,169484a41e62494f57f4,4179190648,27,corridor,Pasillo,homogeneous,Homogénea,0.0,0.0,36,8,24,0.2,True,True,False,0.0,0.6936918156456517,2.463617196823236,True,True,0.0,False,5.6596,
heterogeneity,169484a41e62494f57f4,4179190648,27,corridor,Pasillo,low,Baja,0.15,0.12410902318527986,36,8,24,0.2,True,True,False,0.0,0.9276748236395544,2.2466097267445795,True,True,0.0,False,45.7055,
heterogeneity,169484a41e62494f57f4,4179190648,27,corridor,Pasillo,moderate,Moderada,0.35,0.29520758045330303,36,8,24,0.2,True,True,False,0.0,0.14453520229075423,2.517737134297119,True,True,0.0,False,18.1953,
heterogeneity,169484a41e62494f57f4,4179190648,27,corridor,Pasillo,high,Alta,0.65,0.4921006678859504,36,8,24,0.2,True,False,True,6.466710237893494,-4.470717509420746,2.2693916865911166,True,True,0.0,True,85.8059,
heterogeneity,169484a41e62494f57f4,4179190648,27,corridor,Pasillo,extreme,Extrema,1.0,1.2792843662101916,36,8,24,0.2,True,False,True,14.488630623326362,-6.482193698252005,1.4706525531284156,True,True,0.0,True,209.965,
heterogeneity,3adbd3bd5f6195c0b7e8,2249191033,28,corridor,Pasillo,homogeneous,Homogénea,0.0,0.0,36,8,24,0.2,True,True,False,0.0,0.48086392136210776,2.1379741761876723,True,True,0.0,False,4.5441,
heterogeneity,3adbd3bd5f6195c0b7e8,2249191033,28,corridor,Pasillo,low,Baja,0.15,0.15304551968804272,36,8,24,0.2,True,False,True,0.6572080747618863,-0.6572080747618863,2.3537522285086685,True,True,0.0,True,3070.2285,
heterogeneity,3adbd3bd5f6195c0b7e8,2249191033,28,corridor,Pasillo,moderate,Moderada,0.35,0.29257993312138575,36,8,24,0.2,True,False,True,3.1560768044115814,-1.203145114687171,1.5895754497366466,True,True,0.0,True,586.627,
heterogeneity,3adbd3bd5f6195c0b7e8,2249191033,28,corridor,Pasillo,high,Alta,0.65,0.7132964860529891,36,8,24,0.2,True,False,True,6.733321933120961,-2.438732607491641,2.6123206867026325,True,True,0.0,True,718.5139,
heterogeneity,3adbd3bd5f6195c0b7e8,2249191033,28,corridor,Pasillo,extreme,Extrema,1.0,1.2562193311970384,36,8,24,0.2,True,False,True,14.035588130953947,-7.693091081329367,2.1385912250615364,True,True,0.0,True,733.8419,
heterogeneity,db3c6a1dd17af628f9a6,1067926209,29,corridor,Pasillo,homogeneous,Homogénea,0.0,0.0,36,8,24,0.2,True,True,False,0.0,0.5217364703719447,2.202929941060461,True,True,0.0,False,4.9336,
heterogeneity,db3c6a1dd17af628f9a6,1067926209,29,corridor,Pasillo,low,Baja,0.15,0.14308230505483108,36,8,24,0.2,True,False,True,0.1761184549517445,-0.1761184549517445,2.7733502146713613,True,True,0.0,True,175.0198,
heterogeneity,db3c6a1dd17af628f9a6,1067926209,29,corridor,Pasillo,moderate,Moderada,0.35,0.311979590700455,36,8,24,0.2,True,False,True,4.334577721215489,-3.5497355689191004,1.936310587438443,True,True,0.0,True,796.0613,
heterogeneity,db3c6a1dd17af628f9a6,1067926209,29,corridor,Pasillo,high,Alta,0.65,0.831188859930583,36,8,24,0.2,True,False,True,10.1299623583426,-5.781239699272055,4.100878612026033,True,True,0.0,True,355.3115,
heterogeneity,db3c6a1dd17af628f9a6,1067926209,29,corridor,Pasillo,extreme,Extrema,1.0,0.8377357389182309,36,8,24,0.2,True,False,True,11.05546489789294,-7.8368198659762065,2.5275145702527246,True,True,0.0,True,39.5983,
