experiment_id,scenario_generator,scenario_variant_id,seed,method,method_label,method_family,method_scope,method_ownership,method_variant,method_comparison_group,method_training_type,method_execution_model,method_communication_pattern,method_trainable_parameters,method_tuned_parameters,method_uses_neural_policy,method_uses_decoder,n_robots,world_size_m,obstacle_count,robot_radius_m,target_tolerance_m,safety_margin_m,dt_s,horizon_s,communication_radius,arrival_success_rate,timeout_rate,mean_arrival_time_s,max_arrival_time_s,travel_distance_m,mean_path_length_m,path_efficiency_ratio,energy_proxy_wh,collision_count,collision_rate,safety_violation_count,min_robot_clearance_m,min_obstacle_clearance_m,mean_clearance_m,mean_speed_mps,max_speed_mps,max_speed_violation_mps,congestion_delay_s,communication_messages,runtime_ms,score_value,reference_score_value,signed_score_delta_vs_reference,performance_gap_vs_reference,optimality_gap_vs_reference,arrived_robots,timed_out_robots,all_arrived
SP4_DIAG_wrench_market_motion_safety,open_field_arrival,open_field_arrival_v00,5400,direct_to_target,Direct to target,classic,decentralized,baseline,direct_single_integrator,sp4_motion_baseline,none,local_target_feedback,none,0,0,False,False,6,18.0,0,0.28,0.35,0.08,0.12,24.0,inf,1.0,0.0,17.32,18.24,75.98598066120059,12.664330110200098,1.0256273514108096,709.2834424099435,0,0.0,0,1.6855048708312772,18.0,11.412272387964178,0.5250551455306846,0.773211327473718,1.1102230246251565e-16,0.0,6000,9.521600091829896,68.47824983043643,66.97390385321276,1.5043459772236645,0.0,0.0,6,0,True
SP4_DIAG_wrench_market_motion_safety,open_field_arrival,open_field_arrival_v00,5400,priority_yield,Priority yield,classic,centralized,baseline,priority_release_yield,sp4_motion_baseline,none,centralized_priority_schedule,global_priority_order,0,2,False,False,6,18.0,0,0.28,0.35,0.08,0.12,24.0,inf,1.0,0.0,19.419999999999998,20.88,75.96994143941674,12.661656906569457,1.0258438879020213,708.9883057938212,0,0.0,0,1.6858523856698464,18.0,11.420439866364827,0.5249443161927633,0.7113544212758205,0.0,1.7125362406644051,6000,16.402199980802834,65.1247298253901,66.97390385321276,-1.8491740278226558,0.0030819567130377598,0.0030819567130377598,6,0,True
SP4_DIAG_wrench_market_motion_safety,open_field_arrival,open_field_arrival_v00,5400,apf_obstacle_avoidance,APF obstacle avoidance,classic,decentralized,baseline,artificial_potential_field,sp4_motion_baseline,none,local_apf_feedback,local_obstacle_robot_neighbors,0,4,False,False,6,18.0,0,0.28,0.35,0.08,0.12,24.0,inf,1.0,0.0,18.82,19.919999999999998,75.96994143941674,12.661656906569457,1.0258438879020213,708.9883057938212,0,0.0,0,1.6858523856698464,18.0,11.414372443224465,0.5249443161927633,0.7113544212758205,0.0,1.1125362406644055,6000,32.895400072447956,66.08472982539011,66.97390385321276,-0.8891740278226479,0.0014819567130377465,0.0014819567130377465,6,0,True
SP4_DIAG_wrench_market_motion_safety,open_field_arrival,open_field_arrival_v00,5400,velocity_obstacle_proxy,Velocity obstacle proxy,sota,decentralized,baseline,velocity_obstacle_proxy,sp4_motion_sota_proxy,none,local_velocity_obstacle_proxy,local_relative_state_neighbors,0,5,False,False,6,18.0,0,0.28,0.35,0.08,0.12,24.0,inf,1.0,0.0,19.22,20.279999999999998,75.91969429637692,12.653282382729486,1.026522838535973,708.4716553597945,0,0.0,0,1.6856206893702095,18.0,11.4149088019165,0.5245971137118357,0.6958901947263463,0.0,1.5125362406644054,6000,37.95139992143959,65.46095070119914,66.97390385321276,-1.5129531520136226,0.002521588586689371,0.002521588586689371,6,0,True
SP4_DIAG_wrench_market_motion_safety,open_field_arrival,open_field_arrival_v00,5400,cbf_safety_filter,CBF safety filter,sota,centralized,baseline,cbf_velocity_projection_proxy,sp4_motion_sota_proxy,none,centralized_cbf_velocity_projection_proxy,global_relative_state,0,6,False,False,6,18.0,0,0.28,0.35,0.08,0.12,24.0,inf,1.0,0.0,18.44,19.439999999999998,76.05785390537585,12.676308984229308,1.0246581528169012,709.8613600856744,0,0.0,0,1.6856381556320588,18.0,11.413825086255159,0.5255517820990581,0.7268186478252949,0.0,0.7325362406644054,6000,41.694700019434094,66.66465853996056,66.97390385321276,-0.3092453132522053,0.0005154088554203422,0.0005154088554203422,6,0,True
SP4_DIAG_wrench_market_motion_safety,open_field_arrival,open_field_arrival_v00,5400,smith_motion_field,Smith-QR motion field,model_based,decentralized,proposed,smith_qr_congestion_field,sp4_motion_proposed,none,distributed_smith_qr_motion_field,local_congestion_price_neighbors,0,6,False,False,6,18.0,0,0.28,0.35,0.08,0.12,24.0,inf,1.0,0.0,18.44,19.439999999999998,76.05785390537585,12.676308984229308,1.0246581528169012,709.8613600856744,0,0.0,0,1.6856381556320588,18.0,11.413825086255159,0.5255517820990581,0.7268186478252949,0.0,0.7325362406644054,6000,52.263999939896166,66.66465853996056,66.97390385321276,-0.3092453132522053,0.0005154088554203422,0.0005154088554203422,6,0,True
SP4_DIAG_wrench_market_motion_safety,open_field_arrival,open_field_arrival_v00,5400,replicator_motion_field,Replicator motion field,model_based,decentralized,baseline,replicator_target_congestion_field,sp4_population_motion_family,none,distributed_replicator_motion_field,local_target_obstacle_neighbor_scores,0,5,False,False,6,18.0,0,0.28,0.35,0.08,0.12,24.0,inf,1.0,0.0,18.82,19.919999999999998,75.94780497301949,12.657967495503248,1.0261428900754408,708.7802819949497,0,0.0,0,1.6858498352319211,18.0,11.414365425198026,0.5247913555349603,0.7113544212758205,0.0,1.1125362406644055,6000,37.29170002043247,66.09168008598621,66.97390385321276,-0.8822237672265487,0.0014703729453775813,0.0014703729453775813,6,0,True
SP4_DIAG_wrench_market_motion_safety,open_field_arrival,open_field_arrival_v00,5400,logit_motion_field,Logit motion field,model_based,decentralized,baseline,logit_softmax_motion_field,sp4_population_motion_family,none,distributed_logit_smoothed_motion_field,local_softmax_flow_scores,0,6,False,False,6,18.0,0,0.28,0.35,0.08,0.12,24.0,inf,1.0,0.0,19.7,20.759999999999998,76.00043712093188,12.666739520155312,1.0254322612104547,709.2130662161338,0,0.0,0,1.6855292237693047,18.0,11.415533771530995,0.5251550381490597,0.6804259681768718,0.0,1.9925362406644058,6000,40.93049990478903,64.66777317123365,66.97390385321276,-2.3061306819791128,0.0038435511366318544,0.0038435511366318544,6,0,True
SP4_DIAG_wrench_market_motion_safety,open_field_arrival,open_field_arrival_v00,5400,bnn_motion_field,BNN/Brown motion field,model_based,decentralized,baseline,brown_bnn_positive_excess_field,sp4_population_motion_family,none,distributed_bnn_positive_excess_motion_field,local_positive_excess_neighbor_scores,0,6,False,False,6,18.0,0,0.28,0.35,0.08,0.12,24.0,inf,1.0,0.0,20.12,21.24,75.95542084921692,12.65923680820282,1.0260400010765476,708.7913421084422,0,0.0,0,1.6863980223105997,18.0,11.416189806035383,0.5248439804395855,0.6649617416273975,0.0,2.412536240664405,6000,40.12799996417016,64.00989399208784,66.97390385321276,-2.9640098611249215,0.004940016435208202,0.004940016435208202,6,0,True
SP4_DIAG_wrench_market_motion_safety,open_field_arrival,open_field_arrival_v00,5400,primal_dual_motion_field,Primal-dual motion field,model_based,decentralized,proposed,primal_dual_barrier_motion_field,sp4_motion_proposed,none,distributed_primal_dual_barrier_motion_field,local_barrier_dual_prices,0,7,False,False,6,18.0,0,0.28,0.35,0.08,0.12,24.0,inf,1.0,0.0,19.22,20.279999999999998,75.94761198257254,12.657935330428757,1.0261454976067355,708.7329225500325,0,0.0,0,1.68560673667375,18.0,11.414916196394957,0.5247900219912414,0.6958901947263463,0.0,1.5125362406644054,6000,68.5382999945432,65.45219613833372,66.97390385321276,-1.5217077148790423,0.002536179524798404,0.002536179524798404,6,0,True
SP4_DIAG_wrench_market_motion_safety,open_field_arrival,open_field_arrival_v00,5400,pid_safety_motion,PID safety motion,model_based,decentralized,proposed,pid_damped_safety_motion,sp4_motion_proposed,none,distributed_pid_damped_safety_feedback,local_target_error_and_clearance,0,5,False,False,6,18.0,0,0.28,0.35,0.08,0.12,24.0,inf,1.0,0.0,21.139999999999997,22.32,75.96352760332101,12.660587933886836,1.0259305030812318,708.7712066106437,0,0.0,0,1.6857141632628756,18.0,11.417512106957792,0.52489999725899,0.6340332885284488,0.0,3.432536240664406,6000,52.65199998393655,62.37631186116295,66.97390385321276,-4.597591992049814,0.007662653320083024,0.007662653320083024,6,0,True
SP4_DIAG_wrench_market_motion_safety,open_field_arrival,open_field_arrival_v00,5400,tensor_flow_motion_field,Smooth tensor-flow motion,model_based,decentralized,proposed,smooth_tensor_flow_barrier_motion,sp4_motion_proposed,none,distributed_smooth_tensor_flow_motion_field,local_anisotropic_clearance_tensor,0,8,False,False,6,18.0,0,0.28,0.35,0.08,0.12,24.0,inf,1.0,0.0,19.659999999999997,20.759999999999998,75.99599821073505,12.665999701789175,1.0254921564921486,709.2147456334822,0,0.0,0,1.6862532453166814,18.0,11.4155871722758,0.5251243657458203,0.6804259681768718,0.0,1.9525362406644053,6000,53.520699962973595,64.73273293730347,66.97390385321276,-2.2411709159092936,0.0037352848598488225,0.0037352848598488225,6,0,True
SP4_DIAG_wrench_market_motion_safety,open_field_arrival,open_field_arrival_v00,5400,reference_time_expanded_cbf,Reference time-expanded CBF,model_based_reference,centralized,reference,time_expanded_safe_cbf_reference,sp4_motion_reference,none,centralized_time_expanded_cbf_reference,global_state_and_release_schedule,0,8,False,False,6,18.0,0,0.28,0.35,0.08,0.12,24.0,inf,1.0,0.0,18.24,19.32,76.0912783244129,12.681879720735482,1.024208053880155,710.2014915416402,0,0.0,0,1.6855039767508364,18.0,11.413824120389943,0.5257827413240247,0.7422828743747693,0.0,0.5325362406644061,6000,43.1150000076741,66.97390385321276,66.97390385321276,0.0,0.0,0.0,6,0,True
SP4_DIAG_wrench_market_motion_safety,open_field_arrival,open_field_arrival_v00,5401,direct_to_target,Direct to target,classic,decentralized,baseline,direct_single_integrator,sp4_motion_baseline,none,local_target_feedback,none,0,0,False,False,6,18.0,0,0.28,0.35,0.08,0.12,24.0,inf,1.0,0.0,17.06,19.08,75.81849111696559,12.636415186160932,1.0255856982679885,581.1769344858665,0,0.0,0,1.6332053939499276,18.0,11.44386522940615,0.5238978103715146,0.8120343518122058,1.1102230246251565e-16,0.0,6000,16.38179994188249,70.21216260940892,68.79789890405817,1.4142637053507485,0.0,0.0,6,0,True
SP4_DIAG_wrench_market_motion_safety,open_field_arrival,open_field_arrival_v00,5401,priority_yield,Priority yield,classic,centralized,baseline,priority_release_yield,sp4_motion_baseline,none,centralized_priority_schedule,global_priority_order,0,2,False,False,6,18.0,0,0.28,0.35,0.08,0.12,24.0,inf,1.0,0.0,19.14,21.24,75.80682507875389,12.634470846458981,1.0257435273543927,580.9226399532005,0,0.0,0,1.63115910877063,18.0,11.456180722352586,0.5238171992727609,0.7470716036672296,0.0,1.7042679253501642,6000,16.208500019274652,66.88927208314215,68.79789890405817,-1.9086268209160266,0.003181044701526711,0.003181044701526711,6,0,True
SP4_DIAG_wrench_market_motion_safety,open_field_arrival,open_field_arrival_v00,5401,apf_obstacle_avoidance,APF obstacle avoidance,classic,decentralized,baseline,artificial_potential_field,sp4_motion_baseline,none,local_apf_feedback,local_obstacle_robot_neighbors,0,4,False,False,6,18.0,0,0.28,0.35,0.08,0.12,24.0,inf,1.0,0.0,18.54,20.759999999999998,75.80682507875389,12.634470846458981,1.0257435273543927,580.9226399532005,0,0.0,0,1.6332053939499276,18.0,11.446272860037938,0.5238171992727609,0.7470716036672296,0.0,1.1042679253501646,6000,28.041800018399954,67.84927208314214,68.79789890405817,-0.9486268209160329,0.0015810447015267215,0.0015810447015267215,6,0,True
SP4_DIAG_wrench_market_motion_safety,open_field_arrival,open_field_arrival_v00,5401,velocity_obstacle_proxy,Velocity obstacle proxy,sota,decentralized,baseline,velocity_obstacle_proxy,sp4_motion_sota_proxy,none,local_velocity_obstacle_proxy,local_relative_state_neighbors,0,5,False,False,6,18.0,0,0.28,0.35,0.08,0.12,24.0,inf,1.0,0.0,18.94,21.24,75.7726478708934,12.6287746451489,1.026206188363754,580.7233209702965,0,0.0,0,1.6332053939499276,18.0,11.44694865846013,0.5235810383560907,0.7308309166309853,0.0,1.5042679253501656,6000,41.04519996326417,67.21878425870048,68.79789890405817,-1.5791146453576914,0.002631857742262819,0.002631857742262819,6,0,True
SP4_DIAG_wrench_market_motion_safety,open_field_arrival,open_field_arrival_v00,5401,cbf_safety_filter,CBF safety filter,sota,centralized,baseline,cbf_velocity_projection_proxy,sp4_motion_sota_proxy,none,centralized_cbf_velocity_projection_proxy,global_relative_state,0,6,False,False,6,18.0,0,0.28,0.35,0.08,0.12,24.0,inf,1.0,0.0,18.139999999999997,20.4,75.82252714137395,12.63708785689566,1.025531106459101,581.1279545606232,0,0.0,0,1.6332053939499276,18.0,11.445638588405242,0.5239256988762713,0.7633122907034735,0.0,0.7042679253501648,6000,38.85020001325756,68.48376448329151,68.79789890405817,-0.3141344207666634,0.000523557367944439,0.000523557367944439,6,0,True
SP4_DIAG_wrench_market_motion_safety,open_field_arrival,open_field_arrival_v00,5401,smith_motion_field,Smith-QR motion field,model_based,decentralized,proposed,smith_qr_congestion_field,sp4_motion_proposed,none,distributed_smith_qr_motion_field,local_congestion_price_neighbors,0,6,False,False,6,18.0,0,0.28,0.35,0.08,0.12,24.0,inf,1.0,0.0,18.139999999999997,20.4,75.82252714137395,12.63708785689566,1.025531106459101,581.1279545606232,0,0.0,0,1.6332053939499276,18.0,11.445638588405242,0.5239256988762713,0.7633122907034735,0.0,0.7042679253501648,6000,48.90599998179823,68.48376448329151,68.79789890405817,-0.3141344207666634,0.000523557367944439,0.000523557367944439,6,0,True
SP4_DIAG_wrench_market_motion_safety,open_field_arrival,open_field_arrival_v00,5401,replicator_motion_field,Replicator motion field,model_based,decentralized,baseline,replicator_target_congestion_field,sp4_population_motion_family,none,distributed_replicator_motion_field,local_target_obstacle_neighbor_scores,0,5,False,False,6,18.0,0,0.28,0.35,0.08,0.12,24.0,inf,1.0,0.0,18.54,20.759999999999998,75.78387822065307,12.630646370108844,1.0260541157238807,580.7486543926062,0,0.0,0,1.6332053939499276,18.0,11.446246850606046,0.523658638893402,0.7470716036672296,0.0,1.1042679253501646,6000,39.360699942335486,67.85606024753027,68.79789890405817,-0.9418386565279064,0.0015697310942131774,0.0015697310942131774,6,0,True
SP4_DIAG_wrench_market_motion_safety,open_field_arrival,open_field_arrival_v00,5401,logit_motion_field,Logit motion field,model_based,decentralized,baseline,logit_softmax_motion_field,sp4_population_motion_family,none,distributed_logit_smoothed_motion_field,local_softmax_flow_scores,0,6,False,False,6,18.0,0,0.28,0.35,0.08,0.12,24.0,inf,1.0,0.0,19.4,21.72,75.8166844629374,12.636114077156234,1.0256101371965194,580.9650841853565,0,0.0,0,1.6332053939499276,18.0,11.447771476656715,0.5238853265819337,0.7145902295947412,0.0,1.9642679253501647,6000,39.63030001614243,66.47067857630022,68.79789890405817,-2.3272203277579564,0.003878700546263261,0.003878700546263261,6,0,True
SP4_DIAG_wrench_market_motion_safety,open_field_arrival,open_field_arrival_v00,5401,bnn_motion_field,BNN/Brown motion field,model_based,decentralized,baseline,brown_bnn_positive_excess_field,sp4_population_motion_family,none,distributed_bnn_positive_excess_motion_field,local_positive_excess_neighbor_scores,0,6,False,False,6,18.0,0,0.28,0.35,0.08,0.12,24.0,inf,1.0,0.0,19.82,22.2,75.79398567451592,12.632330945752654,1.0259172869960709,580.7025569758614,0,0.0,0,1.6332053939499276,18.0,11.448472410129067,0.5237284803380032,0.698349542558497,0.0,2.3842679253501657,6000,39.97500007972121,65.80629758184789,68.79789890405817,-2.991601322210286,0.00498600220368381,0.00498600220368381,6,0,True
SP4_DIAG_wrench_market_motion_safety,open_field_arrival,open_field_arrival_v00,5401,primal_dual_motion_field,Primal-dual motion field,model_based,decentralized,proposed,primal_dual_barrier_motion_field,sp4_motion_proposed,none,distributed_primal_dual_barrier_motion_field,local_barrier_dual_prices,0,7,False,False,6,18.0,0,0.28,0.35,0.08,0.12,24.0,inf,1.0,0.0,18.94,21.24,75.80092210291588,12.633487017152646,1.0258234068478076,580.9410575104456,0,0.0,0,1.6332053939499276,18.0,11.446983562186084,0.5237764103297123,0.7308309166309853,0.0,1.5042679253501656,6000,51.514700055122375,67.21038656225406,68.79789890405817,-1.5875123418041142,0.002645853903006857,0.002645853903006857,6,0,True
SP4_DIAG_wrench_market_motion_safety,open_field_arrival,open_field_arrival_v00,5401,pid_safety_motion,PID safety motion,model_based,decentralized,proposed,pid_damped_safety_motion,sp4_motion_proposed,none,distributed_pid_damped_safety_feedback,local_target_error_and_clearance,0,5,False,False,6,18.0,0,0.28,0.35,0.08,0.12,24.0,inf,1.0,0.0,20.819999999999997,23.279999999999998,75.78167856905202,12.63027976150867,1.026083898141228,580.6062362227857,0,0.0,0,1.6332053939499276,18.0,11.450119086239347,0.5236434395318685,0.6658681684860088,0.0,3.384267925350164,6000,50.87089992593974,64.20996835258069,68.79789890405817,-4.587930551477484,0.00764655091912914,0.00764655091912914,6,0,True
SP4_DIAG_wrench_market_motion_safety,open_field_arrival,open_field_arrival_v00,5401,tensor_flow_motion_field,Smooth tensor-flow motion,model_based,decentralized,proposed,smooth_tensor_flow_barrier_motion,sp4_motion_proposed,none,distributed_smooth_tensor_flow_motion_field,local_anisotropic_clearance_tensor,0,8,False,False,6,18.0,0,0.28,0.35,0.08,0.12,24.0,inf,1.0,0.0,19.359999999999996,21.72,75.81743296634059,12.636238827723432,1.0256000119173059,580.9652610682806,0,0.0,0,1.6332053939499276,18.0,11.447699748111283,0.523890498661834,0.7145902295947412,0.0,1.9242679253501649,6000,60.17680000513792,66.53451213672227,68.79789890405817,-2.263386767335902,0.0037723112788931703,0.0037723112788931703,6,0,True
SP4_DIAG_wrench_market_motion_safety,open_field_arrival,open_field_arrival_v00,5401,reference_time_expanded_cbf,Reference time-expanded CBF,model_based_reference,centralized,reference,time_expanded_safe_cbf_reference,sp4_motion_reference,none,centralized_time_expanded_cbf_reference,global_state_and_release_schedule,0,8,False,False,6,18.0,0,0.28,0.35,0.08,0.12,24.0,inf,1.0,0.0,17.939999999999998,20.04,75.84046914118358,12.640078190197263,1.025288490885579,581.319788488144,0,0.0,0,1.631125380374518,18.0,11.445900199095227,0.5240496762105007,0.7795529777397175,0.0,0.504267925350165,6000,43.37139998096973,68.79789890405817,68.79789890405817,0.0,0.0,0.0,6,0,True
SP4_DIAG_wrench_market_motion_safety,open_field_arrival,open_field_arrival_v00,5402,direct_to_target,Direct to target,classic,decentralized,baseline,direct_single_integrator,sp4_motion_baseline,none,local_target_feedback,none,0,0,False,False,6,18.0,0,0.28,0.35,0.08,0.12,24.0,inf,1.0,0.0,16.86,18.24,75.93420638496343,12.655701064160572,1.0243325207681577,574.3065116344079,0,0.0,0,1.5438049515766203,18.0,11.405799135207985,0.5246973907197587,0.8214675611490792,2.220446049250313e-16,0.0,6000,10.091900010593235,70.57540947896396,69.2486886626213,1.3267208163426574,0.0,0.0,6,0,True
SP4_DIAG_wrench_market_motion_safety,open_field_arrival,open_field_arrival_v00,5402,priority_yield,Priority yield,classic,centralized,baseline,priority_release_yield,sp4_motion_baseline,none,centralized_priority_schedule,global_priority_order,0,2,False,False,6,18.0,0,0.28,0.35,0.08,0.12,24.0,inf,1.0,0.0,18.900000000000002,20.279999999999998,75.86770816092616,12.644618026821027,1.0252303506236506,573.7273190997184,0,0.0,0,1.5423982002002208,18.0,11.412816462501796,0.5242378949759962,0.7557501562571528,0.0,1.707041342824566,6000,20.318399998359382,67.33183101359906,69.2486886626213,-1.9168576490222478,0.003194762748370413,0.003194762748370413,6,0,True
SP4_DIAG_wrench_market_motion_safety,open_field_arrival,open_field_arrival_v00,5402,apf_obstacle_avoidance,APF obstacle avoidance,classic,decentralized,baseline,artificial_potential_field,sp4_motion_baseline,none,local_apf_feedback,local_obstacle_robot_neighbors,0,4,False,False,6,18.0,0,0.28,0.35,0.08,0.12,24.0,inf,1.0,0.0,18.299999999999997,19.8,75.86770816092616,12.644618026821027,1.0252303506236506,573.7273190997184,0,0.0,0,1.5438049515766203,18.0,11.4072793449998,0.5242378949759962,0.7557501562571528,0.0,1.1070413428245658,6000,28.880300000309944,68.29183101359907,69.2486886626213,-0.9568576490222398,0.0015947627483703997,0.0015947627483703997,6,0,True
SP4_DIAG_wrench_market_motion_safety,open_field_arrival,open_field_arrival_v00,5402,velocity_obstacle_proxy,Velocity obstacle proxy,sota,decentralized,baseline,velocity_obstacle_proxy,sp4_motion_sota_proxy,none,local_velocity_obstacle_proxy,local_relative_state_neighbors,0,5,False,False,6,18.0,0,0.28,0.35,0.08,0.12,24.0,inf,1.0,0.0,18.680000000000003,20.16,75.79370157009714,12.63228359501619,1.0262314074594079,573.1755269385033,0,0.0,0,1.5438049515766203,18.0,11.407613027671585,0.5237265172063107,0.7393208050341712,0.0,1.487041342824566,6000,37.29920007754117,67.70563038519359,69.2486886626213,-1.5430582774277184,0.002571763795712864,0.002571763795712864,6,0,True
SP4_DIAG_wrench_market_motion_safety,open_field_arrival,open_field_arrival_v00,5402,cbf_safety_filter,CBF safety filter,sota,centralized,baseline,cbf_velocity_projection_proxy,sp4_motion_sota_proxy,none,centralized_cbf_velocity_projection_proxy,global_relative_state,0,6,False,False,6,18.0,0,0.28,0.35,0.08,0.12,24.0,inf,1.0,0.0,17.900000000000002,19.32,75.87179334322835,12.645298890538058,1.025175148911664,573.6939754419125,0,0.0,0,1.5438049515766203,18.0,11.406819243938681,0.524266123156636,0.7721795074801342,0.0,0.707041342824566,6000,38.6036999989301,68.93126571007063,69.2486886626213,-0.31742295255067177,0.0005290382542511196,0.0005290382542511196,6,0,True
SP4_DIAG_wrench_market_motion_safety,open_field_arrival,open_field_arrival_v00,5402,smith_motion_field,Smith-QR motion field,model_based,decentralized,proposed,smith_qr_congestion_field,sp4_motion_proposed,none,distributed_smith_qr_motion_field,local_congestion_price_neighbors,0,6,False,False,6,18.0,0,0.28,0.35,0.08,0.12,24.0,inf,1.0,0.0,17.900000000000002,19.32,75.87179334322835,12.645298890538058,1.025175148911664,573.6939754419125,0,0.0,0,1.5438049515766203,18.0,11.406819243938681,0.524266123156636,0.7721795074801342,0.0,0.707041342824566,6000,52.326900069601834,68.93126571007063,69.2486886626213,-0.31742295255067177,0.0005290382542511196,0.0005290382542511196,6,0,True
SP4_DIAG_wrench_market_motion_safety,open_field_arrival,open_field_arrival_v00,5402,replicator_motion_field,Replicator motion field,model_based,decentralized,baseline,replicator_target_congestion_field,sp4_population_motion_family,none,distributed_replicator_motion_field,local_target_obstacle_neighbor_scores,0,5,False,False,6,18.0,0,0.28,0.35,0.08,0.12,24.0,inf,1.0,0.0,18.299999999999997,19.8,75.84298180611296,12.640496967685493,1.0255645965724662,573.5391297197111,0,0.0,0,1.5438049515766203,18.0,11.407259834689695,0.5240670384612559,0.7557501562571528,0.0,1.1070413428245658,6000,37.28479996789247,68.29915270545804,69.2486886626213,-0.9495359571632633,0.001582559928605439,0.001582559928605439,6,0,True
SP4_DIAG_wrench_market_motion_safety,open_field_arrival,open_field_arrival_v00,5402,logit_motion_field,Logit motion field,model_based,decentralized,baseline,logit_softmax_motion_field,sp4_population_motion_family,none,distributed_logit_smoothed_motion_field,local_softmax_flow_scores,0,6,False,False,6,18.0,0,0.28,0.35,0.08,0.12,24.0,inf,1.0,0.0,19.119999999999997,20.64,75.80567981295358,12.634279968825597,1.0260692500979043,573.1165330798452,0,0.0,0,1.5438049515766203,18.0,11.408072786606926,0.5238092856063681,0.7228914538111896,0.0,1.9270413428245654,6000,40.1172999991104,66.99958511035176,69.2486886626213,-2.2491035522695455,0.0037485059204492425,0.0037485059204492425,6,0,True
SP4_DIAG_wrench_market_motion_safety,open_field_arrival,open_field_arrival_v00,5402,bnn_motion_field,BNN/Brown motion field,model_based,decentralized,baseline,brown_bnn_positive_excess_field,sp4_population_motion_family,none,distributed_bnn_positive_excess_motion_field,local_positive_excess_neighbor_scores,0,6,False,False,6,18.0,0,0.28,0.35,0.08,0.12,24.0,inf,1.0,0.0,19.539999999999996,21.119999999999997,75.79692633474264,12.632821055790439,1.026187746655192,573.0997861794133,0,0.0,0,1.5438049515766203,18.0,11.408464946215231,0.523748799991312,0.706462102588208,0.0,2.3470413428245656,6000,40.29939998872578,66.32967834456248,69.2486886626213,-2.919010318058824,0.004865017196764706,0.004865017196764706,6,0,True
SP4_DIAG_wrench_market_motion_safety,open_field_arrival,open_field_arrival_v00,5402,primal_dual_motion_field,Primal-dual motion field,model_based,decentralized,proposed,primal_dual_barrier_motion_field,sp4_motion_proposed,none,distributed_primal_dual_barrier_motion_field,local_barrier_dual_prices,0,7,False,False,6,18.0,0,0.28,0.35,0.08,0.12,24.0,inf,1.0,0.0,18.680000000000003,20.16,75.82492210728466,12.637487017880778,1.0258088617458199,573.4119967776869,0,0.0,0,1.5438049515766203,18.0,11.407638614694568,0.5239422478391709,0.7393208050341712,0.0,1.487041342824566,6000,55.19530002493411,67.6963971686205,69.2486886626213,-1.552291494000798,0.00258715249000133,0.00258715249000133,6,0,True
SP4_DIAG_wrench_market_motion_safety,open_field_arrival,open_field_arrival_v00,5402,pid_safety_motion,PID safety motion,model_based,decentralized,proposed,pid_damped_safety_motion,sp4_motion_proposed,none,distributed_pid_damped_safety_feedback,local_target_error_and_clearance,0,5,False,False,6,18.0,0,0.28,0.35,0.08,0.12,24.0,inf,1.0,0.0,20.54,22.2,75.81651177616635,12.636085296027725,1.0259226547968223,573.0874612959328,0,0.0,0,1.5438049515766203,18.0,11.409438734686093,0.5238841333344825,0.6736034001422447,0.0,3.347041342824566,6000,52.97760001849383,64.72549279628407,69.2486886626213,-4.5231958663372325,0.007538659777228721,0.007538659777228721,6,0,True
SP4_DIAG_wrench_market_motion_safety,open_field_arrival,open_field_arrival_v00,5402,tensor_flow_motion_field,Smooth tensor-flow motion,model_based,decentralized,proposed,smooth_tensor_flow_barrier_motion,sp4_motion_proposed,none,distributed_smooth_tensor_flow_motion_field,local_anisotropic_clearance_tensor,0,8,False,False,6,18.0,0,0.28,0.35,0.08,0.12,24.0,inf,1.0,0.0,19.099999999999998,20.64,75.85501300479068,12.642502167465112,1.025401934001735,573.5250919152437,0,0.0,0,1.5438049515766203,18.0,11.408068170323444,0.5241501727804775,0.7228914538111896,0.0,1.9070413428245658,6000,55.005399975925684,67.01664621979361,69.2486886626213,-2.232042442827691,0.0037200707380461513,0.0037200707380461513,6,0,True
SP4_DIAG_wrench_market_motion_safety,open_field_arrival,open_field_arrival_v00,5402,reference_time_expanded_cbf,Reference time-expanded CBF,model_based_reference,centralized,reference,time_expanded_safe_cbf_reference,sp4_motion_reference,none,centralized_time_expanded_cbf_reference,global_state_and_release_schedule,0,8,False,False,6,18.0,0,0.28,0.35,0.08,0.12,24.0,inf,1.0,0.0,17.7,19.08,75.87280307014608,12.645467178357679,1.0251615057233099,573.9294661946556,0,0.0,0,1.5424257585290335,18.0,11.40646674254584,0.5242731002635856,0.7886088587031158,0.0,0.5070413428245661,6000,46.18169995956123,69.2486886626213,69.2486886626213,0.0,0.0,0.0,6,0,True
SP4_DIAG_wrench_market_motion_safety,open_field_arrival,open_field_arrival_v00,5403,direct_to_target,Direct to target,classic,decentralized,baseline,direct_single_integrator,sp4_motion_baseline,none,local_target_feedback,none,0,0,False,False,6,18.0,0,0.28,0.35,0.08,0.12,24.0,inf,1.0,0.0,17.22,18.599999999999998,75.66787905503388,12.61131317583898,1.0263971133930334,609.499543938444,0,0.0,0,1.6386133818028883,18.0,11.44052917109378,0.5228570968424123,0.8921941274795447,1.1102230246251565e-16,0.0,6000,12.161699938587844,69.70607116850812,68.24913408265864,1.456937085849475,0.0,0.0,6,0,True
SP4_DIAG_wrench_market_motion_safety,open_field_arrival,open_field_arrival_v00,5403,priority_yield,Priority yield,classic,centralized,baseline,priority_release_yield,sp4_motion_baseline,none,centralized_priority_schedule,global_priority_order,0,2,False,False,6,18.0,0,0.28,0.35,0.08,0.12,24.0,inf,1.0,0.0,19.34,21.48,75.72754307183082,12.621257178638471,1.0255884383439073,609.8641633435981,0,0.0,0,1.6386133818028883,18.0,11.45534825366858,0.5232693689319431,0.8208185972811811,0.0,1.7181262684564669,6000,15.640099998563528,66.29729889076124,68.24913408265864,-1.951835191897402,0.003253058653162337,0.003253058653162337,6,0,True
SP4_DIAG_wrench_market_motion_safety,open_field_arrival,open_field_arrival_v00,5403,apf_obstacle_avoidance,APF obstacle avoidance,classic,decentralized,baseline,artificial_potential_field,sp4_motion_baseline,none,local_apf_feedback,local_obstacle_robot_neighbors,0,4,False,False,6,18.0,0,0.28,0.35,0.08,0.12,24.0,inf,1.0,0.0,18.74,20.279999999999998,75.72754307183082,12.621257178638471,1.0255884383439073,609.8641633435981,0,0.0,0,1.6386133818028883,18.0,11.443359166761683,0.5232693689319431,0.8208185972811811,0.0,1.1181262684564668,6000,33.55550009291619,67.25729889076125,68.24913408265864,-0.991835191897394,0.0016530586531623233,0.0016530586531623233,6,0,True
SP4_DIAG_wrench_market_motion_safety,open_field_arrival,open_field_arrival_v00,5403,velocity_obstacle_proxy,Velocity obstacle proxy,sota,decentralized,baseline,velocity_obstacle_proxy,sp4_motion_sota_proxy,none,local_velocity_obstacle_proxy,local_relative_state_neighbors,0,5,False,False,6,18.0,0,0.28,0.35,0.08,0.12,24.0,inf,1.0,0.0,19.18,20.64,75.78281912235849,12.630469853726416,1.0248403732944011,610.225760456245,0,0.0,0,1.6386133818028883,18.0,11.444163905761899,0.5236513206354235,0.8029747147315903,0.0,1.5581262684564676,6000,39.35099998489022,66.53752218851868,68.24913408265864,-1.7116118941399634,0.0028526864902332725,0.0028526864902332725,6,0,True
SP4_DIAG_wrench_market_motion_safety,open_field_arrival,open_field_arrival_v00,5403,cbf_safety_filter,CBF safety filter,sota,centralized,baseline,cbf_velocity_projection_proxy,sp4_motion_sota_proxy,none,centralized_cbf_velocity_projection_proxy,global_relative_state,0,6,False,False,6,18.0,0,0.28,0.35,0.08,0.12,24.0,inf,1.0,0.0,18.34,19.8,75.75625486327378,12.626042477212296,1.0251997380128102,610.1154135496682,0,0.0,0,1.6386133818028883,18.0,11.442705595067032,0.5234677643952027,0.8386624798307721,0.0,0.7181262684564675,6000,43.39280002750456,67.88846979458309,68.24913408265864,-0.3606642880755544,0.0006011071467925907,0.0006011071467925907,6,0,True
SP4_DIAG_wrench_market_motion_safety,open_field_arrival,open_field_arrival_v00,5403,smith_motion_field,Smith-QR motion field,model_based,decentralized,proposed,smith_qr_congestion_field,sp4_motion_proposed,none,distributed_smith_qr_motion_field,local_congestion_price_neighbors,0,6,False,False,6,18.0,0,0.28,0.35,0.08,0.12,24.0,inf,1.0,0.0,18.34,19.8,75.75625486327378,12.626042477212296,1.0251997380128102,610.1154135496682,0,0.0,0,1.6386133818028883,18.0,11.442705595067032,0.5234677643952027,0.8386624798307721,0.0,0.7181262684564675,6000,52.63079993892461,67.88846979458309,68.24913408265864,-0.3606642880755544,0.0006011071467925907,0.0006011071467925907,6,0,True
SP4_DIAG_wrench_market_motion_safety,open_field_arrival,open_field_arrival_v00,5403,replicator_motion_field,Replicator motion field,model_based,decentralized,baseline,replicator_target_congestion_field,sp4_population_motion_family,none,distributed_replicator_motion_field,local_target_obstacle_neighbor_scores,0,5,False,False,6,18.0,0,0.28,0.35,0.08,0.12,24.0,inf,1.0,0.0,18.74,20.279999999999998,75.70438816172522,12.617398026954204,1.0259021243622721,609.6765002096124,0,0.0,0,1.6386133818028883,18.0,11.443303488438879,0.5231093709350828,0.8208185972811812,0.0,1.1181262684564668,6000,45.748200034722686,67.26426960232433,68.24913408265864,-0.9848644803343092,0.001641440800557182,0.001641440800557182,6,0,True
SP4_DIAG_wrench_market_motion_safety,open_field_arrival,open_field_arrival_v00,5403,logit_motion_field,Logit motion field,model_based,decentralized,baseline,logit_softmax_motion_field,sp4_population_motion_family,none,distributed_logit_smoothed_motion_field,local_softmax_flow_scores,0,6,False,False,6,18.0,0,0.28,0.35,0.08,0.12,24.0,inf,1.0,0.0,19.599999999999998,21.119999999999997,75.71511459044173,12.619185765073622,1.0257567865909882,609.6595755135625,0,0.0,0,1.6386133818028883,18.0,11.444807963974732,0.5231834894309131,0.7851308321819994,0.0,1.978126268456467,6000,41.38910002075136,65.8860790349672,68.24913408265864,-2.3630550476914465,0.003938425079485744,0.003938425079485744,6,0,True
SP4_DIAG_wrench_market_motion_safety,open_field_arrival,open_field_arrival_v00,5403,bnn_motion_field,BNN/Brown motion field,model_based,decentralized,baseline,brown_bnn_positive_excess_field,sp4_population_motion_family,none,distributed_bnn_positive_excess_motion_field,local_positive_excess_neighbor_scores,0,6,False,False,6,18.0,0,0.28,0.35,0.08,0.12,24.0,inf,1.0,0.0,20.06,21.599999999999998,75.77715406199596,12.629525676999327,1.0249169898241262,610.1175543755751,0,0.0,0,1.6386133818028883,18.0,11.445688600962328,0.5236121756633216,0.7672869496324086,0.0,2.4381262684564673,6000,38.26559998560697,65.13185056260514,68.24913408265864,-3.1172835200535047,0.005195472533422508,0.005195472533422508,6,0,True
SP4_DIAG_wrench_market_motion_safety,open_field_arrival,open_field_arrival_v00,5403,primal_dual_motion_field,Primal-dual motion field,model_based,decentralized,proposed,primal_dual_barrier_motion_field,sp4_motion_proposed,none,distributed_primal_dual_barrier_motion_field,local_barrier_dual_prices,0,7,False,False,6,18.0,0,0.28,0.35,0.08,0.12,24.0,inf,1.0,0.0,19.14,20.64,75.70777931857833,12.617963219763055,1.0258561714225483,609.6371771015984,0,0.0,0,1.6386133818028883,18.0,11.443814969127262,0.5231328034727635,0.8029747147315903,0.0,1.5181262684564674,6000,57.12929996661842,66.62391677889678,68.24913408265864,-1.6252173037618576,0.0027086955062697628,0.0027086955062697628,6,0,True
SP4_DIAG_wrench_market_motion_safety,open_field_arrival,open_field_arrival_v00,5403,pid_safety_motion,PID safety motion,model_based,decentralized,proposed,pid_damped_safety_motion,sp4_motion_proposed,none,distributed_pid_damped_safety_feedback,local_target_error_and_clearance,0,5,False,False,6,18.0,0,0.28,0.35,0.08,0.12,24.0,inf,1.0,0.0,21.060000000000002,22.68,75.7380521609408,12.623008693490133,1.0254461320661354,609.7559054656879,0,0.0,0,1.6386133818028883,18.0,11.447218403176386,0.5233419856339196,0.7315991845332267,0.0,3.4381262684564664,6000,51.33499996736646,63.544069469936154,68.24913408265864,-4.705064612722488,0.00784177435453748,0.00784177435453748,6,0,True
SP4_DIAG_wrench_market_motion_safety,open_field_arrival,open_field_arrival_v00,5403,tensor_flow_motion_field,Smooth tensor-flow motion,model_based,decentralized,proposed,smooth_tensor_flow_barrier_motion,sp4_motion_proposed,none,distributed_smooth_tensor_flow_motion_field,local_anisotropic_clearance_tensor,0,8,False,False,6,18.0,0,0.28,0.35,0.08,0.12,24.0,inf,1.0,0.0,19.56,21.119999999999997,75.7106638420769,12.618443973679483,1.025817087017757,609.6630265962351,0,0.0,0,1.6386133818028883,18.0,11.444628957456143,0.5231527352271761,0.7851308321819994,0.0,1.9381262684564666,6000,52.53470002207905,65.95102368878074,68.24913408265864,-2.2981103938779057,0.0038301839897965095,0.0038301839897965095,6,0,True
SP4_DIAG_wrench_market_motion_safety,open_field_arrival,open_field_arrival_v00,5403,reference_time_expanded_cbf,Reference time-expanded CBF,model_based_reference,centralized,reference,time_expanded_safe_cbf_reference,sp4_motion_reference,none,centralized_time_expanded_cbf_reference,global_state_and_release_schedule,0,8,False,False,6,18.0,0,0.28,0.35,0.08,0.12,24.0,inf,1.0,0.0,18.12,19.8,75.7252385630248,12.620873093837467,1.025619649570605,609.9313433475897,0,0.0,0,1.6386133818028883,18.0,11.444885269790408,0.5232534450181365,0.8565063623803628,0.0,0.4981262684564672,6000,47.19919990748167,68.24913408265864,68.24913408265864,0.0,0.0,0.0,6,0,True
SP4_DIAG_wrench_market_motion_safety,open_field_arrival,open_field_arrival_v00,5404,direct_to_target,Direct to target,classic,decentralized,baseline,direct_single_integrator,sp4_motion_baseline,none,local_target_feedback,none,0,0,False,False,6,18.0,0,0.28,0.35,0.08,0.12,24.0,inf,1.0,0.0,18.200000000000003,21.0,75.98836819504604,12.664728032507673,1.02581743012852,605.1772983926737,0,0.0,0,1.6723539952752269,18.0,11.428552869715139,0.5250716431387923,0.7775082783644104,1.1102230246251565e-16,0.0,6000,9.154999977909029,68.11078601316312,66.59219567437503,1.518590338788087,0.0,0.0,6,0,True
SP4_DIAG_wrench_market_motion_safety,open_field_arrival,open_field_arrival_v00,5404,priority_yield,Priority yield,classic,centralized,baseline,priority_release_yield,sp4_motion_baseline,none,centralized_priority_schedule,global_priority_order,0,2,False,False,6,18.0,0,0.28,0.35,0.08,0.12,24.0,inf,1.0,0.0,20.400000000000002,22.8,76.03163349565727,12.67193891594288,1.0252336954716905,605.3803516685623,0,0.0,0,1.6723539952752269,18.0,11.429378737773572,0.5253706018218448,0.7153076160952576,0.0,1.7747310350609222,6000,20.12620004825294,64.57923711426976,66.59219567437503,-2.0129585601052753,0.0033549309335087923,0.0033549309335087923,6,0,True
SP4_DIAG_wrench_market_motion_safety,open_field_arrival,open_field_arrival_v00,5404,apf_obstacle_avoidance,APF obstacle avoidance,classic,decentralized,baseline,artificial_potential_field,sp4_motion_baseline,none,local_apf_feedback,local_obstacle_robot_neighbors,0,4,False,False,6,18.0,0,0.28,0.35,0.08,0.12,24.0,inf,1.0,0.0,19.8,22.8,76.03163349565727,12.67193891594288,1.0252336954716905,605.3803516685623,0,0.0,0,1.6723539952752269,18.0,11.431605685419626,0.5253706018218448,0.7153076160952576,0.0,1.1747310350609232,6000,29.93560000322759,65.53923711426977,66.59219567437503,-1.0529585601052673,0.001754930933508779,0.001754930933508779,6,0,True
SP4_DIAG_wrench_market_motion_safety,open_field_arrival,open_field_arrival_v00,5404,velocity_obstacle_proxy,Velocity obstacle proxy,sota,decentralized,baseline,velocity_obstacle_proxy,sp4_motion_sota_proxy,none,local_velocity_obstacle_proxy,local_relative_state_neighbors,0,5,False,False,6,18.0,0,0.28,0.35,0.08,0.12,24.0,inf,1.0,0.0,20.220000000000002,23.279999999999998,75.98040525250285,12.66340087541714,1.0259249384423907,604.9091472320144,0,0.0,0,1.6723539952752269,18.0,11.432308610622924,0.5250166200421699,0.6997574505279693,0.0,1.5947310350609225,6000,46.20069998782128,64.88321937212923,66.59219567437503,-1.7089763022458015,0.0028482938370763358,0.0028482938370763358,6,0,True
SP4_DIAG_wrench_market_motion_safety,open_field_arrival,open_field_arrival_v00,5404,cbf_safety_filter,CBF safety filter,sota,centralized,baseline,cbf_velocity_projection_proxy,sp4_motion_sota_proxy,none,centralized_cbf_velocity_projection_proxy,global_relative_state,0,6,False,False,6,18.0,0,0.28,0.35,0.08,0.12,24.0,inf,1.0,0.0,19.36,22.32,76.00846423786568,12.668077372977613,1.0255462120318553,605.1465299613303,0,0.0,0,1.6723539952752269,18.0,11.430825347429826,0.5252105046839805,0.7308577816625458,0.0,0.7347310350609231,6000,44.12059998139739,66.25067256805626,66.59219567437503,-0.3415231063187747,0.0005692051771979578,0.0005692051771979578,6,0,True
SP4_DIAG_wrench_market_motion_safety,open_field_arrival,open_field_arrival_v00,5404,smith_motion_field,Smith-QR motion field,model_based,decentralized,proposed,smith_qr_congestion_field,sp4_motion_proposed,none,distributed_smith_qr_motion_field,local_congestion_price_neighbors,0,6,False,False,6,18.0,0,0.28,0.35,0.08,0.12,24.0,inf,1.0,0.0,19.36,22.32,76.00846423786568,12.668077372977613,1.0255462120318553,605.1465299613303,0,0.0,0,1.6723539952752269,18.0,11.430825347429826,0.5252105046839805,0.7308577816625458,0.0,0.7347310350609231,6000,57.65189998783171,66.25067256805626,66.59219567437503,-0.3415231063187747,0.0005692051771979578,0.0005692051771979578,6,0,True
SP4_DIAG_wrench_market_motion_safety,open_field_arrival,open_field_arrival_v00,5404,replicator_motion_field,Replicator motion field,model_based,decentralized,baseline,replicator_target_congestion_field,sp4_population_motion_family,none,distributed_replicator_motion_field,local_target_obstacle_neighbor_scores,0,5,False,False,6,18.0,0,0.28,0.35,0.08,0.12,24.0,inf,1.0,0.0,19.8,22.8,76.01132054985075,12.668553424975125,1.0255076746151193,605.2205067307542,0,0.0,0,1.6723539952752269,18.0,11.431569412949667,0.5252302414997986,0.7153076160952576,0.0,1.1747310350609232,6000,38.49189996253699,65.54530441172528,66.59219567437503,-1.0468912626497513,0.0017448187710829188,0.0017448187710829188,6,0,True
SP4_DIAG_wrench_market_motion_safety,open_field_arrival,open_field_arrival_v00,5404,logit_motion_field,Logit motion field,model_based,decentralized,baseline,logit_softmax_motion_field,sp4_population_motion_family,none,distributed_logit_smoothed_motion_field,local_softmax_flow_scores,0,6,False,False,6,18.0,0,0.28,0.35,0.08,0.12,24.0,inf,1.0,0.0,20.7,23.759999999999998,76.00573269534964,12.667622115891605,1.0255830687659593,604.9921072117716,0,0.0,0,1.6723539952752269,18.0,11.433310902160693,0.5251916300120905,0.6842072849606812,0.0,2.074731035060923,6000,37.031900021247566,64.10881773490536,66.59219567437503,-2.483377939469676,0.0041389632324494606,0.0041389632324494606,6,0,True
SP4_DIAG_wrench_market_motion_safety,open_field_arrival,open_field_arrival_v00,5404,bnn_motion_field,BNN/Brown motion field,model_based,decentralized,baseline,brown_bnn_positive_excess_field,sp4_population_motion_family,none,distributed_bnn_positive_excess_motion_field,local_positive_excess_neighbor_scores,0,6,False,False,6,18.0,0,0.28,0.35,0.08,0.12,24.0,inf,0.8333333333333334,0.16666666666666666,20.52,22.32,75.81911744017471,12.63651957336245,1.0281073588466485,603.2039020084941,0,0.0,0,1.6723539952752269,18.0,11.434097390968006,0.5239021381991069,0.6686571193933929,0.0,2.474731035060923,6000,37.443900015205145,34.36108847640996,66.59219567437503,-32.23110719796507,0.05371851199660846,0.05371851199660846,5,1,False
SP4_DIAG_wrench_market_motion_safety,open_field_arrival,open_field_arrival_v00,5404,primal_dual_motion_field,Primal-dual motion field,model_based,decentralized,proposed,primal_dual_barrier_motion_field,sp4_motion_proposed,none,distributed_primal_dual_barrier_motion_field,local_barrier_dual_prices,0,7,False,False,6,18.0,0,0.28,0.35,0.08,0.12,24.0,inf,1.0,0.0,20.220000000000002,23.279999999999998,76.00612111949964,12.66768685324994,1.0255778275929344,605.110652752265,0,0.0,0,1.6723539952752269,18.0,11.432357474894356,0.5251943139821699,0.6997574505279693,0.0,1.5947310350609225,6000,51.50039994623512,64.87554682618743,66.59219567437503,-1.716648848187603,0.002861081413646005,0.002861081413646005,6,0,True
SP4_DIAG_wrench_market_motion_safety,open_field_arrival,open_field_arrival_v00,5404,pid_safety_motion,PID safety motion,model_based,decentralized,proposed,pid_damped_safety_motion,sp4_motion_proposed,none,distributed_pid_damped_safety_feedback,local_target_error_and_clearance,0,5,False,False,6,18.0,0,0.28,0.35,0.08,0.12,24.0,inf,0.8333333333333334,0.16666666666666666,21.528,23.4,75.1861422132059,12.531023702200983,1.0367627635483403,597.0168015921106,0,0.0,0,1.6723539952752269,18.0,11.435859015885718,0.5195283458623953,0.6375567882588165,0.0,3.314731035060922,6000,57.996700052171946,33.21821403050693,66.59219567437503,-33.373981643868106,0.055623302739780174,0.055623302739780174,5,1,False
SP4_DIAG_wrench_market_motion_safety,open_field_arrival,open_field_arrival_v00,5404,tensor_flow_motion_field,Smooth tensor-flow motion,model_based,decentralized,proposed,smooth_tensor_flow_barrier_motion,sp4_motion_proposed,none,distributed_smooth_tensor_flow_motion_field,local_anisotropic_clearance_tensor,0,8,False,False,6,18.0,0,0.28,0.35,0.08,0.12,24.0,inf,1.0,0.0,20.7,23.759999999999998,76.09516370737568,12.682527284562612,1.0243777499613473,605.6796880759753,0,0.0,0,1.6723539952752269,18.0,11.433487219824064,0.5258095889122152,0.6842072849606812,0.0,2.074731035060923,6000,65.23740000557154,64.0822671036176,66.59219567437503,-2.509928570757438,0.00418321428459573,0.00418321428459573,6,0,True
SP4_DIAG_wrench_market_motion_safety,open_field_arrival,open_field_arrival_v00,5404,reference_time_expanded_cbf,Reference time-expanded CBF,model_based_reference,centralized,reference,time_expanded_safe_cbf_reference,sp4_motion_reference,none,centralized_time_expanded_cbf_reference,global_state_and_release_schedule,0,8,False,False,6,18.0,0,0.28,0.35,0.08,0.12,24.0,inf,1.0,0.0,19.139999999999997,21.84,76.03867698815843,12.673112831359738,1.0251387276719863,605.5295388230119,0,0.0,0,1.6723539952752269,18.0,11.428215580974431,0.5254192716152456,0.7464079472298338,0.0,0.5147310350609224,6000,48.06910001207143,66.59219567437503,66.59219567437503,0.0,0.0,0.0,6,0,True
SP4_DIAG_wrench_market_motion_safety,open_field_arrival,open_field_arrival_v00,5405,direct_to_target,Direct to target,classic,decentralized,baseline,direct_single_integrator,sp4_motion_baseline,none,local_target_feedback,none,0,0,False,False,6,18.0,0,0.28,0.35,0.08,0.12,24.0,inf,1.0,0.0,18.4,19.32,75.62837035132353,12.604728391887255,1.0251025194072945,512.8810863447513,0,0.0,0,1.5708332465273727,18.0,11.402660676724139,0.5225840958493886,0.7371486994283682,1.1102230246251565e-16,0.0,6000,10.842900024726987,68.79294765926132,67.37895816615453,1.413989493106783,0.0,0.0,6,0,True
SP4_DIAG_wrench_market_motion_safety,open_field_arrival,open_field_arrival_v00,5405,priority_yield,Priority yield,classic,centralized,baseline,priority_release_yield,sp4_motion_baseline,none,centralized_priority_schedule,global_priority_order,0,2,False,False,6,18.0,0,0.28,0.35,0.08,0.12,24.0,inf,1.0,0.0,20.580000000000002,21.96,75.57804756762332,12.596341261270553,1.0257850722651003,512.3960613726857,0,0.0,0,1.5708332465273727,18.0,11.415172465330183,0.5222363706994434,0.6781768034740988,0.0,1.7652864993540553,6000,16.29469997715205,65.32086892139603,67.37895816615453,-2.0580892447585057,0.0034301487412641764,0.0034301487412641764,6,0,True
SP4_DIAG_wrench_market_motion_safety,open_field_arrival,open_field_arrival_v00,5405,apf_obstacle_avoidance,APF obstacle avoidance,classic,decentralized,baseline,artificial_potential_field,sp4_motion_baseline,none,local_apf_feedback,local_obstacle_robot_neighbors,0,4,False,False,6,18.0,0,0.28,0.35,0.08,0.12,24.0,inf,1.0,0.0,19.98,21.0,75.57804756762332,12.596341261270553,1.0257850722651003,512.3960613726857,0,0.0,0,1.5708332465273727,18.0,11.403340353522708,0.5222363706994434,0.6781768034740988,0.0,1.1652864993540544,6000,27.614800026640296,66.28086892139602,67.37895816615453,-1.098089244758512,0.0018301487412641867,0.0018301487412641867,6,0,True
SP4_DIAG_wrench_market_motion_safety,open_field_arrival,open_field_arrival_v00,5405,velocity_obstacle_proxy,Velocity obstacle proxy,sota,decentralized,baseline,velocity_obstacle_proxy,sp4_motion_sota_proxy,none,local_velocity_obstacle_proxy,local_relative_state_neighbors,0,5,False,False,6,18.0,0,0.28,0.35,0.08,0.12,24.0,inf,1.0,0.0,20.439999999999998,21.48,75.6128754326262,12.6021459054377,1.0253125878659235,512.6264123487477,0,0.0,0,1.5708332465273727,18.0,11.403536838680198,0.5224770275886278,0.6634338294855314,0.0,1.6252864993540548,6000,37.310399929992855,65.53490328133476,67.37895816615453,-1.8440548848197693,0.0030734248080329487,0.0030734248080329487,6,0,True
SP4_DIAG_wrench_market_motion_safety,open_field_arrival,open_field_arrival_v00,5405,cbf_safety_filter,CBF safety filter,sota,centralized,baseline,cbf_velocity_projection_proxy,sp4_motion_sota_proxy,none,centralized_cbf_velocity_projection_proxy,global_relative_state,0,6,False,False,6,18.0,0,0.28,0.35,0.08,0.12,24.0,inf,1.0,0.0,19.56,20.52,75.6170952090057,12.60284920150095,1.0252553707799203,512.6611924461694,0,0.0,0,1.5708332465273727,18.0,11.403189208783129,0.5225061858002048,0.6929197774626661,0.0,0.7452864993540546,6000,39.31040002498776,66.94162712955706,67.37895816615453,-0.4373310365974703,0.0007288850609957838,0.0007288850609957838,6,0,True
SP4_DIAG_wrench_market_motion_safety,open_field_arrival,open_field_arrival_v00,5405,smith_motion_field,Smith-QR motion field,model_based,decentralized,proposed,smith_qr_congestion_field,sp4_motion_proposed,none,distributed_smith_qr_motion_field,local_congestion_price_neighbors,0,6,False,False,6,18.0,0,0.28,0.35,0.08,0.12,24.0,inf,1.0,0.0,19.56,20.52,75.6170952090057,12.60284920150095,1.0252553707799203,512.6611924461694,0,0.0,0,1.5708332465273727,18.0,11.403189208783129,0.5225061858002048,0.6929197774626661,0.0,0.7452864993540546,6000,57.57949990220368,66.94162712955706,67.37895816615453,-0.4373310365974703,0.0007288850609957838,0.0007288850609957838,6,0,True
SP4_DIAG_wrench_market_motion_safety,open_field_arrival,open_field_arrival_v00,5405,replicator_motion_field,Replicator motion field,model_based,decentralized,baseline,replicator_target_congestion_field,sp4_population_motion_family,none,distributed_replicator_motion_field,local_target_obstacle_neighbor_scores,0,5,False,False,6,18.0,0,0.28,0.35,0.08,0.12,24.0,inf,1.0,0.0,20.0,21.0,75.61098325085985,12.601830541809974,1.0253382465427474,512.6389005581211,0,0.0,0,1.5708332465273727,18.0,11.403347734367763,0.5224639528113597,0.6781768034740987,0.0,1.1852864993540546,6000,40.55619996506721,66.23919467922961,67.37895816615453,-1.1397634869249202,0.0018996058115415338,0.0018996058115415338,6,0,True
SP4_DIAG_wrench_market_motion_safety,open_field_arrival,open_field_arrival_v00,5405,logit_motion_field,Logit motion field,model_based,decentralized,baseline,logit_softmax_motion_field,sp4_population_motion_family,none,distributed_logit_smoothed_motion_field,local_softmax_flow_scores,0,6,False,False,6,18.0,0,0.28,0.35,0.08,0.12,24.0,inf,1.0,0.0,20.88,21.96,75.52732382502106,12.587887304170176,1.0264739839772559,511.95645101651627,0,0.0,0,1.5708332465273727,18.0,11.403690931345603,0.5218858749655957,0.648690855496964,0.0,2.065286499354055,6000,37.27830003481358,64.8564242483302,67.37895816615453,-2.522533917824333,0.0042042231963738885,0.0042042231963738885,6,0,True
SP4_DIAG_wrench_market_motion_safety,open_field_arrival,open_field_arrival_v00,5405,bnn_motion_field,BNN/Brown motion field,model_based,decentralized,baseline,brown_bnn_positive_excess_field,sp4_population_motion_family,none,distributed_bnn_positive_excess_motion_field,local_positive_excess_neighbor_scores,0,6,False,False,6,18.0,0,0.28,0.35,0.08,0.12,24.0,inf,1.0,0.0,21.379999999999995,22.439999999999998,75.60824275980083,12.601373793300139,1.025375410880848,512.4968167452109,0,0.0,0,1.5708332465273727,18.0,11.403918743887163,0.5224450163059757,0.6339478815083966,0.0,2.565286499354054,6000,52.160399965941906,64.03321842539171,67.37895816615453,-3.3457397407628235,0.005576232901271372,0.005576232901271372,6,0,True
SP4_DIAG_wrench_market_motion_safety,open_field_arrival,open_field_arrival_v00,5405,primal_dual_motion_field,Primal-dual motion field,model_based,decentralized,proposed,primal_dual_barrier_motion_field,sp4_motion_proposed,none,distributed_primal_dual_barrier_motion_field,local_barrier_dual_prices,0,7,False,False,6,18.0,0,0.28,0.35,0.08,0.12,24.0,inf,1.0,0.0,20.419999999999998,21.36,75.58570463237521,12.597617438729202,1.02568115707693,512.4906643350654,0,0.0,0,1.5708332465273727,18.0,11.403546543415297,0.5222892802126536,0.6634338294855314,0.0,1.6052864993540545,6000,60.106600052677095,65.57423833752681,67.37895816615453,-1.804719828627725,0.0030078663810462086,0.0030078663810462086,6,0,True
SP4_DIAG_wrench_market_motion_safety,open_field_arrival,open_field_arrival_v00,5405,pid_safety_motion,PID safety motion,model_based,decentralized,proposed,pid_damped_safety_motion,sp4_motion_proposed,none,distributed_pid_damped_safety_feedback,local_target_error_and_clearance,0,5,False,False,6,18.0,0,0.28,0.35,0.08,0.12,24.0,inf,1.0,0.0,22.439999999999998,23.52,75.57259775397466,12.595432958995778,1.0258590453407066,512.2310811399468,0,0.0,0,1.5708332465273727,18.0,11.404357454061852,0.5221987130595269,0.604461933531262,0.0,3.6252864993540554,6000,56.377500062808394,62.34771768272612,67.37895816615453,-5.031240483428412,0.008385400805714021,0.008385400805714021,6,0,True
SP4_DIAG_wrench_market_motion_safety,open_field_arrival,open_field_arrival_v00,5405,tensor_flow_motion_field,Smooth tensor-flow motion,model_based,decentralized,proposed,smooth_tensor_flow_barrier_motion,sp4_motion_proposed,none,distributed_smooth_tensor_flow_motion_field,local_anisotropic_clearance_tensor,0,8,False,False,6,18.0,0,0.28,0.35,0.08,0.12,24.0,inf,1.0,0.0,20.84,21.84,75.50000695269375,12.583334492115625,1.0268453754499105,511.83917427225646,0,0.0,0,1.5708332465273727,18.0,11.403704523007683,0.5216971182469163,0.648690855496964,0.0,2.0252864993540545,6000,67.6501999842003,64.92760672768482,67.37895816615453,-2.4513514384697146,0.004085585730782858,0.004085585730782858,6,0,True
SP4_DIAG_wrench_market_motion_safety,open_field_arrival,open_field_arrival_v00,5405,reference_time_expanded_cbf,Reference time-expanded CBF,model_based_reference,centralized,reference,time_expanded_safe_cbf_reference,sp4_motion_reference,none,centralized_time_expanded_cbf_reference,global_state_and_release_schedule,0,8,False,False,6,18.0,0,0.28,0.35,0.08,0.12,24.0,inf,1.0,0.0,19.3,20.279999999999998,75.53971311938388,12.589952186563979,1.02630563162565,512.2304947581011,0,0.0,0,1.5708332465273727,18.0,11.405364352972676,0.5219714836883912,0.7076627514512335,0.0,0.4852864993540547,6000,47.543799970299006,67.37895816615453,67.37895816615453,0.0,0.0,0.0,6,0,True
SP4_DIAG_wrench_market_motion_safety,open_field_arrival,open_field_arrival_v00,5406,direct_to_target,Direct to target,classic,decentralized,baseline,direct_single_integrator,sp4_motion_baseline,none,local_target_feedback,none,0,0,False,False,6,18.0,0,0.28,0.35,0.08,0.12,24.0,inf,1.0,0.0,17.24,18.12,75.4470192775187,12.574503212919785,1.0264194068887167,519.3109373713196,0,0.0,0,1.6243400077674028,18.0,11.417533648445648,0.5213309789767735,0.7786881656711789,1.1102230246251565e-16,0.0,6000,13.91980005428195,70.62454638523268,69.12225311488596,1.502293270346712,0.0,0.0,6,0,True
SP4_DIAG_wrench_market_motion_safety,open_field_arrival,open_field_arrival_v00,5406,priority_yield,Priority yield,classic,centralized,baseline,priority_release_yield,sp4_motion_baseline,none,centralized_priority_schedule,global_priority_order,0,2,False,False,6,18.0,0,0.28,0.35,0.08,0.12,24.0,inf,1.0,0.0,19.36,20.52,75.49723640401311,12.582872734002185,1.0257366821209357,519.6014724491765,0,0.0,0,1.62415868863304,18.0,11.427878764791046,0.5216779740465264,0.7163931124174847,0.0,1.7137456493946697,6000,16.46519999485463,67.21859326662536,69.12225311488596,-1.9036598482606024,0.0031727664137676708,0.0031727664137676708,6,0,True
SP4_DIAG_wrench_market_motion_safety,open_field_arrival,open_field_arrival_v00,5406,apf_obstacle_avoidance,APF obstacle avoidance,classic,decentralized,baseline,artificial_potential_field,sp4_motion_baseline,none,local_apf_feedback,local_obstacle_robot_neighbors,0,4,False,False,6,18.0,0,0.28,0.35,0.08,0.12,24.0,inf,1.0,0.0,18.76,19.68,75.49723640401311,12.582872734002185,1.0257366821209357,519.6014724491765,0,0.0,0,1.62415868863304,18.0,11.417786507083022,0.5216779740465263,0.7163931124174847,0.0,1.1137456493946694,6000,29.02449993416667,68.17859326662534,69.12225311488596,-0.9436598482606229,0.0015727664137677047,0.0015727664137677047,6,0,True
SP4_DIAG_wrench_market_motion_safety,open_field_arrival,open_field_arrival_v00,5406,velocity_obstacle_proxy,Velocity obstacle proxy,sota,decentralized,baseline,velocity_obstacle_proxy,sp4_motion_sota_proxy,none,local_velocity_obstacle_proxy,local_relative_state_neighbors,0,5,False,False,6,18.0,0,0.28,0.35,0.08,0.12,24.0,inf,1.0,0.0,19.16,20.16,75.45504126631668,12.57584021105278,1.0263102832987496,519.1763554599223,0,0.0,0,1.6244087718881595,18.0,11.417840555570416,0.5213864100768152,0.7008193491040611,0.0,1.5137456493946697,6000,41.82140005286783,67.5521273668111,69.12225311488596,-1.570125748074858,0.00261687624679143,0.00261687624679143,6,0,True
SP4_DIAG_wrench_market_motion_safety,open_field_arrival,open_field_arrival_v00,5406,cbf_safety_filter,CBF safety filter,sota,centralized,baseline,cbf_velocity_projection_proxy,sp4_motion_sota_proxy,none,centralized_cbf_velocity_projection_proxy,global_relative_state,0,6,False,False,6,18.0,0,0.28,0.35,0.08,0.12,24.0,inf,1.0,0.0,18.36,19.32,75.52736857697073,12.587894762828455,1.0253274572836748,519.6780592317378,0,0.0,0,1.6240998001404883,18.0,11.417770631481396,0.5218861841968686,0.7319668757309081,0.0,0.7137456493946696,6000,42.52160002943128,68.81119832074906,69.12225311488596,-0.31105479413690773,0.0005184246568948462,0.0005184246568948462,6,0,True
SP4_DIAG_wrench_market_motion_safety,open_field_arrival,open_field_arrival_v00,5406,smith_motion_field,Smith-QR motion field,model_based,decentralized,proposed,smith_qr_congestion_field,sp4_motion_proposed,none,distributed_smith_qr_motion_field,local_congestion_price_neighbors,0,6,False,False,6,18.0,0,0.28,0.35,0.08,0.12,24.0,inf,1.0,0.0,18.36,19.32,75.52736857697073,12.587894762828455,1.0253274572836748,519.6780592317378,0,0.0,0,1.6240998001404883,18.0,11.417770631481396,0.5218861841968686,0.7319668757309081,0.0,0.7137456493946696,6000,58.26530000194907,68.81119832074906,69.12225311488596,-0.31105479413690773,0.0005184246568948462,0.0005184246568948462,6,0,True
SP4_DIAG_wrench_market_motion_safety,open_field_arrival,open_field_arrival_v00,5406,replicator_motion_field,Replicator motion field,model_based,decentralized,baseline,replicator_target_congestion_field,sp4_population_motion_family,none,distributed_replicator_motion_field,local_target_obstacle_neighbor_scores,0,5,False,False,6,18.0,0,0.28,0.35,0.08,0.12,24.0,inf,1.0,0.0,18.76,19.68,75.47539848956887,12.579233081594813,1.0260334669058422,519.4488821099089,0,0.0,0,1.6242083002028802,18.0,11.417776286721836,0.5215270763513615,0.7163931124174847,0.0,1.1137456493946694,6000,38.91600004862994,68.18492351119575,69.12225311488596,-0.9373296036902161,0.0015622160061503601,0.0015622160061503601,6,0,True
SP4_DIAG_wrench_market_motion_safety,open_field_arrival,open_field_arrival_v00,5406,logit_motion_field,Logit motion field,model_based,decentralized,baseline,logit_softmax_motion_field,sp4_population_motion_family,none,distributed_logit_smoothed_motion_field,local_softmax_flow_scores,0,6,False,False,6,18.0,0,0.28,0.35,0.08,0.12,24.0,inf,1.0,0.0,19.639999999999997,20.64,75.53619974351878,12.589366623919796,1.025207583136282,519.7122502835759,0,0.0,0,1.6241562552880753,18.0,11.417943820998323,0.5219472066301741,0.6852455857906374,0.0,1.9937456493946695,6000,34.027199959382415,66.76091355359011,69.12225311488596,-2.36133956129585,0.003935565935493083,0.003935565935493083,6,0,True
SP4_DIAG_wrench_market_motion_safety,open_field_arrival,open_field_arrival_v00,5406,bnn_motion_field,BNN/Brown motion field,model_based,decentralized,baseline,brown_bnn_positive_excess_field,sp4_population_motion_family,none,distributed_bnn_positive_excess_motion_field,local_positive_excess_neighbor_scores,0,6,False,False,6,18.0,0,0.28,0.35,0.08,0.12,24.0,inf,1.0,0.0,20.06,21.119999999999997,75.49696063063362,12.58282677177227,1.025740428905825,519.4108109385145,0,0.0,0,1.624307119698063,18.0,11.417975899033486,0.5216760684814375,0.6696718224772139,0.0,2.4137456493946696,6000,38.494299980811775,66.10056055187546,69.12225311488596,-3.021692563010504,0.005036154271684173,0.005036154271684173,6,0,True
SP4_DIAG_wrench_market_motion_safety,open_field_arrival,open_field_arrival_v00,5406,primal_dual_motion_field,Primal-dual motion field,model_based,decentralized,proposed,primal_dual_barrier_motion_field,sp4_motion_proposed,none,distributed_primal_dual_barrier_motion_field,local_barrier_dual_prices,0,7,False,False,6,18.0,0,0.28,0.35,0.08,0.12,24.0,inf,1.0,0.0,19.16,20.16,75.4829343483348,12.580489058055798,1.0259310325826079,519.3692654653029,0,0.0,0,1.6243750697541843,18.0,11.417855170053933,0.5215791483439388,0.7008193491040611,0.0,1.5137456493946697,6000,51.188600016757846,67.54406178871331,69.12225311488596,-1.5781913261726572,0.0026303188769544288,0.0026303188769544288,6,0,True
SP4_DIAG_wrench_market_motion_safety,open_field_arrival,open_field_arrival_v00,5406,pid_safety_motion,PID safety motion,model_based,decentralized,proposed,pid_damped_safety_motion,sp4_motion_proposed,none,distributed_pid_damped_safety_feedback,local_target_error_and_clearance,0,5,False,False,6,18.0,0,0.28,0.35,0.08,0.12,24.0,inf,1.0,0.0,21.060000000000002,22.2,75.4619350260714,12.5769891710119,1.0262165256111895,519.1072746909481,0,0.0,0,1.6243429168493084,18.0,11.418142318496404,0.5214340452326648,0.6385242958503667,0.0,3.4137456493946687,6000,47.12140001356602,64.5113015473548,69.12225311488596,-4.61095156753116,0.0076849192792186,0.0076849192792186,6,0,True
SP4_DIAG_wrench_market_motion_safety,open_field_arrival,open_field_arrival_v00,5406,tensor_flow_motion_field,Smooth tensor-flow motion,model_based,decentralized,proposed,smooth_tensor_flow_barrier_motion,sp4_motion_proposed,none,distributed_smooth_tensor_flow_motion_field,local_anisotropic_clearance_tensor,0,8,False,False,6,18.0,0,0.28,0.35,0.08,0.12,24.0,inf,1.0,0.0,19.619999999999997,20.64,75.58476662977692,12.59746110496282,1.024548837435246,520.0067726992146,0,0.0,0,1.623895602194994,18.0,11.417968761286767,0.5222827987132181,0.6852455857906374,0.0,1.9737456493946695,6000,54.14999998174608,66.77928361445693,69.12225311488596,-2.342969500429035,0.0039049491673817252,0.0039049491673817252,6,0,True
SP4_DIAG_wrench_market_motion_safety,open_field_arrival,open_field_arrival_v00,5406,reference_time_expanded_cbf,Reference time-expanded CBF,model_based_reference,centralized,reference,time_expanded_safe_cbf_reference,sp4_motion_reference,none,centralized_time_expanded_cbf_reference,global_state_and_release_schedule,0,8,False,False,6,18.0,0,0.28,0.35,0.08,0.12,24.0,inf,1.0,0.0,18.16,19.08,75.5549000345428,12.592483339090466,1.0249538381090777,519.9668877514631,0,0.0,0,1.6240166603895987,18.0,11.41877722098188,0.5220764236770505,0.7475406390443317,0.0,0.5137456493946697,6000,44.377699960023165,69.12225311488596,69.12225311488596,0.0,0.0,0.0,6,0,True
SP4_DIAG_wrench_market_motion_safety,open_field_arrival,open_field_arrival_v00,5407,direct_to_target,Direct to target,classic,decentralized,baseline,direct_single_integrator,sp4_motion_baseline,none,local_target_feedback,none,0,0,False,False,6,18.0,0,0.28,0.35,0.08,0.12,24.0,inf,1.0,0.0,17.78,19.2,76.00869700569878,12.668116167616462,1.0253617787925997,546.1985126198326,0,0.0,0,1.6188498459389087,18.0,11.43409166381843,0.5252121130852598,0.8125759702195937,1.1102230246251565e-16,0.0,6000,8.88069998472929,69.36810153254794,67.93279194087667,1.4353095916712704,0.0,0.0,6,0,True
SP4_DIAG_wrench_market_motion_safety,open_field_arrival,open_field_arrival_v00,5407,priority_yield,Priority yield,classic,centralized,baseline,priority_release_yield,sp4_motion_baseline,none,centralized_priority_schedule,global_priority_order,0,2,False,False,6,18.0,0,0.28,0.35,0.08,0.12,24.0,inf,1.0,0.0,19.9,21.84,75.93775872068659,12.656293120114432,1.0263196343749872,545.4833864715883,0,0.0,0,1.615660763743152,18.0,11.445418265882168,0.5247219369865015,0.7475698926020261,0.0,1.7222778671010657,6000,16.390299890190363,65.99885921673307,67.93279194087667,-1.9339327241436024,0.003223221206906004,0.003223221206906004,6,0,True
SP4_DIAG_wrench_market_motion_safety,open_field_arrival,open_field_arrival_v00,5407,apf_obstacle_avoidance,APF obstacle avoidance,classic,decentralized,baseline,artificial_potential_field,sp4_motion_baseline,none,local_apf_feedback,local_obstacle_robot_neighbors,0,4,False,False,6,18.0,0,0.28,0.35,0.08,0.12,24.0,inf,1.0,0.0,19.299999999999997,20.88,75.93775872068659,12.656293120114432,1.0263196343749872,545.4833864715883,0,0.0,0,1.6188498459389087,18.0,11.437012229549191,0.5247219369865015,0.7475698926020261,0.0,1.1222778671010654,6000,25.78419994097203,66.95885921673307,67.93279194087667,-0.9739327241435944,0.0016232212069059908,0.0016232212069059908,6,0,True
SP4_DIAG_wrench_market_motion_safety,open_field_arrival,open_field_arrival_v00,5407,velocity_obstacle_proxy,Velocity obstacle proxy,sota,decentralized,baseline,velocity_obstacle_proxy,sp4_motion_sota_proxy,none,local_velocity_obstacle_proxy,local_relative_state_neighbors,0,5,False,False,6,18.0,0,0.28,0.35,0.08,0.12,24.0,inf,1.0,0.0,19.759999999999998,21.36,76.01511699672699,12.669186166121165,1.0252751800517097,546.0078872489806,0,0.0,0,1.6188498459389087,18.0,11.4378613565713,0.5252564745489703,0.7313183731976344,0.0,1.5822778671010662,6000,36.602500011213124,66.20059538823027,67.93279194087667,-1.7321965526463998,0.0028869942544106665,0.0028869942544106665,6,0,True
SP4_DIAG_wrench_market_motion_safety,open_field_arrival,open_field_arrival_v00,5407,cbf_safety_filter,CBF safety filter,sota,centralized,baseline,cbf_velocity_projection_proxy,sp4_motion_sota_proxy,none,centralized_cbf_velocity_projection_proxy,global_relative_state,0,6,False,False,6,18.0,0,0.28,0.35,0.08,0.12,24.0,inf,1.0,0.0,18.900000000000002,20.4,75.99580220025852,12.66596703337642,1.0255357599897263,546.0326794816423,0,0.0,0,1.6188498459389087,18.0,11.436283316723982,0.5251230113340136,0.763821412006418,0.0,0.7222778671010657,6000,38.08140009641647,67.5805967211267,67.93279194087667,-0.3521952197499729,0.0005869920329166215,0.0005869920329166215,6,0,True
SP4_DIAG_wrench_market_motion_safety,open_field_arrival,open_field_arrival_v00,5407,smith_motion_field,Smith-QR motion field,model_based,decentralized,proposed,smith_qr_congestion_field,sp4_motion_proposed,none,distributed_smith_qr_motion_field,local_congestion_price_neighbors,0,6,False,False,6,18.0,0,0.28,0.35,0.08,0.12,24.0,inf,1.0,0.0,18.900000000000002,20.4,75.99580220025852,12.66596703337642,1.0255357599897263,546.0326794816423,0,0.0,0,1.6188498459389087,18.0,11.436283316723982,0.5251230113340136,0.763821412006418,0.0,0.7222778671010657,6000,52.43140005040914,67.5805967211267,67.93279194087667,-0.3521952197499729,0.0005869920329166215,0.0005869920329166215,6,0,True
SP4_DIAG_wrench_market_motion_safety,open_field_arrival,open_field_arrival_v00,5407,replicator_motion_field,Replicator motion field,model_based,decentralized,baseline,replicator_target_congestion_field,sp4_population_motion_family,none,distributed_replicator_motion_field,local_target_obstacle_neighbor_scores,0,5,False,False,6,18.0,0,0.28,0.35,0.08,0.12,24.0,inf,1.0,0.0,19.319999999999997,20.88,75.97026365323117,12.661710608871863,1.0258805092636565,545.6853180280409,0,0.0,0,1.6188498459389087,18.0,11.437031757428182,0.5249465426563783,0.7475698926020261,0.0,1.142277867101065,6000,34.351799986325204,66.91768881600875,67.93279194087667,-1.0151031248679203,0.0016918385414465339,0.0016918385414465339,6,0,True
SP4_DIAG_wrench_market_motion_safety,open_field_arrival,open_field_arrival_v00,5407,logit_motion_field,Logit motion field,model_based,decentralized,baseline,logit_softmax_motion_field,sp4_population_motion_family,none,distributed_logit_smoothed_motion_field,local_softmax_flow_scores,0,6,False,False,6,18.0,0,0.28,0.35,0.08,0.12,24.0,inf,1.0,0.0,20.24,21.84,76.06290307754762,12.677150512924603,1.0246310568242887,546.2588441787154,0,0.0,0,1.6188498459389087,18.0,11.438912897861563,0.5255866713484498,0.7150668537932424,0.0,2.0622778671010655,6000,35.95290007069707,65.41957288115236,67.93279194087667,-2.5132190597243067,0.004188698432873845,0.004188698432873845,6,0,True
SP4_DIAG_wrench_market_motion_safety,open_field_arrival,open_field_arrival_v00,5407,bnn_motion_field,BNN/Brown motion field,model_based,decentralized,baseline,brown_bnn_positive_excess_field,sp4_population_motion_family,none,distributed_bnn_positive_excess_motion_field,local_positive_excess_neighbor_scores,0,6,False,False,6,18.0,0,0.28,0.35,0.08,0.12,24.0,inf,1.0,0.0,20.66,22.32,75.99111089340943,12.665185148901571,1.0255990713807335,545.7608862312914,0,0.0,0,1.6188498459389087,18.0,11.439758392169576,0.5250905948964169,0.6988153343888506,0.0,2.482277867101067,6000,38.77199999988079,64.76834674113701,67.93279194087667,-3.16444519973966,0.005274075332899433,0.005274075332899433,6,0,True
SP4_DIAG_wrench_market_motion_safety,open_field_arrival,open_field_arrival_v00,5407,primal_dual_motion_field,Primal-dual motion field,model_based,decentralized,proposed,primal_dual_barrier_motion_field,sp4_motion_proposed,none,distributed_primal_dual_barrier_motion_field,local_barrier_dual_prices,0,7,False,False,6,18.0,0,0.28,0.35,0.08,0.12,24.0,inf,1.0,0.0,19.759999999999998,21.36,76.04240106291198,12.673733510485329,1.0249073106067772,546.1995825215441,0,0.0,0,1.6188498459389087,18.0,11.437904573113977,0.525445004580652,0.7313183731976344,0.0,1.5822778671010662,6000,55.66209997050464,66.19267594094393,67.93279194087667,-1.7401159999327405,0.002900193333221234,0.002900193333221234,6,0,True
SP4_DIAG_wrench_market_motion_safety,open_field_arrival,open_field_arrival_v00,5407,pid_safety_motion,PID safety motion,model_based,decentralized,proposed,pid_damped_safety_motion,sp4_motion_proposed,none,distributed_pid_damped_safety_feedback,local_target_error_and_clearance,0,5,False,False,6,18.0,0,0.28,0.35,0.08,0.12,24.0,inf,1.0,0.0,21.659999999999997,23.4,75.89283311663017,12.648805519438362,1.0269271756622969,545.049338090145,0,0.0,0,1.6188498459389087,18.0,11.441497866094686,0.5244115057810275,0.6663122955800668,0.0,3.482277867101065,6000,50.28099997434765,63.197083333439906,67.93279194087667,-4.735708607436763,0.007892847679061272,0.007892847679061272,6,0,True
SP4_DIAG_wrench_market_motion_safety,open_field_arrival,open_field_arrival_v00,5407,tensor_flow_motion_field,Smooth tensor-flow motion,model_based,decentralized,proposed,smooth_tensor_flow_barrier_motion,sp4_motion_proposed,none,distributed_smooth_tensor_flow_motion_field,local_anisotropic_clearance_tensor,0,8,False,False,6,18.0,0,0.28,0.35,0.08,0.12,24.0,inf,1.0,0.0,20.18,21.84,76.00503203846421,12.667505339744034,1.025411221799491,545.9658364335161,0,0.0,0,1.6188498459389087,18.0,11.438729179902841,0.525186788546602,0.7150668537932424,0.0,2.0022778671010664,6000,64.03080001473427,65.5312345872027,67.93279194087667,-2.401557353673965,0.004002595589456609,0.004002595589456609,6,0,True
SP4_DIAG_wrench_market_motion_safety,open_field_arrival,open_field_arrival_v00,5407,reference_time_expanded_cbf,Reference time-expanded CBF,model_based_reference,centralized,reference,time_expanded_safe_cbf_reference,sp4_motion_reference,none,centralized_time_expanded_cbf_reference,global_state_and_release_schedule,0,8,False,False,6,18.0,0,0.28,0.35,0.08,0.12,24.0,inf,1.0,0.0,18.68,20.16,75.99787589805472,12.666312649675787,1.0255077769544076,545.9675361551297,0,0.0,0,1.6159508804108889,18.0,11.43677270832925,0.5251373403679845,0.7800729314108099,0.0,0.5022778671010663,6000,41.92980006337166,67.93279194087667,67.93279194087667,0.0,0.0,0.0,6,0,True
SP4_DIAG_wrench_market_motion_safety,open_field_arrival,open_field_arrival_v00,5408,direct_to_target,Direct to target,classic,decentralized,baseline,direct_single_integrator,sp4_motion_baseline,none,local_target_feedback,none,0,0,False,False,6,18.0,0,0.28,0.35,0.08,0.12,24.0,inf,1.0,0.0,18.32,20.04,76.0058032731029,12.667633878850483,1.025004576339051,566.7469909185542,0,0.0,0,1.6325282998718116,18.0,11.441477077956083,0.5251921176969512,0.7640640633325371,1.1102230246251565e-16,0.0,6000,9.457999956794083,68.29925337073182,66.88175179544109,1.4175015752907285,0.0,0.0,6,0,True
SP4_DIAG_wrench_market_motion_safety,open_field_arrival,open_field_arrival_v00,5408,priority_yield,Priority yield,classic,centralized,baseline,priority_release_yield,sp4_motion_baseline,none,centralized_priority_schedule,global_priority_order,0,2,False,False,6,18.0,0,0.28,0.35,0.08,0.12,24.0,inf,1.0,0.0,20.5,22.2,75.97334623784069,12.662224372973448,1.0254424747774586,566.5386727138541,0,0.0,0,1.6308017514345883,18.0,11.445471627803006,0.5249678429922648,0.7029389382659341,0.0,1.773038061549337,6000,20.747600006870925,64.8204771005365,66.88175179544109,-2.061274694904597,0.0034354578248409953,0.0034354578248409953,6,0,True
SP4_DIAG_wrench_market_motion_safety,open_field_arrival,open_field_arrival_v00,5408,apf_obstacle_avoidance,APF obstacle avoidance,classic,decentralized,baseline,artificial_potential_field,sp4_motion_baseline,none,local_apf_feedback,local_obstacle_robot_neighbors,0,4,False,False,6,18.0,0,0.28,0.35,0.08,0.12,24.0,inf,1.0,0.0,19.9,21.72,75.97334623784069,12.662224372973448,1.0254424747774586,566.5386727138541,0,0.0,0,1.6325282998718116,18.0,11.44386236361673,0.5249678429922648,0.7029389382659341,0.0,1.173038061549337,6000,32.45500009506941,65.7804771005365,66.88175179544109,-1.101274694904589,0.0018354578248409817,0.0018354578248409817,6,0,True
SP4_DIAG_wrench_market_motion_safety,open_field_arrival,open_field_arrival_v00,5408,velocity_obstacle_proxy,Velocity obstacle proxy,sota,decentralized,baseline,velocity_obstacle_proxy,sp4_motion_sota_proxy,none,local_velocity_obstacle_proxy,local_relative_state_neighbors,0,5,False,False,6,18.0,0,0.28,0.35,0.08,0.12,24.0,inf,1.0,0.0,20.34,22.2,75.96720663189542,12.661201105315904,1.0255253501784878,566.38038644865,0,0.0,0,1.6325282998718116,18.0,11.444396335671337,0.5249254189600286,0.6876576569992833,0.0,1.613038061549337,6000,43.92369999550283,65.0794106764965,66.88175179544109,-1.8023411189445966,0.003003901864907661,0.003003901864907661,6,0,True
SP4_DIAG_wrench_market_motion_safety,open_field_arrival,open_field_arrival_v00,5408,cbf_safety_filter,CBF safety filter,sota,centralized,baseline,cbf_velocity_projection_proxy,sp4_motion_sota_proxy,none,centralized_cbf_velocity_projection_proxy,global_relative_state,0,6,False,False,6,18.0,0,0.28,0.35,0.08,0.12,24.0,inf,1.0,0.0,19.46,21.24,75.95697196378747,12.659495327297911,1.0256635325115113,566.3407591360984,0,0.0,0,1.6325282998718116,18.0,11.443082205631933,0.5248546984783548,0.7182202195325849,0.0,0.7330380615493368,6000,41.26149998046458,66.49005857660579,66.88175179544109,-0.39169321883530017,0.0006528220313921669,0.0006528220313921669,6,0,True
SP4_DIAG_wrench_market_motion_safety,open_field_arrival,open_field_arrival_v00,5408,smith_motion_field,Smith-QR motion field,model_based,decentralized,proposed,smith_qr_congestion_field,sp4_motion_proposed,none,distributed_smith_qr_motion_field,local_congestion_price_neighbors,0,6,False,False,6,18.0,0,0.28,0.35,0.08,0.12,24.0,inf,1.0,0.0,19.46,21.24,75.95697196378747,12.659495327297911,1.0256635325115113,566.3407591360984,0,0.0,0,1.6325282998718116,18.0,11.443082205631933,0.5248546984783548,0.7182202195325849,0.0,0.7330380615493368,6000,58.98450000677258,66.49005857660579,66.88175179544109,-0.39169321883530017,0.0006528220313921669,0.0006528220313921669,6,0,True
SP4_DIAG_wrench_market_motion_safety,open_field_arrival,open_field_arrival_v00,5408,replicator_motion_field,Replicator motion field,model_based,decentralized,baseline,replicator_target_congestion_field,sp4_population_motion_family,none,distributed_replicator_motion_field,local_target_obstacle_neighbor_scores,0,5,False,False,6,18.0,0,0.28,0.35,0.08,0.12,24.0,inf,1.0,0.0,19.9,21.72,75.95433224526577,12.659055374210963,1.0256991784443208,566.3928249570181,0,0.0,0,1.6325282998718116,18.0,11.443828750258692,0.5248364583006195,0.7029389382659341,0.0,1.173038061549337,6000,36.74029989633709,65.78611865647134,66.88175179544109,-1.0956331389697453,0.0018260552316162423,0.0018260552316162423,6,0,True
SP4_DIAG_wrench_market_motion_safety,open_field_arrival,open_field_arrival_v00,5408,logit_motion_field,Logit motion field,model_based,decentralized,baseline,logit_softmax_motion_field,sp4_population_motion_family,none,distributed_logit_smoothed_motion_field,local_softmax_flow_scores,0,6,False,False,6,18.0,0,0.28,0.35,0.08,0.12,24.0,inf,1.0,0.0,20.819999999999997,22.68,75.98485145454039,12.664141909090064,1.0252872078043773,566.5730955411015,0,0.0,0,1.6325282998718116,18.0,11.445190092916317,0.5250473428312641,0.6723763757326326,0.0,2.0930380615493362,6000,43.426900054328144,64.3056017245901,66.88175179544109,-2.5761500708509857,0.004293583451418309,0.004293583451418309,6,0,True
SP4_DIAG_wrench_market_motion_safety,open_field_arrival,open_field_arrival_v00,5408,bnn_motion_field,BNN/Brown motion field,model_based,decentralized,baseline,brown_bnn_positive_excess_field,sp4_population_motion_family,none,distributed_bnn_positive_excess_motion_field,local_positive_excess_neighbor_scores,0,6,False,False,6,18.0,0,0.28,0.35,0.08,0.12,24.0,inf,1.0,0.0,21.279999999999998,23.279999999999998,75.97165270007923,12.661942116679873,1.0254653336398307,566.2929103723161,0,0.0,0,1.6325282998718116,18.0,11.44574432313407,0.5249561408242065,0.6570950944659819,0.0,2.5530380615493358,6000,42.18780004885048,63.575307302259404,66.88175179544109,-3.3064444931816865,0.005510740821969478,0.005510740821969478,6,0,True
SP4_DIAG_wrench_market_motion_safety,open_field_arrival,open_field_arrival_v00,5408,primal_dual_motion_field,Primal-dual motion field,model_based,decentralized,proposed,primal_dual_barrier_motion_field,sp4_motion_proposed,none,distributed_primal_dual_barrier_motion_field,local_barrier_dual_prices,0,7,False,False,6,18.0,0,0.28,0.35,0.08,0.12,24.0,inf,1.0,0.0,20.34,22.2,75.9925656428395,12.665427607139916,1.0251831284314181,566.576059266268,0,0.0,0,1.6325282998718116,18.0,11.444443475187084,0.5251006470621851,0.6876576569992833,0.0,1.613038061549337,6000,61.71959999483079,65.07187496591263,66.88175179544109,-1.8098768295284628,0.003016461382547438,0.003016461382547438,6,0,True
SP4_DIAG_wrench_market_motion_safety,open_field_arrival,open_field_arrival_v00,5408,pid_safety_motion,PID safety motion,model_based,decentralized,proposed,pid_damped_safety_motion,sp4_motion_proposed,none,distributed_pid_damped_safety_feedback,local_target_error_and_clearance,0,5,False,False,6,18.0,0,0.28,0.35,0.08,0.12,24.0,inf,0.6666666666666666,0.3333333333333333,21.36,22.68,75.69291779869037,12.615486299781729,1.0292415519038693,564.5953058343736,0,0.0,0,1.6325282998718116,18.0,11.447103819962305,0.5230301119312493,0.6265325319326803,0.0,3.5130380615493375,6000,52.615199936553836,3.784271692611057,66.88175179544109,-63.09748010283003,0.10516246683805006,0.10516246683805006,4,2,False
SP4_DIAG_wrench_market_motion_safety,open_field_arrival,open_field_arrival_v00,5408,tensor_flow_motion_field,Smooth tensor-flow motion,model_based,decentralized,proposed,smooth_tensor_flow_barrier_motion,sp4_motion_proposed,none,distributed_smooth_tensor_flow_motion_field,local_anisotropic_clearance_tensor,0,8,False,False,6,18.0,0,0.28,0.35,0.08,0.12,24.0,inf,1.0,0.0,20.779999999999998,22.68,75.96716413238823,12.661194022064706,1.0255259239042873,566.2869362947486,0,0.0,0,1.6325282998718116,18.0,11.444994966783014,0.5249251252928991,0.6723763757326326,0.0,2.053038061549337,6000,55.36640004720539,64.3763545279271,66.88175179544109,-2.5053972675139846,0.004175662112523308,0.004175662112523308,6,0,True
SP4_DIAG_wrench_market_motion_safety,open_field_arrival,open_field_arrival_v00,5408,reference_time_expanded_cbf,Reference time-expanded CBF,model_based_reference,centralized,reference,time_expanded_safe_cbf_reference,sp4_motion_reference,none,centralized_time_expanded_cbf_reference,global_state_and_release_schedule,0,8,False,False,6,18.0,0,0.28,0.35,0.08,0.12,24.0,inf,1.0,0.0,19.22,20.88,75.92961468659882,12.654935781099804,1.0260330768806882,566.1732973507171,0,0.0,0,1.630786337336005,18.0,11.442092415560515,0.5246656625663275,0.7335015007992356,0.0,0.4930380615493372,6000,48.48559992387891,66.88175179544109,66.88175179544109,0.0,0.0,0.0,6,0,True
SP4_DIAG_wrench_market_motion_safety,open_field_arrival,open_field_arrival_v00,5409,direct_to_target,Direct to target,classic,decentralized,baseline,direct_single_integrator,sp4_motion_baseline,none,local_target_feedback,none,0,0,False,False,6,18.0,0,0.28,0.35,0.08,0.12,24.0,inf,1.0,0.0,18.179999999999996,20.52,76.05072829270054,12.675121382116757,1.0249486716148226,632.0031390383384,0,0.0,0,1.5729978360719192,18.0,11.427354326129446,0.5255025448638782,0.7389395126109332,1.1102230246251565e-16,0.0,6000,10.848200065083802,67.8608083852225,66.43863673284287,1.4221716523796317,0.0,0.0,6,0,True
SP4_DIAG_wrench_market_motion_safety,open_field_arrival,open_field_arrival_v00,5409,priority_yield,Priority yield,classic,centralized,baseline,priority_release_yield,sp4_motion_baseline,none,centralized_priority_schedule,global_priority_order,0,2,False,False,6,18.0,0,0.28,0.35,0.08,0.12,24.0,inf,1.0,0.0,20.36,22.8,76.05077165944408,12.675128609907347,1.0249480871541365,631.9215039848904,0,0.0,0,1.5729978360719192,18.0,11.431238428910769,0.525502844523522,0.6798243516020586,0.0,1.779078758874607,6000,16.920299967750907,64.37361519507341,66.43863673284287,-2.0650215377694536,0.0034417025629490893,0.0034417025629490893,6,0,True
SP4_DIAG_wrench_market_motion_safety,open_field_arrival,open_field_arrival_v00,5409,apf_obstacle_avoidance,APF obstacle avoidance,classic,decentralized,baseline,artificial_potential_field,sp4_motion_baseline,none,local_apf_feedback,local_obstacle_robot_neighbors,0,4,False,False,6,18.0,0,0.28,0.35,0.08,0.12,24.0,inf,1.0,0.0,19.76,22.32,76.05077165944408,12.675128609907347,1.0249480871541365,631.9215039848904,0,0.0,0,1.5729978360719192,18.0,11.428624404436839,0.525502844523522,0.6798243516020586,0.0,1.179078758874607,6000,28.028400032781065,65.3336151950734,66.43863673284287,-1.1050215377694599,0.0018417025629490998,0.0018417025629490998,6,0,True
SP4_DIAG_wrench_market_motion_safety,open_field_arrival,open_field_arrival_v00,5409,velocity_obstacle_proxy,Velocity obstacle proxy,sota,decentralized,baseline,velocity_obstacle_proxy,sp4_motion_sota_proxy,none,local_velocity_obstacle_proxy,local_relative_state_neighbors,0,5,False,False,6,18.0,0,0.28,0.35,0.08,0.12,24.0,inf,1.0,0.0,20.16,22.8,75.94759584830578,12.657932641384297,1.0263404926553983,631.0470930839491,0,0.0,0,1.5729978360719192,18.0,11.428834889743113,0.5247899105051529,0.6650455613498399,0.0,1.579078758874606,6000,36.47759999148548,64.72505798253324,66.43863673284287,-1.7135787503096225,0.0028559645838493707,0.0028559645838493707,6,0,True
SP4_DIAG_wrench_market_motion_safety,open_field_arrival,open_field_arrival_v00,5409,cbf_safety_filter,CBF safety filter,sota,centralized,baseline,cbf_velocity_projection_proxy,sp4_motion_sota_proxy,none,centralized_cbf_velocity_projection_proxy,global_relative_state,0,6,False,False,6,18.0,0,0.28,0.35,0.08,0.12,24.0,inf,1.0,0.0,19.32,21.84,76.0259568120503,12.670992802008383,1.0252826298739626,631.7154549615951,0,0.0,0,1.5729978360719192,18.0,11.428235082285369,0.5253313765343456,0.6946031418542773,0.0,0.7390787588746063,6000,38.73359994031489,66.04513495173298,66.43863673284287,-0.3935017811098902,0.000655836301849817,0.000655836301849817,6,0,True
SP4_DIAG_wrench_market_motion_safety,open_field_arrival,open_field_arrival_v00,5409,smith_motion_field,Smith-QR motion field,model_based,decentralized,proposed,smith_qr_congestion_field,sp4_motion_proposed,none,distributed_smith_qr_motion_field,local_congestion_price_neighbors,0,6,False,False,6,18.0,0,0.28,0.35,0.08,0.12,24.0,inf,1.0,0.0,19.32,21.84,76.0259568120503,12.670992802008383,1.0252826298739626,631.7154549615951,0,0.0,0,1.5729978360719192,18.0,11.428235082285369,0.5253313765343456,0.6946031418542773,0.0,0.7390787588746063,6000,52.31069994624704,66.04513495173298,66.43863673284287,-0.3935017811098902,0.000655836301849817,0.000655836301849817,6,0,True
SP4_DIAG_wrench_market_motion_safety,open_field_arrival,open_field_arrival_v00,5409,replicator_motion_field,Replicator motion field,model_based,decentralized,baseline,replicator_target_congestion_field,sp4_population_motion_family,none,distributed_replicator_motion_field,local_target_obstacle_neighbor_scores,0,5,False,False,6,18.0,0,0.28,0.35,0.08,0.12,24.0,inf,1.0,0.0,19.76,22.32,76.02971157713084,12.671618596188473,1.025231995781889,631.7467934113978,0,0.0,0,1.5729978360719192,18.0,11.428596736256132,0.5253573215666865,0.6798243516020586,0.0,1.179078758874607,6000,36.12940001767129,65.33999551891723,66.43863673284287,-1.0986412139256316,0.0018310686898760527,0.0018310686898760527,6,0,True
SP4_DIAG_wrench_market_motion_safety,open_field_arrival,open_field_arrival_v00,5409,logit_motion_field,Logit motion field,model_based,decentralized,baseline,logit_softmax_motion_field,sp4_population_motion_family,none,distributed_logit_smoothed_motion_field,local_softmax_flow_scores,0,6,False,False,6,18.0,0,0.28,0.35,0.08,0.12,24.0,inf,1.0,0.0,20.639999999999997,23.4,75.97796773040207,12.662994621733679,1.0259302172378695,631.234081515166,0,0.0,0,1.5729978360719192,18.0,11.429244972995296,0.5249997770204673,0.6502667710976213,0.0,2.0590787588746067,6000,36.31410002708435,63.94850628415989,66.43863673284287,-2.490130448682976,0.004150217414471627,0.004150217414471627,6,0,True
SP4_DIAG_wrench_market_motion_safety,open_field_arrival,open_field_arrival_v00,5409,bnn_motion_field,BNN/Brown motion field,model_based,decentralized,baseline,brown_bnn_positive_excess_field,sp4_population_motion_family,none,distributed_bnn_positive_excess_motion_field,local_positive_excess_neighbor_scores,0,6,False,False,6,18.0,0,0.28,0.35,0.08,0.12,24.0,inf,1.0,0.0,21.119999999999997,23.88,76.02530611249286,12.670884352082142,1.025291405253999,631.5821924301833,0,0.0,0,1.5729978360719192,18.0,11.42974475550865,0.5253268802687456,0.6354879808454026,0.0,2.539078758874606,6000,40.334700024686754,63.166610730949735,66.43863673284287,-3.2720260018931313,0.005453376669821886,0.005453376669821886,6,0,True
SP4_DIAG_wrench_market_motion_safety,open_field_arrival,open_field_arrival_v00,5409,primal_dual_motion_field,Primal-dual motion field,model_based,decentralized,proposed,primal_dual_barrier_motion_field,sp4_motion_proposed,none,distributed_primal_dual_barrier_motion_field,local_barrier_dual_prices,0,7,False,False,6,18.0,0,0.28,0.35,0.08,0.12,24.0,inf,1.0,0.0,20.16,22.8,75.96980470761417,12.661634117935696,1.0260404543481838,631.2324349140197,0,0.0,0,1.5729978360719192,18.0,11.42886250940306,0.5249433713903683,0.6650455613498399,0.0,1.579078758874606,6000,60.20069995429367,64.71831861518469,66.43863673284287,-1.7203181176581808,0.0028671968627636346,0.0028671968627636346,6,0,True
SP4_DIAG_wrench_market_motion_safety,open_field_arrival,open_field_arrival_v00,5409,pid_safety_motion,PID safety motion,model_based,decentralized,proposed,pid_damped_safety_motion,sp4_motion_proposed,none,distributed_pid_damped_safety_feedback,local_target_error_and_clearance,0,5,False,False,6,18.0,0,0.28,0.35,0.08,0.12,24.0,inf,0.8333333333333334,0.16666666666666666,21.624,22.08,75.52579568870235,12.587632614783724,1.0320724492625668,627.3736578883202,0,0.0,0,1.5729978360719192,18.0,11.430494607821345,0.5218753157041356,0.6059304003409651,0.0,3.4390787588746066,6000,46.46420001517981,32.71192170293561,66.43863673284287,-33.726715029907254,0.05621119171651209,0.05621119171651209,5,1,False
SP4_DIAG_wrench_market_motion_safety,open_field_arrival,open_field_arrival_v00,5409,tensor_flow_motion_field,Smooth tensor-flow motion,model_based,decentralized,proposed,smooth_tensor_flow_barrier_motion,sp4_motion_proposed,none,distributed_smooth_tensor_flow_motion_field,local_anisotropic_clearance_tensor,0,8,False,False,6,18.0,0,0.28,0.35,0.08,0.12,24.0,inf,1.0,0.0,20.639999999999997,23.4,76.06613246714424,12.67768874452404,1.0247411089634653,631.9622439676779,0,0.0,0,1.5729978360719192,18.0,11.429357448728958,0.5256089860913778,0.6502667710976213,0.0,2.0590787588746067,6000,59.21029997989535,63.921828417551495,66.43863673284287,-2.516808315291371,0.004194680525485619,0.004194680525485619,6,0,True
SP4_DIAG_wrench_market_motion_safety,open_field_arrival,open_field_arrival_v00,5409,reference_time_expanded_cbf,Reference time-expanded CBF,model_based_reference,centralized,reference,time_expanded_safe_cbf_reference,sp4_motion_reference,none,centralized_time_expanded_cbf_reference,global_state_and_release_schedule,0,8,False,False,6,18.0,0,0.28,0.35,0.08,0.12,24.0,inf,1.0,0.0,19.080000000000002,21.48,75.99169438322438,12.665282397204065,1.0257448997761884,631.5190502847769,0,0.0,0,1.5729978360719192,18.0,11.426737834236347,0.525094626749754,0.7093819321064959,0.0,0.49907875887460723,6000,50.5490000359714,66.43863673284287,66.43863673284287,0.0,0.0,0.0,6,0,True
SP4_DIAG_wrench_market_motion_safety,open_field_arrival,open_field_arrival_v00,5410,direct_to_target,Direct to target,classic,decentralized,baseline,direct_single_integrator,sp4_motion_baseline,none,local_target_feedback,none,0,0,False,False,6,18.0,0,0.28,0.35,0.08,0.12,24.0,inf,1.0,0.0,16.84,18.36,75.98899330864688,12.664832218107813,1.0254753313993978,539.5845253935325,0,0.0,0,1.6760047093081467,18.0,11.43470535857753,0.525075962608118,0.8178003502841054,2.220446049250313e-16,0.0,6000,9.48380003683269,70.94257621816236,69.57006162581011,1.3725145923522462,0.0,0.0,6,0,True
SP4_DIAG_wrench_market_motion_safety,open_field_arrival,open_field_arrival_v00,5410,priority_yield,Priority yield,classic,centralized,baseline,priority_release_yield,sp4_motion_baseline,none,centralized_priority_schedule,global_priority_order,0,2,False,False,6,18.0,0,0.28,0.35,0.08,0.12,24.0,inf,1.0,0.0,18.88,20.16,75.92308711527625,12.653847852546042,1.0263655108962537,538.9954151328069,0,0.0,0,1.6759685911027278,18.0,11.442765157680913,0.5246205577340809,0.7523763222613769,0.0,1.676176021913056,6000,16.487399931065738,67.69896668331116,69.57006162581011,-1.8710949424989565,0.003118491570831594,0.003118491570831594,6,0,True
SP4_DIAG_wrench_market_motion_safety,open_field_arrival,open_field_arrival_v00,5410,apf_obstacle_avoidance,APF obstacle avoidance,classic,decentralized,baseline,artificial_potential_field,sp4_motion_baseline,none,local_apf_feedback,local_obstacle_robot_neighbors,0,4,False,False,6,18.0,0,0.28,0.35,0.08,0.12,24.0,inf,1.0,0.0,18.279999999999998,19.919999999999998,75.92308711527625,12.653847852546042,1.0263655108962537,538.9954151328069,0,0.0,0,1.6759685911027278,18.0,11.438118452114713,0.5246205577340809,0.7523763222613769,0.0,1.076176021913055,6000,26.471400051377714,68.65896668331116,69.57006162581011,-0.9110949424989485,0.0015184915708315809,0.0015184915708315809,6,0,True
SP4_DIAG_wrench_market_motion_safety,open_field_arrival,open_field_arrival_v00,5410,velocity_obstacle_proxy,Velocity obstacle proxy,sota,decentralized,baseline,velocity_obstacle_proxy,sp4_motion_sota_proxy,none,local_velocity_obstacle_proxy,local_relative_state_neighbors,0,5,False,False,6,18.0,0,0.28,0.35,0.08,0.12,24.0,inf,1.0,0.0,18.7,20.4,75.95280155812723,12.658800259687872,1.0259639736429582,539.164101748902,0,0.0,0,1.67607902639879,18.0,11.439039503199169,0.5248258814132611,0.7360203152556949,0.0,1.4961760219130549,6000,36.043700063601136,67.97874263972298,69.57006162581011,-1.5913189860871313,0.0026521983101452187,0.0026521983101452187,6,0,True
SP4_DIAG_wrench_market_motion_safety,open_field_arrival,open_field_arrival_v00,5410,cbf_safety_filter,CBF safety filter,sota,centralized,baseline,cbf_velocity_projection_proxy,sp4_motion_sota_proxy,none,centralized_cbf_velocity_projection_proxy,global_relative_state,0,6,False,False,6,18.0,0,0.28,0.35,0.08,0.12,24.0,inf,1.0,0.0,17.9,19.56,75.97946868771609,12.663244781286016,1.0256038827564178,539.3964823037853,0,0.0,0,1.6762541066889867,18.0,11.437270238859206,0.5250101484778608,0.7687323292670589,0.0,0.6961760219130554,6000,34.87510001286864,69.2505520656646,69.57006162581011,-0.31950956014550513,0.0005325159335758419,0.0005325159335758419,6,0,True
SP4_DIAG_wrench_market_motion_safety,open_field_arrival,open_field_arrival_v00,5410,smith_motion_field,Smith-QR motion field,model_based,decentralized,proposed,smith_qr_congestion_field,sp4_motion_proposed,none,distributed_smith_qr_motion_field,local_congestion_price_neighbors,0,6,False,False,6,18.0,0,0.28,0.35,0.08,0.12,24.0,inf,1.0,0.0,17.9,19.56,75.97946868771609,12.663244781286016,1.0256038827564178,539.3964823037853,0,0.0,0,1.6762541066889867,18.0,11.437270238859206,0.5250101484778608,0.7687323292670589,0.0,0.6961760219130554,6000,54.71549998037517,69.2505520656646,69.57006162581011,-0.31950956014550513,0.0005325159335758419,0.0005325159335758419,6,0,True
SP4_DIAG_wrench_market_motion_safety,open_field_arrival,open_field_arrival_v00,5410,replicator_motion_field,Replicator motion field,model_based,decentralized,baseline,replicator_target_congestion_field,sp4_population_motion_family,none,distributed_replicator_motion_field,local_target_obstacle_neighbor_scores,0,5,False,False,6,18.0,0,0.28,0.35,0.08,0.12,24.0,inf,1.0,0.0,18.279999999999998,19.919999999999998,75.89985801110925,12.649976335184874,1.026679629420198,538.8305729882431,0,0.0,0,1.675983617619381,18.0,11.438093860118224,0.5244600470640491,0.7523763222613769,0.0,1.076176021913055,6000,37.23589994478971,68.66572550767354,69.57006162581011,-0.9043361181365697,0.0015072268635609495,0.0015072268635609495,6,0,True
SP4_DIAG_wrench_market_motion_safety,open_field_arrival,open_field_arrival_v00,5410,logit_motion_field,Logit motion field,model_based,decentralized,baseline,logit_softmax_motion_field,sp4_population_motion_family,none,distributed_logit_smoothed_motion_field,local_softmax_flow_scores,0,6,False,False,6,18.0,0,0.28,0.35,0.08,0.12,24.0,inf,1.0,0.0,19.16,20.88,76.01135822013039,12.668559703355065,1.0251736045844546,539.4888264905192,0,0.0,0,1.676496557713929,18.0,11.440180746161367,0.5252305017974737,0.7196643082500127,0.0,1.9561760219130553,6000,42.17269993387163,67.22661292666612,69.57006162581011,-2.343448699143991,0.003905747831906652,0.003905747831906652,6,0,True
SP4_DIAG_wrench_market_motion_safety,open_field_arrival,open_field_arrival_v00,5410,bnn_motion_field,BNN/Brown motion field,model_based,decentralized,baseline,brown_bnn_positive_excess_field,sp4_population_motion_family,none,distributed_bnn_positive_excess_motion_field,local_positive_excess_neighbor_scores,0,6,False,False,6,18.0,0,0.28,0.35,0.08,0.12,24.0,inf,1.0,0.0,19.56,21.36,75.95559507485892,12.65926584580982,1.0259262404447171,539.1723095543686,0,0.0,0,1.6761638318490926,18.0,11.441149448379697,0.5248451843204734,0.7033083012443306,0.0,2.356176021913055,6000,35.75529996305704,66.60204598798737,69.57006162581011,-2.968015637822745,0.004946692729704575,0.004946692729704575,6,0,True
SP4_DIAG_wrench_market_motion_safety,open_field_arrival,open_field_arrival_v00,5410,primal_dual_motion_field,Primal-dual motion field,model_based,decentralized,proposed,primal_dual_barrier_motion_field,sp4_motion_proposed,none,distributed_primal_dual_barrier_motion_field,local_barrier_dual_prices,0,7,False,False,6,18.0,0,0.28,0.35,0.08,0.12,24.0,inf,1.0,0.0,18.679999999999996,20.4,75.9313195457489,12.655219924291485,1.0262542329313964,538.9631360851657,0,0.0,0,1.6762148626082523,18.0,11.439083449762407,0.5246774429639914,0.7360203152556949,0.0,1.4761760219130553,6000,53.391900029964745,68.0174783390836,69.57006162581011,-1.5525832867265166,0.002587638811210861,0.002587638811210861,6,0,True
SP4_DIAG_wrench_market_motion_safety,open_field_arrival,open_field_arrival_v00,5410,pid_safety_motion,PID safety motion,model_based,decentralized,proposed,pid_damped_safety_motion,sp4_motion_proposed,none,distributed_pid_damped_safety_feedback,local_target_error_and_clearance,0,5,False,False,6,18.0,0,0.28,0.35,0.08,0.12,24.0,inf,1.0,0.0,20.58,22.439999999999998,76.01366416876044,12.66894402812674,1.0251425049434242,539.4861463591457,0,0.0,0,1.6761021299639856,18.0,11.443425132570102,0.5252464356603127,0.6705962872329664,0.0,3.3761760219130554,6000,43.835500022396445,64.95413241928125,69.57006162581011,-4.615929206528861,0.0076932153442147684,0.0076932153442147684,6,0,True
SP4_DIAG_wrench_market_motion_safety,open_field_arrival,open_field_arrival_v00,5410,tensor_flow_motion_field,Smooth tensor-flow motion,model_based,decentralized,proposed,smooth_tensor_flow_barrier_motion,sp4_motion_proposed,none,distributed_smooth_tensor_flow_motion_field,local_anisotropic_clearance_tensor,0,8,False,False,6,18.0,0,0.28,0.35,0.08,0.12,24.0,inf,1.0,0.0,19.099999999999998,20.88,75.96028758539188,12.660047930898648,1.025862862989966,539.1847831476637,0,0.0,0,1.6760017705261738,18.0,11.440115570280978,0.5248776090753999,0.7196643082500127,0.0,1.8961760219130548,6000,50.07890006527305,67.33688889973715,69.57006162581011,-2.233172726072965,0.0037219545434549416,0.0037219545434549416,6,0,True
SP4_DIAG_wrench_market_motion_safety,open_field_arrival,open_field_arrival_v00,5410,reference_time_expanded_cbf,Reference time-expanded CBF,model_based_reference,centralized,reference,time_expanded_safe_cbf_reference,sp4_motion_reference,none,centralized_time_expanded_cbf_reference,global_state_and_release_schedule,0,8,False,False,6,18.0,0,0.28,0.35,0.08,0.12,24.0,inf,1.0,0.0,17.7,19.2,75.98301765730898,12.663836276218163,1.0255559794603066,539.367448958193,0,0.0,0,1.675998088532463,18.0,11.438729021210577,0.5250346714849989,0.7850883362727411,0.0,0.49617602191305615,6000,50.60740001499653,69.57006162581011,69.57006162581011,0.0,0.0,0.0,6,0,True
SP4_DIAG_wrench_market_motion_safety,open_field_arrival,open_field_arrival_v00,5411,direct_to_target,Direct to target,classic,decentralized,baseline,direct_single_integrator,sp4_motion_baseline,none,local_target_feedback,none,0,0,False,False,6,18.0,0,0.28,0.35,0.08,0.12,24.0,inf,1.0,0.0,17.939999999999998,20.04,75.67797378984432,12.61299563164072,1.0260707147645431,622.6892977527945,0,0.0,0,1.6661947797652443,18.0,11.422360140716878,0.5229268503996978,0.763008290245208,2.220446049250313e-16,0.0,6000,11.200999957509339,68.41995278870633,66.99112591566079,1.4288268730455371,0.0,0.0,6,0,True
SP4_DIAG_wrench_market_motion_safety,open_field_arrival,open_field_arrival_v00,5411,priority_yield,Priority yield,classic,centralized,baseline,priority_release_yield,sp4_motion_baseline,none,centralized_priority_schedule,global_priority_order,0,2,False,False,6,18.0,0,0.28,0.35,0.08,0.12,24.0,inf,1.0,0.0,20.099999999999998,22.68,75.68172394745243,12.613620657908738,1.0260198712227113,622.5853403505262,0,0.0,0,1.6611445361079085,18.0,11.433840531957197,0.5229527635948902,0.7019676270255913,0.0,1.737690999425921,6000,17.573699937202036,64.9641673280552,66.99112591566079,-2.0269585876055913,0.0033782643126759855,0.0033782643126759855,6,0,True
SP4_DIAG_wrench_market_motion_safety,open_field_arrival,open_field_arrival_v00,5411,apf_obstacle_avoidance,APF obstacle avoidance,classic,decentralized,baseline,artificial_potential_field,sp4_motion_baseline,none,local_apf_feedback,local_obstacle_robot_neighbors,0,4,False,False,6,18.0,0,0.28,0.35,0.08,0.12,24.0,inf,1.0,0.0,19.5,21.72,75.68172394745243,12.613620657908738,1.0260198712227113,622.5853403505262,0,0.0,0,1.6661947797652443,18.0,11.423881468207561,0.5229527635948902,0.7019676270255913,0.0,1.1376909994259201,6000,26.609000051394105,65.9241673280552,66.99112591566079,-1.0669585876055834,0.0017782643126759722,0.0017782643126759722,6,0,True
SP4_DIAG_wrench_market_motion_safety,open_field_arrival,open_field_arrival_v00,5411,velocity_obstacle_proxy,Velocity obstacle proxy,sota,decentralized,baseline,velocity_obstacle_proxy,sp4_motion_sota_proxy,none,local_velocity_obstacle_proxy,local_relative_state_neighbors,0,5,False,False,6,18.0,0,0.28,0.35,0.08,0.12,24.0,inf,1.0,0.0,19.96,22.2,75.74542541239914,12.624237568733191,1.0251569944416319,623.1365787053395,0,0.0,0,1.6661947797652443,18.0,11.424326070802543,0.5233929340270811,0.6867074612206873,0.0,1.5976909994259205,6000,37.73069998715073,65.16864062221879,66.99112591566079,-1.822485293442,0.0030374754890699998,0.0030374754890699998,6,0,True
SP4_DIAG_wrench_market_motion_safety,open_field_arrival,open_field_arrival_v00,5411,cbf_safety_filter,CBF safety filter,sota,centralized,baseline,cbf_velocity_projection_proxy,sp4_motion_sota_proxy,none,centralized_cbf_velocity_projection_proxy,global_relative_state,0,6,False,False,6,18.0,0,0.28,0.35,0.08,0.12,24.0,inf,1.0,0.0,19.12,21.24,75.80570486165523,12.634284143609205,1.0243418064668122,623.654618160205,0,0.0,0,1.6661947797652443,18.0,11.423542339037999,0.5238094586902663,0.7172277928304954,0.0,0.75769099942592,6000,41.531800059601665,66.4941987488338,66.99112591566079,-0.49692716682699256,0.0008282119447116543,0.0008282119447116543,6,0,True
SP4_DIAG_wrench_market_motion_safety,open_field_arrival,open_field_arrival_v00,5411,smith_motion_field,Smith-QR motion field,model_based,decentralized,proposed,smith_qr_congestion_field,sp4_motion_proposed,none,distributed_smith_qr_motion_field,local_congestion_price_neighbors,0,6,False,False,6,18.0,0,0.28,0.35,0.08,0.12,24.0,inf,1.0,0.0,19.12,21.24,75.80570486165523,12.634284143609205,1.0243418064668122,623.654618160205,0,0.0,0,1.6661947797652443,18.0,11.423542339037999,0.5238094586902663,0.7172277928304954,0.0,0.75769099942592,6000,58.412699960172176,66.4941987488338,66.99112591566079,-0.49692716682699256,0.0008282119447116543,0.0008282119447116543,6,0,True
SP4_DIAG_wrench_market_motion_safety,open_field_arrival,open_field_arrival_v00,5411,replicator_motion_field,Replicator motion field,model_based,decentralized,baseline,replicator_target_congestion_field,sp4_population_motion_family,none,distributed_replicator_motion_field,local_target_obstacle_neighbor_scores,0,5,False,False,6,18.0,0,0.28,0.35,0.08,0.12,24.0,inf,1.0,0.0,19.5,21.72,75.66246608792366,12.610411014653943,1.0262810171722865,622.4288105615539,0,0.0,0,1.6661947797652443,18.0,11.423866313481618,0.5228196938082071,0.7019676270255913,0.0,1.1376909994259201,6000,36.28020000178367,65.92996935504125,66.99112591566079,-1.061156560619537,0.0017685942676992283,0.0017685942676992283,6,0,True
SP4_DIAG_wrench_market_motion_safety,open_field_arrival,open_field_arrival_v00,5411,logit_motion_field,Logit motion field,model_based,decentralized,baseline,logit_softmax_motion_field,sp4_population_motion_family,none,distributed_logit_smoothed_motion_field,local_softmax_flow_scores,0,6,False,False,6,18.0,0,0.28,0.35,0.08,0.12,24.0,inf,1.0,0.0,20.400000000000002,22.68,75.68588196834185,12.614313661390307,1.0259635038798653,622.6554703883928,0,0.0,0,1.6661947797652443,18.0,11.42475592454007,0.5229814950825165,0.6714472954157832,0.0,2.0376909994259207,6000,48.40349999722093,64.48255126308085,66.99112591566079,-2.508574652579938,0.004180957754299897,0.004180957754299897,6,0,True
SP4_DIAG_wrench_market_motion_safety,open_field_arrival,open_field_arrival_v00,5411,bnn_motion_field,BNN/Brown motion field,model_based,decentralized,baseline,brown_bnn_positive_excess_field,sp4_population_motion_family,none,distributed_bnn_positive_excess_motion_field,local_positive_excess_neighbor_scores,0,6,False,False,6,18.0,0,0.28,0.35,0.08,0.12,24.0,inf,1.0,0.0,20.84,23.279999999999998,75.64410252888166,12.607350421480277,1.0265301598208536,622.19129368004,0,0.0,0,1.6661947797652443,18.0,11.425180635896815,0.5226928035439584,0.6561871296108788,0.0,2.47769099942592,6000,40.316500002518296,63.79238450684564,66.99112591566079,-3.1987414088151453,0.005331235681358576,0.005331235681358576,6,0,True
SP4_DIAG_wrench_market_motion_safety,open_field_arrival,open_field_arrival_v00,5411,primal_dual_motion_field,Primal-dual motion field,model_based,decentralized,proposed,primal_dual_barrier_motion_field,sp4_motion_proposed,none,distributed_primal_dual_barrier_motion_field,local_barrier_dual_prices,0,7,False,False,6,18.0,0,0.28,0.35,0.08,0.12,24.0,inf,1.0,0.0,19.96,22.2,75.7745804390326,12.629096739838767,1.0247625550491173,623.3734392336751,0,0.0,0,1.6661947797652443,18.0,11.424349821437708,0.5235943921989542,0.6867074612206873,0.0,1.5976909994259205,6000,67.93209991883487,65.15985791107606,66.99112591566079,-1.8312680045847287,0.003052113340974548,0.003052113340974548,6,0,True
SP4_DIAG_wrench_market_motion_safety,open_field_arrival,open_field_arrival_v00,5411,pid_safety_motion,PID safety motion,model_based,decentralized,proposed,pid_damped_safety_motion,sp4_motion_proposed,none,distributed_pid_damped_safety_feedback,local_target_error_and_clearance,0,5,False,False,6,18.0,0,0.28,0.35,0.08,0.12,24.0,inf,0.8333333333333334,0.16666666666666666,21.408,21.84,75.50605396796125,12.584342327993541,1.0284069763654553,620.9884487352045,0,0.0,0,1.6661947797652443,18.0,11.426198252621017,0.5217389024872943,0.6256667980010705,0.0,3.4776909994259206,6000,48.31069998908788,33.0681169730298,66.99112591566079,-33.923008942630986,0.05653834823771831,0.05653834823771831,5,1,False
SP4_DIAG_wrench_market_motion_safety,open_field_arrival,open_field_arrival_v00,5411,tensor_flow_motion_field,Smooth tensor-flow motion,model_based,decentralized,proposed,smooth_tensor_flow_barrier_motion,sp4_motion_proposed,none,distributed_smooth_tensor_flow_motion_field,local_anisotropic_clearance_tensor,0,8,False,False,6,18.0,0,0.28,0.35,0.08,0.12,24.0,inf,1.0,0.0,20.36,22.68,75.66705242678225,12.611175404463708,1.0262188121258635,622.3441626404085,0,0.0,0,1.6661947797652443,18.0,11.424784850026295,0.522851384928014,0.6714472954157831,0.0,1.9976909994259202,6000,70.61459997203201,64.55380683970384,66.99112591566079,-2.4373190759569496,0.0040621984599282495,0.0040621984599282495,6,0,True
SP4_DIAG_wrench_market_motion_safety,open_field_arrival,open_field_arrival_v00,5411,reference_time_expanded_cbf,Reference time-expanded CBF,model_based_reference,centralized,reference,time_expanded_safe_cbf_reference,sp4_motion_reference,none,centralized_time_expanded_cbf_reference,global_state_and_release_schedule,0,8,False,False,6,18.0,0,0.28,0.35,0.08,0.12,24.0,inf,1.0,0.0,18.84,21.0,75.64497031328246,12.607495052213743,1.026518383666326,622.2980615417052,0,0.0,0,1.6621560069263417,18.0,11.424509948077649,0.5226987998430239,0.7324879586353996,0.0,0.47769099942592125,6000,49.450700054876506,66.99112591566079,66.99112591566079,0.0,0.0,0.0,6,0,True
SP4_DIAG_wrench_market_motion_safety,open_field_arrival,open_field_arrival_v00,5412,direct_to_target,Direct to target,classic,decentralized,baseline,direct_single_integrator,sp4_motion_baseline,none,local_target_feedback,none,0,0,False,False,6,18.0,0,0.28,0.35,0.08,0.12,24.0,inf,1.0,0.0,18.099999999999998,19.56,75.80586506407766,12.634310844012944,1.025465405323281,578.691051966967,0,0.0,0,1.6465373258249039,18.0,11.448918721989733,0.5238105656721781,0.7802068284947319,2.220446049250313e-16,0.0,6000,10.796900023706257,68.57579916623325,67.05409078250682,1.521708383726434,0.0,0.0,6,0,True
SP4_DIAG_wrench_market_motion_safety,open_field_arrival,open_field_arrival_v00,5412,priority_yield,Priority yield,classic,centralized,baseline,priority_release_yield,sp4_motion_baseline,none,centralized_priority_schedule,global_priority_order,0,2,False,False,6,18.0,0,0.28,0.35,0.08,0.12,24.0,inf,1.0,0.0,20.259999999999998,22.08,75.76718626974623,12.627864378291038,1.0259889006180023,578.3530902307346,0,0.0,0,1.6435302853906055,18.0,11.455168055990896,0.5235432992657976,0.7177902822151534,0.0,1.7473151735416874,6000,18.973099999129772,65.13168811834848,67.05409078250682,-1.9224026641583407,0.003204004440263901,0.003204004440263901,6,0,True
SP4_DIAG_wrench_market_motion_safety,open_field_arrival,open_field_arrival_v00,5412,apf_obstacle_avoidance,APF obstacle avoidance,classic,decentralized,baseline,artificial_potential_field,sp4_motion_baseline,none,local_apf_feedback,local_obstacle_robot_neighbors,0,4,False,False,6,18.0,0,0.28,0.35,0.08,0.12,24.0,inf,1.0,0.0,19.66,21.24,75.76718626974623,12.627864378291038,1.0259889006180023,578.3530902307346,0,0.0,0,1.646536822671325,18.0,11.45185526703885,0.5235432992657976,0.7177902822151534,0.0,1.1473151735416873,6000,31.375600025057793,66.09168811834849,67.05409078250682,-0.9624026641583328,0.0016040044402638879,0.0016040044402638879,6,0,True
SP4_DIAG_wrench_market_motion_safety,open_field_arrival,open_field_arrival_v00,5412,velocity_obstacle_proxy,Velocity obstacle proxy,sota,decentralized,baseline,velocity_obstacle_proxy,sp4_motion_sota_proxy,none,local_velocity_obstacle_proxy,local_relative_state_neighbors,0,5,False,False,6,18.0,0,0.28,0.35,0.08,0.12,24.0,inf,1.0,0.0,20.080000000000002,21.72,75.72153536970686,12.620255894951143,1.0266074474622382,577.8588454772971,0,0.0,0,1.6465379234252433,18.0,11.452616281939365,0.5232278563412581,0.7021861456452587,0.0,1.5673151735416877,6000,38.17620000336319,65.43467376389151,67.05409078250682,-1.6194170186153087,0.002699028364358848,0.002699028364358848,6,0,True
SP4_DIAG_wrench_market_motion_safety,open_field_arrival,open_field_arrival_v00,5412,cbf_safety_filter,CBF safety filter,sota,centralized,baseline,cbf_velocity_projection_proxy,sp4_motion_sota_proxy,none,centralized_cbf_velocity_projection_proxy,global_relative_state,0,6,False,False,6,18.0,0,0.28,0.35,0.08,0.12,24.0,inf,1.0,0.0,19.259999999999998,20.759999999999998,75.84377549261343,12.640629248768905,1.0249528275578426,578.928329590666,0,0.0,0,1.646536506462886,18.0,11.45116302422008,0.5240725227516132,0.733394418785048,0.0,0.7473151735416875,6000,40.55420006625354,66.70908609571839,67.05409078250682,-0.3450046867884282,0.0005750078113140471,0.0005750078113140471,6,0,True
SP4_DIAG_wrench_market_motion_safety,open_field_arrival,open_field_arrival_v00,5412,smith_motion_field,Smith-QR motion field,model_based,decentralized,proposed,smith_qr_congestion_field,sp4_motion_proposed,none,distributed_smith_qr_motion_field,local_congestion_price_neighbors,0,6,False,False,6,18.0,0,0.28,0.35,0.08,0.12,24.0,inf,1.0,0.0,19.259999999999998,20.759999999999998,75.84377549261343,12.640629248768905,1.0249528275578426,578.928329590666,0,0.0,0,1.646536506462886,18.0,11.45116302422008,0.5240725227516132,0.733394418785048,0.0,0.7473151735416875,6000,57.135700015351176,66.70908609571839,67.05409078250682,-0.3450046867884282,0.0005750078113140471,0.0005750078113140471,6,0,True
SP4_DIAG_wrench_market_motion_safety,open_field_arrival,open_field_arrival_v00,5412,replicator_motion_field,Replicator motion field,model_based,decentralized,baseline,replicator_target_congestion_field,sp4_population_motion_family,none,distributed_replicator_motion_field,local_target_obstacle_neighbor_scores,0,5,False,False,6,18.0,0,0.28,0.35,0.08,0.12,24.0,inf,1.0,0.0,19.68,21.24,75.79848295986118,12.633080493310196,1.0255652766161736,578.4954676482915,0,0.0,0,1.646536822671325,18.0,11.451899649468388,0.5237595561073878,0.7177902822151534,0.0,1.1673151735416873,6000,39.88579998258501,66.05137907234763,67.05409078250682,-1.0027117101591898,0.0016711861835986496,0.0016711861835986496,6,0,True
SP4_DIAG_wrench_market_motion_safety,open_field_arrival,open_field_arrival_v00,5412,logit_motion_field,Logit motion field,model_based,decentralized,baseline,logit_softmax_motion_field,sp4_population_motion_family,none,distributed_logit_smoothed_motion_field,local_softmax_flow_scores,0,6,False,False,6,18.0,0,0.28,0.35,0.08,0.12,24.0,inf,1.0,0.0,20.560000000000002,22.2,75.75496229323225,12.625827048872042,1.0261544562970641,578.0472243798426,0,0.0,0,1.6465369748002665,18.0,11.453617542283808,0.5234588328719755,0.686582009075364,0.0,2.0473151735416875,6000,51.83440004475415,64.65743605169045,67.05409078250682,-2.3966547308163655,0.003994424551360609,0.003994424551360609,6,0,True
SP4_DIAG_wrench_market_motion_safety,open_field_arrival,open_field_arrival_v00,5412,bnn_motion_field,BNN/Brown motion field,model_based,decentralized,baseline,brown_bnn_positive_excess_field,sp4_population_motion_family,none,distributed_bnn_positive_excess_motion_field,local_positive_excess_neighbor_scores,0,6,False,False,6,18.0,0,0.28,0.35,0.08,0.12,24.0,inf,1.0,0.0,21.040000000000003,22.68,75.8037234480017,12.633953908000285,1.025494376897466,578.4245377434574,0,0.0,0,1.6465365027898597,18.0,11.454521932240809,0.5237957673300284,0.6709778725054695,0.0,2.527315173541688,6000,43.0948999710381,63.874935464005034,67.05409078250682,-3.1791553185017847,0.0052985921975029745,0.0052985921975029745,6,0,True
SP4_DIAG_wrench_market_motion_safety,open_field_arrival,open_field_arrival_v00,5412,primal_dual_motion_field,Primal-dual motion field,model_based,decentralized,proposed,primal_dual_barrier_motion_field,sp4_motion_proposed,none,distributed_primal_dual_barrier_motion_field,local_barrier_dual_prices,0,7,False,False,6,18.0,0,0.28,0.35,0.08,0.12,24.0,inf,1.0,0.0,20.080000000000002,21.72,75.74730276124473,12.624550460207454,1.026258220557911,578.0529479788872,0,0.0,0,1.6465379234252433,18.0,11.452657539851476,0.5234059063104253,0.7021861456452587,0.0,1.5673151735416877,6000,61.08230003155768,65.42706391273728,67.05409078250682,-1.6270268697695371,0.002711711449615895,0.002711711449615895,6,0,True
SP4_DIAG_wrench_market_motion_safety,open_field_arrival,open_field_arrival_v00,5412,pid_safety_motion,PID safety motion,model_based,decentralized,proposed,pid_damped_safety_motion,sp4_motion_proposed,none,distributed_pid_damped_safety_feedback,local_target_error_and_clearance,0,5,False,False,6,18.0,0,0.28,0.35,0.08,0.12,24.0,inf,1.0,0.0,22.099999999999998,23.88,75.80498619658073,12.634164366096789,1.025477294359335,578.412818666462,0,0.0,0,1.6465374470347802,18.0,11.456372168058106,0.5238044927900821,0.6397695993656801,0.0,3.5873151735416875,6000,51.10789998434484,62.17877485008762,67.05409078250682,-4.875315932419198,0.008125526554031997,0.008125526554031997,6,0,True
SP4_DIAG_wrench_market_motion_safety,open_field_arrival,open_field_arrival_v00,5412,tensor_flow_motion_field,Smooth tensor-flow motion,model_based,decentralized,proposed,smooth_tensor_flow_barrier_motion,sp4_motion_proposed,none,distributed_smooth_tensor_flow_motion_field,local_anisotropic_clearance_tensor,0,8,False,False,6,18.0,0,0.28,0.35,0.08,0.12,24.0,inf,1.0,0.0,20.540000000000003,22.2,75.78815769033044,12.631359615055073,1.025704998153484,578.2833312491714,0,0.0,0,1.6465369748002665,18.0,11.453551756128412,0.523688209579398,0.686582009075364,0.0,2.027315173541688,6000,54.75719994865358,64.67977199563558,67.05409078250682,-2.3743187868712425,0.003957197978118738,0.003957197978118738,6,0,True
SP4_DIAG_wrench_market_motion_safety,open_field_arrival,open_field_arrival_v00,5412,reference_time_expanded_cbf,Reference time-expanded CBF,model_based_reference,centralized,reference,time_expanded_safe_cbf_reference,sp4_motion_reference,none,centralized_time_expanded_cbf_reference,global_state_and_release_schedule,0,8,False,False,6,18.0,0,0.28,0.35,0.08,0.12,24.0,inf,1.0,0.0,19.039999999999996,20.52,75.8694321803078,12.644905363384632,1.0246062203163964,579.0634137825464,0,0.0,0,1.6465369748002696,18.0,11.451416698458058,0.5242498077688482,0.7489985553549426,0.0,0.5273151735416874,6000,43.67439995985478,67.05409078250682,67.05409078250682,0.0,0.0,0.0,6,0,True
SP4_DIAG_wrench_market_motion_safety,open_field_arrival,open_field_arrival_v00,5413,direct_to_target,Direct to target,classic,decentralized,baseline,direct_single_integrator,sp4_motion_baseline,none,local_target_feedback,none,0,0,False,False,6,18.0,0,0.28,0.35,0.08,0.12,24.0,inf,1.0,0.0,18.139999999999997,19.32,75.54368488550882,12.590614147584803,1.025949325969292,542.7462366240527,0,0.0,0,1.5962380945858659,18.0,11.413474407818896,0.5219989281751576,0.7424674954234848,1.1102230246251565e-16,0.0,6000,9.452500031329691,68.92892695894753,67.41071348751242,1.5182134714351037,0.0,0.0,6,0,True
SP4_DIAG_wrench_market_motion_safety,open_field_arrival,open_field_arrival_v00,5413,priority_yield,Priority yield,classic,centralized,baseline,priority_release_yield,sp4_motion_baseline,none,centralized_priority_schedule,global_priority_order,0,2,False,False,6,18.0,0,0.28,0.35,0.08,0.12,24.0,inf,1.0,0.0,20.3,21.96,75.4952083470811,12.582534724513517,1.026608102506428,542.2567182940377,0,0.0,0,1.5962380945858659,18.0,11.419449311358177,0.5216639603861332,0.6830700957896062,0.0,1.7313302473743584,6000,16.317400033585727,65.48848698070177,67.41071348751242,-1.9222265068106594,0.0032037108446844324,0.0032037108446844324,6,0,True
SP4_DIAG_wrench_market_motion_safety,open_field_arrival,open_field_arrival_v00,5413,apf_obstacle_avoidance,APF obstacle avoidance,classic,decentralized,baseline,artificial_potential_field,sp4_motion_baseline,none,local_apf_feedback,local_obstacle_robot_neighbors,0,4,False,False,6,18.0,0,0.28,0.35,0.08,0.12,24.0,inf,1.0,0.0,19.7,21.0,75.4952083470811,12.582534724513517,1.026608102506428,542.2567182940377,0,0.0,0,1.5962380945858659,18.0,11.413789430081867,0.5216639603861333,0.6830700957896062,0.0,1.1313302473743587,6000,25.08220006711781,66.44848698070177,67.41071348751242,-0.9622265068106515,0.0016037108446844191,0.0016037108446844191,6,0,True
SP4_DIAG_wrench_market_motion_safety,open_field_arrival,open_field_arrival_v00,5413,velocity_obstacle_proxy,Velocity obstacle proxy,sota,decentralized,baseline,velocity_obstacle_proxy,sp4_motion_sota_proxy,none,local_velocity_obstacle_proxy,local_relative_state_neighbors,0,5,False,False,6,18.0,0,0.28,0.35,0.08,0.12,24.0,inf,1.0,0.0,20.16,21.48,75.54967703947433,12.591612839912388,1.0258679537310122,542.7085495900759,0,0.0,0,1.5962380945858659,18.0,11.414027615932078,0.5220403333297008,0.6682207458811363,0.0,1.5913302473743591,6000,37.55419992376119,65.6959855554149,67.41071348751242,-1.7147279320975315,0.0028578798868292192,0.0028578798868292192,6,0,True
SP4_DIAG_wrench_market_motion_safety,open_field_arrival,open_field_arrival_v00,5413,cbf_safety_filter,CBF safety filter,sota,centralized,baseline,cbf_velocity_projection_proxy,sp4_motion_sota_proxy,none,centralized_cbf_velocity_projection_proxy,global_relative_state,0,6,False,False,6,18.0,0,0.28,0.35,0.08,0.12,24.0,inf,1.0,0.0,19.32,20.64,75.6294637845881,12.604910630764683,1.0247856947693748,543.3020662185993,0,0.0,0,1.5962380945858659,18.0,11.413783107317895,0.5225916513584031,0.6979194456980756,0.0,0.7513302473743592,6000,46.000099973753095,67.01649730520462,67.41071348751242,-0.394216182307801,0.0006570269705130017,0.0006570269705130017,6,0,True
SP4_DIAG_wrench_market_motion_safety,open_field_arrival,open_field_arrival_v00,5413,smith_motion_field,Smith-QR motion field,model_based,decentralized,proposed,smith_qr_congestion_field,sp4_motion_proposed,none,distributed_smith_qr_motion_field,local_congestion_price_neighbors,0,6,False,False,6,18.0,0,0.28,0.35,0.08,0.12,24.0,inf,1.0,0.0,19.32,20.64,75.6294637845881,12.604910630764683,1.0247856947693748,543.3020662185993,0,0.0,0,1.5962380945858659,18.0,11.413783107317895,0.5225916513584031,0.6979194456980756,0.0,0.7513302473743592,6000,52.2315000416711,67.01649730520462,67.41071348751242,-0.394216182307801,0.0006570269705130017,0.0006570269705130017,6,0,True
SP4_DIAG_wrench_market_motion_safety,open_field_arrival,open_field_arrival_v00,5413,replicator_motion_field,Replicator motion field,model_based,decentralized,baseline,replicator_target_congestion_field,sp4_population_motion_family,none,distributed_replicator_motion_field,local_target_obstacle_neighbor_scores,0,5,False,False,6,18.0,0,0.28,0.35,0.08,0.12,24.0,inf,1.0,0.0,19.72,21.0,75.52750553816139,12.587917589693566,1.0261691027299231,542.4562187281301,0,0.0,0,1.5962380945858659,18.0,11.41384057408846,0.5218871305843109,0.6830700957896062,0.0,1.1513302473743583,6000,39.25699996761978,66.4073865943232,67.41071348751242,-1.0033268931892252,0.0016722114886487086,0.0016722114886487086,6,0,True
SP4_DIAG_wrench_market_motion_safety,open_field_arrival,open_field_arrival_v00,5413,logit_motion_field,Logit motion field,model_based,decentralized,baseline,logit_softmax_motion_field,sp4_population_motion_family,none,distributed_logit_smoothed_motion_field,local_softmax_flow_scores,0,6,False,False,6,18.0,0,0.28,0.35,0.08,0.12,24.0,inf,1.0,0.0,20.62,21.96,75.52935426256533,12.588225710427556,1.0261439852920566,542.574943594268,0,0.0,0,1.5962380945858659,18.0,11.4140938496867,0.5218999050757706,0.6533713959726666,0.0,2.051330247374359,6000,38.83890004362911,64.96579262629295,67.41071348751242,-2.4449208612194724,0.004074868102032454,0.004074868102032454,6,0,True
SP4_DIAG_wrench_market_motion_safety,open_field_arrival,open_field_arrival_v00,5413,bnn_motion_field,BNN/Brown motion field,model_based,decentralized,baseline,brown_bnn_positive_excess_field,sp4_population_motion_family,none,distributed_bnn_positive_excess_motion_field,local_positive_excess_neighbor_scores,0,6,False,False,6,18.0,0,0.28,0.35,0.08,0.12,24.0,inf,1.0,0.0,21.08,22.56,75.52385054267279,12.587308423778799,1.0262187644382983,542.3341333139441,0,0.0,0,1.5962380945858659,18.0,11.414208201753123,0.5218618749493694,0.6385220460641969,0.0,2.5113302473743584,6000,42.63939999509603,64.23341154747253,67.41071348751242,-3.1773019400398965,0.005295503233399827,0.005295503233399827,6,0,True
SP4_DIAG_wrench_market_motion_safety,open_field_arrival,open_field_arrival_v00,5413,primal_dual_motion_field,Primal-dual motion field,model_based,decentralized,proposed,primal_dual_barrier_motion_field,sp4_motion_proposed,none,distributed_primal_dual_barrier_motion_field,local_barrier_dual_prices,0,7,False,False,6,18.0,0,0.28,0.35,0.08,0.12,24.0,inf,1.0,0.0,20.16,21.48,75.5763322630013,12.596055377166884,1.025506137553949,542.9028541898039,0,0.0,0,1.5962380945858659,18.0,11.414051421320654,0.5222245181246632,0.6682207458811363,0.0,1.5913302473743591,6000,69.09160001669079,65.68817836024168,67.41071348751242,-1.7225351272707456,0.002870891878784576,0.002870891878784576,6,0,True
SP4_DIAG_wrench_market_motion_safety,open_field_arrival,open_field_arrival_v00,5413,pid_safety_motion,PID safety motion,model_based,decentralized,proposed,pid_damped_safety_motion,sp4_motion_proposed,none,distributed_pid_damped_safety_feedback,local_target_error_and_clearance,0,5,False,False,6,18.0,0,0.28,0.35,0.08,0.12,24.0,inf,1.0,0.0,22.14,23.64,75.52650132031526,12.587750220052543,1.0261827469118736,542.3647851421246,0,0.0,0,1.5962380945858659,18.0,11.414479337593525,0.521880191544467,0.6088233462472575,0.0,3.571330247374359,6000,50.56460003834218,62.53652185810939,67.41071348751242,-4.874191629403036,0.008123652715671727,0.008123652715671727,6,0,True
SP4_DIAG_wrench_market_motion_safety,open_field_arrival,open_field_arrival_v00,5413,tensor_flow_motion_field,Smooth tensor-flow motion,model_based,decentralized,proposed,smooth_tensor_flow_barrier_motion,sp4_motion_proposed,none,distributed_smooth_tensor_flow_motion_field,local_anisotropic_clearance_tensor,0,8,False,False,6,18.0,0,0.28,0.35,0.08,0.12,24.0,inf,1.0,0.0,20.58,21.96,75.50908938877745,12.584848231462908,1.0264193783410056,542.333380520007,0,0.0,0,1.5962380945858659,18.0,11.414069136212941,0.5217598769263241,0.6533713959726666,0.0,2.011330247374359,6000,57.38430004566908,65.03666652926889,67.41071348751242,-2.3740469582435395,0.003956744930405899,0.003956744930405899,6,0,True
SP4_DIAG_wrench_market_motion_safety,open_field_arrival,open_field_arrival_v00,5413,reference_time_expanded_cbf,Reference time-expanded CBF,model_based_reference,centralized,reference,time_expanded_safe_cbf_reference,sp4_motion_reference,none,centralized_time_expanded_cbf_reference,global_state_and_release_schedule,0,8,False,False,6,18.0,0,0.28,0.35,0.08,0.12,24.0,inf,1.0,0.0,19.08,20.4,75.59906201473392,12.59984366912232,1.0251978070100816,542.9492869246112,0,0.0,0,1.5962380945858659,18.0,11.412725380929444,0.5223815783218203,0.7127687956065454,0.0,0.5113302473743584,6000,44.75180001463741,67.41071348751242,67.41071348751242,0.0,0.0,0.0,6,0,True
SP4_DIAG_wrench_market_motion_safety,open_field_arrival,open_field_arrival_v00,5414,direct_to_target,Direct to target,classic,decentralized,baseline,direct_single_integrator,sp4_motion_baseline,none,local_target_feedback,none,0,0,False,False,6,18.0,0,0.28,0.35,0.08,0.12,24.0,inf,1.0,0.0,18.04,18.48,76.19374261240563,12.698957102067604,1.0248701852805928,584.826337127448,0,0.0,0,1.5204339155107243,18.0,11.400798565004326,0.5264907587921899,0.7237732806861975,1.1102230246251565e-16,0.0,6000,9.598599979653955,68.52511325399628,67.0975185458785,1.4275947081177804,0.0,0.0,6,0,True
SP4_DIAG_wrench_market_motion_safety,open_field_arrival,open_field_arrival_v00,5414,priority_yield,Priority yield,classic,centralized,baseline,priority_release_yield,sp4_motion_baseline,none,centralized_priority_schedule,global_priority_order,0,2,False,False,6,18.0,0,0.28,0.35,0.08,0.12,24.0,inf,1.0,0.0,20.179999999999996,20.759999999999998,76.11543247092597,12.685905411820995,1.0259246065274046,584.0201305354695,0,0.0,0,1.5204339155107243,18.0,11.405481987309988,0.5259496439395107,0.6658714182313016,0.0,1.7441914684022304,6000,17.754899919964373,65.12640355104159,67.0975185458785,-1.9711149948369098,0.003285191658061516,0.003285191658061516,6,0,True
SP4_DIAG_wrench_market_motion_safety,open_field_arrival,open_field_arrival_v00,5414,apf_obstacle_avoidance,APF obstacle avoidance,classic,decentralized,baseline,artificial_potential_field,sp4_motion_baseline,none,local_apf_feedback,local_obstacle_robot_neighbors,0,4,False,False,6,18.0,0,0.28,0.35,0.08,0.12,24.0,inf,1.0,0.0,19.58,20.04,76.11543247092597,12.685905411820995,1.0259246065274046,584.0201305354695,0,0.0,0,1.5204339155107243,18.0,11.401079908821288,0.5259496439395107,0.6658714182313016,0.0,1.1441914684022312,6000,26.579100056551397,66.08640355104158,67.0975185458785,-1.011114994836916,0.0016851916580615267,0.0016851916580615267,6,0,True
SP4_DIAG_wrench_market_motion_safety,open_field_arrival,open_field_arrival_v00,5414,velocity_obstacle_proxy,Velocity obstacle proxy,sota,decentralized,baseline,velocity_obstacle_proxy,sp4_motion_sota_proxy,none,local_velocity_obstacle_proxy,local_relative_state_neighbors,0,5,False,False,6,18.0,0,0.28,0.35,0.08,0.12,24.0,inf,1.0,0.0,20.02,20.52,76.13069127186058,12.688448545310097,1.0257189814492214,584.1198808204355,0,0.0,0,1.5204339155107243,18.0,11.401148629886114,0.5260550806513307,0.6513959526175777,0.0,1.5841914684022307,6000,39.4481000257656,65.37804911198631,67.0975185458785,-1.7194694338921863,0.0028657823898203105,0.0028657823898203105,6,0,True
SP4_DIAG_wrench_market_motion_safety,open_field_arrival,open_field_arrival_v00,5414,cbf_safety_filter,CBF safety filter,sota,centralized,baseline,cbf_velocity_projection_proxy,sp4_motion_sota_proxy,none,centralized_cbf_velocity_projection_proxy,global_relative_state,0,6,False,False,6,18.0,0,0.28,0.35,0.08,0.12,24.0,inf,1.0,0.0,19.18,19.68,76.19121230315797,12.698535383859662,1.024904221207166,584.6419920340172,0,0.0,0,1.5204339155107243,18.0,11.40100554283904,0.5264732746210478,0.6803468838450256,0.0,0.7441914684022309,6000,40.47800006810576,66.70351337296508,67.0975185458785,-0.39400517291342396,0.0006566752881890399,0.0006566752881890399,6,0,True
SP4_DIAG_wrench_market_motion_safety,open_field_arrival,open_field_arrival_v00,5414,smith_motion_field,Smith-QR motion field,model_based,decentralized,proposed,smith_qr_congestion_field,sp4_motion_proposed,none,distributed_smith_qr_motion_field,local_congestion_price_neighbors,0,6,False,False,6,18.0,0,0.28,0.35,0.08,0.12,24.0,inf,1.0,0.0,19.18,19.68,76.19121230315797,12.698535383859662,1.024904221207166,584.6419920340172,0,0.0,0,1.5204339155107243,18.0,11.40100554283904,0.5264732746210478,0.6803468838450256,0.0,0.7441914684022309,6000,50.88839994277805,66.70351337296508,67.0975185458785,-0.39400517291342396,0.0006566752881890399,0.0006566752881890399,6,0,True
SP4_DIAG_wrench_market_motion_safety,open_field_arrival,open_field_arrival_v00,5414,replicator_motion_field,Replicator motion field,model_based,decentralized,baseline,replicator_target_congestion_field,sp4_population_motion_family,none,distributed_replicator_motion_field,local_target_obstacle_neighbor_scores,0,5,False,False,6,18.0,0,0.28,0.35,0.08,0.12,24.0,inf,1.0,0.0,19.58,20.04,76.09607635756282,12.682679392927136,1.0261855649622742,583.8716458991938,0,0.0,0,1.5204339155107243,18.0,11.401077392618287,0.5258158952291516,0.6658714182313016,0.0,1.1441914684022312,6000,37.09520003758371,66.09214674234424,67.0975185458785,-1.0053718035342598,0.0016756196725570998,0.0016756196725570998,6,0,True
SP4_DIAG_wrench_market_motion_safety,open_field_arrival,open_field_arrival_v00,5414,logit_motion_field,Logit motion field,model_based,decentralized,baseline,logit_softmax_motion_field,sp4_population_motion_family,none,distributed_logit_smoothed_motion_field,local_softmax_flow_scores,0,6,False,False,6,18.0,0,0.28,0.35,0.08,0.12,24.0,inf,1.0,0.0,20.5,21.0,76.16355564079106,12.693925940131843,1.025276386473951,584.3431510947886,0,0.0,0,1.5204339155107243,18.0,11.40122939490619,0.5262821699888827,0.6369204870038538,0.0,2.0641914684022304,6000,35.2949999505654,64.60058624807807,67.0975185458785,-2.496932297800427,0.004161553829667378,0.004161553829667378,6,0,True
SP4_DIAG_wrench_market_motion_safety,open_field_arrival,open_field_arrival_v00,5414,bnn_motion_field,BNN/Brown motion field,model_based,decentralized,baseline,brown_bnn_positive_excess_field,sp4_population_motion_family,none,distributed_bnn_positive_excess_motion_field,local_positive_excess_neighbor_scores,0,6,False,False,6,18.0,0,0.28,0.35,0.08,0.12,24.0,inf,1.0,0.0,20.979999999999997,21.48,76.22115821258674,12.703526368764457,1.024501554943609,584.7565102382939,0,0.0,0,1.5204339155107243,18.0,11.401320627559024,0.5266801977099697,0.6224450213901299,0.0,2.544191468402231,6000,35.646700067445636,63.81578009084799,67.0975185458785,-3.2817384550305135,0.005469564091717522,0.005469564091717522,6,0,True
SP4_DIAG_wrench_market_motion_safety,open_field_arrival,open_field_arrival_v00,5414,primal_dual_motion_field,Primal-dual motion field,model_based,decentralized,proposed,primal_dual_barrier_motion_field,sp4_motion_proposed,none,distributed_primal_dual_barrier_motion_field,local_barrier_dual_prices,0,7,False,False,6,18.0,0,0.28,0.35,0.08,0.12,24.0,inf,1.0,0.0,20.02,20.52,76.15437192739282,12.692395321232135,1.025400028022677,584.304612697345,0,0.0,0,1.5204339155107243,18.0,11.401151075241156,0.5262187114938696,0.6513959526175777,0.0,1.5841914684022307,6000,52.34329996164888,65.37099204900012,67.0975185458785,-1.7265264968783782,0.002877544161463964,0.002877544161463964,6,0,True
SP4_DIAG_wrench_market_motion_safety,open_field_arrival,open_field_arrival_v00,5414,pid_safety_motion,PID safety motion,model_based,decentralized,proposed,pid_damped_safety_motion,sp4_motion_proposed,none,distributed_pid_damped_safety_feedback,local_target_error_and_clearance,0,5,False,False,6,18.0,0,0.28,0.35,0.08,0.12,24.0,inf,1.0,0.0,22.0,22.56,76.1309155406375,12.688485923439584,1.0257159598549084,583.9431325921072,0,0.0,0,1.5204339155107243,18.0,11.401489523165301,0.5260566303250241,0.593494090162682,0.0,3.5641914684022313,6000,48.50459995213896,62.21176725513868,67.0975185458785,-4.885751290739819,0.008142918817899698,0.008142918817899698,6,0,True
SP4_DIAG_wrench_market_motion_safety,open_field_arrival,open_field_arrival_v00,5414,tensor_flow_motion_field,Smooth tensor-flow motion,model_based,decentralized,proposed,smooth_tensor_flow_barrier_motion,sp4_motion_proposed,none,distributed_smooth_tensor_flow_motion_field,local_anisotropic_clearance_tensor,0,8,False,False,6,18.0,0,0.28,0.35,0.08,0.12,24.0,inf,1.0,0.0,20.5,21.0,76.25739194365094,12.709565323941824,1.0240147626095084,585.0677542475187,0,0.0,0,1.5204339155107243,18.0,11.401240078594157,0.5269305689859797,0.6369204870038538,0.0,2.0641914684022304,6000,60.20029995124787,64.5726962299216,67.0975185458785,-2.5248223159568965,0.004208037193261494,0.004208037193261494,6,0,True
SP4_DIAG_wrench_market_motion_safety,open_field_arrival,open_field_arrival_v00,5414,reference_time_expanded_cbf,Reference time-expanded CBF,model_based_reference,centralized,reference,time_expanded_safe_cbf_reference,sp4_motion_reference,none,centralized_time_expanded_cbf_reference,global_state_and_release_schedule,0,8,False,False,6,18.0,0,0.28,0.35,0.08,0.12,24.0,inf,1.0,0.0,18.94,19.439999999999998,76.1536764438205,12.692279407303417,1.025409392624727,584.4672636481,0,0.0,0,1.5204339155107243,18.0,11.40143807644697,0.5262139057754318,0.6948223494587497,0.0,0.5041914684022307,6000,43.925800011493266,67.0975185458785,67.0975185458785,0.0,0.0,0.0,6,0,True
SP4_DIAG_wrench_market_motion_safety,crossing_traffic,crossing_traffic_v00,5400,direct_to_target,Direct to target,classic,decentralized,baseline,direct_single_integrator,sp4_motion_baseline,none,local_target_feedback,none,0,0,False,False,6,18.0,0,0.28,0.35,0.08,0.12,34.0,inf,1.0,0.0,20.88,24.119999999999997,91.68831070969298,15.281385118282165,1.021105138601539,861.1895377882275,15,0.008771929824561403,36,-0.36476027662627786,18.0,12.479498398225152,0.44682412626556045,0.773211327473718,2.220446049250313e-16,0.0,8520,15.215099905617535,36.7560446870379,46.91086300776274,-10.154818320724843,0.01692469720120807,0.01692469720120807,6,0,True
SP4_DIAG_wrench_market_motion_safety,crossing_traffic,crossing_traffic_v00,5400,priority_yield,Priority yield,classic,centralized,baseline,priority_release_yield,sp4_motion_baseline,none,centralized_priority_schedule,global_priority_order,0,2,False,False,6,18.0,0,0.28,0.35,0.08,0.12,34.0,inf,1.0,0.0,23.34,26.279999999999998,91.8374071246551,15.30623452077585,1.0194473923712013,862.4031368409824,44,0.025730994152046785,58,-0.2923779011651648,18.0,12.363859347586502,0.4475507169817505,0.7113544212758206,0.0,2.076132963527233,8520,21.547199925407767,-7.926646900746228,46.91086300776274,-54.83750990850897,0.09139584984751495,0.09139584984751495,6,0,True
SP4_DIAG_wrench_market_motion_safety,crossing_traffic,crossing_traffic_v00,5400,apf_obstacle_avoidance,APF obstacle avoidance,classic,decentralized,baseline,artificial_potential_field,sp4_motion_baseline,none,local_apf_feedback,local_obstacle_robot_neighbors,0,4,False,False,6,18.0,0,0.28,0.35,0.08,0.12,34.0,inf,1.0,0.0,22.7,26.279999999999998,91.69941784618345,15.283236307697242,1.02098145674606,861.2013427565136,17,0.009941520467836258,37,-0.32396691991784454,18.0,12.352860459145804,0.446878254611031,0.7113544212758206,0.0,1.4361329635272326,8520,32.970599946565926,31.03446552346749,46.91086300776274,-15.876397484295254,0.026460662473825423,0.026460662473825423,6,0,True
SP4_DIAG_wrench_market_motion_safety,crossing_traffic,crossing_traffic_v00,5400,velocity_obstacle_proxy,Velocity obstacle proxy,sota,decentralized,baseline,velocity_obstacle_proxy,sp4_motion_sota_proxy,none,local_velocity_obstacle_proxy,local_relative_state_neighbors,0,5,False,False,6,18.0,0,0.28,0.35,0.08,0.12,34.0,inf,1.0,0.0,23.22,26.88,91.73790808194978,15.289651346991631,1.0205530862086796,861.5544327344398,17,0.009941520467836258,38,-0.3123448988773367,18.0,12.319024923019139,0.44706582885940405,0.6958901947263463,0.0,1.9561329635272326,8520,47.837199992500246,30.190466771819633,46.91086300776274,-16.72039623594311,0.027867327059905182,0.027867327059905182,6,0,True
SP4_DIAG_wrench_market_motion_safety,crossing_traffic,crossing_traffic_v00,5400,cbf_safety_filter,CBF safety filter,sota,centralized,baseline,cbf_velocity_projection_proxy,sp4_motion_sota_proxy,none,centralized_cbf_velocity_projection_proxy,global_relative_state,0,6,False,False,6,18.0,0,0.28,0.35,0.08,0.12,34.0,inf,1.0,0.0,25.36,31.08,104.6734302760656,17.4455717126776,0.8944333339266684,985.8021435393728,0,0.0,0,0.1804410404114014,18.0,12.198466568233487,0.5101044360432044,0.726818647825295,0.0,4.096132963527232,8520,59.33860002551228,46.53782390387185,46.91086300776274,-0.3730391038908891,0.0006217318398181486,0.0006217318398181486,6,0,True
SP4_DIAG_wrench_market_motion_safety,crossing_traffic,crossing_traffic_v00,5400,smith_motion_field,Smith-QR motion field,model_based,decentralized,proposed,smith_qr_congestion_field,sp4_motion_proposed,none,distributed_smith_qr_motion_field,local_congestion_price_neighbors,0,6,False,False,6,18.0,0,0.28,0.35,0.08,0.12,34.0,inf,1.0,0.0,26.14,32.64,106.7838584172164,17.79730973620273,0.8767561558748419,1004.0195333013814,8,0.004678362573099415,11,-0.13536689406843477,18.0,12.110712967917703,0.5203891735731788,0.726818647825295,0.0,4.876132963527233,8520,74.22030007001013,33.415285639759965,46.91086300776274,-13.495577368002778,0.022492628946671298,0.022492628946671298,6,0,True
SP4_DIAG_wrench_market_motion_safety,crossing_traffic,crossing_traffic_v00,5400,replicator_motion_field,Replicator motion field,model_based,decentralized,baseline,replicator_target_congestion_field,sp4_population_motion_family,none,distributed_replicator_motion_field,local_target_obstacle_neighbor_scores,0,5,False,False,6,18.0,0,0.28,0.35,0.08,0.12,34.0,inf,1.0,0.0,22.7,26.279999999999998,91.67608268871263,15.279347114785438,1.0212413365573392,860.98076802408,16,0.00935672514619883,37,-0.32565369171168035,18.0,12.351923302138529,0.4467645355200423,0.7113544212758206,0.0,1.4361329635272326,8520,45.05789990071207,32.445313777365236,46.91086300776274,-14.465549230397507,0.02410924871732918,0.02410924871732918,6,0,True
SP4_DIAG_wrench_market_motion_safety,crossing_traffic,crossing_traffic_v00,5400,logit_motion_field,Logit motion field,model_based,decentralized,baseline,logit_softmax_motion_field,sp4_population_motion_family,none,distributed_logit_smoothed_motion_field,local_softmax_flow_scores,0,6,False,False,6,18.0,0,0.28,0.35,0.08,0.12,34.0,inf,1.0,0.0,23.74,27.48,91.68739646824551,15.281232744707586,1.0211153203350802,860.985405791652,17,0.009941520467836258,38,-0.3171124232209458,18.0,12.279857794700034,0.4468196708978829,0.6804259681768718,0.0,2.476132963527233,8520,55.49619998782873,29.375269596262456,46.91086300776274,-17.535593411500287,0.029225989019167144,0.029225989019167144,6,0,True
SP4_DIAG_wrench_market_motion_safety,crossing_traffic,crossing_traffic_v00,5400,bnn_motion_field,BNN/Brown motion field,model_based,decentralized,baseline,brown_bnn_positive_excess_field,sp4_population_motion_family,none,distributed_bnn_positive_excess_motion_field,local_positive_excess_neighbor_scores,0,6,False,False,6,18.0,0,0.28,0.35,0.08,0.12,34.0,inf,1.0,0.0,24.279999999999998,28.08,91.71326968771544,15.285544947952573,1.020827253614996,861.2090670364377,16,0.00935672514619883,40,-0.30713103630018285,18.0,12.242401890111834,0.4469457587120629,0.6649617416273976,0.0,3.0161329635272325,8520,48.778099939227104,29.906849647461033,46.91086300776274,-17.00401336030171,0.028340022267169515,0.028340022267169515,6,0,True
SP4_DIAG_wrench_market_motion_safety,crossing_traffic,crossing_traffic_v00,5400,primal_dual_motion_field,Primal-dual motion field,model_based,decentralized,proposed,primal_dual_barrier_motion_field,sp4_motion_proposed,none,distributed_primal_dual_barrier_motion_field,local_barrier_dual_prices,0,7,False,False,6,18.0,0,0.28,0.35,0.08,0.12,34.0,inf,1.0,0.0,26.86,33.24,105.84943399132013,17.64157233188669,0.8844960401303548,996.6238649517461,0,0.0,0,0.10297036047668995,18.0,12.088797709576836,0.5158354483007799,0.6958901947263463,0.0,5.596132963527233,8520,77.45829992927611,43.770885872392114,46.91086300776274,-3.1399771353706285,0.005233295225617714,0.005233295225617714,6,0,True
SP4_DIAG_wrench_market_motion_safety,crossing_traffic,crossing_traffic_v00,5400,pid_safety_motion,PID safety motion,model_based,decentralized,proposed,pid_damped_safety_motion,sp4_motion_proposed,none,distributed_pid_damped_safety_feedback,local_target_error_and_clearance,0,5,False,False,6,18.0,0,0.28,0.35,0.08,0.12,34.0,inf,0.8333333333333334,0.16666666666666666,28.272000000000002,33.12,104.6098167029017,17.434969450483617,0.8949772417751027,982.5680756044627,10,0.005847953216374269,13,-0.1337747247860105,18.0,11.870881723208273,0.509794428376714,0.6340332885284488,0.0,7.962799630193899,8520,68.41449998319149,-2.804261483314596,46.91086300776274,-49.71512449107734,0.08285854081846224,0.08285854081846224,5,1,False
SP4_DIAG_wrench_market_motion_safety,crossing_traffic,crossing_traffic_v00,5400,tensor_flow_motion_field,Smooth tensor-flow motion,model_based,decentralized,proposed,smooth_tensor_flow_barrier_motion,sp4_motion_proposed,none,distributed_smooth_tensor_flow_motion_field,local_anisotropic_clearance_tensor,0,8,False,False,6,18.0,0,0.28,0.35,0.08,0.12,34.0,inf,0.8333333333333334,0.16666666666666666,26.183999999999997,31.68,106.11645285382042,17.686075475636738,0.882270399146605,999.3381561485562,0,0.0,0,0.1510717857969629,18.0,12.054411178784438,0.5171367098139406,0.6804259681768718,0.0,6.2227996301939,8520,75.24529995862395,13.515665477340606,46.91086300776274,-33.39519753042214,0.055658662550703564,0.055658662550703564,5,1,False
SP4_DIAG_wrench_market_motion_safety,crossing_traffic,crossing_traffic_v00,5400,reference_time_expanded_cbf,Reference time-expanded CBF,model_based_reference,centralized,reference,time_expanded_safe_cbf_reference,sp4_motion_reference,none,centralized_time_expanded_cbf_reference,global_state_and_release_schedule,0,8,False,False,6,18.0,0,0.28,0.35,0.08,0.12,34.0,inf,1.0,0.0,25.08,30.36,104.92235272125215,17.48705878687536,0.8923113405976694,987.8219393561778,0,0.0,0,0.2067235441686205,18.0,12.226627803431743,0.511317508388168,0.7422828743747693,0.0,3.816132963527233,8520,74.93410003371537,46.91086300776274,46.91086300776274,0.0,0.0,0.0,6,0,True
SP4_DIAG_wrench_market_motion_safety,crossing_traffic,crossing_traffic_v00,5401,direct_to_target,Direct to target,classic,decentralized,baseline,direct_single_integrator,sp4_motion_baseline,none,local_target_feedback,none,0,0,False,False,6,18.0,0,0.28,0.35,0.08,0.12,34.0,inf,1.0,0.0,20.48,21.96,91.5896898942349,15.264948315705816,1.0208463455040344,694.8871402912293,93,0.054385964912280704,114,-0.4831394019188327,18.0,12.477236304356428,0.4463435180030935,0.8120343518122058,2.220446049250313e-16,0.0,8520,14.212399953976274,-70.39291896911767,49.03635435657789,-119.42927332569556,0.19904878887615926,0.19904878887615926,6,0,True
SP4_DIAG_wrench_market_motion_safety,crossing_traffic,crossing_traffic_v00,5401,priority_yield,Priority yield,classic,centralized,baseline,priority_release_yield,sp4_motion_baseline,none,centralized_priority_schedule,global_priority_order,0,2,False,False,6,18.0,0,0.28,0.35,0.08,0.12,34.0,inf,1.0,0.0,23.179999999999996,25.2,92.82430237193124,15.47071706198854,1.0072685474084453,704.7806850112825,124,0.07251461988304093,147,-0.5022556016901418,18.0,12.332954075684702,0.4523601480113616,0.7470716036672295,0.0,2.3359771793954045,8520,24.497299920767546,-118.59224109123593,49.03635435657789,-167.62859544781384,0.27938099241302305,0.27938099241302305,6,0,True
SP4_DIAG_wrench_market_motion_safety,crossing_traffic,crossing_traffic_v00,5401,apf_obstacle_avoidance,APF obstacle avoidance,classic,decentralized,baseline,artificial_potential_field,sp4_motion_baseline,none,local_apf_feedback,local_obstacle_robot_neighbors,0,4,False,False,6,18.0,0,0.28,0.35,0.08,0.12,34.0,inf,1.0,0.0,22.26,23.88,91.59289587042564,15.26548264507094,1.0208106133760457,694.8018783817898,103,0.06023391812865497,120,-0.5013659041479814,18.0,12.35107664995927,0.4463591416687415,0.7470716036672295,0.0,1.4159771793954044,8520,35.51570000126958,-87.27585938408349,49.03635435657789,-136.31221374066138,0.2271870229011023,0.2271870229011023,6,0,True
SP4_DIAG_wrench_market_motion_safety,crossing_traffic,crossing_traffic_v00,5401,velocity_obstacle_proxy,Velocity obstacle proxy,sota,decentralized,baseline,velocity_obstacle_proxy,sp4_motion_sota_proxy,none,local_velocity_obstacle_proxy,local_relative_state_neighbors,0,5,False,False,6,18.0,0,0.28,0.35,0.08,0.12,34.0,inf,1.0,0.0,22.74,24.36,91.55844772584646,15.259741287641077,1.021194685326488,694.3171740208454,105,0.06140350877192982,123,-0.5111618692600622,18.0,12.31437820432218,0.4461912657205,0.7308309166309853,0.0,1.8959771793954043,8520,47.7667999221012,-90.83845129252624,49.03635435657789,-139.87480564910413,0.23312467608184023,0.23312467608184023,6,0,True
SP4_DIAG_wrench_market_motion_safety,crossing_traffic,crossing_traffic_v00,5401,cbf_safety_filter,CBF safety filter,sota,centralized,baseline,cbf_velocity_projection_proxy,sp4_motion_sota_proxy,none,centralized_cbf_velocity_projection_proxy,global_relative_state,0,6,False,False,6,18.0,0,0.28,0.35,0.08,0.12,34.0,inf,1.0,0.0,25.279999999999998,28.56,106.22241146812239,17.703735244687063,0.8802191451136162,800.2520726202681,0,0.0,0,0.13663174895519004,18.0,12.133648216124918,0.5176530773300315,0.7633122907034735,0.0,4.435977179395404,8520,60.65969995688647,48.18054875081038,49.03635435657789,-0.8558056057675074,0.001426342676279179,0.001426342676279179,6,0,True
SP4_DIAG_wrench_market_motion_safety,crossing_traffic,crossing_traffic_v00,5401,smith_motion_field,Smith-QR motion field,model_based,decentralized,proposed,smith_qr_congestion_field,sp4_motion_proposed,none,distributed_smith_qr_motion_field,local_congestion_price_neighbors,0,6,False,False,6,18.0,0,0.28,0.35,0.08,0.12,34.0,inf,1.0,0.0,26.22,29.88,109.96842737324232,18.32807122887372,0.8502349487733767,829.5963902987229,0,0.0,0,0.14889882662236054,18.0,12.141439497749445,0.5359085154641439,0.7633122907034736,0.0,5.375977179395403,8520,76.7547000432387,45.55898207489946,49.03635435657789,-3.477372281678427,0.005795620469464045,0.005795620469464045,6,0,True
SP4_DIAG_wrench_market_motion_safety,crossing_traffic,crossing_traffic_v00,5401,replicator_motion_field,Replicator motion field,model_based,decentralized,baseline,replicator_target_congestion_field,sp4_population_motion_family,none,distributed_replicator_motion_field,local_target_obstacle_neighbor_scores,0,5,False,False,6,18.0,0,0.28,0.35,0.08,0.12,34.0,inf,1.0,0.0,22.28,23.88,91.6205116206666,15.270085270111101,1.0205029262605334,694.8935929172164,103,0.06023391812865497,120,-0.5047689180112691,18.0,12.352400722039182,0.4464937213482785,0.7470716036672295,0.0,1.435977179395404,8520,47.00050002429634,-87.31485199449077,49.03635435657789,-136.35120635106864,0.2272520105851144,0.2272520105851144,6,0,True
SP4_DIAG_wrench_market_motion_safety,crossing_traffic,crossing_traffic_v00,5401,logit_motion_field,Logit motion field,model_based,decentralized,baseline,logit_softmax_motion_field,sp4_population_motion_family,none,distributed_logit_smoothed_motion_field,local_softmax_flow_scores,0,6,False,False,6,18.0,0,0.28,0.35,0.08,0.12,34.0,inf,1.0,0.0,23.26,24.96,91.53746223145707,15.256243705242845,1.0214288001338792,694.2239333515623,106,0.06198830409356725,126,-0.5080107723350842,18.0,12.27679962388928,0.4460889972293228,0.7145902295947412,0.0,2.4159771793954037,8520,47.49079991597682,-93.06841084899759,49.03635435657789,-142.10476520557546,0.23684127534262578,0.23684127534262578,6,0,True
SP4_DIAG_wrench_market_motion_safety,crossing_traffic,crossing_traffic_v00,5401,bnn_motion_field,BNN/Brown motion field,model_based,decentralized,baseline,brown_bnn_positive_excess_field,sp4_population_motion_family,none,distributed_bnn_positive_excess_motion_field,local_positive_excess_neighbor_scores,0,6,False,False,6,18.0,0,0.28,0.35,0.08,0.12,34.0,inf,1.0,0.0,23.799999999999997,25.56,91.59171784824636,15.26528630804106,1.0208237427022735,694.520424677293,111,0.06491228070175438,130,-0.517203061578186,18.0,12.240027015468742,0.4463534008199133,0.698349542558497,0.0,2.955977179395404,8520,61.150799971073866,-100.96485585759766,49.03635435657789,-150.00121021417556,0.25000201702362596,0.25000201702362596,6,0,True
SP4_DIAG_wrench_market_motion_safety,crossing_traffic,crossing_traffic_v00,5401,primal_dual_motion_field,Primal-dual motion field,model_based,decentralized,proposed,primal_dual_barrier_motion_field,sp4_motion_proposed,none,distributed_primal_dual_barrier_motion_field,local_barrier_dual_prices,0,7,False,False,6,18.0,0,0.28,0.35,0.08,0.12,34.0,inf,1.0,0.0,26.479999999999993,29.64,106.39004199023597,17.731673665039327,0.8788322522041905,805.595171480434,0,0.0,0,0.15995206012184626,18.0,12.043313621834884,0.5184699902058297,0.7308309166309853,0.0,5.635977179395404,8520,81.68569998815656,46.170239047343756,49.03635435657789,-2.8661153092341323,0.004776858848723553,0.004776858848723553,6,0,True
SP4_DIAG_wrench_market_motion_safety,crossing_traffic,crossing_traffic_v00,5401,pid_safety_motion,PID safety motion,model_based,decentralized,proposed,pid_damped_safety_motion,sp4_motion_proposed,none,distributed_pid_damped_safety_feedback,local_target_error_and_clearance,0,5,False,False,6,18.0,0,0.28,0.35,0.08,0.12,34.0,inf,1.0,0.0,29.759999999999994,33.72,108.5808698607628,18.096811643460466,0.8611001213590814,818.9876940859743,0,0.0,0,0.21658558563098396,18.0,11.842354591585842,0.52914653928247,0.6658681684860089,0.0,8.915977179395405,8520,73.61910003237426,40.30633168977245,49.03635435657789,-8.73002266680544,0.014550037778009065,0.014550037778009065,6,0,True
SP4_DIAG_wrench_market_motion_safety,crossing_traffic,crossing_traffic_v00,5401,tensor_flow_motion_field,Smooth tensor-flow motion,model_based,decentralized,proposed,smooth_tensor_flow_barrier_motion,sp4_motion_proposed,none,distributed_smooth_tensor_flow_motion_field,local_anisotropic_clearance_tensor,0,8,False,False,6,18.0,0,0.28,0.35,0.08,0.12,34.0,inf,1.0,0.0,27.459999999999997,32.16,108.0632363028754,18.010539383812567,0.8652248758525254,812.0198114443806,0,0.0,0,0.1781397151946974,18.0,11.986400937684007,0.5266239585910109,0.7145902295947412,0.0,6.615977179395403,8520,87.74240000639111,44.1698898989236,49.03635435657789,-4.866464457654288,0.00811077409609048,0.00811077409609048,6,0,True
SP4_DIAG_wrench_market_motion_safety,crossing_traffic,crossing_traffic_v00,5401,reference_time_expanded_cbf,Reference time-expanded CBF,model_based_reference,centralized,reference,time_expanded_safe_cbf_reference,sp4_motion_reference,none,centralized_time_expanded_cbf_reference,global_state_and_release_schedule,0,8,False,False,6,18.0,0,0.28,0.35,0.08,0.12,34.0,inf,1.0,0.0,24.840000000000003,27.0,105.62758460748401,17.60459743458067,0.8851759752135127,798.1577029775627,0,0.0,0,0.12993960532599858,18.0,12.171779804240723,0.5147543109526517,0.7795529777397177,0.0,3.9959771793954046,8520,65.92249998357147,49.03635435657789,49.03635435657789,0.0,0.0,0.0,6,0,True
SP4_DIAG_wrench_market_motion_safety,crossing_traffic,crossing_traffic_v00,5402,direct_to_target,Direct to target,classic,decentralized,baseline,direct_single_integrator,sp4_motion_baseline,none,local_target_feedback,none,0,0,False,False,6,18.0,0,0.28,0.35,0.08,0.12,34.0,inf,1.0,0.0,20.259999999999998,22.2,91.800940219992,15.300156703332,1.0213034478090468,694.6055890393787,54,0.031578947368421054,85,-0.3544245471107435,18.0,12.499861312777472,0.4473730030214034,0.8214675611490792,2.220446049250313e-16,0.0,8520,22.082499926909804,-15.347736423002559,40.35812260839502,-55.70585903139758,0.09284309838566264,0.09284309838566264,6,0,True
SP4_DIAG_wrench_market_motion_safety,crossing_traffic,crossing_traffic_v00,5402,priority_yield,Priority yield,classic,centralized,baseline,priority_release_yield,sp4_motion_baseline,none,centralized_priority_schedule,global_priority_order,0,2,False,False,6,18.0,0,0.28,0.35,0.08,0.12,34.0,inf,1.0,0.0,22.799999999999997,25.32,92.53313861333847,15.422189768889744,1.0132220538910284,700.5876184142734,88,0.05146198830409357,105,-0.43480735830621786,18.0,12.3667964365074,0.4509412213125652,0.7557501562571528,0.0,2.16883427837243,8520,22.413200000301003,-67.35193860890176,40.35812260839502,-107.71006121729678,0.17951676869549463,0.17951676869549463,6,0,True
SP4_DIAG_wrench_market_motion_safety,crossing_traffic,crossing_traffic_v00,5402,apf_obstacle_avoidance,APF obstacle avoidance,classic,decentralized,baseline,artificial_potential_field,sp4_motion_baseline,none,local_apf_feedback,local_obstacle_robot_neighbors,0,4,False,False,6,18.0,0,0.28,0.35,0.08,0.12,34.0,inf,1.0,0.0,22.06,24.119999999999997,91.90678693309422,15.31779782218237,1.0201272385579363,695.387601813248,58,0.03391812865497076,95,-0.34411978416089817,18.0,12.379364430251233,0.4478888252100103,0.7557501562571528,0.0,1.4288342783724293,8520,38.59180002473295,-23.87287791534303,40.35812260839502,-64.23100052373805,0.10705166753956341,0.10705166753956341,6,0,True
SP4_DIAG_wrench_market_motion_safety,crossing_traffic,crossing_traffic_v00,5402,velocity_obstacle_proxy,Velocity obstacle proxy,sota,decentralized,baseline,velocity_obstacle_proxy,sp4_motion_sota_proxy,none,local_velocity_obstacle_proxy,local_relative_state_neighbors,0,5,False,False,6,18.0,0,0.28,0.35,0.08,0.12,34.0,inf,1.0,0.0,22.5,24.599999999999998,91.77669566637852,15.29611594439642,1.0215732444716557,694.3193024222528,61,0.03567251461988304,98,-0.342447054547553,18.0,12.339318183754486,0.44725485217533384,0.7393208050341712,0.0,1.8688342783724294,8520,50.445100059732795,-28.7481011585451,40.35812260839502,-69.10622376694012,0.11517703961156686,0.11517703961156686,6,0,True
SP4_DIAG_wrench_market_motion_safety,crossing_traffic,crossing_traffic_v00,5402,cbf_safety_filter,CBF safety filter,sota,centralized,baseline,cbf_velocity_projection_proxy,sp4_motion_sota_proxy,none,centralized_cbf_velocity_projection_proxy,global_relative_state,0,6,False,False,6,18.0,0,0.28,0.35,0.08,0.12,34.0,inf,1.0,0.0,25.76,29.04,109.35507628929264,18.22584604821544,0.8573595295271179,823.8334020862361,0,0.0,4,0.03011863731684339,18.0,12.120285482466205,0.5329194750940184,0.7721795074801344,0.0,5.1288342783724294,8520,60.226700035855174,46.48754919549325,40.35812260839502,6.12942658709823,0.0,0.0,6,0,True
SP4_DIAG_wrench_market_motion_safety,crossing_traffic,crossing_traffic_v00,5402,smith_motion_field,Smith-QR motion field,model_based,decentralized,proposed,smith_qr_congestion_field,sp4_motion_proposed,none,distributed_smith_qr_motion_field,local_congestion_price_neighbors,0,6,False,False,6,18.0,0,0.28,0.35,0.08,0.12,34.0,inf,1.0,0.0,25.86,31.32,110.12499058618155,18.354165097696924,0.8513654916993435,834.7590513045659,0,0.0,0,0.2770070128165858,18.0,12.105475802931773,0.5366714940847052,0.7721795074801344,0.0,5.22883427837243,8520,72.06280005630106,46.048911557994394,40.35812260839502,5.690788949599373,0.0,0.0,6,0,True
SP4_DIAG_wrench_market_motion_safety,crossing_traffic,crossing_traffic_v00,5402,replicator_motion_field,Replicator motion field,model_based,decentralized,baseline,replicator_target_congestion_field,sp4_population_motion_family,none,distributed_replicator_motion_field,local_target_obstacle_neighbor_scores,0,5,False,False,6,18.0,0,0.28,0.35,0.08,0.12,34.0,inf,1.0,0.0,22.06,24.119999999999997,91.88076571203442,15.313460952005736,1.020416145122634,695.1897355741518,59,0.03450292397660819,96,-0.34429438737300155,18.0,12.378295130026931,0.4477620161405181,0.7557501562571528,0.0,1.4288342783724293,8520,42.0711999759078,-25.268683356248747,40.35812260839502,-65.62680596464376,0.10937800994107294,0.10937800994107294,6,0,True
SP4_DIAG_wrench_market_motion_safety,crossing_traffic,crossing_traffic_v00,5402,logit_motion_field,Logit motion field,model_based,decentralized,baseline,logit_softmax_motion_field,sp4_population_motion_family,none,distributed_logit_smoothed_motion_field,local_softmax_flow_scores,0,6,False,False,6,18.0,0,0.28,0.35,0.08,0.12,34.0,inf,1.0,0.0,23.039999999999996,25.2,91.81688880365392,15.302814800608987,1.0211260475105415,694.6367142944115,62,0.03625730994152047,99,-0.33848389752838576,18.0,12.304572842739818,0.4474507251640058,0.7228914538111897,0.0,2.4088342783724297,8520,49.674500012770295,-31.0276265393971,40.35812260839502,-71.38574914779213,0.11897624857965354,0.11897624857965354,6,0,True
SP4_DIAG_wrench_market_motion_safety,crossing_traffic,crossing_traffic_v00,5402,bnn_motion_field,BNN/Brown motion field,model_based,decentralized,baseline,brown_bnn_positive_excess_field,sp4_population_motion_family,none,distributed_bnn_positive_excess_motion_field,local_positive_excess_neighbor_scores,0,6,False,False,6,18.0,0,0.28,0.35,0.08,0.12,34.0,inf,1.0,0.0,23.580000000000002,25.8,91.88664283662914,15.314440472771523,1.0203508786961086,695.0099634511413,68,0.03976608187134503,102,-0.3389876846600339,18.0,12.269032745951604,0.4477906570985826,0.7064621025882081,0.0,2.94883427837243,8520,47.20949998591095,-40.331757549797906,40.35812260839502,-80.68988015819292,0.1344831335969882,0.1344831335969882,6,0,True
SP4_DIAG_wrench_market_motion_safety,crossing_traffic,crossing_traffic_v00,5402,primal_dual_motion_field,Primal-dual motion field,model_based,decentralized,proposed,primal_dual_barrier_motion_field,sp4_motion_proposed,none,distributed_primal_dual_barrier_motion_field,local_barrier_dual_prices,0,7,False,False,6,18.0,0,0.28,0.35,0.08,0.12,34.0,inf,1.0,0.0,26.92,29.759999999999998,109.4977959112698,18.2496326518783,0.8562420455911693,821.7525873236152,14,0.008187134502923977,16,-0.347665632103222,18.0,11.956537248972873,0.5336149898210024,0.7393208050341712,0.0,6.28883427837243,8520,81.47500001359731,24.971836219266937,40.35812260839502,-15.386286389128085,0.025643810648546806,0.025643810648546806,6,0,True
SP4_DIAG_wrench_market_motion_safety,crossing_traffic,crossing_traffic_v00,5402,pid_safety_motion,PID safety motion,model_based,decentralized,proposed,pid_damped_safety_motion,sp4_motion_proposed,none,distributed_pid_damped_safety_feedback,local_target_error_and_clearance,0,5,False,False,6,18.0,0,0.28,0.35,0.08,0.12,34.0,inf,0.5,0.5,28.12,33.6,114.50383992302005,19.083973320503343,0.8188076209655658,860.4548983601051,0,0.0,0,0.30146652156302445,18.0,11.482650734555625,0.5580109158041914,0.6736034001422448,0.0,10.42883427837243,8520,72.22590001765639,-50.99139376666545,40.35812260839502,-91.34951637506047,0.15224919395843411,0.15224919395843411,3,3,False
SP4_DIAG_wrench_market_motion_safety,crossing_traffic,crossing_traffic_v00,5402,tensor_flow_motion_field,Smooth tensor-flow motion,model_based,decentralized,proposed,smooth_tensor_flow_barrier_motion,sp4_motion_proposed,none,distributed_smooth_tensor_flow_motion_field,local_anisotropic_clearance_tensor,0,8,False,False,6,18.0,0,0.28,0.35,0.08,0.12,34.0,inf,1.0,0.0,27.539999999999996,30.48,109.54852724267057,18.25808787377843,0.8558455245235886,823.0558113048821,12,0.007017543859649123,15,-0.24497521628611102,18.0,11.941603609717088,0.5338622185315336,0.7228914538111896,0.0,6.908834278372431,8520,82.98639999702573,26.76266063040577,40.35812260839502,-13.595461977989252,0.022659103296648754,0.022659103296648754,6,0,True
SP4_DIAG_wrench_market_motion_safety,crossing_traffic,crossing_traffic_v00,5402,reference_time_expanded_cbf,Reference time-expanded CBF,model_based_reference,centralized,reference,time_expanded_safe_cbf_reference,sp4_motion_reference,none,centralized_time_expanded_cbf_reference,global_state_and_release_schedule,0,8,False,False,6,18.0,0,0.28,0.35,0.08,0.12,34.0,inf,1.0,0.0,25.3,27.48,108.81243149250594,18.13540524875099,0.8616351594463467,820.5598603604541,5,0.0029239766081871343,22,-0.022484576523399302,18.0,12.17380866788554,0.5302750072734209,0.7886088587031158,0.0,4.66883427837243,8520,71.52370002586395,40.35812260839502,40.35812260839502,0.0,0.0,0.0,6,0,True
SP4_DIAG_wrench_market_motion_safety,crossing_traffic,crossing_traffic_v00,5403,direct_to_target,Direct to target,classic,decentralized,baseline,direct_single_integrator,sp4_motion_baseline,none,local_target_feedback,none,0,0,False,False,6,18.0,0,0.28,0.35,0.08,0.12,34.0,inf,1.0,0.0,20.98,25.2,91.65176461992306,15.27529410332051,1.0202235343919546,741.0946773590348,33,0.01929824561403509,39,-0.28739743890303593,18.0,12.496963316609023,0.44664602641288026,0.8921941274795447,2.220446049250313e-16,0.0,8520,13.791000004857779,12.541875536342355,50.46621793280721,-37.92434239646486,0.06320723732744143,0.06320723732744143,6,0,True
SP4_DIAG_wrench_market_motion_safety,crossing_traffic,crossing_traffic_v00,5403,priority_yield,Priority yield,classic,centralized,baseline,priority_release_yield,sp4_motion_baseline,none,centralized_priority_schedule,global_priority_order,0,2,False,False,6,18.0,0,0.28,0.35,0.08,0.12,34.0,inf,1.0,0.0,23.400000000000002,28.56,91.685434180521,15.2809056967535,1.0198488786091502,741.1209272224958,37,0.021637426900584796,44,-0.5470808165936284,18.0,12.373488636876276,0.4468101080922073,0.8208185972811812,0.0,2.0682129936884266,8520,19.642399973236024,3.048170646656911,50.46621793280721,-47.4180472861503,0.0790300788102505,0.0790300788102505,6,0,True
SP4_DIAG_wrench_market_motion_safety,crossing_traffic,crossing_traffic_v00,5403,apf_obstacle_avoidance,APF obstacle avoidance,classic,decentralized,baseline,artificial_potential_field,sp4_motion_baseline,none,local_apf_feedback,local_obstacle_robot_neighbors,0,4,False,False,6,18.0,0,0.28,0.35,0.08,0.12,34.0,inf,1.0,0.0,22.78,27.36,91.5892264571144,15.264871076185734,1.0209201545946036,740.4270971373231,35,0.02046783625730994,41,-0.29837407708112706,18.0,12.368407845143942,0.4463412595375941,0.8208185972811812,0.0,1.4482129936884263,8520,42.13680000975728,6.875292190517735,50.46621793280721,-43.59092574228948,0.0726515429038158,0.0726515429038158,6,0,True
SP4_DIAG_wrench_market_motion_safety,crossing_traffic,crossing_traffic_v00,5403,velocity_obstacle_proxy,Velocity obstacle proxy,sota,decentralized,baseline,velocity_obstacle_proxy,sp4_motion_sota_proxy,none,local_velocity_obstacle_proxy,local_relative_state_neighbors,0,5,False,False,6,18.0,0,0.28,0.35,0.08,0.12,34.0,inf,1.0,0.0,23.28,27.959999999999997,91.57067864718981,15.261779774531634,1.0211269438557007,740.2417285335309,35,0.02046783625730994,43,-0.3015970505114581,18.0,12.33267251391656,0.44625087060034035,0.8029747147315904,0.0,1.9482129936884263,8520,52.93709994293749,6.081226394739063,50.46621793280721,-44.38499153806815,0.07397498589678025,0.07397498589678025,6,0,True
SP4_DIAG_wrench_market_motion_safety,crossing_traffic,crossing_traffic_v00,5403,cbf_safety_filter,CBF safety filter,sota,centralized,baseline,cbf_velocity_projection_proxy,sp4_motion_sota_proxy,none,centralized_cbf_velocity_projection_proxy,global_relative_state,0,6,False,False,6,18.0,0,0.28,0.35,0.08,0.12,34.0,inf,1.0,0.0,24.72,30.959999999999997,101.20595816594965,16.867659694324942,0.9239108934720494,820.211231706315,0,0.0,0,0.3259696515101338,18.0,12.234185833080913,0.49320642381067087,0.8386624798307721,0.0,3.388212993688427,8520,63.30750009510666,49.980576886427926,50.46621793280721,-0.4856410463792855,0.0008094017439654759,0.0008094017439654759,6,0,True
SP4_DIAG_wrench_market_motion_safety,crossing_traffic,crossing_traffic_v00,5403,smith_motion_field,Smith-QR motion field,model_based,decentralized,proposed,smith_qr_congestion_field,sp4_motion_proposed,none,distributed_smith_qr_motion_field,local_congestion_price_neighbors,0,6,False,False,6,18.0,0,0.28,0.35,0.08,0.12,34.0,inf,1.0,0.0,24.78,30.36,101.62547005995607,16.937578343326013,0.9200969715429802,823.3650777320858,0,0.0,4,0.0248221375662947,18.0,12.224680128795214,0.4952508287522225,0.838662479830772,0.0,3.448212993688426,8520,80.84419998340309,49.76074580948881,50.46621793280721,-0.7054721233184011,0.0011757868721973353,0.0011757868721973353,6,0,True
SP4_DIAG_wrench_market_motion_safety,crossing_traffic,crossing_traffic_v00,5403,replicator_motion_field,Replicator motion field,model_based,decentralized,baseline,replicator_target_congestion_field,sp4_population_motion_family,none,distributed_replicator_motion_field,local_target_obstacle_neighbor_scores,0,5,False,False,6,18.0,0,0.28,0.35,0.08,0.12,34.0,inf,1.0,0.0,22.8,27.36,91.61723748914582,15.269539581524304,1.0206080187134572,740.6585697679429,35,0.02046783625730994,41,-0.2979612618746527,18.0,12.369758478908306,0.44647776554164614,0.8208185972811812,0.0,1.4682129936884263,8520,45.74880003929138,6.834815037164623,50.46621793280721,-43.63140289564259,0.07271900482607098,0.07271900482607098,6,0,True
SP4_DIAG_wrench_market_motion_safety,crossing_traffic,crossing_traffic_v00,5403,logit_motion_field,Logit motion field,model_based,decentralized,baseline,logit_softmax_motion_field,sp4_population_motion_family,none,distributed_logit_smoothed_motion_field,local_softmax_flow_scores,0,6,False,False,6,18.0,0,0.28,0.35,0.08,0.12,34.0,inf,1.0,0.0,23.840000000000003,28.68,91.61741565486659,15.269569275811099,1.0206060339667584,740.5782203756349,36,0.021052631578947368,44,-0.3002073824561684,18.0,12.297596443932413,0.446478633795646,0.7851308321819995,0.0,2.5082129936884274,8520,47.98030003439635,3.76807056269931,50.46621793280721,-46.698147370107904,0.07783024561684651,0.07783024561684651,6,0,True
SP4_DIAG_wrench_market_motion_safety,crossing_traffic,crossing_traffic_v00,5403,bnn_motion_field,BNN/Brown motion field,model_based,decentralized,baseline,brown_bnn_positive_excess_field,sp4_population_motion_family,none,distributed_bnn_positive_excess_motion_field,local_positive_excess_neighbor_scores,0,6,False,False,6,18.0,0,0.28,0.35,0.08,0.12,34.0,inf,1.0,0.0,24.36,29.279999999999998,91.58806881500752,15.264678135834586,1.0209330586788803,740.3186307364588,35,0.02046783625730994,44,-0.3036593037623483,18.0,12.257862550949849,0.4463356180068601,0.7672869496324085,0.0,3.028212993688427,8520,51.06700002215803,4.348631535789896,50.46621793280721,-46.11758639701731,0.07686264399502886,0.07686264399502886,6,0,True
SP4_DIAG_wrench_market_motion_safety,crossing_traffic,crossing_traffic_v00,5403,primal_dual_motion_field,Primal-dual motion field,model_based,decentralized,proposed,primal_dual_barrier_motion_field,sp4_motion_proposed,none,distributed_primal_dual_barrier_motion_field,local_barrier_dual_prices,0,7,False,False,6,18.0,0,0.28,0.35,0.08,0.12,34.0,inf,1.0,0.0,26.099999999999998,32.64,102.37490812359361,17.062484687265602,0.913361378756128,829.7527339332239,0,0.0,0,0.4616623056187983,18.0,12.147422462376598,0.4989030610311581,0.8029747147315904,0.0,4.768212993688427,8520,75.03740000538528,47.41999287347718,50.46621793280721,-3.046225059330034,0.0050770417655500565,0.0050770417655500565,6,0,True
SP4_DIAG_wrench_market_motion_safety,crossing_traffic,crossing_traffic_v00,5403,pid_safety_motion,PID safety motion,model_based,decentralized,proposed,pid_damped_safety_motion,sp4_motion_proposed,none,distributed_pid_damped_safety_feedback,local_target_error_and_clearance,0,5,False,False,6,18.0,0,0.28,0.35,0.08,0.12,34.0,inf,0.6666666666666666,0.3333333333333333,25.259999999999998,30.119999999999997,100.77719247422904,16.79619874570484,0.9278417560372975,816.0215118684032,0,0.0,0,0.2516537205787972,18.0,11.981208128233135,0.4911169223890309,0.7315991845332267,0.0,6.84154632702176,8520,67.32670008204877,-13.741864129681087,50.46621793280721,-64.2080820624883,0.10701347010414718,0.10701347010414718,4,2,False
SP4_DIAG_wrench_market_motion_safety,crossing_traffic,crossing_traffic_v00,5403,tensor_flow_motion_field,Smooth tensor-flow motion,model_based,decentralized,proposed,smooth_tensor_flow_barrier_motion,sp4_motion_proposed,none,distributed_smooth_tensor_flow_motion_field,local_anisotropic_clearance_tensor,0,8,False,False,6,18.0,0,0.28,0.35,0.08,0.12,34.0,inf,1.0,0.0,26.56,33.12,102.02129655045587,17.003549425075978,0.9165271408558625,826.8011403672804,0,0.0,0,0.477143268465162,18.0,12.117412149761927,0.4971798077507601,0.7851308321819994,0.0,5.228212993688426,8520,83.96459999494255,46.7913033552269,50.46621793280721,-3.67491457758031,0.006124857629300517,0.006124857629300517,6,0,True
SP4_DIAG_wrench_market_motion_safety,crossing_traffic,crossing_traffic_v00,5403,reference_time_expanded_cbf,Reference time-expanded CBF,model_based_reference,centralized,reference,time_expanded_safe_cbf_reference,sp4_motion_reference,none,centralized_time_expanded_cbf_reference,global_state_and_release_schedule,0,8,False,False,6,18.0,0,0.28,0.35,0.08,0.12,34.0,inf,1.0,0.0,24.38,30.24,101.39526215110283,16.899210358517138,0.922185960666017,821.8824393950157,0,0.0,0,0.39615562411299887,18.0,12.269394077128181,0.4941289578513777,0.8565063623803629,0.0,3.0482129936884266,8520,75.02039999235421,50.46621793280721,50.46621793280721,0.0,0.0,0.0,6,0,True
SP4_DIAG_wrench_market_motion_safety,crossing_traffic,crossing_traffic_v00,5404,direct_to_target,Direct to target,classic,decentralized,baseline,direct_single_integrator,sp4_motion_baseline,none,local_target_feedback,none,0,0,False,False,6,18.0,0,0.28,0.35,0.08,0.12,34.0,inf,1.0,0.0,21.98,28.68,91.62227814379085,15.270379690631808,1.0205177445402998,735.7884829212018,55,0.03216374269005848,68,-0.39458818345255464,18.0,12.416075257285161,0.4465023301354331,0.7775082783644104,1.1102230246251565e-16,0.0,8520,18.673600046895444,-19.875768476986348,46.738509171920036,-66.61427764890638,0.11102379608151064,0.11102379608151064,6,0,True
SP4_DIAG_wrench_market_motion_safety,crossing_traffic,crossing_traffic_v00,5404,priority_yield,Priority yield,classic,centralized,baseline,priority_release_yield,sp4_motion_baseline,none,centralized_priority_schedule,global_priority_order,0,2,False,False,6,18.0,0,0.28,0.35,0.08,0.12,34.0,inf,1.0,0.0,24.539999999999996,31.2,91.84767799265586,15.30794633210931,1.0180133312507027,737.4961291366383,21,0.012280701754385965,29,-0.2900493382585517,18.0,12.283578044532254,0.44760076994471737,0.7153076160952576,0.0,2.1633457332230823,8520,20.634899963624775,23.680865339723017,46.738509171920036,-23.05764383219702,0.03842940638699503,0.03842940638699503,6,0,True
SP4_DIAG_wrench_market_motion_safety,crossing_traffic,crossing_traffic_v00,5404,apf_obstacle_avoidance,APF obstacle avoidance,classic,decentralized,baseline,artificial_potential_field,sp4_motion_baseline,none,local_apf_feedback,local_obstacle_robot_neighbors,0,4,False,False,6,18.0,0,0.28,0.35,0.08,0.12,34.0,inf,1.0,0.0,23.88,31.2,91.59473075080379,15.265788458467298,1.0208246683461637,735.5010872375457,54,0.031578947368421054,71,-0.3717014976957717,18.0,12.280329119770558,0.44636808358091556,0.7153076160952576,0.0,1.5033457332230828,8520,33.851200016215444,-21.503325321762823,46.738509171920036,-68.24183449368286,0.11373639082280476,0.11373639082280476,6,0,True
SP4_DIAG_wrench_market_motion_safety,crossing_traffic,crossing_traffic_v00,5404,velocity_obstacle_proxy,Velocity obstacle proxy,sota,decentralized,baseline,velocity_obstacle_proxy,sp4_motion_sota_proxy,none,local_velocity_obstacle_proxy,local_relative_state_neighbors,0,5,False,False,6,18.0,0,0.28,0.35,0.08,0.12,34.0,inf,1.0,0.0,24.419999999999998,31.799999999999997,91.61702834810121,15.269504724683536,1.0205762217661287,735.5085361649353,56,0.03274853801169591,73,-0.3698083594637601,18.0,12.245186827493182,0.44647674633577566,0.6997574505279693,0.0,2.0433457332230827,8520,52.18660004902631,-25.1793228263018,46.738509171920036,-71.91783199822183,0.11986305333036971,0.11986305333036971,6,0,True
SP4_DIAG_wrench_market_motion_safety,crossing_traffic,crossing_traffic_v00,5404,cbf_safety_filter,CBF safety filter,sota,centralized,baseline,cbf_velocity_projection_proxy,sp4_motion_sota_proxy,none,centralized_cbf_velocity_projection_proxy,global_relative_state,0,6,False,False,6,18.0,0,0.28,0.35,0.08,0.12,34.0,inf,1.0,0.0,26.56,32.76,104.17023654451575,17.361706090752623,0.8975899810018052,835.4999368032396,0,0.0,0,0.12499163219797738,18.0,12.189590030940064,0.5076522248758072,0.7308577816625458,0.0,4.183345733223082,8520,61.782300006598234,46.231548592174136,46.738509171920036,-0.5069605797459005,0.0008449342995765007,0.0008449342995765007,6,0,True
SP4_DIAG_wrench_market_motion_safety,crossing_traffic,crossing_traffic_v00,5404,smith_motion_field,Smith-QR motion field,model_based,decentralized,proposed,smith_qr_congestion_field,sp4_motion_proposed,none,distributed_smith_qr_motion_field,local_congestion_price_neighbors,0,6,False,False,6,18.0,0,0.28,0.35,0.08,0.12,34.0,inf,1.0,0.0,26.540000000000003,33.72,103.66697442953398,17.277829071588997,0.9019474249680364,831.0564693966269,6,0.0035087719298245615,9,-0.10581574665062055,18.0,12.12540727507497,0.5051996804558181,0.7308577816625458,0.0,4.163345733223083,8520,74.38939996063709,37.99764829995729,46.738509171920036,-8.740860871962745,0.014568101453271242,0.014568101453271242,6,0,True
SP4_DIAG_wrench_market_motion_safety,crossing_traffic,crossing_traffic_v00,5404,replicator_motion_field,Replicator motion field,model_based,decentralized,baseline,replicator_target_congestion_field,sp4_population_motion_family,none,distributed_replicator_motion_field,local_target_obstacle_neighbor_scores,0,5,False,False,6,18.0,0,0.28,0.35,0.08,0.12,34.0,inf,1.0,0.0,23.88,31.2,91.57387233739755,15.262312056232924,1.0210571886317448,735.3353307711799,54,0.031578947368421054,71,-0.3719216516955698,18.0,12.279582196723226,0.4462664343927759,0.7153076160952576,0.0,1.5033457332230828,8520,54.26530004478991,-21.497078906149792,46.738509171920036,-68.23558807806982,0.11372598013011638,0.11372598013011638,6,0,True
SP4_DIAG_wrench_market_motion_safety,crossing_traffic,crossing_traffic_v00,5404,logit_motion_field,Logit motion field,model_based,decentralized,baseline,logit_softmax_motion_field,sp4_population_motion_family,none,distributed_logit_smoothed_motion_field,local_softmax_flow_scores,0,6,False,False,6,18.0,0,0.28,0.35,0.08,0.12,34.0,inf,1.0,0.0,24.959999999999997,32.519999999999996,91.55554116647991,15.259256861079985,1.0212616238150556,734.9920518006754,57,0.03333333333333333,72,-0.3659814784291062,18.0,12.204233946538235,0.4461771012011689,0.6842072849606812,0.0,2.5833457332230823,8520,47.33760003000498,-27.428139574632336,46.738509171920036,-74.16664874655237,0.12361108124425395,0.12361108124425395,6,0,True
SP4_DIAG_wrench_market_motion_safety,crossing_traffic,crossing_traffic_v00,5404,bnn_motion_field,BNN/Brown motion field,model_based,decentralized,baseline,brown_bnn_positive_excess_field,sp4_population_motion_family,none,distributed_bnn_positive_excess_motion_field,local_positive_excess_neighbor_scores,0,6,False,False,6,18.0,0,0.28,0.35,0.08,0.12,34.0,inf,1.0,0.0,25.519999999999996,33.36,91.54958044898578,15.258263408164296,1.021328117315051,734.9843948999359,57,0.03333333333333333,72,-0.35840854561823215,18.0,12.161993411604337,0.4461480528703015,0.6686571193933929,0.0,3.1433457332230827,8520,66.79970002733171,-28.322751647776222,46.738509171920036,-75.06126081969626,0.12510210136616043,0.12510210136616043,6,0,True
SP4_DIAG_wrench_market_motion_safety,crossing_traffic,crossing_traffic_v00,5404,primal_dual_motion_field,Primal-dual motion field,model_based,decentralized,proposed,primal_dual_barrier_motion_field,sp4_motion_proposed,none,distributed_primal_dual_barrier_motion_field,local_barrier_dual_prices,0,7,False,False,6,18.0,0,0.28,0.35,0.08,0.12,34.0,inf,1.0,0.0,27.48,33.48,102.67367220934725,17.112278701557873,0.9106731903997601,822.5124678793184,0,0.0,0,0.11991120912930753,18.0,12.098673764903063,0.5003590263613417,0.6997574505279693,0.0,5.103345733223083,8520,104.85799994785339,45.218667435150415,46.738509171920036,-1.5198417367696209,0.0025330695612827015,0.0025330695612827015,6,0,True
SP4_DIAG_wrench_market_motion_safety,crossing_traffic,crossing_traffic_v00,5404,pid_safety_motion,PID safety motion,model_based,decentralized,proposed,pid_damped_safety_motion,sp4_motion_proposed,none,distributed_pid_damped_safety_feedback,local_target_error_and_clearance,0,5,False,False,6,18.0,0,0.28,0.35,0.08,0.12,34.0,inf,0.8333333333333334,0.16666666666666666,28.991999999999997,34.08,101.97789908624074,16.996316514373458,0.9168865163801078,813.2125595354565,2,0.0011695906432748538,7,-0.00948619003313278,18.0,11.865696972222082,0.4969683191337265,0.6375567882588165,0.0,7.450012399889751,8520,70.09369996376336,9.736385728479487,46.738509171920036,-37.00212344344055,0.06167020573906759,0.06167020573906759,5,1,False
SP4_DIAG_wrench_market_motion_safety,crossing_traffic,crossing_traffic_v00,5404,tensor_flow_motion_field,Smooth tensor-flow motion,model_based,decentralized,proposed,smooth_tensor_flow_barrier_motion,sp4_motion_proposed,none,distributed_smooth_tensor_flow_motion_field,local_anisotropic_clearance_tensor,0,8,False,False,6,18.0,0,0.28,0.35,0.08,0.12,34.0,inf,0.8333333333333334,0.16666666666666666,26.592000000000002,31.56,102.08298551259637,17.01383091876606,0.9159426536306375,817.3056503834385,0,0.0,0,0.17413460057691876,18.0,12.059800049783515,0.4974804362212296,0.6842072849606812,0.0,5.450012399889751,8520,85.34849993884563,15.67935335006107,46.738509171920036,-31.059155821858965,0.051765259703098275,0.051765259703098275,5,1,False
SP4_DIAG_wrench_market_motion_safety,crossing_traffic,crossing_traffic_v00,5404,reference_time_expanded_cbf,Reference time-expanded CBF,model_based_reference,centralized,reference,time_expanded_safe_cbf_reference,sp4_motion_reference,none,centralized_time_expanded_cbf_reference,global_state_and_release_schedule,0,8,False,False,6,18.0,0,0.28,0.35,0.08,0.12,34.0,inf,1.0,0.0,26.22,32.4,104.31261188875371,17.385435314792286,0.8963648685229233,836.0716212554144,0,0.0,0,0.11809006295843238,18.0,12.234927803765778,0.5083460618360309,0.746407947229834,0.0,3.843345733223083,8520,71.98809995315969,46.738509171920036,46.738509171920036,0.0,0.0,0.0,6,0,True
SP4_DIAG_wrench_market_motion_safety,crossing_traffic,crossing_traffic_v00,5405,direct_to_target,Direct to target,classic,decentralized,baseline,direct_single_integrator,sp4_motion_baseline,none,local_target_feedback,none,0,0,False,False,6,18.0,0,0.28,0.35,0.08,0.12,34.0,inf,1.0,0.0,22.2,26.16,91.40384581735816,15.233974302893026,1.0206812435892478,614.9327176168915,46,0.026900584795321637,56,-0.3837155396443933,18.0,12.370608327670517,0.4454378451138312,0.7371486994283682,2.220446049250313e-16,0.0,8520,17.617200035601854,-6.339576764759647,47.92674913523044,-54.266325899990086,0.09044387649998348,0.09044387649998348,6,0,True
SP4_DIAG_wrench_market_motion_safety,crossing_traffic,crossing_traffic_v00,5405,priority_yield,Priority yield,classic,centralized,baseline,priority_release_yield,sp4_motion_baseline,none,centralized_priority_schedule,global_priority_order,0,2,False,False,6,18.0,0,0.28,0.35,0.08,0.12,34.0,inf,1.0,0.0,24.840000000000003,29.64,91.78470538673176,15.297450897788627,1.0164459386191749,617.2015987236983,39,0.02280701754385965,54,-0.5521410690816432,18.0,12.23737481626107,0.447293885900253,0.6781768034740988,0.0,2.2270567622942985,8520,24.91889998782426,-0.8454932775811432,47.92674913523044,-48.77224241281158,0.0812870706880193,0.0812870706880193,6,0,True
SP4_DIAG_wrench_market_motion_safety,crossing_traffic,crossing_traffic_v00,5405,apf_obstacle_avoidance,APF obstacle avoidance,classic,decentralized,baseline,artificial_potential_field,sp4_motion_baseline,none,local_apf_feedback,local_obstacle_robot_neighbors,0,4,False,False,6,18.0,0,0.28,0.35,0.08,0.12,34.0,inf,1.0,0.0,24.12,28.32,91.37587893081619,15.229313155136031,1.020993637591571,614.5855040558229,48,0.028070175438596492,59,-0.348328629325537,18.0,12.23497070697652,0.445301554243744,0.6781768034740988,0.0,1.5070567622942985,8520,39.37050001695752,-12.20896945796937,47.92674913523044,-60.13571859319981,0.10022619765533301,0.10022619765533301,6,0,True
SP4_DIAG_wrench_market_motion_safety,crossing_traffic,crossing_traffic_v00,5405,velocity_obstacle_proxy,Velocity obstacle proxy,sota,decentralized,baseline,velocity_obstacle_proxy,sp4_motion_sota_proxy,none,local_velocity_obstacle_proxy,local_relative_state_neighbors,0,5,False,False,6,18.0,0,0.28,0.35,0.08,0.12,34.0,inf,1.0,0.0,24.64,29.04,91.33244710791587,15.222074517985979,1.0214791563338623,614.177643994398,49,0.02865497076023392,59,-0.33833610602579656,18.0,12.195111899464859,0.4450898981867243,0.6634338294855314,0.0,2.0270567622942983,8520,56.33950000628829,-14.43084462824689,47.92674913523044,-62.357593763477325,0.10392932293912888,0.10392932293912888,6,0,True
SP4_DIAG_wrench_market_motion_safety,crossing_traffic,crossing_traffic_v00,5405,cbf_safety_filter,CBF safety filter,sota,centralized,baseline,cbf_velocity_projection_proxy,sp4_motion_sota_proxy,none,centralized_cbf_velocity_projection_proxy,global_relative_state,0,6,False,False,6,18.0,0,0.28,0.35,0.08,0.12,34.0,inf,1.0,0.0,27.139999999999997,34.08,104.80857930475494,17.46809655079249,0.8901388763836476,701.4747455251501,0,0.0,0,0.21583521777041415,18.0,11.950621671271973,0.5107630570407152,0.6929197774626661,0.0,4.527056762294298,8520,64.28209994919598,46.50336509770241,47.92674913523044,-1.4233840375280309,0.002372306729213385,0.002372306729213385,6,0,True
SP4_DIAG_wrench_market_motion_safety,crossing_traffic,crossing_traffic_v00,5405,smith_motion_field,Smith-QR motion field,model_based,decentralized,proposed,smith_qr_congestion_field,sp4_motion_proposed,none,distributed_smith_qr_motion_field,local_congestion_price_neighbors,0,6,False,False,6,18.0,0,0.28,0.35,0.08,0.12,34.0,inf,0.8333333333333334,0.16666666666666666,25.8,29.04,104.62066744744732,17.436777907907885,0.8917376775918984,701.1355698234717,0,0.0,0,0.1838669181133462,18.0,11.99729909108912,0.5098473072487676,0.6929197774626661,0.0,4.553723428960964,8520,83.15989992115647,17.338764129993535,47.92674913523044,-30.587985005236902,0.05097997500872817,0.05097997500872817,5,1,False
SP4_DIAG_wrench_market_motion_safety,crossing_traffic,crossing_traffic_v00,5405,replicator_motion_field,Replicator motion field,model_based,decentralized,baseline,replicator_target_congestion_field,sp4_population_motion_family,none,distributed_replicator_motion_field,local_target_obstacle_neighbor_scores,0,5,False,False,6,18.0,0,0.28,0.35,0.08,0.12,34.0,inf,1.0,0.0,24.12,28.32,91.3553143253371,15.225885720889517,1.0212234691181632,614.4448595410342,47,0.027485380116959064,59,-0.34992531280259653,18.0,12.234244412566138,0.44520133686811514,0.6781768034740989,0.0,1.5070567622942985,8520,56.18099996354431,-10.799530027686263,47.92674913523044,-58.7262791629167,0.0978771319381945,0.0978771319381945,6,0,True
SP4_DIAG_wrench_market_motion_safety,crossing_traffic,crossing_traffic_v00,5405,logit_motion_field,Logit motion field,model_based,decentralized,baseline,logit_softmax_motion_field,sp4_population_motion_family,none,distributed_logit_smoothed_motion_field,local_softmax_flow_scores,0,6,False,False,6,18.0,0,0.28,0.35,0.08,0.12,34.0,inf,1.0,0.0,25.22,29.64,91.35891301013807,15.226485501689679,1.0211832424861291,614.4147905000438,52,0.0304093567251462,60,-0.33519574944102015,18.0,12.157277225900216,0.44521887431841134,0.648690855496964,0.0,2.607056762294299,8520,49.34380005579442,-19.577564907581692,47.92674913523044,-67.50431404281213,0.11250719007135354,0.11250719007135354,6,0,True
SP4_DIAG_wrench_market_motion_safety,crossing_traffic,crossing_traffic_v00,5405,bnn_motion_field,BNN/Brown motion field,model_based,decentralized,baseline,brown_bnn_positive_excess_field,sp4_population_motion_family,none,distributed_bnn_positive_excess_motion_field,local_positive_excess_neighbor_scores,0,6,False,False,6,18.0,0,0.28,0.35,0.08,0.12,34.0,inf,1.0,0.0,25.78,30.36,91.33810227835244,15.223017046392073,1.0214159117668922,614.2149926338427,51,0.02982456140350877,63,-0.3338363148764013,18.0,12.115081912397855,0.44511745749684467,0.6339478815083966,0.0,3.1670567622942976,8520,51.64850002620369,-19.063479795997022,47.92674913523044,-66.99022893122746,0.11165038155204578,0.11165038155204578,6,0,True
SP4_DIAG_wrench_market_motion_safety,crossing_traffic,crossing_traffic_v00,5405,primal_dual_motion_field,Primal-dual motion field,model_based,decentralized,proposed,primal_dual_barrier_motion_field,sp4_motion_proposed,none,distributed_primal_dual_barrier_motion_field,local_barrier_dual_prices,0,7,False,False,6,18.0,0,0.28,0.35,0.08,0.12,34.0,inf,0.8333333333333334,0.16666666666666666,27.768,33.96,106.53809664078221,17.756349440130368,0.875688546720183,712.7374451022754,0,0.0,0,0.21160375660613562,18.0,11.806629961554384,0.5191915040973782,0.6634338294855314,0.0,6.193723428960965,8520,80.84309997502714,14.176910954671818,47.92674913523044,-33.74983818055862,0.056249730300931035,0.056249730300931035,5,1,False
SP4_DIAG_wrench_market_motion_safety,crossing_traffic,crossing_traffic_v00,5405,pid_safety_motion,PID safety motion,model_based,decentralized,proposed,pid_damped_safety_motion,sp4_motion_proposed,none,distributed_pid_damped_safety_feedback,local_target_error_and_clearance,0,5,False,False,6,18.0,0,0.28,0.35,0.08,0.12,34.0,inf,0.8333333333333334,0.16666666666666666,29.591999999999995,33.24,101.53807769607809,16.923012949346347,0.918809900035211,680.9059778526985,2,0.0011695906432748538,5,-0.025223711860736575,18.0,11.749435314907435,0.4948249400393669,0.604461933531262,0.0,7.713723428960964,8520,71.00279990117997,10.356212251142855,47.92674913523044,-37.57053688408758,0.0626175614734793,0.0626175614734793,5,1,False
SP4_DIAG_wrench_market_motion_safety,crossing_traffic,crossing_traffic_v00,5405,tensor_flow_motion_field,Smooth tensor-flow motion,model_based,decentralized,proposed,smooth_tensor_flow_barrier_motion,sp4_motion_proposed,none,distributed_smooth_tensor_flow_motion_field,local_anisotropic_clearance_tensor,0,8,False,False,6,18.0,0,0.28,0.35,0.08,0.12,34.0,inf,0.6666666666666666,0.3333333333333333,27.0,29.759999999999998,106.10416318687493,17.684027197812487,0.8792698440436075,710.1622000095405,0,0.0,0,0.13708832457477027,18.0,11.7349794634993,0.5170768186494876,0.648690855496964,0.0,6.720390095627631,8520,79.4174000620842,-15.711204567874553,47.92674913523044,-63.63795370310499,0.10606325617184165,0.10606325617184165,4,2,False
SP4_DIAG_wrench_market_motion_safety,crossing_traffic,crossing_traffic_v00,5405,reference_time_expanded_cbf,Reference time-expanded CBF,model_based_reference,centralized,reference,time_expanded_safe_cbf_reference,sp4_motion_reference,none,centralized_time_expanded_cbf_reference,global_state_and_release_schedule,0,8,False,False,6,18.0,0,0.28,0.35,0.08,0.12,34.0,inf,1.0,0.0,26.48,30.84,103.47443566628118,17.24573927771353,0.901615847595315,694.0875018187711,0,0.0,0,0.09303867796050047,18.0,12.07597374289659,0.5042613823892854,0.7076627514512335,0.0,3.867056762294298,8520,76.06749993283302,47.92674913523044,47.92674913523044,0.0,0.0,0.0,6,0,True
SP4_DIAG_wrench_market_motion_safety,crossing_traffic,crossing_traffic_v00,5406,direct_to_target,Direct to target,classic,decentralized,baseline,direct_single_integrator,sp4_motion_baseline,none,local_target_feedback,none,0,0,False,False,6,18.0,0,0.28,0.35,0.08,0.12,34.0,inf,1.0,0.0,20.86,23.64,91.45548439469148,15.24258073244858,1.0204948265125968,630.1584361259673,43,0.025146198830409357,55,-0.5045492825771439,18.0,12.461324430765137,0.4456894951008355,0.7786881656711789,2.220446049250313e-16,0.0,8520,14.021800016053021,-0.14866812107425798,45.56305161278192,-45.71171973385618,0.07618619955642697,0.07618619955642697,6,0,True
SP4_DIAG_wrench_market_motion_safety,crossing_traffic,crossing_traffic_v00,5406,priority_yield,Priority yield,classic,centralized,baseline,priority_release_yield,sp4_motion_baseline,none,centralized_priority_schedule,global_priority_order,0,2,False,False,6,18.0,0,0.28,0.35,0.08,0.12,34.0,inf,1.0,0.0,23.399999999999995,26.88,92.00009174962588,15.333348624937647,1.0144538652741693,634.4819480522382,66,0.03859649122807018,79,-0.49982146923269877,18.0,12.32581451822861,0.44834352704496117,0.7163931124174848,0.0,2.176475325999133,8520,29.052300029434264,-36.656418612808494,45.56305161278192,-82.21947022559041,0.13703245037598402,0.13703245037598402,6,0,True
SP4_DIAG_wrench_market_motion_safety,crossing_traffic,crossing_traffic_v00,5406,apf_obstacle_avoidance,APF obstacle avoidance,classic,decentralized,baseline,artificial_potential_field,sp4_motion_baseline,none,local_apf_feedback,local_obstacle_robot_neighbors,0,4,False,False,6,18.0,0,0.28,0.35,0.08,0.12,34.0,inf,1.0,0.0,22.659999999999997,25.68,91.42455134691453,15.237425224485754,1.0208401059234289,629.6860742629316,48,0.028070175438596492,61,-0.5254118653480335,18.0,12.332624443791856,0.44553874925397013,0.7163931124174848,0.0,1.4364753259991339,8520,36.10819997265935,-10.034683091582082,45.56305161278192,-55.597734704364,0.09266289117394,0.09266289117394,6,0,True
SP4_DIAG_wrench_market_motion_safety,crossing_traffic,crossing_traffic_v00,5406,velocity_obstacle_proxy,Velocity obstacle proxy,sota,decentralized,baseline,velocity_obstacle_proxy,sp4_motion_sota_proxy,none,local_velocity_obstacle_proxy,local_relative_state_neighbors,0,5,False,False,6,18.0,0,0.28,0.35,0.08,0.12,34.0,inf,1.0,0.0,23.179999999999996,26.279999999999998,91.46662163643234,15.24443693940539,1.0203705680959765,629.9583783998582,49,0.02865497076023392,64,-0.5297801813339262,18.0,12.29857615363002,0.44574377015805244,0.7008193491040612,0.0,1.9564753259991328,8520,56.417500018142164,-12.282170368575102,45.56305161278192,-57.84522198135702,0.0964087033022617,0.0964087033022617,6,0,True
SP4_DIAG_wrench_market_motion_safety,crossing_traffic,crossing_traffic_v00,5406,cbf_safety_filter,CBF safety filter,sota,centralized,baseline,cbf_velocity_projection_proxy,sp4_motion_sota_proxy,none,centralized_cbf_velocity_projection_proxy,global_relative_state,0,6,False,False,6,18.0,0,0.28,0.35,0.08,0.12,34.0,inf,1.0,0.0,26.62,31.2,109.54487760402515,18.25747960067086,0.8519782095001113,753.5251902913134,0,0.0,0,0.202383317939404,18.0,11.988224132641559,0.5338444327681534,0.7319668757309081,0.0,5.396475325999133,8520,77.32599996961653,45.772875024201326,45.56305161278192,0.20982341141940708,0.0,0.0,6,0,True
SP4_DIAG_wrench_market_motion_safety,crossing_traffic,crossing_traffic_v00,5406,smith_motion_field,Smith-QR motion field,model_based,decentralized,proposed,smith_qr_congestion_field,sp4_motion_proposed,none,distributed_smith_qr_motion_field,local_congestion_price_neighbors,0,6,False,False,6,18.0,0,0.28,0.35,0.08,0.12,34.0,inf,1.0,0.0,27.419999999999998,32.879999999999995,112.32289814197485,18.720483023662474,0.8309067004576247,771.3942269305294,17,0.009941520467836258,19,-0.12365957202890948,18.0,11.908579480100498,0.5473825445515341,0.7319668757309081,0.0,6.196475325999131,8520,92.58209995459765,19.84337101665323,45.56305161278192,-25.71968059612869,0.04286613432688115,0.04286613432688115,6,0,True
SP4_DIAG_wrench_market_motion_safety,crossing_traffic,crossing_traffic_v00,5406,replicator_motion_field,Replicator motion field,model_based,decentralized,baseline,replicator_target_congestion_field,sp4_population_motion_family,none,distributed_replicator_motion_field,local_target_obstacle_neighbor_scores,0,5,False,False,6,18.0,0,0.28,0.35,0.08,0.12,34.0,inf,1.0,0.0,22.659999999999997,25.68,91.40139048087008,15.233565080145013,1.0210987840553665,629.52828678007,48,0.028070175438596492,61,-0.5240695263438044,18.0,12.331725914010933,0.4454258795364043,0.7163931124174848,0.0,1.4364753259991339,8520,48.11969993170351,-10.028009826223688,45.56305161278192,-55.59106143900561,0.09265176906500934,0.09265176906500934,6,0,True
SP4_DIAG_wrench_market_motion_safety,crossing_traffic,crossing_traffic_v00,5406,logit_motion_field,Logit motion field,model_based,decentralized,baseline,logit_softmax_motion_field,sp4_population_motion_family,none,distributed_logit_smoothed_motion_field,local_softmax_flow_scores,0,6,False,False,6,18.0,0,0.28,0.35,0.08,0.12,34.0,inf,1.0,0.0,23.7,26.88,91.41700071002067,15.236166785003446,1.0209244227671959,629.5963692327397,50,0.029239766081871343,64,-0.5278970079127543,18.0,12.259772459608325,0.44550195277787846,0.6852455857906374,0.0,2.476475325999133,8520,69.02970001101494,-14.503142445023165,45.56305161278192,-60.066194057805085,0.10011032342967514,0.10011032342967514,6,0,True
SP4_DIAG_wrench_market_motion_safety,crossing_traffic,crossing_traffic_v00,5406,bnn_motion_field,BNN/Brown motion field,model_based,decentralized,baseline,brown_bnn_positive_excess_field,sp4_population_motion_family,none,distributed_bnn_positive_excess_motion_field,local_positive_excess_neighbor_scores,0,6,False,False,6,18.0,0,0.28,0.35,0.08,0.12,34.0,inf,1.0,0.0,24.22,27.48,91.39508343695732,15.232513906159554,1.0211692486211628,629.4127976922452,50,0.029239766081871343,65,-0.528080680150472,18.0,12.22015426592302,0.4453951434549574,0.6696718224772139,0.0,2.9964753259991337,8520,59.84459992032498,-15.328484929544285,45.56305161278192,-60.89153654232621,0.10148589423721034,0.10148589423721034,6,0,True
SP4_DIAG_wrench_market_motion_safety,crossing_traffic,crossing_traffic_v00,5406,primal_dual_motion_field,Primal-dual motion field,model_based,decentralized,proposed,primal_dual_barrier_motion_field,sp4_motion_proposed,none,distributed_primal_dual_barrier_motion_field,local_barrier_dual_prices,0,7,False,False,6,18.0,0,0.28,0.35,0.08,0.12,34.0,inf,1.0,0.0,27.959999999999997,33.48,109.75282396871853,18.292137328119754,0.85036398432524,754.4909976131736,0,0.0,0,0.21436734311863292,18.0,11.877766399662109,0.5348578166116884,0.7008193491040611,0.0,6.736475325999133,8520,91.72979998402297,43.573468750750195,45.56305161278192,-1.9895828620317246,0.003315971436719541,0.003315971436719541,6,0,True
SP4_DIAG_wrench_market_motion_safety,crossing_traffic,crossing_traffic_v00,5406,pid_safety_motion,PID safety motion,model_based,decentralized,proposed,pid_damped_safety_motion,sp4_motion_proposed,none,distributed_pid_damped_safety_feedback,local_target_error_and_clearance,0,5,False,False,6,18.0,0,0.28,0.35,0.08,0.12,34.0,inf,0.6666666666666666,0.3333333333333333,28.41,33.36,107.98162374735604,17.996937291226008,0.8643123287287241,740.2196077135006,13,0.00760233918128655,17,-0.06818700911332332,18.0,11.639543568127063,0.5262262365855557,0.6385242958503667,0.0,9.049808659332468,8520,74.33500001206994,-36.17443400330772,45.56305161278192,-81.73748561608963,0.1362291426934827,0.1362291426934827,4,2,False
SP4_DIAG_wrench_market_motion_safety,crossing_traffic,crossing_traffic_v00,5406,tensor_flow_motion_field,Smooth tensor-flow motion,model_based,decentralized,proposed,smooth_tensor_flow_barrier_motion,sp4_motion_proposed,none,distributed_smooth_tensor_flow_motion_field,local_anisotropic_clearance_tensor,0,8,False,False,6,18.0,0,0.28,0.35,0.08,0.12,34.0,inf,1.0,0.0,28.12,33.0,108.30038173077897,18.050063621796493,0.8617684184437352,743.6931908586378,0,0.0,0,0.11503539039303301,18.0,11.881169259538213,0.5277796380642257,0.6852455857906374,0.0,6.896475325999134,8520,80.46149997971952,43.74498411064224,45.56305161278192,-1.8180675021396766,0.0030301125035661278,0.0030301125035661278,6,0,True
SP4_DIAG_wrench_market_motion_safety,crossing_traffic,crossing_traffic_v00,5406,reference_time_expanded_cbf,Reference time-expanded CBF,model_based_reference,centralized,reference,time_expanded_safe_cbf_reference,sp4_motion_reference,none,centralized_time_expanded_cbf_reference,global_state_and_release_schedule,0,8,False,False,6,18.0,0,0.28,0.35,0.08,0.12,34.0,inf,1.0,0.0,26.540000000000003,31.08,110.68794980191663,18.447991633652773,0.8431798479238806,762.1599430796418,0,0.0,0,0.1607343402909266,18.0,11.998333845234693,0.5394149600483258,0.7475406390443318,0.0,5.316475325999133,8520,69.07700002193451,45.56305161278192,45.56305161278192,0.0,0.0,0.0,6,0,True
SP4_DIAG_wrench_market_motion_safety,crossing_traffic,crossing_traffic_v00,5407,direct_to_target,Direct to target,classic,decentralized,baseline,direct_single_integrator,sp4_motion_baseline,none,local_target_feedback,none,0,0,False,False,6,18.0,0,0.28,0.35,0.08,0.12,34.0,inf,1.0,0.0,21.540000000000003,25.8,91.64944849123907,15.274908081873178,1.021260304289693,667.9865943209011,18,0.010526315789473684,25,-0.32894793209282047,18.0,12.4625191451265,0.44663473923605795,0.8125759702195937,2.220446049250313e-16,0.0,8520,12.700100080110133,33.430097493981535,49.756548385493716,-16.32645089151218,0.027210751485853633,0.027210751485853633,6,0,True
SP4_DIAG_wrench_market_motion_safety,crossing_traffic,crossing_traffic_v00,5407,priority_yield,Priority yield,classic,centralized,baseline,priority_release_yield,sp4_motion_baseline,none,centralized_priority_schedule,global_priority_order,0,2,False,False,6,18.0,0,0.28,0.35,0.08,0.12,34.0,inf,1.0,0.0,24.040000000000003,29.16,91.74384338359128,15.29064056393188,1.020209533437594,668.537268587288,33,0.01929824561403509,43,-0.394397455676637,18.0,12.34562688499545,0.4470947533313419,0.7475698926020262,0.0,2.096020541814292,8520,21.12180006224662,8.351192296052812,49.756548385493716,-41.4053560894409,0.06900892681573484,0.06900892681573484,6,0,True
SP4_DIAG_wrench_market_motion_safety,crossing_traffic,crossing_traffic_v00,5407,apf_obstacle_avoidance,APF obstacle avoidance,classic,decentralized,baseline,artificial_potential_field,sp4_motion_baseline,none,local_apf_feedback,local_obstacle_robot_neighbors,0,4,False,False,6,18.0,0,0.28,0.35,0.08,0.12,34.0,inf,1.0,0.0,23.439999999999998,28.08,91.72318628443183,15.287197714071972,1.0204392961655293,668.384711065685,19,0.011111111111111112,25,-0.32100898836618075,18.0,12.3370586583009,0.44699408520678346,0.7475698926020262,0.0,1.4960205418142916,8520,34.09500000998378,28.96638524010148,49.756548385493716,-20.790163145392235,0.034650271908987056,0.034650271908987056,6,0,True
SP4_DIAG_wrench_market_motion_safety,crossing_traffic,crossing_traffic_v00,5407,velocity_obstacle_proxy,Velocity obstacle proxy,sota,decentralized,baseline,velocity_obstacle_proxy,sp4_motion_sota_proxy,none,local_velocity_obstacle_proxy,local_relative_state_neighbors,0,5,False,False,6,18.0,0,0.28,0.35,0.08,0.12,34.0,inf,1.0,0.0,23.939999999999998,28.68,91.66571468182134,15.27761911363689,1.0210790804286087,667.932680497263,18,0.010526315789473684,25,-0.30980731851477245,18.0,12.299247779894294,0.44671400917066895,0.7313183731976344,0.0,1.996020541814292,8520,57.16159997973591,29.587058070289828,49.756548385493716,-20.169490315203888,0.03361581719200648,0.03361581719200648,6,0,True
SP4_DIAG_wrench_market_motion_safety,crossing_traffic,crossing_traffic_v00,5407,cbf_safety_filter,CBF safety filter,sota,centralized,baseline,cbf_velocity_projection_proxy,sp4_motion_sota_proxy,none,centralized_cbf_velocity_projection_proxy,global_relative_state,0,6,False,False,6,18.0,0,0.28,0.35,0.08,0.12,34.0,inf,1.0,0.0,26.900000000000002,32.879999999999995,106.31211942306788,17.718686570511313,0.8804070896345636,773.7669727665447,0,0.0,3,0.0375965845672358,18.0,12.089725870393512,0.5180902505997453,0.7638214120064182,0.0,4.956020541814291,8520,61.48229993414134,45.83366399925961,49.756548385493716,-3.9228843862341023,0.006538140643723504,0.006538140643723504,6,0,True
SP4_DIAG_wrench_market_motion_safety,crossing_traffic,crossing_traffic_v00,5407,smith_motion_field,Smith-QR motion field,model_based,decentralized,proposed,smith_qr_congestion_field,sp4_motion_proposed,none,distributed_smith_qr_motion_field,local_congestion_price_neighbors,0,6,False,False,6,18.0,0,0.28,0.35,0.08,0.12,34.0,inf,0.8333333333333334,0.16666666666666666,24.912,32.4,105.02571016648074,17.50428502774679,0.8911907713433145,767.7664845551184,26,0.0152046783625731,29,-0.26884848477806333,18.0,12.060008909138347,0.5118211996417183,0.7638214120064181,0.0,4.482687208480959,8520,77.60179997421801,-18.72388248568572,49.756548385493716,-68.48043087117944,0.11413405145196573,0.11413405145196573,5,1,False
SP4_DIAG_wrench_market_motion_safety,crossing_traffic,crossing_traffic_v00,5407,replicator_motion_field,Replicator motion field,model_based,decentralized,baseline,replicator_target_congestion_field,sp4_population_motion_family,none,distributed_replicator_motion_field,local_target_obstacle_neighbor_scores,0,5,False,False,6,18.0,0,0.28,0.35,0.08,0.12,34.0,inf,1.0,0.0,23.439999999999998,28.08,91.70089569373124,15.283482615621873,1.0206873438483088,668.2246626957838,19,0.011111111111111112,25,-0.32228485837657966,18.0,12.336187457361532,0.44688545659713114,0.7475698926020262,0.0,1.4960205418142916,8520,52.783000050112605,28.972889653754617,49.756548385493716,-20.7836587317391,0.03463943121956516,0.03463943121956516,6,0,True
SP4_DIAG_wrench_market_motion_safety,crossing_traffic,crossing_traffic_v00,5407,logit_motion_field,Logit motion field,model_based,decentralized,baseline,logit_softmax_motion_field,sp4_population_motion_family,none,distributed_logit_smoothed_motion_field,local_softmax_flow_scores,0,6,False,False,6,18.0,0,0.28,0.35,0.08,0.12,34.0,inf,1.0,0.0,24.48,29.279999999999998,91.62948489588942,15.27158081598157,1.0214828093870933,667.5478584055029,19,0.011111111111111112,27,-0.30773229371489635,18.0,12.26175814731119,0.4465374507596954,0.7150668537932425,0.0,2.536020541814292,8520,54.28859998937696,27.33136807218262,49.756548385493716,-22.425180313311095,0.037375300522185156,0.037375300522185156,6,0,True
SP4_DIAG_wrench_market_motion_safety,crossing_traffic,crossing_traffic_v00,5407,bnn_motion_field,BNN/Brown motion field,model_based,decentralized,baseline,brown_bnn_positive_excess_field,sp4_population_motion_family,none,distributed_bnn_positive_excess_motion_field,local_positive_excess_neighbor_scores,0,6,False,False,6,18.0,0,0.28,0.35,0.08,0.12,34.0,inf,1.0,0.0,25.040000000000003,30.0,91.65393020882604,15.27565503480434,1.02121036643917,667.755782977287,19,0.011111111111111112,26,-0.29946703903154276,18.0,12.222911827324907,0.44665657996503894,0.6988153343888506,0.0,3.096020541814292,8520,51.65299994405359,26.427910857618723,49.756548385493716,-23.328637527874992,0.03888106254645832,0.03888106254645832,6,0,True
SP4_DIAG_wrench_market_motion_safety,crossing_traffic,crossing_traffic_v00,5407,primal_dual_motion_field,Primal-dual motion field,model_based,decentralized,proposed,primal_dual_barrier_motion_field,sp4_motion_proposed,none,distributed_primal_dual_barrier_motion_field,local_barrier_dual_prices,0,7,False,False,6,18.0,0,0.28,0.35,0.08,0.12,34.0,inf,0.8333333333333334,0.16666666666666666,24.912,31.919999999999998,101.00212875027853,16.83368812504642,0.926692781748793,737.241561523401,0,0.0,0,0.20996084701537254,18.0,12.081086186568427,0.49221310307153254,0.7313183731976344,0.0,4.482687208480958,8520,71.12529990263283,18.95778272637137,49.756548385493716,-30.798765659122346,0.05133127609853724,0.05133127609853724,5,1,False
SP4_DIAG_wrench_market_motion_safety,crossing_traffic,crossing_traffic_v00,5407,pid_safety_motion,PID safety motion,model_based,decentralized,proposed,pid_damped_safety_motion,sp4_motion_proposed,none,distributed_pid_damped_safety_feedback,local_target_error_and_clearance,0,5,False,False,6,18.0,0,0.28,0.35,0.08,0.12,34.0,inf,0.6666666666666666,0.3333333333333333,26.099999999999998,29.279999999999998,100.027696456786,16.67128274279767,0.9357202751798005,728.3438746657986,0,0.0,0,0.18479676809885415,18.0,11.871290796458528,0.48746440768414284,0.6663122955800668,0.0,6.789353875147625,8520,72.46460008900613,-13.596198633817565,49.756548385493716,-63.35274701931128,0.10558791169885214,0.10558791169885214,4,2,False
SP4_DIAG_wrench_market_motion_safety,crossing_traffic,crossing_traffic_v00,5407,tensor_flow_motion_field,Smooth tensor-flow motion,model_based,decentralized,proposed,smooth_tensor_flow_barrier_motion,sp4_motion_proposed,none,distributed_smooth_tensor_flow_motion_field,local_anisotropic_clearance_tensor,0,8,False,False,6,18.0,0,0.28,0.35,0.08,0.12,34.0,inf,0.8333333333333334,0.16666666666666666,25.584,32.28,100.95963761192935,16.826606268654892,0.9270828012865793,735.8972831025695,0,0.0,0,0.12389558474373719,18.0,12.054351074941632,0.49200603124721853,0.7150668537932425,0.0,5.0426872084809595,8520,72.94919993728399,18.0845735610165,49.756548385493716,-31.671974824477214,0.052786624707462024,0.052786624707462024,5,1,False
SP4_DIAG_wrench_market_motion_safety,crossing_traffic,crossing_traffic_v00,5407,reference_time_expanded_cbf,Reference time-expanded CBF,model_based_reference,centralized,reference,time_expanded_safe_cbf_reference,sp4_motion_reference,none,centralized_time_expanded_cbf_reference,global_state_and_release_schedule,0,8,False,False,6,18.0,0,0.28,0.35,0.08,0.12,34.0,inf,1.0,0.0,25.22,32.76,102.16117756473963,17.026862927456605,0.9161791777001812,741.5992550263562,0,0.0,0,0.3214735046023529,18.0,12.198411012591707,0.4978614891069187,0.7800729314108099,0.0,3.2760205418142916,8520,66.79690000601113,49.756548385493716,49.756548385493716,0.0,0.0,0.0,6,0,True
SP4_DIAG_wrench_market_motion_safety,crossing_traffic,crossing_traffic_v00,5408,direct_to_target,Direct to target,classic,decentralized,baseline,direct_single_integrator,sp4_motion_baseline,none,local_target_feedback,none,0,0,False,False,6,18.0,0,0.28,0.35,0.08,0.12,34.0,inf,1.0,0.0,22.02,25.32,91.66294704518486,15.277157840864144,1.02072461971807,687.6431758034199,36,0.021052631578947368,55,-0.49235065676966144,18.0,12.396741538782361,0.44670052166269425,0.7640640633325371,1.1102230246251565e-16,0.0,8520,12.450500042177737,7.199404102551446,39.658260366359464,-32.458856263808016,0.05409809377301336,0.05409809377301336,6,0,True
SP4_DIAG_wrench_market_motion_safety,crossing_traffic,crossing_traffic_v00,5408,priority_yield,Priority yield,classic,centralized,baseline,priority_release_yield,sp4_motion_baseline,none,centralized_priority_schedule,global_priority_order,0,2,False,False,6,18.0,0,0.28,0.35,0.08,0.12,34.0,inf,1.0,0.0,24.560000000000002,27.959999999999997,91.77579786634311,15.295966311057185,1.019469500022141,688.1263451032135,40,0.023391812865497075,47,-0.4864585522234054,18.0,12.26668172259588,0.44725047693149667,0.7029389382659341,0.0,2.132933465394919,8520,22.476500016637146,-2.5082898588206053,39.658260366359464,-42.16655022518007,0.07027758370863345,0.07027758370863345,6,0,True
SP4_DIAG_wrench_market_motion_safety,crossing_traffic,crossing_traffic_v00,5408,apf_obstacle_avoidance,APF obstacle avoidance,classic,decentralized,baseline,artificial_potential_field,sp4_motion_baseline,none,local_apf_feedback,local_obstacle_robot_neighbors,0,4,False,False,6,18.0,0,0.28,0.35,0.08,0.12,34.0,inf,1.0,0.0,23.92,27.48,91.62827707613573,15.271379512689288,1.0211108377296112,687.2313335281457,39,0.02280701754385965,51,-0.44655603636676955,18.0,12.262088655433084,0.446531564698517,0.7029389382659341,0.0,1.4929334653949191,8520,39.84300000593066,-0.03937639729448872,39.658260366359464,-39.69763676365395,0.06616272793942325,0.06616272793942325,6,0,True
SP4_DIAG_wrench_market_motion_safety,crossing_traffic,crossing_traffic_v00,5408,velocity_obstacle_proxy,Velocity obstacle proxy,sota,decentralized,baseline,velocity_obstacle_proxy,sp4_motion_sota_proxy,none,local_velocity_obstacle_proxy,local_relative_state_neighbors,0,5,False,False,6,18.0,0,0.28,0.35,0.08,0.12,34.0,inf,1.0,0.0,24.439999999999998,28.08,91.59742794253768,15.266237990422946,1.0214547380482022,686.9984401502778,39,0.02280701754385965,49,-0.4407009446024081,18.0,12.223923554162534,0.44638122779014394,0.6876576569992835,0.0,2.0129334653949194,8520,52.52989998552948,-0.862260654124233,39.658260366359464,-40.5205210204837,0.06753420170080617,0.06753420170080617,6,0,True
SP4_DIAG_wrench_market_motion_safety,crossing_traffic,crossing_traffic_v00,5408,cbf_safety_filter,CBF safety filter,sota,centralized,baseline,cbf_velocity_projection_proxy,sp4_motion_sota_proxy,none,centralized_cbf_velocity_projection_proxy,global_relative_state,0,6,False,False,6,18.0,0,0.28,0.35,0.08,0.12,34.0,inf,0.8333333333333334,0.16666666666666666,28.248,33.24,114.0198828765582,19.0033138127597,0.8205816775502917,845.9154070797816,4,0.0023391812865497076,7,-0.07280739034730038,18.0,11.886340940801428,0.5556524506654871,0.7182202195325849,0.0,6.779600132061586,8520,64.8273000260815,4.945103275306733,39.658260366359464,-34.71315709105273,0.05785526181842122,0.05785526181842122,5,1,False
SP4_DIAG_wrench_market_motion_safety,crossing_traffic,crossing_traffic_v00,5408,smith_motion_field,Smith-QR motion field,model_based,decentralized,proposed,smith_qr_congestion_field,sp4_motion_proposed,none,distributed_smith_qr_motion_field,local_congestion_price_neighbors,0,6,False,False,6,18.0,0,0.28,0.35,0.08,0.12,34.0,inf,0.6666666666666666,0.3333333333333333,26.43,28.919999999999998,113.14041686923855,18.856736144873093,0.8269602442164272,837.1046101825024,10,0.005847953216374269,13,-0.20908202601953374,18.0,11.82085924302685,0.5513665539436562,0.718220219532585,0.0,6.526266798728254,8520,99.6941999765113,-31.955692199022415,39.658260366359464,-71.61395256538188,0.1193565876089698,0.1193565876089698,4,2,False
SP4_DIAG_wrench_market_motion_safety,crossing_traffic,crossing_traffic_v00,5408,replicator_motion_field,Replicator motion field,model_based,decentralized,baseline,replicator_target_congestion_field,sp4_population_motion_family,none,distributed_replicator_motion_field,local_target_obstacle_neighbor_scores,0,5,False,False,6,18.0,0,0.28,0.35,0.08,0.12,34.0,inf,1.0,0.0,23.92,27.48,91.60858740200491,15.268097900334153,1.0213303077620233,687.0794405742621,39,0.02280701754385965,51,-0.4468702314522418,18.0,12.261357522349464,0.4464356111208814,0.7029389382659341,0.0,1.4929334653949191,8520,52.193199982866645,-0.03352573944687176,39.658260366359464,-39.69178610580634,0.06615297684301057,0.06615297684301057,6,0,True
SP4_DIAG_wrench_market_motion_safety,crossing_traffic,crossing_traffic_v00,5408,logit_motion_field,Logit motion field,model_based,decentralized,baseline,logit_softmax_motion_field,sp4_population_motion_family,none,distributed_logit_smoothed_motion_field,local_softmax_flow_scores,0,6,False,False,6,18.0,0,0.28,0.35,0.08,0.12,34.0,inf,1.0,0.0,25.040000000000003,28.799999999999997,91.68155401256871,15.280259002094786,1.020517461474391,687.4481668008112,40,0.023391812865497075,53,-0.4573555602048255,18.0,12.186850183058741,0.4467911988916615,0.6723763757326326,0.0,2.612933465394919,8520,50.69860001094639,-3.2487744279662145,39.658260366359464,-42.90703479432568,0.07151172465720947,0.07151172465720947,6,0,True
SP4_DIAG_wrench_market_motion_safety,crossing_traffic,crossing_traffic_v00,5408,bnn_motion_field,BNN/Brown motion field,model_based,decentralized,baseline,brown_bnn_positive_excess_field,sp4_population_motion_family,none,distributed_bnn_positive_excess_motion_field,local_positive_excess_neighbor_scores,0,6,False,False,6,18.0,0,0.28,0.35,0.08,0.12,34.0,inf,1.0,0.0,25.580000000000002,29.4,91.62556161770411,15.270926936284019,1.0211410998528112,686.943602532833,40,0.023391812865497075,49,-0.4600367747315552,18.0,12.144430511140499,0.4465183314702922,0.6570950944659819,0.0,3.15293346539492,8520,60.36090000998229,-4.095410458416218,39.658260366359464,-43.75367082477568,0.07292278470795947,0.07292278470795947,6,0,True
SP4_DIAG_wrench_market_motion_safety,crossing_traffic,crossing_traffic_v00,5408,primal_dual_motion_field,Primal-dual motion field,model_based,decentralized,proposed,primal_dual_barrier_motion_field,sp4_motion_proposed,none,distributed_primal_dual_barrier_motion_field,local_barrier_dual_prices,0,7,False,False,6,18.0,0,0.28,0.35,0.08,0.12,34.0,inf,1.0,0.0,29.62,33.96,109.92420266180052,18.32070044363342,0.8511558373800022,811.7384235011012,5,0.0029239766081871343,9,-0.04738793794142848,18.0,11.852807203629292,0.5356929954278772,0.6876576569992834,0.0,7.19293346539492,8520,85.98289999645203,33.28974731974375,39.658260366359464,-6.3685130466157105,0.010614188411026184,0.010614188411026184,6,0,True
SP4_DIAG_wrench_market_motion_safety,crossing_traffic,crossing_traffic_v00,5408,pid_safety_motion,PID safety motion,model_based,decentralized,proposed,pid_damped_safety_motion,sp4_motion_proposed,none,distributed_pid_damped_safety_feedback,local_target_error_and_clearance,0,5,False,False,6,18.0,0,0.28,0.35,0.08,0.12,34.0,inf,0.5,0.5,29.399999999999995,31.68,107.39878832927886,17.89979805487981,0.8711702265958156,796.7364522291784,12,0.007017543859649123,15,-0.21065124179253064,18.0,11.60867602939212,0.5233859080374208,0.6265325319326803,0.0,9.27293346539492,8520,84.14559997618198,-66.65720321789102,39.658260366359464,-106.3154635842505,0.17719243930708417,0.17719243930708417,3,3,False
SP4_DIAG_wrench_market_motion_safety,crossing_traffic,crossing_traffic_v00,5408,tensor_flow_motion_field,Smooth tensor-flow motion,model_based,decentralized,proposed,smooth_tensor_flow_barrier_motion,sp4_motion_proposed,none,distributed_smooth_tensor_flow_motion_field,local_anisotropic_clearance_tensor,0,8,False,False,6,18.0,0,0.28,0.35,0.08,0.12,34.0,inf,0.8333333333333334,0.16666666666666666,29.135999999999996,31.799999999999997,108.5486631579547,18.09144385965912,0.8619417691840768,801.8339864092902,4,0.0023391812865497076,9,-0.056807835859681854,18.0,11.830474315656325,0.5289895865397415,0.6723763757326328,0.0,7.519600132061584,8520,91.56950004398823,5.405585820104426,39.658260366359464,-34.25267454625504,0.05708779091042506,0.05708779091042506,5,1,False
SP4_DIAG_wrench_market_motion_safety,crossing_traffic,crossing_traffic_v00,5408,reference_time_expanded_cbf,Reference time-expanded CBF,model_based_reference,centralized,reference,time_expanded_safe_cbf_reference,sp4_motion_reference,none,centralized_time_expanded_cbf_reference,global_state_and_release_schedule,0,8,False,False,6,18.0,0,0.28,0.35,0.08,0.12,34.0,inf,1.0,0.0,27.580000000000002,33.36,108.91583576378581,18.152639293964302,0.8590360263850924,804.1729449818165,3,0.0017543859649122807,8,-0.04412959831583052,18.0,12.013375338250466,0.5307789267241024,0.7335015007992356,0.0,5.15293346539492,8520,69.33490000665188,39.658260366359464,39.658260366359464,0.0,0.0,0.0,6,0,True
SP4_DIAG_wrench_market_motion_safety,crossing_traffic,crossing_traffic_v00,5409,direct_to_target,Direct to target,classic,decentralized,baseline,direct_single_integrator,sp4_motion_baseline,none,local_target_feedback,none,0,0,False,False,6,18.0,0,0.28,0.35,0.08,0.12,34.0,inf,1.0,0.0,21.860000000000003,24.72,91.69611249360092,15.282685415600154,1.0213481723241433,766.4043977520854,33,0.01929824561403509,58,-0.39197764506741095,18.0,12.396058462134643,0.44686214665497465,0.7389395126109333,1.1102230246251565e-16,0.0,8520,14.466600026935339,10.871021800202715,34.8126737207896,-23.94165192058688,0.039902753200978136,0.039902753200978136,6,0,True
SP4_DIAG_wrench_market_motion_safety,crossing_traffic,crossing_traffic_v00,5409,priority_yield,Priority yield,classic,centralized,baseline,priority_release_yield,sp4_motion_baseline,none,centralized_priority_schedule,global_priority_order,0,2,False,False,6,18.0,0,0.28,0.35,0.08,0.12,34.0,inf,1.0,0.0,24.419999999999998,28.08,91.88529484567913,15.314215807613188,1.0192453217009225,767.6363206792595,67,0.0391812865497076,94,-0.3145985129472427,18.0,12.270124195852976,0.4477840879419064,0.6798243516020587,0.0,2.136403409074368,8520,25.43329994659871,-40.99821579214025,34.8126737207896,-75.81088951292985,0.12635148252154974,0.12635148252154974,6,0,True
SP4_DIAG_wrench_market_motion_safety,crossing_traffic,crossing_traffic_v00,5409,apf_obstacle_avoidance,APF obstacle avoidance,classic,decentralized,baseline,artificial_potential_field,sp4_motion_baseline,none,local_apf_feedback,local_obstacle_robot_neighbors,0,4,False,False,6,18.0,0,0.28,0.35,0.08,0.12,34.0,inf,1.0,0.0,23.779999999999998,26.88,91.74741176613317,15.291235294355529,1.020777099884782,766.6590629458263,34,0.019883040935672516,59,-0.39332750621987145,18.0,12.264111884921778,0.4471121431098111,0.6798243516020587,0.0,1.4964034090743688,8520,35.97450000233948,6.381680536378403,34.8126737207896,-28.430993184411193,0.04738498864068532,0.04738498864068532,6,0,True
SP4_DIAG_wrench_market_motion_safety,crossing_traffic,crossing_traffic_v00,5409,velocity_obstacle_proxy,Velocity obstacle proxy,sota,decentralized,baseline,velocity_obstacle_proxy,sp4_motion_sota_proxy,none,local_velocity_obstacle_proxy,local_relative_state_neighbors,0,5,False,False,6,18.0,0,0.28,0.35,0.08,0.12,34.0,inf,1.0,0.0,24.319999999999997,27.48,91.77318269965932,15.29553044994322,1.0204904542873177,766.6758349606808,37,0.021637426900584796,60,-0.3981271033608626,18.0,12.2279140121311,0.44723773245447945,0.6650455613498399,0.0,2.036403409074369,8520,49.047700013034046,1.3013168950646339,34.8126737207896,-33.51135682572496,0.055852261376208266,0.055852261376208266,6,0,True
SP4_DIAG_wrench_market_motion_safety,crossing_traffic,crossing_traffic_v00,5409,cbf_safety_filter,CBF safety filter,sota,centralized,baseline,cbf_velocity_projection_proxy,sp4_motion_sota_proxy,none,centralized_cbf_velocity_projection_proxy,global_relative_state,0,6,False,False,6,18.0,0,0.28,0.35,0.08,0.12,34.0,inf,1.0,0.0,27.939999999999998,33.6,109.50577820266885,18.25096303377814,0.8552394078350637,916.3923523420001,0,0.0,0,0.1670216991655774,18.0,11.939944317068937,0.5336538898765533,0.6946031418542773,0.0,5.656403409074368,8520,63.07150004431605,42.040805271992845,34.8126737207896,7.228131551203248,0.0,0.0,6,0,True
SP4_DIAG_wrench_market_motion_safety,crossing_traffic,crossing_traffic_v00,5409,smith_motion_field,Smith-QR motion field,model_based,decentralized,proposed,smith_qr_congestion_field,sp4_motion_proposed,none,distributed_smith_qr_motion_field,local_congestion_price_neighbors,0,6,False,False,6,18.0,0,0.28,0.35,0.08,0.12,34.0,inf,1.0,0.0,26.899999999999995,31.439999999999998,105.3428470971223,17.557141182853716,0.8890366976527894,885.9556638531359,0,0.0,0,0.42789774956451465,18.0,12.043710897255373,0.5133667012530334,0.6946031418542773,0.0,4.616403409074368,8520,79.07179999165237,44.92501700010175,34.8126737207896,10.11234327931215,0.0,0.0,6,0,True
SP4_DIAG_wrench_market_motion_safety,crossing_traffic,crossing_traffic_v00,5409,replicator_motion_field,Replicator motion field,model_based,decentralized,baseline,replicator_target_congestion_field,sp4_population_motion_family,none,distributed_replicator_motion_field,local_target_obstacle_neighbor_scores,0,5,False,False,6,18.0,0,0.28,0.35,0.08,0.12,34.0,inf,1.0,0.0,23.779999999999998,26.88,91.7260502449781,15.287675040829683,1.0210148224462088,766.4787804625001,34,0.019883040935672516,59,-0.39287159876339717,18.0,12.263329784197545,0.4470080421295231,0.6798243516020587,0.0,1.4964034090743688,8520,54.71669998951256,6.38818289586578,34.8126737207896,-28.424490824923815,0.047374151374873025,0.047374151374873025,6,0,True
SP4_DIAG_wrench_market_motion_safety,crossing_traffic,crossing_traffic_v00,5409,logit_motion_field,Logit motion field,model_based,decentralized,baseline,logit_softmax_motion_field,sp4_population_motion_family,none,distributed_logit_smoothed_motion_field,local_softmax_flow_scores,0,6,False,False,6,18.0,0,0.28,0.35,0.08,0.12,34.0,inf,1.0,0.0,24.879999999999995,28.08,91.76530723219688,15.294217872032812,1.0205780346552245,766.7013428355139,37,0.021637426900584796,60,-0.40608472316666305,18.0,12.188777915471249,0.4471993529834148,0.6502667710976213,0.0,2.596403409074368,8520,50.017000059597194,0.40679441915804837,34.8126737207896,-34.40587930163155,0.05734313216938592,0.05734313216938592,6,0,True
SP4_DIAG_wrench_market_motion_safety,crossing_traffic,crossing_traffic_v00,5409,bnn_motion_field,BNN/Brown motion field,model_based,decentralized,baseline,brown_bnn_positive_excess_field,sp4_population_motion_family,none,distributed_bnn_positive_excess_motion_field,local_positive_excess_neighbor_scores,0,6,False,False,6,18.0,0,0.28,0.35,0.08,0.12,34.0,inf,1.0,0.0,25.439999999999998,28.68,91.76968797742722,15.294947996237871,1.0205293160373883,766.5662642141383,40,0.023391812865497075,61,-0.40091473226054364,18.0,12.148205886674923,0.4472207016443815,0.6354879808454026,0.0,3.1564034090743682,8520,60.44050003401935,-4.699344874368352,34.8126737207896,-39.51201859515795,0.06585336432526324,0.06585336432526324,6,0,True
SP4_DIAG_wrench_market_motion_safety,crossing_traffic,crossing_traffic_v00,5409,primal_dual_motion_field,Primal-dual motion field,model_based,decentralized,proposed,primal_dual_barrier_motion_field,sp4_motion_proposed,none,distributed_primal_dual_barrier_motion_field,local_barrier_dual_prices,0,7,False,False,6,18.0,0,0.28,0.35,0.08,0.12,34.0,inf,1.0,0.0,27.5,31.439999999999998,103.24612955006342,17.207688258343904,0.9070912131302341,868.1935734094603,0,0.0,0,0.1087726406564089,18.0,11.994219952004698,0.5031487794837395,0.6650455613498399,0.0,5.216403409074369,8520,91.4533999748528,44.60391576489145,34.8126737207896,9.79124204410185,0.0,0.0,6,0,True
SP4_DIAG_wrench_market_motion_safety,crossing_traffic,crossing_traffic_v00,5409,pid_safety_motion,PID safety motion,model_based,decentralized,proposed,pid_damped_safety_motion,sp4_motion_proposed,none,distributed_pid_damped_safety_feedback,local_target_error_and_clearance,0,5,False,False,6,18.0,0,0.28,0.35,0.08,0.12,34.0,inf,0.8333333333333334,0.16666666666666666,29.711999999999996,32.76,103.82809714671687,17.304682857786144,0.9020068697996912,872.990658279961,0,0.0,0,0.33529282227821966,18.0,11.764052559672775,0.5059848788826372,0.6059304003409652,0.0,8.143070075741035,8520,80.66340000368655,10.578578711589344,34.8126737207896,-24.234095009200253,0.04039015834866709,0.04039015834866709,5,1,False
SP4_DIAG_wrench_market_motion_safety,crossing_traffic,crossing_traffic_v00,5409,tensor_flow_motion_field,Smooth tensor-flow motion,model_based,decentralized,proposed,smooth_tensor_flow_barrier_motion,sp4_motion_proposed,none,distributed_smooth_tensor_flow_motion_field,local_anisotropic_clearance_tensor,0,8,False,False,6,18.0,0,0.28,0.35,0.08,0.12,34.0,inf,1.0,0.0,28.24,32.4,103.69821118436194,17.283035197393655,0.9031366677874926,872.055081685397,0,0.0,0,0.24460228851847998,18.0,11.938528605761057,0.5053519063565388,0.6502667710976213,0.0,5.956403409074369,8520,85.54679993540049,43.281842722586404,34.8126737207896,8.469169001796807,0.0,0.0,6,0,True
SP4_DIAG_wrench_market_motion_safety,crossing_traffic,crossing_traffic_v00,5409,reference_time_expanded_cbf,Reference time-expanded CBF,model_based_reference,centralized,reference,time_expanded_safe_cbf_reference,sp4_motion_reference,none,centralized_time_expanded_cbf_reference,global_state_and_release_schedule,0,8,False,False,6,18.0,0,0.28,0.35,0.08,0.12,34.0,inf,1.0,0.0,27.840000000000003,31.08,110.50206350636417,18.417010584394028,0.8475285794022709,931.5328448161144,5,0.0029239766081871343,9,-0.10529082097817755,18.0,11.972028170713292,0.5385090814150307,0.709381932106496,0.0,5.556403409074368,8520,72.24730006419122,34.8126737207896,34.8126737207896,0.0,0.0,0.0,6,0,True
SP4_DIAG_wrench_market_motion_safety,crossing_traffic,crossing_traffic_v00,5410,direct_to_target,Direct to target,classic,decentralized,baseline,direct_single_integrator,sp4_motion_baseline,none,local_target_feedback,none,0,0,False,False,6,18.0,0,0.28,0.35,0.08,0.12,34.0,inf,1.0,0.0,20.2,22.919999999999998,91.4330137520292,15.238835625338199,1.0215463754582048,643.2434412766618,36,0.021052631578947368,53,-0.46509221153210284,18.0,12.507345393932113,0.44557998904497587,0.8178003502841055,2.220446049250313e-16,0.0,8520,12.78019999153912,10.605986772313273,50.59784778819298,-39.99186101587971,0.06665310169313285,0.06665310169313285,6,0,True
SP4_DIAG_wrench_market_motion_safety,crossing_traffic,crossing_traffic_v00,5410,priority_yield,Priority yield,classic,centralized,baseline,priority_release_yield,sp4_motion_baseline,none,centralized_priority_schedule,global_priority_order,0,2,False,False,6,18.0,0,0.28,0.35,0.08,0.12,34.0,inf,1.0,0.0,22.62,26.16,91.67062975964582,15.278438293274304,1.018898463341008,645.0189216329975,31,0.018128654970760234,49,-0.31452486042932615,18.0,12.389227954374935,0.4467379617916459,0.752376322261377,0.0,2.044975537715968,8520,24.12090008147061,13.681500306723382,50.59784778819298,-36.9163474814696,0.06152724580244933,0.06152724580244933,6,0,True
SP4_DIAG_wrench_market_motion_safety,crossing_traffic,crossing_traffic_v00,5410,apf_obstacle_avoidance,APF obstacle avoidance,classic,decentralized,baseline,artificial_potential_field,sp4_motion_baseline,none,local_apf_feedback,local_obstacle_robot_neighbors,0,4,False,False,6,18.0,0,0.28,0.35,0.08,0.12,34.0,inf,1.0,0.0,21.98,24.96,91.4993306809569,15.24988844682615,1.0208059785845507,643.4946182518067,38,0.022222222222222223,55,-0.4774381778219271,18.0,12.387088276173374,0.44590317095982857,0.752376322261377,0.0,1.4049755377159674,8520,34.207799937576056,4.933867734338073,50.59784778819298,-45.66398005385491,0.07610663342309151,0.07610663342309151,6,0,True
SP4_DIAG_wrench_market_motion_safety,crossing_traffic,crossing_traffic_v00,5410,velocity_obstacle_proxy,Velocity obstacle proxy,sota,decentralized,baseline,velocity_obstacle_proxy,sp4_motion_sota_proxy,none,local_velocity_obstacle_proxy,local_relative_state_neighbors,0,5,False,False,6,18.0,0,0.28,0.35,0.08,0.12,34.0,inf,1.0,0.0,22.459999999999997,25.56,91.47367583442093,15.245612639070155,1.021092275385075,643.2804816158175,39,0.02280701754385965,56,-0.4806654111885114,18.0,12.350810254748943,0.4457781473412322,0.7360203152556949,0.0,1.8849755377159667,8520,48.21429995354265,2.7701443950060565,50.59784778819298,-47.82770339318692,0.07971283898864487,0.07971283898864487,6,0,True
SP4_DIAG_wrench_market_motion_safety,crossing_traffic,crossing_traffic_v00,5410,cbf_safety_filter,CBF safety filter,sota,centralized,baseline,cbf_velocity_projection_proxy,sp4_motion_sota_proxy,none,centralized_cbf_velocity_projection_proxy,global_relative_state,0,6,False,False,6,18.0,0,0.28,0.35,0.08,0.12,34.0,inf,1.0,0.0,25.34,29.64,107.28316903498153,17.88052817249692,0.8706217819232198,757.4074895110938,0,0.0,0,0.10455533053782018,18.0,12.182088251278426,0.5228224611841203,0.7687323292670591,0.0,4.764975537715967,8520,55.208300007507205,48.27962791719311,50.59784778819298,-2.3182198709998687,0.0038636997849997813,0.0038636997849997813,6,0,True
SP4_DIAG_wrench_market_motion_safety,crossing_traffic,crossing_traffic_v00,5410,smith_motion_field,Smith-QR motion field,model_based,decentralized,proposed,smith_qr_congestion_field,sp4_motion_proposed,none,distributed_smith_qr_motion_field,local_congestion_price_neighbors,0,6,False,False,6,18.0,0,0.28,0.35,0.08,0.12,34.0,inf,1.0,0.0,26.539999999999996,31.919999999999998,112.51069048771188,18.75178174795198,0.8301705677098022,791.5288776967745,0,0.0,0,0.2797337622531254,18.0,12.144176452864917,0.5482977119284204,0.7687323292670591,0.0,5.964975537715968,8520,89.95600009802729,44.868359315735646,50.59784778819298,-5.729488472457334,0.009549147454095555,0.009549147454095555,6,0,True
SP4_DIAG_wrench_market_motion_safety,crossing_traffic,crossing_traffic_v00,5410,replicator_motion_field,Replicator motion field,model_based,decentralized,baseline,replicator_target_congestion_field,sp4_population_motion_family,none,distributed_replicator_motion_field,local_target_obstacle_neighbor_scores,0,5,False,False,6,18.0,0,0.28,0.35,0.08,0.12,34.0,inf,1.0,0.0,21.98,24.96,91.47302900334238,15.245504833890395,1.021099495810866,643.3091823096172,39,0.02280701754385965,55,-0.47769972120067467,18.0,12.385959366118671,0.4457749951429937,0.752376322261377,0.0,1.4049755377159674,8520,60.778799932450056,3.537999690905343,50.59784778819298,-47.059848097287635,0.07843308016214606,0.07843308016214606,6,0,True
SP4_DIAG_wrench_market_motion_safety,crossing_traffic,crossing_traffic_v00,5410,logit_motion_field,Logit motion field,model_based,decentralized,baseline,logit_softmax_motion_field,sp4_population_motion_family,none,distributed_logit_smoothed_motion_field,local_softmax_flow_scores,0,6,False,False,6,18.0,0,0.28,0.35,0.08,0.12,34.0,inf,1.0,0.0,22.98,26.16,91.46800711732067,15.244667852886778,1.0211555574377276,643.1147926116707,40,0.023391812865497075,56,-0.4815177909179526,18.0,12.314834671904915,0.4457505220142336,0.7196643082500127,0.0,2.4049755377159676,8520,53.8544999435544,0.5375396308797669,50.59784778819298,-50.060308157313216,0.08343384692885536,0.08343384692885536,6,0,True
SP4_DIAG_wrench_market_motion_safety,crossing_traffic,crossing_traffic_v00,5410,bnn_motion_field,BNN/Brown motion field,model_based,decentralized,baseline,brown_bnn_positive_excess_field,sp4_population_motion_family,none,distributed_bnn_positive_excess_motion_field,local_positive_excess_neighbor_scores,0,6,False,False,6,18.0,0,0.28,0.35,0.08,0.12,34.0,inf,1.0,0.0,23.5,26.759999999999998,91.48774490636035,15.24795748439339,1.0209352508492329,643.2440221694806,40,0.023391812865497075,59,-0.4745601868592517,18.0,12.27788405632708,0.44584671006998267,0.7033083012443306,0.0,2.9249755377159676,8520,55.877899983897805,-0.30009497828706433,50.59784778819298,-50.89794276648004,0.08482990461080007,0.08482990461080007,6,0,True
SP4_DIAG_wrench_market_motion_safety,crossing_traffic,crossing_traffic_v00,5410,primal_dual_motion_field,Primal-dual motion field,model_based,decentralized,proposed,primal_dual_barrier_motion_field,sp4_motion_proposed,none,distributed_primal_dual_barrier_motion_field,local_barrier_dual_prices,0,7,False,False,6,18.0,0,0.28,0.35,0.08,0.12,34.0,inf,1.0,0.0,26.460000000000004,30.84,107.34728685006236,17.891214475010393,0.8701017653670803,757.9958918447317,0,0.0,0,0.15131722383977764,18.0,12.128963997521218,0.5231349261698939,0.7360203152556949,0.0,5.884975537715967,8520,94.83059996273369,46.467637974538945,50.59784778819298,-4.130209813654034,0.0068836830227567225,0.0068836830227567225,6,0,True
SP4_DIAG_wrench_market_motion_safety,crossing_traffic,crossing_traffic_v00,5410,pid_safety_motion,PID safety motion,model_based,decentralized,proposed,pid_damped_safety_motion,sp4_motion_proposed,none,distributed_pid_damped_safety_feedback,local_target_error_and_clearance,0,5,False,False,6,18.0,0,0.28,0.35,0.08,0.12,34.0,inf,0.8333333333333334,0.16666666666666666,28.776,34.08,109.3419168211509,18.22365280352515,0.8542292517917328,769.6709881222681,0,0.0,0,0.18772672746089214,18.0,11.929900413648184,0.5328553451323149,0.6705962872329664,0.0,9.071642204382634,8520,76.89720008056611,11.646735084790784,50.59784778819298,-38.951112703402195,0.064918521172337,0.064918521172337,5,1,False
SP4_DIAG_wrench_market_motion_safety,crossing_traffic,crossing_traffic_v00,5410,tensor_flow_motion_field,Smooth tensor-flow motion,model_based,decentralized,proposed,smooth_tensor_flow_barrier_motion,sp4_motion_proposed,none,distributed_smooth_tensor_flow_motion_field,local_anisotropic_clearance_tensor,0,8,False,False,6,18.0,0,0.28,0.35,0.08,0.12,34.0,inf,1.0,0.0,26.98,31.08,107.21414017719272,17.869023362865452,0.871182323910246,754.290013049879,0,0.0,0,0.10828250261427996,18.0,12.114523541077057,0.52248606324168,0.7196643082500128,0.0,6.404975537715967,8520,85.45379992574453,45.7019890305188,50.59784778819298,-4.895858757674176,0.008159764596123628,0.008159764596123628,6,0,True
SP4_DIAG_wrench_market_motion_safety,crossing_traffic,crossing_traffic_v00,5410,reference_time_expanded_cbf,Reference time-expanded CBF,model_based_reference,centralized,reference,time_expanded_safe_cbf_reference,sp4_motion_reference,none,centralized_time_expanded_cbf_reference,global_state_and_release_schedule,0,8,False,False,6,18.0,0,0.28,0.35,0.08,0.12,34.0,inf,1.0,0.0,24.320000000000004,28.08,104.87126858201653,17.478544763669422,0.8906449312430889,741.8473123763374,0,0.0,0,0.18054147011907185,18.0,12.233256152217116,0.511068560341211,0.7850883362727412,0.0,3.744975537715968,8520,62.89409997407347,50.59784778819298,50.59784778819298,0.0,0.0,0.0,6,0,True
SP4_DIAG_wrench_market_motion_safety,crossing_traffic,crossing_traffic_v00,5411,direct_to_target,Direct to target,classic,decentralized,baseline,direct_single_integrator,sp4_motion_baseline,none,local_target_feedback,none,0,0,False,False,6,18.0,0,0.28,0.35,0.08,0.12,34.0,inf,1.0,0.0,21.819999999999997,24.24,91.9881549048161,15.331359150802683,1.0203673587524738,755.8818305290512,25,0.014619883040935672,31,-0.35624070586200407,18.0,12.424893798553207,0.4482853552866284,0.763008290245208,2.220446049250313e-16,0.0,8520,15.274499892257154,22.20406831740433,46.936672687695626,-24.732604370291295,0.04122100728381883,0.04122100728381883,6,0,True
SP4_DIAG_wrench_market_motion_safety,crossing_traffic,crossing_traffic_v00,5411,priority_yield,Priority yield,classic,centralized,baseline,priority_release_yield,sp4_motion_baseline,none,centralized_priority_schedule,global_priority_order,0,2,False,False,6,18.0,0,0.28,0.35,0.08,0.12,34.0,inf,1.0,0.0,24.399999999999995,27.599999999999998,92.28751707210994,15.381252845351655,1.0170574920051287,758.2146541661123,31,0.018128654970760234,41,-0.40716822254560037,18.0,12.293113026799496,0.44974423524420104,0.7019676270255913,0.0,2.1917548161392273,8520,21.577099920250475,9.565827772650136,46.936672687695626,-37.37084491504549,0.062284741525075814,0.062284741525075814,6,0,True
SP4_DIAG_wrench_market_motion_safety,crossing_traffic,crossing_traffic_v00,5411,apf_obstacle_avoidance,APF obstacle avoidance,classic,decentralized,baseline,artificial_potential_field,sp4_motion_baseline,none,local_apf_feedback,local_obstacle_robot_neighbors,0,4,False,False,6,18.0,0,0.28,0.35,0.08,0.12,34.0,inf,1.0,0.0,23.72,26.4,91.9971817464662,15.332863624411033,1.0202672394401477,755.7832857287527,27,0.015789473684210527,34,-0.36852843452614187,18.0,12.292560460902447,0.4483293457430132,0.7019676270255913,0.0,1.5117548161392271,8520,34.14480003993958,16.356050316384653,46.936672687695626,-30.580622371310973,0.05096770395218495,0.05096770395218495,6,0,True
SP4_DIAG_wrench_market_motion_safety,crossing_traffic,crossing_traffic_v00,5411,velocity_obstacle_proxy,Velocity obstacle proxy,sota,decentralized,baseline,velocity_obstacle_proxy,sp4_motion_sota_proxy,none,local_velocity_obstacle_proxy,local_relative_state_neighbors,0,5,False,False,6,18.0,0,0.28,0.35,0.08,0.12,34.0,inf,1.0,0.0,24.22,26.88,91.92559906113505,15.32093317685584,1.0210617239961415,755.2334709851145,28,0.016374269005847954,34,-0.3716807750346458,18.0,12.252908933422782,0.4479805022472474,0.6867074612206873,0.0,2.0117548161392285,8520,57.4624000582844,14.173787882664048,46.936672687695626,-32.762884805031575,0.054604808008385956,0.054604808008385956,6,0,True
SP4_DIAG_wrench_market_motion_safety,crossing_traffic,crossing_traffic_v00,5411,cbf_safety_filter,CBF safety filter,sota,centralized,baseline,cbf_velocity_projection_proxy,sp4_motion_sota_proxy,none,centralized_cbf_velocity_projection_proxy,global_relative_state,0,6,False,False,6,18.0,0,0.28,0.35,0.08,0.12,34.0,inf,1.0,0.0,27.299999999999997,33.12,107.52059855534236,17.920099759223728,0.8729649194468415,882.9342991663855,0,0.0,4,0.04515100711583553,18.0,12.025755168399593,0.5239795251235002,0.7172277928304955,0.0,5.091754816139227,8520,67.57019995711744,43.83612532616082,46.936672687695626,-3.100547361534808,0.005167578935891347,0.005167578935891347,6,0,True
SP4_DIAG_wrench_market_motion_safety,crossing_traffic,crossing_traffic_v00,5411,smith_motion_field,Smith-QR motion field,model_based,decentralized,proposed,smith_qr_congestion_field,sp4_motion_proposed,none,distributed_smith_qr_motion_field,local_congestion_price_neighbors,0,6,False,False,6,18.0,0,0.28,0.35,0.08,0.12,34.0,inf,1.0,0.0,27.76,32.28,109.67168845005034,18.278614741675057,0.8558426699110198,905.3910250301935,0,0.0,0,0.1331056622493687,18.0,12.00590471382085,0.5344624193472232,0.7172277928304955,0.0,5.551754816139229,8520,92.40189997944981,42.40231829068699,46.936672687695626,-4.534354397008634,0.007557257328347724,0.007557257328347724,6,0,True
SP4_DIAG_wrench_market_motion_safety,crossing_traffic,crossing_traffic_v00,5411,replicator_motion_field,Replicator motion field,model_based,decentralized,baseline,replicator_target_congestion_field,sp4_population_motion_family,none,distributed_replicator_motion_field,local_target_obstacle_neighbor_scores,0,5,False,False,6,18.0,0,0.28,0.35,0.08,0.12,34.0,inf,1.0,0.0,23.72,26.4,91.97535838267785,15.329226397112976,1.0205093223579984,755.6034600121002,28,0.016374269005847954,34,-0.36747971555103387,18.0,12.291758706640255,0.44822299406763083,0.7019676270255915,0.0,1.5117548161392271,8520,52.903000032529235,14.959140941654777,46.936672687695626,-31.97753174604085,0.05329588624340142,0.05329588624340142,6,0,True
SP4_DIAG_wrench_market_motion_safety,crossing_traffic,crossing_traffic_v00,5411,logit_motion_field,Logit motion field,model_based,decentralized,baseline,logit_softmax_motion_field,sp4_population_motion_family,none,distributed_logit_smoothed_motion_field,local_softmax_flow_scores,0,6,False,False,6,18.0,0,0.28,0.35,0.08,0.12,34.0,inf,1.0,0.0,24.799999999999997,27.599999999999998,91.97081274954971,15.328468791591618,1.0205597607617116,755.5202030631856,29,0.01695906432748538,35,-0.36831296441494593,18.0,12.215880089128389,0.44820084185940434,0.6714472954157831,0.0,2.5917548161392276,8520,47.158799949102104,11.829464778502304,46.936672687695626,-35.10720790919332,0.05851201318198887,0.05851201318198887,6,0,True
SP4_DIAG_wrench_market_motion_safety,crossing_traffic,crossing_traffic_v00,5411,bnn_motion_field,BNN/Brown motion field,model_based,decentralized,baseline,brown_bnn_positive_excess_field,sp4_population_motion_family,none,distributed_bnn_positive_excess_motion_field,local_positive_excess_neighbor_scores,0,6,False,False,6,18.0,0,0.28,0.35,0.08,0.12,34.0,inf,1.0,0.0,25.34,28.2,91.9292200828753,15.321536680479218,1.0210215051549785,755.0377592622945,30,0.017543859649122806,36,-0.37390709475516803,18.0,12.174461868158478,0.44799814855202397,0.656187129610879,0.0,3.131754816139228,8520,56.165600079111755,9.575930831249746,46.936672687695626,-37.360741856445884,0.062267903094076475,0.062267903094076475,6,0,True
SP4_DIAG_wrench_market_motion_safety,crossing_traffic,crossing_traffic_v00,5411,primal_dual_motion_field,Primal-dual motion field,model_based,decentralized,proposed,primal_dual_barrier_motion_field,sp4_motion_proposed,none,distributed_primal_dual_barrier_motion_field,local_barrier_dual_prices,0,7,False,False,6,18.0,0,0.28,0.35,0.08,0.12,34.0,inf,1.0,0.0,28.5,33.0,107.12460936332701,17.8541015605545,0.8761918593177451,880.6398276350556,0,0.0,0,0.09628866522556045,18.0,11.93574929288565,0.522049753232589,0.6867074612206873,0.0,6.291754816139228,8520,83.24399997945875,42.02618766371751,46.936672687695626,-4.910485023978119,0.008184141706630198,0.008184141706630198,6,0,True
SP4_DIAG_wrench_market_motion_safety,crossing_traffic,crossing_traffic_v00,5411,pid_safety_motion,PID safety motion,model_based,decentralized,proposed,pid_damped_safety_motion,sp4_motion_proposed,none,distributed_pid_damped_safety_feedback,local_target_error_and_clearance,0,5,False,False,6,18.0,0,0.28,0.35,0.08,0.12,34.0,inf,0.6666666666666666,0.3333333333333333,28.38,33.0,104.13816546331753,17.356360910552922,0.9013190336044784,860.0877138892919,0,0.0,2,0.068925859258815,18.0,11.761316109724627,0.5074959330571026,0.6256667980010705,0.0,8.045088149472562,8520,84.19840002898127,-18.249940207489438,46.936672687695626,-65.18661289518506,0.10864435482530845,0.10864435482530845,4,2,False
SP4_DIAG_wrench_market_motion_safety,crossing_traffic,crossing_traffic_v00,5411,tensor_flow_motion_field,Smooth tensor-flow motion,model_based,decentralized,proposed,smooth_tensor_flow_barrier_motion,sp4_motion_proposed,none,distributed_smooth_tensor_flow_motion_field,local_anisotropic_clearance_tensor,0,8,False,False,6,18.0,0,0.28,0.35,0.08,0.12,34.0,inf,0.8333333333333334,0.16666666666666666,28.536,32.4,108.59435529519318,18.09905921586553,0.8643332372257779,895.42225310522,7,0.004093567251461989,19,-0.15687843494766296,18.0,11.775151231040448,0.5292122577738458,0.6714472954157831,0.0,7.238421482805895,8520,85.4154999833554,1.0491245671631901,46.936672687695626,-45.887548120532436,0.07647924686755406,0.07647924686755406,5,1,False
SP4_DIAG_wrench_market_motion_safety,crossing_traffic,crossing_traffic_v00,5411,reference_time_expanded_cbf,Reference time-expanded CBF,model_based_reference,centralized,reference,time_expanded_safe_cbf_reference,sp4_motion_reference,none,centralized_time_expanded_cbf_reference,global_state_and_release_schedule,0,8,False,False,6,18.0,0,0.28,0.35,0.08,0.12,34.0,inf,1.0,0.0,25.98,30.0,103.96398491341498,17.327330818902496,0.9028290973543589,862.3250631353066,0,0.0,0,0.23758269861445835,18.0,12.141142495164097,0.5066470999679089,0.7324879586353996,0.0,3.7717548161392283,8520,74.35909996274859,46.936672687695626,46.936672687695626,0.0,0.0,0.0,6,0,True
SP4_DIAG_wrench_market_motion_safety,crossing_traffic,crossing_traffic_v00,5412,direct_to_target,Direct to target,classic,decentralized,baseline,direct_single_integrator,sp4_motion_baseline,none,local_target_feedback,none,0,0,False,False,6,18.0,0,0.28,0.35,0.08,0.12,34.0,inf,1.0,0.0,22.039999999999996,26.759999999999998,91.67024235019039,15.278373725031733,1.0205342615530413,706.0136609387968,8,0.004678362573099415,15,-0.2895729947468522,18.0,12.442079689289159,0.4467360738313372,0.7802068284947319,2.220446049250313e-16,0.0,8520,15.751800034195185,46.280339898131544,17.400111130454214,28.88022876767733,0.0,0.0,6,0,True
SP4_DIAG_wrench_market_motion_safety,crossing_traffic,crossing_traffic_v00,5412,priority_yield,Priority yield,classic,centralized,baseline,priority_release_yield,sp4_motion_baseline,none,centralized_priority_schedule,global_priority_order,0,2,False,False,6,18.0,0,0.28,0.35,0.08,0.12,34.0,inf,1.0,0.0,24.539999999999996,30.24,91.6425913736411,15.273765228940183,1.02084218354118,705.5987565103184,7,0.004093567251461989,11,-0.1606954855961859,18.0,12.31651273243624,0.4466013224836302,0.7177902822151534,0.0,2.1046243004822016,8520,22.135999985039234,43.69408092918701,17.400111130454214,26.293969798732796,0.0,0.0,6,0,True
SP4_DIAG_wrench_market_motion_safety,crossing_traffic,crossing_traffic_v00,5412,apf_obstacle_avoidance,APF obstacle avoidance,classic,decentralized,baseline,artificial_potential_field,sp4_motion_baseline,none,local_apf_feedback,local_obstacle_robot_neighbors,0,4,False,False,6,18.0,0,0.28,0.35,0.08,0.12,34.0,inf,1.0,0.0,23.94,29.04,91.6280592934145,15.271343215569082,1.0210040876633923,705.5011457351317,8,0.004678362573099415,13,-0.2577008422930682,18.0,12.309755446509346,0.44653050337921246,0.7177902822151534,0.0,1.5046243004822017,8520,33.41329994145781,43.254745322658884,17.400111130454214,25.85463419220467,0.0,0.0,6,0,True
SP4_DIAG_wrench_market_motion_safety,crossing_traffic,crossing_traffic_v00,5412,velocity_obstacle_proxy,Velocity obstacle proxy,sota,decentralized,baseline,velocity_obstacle_proxy,sp4_motion_sota_proxy,none,local_velocity_obstacle_proxy,local_relative_state_neighbors,0,5,False,False,6,18.0,0,0.28,0.35,0.08,0.12,34.0,inf,1.0,0.0,24.459999999999997,29.759999999999998,91.59455988572053,15.26575998095342,1.0213775053885554,705.2348892896829,7,0.004093567251461989,14,-0.25743766067513413,18.0,12.271994618499157,0.4463672509050707,0.7021861456452587,0.0,2.0246243004822015,8520,50.3861999604851,43.83628652873589,17.400111130454214,26.436175398281677,0.0,0.0,6,0,True
SP4_DIAG_wrench_market_motion_safety,crossing_traffic,crossing_traffic_v00,5412,cbf_safety_filter,CBF safety filter,sota,centralized,baseline,cbf_velocity_projection_proxy,sp4_motion_sota_proxy,none,centralized_cbf_velocity_projection_proxy,global_relative_state,0,6,False,False,6,18.0,0,0.28,0.35,0.08,0.12,34.0,inf,1.0,0.0,26.319999999999997,31.799999999999997,102.4904865053933,17.081747750898884,0.9127932384077122,787.6265522893268,0,0.0,0,0.13375593030540367,18.0,12.09753156448507,0.4994663085058153,0.733394418785048,0.0,3.884624300482202,8520,57.51870002131909,47.46382744592021,17.400111130454214,30.063716315465996,0.0,0.0,6,0,True
SP4_DIAG_wrench_market_motion_safety,crossing_traffic,crossing_traffic_v00,5412,smith_motion_field,Smith-QR motion field,model_based,decentralized,proposed,smith_qr_congestion_field,sp4_motion_proposed,none,distributed_smith_qr_motion_field,local_congestion_price_neighbors,0,6,False,False,6,18.0,0,0.28,0.35,0.08,0.12,34.0,inf,0.8333333333333334,0.16666666666666666,26.232,32.879999999999995,107.01635138555633,17.83605856425939,0.87418998939882,824.0358822264659,36,0.021052631578947368,49,-0.13380123567814434,18.0,12.003983860818622,0.5215221802415027,0.733394418785048,0.0,5.0912909671488675,8520,77.36549992114305,-35.51960524989407,17.400111130454214,-52.919716380348284,0.08819952730058048,0.08819952730058048,5,1,False
SP4_DIAG_wrench_market_motion_safety,crossing_traffic,crossing_traffic_v00,5412,replicator_motion_field,Replicator motion field,model_based,decentralized,baseline,replicator_target_congestion_field,sp4_population_motion_family,none,distributed_replicator_motion_field,local_target_obstacle_neighbor_scores,0,5,False,False,6,18.0,0,0.28,0.35,0.08,0.12,34.0,inf,1.0,0.0,23.94,29.04,91.60724061218218,15.267873435363697,1.0212361212722632,705.3448098051599,8,0.004678362573099415,13,-0.2587886780808903,18.0,12.308935585438196,0.44642904781765125,0.7177902822151535,0.0,1.5046243004822017,8520,48.597600078210235,43.26088879182972,17.400111130454214,25.860777661375508,0.0,0.0,6,0,True
SP4_DIAG_wrench_market_motion_safety,crossing_traffic,crossing_traffic_v00,5412,logit_motion_field,Logit motion field,model_based,decentralized,baseline,logit_softmax_motion_field,sp4_population_motion_family,none,distributed_logit_smoothed_motion_field,local_softmax_flow_scores,0,6,False,False,6,18.0,0,0.28,0.35,0.08,0.12,34.0,inf,1.0,0.0,25.040000000000003,30.36,91.62824846560713,15.271374744267854,1.021001979737232,705.4072657344777,7,0.004093567251461989,14,-0.2606177674660112,18.0,12.23605948541945,0.4465314252709903,0.6865820090753642,0.0,2.6046243004822016,8520,55.097199976444244,42.899151276712885,17.400111130454214,25.49904014625867,0.0,0.0,6,0,True
SP4_DIAG_wrench_market_motion_safety,crossing_traffic,crossing_traffic_v00,5412,bnn_motion_field,BNN/Brown motion field,model_based,decentralized,baseline,brown_bnn_positive_excess_field,sp4_population_motion_family,none,distributed_bnn_positive_excess_motion_field,local_positive_excess_neighbor_scores,0,6,False,False,6,18.0,0,0.28,0.35,0.08,0.12,34.0,inf,1.0,0.0,25.600000000000005,31.08,91.62055278488997,15.270092130814994,1.0210877389365474,705.3717725485329,7,0.004093567251461989,12,-0.25377273843180004,18.0,12.195297903653545,0.44649392195365467,0.6709778725054695,0.0,3.1646243004822012,8520,53.21449995972216,42.00519925833011,17.400111130454214,24.605088127875895,0.0,0.0,6,0,True
SP4_DIAG_wrench_market_motion_safety,crossing_traffic,crossing_traffic_v00,5412,primal_dual_motion_field,Primal-dual motion field,model_based,decentralized,proposed,primal_dual_barrier_motion_field,sp4_motion_proposed,none,distributed_primal_dual_barrier_motion_field,local_barrier_dual_prices,0,7,False,False,6,18.0,0,0.28,0.35,0.08,0.12,34.0,inf,0.8333333333333334,0.16666666666666666,26.616000000000003,33.0,103.88822554816443,17.314704258027405,0.9005122822111079,799.5748734879387,0,0.0,0,0.1228975074488512,18.0,11.976988821989899,0.5062779022815025,0.7021861456452587,0.0,5.41129096714887,8520,81.98569994419813,15.427508311191097,17.400111130454214,-1.9726028192631162,0.003287671365438527,0.003287671365438527,5,1,False
SP4_DIAG_wrench_market_motion_safety,crossing_traffic,crossing_traffic_v00,5412,pid_safety_motion,PID safety motion,model_based,decentralized,proposed,pid_damped_safety_motion,sp4_motion_proposed,none,distributed_pid_damped_safety_feedback,local_target_error_and_clearance,0,5,False,False,6,18.0,0,0.28,0.35,0.08,0.12,34.0,inf,0.5,0.5,25.48,29.4,101.23716374549343,16.872860624248904,0.9240936788631079,775.449846107155,0,0.0,0,0.10101731422886473,18.0,11.763397663894322,0.49335849778505647,0.6397695993656801,0.0,7.304624300482203,8520,69.9157000053674,-45.11067448508011,17.400111130454214,-62.510785615534324,0.10418464269255721,0.10418464269255721,3,3,False
SP4_DIAG_wrench_market_motion_safety,crossing_traffic,crossing_traffic_v00,5412,tensor_flow_motion_field,Smooth tensor-flow motion,model_based,decentralized,proposed,smooth_tensor_flow_barrier_motion,sp4_motion_proposed,none,distributed_smooth_tensor_flow_motion_field,local_anisotropic_clearance_tensor,0,8,False,False,6,18.0,0,0.28,0.35,0.08,0.12,34.0,inf,0.8333333333333334,0.16666666666666666,26.544,32.16,101.53628309035567,16.92271384839261,0.9213713584531035,780.9882649571775,0,0.0,50,0.018350492629045534,18.0,11.963795635305363,0.49481619439744506,0.686582009075364,0.0,5.351290967148867,8520,78.79129995126277,16.226801737216647,17.400111130454214,-1.1733093932375667,0.0019555156553959442,0.0019555156553959442,5,1,False
SP4_DIAG_wrench_market_motion_safety,crossing_traffic,crossing_traffic_v00,5412,reference_time_expanded_cbf,Reference time-expanded CBF,model_based_reference,centralized,reference,time_expanded_safe_cbf_reference,sp4_motion_reference,none,centralized_time_expanded_cbf_reference,global_state_and_release_schedule,0,8,False,False,6,18.0,0,0.28,0.35,0.08,0.12,34.0,inf,0.8333333333333334,0.16666666666666666,24.984,30.959999999999997,104.54476907424792,17.424128179041322,0.8948570446102244,805.4706339877895,0,0.0,0,0.13051267916427078,18.0,12.147736958237786,0.509477432135712,0.7489985553549426,0.0,4.051290967148868,8520,74.39029996749014,17.400111130454214,17.400111130454214,0.0,0.0,0.0,5,1,False
SP4_DIAG_wrench_market_motion_safety,crossing_traffic,crossing_traffic_v00,5413,direct_to_target,Direct to target,classic,decentralized,baseline,direct_single_integrator,sp4_motion_baseline,none,local_target_feedback,none,0,0,False,False,6,18.0,0,0.28,0.35,0.08,0.12,34.0,inf,1.0,0.0,22.02,25.56,91.69174004666564,15.281956674444274,1.0208175390007388,672.4333752541692,31,0.018128654970760234,47,-0.3415533365806448,18.0,12.38265872209173,0.44684083843404293,0.7424674954234849,2.220446049250313e-16,0.0,8520,11.914500035345554,14.362711507367305,47.84035993309078,-33.47764842572347,0.05579608070953912,0.05579608070953912,6,0,True
SP4_DIAG_wrench_market_motion_safety,crossing_traffic,crossing_traffic_v00,5413,priority_yield,Priority yield,classic,centralized,baseline,priority_release_yield,sp4_motion_baseline,none,centralized_priority_schedule,global_priority_order,0,2,False,False,6,18.0,0,0.28,0.35,0.08,0.12,34.0,inf,1.0,0.0,24.540000000000003,27.959999999999997,91.74277305334354,15.290462175557257,1.02024969712556,672.5342035026588,51,0.02982456140350877,69,-0.4615285047223081,18.0,12.255396538476717,0.4470895372969961,0.6830700957896061,0.0,2.10994561940545,8520,24.041800061240792,-17.751699475183234,47.84035993309078,-65.59205940827401,0.10932009901379001,0.10932009901379001,6,0,True
SP4_DIAG_wrench_market_motion_safety,crossing_traffic,crossing_traffic_v00,5413,apf_obstacle_avoidance,APF obstacle avoidance,classic,decentralized,baseline,artificial_potential_field,sp4_motion_baseline,none,local_apf_feedback,local_obstacle_robot_neighbors,0,4,False,False,6,18.0,0,0.28,0.35,0.08,0.12,34.0,inf,1.0,0.0,23.899999999999995,27.72,91.60252665824049,15.267087776373415,1.0218117320098232,671.714094261634,34,0.019883040935672516,48,-0.3221573331716478,18.0,12.245597203636333,0.4464060753325565,0.6830700957896061,0.0,1.4699456194054494,8520,38.215900072827935,7.1710049469567165,47.84035993309078,-40.66935498613407,0.06778225831022344,0.06778225831022344,6,0,True
SP4_DIAG_wrench_market_motion_safety,crossing_traffic,crossing_traffic_v00,5413,velocity_obstacle_proxy,Velocity obstacle proxy,sota,decentralized,baseline,velocity_obstacle_proxy,sp4_motion_sota_proxy,none,local_velocity_obstacle_proxy,local_relative_state_neighbors,0,5,False,False,6,18.0,0,0.28,0.35,0.08,0.12,34.0,inf,1.0,0.0,24.439999999999998,28.32,91.62253945547567,15.270423242579279,1.0215885411757033,671.7702972251079,36,0.021052631578947368,47,-0.31792536970083257,18.0,12.209189090526088,0.44650360358418933,0.6682207458811363,0.0,2.00994561940545,8520,49.91569998674095,3.4950225580705867,47.84035993309078,-44.34533737502019,0.07390889562503365,0.07390889562503365,6,0,True
SP4_DIAG_wrench_market_motion_safety,crossing_traffic,crossing_traffic_v00,5413,cbf_safety_filter,CBF safety filter,sota,centralized,baseline,cbf_velocity_projection_proxy,sp4_motion_sota_proxy,none,centralized_cbf_velocity_projection_proxy,global_relative_state,0,6,False,False,6,18.0,0,0.28,0.35,0.08,0.12,34.0,inf,1.0,0.0,26.799999999999997,33.96,104.74598469670599,17.457664116117666,0.8935954604098177,775.2545425760056,8,0.004678362573099415,21,-0.02688263856881412,18.0,11.993012712141613,0.5104580150911601,0.6979194456980756,0.0,4.36994561940545,8520,59.329999960027635,35.095267765526025,47.84035993309078,-12.745092167564756,0.021241820279274595,0.021241820279274595,6,0,True
SP4_DIAG_wrench_market_motion_safety,crossing_traffic,crossing_traffic_v00,5413,smith_motion_field,Smith-QR motion field,model_based,decentralized,proposed,smith_qr_congestion_field,sp4_motion_proposed,none,distributed_smith_qr_motion_field,local_congestion_price_neighbors,0,6,False,False,6,18.0,0,0.28,0.35,0.08,0.12,34.0,inf,0.8333333333333334,0.16666666666666666,25.895999999999997,31.68,106.30591391890557,17.717652319817596,0.88048287221852,787.3127305497035,0,0.0,9,0.05106629398614071,18.0,11.92294294592613,0.5180600093513922,0.6979194456980756,0.0,4.816612286072117,8520,81.29550004377961,15.978238299010389,47.84035993309078,-31.862121634080392,0.053103536056800654,0.053103536056800654,5,1,False
SP4_DIAG_wrench_market_motion_safety,crossing_traffic,crossing_traffic_v00,5413,replicator_motion_field,Replicator motion field,model_based,decentralized,baseline,replicator_target_congestion_field,sp4_population_motion_family,none,distributed_replicator_motion_field,local_target_obstacle_neighbor_scores,0,5,False,False,6,18.0,0,0.28,0.35,0.08,0.12,34.0,inf,1.0,0.0,23.899999999999995,27.72,91.5834246069393,15.26390410115655,1.022024856821532,671.5765152164618,34,0.019883040935672516,49,-0.3224411321246005,18.0,12.244916984110795,0.4463129854139349,0.6830700957896061,0.0,1.4699456194054494,8520,70.03760000225157,7.1765831886947,47.84035993309078,-40.66377674439608,0.06777296124066014,0.06777296124066014,6,0,True
SP4_DIAG_wrench_market_motion_safety,crossing_traffic,crossing_traffic_v00,5413,logit_motion_field,Logit motion field,model_based,decentralized,baseline,logit_softmax_motion_field,sp4_population_motion_family,none,distributed_logit_smoothed_motion_field,local_softmax_flow_scores,0,6,False,False,6,18.0,0,0.28,0.35,0.08,0.12,34.0,inf,1.0,0.0,25.039999999999996,29.04,91.7077475048061,15.284624584134349,1.0206393567373075,672.2757534906539,37,0.021637426900584796,51,-0.3233898813746199,18.0,12.173411662910036,0.4469188474893086,0.6533713959726666,0.0,2.6099456194054493,8520,54.25390007440001,1.107713452632619,47.84035993309078,-46.732646480458165,0.07788774413409694,0.07788774413409694,6,0,True
SP4_DIAG_wrench_market_motion_safety,crossing_traffic,crossing_traffic_v00,5413,bnn_motion_field,BNN/Brown motion field,model_based,decentralized,baseline,brown_bnn_positive_excess_field,sp4_population_motion_family,none,distributed_bnn_positive_excess_motion_field,local_positive_excess_neighbor_scores,0,6,False,False,6,18.0,0,0.28,0.35,0.08,0.12,34.0,inf,1.0,0.0,25.599999999999998,29.64,91.70194080280866,15.28365680046811,1.020703985125099,672.2680724217721,38,0.022222222222222223,51,-0.3253845654642946,18.0,12.13226971528291,0.44689054972128894,0.6385220460641969,0.0,3.1699456194054503,8520,55.494300089776516,-1.1904410341689697,47.84035993309078,-49.03080096725975,0.08171800161209958,0.08171800161209958,6,0,True
SP4_DIAG_wrench_market_motion_safety,crossing_traffic,crossing_traffic_v00,5413,primal_dual_motion_field,Primal-dual motion field,model_based,decentralized,proposed,primal_dual_barrier_motion_field,sp4_motion_proposed,none,distributed_primal_dual_barrier_motion_field,local_barrier_dual_prices,0,7,False,False,6,18.0,0,0.28,0.35,0.08,0.12,34.0,inf,0.8333333333333334,0.16666666666666666,26.639999999999997,33.0,104.20759852311024,17.36793308718504,0.8982122009113839,771.8490933536855,0,0.0,10,0.03892009354405768,18.0,11.882867476707322,0.5078343007948845,0.6682207458811363,0.0,5.436612286072116,8520,98.33199996501207,15.602504058045554,47.84035993309078,-32.23785587504523,0.05372975979174204,0.05372975979174204,5,1,False
SP4_DIAG_wrench_market_motion_safety,crossing_traffic,crossing_traffic_v00,5413,pid_safety_motion,PID safety motion,model_based,decentralized,proposed,pid_damped_safety_motion,sp4_motion_proposed,none,distributed_pid_damped_safety_feedback,local_target_error_and_clearance,0,5,False,False,6,18.0,0,0.28,0.35,0.08,0.12,34.0,inf,0.6666666666666666,0.3333333333333333,27.66,31.2,101.27466469153987,16.879110781923313,0.9242245995700816,743.8260575305566,0,0.0,0,0.18010757606893424,18.0,11.675773521423205,0.49354125093343,0.6088233462472575,0.0,7.343278952738783,8520,71.79419999010861,-15.689353474110998,47.84035993309078,-63.52971340720178,0.10588285567866963,0.10588285567866963,4,2,False
SP4_DIAG_wrench_market_motion_safety,crossing_traffic,crossing_traffic_v00,5413,tensor_flow_motion_field,Smooth tensor-flow motion,model_based,decentralized,proposed,smooth_tensor_flow_barrier_motion,sp4_motion_proposed,none,distributed_smooth_tensor_flow_motion_field,local_anisotropic_clearance_tensor,0,8,False,False,6,18.0,0,0.28,0.35,0.08,0.12,34.0,inf,0.8333333333333334,0.16666666666666666,27.288,33.839999999999996,103.87708978736168,17.312848297893613,0.9010700686044896,768.9778764938811,0,0.0,10,0.05087451989932734,18.0,11.834953825023236,0.506223634441334,0.6533713959726666,0.0,5.976612286072116,8520,85.78640001360327,14.839928148508278,47.84035993309078,-33.0004317845825,0.055000719640970835,0.055000719640970835,5,1,False
SP4_DIAG_wrench_market_motion_safety,crossing_traffic,crossing_traffic_v00,5413,reference_time_expanded_cbf,Reference time-expanded CBF,model_based_reference,centralized,reference,time_expanded_safe_cbf_reference,sp4_motion_reference,none,centralized_time_expanded_cbf_reference,global_state_and_release_schedule,0,8,False,False,6,18.0,0,0.28,0.35,0.08,0.12,34.0,inf,1.0,0.0,26.120000000000005,32.28,103.38180537988615,17.23030089664769,0.9053869399667452,762.3642883334273,0,0.0,20,0.024352415999794874,18.0,12.04302351995823,0.5038099677382359,0.7127687956065455,0.0,3.6899456194054507,8520,66.5512999985367,47.84035993309078,47.84035993309078,0.0,0.0,0.0,6,0,True
SP4_DIAG_wrench_market_motion_safety,crossing_traffic,crossing_traffic_v00,5414,direct_to_target,Direct to target,classic,decentralized,baseline,direct_single_integrator,sp4_motion_baseline,none,local_target_feedback,none,0,0,False,False,6,18.0,0,0.28,0.35,0.08,0.12,34.0,inf,1.0,0.0,21.66,24.48,91.65627392487448,15.276045654145747,1.021235372886151,701.8714470804001,17,0.009941520467836258,28,-0.42755174002314167,18.0,12.41765759641581,0.4466680015832091,0.7237732806861975,2.220446049250313e-16,0.0,8520,14.175800024531782,34.3012561429166,48.66621638219325,-14.364960239276648,0.023941600398794415,0.023941600398794415,6,0,True
SP4_DIAG_wrench_market_motion_safety,crossing_traffic,crossing_traffic_v00,5414,priority_yield,Priority yield,classic,centralized,baseline,priority_release_yield,sp4_motion_baseline,none,centralized_priority_schedule,global_priority_order,0,2,False,False,6,18.0,0,0.28,0.35,0.08,0.12,34.0,inf,1.0,0.0,24.179999999999996,27.84,91.77861602198311,15.296436003663851,1.0198740527597885,702.6639629252088,44,0.025730994152046785,55,-0.3231843082728262,18.0,12.293789295666164,0.44726421063344535,0.6658714182313017,0.0,2.1057284530970546,8520,20.549100008793175,-7.660321119000649,48.66621638219325,-56.3265375011939,0.09387756250198982,0.09387756250198982,6,0,True
SP4_DIAG_wrench_market_motion_safety,crossing_traffic,crossing_traffic_v00,5414,apf_obstacle_avoidance,APF obstacle avoidance,classic,decentralized,baseline,artificial_potential_field,sp4_motion_baseline,none,local_apf_feedback,local_obstacle_robot_neighbors,0,4,False,False,6,18.0,0,0.28,0.35,0.08,0.12,34.0,inf,1.0,0.0,23.55999999999999,26.64,91.6986702030826,15.283111700513766,1.020763211415445,702.0261799472647,15,0.008771929824561403,26,-0.3800824236878343,18.0,12.286692742076845,0.446874611126133,0.6658714182313017,0.0,1.4857284530970543,8520,34.372500027529895,34.05739917690182,48.66621638219325,-14.60881720529143,0.024348028675485717,0.024348028675485717,6,0,True
SP4_DIAG_wrench_market_motion_safety,crossing_traffic,crossing_traffic_v00,5414,velocity_obstacle_proxy,Velocity obstacle proxy,sota,decentralized,baseline,velocity_obstacle_proxy,sp4_motion_sota_proxy,none,local_velocity_obstacle_proxy,local_relative_state_neighbors,0,5,False,False,6,18.0,0,0.28,0.35,0.08,0.12,34.0,inf,1.0,0.0,24.08,27.24,91.6881554783981,15.281359246399683,1.0208802717279806,701.8839125067643,16,0.00935672514619883,27,-0.3685579682453266,18.0,12.249245654921321,0.44682336977776804,0.6513959526175778,0.0,2.0057284530970545,8520,48.96429996006191,31.82562631880758,48.66621638219325,-16.84059006338567,0.028067650105642782,0.028067650105642782,6,0,True
SP4_DIAG_wrench_market_motion_safety,crossing_traffic,crossing_traffic_v00,5414,cbf_safety_filter,CBF safety filter,sota,centralized,baseline,cbf_velocity_projection_proxy,sp4_motion_sota_proxy,none,centralized_cbf_velocity_projection_proxy,global_relative_state,0,6,False,False,6,18.0,0,0.28,0.35,0.08,0.12,34.0,inf,1.0,0.0,25.98,30.84,103.13282002869437,17.18880333811573,0.9075930344286287,788.8117288075466,0,0.0,0,0.131624154308022,18.0,12.071102120531256,0.5025965888337941,0.6803468838450256,0.0,3.905728453097055,8520,60.371599975042045,47.85466230561177,48.66621638219325,-0.8115540765814799,0.0013525901276357998,0.0013525901276357998,6,0,True
SP4_DIAG_wrench_market_motion_safety,crossing_traffic,crossing_traffic_v00,5414,smith_motion_field,Smith-QR motion field,model_based,decentralized,proposed,smith_qr_congestion_field,sp4_motion_proposed,none,distributed_smith_qr_motion_field,local_congestion_price_neighbors,0,6,False,False,6,18.0,0,0.28,0.35,0.08,0.12,34.0,inf,1.0,0.0,26.959999999999997,33.48,106.8539349153177,17.80898915255295,0.8759867304204095,819.3456658519194,0,0.0,0,0.1456225734405413,18.0,11.996097172158313,0.5207306769752335,0.6803468838450256,0.0,4.885728453097054,8520,90.58449999429286,45.162677660110916,48.66621638219325,-3.5035387220823324,0.005839231203470554,0.005839231203470554,6,0,True
SP4_DIAG_wrench_market_motion_safety,crossing_traffic,crossing_traffic_v00,5414,replicator_motion_field,Replicator motion field,model_based,decentralized,baseline,replicator_target_congestion_field,sp4_population_motion_family,none,distributed_replicator_motion_field,local_target_obstacle_neighbor_scores,0,5,False,False,6,18.0,0,0.28,0.35,0.08,0.12,34.0,inf,1.0,0.0,23.579999999999995,26.64,91.72855984719652,15.288093307866086,1.02043059691496,702.2361170968991,16,0.00935672514619883,28,-0.3823843450582235,18.0,12.287959878231714,0.44702027215982676,0.6658714182313017,0.0,1.5057284530970545,8520,55.652900016866624,32.61321531177059,48.66621638219325,-16.05300107042266,0.026755001784037766,0.026755001784037766,6,0,True
SP4_DIAG_wrench_market_motion_safety,crossing_traffic,crossing_traffic_v00,5414,logit_motion_field,Logit motion field,model_based,decentralized,baseline,logit_softmax_motion_field,sp4_population_motion_family,none,distributed_logit_smoothed_motion_field,local_softmax_flow_scores,0,6,False,False,6,18.0,0,0.28,0.35,0.08,0.12,34.0,inf,1.0,0.0,24.64,27.84,91.69323908516063,15.282206514193438,1.0208236726383981,701.9008563685128,16,0.00935672514619883,28,-0.37187930927144436,18.0,12.211223401443899,0.4468481436898662,0.6369204870038538,0.0,2.565728453097055,8520,50.18190003465861,30.928338486702337,48.66621638219325,-17.73787789549091,0.029563129825818185,0.029563129825818185,6,0,True
SP4_DIAG_wrench_market_motion_safety,crossing_traffic,crossing_traffic_v00,5414,bnn_motion_field,BNN/Brown motion field,model_based,decentralized,baseline,brown_bnn_positive_excess_field,sp4_population_motion_family,none,distributed_bnn_positive_excess_motion_field,local_positive_excess_neighbor_scores,0,6,False,False,6,18.0,0,0.28,0.35,0.08,0.12,34.0,inf,1.0,0.0,25.180000000000003,28.439999999999998,91.6591453713207,15.27652422855345,1.0212033801955105,701.638414233344,16,0.00935672514619883,28,-0.35551919625305534,18.0,12.1699561371957,0.4466819949869434,0.6224450213901299,0.0,3.1057284530970546,8520,53.13889996614307,30.074463525098803,48.66621638219325,-18.591752857094445,0.030986254761824074,0.030986254761824074,6,0,True
SP4_DIAG_wrench_market_motion_safety,crossing_traffic,crossing_traffic_v00,5414,primal_dual_motion_field,Primal-dual motion field,model_based,decentralized,proposed,primal_dual_barrier_motion_field,sp4_motion_proposed,none,distributed_primal_dual_barrier_motion_field,local_barrier_dual_prices,0,7,False,False,6,18.0,0,0.28,0.35,0.08,0.12,34.0,inf,1.0,0.0,27.28,32.519999999999996,103.52729747695759,17.25454957949293,0.9041347679326588,792.2098694329159,0,0.0,0,0.19011683486510866,18.0,11.984477906802168,0.5045189935524247,0.6513959526175778,0.0,5.205728453097055,8520,78.14220001455396,45.65389586074018,48.66621638219325,-3.01232052145307,0.0050205342024217834,0.0050205342024217834,6,0,True
SP4_DIAG_wrench_market_motion_safety,crossing_traffic,crossing_traffic_v00,5414,pid_safety_motion,PID safety motion,model_based,decentralized,proposed,pid_damped_safety_motion,sp4_motion_proposed,none,distributed_pid_damped_safety_feedback,local_target_error_and_clearance,0,5,False,False,6,18.0,0,0.28,0.35,0.08,0.12,34.0,inf,0.6666666666666666,0.3333333333333333,27.749999999999996,31.439999999999998,102.8041473472881,17.13402455788135,0.9104946784181811,785.5167313901128,0,0.0,0,0.08430679208310887,18.0,11.724690691885364,0.5009948701134901,0.593494090162682,0.0,7.759061786430389,8520,72.09719996899366,-16.53874639697117,48.66621638219325,-65.20496277916442,0.10867493796527403,0.10867493796527403,4,2,False
SP4_DIAG_wrench_market_motion_safety,crossing_traffic,crossing_traffic_v00,5414,tensor_flow_motion_field,Smooth tensor-flow motion,model_based,decentralized,proposed,smooth_tensor_flow_barrier_motion,sp4_motion_proposed,none,distributed_smooth_tensor_flow_motion_field,local_anisotropic_clearance_tensor,0,8,False,False,6,18.0,0,0.28,0.35,0.08,0.12,34.0,inf,1.0,0.0,28.22,33.96,104.74618430166196,17.457697383610327,0.893613735937675,801.8383732537037,0,0.0,0,0.0961079975094683,18.0,11.90521064819244,0.5104589878248631,0.6369204870038538,0.0,6.145728453097056,8520,86.2421999918297,43.78545572109733,48.66621638219325,-4.88076066109592,0.008134601101826533,0.008134601101826533,6,0,True
SP4_DIAG_wrench_market_motion_safety,crossing_traffic,crossing_traffic_v00,5414,reference_time_expanded_cbf,Reference time-expanded CBF,model_based_reference,centralized,reference,time_expanded_safe_cbf_reference,sp4_motion_reference,none,centralized_time_expanded_cbf_reference,global_state_and_release_schedule,0,8,False,False,6,18.0,0,0.28,0.35,0.08,0.12,34.0,inf,1.0,0.0,25.540000000000003,30.48,102.7282738767222,17.1213789794537,0.9111671553184186,786.9563364927865,0,0.0,0,0.10971717367812206,18.0,12.118118558457114,0.500625116358295,0.6948223494587497,0.0,3.4657284530970554,8520,61.31200003437698,48.66621638219325,48.66621638219325,0.0,0.0,0.0,6,0,True
SP4_DIAG_wrench_market_motion_safety,narrow_passage,narrow_passage_v00,5400,direct_to_target,Direct to target,classic,decentralized,baseline,direct_single_integrator,sp4_motion_baseline,none,local_target_feedback,none,0,0,False,False,6,18.0,2,0.28,0.35,0.08,0.12,36.0,inf,1.0,0.0,22.42,26.04,95.96190213112958,15.993650355188263,1.0210152436588538,834.3242555944032,293,0.16223698781838317,376,-0.519218233598746,-0.7856536761732427,3.54254447922691,0.44279209178262025,0.773211327473718,2.220446049250313e-16,0.0,9000,13.339699944481254,-334.6956317889121,-98.43474071701064,-236.26089107190148,0.3937681517865025,0.3937681517865025,6,0,True
SP4_DIAG_wrench_market_motion_safety,narrow_passage,narrow_passage_v00,5400,priority_yield,Priority yield,classic,centralized,baseline,priority_release_yield,sp4_motion_baseline,none,centralized_priority_schedule,global_priority_order,0,2,False,False,6,18.0,2,0.28,0.35,0.08,0.12,36.0,inf,1.0,0.0,25.24,29.52,97.00111972824209,16.166853288040347,1.0100766378870538,842.7793278090212,378,0.20930232558139536,472,-0.40032403684659656,-0.7857981431021676,3.411609181005017,0.4475873003333424,0.7113544212758206,0.0,2.390986364968081,9000,24.558900040574372,-452.47762101365237,-98.43474071701064,-354.0428802966417,0.5900714671610695,0.5900714671610695,6,0,True
SP4_DIAG_wrench_market_motion_safety,narrow_passage,narrow_passage_v00,5400,apf_obstacle_avoidance,APF obstacle avoidance,classic,decentralized,baseline,artificial_potential_field,sp4_motion_baseline,none,local_apf_feedback,local_obstacle_robot_neighbors,0,4,False,False,6,18.0,2,0.28,0.35,0.08,0.12,36.0,inf,1.0,0.0,24.7,28.799999999999997,97.24933527671428,16.208222546119046,1.0074985562378715,845.5252741936657,306,0.16943521594684385,404,-0.4220319264086453,-0.508214281881392,3.37350745922254,0.4487326286300949,0.7113544212758206,0.0,1.8509863649680807,9000,49.243600107729435,-356.01462477523904,-98.43474071701064,-257.5798840582284,0.429299806763714,0.429299806763714,6,0,True
SP4_DIAG_wrench_market_motion_safety,narrow_passage,narrow_passage_v00,5400,velocity_obstacle_proxy,Velocity obstacle proxy,sota,decentralized,baseline,velocity_obstacle_proxy,sp4_motion_sota_proxy,none,local_velocity_obstacle_proxy,local_relative_state_neighbors,0,5,False,False,6,18.0,2,0.28,0.35,0.08,0.12,36.0,inf,1.0,0.0,25.14,29.279999999999998,96.82529213087781,16.137548688479637,1.0119108626488382,841.6851837509672,342,0.1893687707641196,430,-0.40339222443853145,-0.4625258274563657,3.351125300507451,0.4467759880531457,0.6958901947263463,0.0,2.2909863649680813,9000,56.4310000045225,-404.42746594018985,-98.43474071701064,-305.9927252231792,0.5099878753719653,0.5099878753719653,6,0,True
SP4_DIAG_wrench_market_motion_safety,narrow_passage,narrow_passage_v00,5400,cbf_safety_filter,CBF safety filter,sota,centralized,baseline,cbf_velocity_projection_proxy,sp4_motion_sota_proxy,none,centralized_cbf_velocity_projection_proxy,global_relative_state,0,6,False,False,6,18.0,2,0.28,0.35,0.08,0.12,36.0,inf,0.5,0.5,33.12,34.92,134.9461118376692,22.491018639611536,0.7260569686086528,1174.413995661281,32,0.017718715393133997,121,0.04114798837310374,-0.2720593738133572,3.5782863116804284,0.6226749346514825,0.7268186478252949,0.0,11.710986364968084,9000,112.07280005328357,-106.75320150442165,-98.43474071701064,-8.318460787411013,0.013864101312351688,0.013864101312351688,3,3,False
SP4_DIAG_wrench_market_motion_safety,narrow_passage,narrow_passage_v00,5400,smith_motion_field,Smith-QR motion field,model_based,decentralized,proposed,smith_qr_congestion_field,sp4_motion_proposed,none,distributed_smith_qr_motion_field,local_congestion_price_neighbors,0,6,False,False,6,18.0,2,0.28,0.35,0.08,0.12,36.0,inf,0.3333333333333333,0.6666666666666666,33.9,35.16,138.00649452369544,23.001082420615905,0.7099561888339945,1204.9421727680744,0,0.0,91,0.26706897113189376,0.007192072923686732,3.4401958078402717,0.6367963017889235,0.7268186478252949,0.0,12.450986364968083,9000,136.733099934645,-95.55751718956043,-98.43474071701064,2.8772235274502123,0.0,0.0,2,4,False
SP4_DIAG_wrench_market_motion_safety,narrow_passage,narrow_passage_v00,5400,replicator_motion_field,Replicator motion field,model_based,decentralized,baseline,replicator_target_congestion_field,sp4_population_motion_family,none,distributed_replicator_motion_field,local_target_obstacle_neighbor_scores,0,5,False,False,6,18.0,2,0.28,0.35,0.08,0.12,36.0,inf,1.0,0.0,24.52,28.439999999999998,96.49548319581622,16.082580532636037,1.0153694415681254,838.8824155739272,360,0.19933554817275748,437,-0.4723892978965579,-0.4950912509123053,3.3997351240260762,0.44525416757021097,0.7113544212758206,0.0,1.670986364968081,9000,59.34909998904914,-427.2551460734368,-98.43474071701064,-328.82040535642614,0.5480340089273769,0.5480340089273769,6,0,True
SP4_DIAG_wrench_market_motion_safety,narrow_passage,narrow_passage_v00,5400,logit_motion_field,Logit motion field,model_based,decentralized,baseline,logit_softmax_motion_field,sp4_population_motion_family,none,distributed_logit_smoothed_motion_field,local_softmax_flow_scores,0,6,False,False,6,18.0,2,0.28,0.35,0.08,0.12,36.0,inf,1.0,0.0,25.680000000000003,29.88,96.67896733148743,16.11316122191457,1.0134424021146082,840.411170238703,359,0.19878183831672203,447,-0.4259271272363329,-0.4332453860815242,3.3130157462969443,0.4461008090231057,0.6804259681768718,0.0,2.8309863649680804,9000,70.41090005077422,-427.83789647544717,-98.43474071701064,-329.4031557584365,0.5490052595973942,0.5490052595973942,6,0,True
SP4_DIAG_wrench_market_motion_safety,narrow_passage,narrow_passage_v00,5400,bnn_motion_field,BNN/Brown motion field,model_based,decentralized,baseline,brown_bnn_positive_excess_field,sp4_population_motion_family,none,distributed_bnn_positive_excess_motion_field,local_positive_excess_neighbor_scores,0,6,False,False,6,18.0,2,0.28,0.35,0.08,0.12,36.0,inf,1.0,0.0,26.299999999999997,30.599999999999998,96.83775675887834,16.139626126479723,1.011780612910567,841.6738446737526,352,0.19490586932447398,446,-0.40759313262298547,-0.4756761570792911,3.26475160754545,0.4468335029479436,0.6649617416273975,0.0,3.450986364968081,9000,59.13849989883602,-419.5751313124283,-98.43474071701064,-321.14039059541767,0.5352339843256961,0.5352339843256961,6,0,True
SP4_DIAG_wrench_market_motion_safety,narrow_passage,narrow_passage_v00,5400,primal_dual_motion_field,Primal-dual motion field,model_based,decentralized,proposed,primal_dual_barrier_motion_field,sp4_motion_proposed,none,distributed_primal_dual_barrier_motion_field,local_barrier_dual_prices,0,7,False,False,6,18.0,2,0.28,0.35,0.08,0.12,36.0,inf,0.3333333333333333,0.6666666666666666,33.42,34.8,132.56025835917848,22.09337639319641,0.7391247278720946,1155.762861867864,14,0.007751937984496124,79,0.2458356707021897,-0.08333622753660808,3.494000365269904,0.6116660131006751,0.6958901947263464,0.0,12.290986364968083,9000,129.0389000205323,-112.21620328715525,-98.43474071701064,-13.781462570144612,0.022969104283574352,0.022969104283574352,2,4,False
SP4_DIAG_wrench_market_motion_safety,narrow_passage,narrow_passage_v00,5400,pid_safety_motion,PID safety motion,model_based,decentralized,proposed,pid_damped_safety_motion,sp4_motion_proposed,none,distributed_pid_damped_safety_feedback,local_target_error_and_clearance,0,5,False,False,6,18.0,2,0.28,0.35,0.08,0.12,36.0,inf,0.0,1.0,36.0,36.0,119.95338304539575,19.99223050756596,0.8168053488687589,1050.9015217585847,29,0.016057585825027684,171,0.018515672473322753,-0.19636828186544464,3.2222297154184654,0.5534947538085816,0.6340332885284489,0.0,13.150986364968082,9000,119.68869995325804,-188.03696546763933,-98.43474071701064,-89.6022247506287,0.14933704125104783,0.14933704125104783,0,6,False
SP4_DIAG_wrench_market_motion_safety,narrow_passage,narrow_passage_v00,5400,tensor_flow_motion_field,Smooth tensor-flow motion,model_based,decentralized,proposed,smooth_tensor_flow_barrier_motion,sp4_motion_proposed,none,distributed_smooth_tensor_flow_motion_field,local_anisotropic_clearance_tensor,0,8,False,False,6,18.0,2,0.28,0.35,0.08,0.12,36.0,inf,0.16666666666666666,0.8333333333333334,33.36,33.36,130.27031844677379,21.711719741128963,0.7521173361253024,1137.2378697343213,0,0.0,96,0.0721143487580399,0.01465946006165697,3.4167650745368214,0.6010996606071144,0.6804259681768718,0.0,12.710986364968084,9000,134.17269999627024,-122.76118208896679,-98.43474071701064,-24.32644137195615,0.04054406895326025,0.04054406895326025,1,5,False
SP4_DIAG_wrench_market_motion_safety,narrow_passage,narrow_passage_v00,5400,reference_time_expanded_cbf,Reference time-expanded CBF,model_based_reference,centralized,reference,time_expanded_safe_cbf_reference,sp4_motion_reference,none,centralized_time_expanded_cbf_reference,global_state_and_release_schedule,0,8,False,False,6,18.0,2,0.28,0.35,0.08,0.12,36.0,inf,0.3333333333333333,0.6666666666666666,31.98,34.92,137.81589534116625,22.969315890194377,0.7109380572091069,1200.5866111832227,3,0.0016611295681063123,99,0.08162176638249563,-0.009148305286089897,3.548732839110413,0.6359168297396007,0.7422828743747693,0.0,11.810986364968082,9000,121.43890000879765,-98.43474071701064,-98.43474071701064,0.0,0.0,0.0,2,4,False
SP4_DIAG_wrench_market_motion_safety,narrow_passage,narrow_passage_v00,5401,direct_to_target,Direct to target,classic,decentralized,baseline,direct_single_integrator,sp4_motion_baseline,none,local_target_feedback,none,0,0,False,False,6,18.0,2,0.28,0.35,0.08,0.12,36.0,inf,1.0,0.0,22.28,27.24,95.7071629329526,15.951193822158766,1.0205790062081033,754.4990966936407,272,0.150609080841639,354,-0.48952470350623145,-0.858011862925629,3.5744851031228864,0.4416166617430449,0.7899265725797815,2.220446049250313e-16,0.0,9000,12.470899964682758,-305.71036083211953,-264.04101719791026,-41.66934363420927,0.06944890605701545,0.06944890605701545,6,0,True
SP4_DIAG_wrench_market_motion_safety,narrow_passage,narrow_passage_v00,5401,priority_yield,Priority yield,classic,centralized,baseline,priority_release_yield,sp4_motion_baseline,none,centralized_priority_schedule,global_priority_order,0,2,False,False,6,18.0,2,0.28,0.35,0.08,0.12,36.0,inf,1.0,0.0,25.24,30.84,97.36492692842549,16.22748782140425,1.0032023266952532,767.0833743008222,342,0.1893687707641196,416,-0.42821739636932965,-0.8588874289068137,3.443648663491091,0.449265997270328,0.7267324467733991,0.0,2.551361899907338,9000,25.401499937288463,-403.96016750114893,-264.04101719791026,-139.91915030323867,0.2331985838387311,0.2331985838387311,6,0,True
SP4_DIAG_wrench_market_motion_safety,narrow_passage,narrow_passage_v00,5401,apf_obstacle_avoidance,APF obstacle avoidance,classic,decentralized,baseline,artificial_potential_field,sp4_motion_baseline,none,local_apf_feedback,local_obstacle_robot_neighbors,0,4,False,False,6,18.0,2,0.28,0.35,0.08,0.12,36.0,inf,1.0,0.0,24.540000000000003,30.119999999999997,96.97721996111076,16.16286999351846,1.0072130472731589,764.1471629050311,308,0.17054263565891473,384,-0.4351215700509797,-0.46510257556306045,3.411572070610063,0.44747702086152996,0.726732446773399,0.0,1.851361899907338,9000,59.29519992787391,-357.54278560189005,-264.04101719791026,-93.50176840397978,0.15583628067329963,0.15583628067329963,6,0,True
SP4_DIAG_wrench_market_motion_safety,narrow_passage,narrow_passage_v00,5401,velocity_obstacle_proxy,Velocity obstacle proxy,sota,decentralized,baseline,velocity_obstacle_proxy,sp4_motion_sota_proxy,none,local_velocity_obstacle_proxy,local_relative_state_neighbors,0,5,False,False,6,18.0,2,0.28,0.35,0.08,0.12,36.0,inf,1.0,0.0,24.960000000000004,30.599999999999998,96.51451879407043,16.085753132345072,1.0120417368657155,760.5551614138255,326,0.1805094130675526,407,-0.4325038014939671,-0.4590321884841313,3.387219509478819,0.4453420025566188,0.7109339153218035,0.0,2.271361899907338,9000,64.43679996300489,-381.99733711096,-264.04101719791026,-117.95631991304975,0.1965938665217496,0.1965938665217496,6,0,True
SP4_DIAG_wrench_market_motion_safety,narrow_passage,narrow_passage_v00,5401,cbf_safety_filter,CBF safety filter,sota,centralized,baseline,cbf_velocity_projection_proxy,sp4_motion_sota_proxy,none,centralized_cbf_velocity_projection_proxy,global_relative_state,0,6,False,False,6,18.0,2,0.28,0.35,0.08,0.12,36.0,inf,0.3333333333333333,0.6666666666666666,32.28,35.64,134.55606052754186,22.426010087923643,0.725918407912341,1064.0534142689721,123,0.0681063122923588,184,-0.005032878668489227,-0.1565387894019581,3.4546530018470527,0.6208751408616741,0.7425309782249946,0.0,12.07136189990734,9000,99.54369999468327,-255.98068362707673,-264.04101719791026,8.060333570833535,0.0,0.0,2,4,False
SP4_DIAG_wrench_market_motion_safety,narrow_passage,narrow_passage_v00,5401,smith_motion_field,Smith-QR motion field,model_based,decentralized,proposed,smith_qr_congestion_field,sp4_motion_proposed,none,distributed_smith_qr_motion_field,local_congestion_price_neighbors,0,6,False,False,6,18.0,2,0.28,0.35,0.08,0.12,36.0,inf,0.16666666666666666,0.8333333333333334,31.68,31.68,136.88087286347155,22.81347881057859,0.7135892633482475,1080.2832596502003,154,0.08527131782945736,183,0.06347854319906043,-0.5595264866537848,3.36238594696965,0.6316024033936487,0.7425309782249947,0.0,12.591361899907339,9000,132.05719995312393,-327.84912075049675,-264.04101719791026,-63.80810355258649,0.10634683925431081,0.10634683925431081,1,5,False
SP4_DIAG_wrench_market_motion_safety,narrow_passage,narrow_passage_v00,5401,replicator_motion_field,Replicator motion field,model_based,decentralized,baseline,replicator_target_congestion_field,sp4_population_motion_family,none,distributed_replicator_motion_field,local_target_obstacle_neighbor_scores,0,5,False,False,6,18.0,2,0.28,0.35,0.08,0.12,36.0,inf,1.0,0.0,24.34,29.759999999999998,96.17367034997963,16.02894505832994,1.0156285070296318,757.9300784970138,334,0.1849390919158361,409,-0.4545221668137562,-0.5593052494301614,3.434765678659362,0.4437692430323903,0.7267324467733991,0.0,1.6513618999073383,9000,66.63379992824048,-391.5353288599723,-264.04101719791026,-127.49431166206205,0.21249051943677008,0.21249051943677008,6,0,True
SP4_DIAG_wrench_market_motion_safety,narrow_passage,narrow_passage_v00,5401,logit_motion_field,Logit motion field,model_based,decentralized,baseline,logit_softmax_motion_field,sp4_population_motion_family,none,distributed_logit_smoothed_motion_field,local_softmax_flow_scores,0,6,False,False,6,18.0,2,0.28,0.35,0.08,0.12,36.0,inf,1.0,0.0,25.48,31.2,96.32488306492976,16.054147177488293,1.0140341532236148,759.0510785505144,341,0.18881506090808417,423,-0.43066213556469946,-0.49386433401165153,3.349186091877244,0.4444669761209384,0.6951353838702077,0.0,2.791361899907338,9000,61.32920004893094,-402.7061312391917,-264.04101719791026,-138.6651140412814,0.2311085234021357,0.2311085234021357,6,0,True
SP4_DIAG_wrench_market_motion_safety,narrow_passage,narrow_passage_v00,5401,bnn_motion_field,BNN/Brown motion field,model_based,decentralized,baseline,brown_bnn_positive_excess_field,sp4_population_motion_family,none,distributed_bnn_positive_excess_motion_field,local_positive_excess_neighbor_scores,0,6,False,False,6,18.0,2,0.28,0.35,0.08,0.12,36.0,inf,1.0,0.0,26.139999999999997,32.04,96.60090302799429,16.100150504665717,1.0111367303140397,761.1656124951706,337,0.18660022148394242,419,-0.43258814753400154,-0.4436313583910261,3.3068666944941842,0.4457406009043664,0.6793368524186121,0.0,3.4513618999073383,9000,67.50239990651608,-398.5283863525723,-264.04101719791026,-134.48736915466202,0.22414561525777002,0.22414561525777002,6,0,True
SP4_DIAG_wrench_market_motion_safety,narrow_passage,narrow_passage_v00,5401,primal_dual_motion_field,Primal-dual motion field,model_based,decentralized,proposed,primal_dual_barrier_motion_field,sp4_motion_proposed,none,distributed_primal_dual_barrier_motion_field,local_barrier_dual_prices,0,7,False,False,6,18.0,2,0.28,0.35,0.08,0.12,36.0,inf,0.16666666666666666,0.8333333333333334,30.959999999999997,30.959999999999997,129.87065641130997,21.645109401884994,0.7521077041742238,1024.814266655357,181,0.10022148394241417,209,-0.05204831340064908,-0.40330478425963534,3.3731597193194647,0.5992555205394515,0.7109339153218034,0.0,12.471361899907338,9000,126.59170001279563,-361.4405818721691,-264.04101719791026,-97.39956467425884,0.1623326077904314,0.1623326077904314,1,5,False
SP4_DIAG_wrench_market_motion_safety,narrow_passage,narrow_passage_v00,5401,pid_safety_motion,PID safety motion,model_based,decentralized,proposed,pid_damped_safety_motion,sp4_motion_proposed,none,distributed_pid_damped_safety_feedback,local_target_error_and_clearance,0,5,False,False,6,18.0,2,0.28,0.35,0.08,0.12,36.0,inf,0.0,1.0,36.0,36.0,118.82621978845576,19.804369964742627,0.8220132005124957,934.0266434747218,172,0.09523809523809523,207,-0.015119388524767352,-0.14195382660678946,3.079176302587066,0.5482937421025087,0.6477397895154208,0.0,13.31136189990734,9000,114.97110000345856,-376.6534633596361,-264.04101719791026,-112.61244616172581,0.18768741026954303,0.18768741026954303,0,6,False
SP4_DIAG_wrench_market_motion_safety,narrow_passage,narrow_passage_v00,5401,tensor_flow_motion_field,Smooth tensor-flow motion,model_based,decentralized,proposed,smooth_tensor_flow_barrier_motion,sp4_motion_proposed,none,distributed_smooth_tensor_flow_motion_field,local_anisotropic_clearance_tensor,0,8,False,False,6,18.0,2,0.28,0.35,0.08,0.12,36.0,inf,0.16666666666666666,0.8333333333333334,31.56,31.56,128.08497300131222,21.347495500218702,0.7625931359809794,1011.0217911205737,160,0.08859357696567,197,-0.015056707653444246,-0.6520349173816291,3.3454222662675432,0.591015933007162,0.6951353838702077,0.0,12.57136189990734,9000,125.96869992557913,-333.1628300224358,-264.04101719791026,-69.12181282452553,0.11520302137420922,0.11520302137420922,1,5,False
SP4_DIAG_wrench_market_motion_safety,narrow_passage,narrow_passage_v00,5401,reference_time_expanded_cbf,Reference time-expanded CBF,model_based_reference,centralized,reference,time_expanded_safe_cbf_reference,sp4_motion_reference,none,centralized_time_expanded_cbf_reference,global_state_and_release_schedule,0,8,False,False,6,18.0,2,0.28,0.35,0.08,0.12,36.0,inf,0.3333333333333333,0.6666666666666666,31.08,34.32,137.04888557904155,22.84148092984026,0.7127144509086556,1081.9024275283066,129,0.07142857142857142,187,0.04020015273954036,-0.8299723705629508,3.393089731360762,0.6323776558649026,0.7583295096765903,0.0,11.671361899907339,9000,116.42299999948591,-264.04101719791026,-264.04101719791026,0.0,0.0,0.0,2,4,False
SP4_DIAG_wrench_market_motion_safety,narrow_passage,narrow_passage_v00,5402,direct_to_target,Direct to target,classic,decentralized,baseline,direct_single_integrator,sp4_motion_baseline,none,local_target_feedback,none,0,0,False,False,6,18.0,2,0.28,0.35,0.08,0.12,36.0,inf,1.0,0.0,22.88,25.56,95.75686611251123,15.95947768541854,1.0202769420424609,698.3628985094322,267,0.1478405315614618,372,-0.481446712962875,-0.7373778907357124,3.480286937883702,0.4418460045796926,0.7850133460191828,2.220446049250313e-16,0.0,9000,14.131800038740039,-299.47541527735507,-449.3531364901497,149.87772121279465,0.0,0.0,6,0,True
SP4_DIAG_wrench_market_motion_safety,narrow_passage,narrow_passage_v00,5402,priority_yield,Priority yield,classic,centralized,baseline,priority_release_yield,sp4_motion_baseline,none,centralized_priority_schedule,global_priority_order,0,2,False,False,6,18.0,2,0.28,0.35,0.08,0.12,36.0,inf,1.0,0.0,25.56,29.04,96.07454046622968,16.01242341103828,1.0169033550692181,700.6678226340716,302,0.1672203765227021,364,-0.5145236179795444,-0.7372261227717904,3.354341767397221,0.4433118330852246,0.7222122783376482,0.0,2.259735635573121,9000,22.40929997060448,-350.3679807833963,-449.3531364901497,98.9851557067534,0.0,0.0,6,0,True
SP4_DIAG_wrench_market_motion_safety,narrow_passage,narrow_passage_v00,5402,apf_obstacle_avoidance,APF obstacle avoidance,classic,decentralized,baseline,artificial_potential_field,sp4_motion_baseline,none,local_apf_feedback,local_obstacle_robot_neighbors,0,4,False,False,6,18.0,2,0.28,0.35,0.08,0.12,36.0,inf,1.0,0.0,25.179999999999996,28.2,96.98036118078875,16.163393530131458,1.0074052245971201,706.800694406162,346,0.19158361018826134,443,-0.47584743757447334,-0.5562483391738122,3.290335555008058,0.44749151523066066,0.7222122783376482,0.0,1.8797356355731214,9000,51.09630001243204,-408.4923508556624,-449.3531364901497,40.86078563448734,0.0,0.0,6,0,True
SP4_DIAG_wrench_market_motion_safety,narrow_passage,narrow_passage_v00,5402,velocity_obstacle_proxy,Velocity obstacle proxy,sota,decentralized,baseline,velocity_obstacle_proxy,sp4_motion_sota_proxy,none,local_velocity_obstacle_proxy,local_relative_state_neighbors,0,5,False,False,6,18.0,2,0.28,0.35,0.08,0.12,36.0,inf,1.0,0.0,25.599999999999998,28.68,96.45769369210245,16.076282282017075,1.012863969655968,702.9912862272054,354,0.19601328903654486,466,-0.48993617351062824,-0.5336989583348002,3.2700691658869534,0.4450797973980362,0.7065120114172646,0.0,2.299735635573121,9000,69.87620005384088,-419.64249916224225,-449.3531364901497,29.710637327907477,0.0,0.0,6,0,True
SP4_DIAG_wrench_market_motion_safety,narrow_passage,narrow_passage_v00,5402,cbf_safety_filter,CBF safety filter,sota,centralized,baseline,cbf_velocity_projection_proxy,sp4_motion_sota_proxy,none,centralized_cbf_velocity_projection_proxy,global_relative_state,0,6,False,False,6,18.0,2,0.28,0.35,0.08,0.12,36.0,inf,0.3333333333333333,0.6666666666666666,31.86,32.519999999999996,132.20407937104054,22.034013228506755,0.7389977903983143,966.0233403249355,217,0.12015503875968993,231,0.11223292822155284,-0.4273519734370257,3.1794760709471435,0.6100225146319694,0.7379125452580318,0.0,11.319735635573123,9000,104.79079990182072,-379.17589055480084,-449.3531364901497,70.17724593534888,0.0,0.0,2,4,False
SP4_DIAG_wrench_market_motion_safety,narrow_passage,narrow_passage_v00,5402,smith_motion_field,Smith-QR motion field,model_based,decentralized,proposed,smith_qr_congestion_field,sp4_motion_proposed,none,distributed_smith_qr_motion_field,local_congestion_price_neighbors,0,6,False,False,6,18.0,2,0.28,0.35,0.08,0.12,36.0,inf,0.3333333333333333,0.6666666666666666,33.36,33.839999999999996,131.10012971772278,21.850021619620463,0.7452206397293514,955.6493372132128,223,0.12347729789590255,236,0.19315640647925136,-0.4174387003513167,3.1838835645132026,0.6049286162685618,0.737912545258032,0.0,11.81973563557312,9000,132.0671000285074,-387.60270352686393,-449.3531364901497,61.75043296328579,0.0,0.0,2,4,False
SP4_DIAG_wrench_market_motion_safety,narrow_passage,narrow_passage_v00,5402,replicator_motion_field,Replicator motion field,model_based,decentralized,baseline,replicator_target_congestion_field,sp4_population_motion_family,none,distributed_replicator_motion_field,local_target_obstacle_neighbor_scores,0,5,False,False,6,18.0,2,0.28,0.35,0.08,0.12,36.0,inf,1.0,0.0,24.959999999999997,27.959999999999997,96.11429518711628,16.019049197852713,1.0164827442852475,700.7450370937866,358,0.1982281284606866,454,-0.5341496177882399,-0.44433792620793144,3.3211132541508723,0.443495271258381,0.7222122783376482,0.0,1.6597356355731208,9000,66.50660000741482,-423.8361036177513,-449.3531364901497,25.51703287239843,0.0,0.0,6,0,True
SP4_DIAG_wrench_market_motion_safety,narrow_passage,narrow_passage_v00,5402,logit_motion_field,Logit motion field,model_based,decentralized,baseline,logit_softmax_motion_field,sp4_population_motion_family,none,distributed_logit_smoothed_motion_field,local_softmax_flow_scores,0,6,False,False,6,18.0,2,0.28,0.35,0.08,0.12,36.0,inf,1.0,0.0,26.159999999999997,29.279999999999998,96.33774225776754,16.05629037629459,1.0141251003727467,702.0808852560792,372,0.2059800664451827,475,-0.5057715871661457,-0.506172872975682,3.232199181248584,0.44452631163606277,0.6908117444968809,0.0,2.8597356355731214,9000,66.68349995743483,-444.42327161770817,-449.3531364901497,4.929864872441556,0.0,0.0,6,0,True
SP4_DIAG_wrench_market_motion_safety,narrow_passage,narrow_passage_v00,5402,bnn_motion_field,BNN/Brown motion field,model_based,decentralized,baseline,brown_bnn_positive_excess_field,sp4_population_motion_family,none,distributed_bnn_positive_excess_motion_field,local_positive_excess_neighbor_scores,0,6,False,False,6,18.0,2,0.28,0.35,0.08,0.12,36.0,inf,1.0,0.0,26.799999999999997,30.0,96.51504952993079,16.0858415883218,1.012262056670701,703.2730580470288,373,0.20653377630121816,482,-0.4868381850769078,-0.5500073910595555,3.183427012503544,0.4453444515039253,0.6751114775764974,0.0,3.499735635573121,9000,65.18459995277226,-446.82710459997867,-449.3531364901497,2.526031890171055,0.0,0.0,6,0,True
SP4_DIAG_wrench_market_motion_safety,narrow_passage,narrow_passage_v00,5402,primal_dual_motion_field,Primal-dual motion field,model_based,decentralized,proposed,primal_dual_barrier_motion_field,sp4_motion_proposed,none,distributed_primal_dual_barrier_motion_field,local_barrier_dual_prices,0,7,False,False,6,18.0,2,0.28,0.35,0.08,0.12,36.0,inf,0.0,1.0,36.0,36.0,128.06085834021337,21.343476390035562,0.76290697878419,934.5978417072462,222,0.12292358803986711,234,0.06467574512382968,-0.40669421556052887,2.7594920973155803,0.590904661961116,0.7065120114172646,0.0,12.699735635573122,9000,141.7003000387922,-445.1359785476005,-449.3531364901497,4.21715794254925,0.0,0.0,0,6,False
SP4_DIAG_wrench_market_motion_safety,narrow_passage,narrow_passage_v00,5402,pid_safety_motion,PID safety motion,model_based,decentralized,proposed,pid_damped_safety_motion,sp4_motion_proposed,none,distributed_pid_damped_safety_feedback,local_target_error_and_clearance,0,5,False,False,6,18.0,2,0.28,0.35,0.08,0.12,36.0,inf,0.0,1.0,36.0,36.0,116.05547846515148,19.342579744191912,0.8418260286280127,847.5544656626814,213,0.11794019933554817,226,0.17738469370068577,-0.41479884062790173,2.7116845160153913,0.5355088522755237,0.6437109437357299,0.0,12.699735635573122,9000,123.21620003785938,-429.66422832427577,-449.3531364901497,19.688908165873954,0.0,0.0,0,6,False
SP4_DIAG_wrench_market_motion_safety,narrow_passage,narrow_passage_v00,5402,tensor_flow_motion_field,Smooth tensor-flow motion,model_based,decentralized,proposed,smooth_tensor_flow_barrier_motion,sp4_motion_proposed,none,distributed_smooth_tensor_flow_motion_field,local_anisotropic_clearance_tensor,0,8,False,False,6,18.0,2,0.28,0.35,0.08,0.12,36.0,inf,0.0,1.0,36.0,36.0,123.69485261979767,20.61580876996628,0.7898349888264099,902.8330027356029,223,0.12347729789590255,243,0.0696342507756389,-0.40945872900611424,2.7209961990115152,0.5707588253036061,0.6908117444968809,0.0,12.699735635573122,9000,133.55720008257776,-445.18671255387767,-449.3531364901497,4.166423936272054,0.0,0.0,0,6,False
SP4_DIAG_wrench_market_motion_safety,narrow_passage,narrow_passage_v00,5402,reference_time_expanded_cbf,Reference time-expanded CBF,model_based_reference,centralized,reference,time_expanded_safe_cbf_reference,sp4_motion_reference,none,centralized_time_expanded_cbf_reference,global_state_and_release_schedule,0,8,False,False,6,18.0,2,0.28,0.35,0.08,0.12,36.0,inf,0.16666666666666666,0.8333333333333334,30.84,30.84,133.37679826334463,22.229466377224103,0.7325001335235409,971.3704881073336,247,0.13676633444075303,282,-0.38737888287779454,-0.8878437452622455,2.9762638641909724,0.6154337313738667,0.7536128121784155,0.0,11.839735635573122,9000,130.942799965851,-449.3531364901497,-449.3531364901497,0.0,0.0,0.0,1,5,False
SP4_DIAG_wrench_market_motion_safety,narrow_passage,narrow_passage_v00,5403,direct_to_target,Direct to target,classic,decentralized,baseline,direct_single_integrator,sp4_motion_baseline,none,local_target_feedback,none,0,0,False,False,6,18.0,2,0.28,0.35,0.08,0.12,36.0,inf,1.0,0.0,22.52,25.8,95.42067041020292,15.903445068367153,1.0208297971086178,732.4628764712869,272,0.150609080841639,370,-0.32267992925098665,-0.7414641338997785,3.4832906744612018,0.44029471396365355,0.7464233399388379,1.1102230246251565e-16,0.0,9000,14.42810008302331,-305.8109702748911,-91.87152870879194,-213.93944156609913,0.35656573594349855,0.35656573594349855,6,0,True
SP4_DIAG_wrench_market_motion_safety,narrow_passage,narrow_passage_v00,5403,priority_yield,Priority yield,classic,centralized,baseline,priority_release_yield,sp4_motion_baseline,none,centralized_priority_schedule,global_priority_order,0,2,False,False,6,18.0,2,0.28,0.35,0.08,0.12,36.0,inf,1.0,0.0,25.36,29.279999999999998,96.56893846563025,16.094823077605042,1.008691460862275,742.429536316587,324,0.17940199335548174,425,-0.5470937217160727,-0.7833549427388731,3.3260534693467854,0.44559310846082634,0.686709472743731,0.0,2.413039365844915,9000,27.310100034810603,-379.8102458787607,-91.87152870879194,-287.93871716996875,0.47989786194994793,0.47989786194994793,6,0,True
SP4_DIAG_wrench_market_motion_safety,narrow_passage,narrow_passage_v00,5403,apf_obstacle_avoidance,APF obstacle avoidance,classic,decentralized,baseline,artificial_potential_field,sp4_motion_baseline,none,local_apf_feedback,local_obstacle_robot_neighbors,0,4,False,False,6,18.0,2,0.28,0.35,0.08,0.12,36.0,inf,1.0,0.0,24.8,28.56,96.69289530477091,16.115482550795154,1.0073983544270757,742.1190238931955,244,0.13510520487264674,328,-0.41953338929260403,-0.5357077062978262,3.310200978628709,0.4461650761571191,0.686709472743731,0.0,1.853039365844916,9000,55.19440001808107,-272.6261189003337,-91.87152870879194,-180.75459019154178,0.3012576503192363,0.3012576503192363,6,0,True
SP4_DIAG_wrench_market_motion_safety,narrow_passage,narrow_passage_v00,5403,velocity_obstacle_proxy,Velocity obstacle proxy,sota,decentralized,baseline,velocity_obstacle_proxy,sp4_motion_sota_proxy,none,local_velocity_obstacle_proxy,local_relative_state_neighbors,0,5,False,False,6,18.0,2,0.28,0.35,0.08,0.12,36.0,inf,1.0,0.0,25.259999999999994,29.04,96.33307562037251,16.055512603395417,1.0111611509081293,739.2937841332457,277,0.15337763012181616,367,-0.40185460011106866,-0.5207223474525549,3.288251543787691,0.44450477861006144,0.6717810059449542,0.0,2.3130393658449164,9000,68.04359995294362,-317.10852677017317,-91.87152870879194,-225.23699806138123,0.3753949967689687,0.3753949967689687,6,0,True
SP4_DIAG_wrench_market_motion_safety,narrow_passage,narrow_passage_v00,5403,cbf_safety_filter,CBF safety filter,sota,centralized,baseline,cbf_velocity_projection_proxy,sp4_motion_sota_proxy,none,centralized_cbf_velocity_projection_proxy,global_relative_state,0,6,False,False,6,18.0,2,0.28,0.35,0.08,0.12,36.0,inf,0.3333333333333333,0.6666666666666666,31.259999999999998,33.24,133.7584380687645,22.29307301146075,0.7282401396219853,1027.257459305254,0,0.0,54,0.0855714837918955,0.008425155617878488,3.678547330731846,0.6171947123881705,0.7016379395425076,0.0,11.473039365844917,9000,102.98680001869798,-91.43809763484738,-91.87152870879194,0.43343107394456126,0.0,0.0,2,4,False
SP4_DIAG_wrench_market_motion_safety,narrow_passage,narrow_passage_v00,5403,smith_motion_field,Smith-QR motion field,model_based,decentralized,proposed,smith_qr_congestion_field,sp4_motion_proposed,none,distributed_smith_qr_motion_field,local_congestion_price_neighbors,0,6,False,False,6,18.0,2,0.28,0.35,0.08,0.12,36.0,inf,0.3333333333333333,0.6666666666666666,32.81999999999999,35.879999999999995,134.16143705341818,22.36023950890303,0.726052625509902,1029.770030169651,0,0.0,60,0.08411044818320945,0.023809820952376493,3.5602446097209244,0.6190542499696292,0.7016379395425076,0.0,11.993039365844917,9000,126.7136000096798,-92.38388312011517,-91.87152870879194,-0.5123544113232299,0.0008539240188720498,0.0008539240188720498,2,4,False
SP4_DIAG_wrench_market_motion_safety,narrow_passage,narrow_passage_v00,5403,replicator_motion_field,Replicator motion field,model_based,decentralized,baseline,replicator_target_congestion_field,sp4_population_motion_family,none,distributed_replicator_motion_field,local_target_obstacle_neighbor_scores,0,5,False,False,6,18.0,2,0.28,0.35,0.08,0.12,36.0,inf,1.0,0.0,24.599999999999998,28.2,95.89623065037256,15.982705108395427,1.015767386832501,736.008769865268,302,0.1672203765227021,400,-0.382440982102516,-0.4470136070415489,3.334493101365898,0.4424890672313237,0.686709472743731,0.0,1.653039365844916,9000,67.19189998693764,-349.1461620962197,-91.87152870879194,-257.2746333874278,0.428791055645713,0.428791055645713,6,0,True
SP4_DIAG_wrench_market_motion_safety,narrow_passage,narrow_passage_v00,5403,logit_motion_field,Logit motion field,model_based,decentralized,baseline,logit_softmax_motion_field,sp4_population_motion_family,none,distributed_logit_smoothed_motion_field,local_softmax_flow_scores,0,6,False,False,6,18.0,2,0.28,0.35,0.08,0.12,36.0,inf,1.0,0.0,25.78,29.64,96.12582997649884,16.020971662749805,1.0133411970396555,737.6440241375894,296,0.1638981173864895,387,-0.3951713251063463,-0.49932511538925706,3.2477263850543037,0.44354849564645066,0.6568525391461774,0.0,2.833039365844917,9000,67.46369996108115,-343.12760456378044,-91.87152870879194,-251.2560758549885,0.41876012642498084,0.41876012642498084,6,0,True
SP4_DIAG_wrench_market_motion_safety,narrow_passage,narrow_passage_v00,5403,bnn_motion_field,BNN/Brown motion field,model_based,decentralized,baseline,brown_bnn_positive_excess_field,sp4_population_motion_family,none,distributed_bnn_positive_excess_motion_field,local_positive_excess_neighbor_scores,0,6,False,False,6,18.0,2,0.28,0.35,0.08,0.12,36.0,inf,1.0,0.0,26.419999999999998,30.36,96.33211020116346,16.05535170019391,1.011171284542662,739.2202181023752,282,0.15614617940199335,381,-0.4030552514092008,-0.5313966337420031,3.200784252179778,0.4445003239256343,0.6419240723474006,0.0,3.4730393658449166,9000,65.39050000719726,-325.60809699006376,-91.87152870879194,-233.73656828127181,0.38956094713545303,0.38956094713545303,6,0,True
SP4_DIAG_wrench_market_motion_safety,narrow_passage,narrow_passage_v00,5403,primal_dual_motion_field,Primal-dual motion field,model_based,decentralized,proposed,primal_dual_barrier_motion_field,sp4_motion_proposed,none,distributed_primal_dual_barrier_motion_field,local_barrier_dual_prices,0,7,False,False,6,18.0,2,0.28,0.35,0.08,0.12,36.0,inf,0.3333333333333333,0.6666666666666666,32.58,34.44,129.38346357497437,21.56391059582906,0.7528648632780661,994.5310463569062,0,0.0,76,0.04196849696690741,0.016662558710711428,3.6385630038327976,0.597007491578878,0.6717810059449542,0.0,11.913039365844917,9000,125.78190001659095,-90.85233911673009,-91.87152870879194,1.0191895920618492,0.0,0.0,2,4,False
SP4_DIAG_wrench_market_motion_safety,narrow_passage,narrow_passage_v00,5403,pid_safety_motion,PID safety motion,model_based,decentralized,proposed,pid_damped_safety_motion,sp4_motion_proposed,none,distributed_pid_damped_safety_feedback,local_target_error_and_clearance,0,5,False,False,6,18.0,2,0.28,0.35,0.08,0.12,36.0,inf,0.16666666666666666,0.8333333333333334,33.96,33.96,118.17741204551268,19.69623534091878,0.8242544994749225,908.2349228296694,33,0.018272425249169437,119,0.036639647176166745,-0.36816775457118744,3.302858571763374,0.5452999817530122,0.6120671387498471,0.0,12.713039365844919,9000,113.28329995740205,-161.8245338096495,-91.87152870879194,-69.95300510085755,0.11658834183476259,0.11658834183476259,1,5,False
SP4_DIAG_wrench_market_motion_safety,narrow_passage,narrow_passage_v00,5403,tensor_flow_motion_field,Smooth tensor-flow motion,model_based,decentralized,proposed,smooth_tensor_flow_barrier_motion,sp4_motion_proposed,none,distributed_smooth_tensor_flow_motion_field,local_anisotropic_clearance_tensor,0,8,False,False,6,18.0,2,0.28,0.35,0.08,0.12,36.0,inf,0.3333333333333333,0.6666666666666666,33.48,35.4,128.81158766888802,21.46859794481467,0.7562073053955752,990.2922746851009,0,0.0,47,0.10588803575363914,0.0430205997105233,3.64710595966981,0.5943687138653003,0.6568525391461774,0.0,12.213039365844915,9000,131.26299995929003,-91.16413870067304,-91.87152870879194,0.7073900081189066,0.0,0.0,2,4,False
SP4_DIAG_wrench_market_motion_safety,narrow_passage,narrow_passage_v00,5403,reference_time_expanded_cbf,Reference time-expanded CBF,model_based_reference,centralized,reference,time_expanded_safe_cbf_reference,sp4_motion_reference,none,centralized_time_expanded_cbf_reference,global_state_and_release_schedule,0,8,False,False,6,18.0,2,0.28,0.35,0.08,0.12,36.0,inf,0.3333333333333333,0.6666666666666666,30.54,32.519999999999996,136.5005511950306,22.75009186583843,0.7136107712535152,1048.674077921853,0,0.0,64,0.1818868932863954,0.018306842137552515,3.673514995750726,0.6298475045913194,0.7165664063412844,0.0,11.233039365844917,9000,119.6833000285551,-91.87152870879194,-91.87152870879194,0.0,0.0,0.0,2,4,False
SP4_DIAG_wrench_market_motion_safety,narrow_passage,narrow_passage_v00,5404,direct_to_target,Direct to target,classic,decentralized,baseline,direct_single_integrator,sp4_motion_baseline,none,local_target_feedback,none,0,0,False,False,6,18.0,2,0.28,0.35,0.08,0.12,36.0,inf,1.0,0.0,21.899999999999995,24.84,95.83340172580083,15.972233620966804,1.0204647027439318,679.8407260334061,274,0.15171650055370986,363,-0.4718269158216054,-0.7734704803067584,3.570915439530863,0.4421991589414952,0.753723608003805,1.1102230246251565e-16,0.0,9000,13.648299966007471,-307.04135696891393,-189.34292716115417,-117.69842980775977,0.1961640496795996,0.1961640496795996,6,0,True
SP4_DIAG_wrench_market_motion_safety,narrow_passage,narrow_passage_v00,5404,priority_yield,Priority yield,classic,centralized,baseline,priority_release_yield,sp4_motion_baseline,none,centralized_priority_schedule,global_priority_order,0,2,False,False,6,18.0,2,0.28,0.35,0.08,0.12,36.0,inf,1.0,0.0,24.72,28.2,97.10547645549852,16.18424607591642,1.0070966888245116,689.9073174948338,364,0.20155038759689922,456,-0.5336337417629726,-1.0546143745091825,3.4130756552881123,0.44806882823688887,0.6934257193635006,0.0,2.4246814871515734,9000,21.515299915336072,-431.53520822771617,-189.34292716115417,-242.192281066562,0.40365380177760335,0.40365380177760335,6,0,True
SP4_DIAG_wrench_market_motion_safety,narrow_passage,narrow_passage_v00,5404,apf_obstacle_avoidance,APF obstacle avoidance,classic,decentralized,baseline,artificial_potential_field,sp4_motion_baseline,none,local_apf_feedback,local_obstacle_robot_neighbors,0,4,False,False,6,18.0,2,0.28,0.35,0.08,0.12,36.0,inf,1.0,0.0,24.08,27.48,96.98095334863052,16.163492224771755,1.0083897964325392,687.3317779491034,287,0.15891472868217055,378,-0.4824814656901548,-0.4413983490660949,3.401838951484364,0.4474942476404141,0.6934257193635006,0.0,1.7846814871515733,9000,57.23919998854399,-328.1324763533991,-189.34292716115417,-138.78954919224495,0.23131591532040824,0.23131591532040824,6,0,True
SP4_DIAG_wrench_market_motion_safety,narrow_passage,narrow_passage_v00,5404,velocity_obstacle_proxy,Velocity obstacle proxy,sota,decentralized,baseline,velocity_obstacle_proxy,sp4_motion_sota_proxy,none,local_velocity_obstacle_proxy,local_relative_state_neighbors,0,5,False,False,6,18.0,2,0.28,0.35,0.08,0.12,36.0,inf,1.0,0.0,24.5,27.84,96.55306049531325,16.092176749218876,1.012858663447609,684.3319056199705,312,0.17275747508305647,396,-0.4673726559466654,-0.4166848611501437,3.3763362505880097,0.4455198435553395,0.6783512472034245,0.0,2.204681487151573,9000,62.666699988767505,-361.90293256450417,-189.34292716115417,-172.56000540335,0.28760000900558336,0.28760000900558336,6,0,True
SP4_DIAG_wrench_market_motion_safety,narrow_passage,narrow_passage_v00,5404,cbf_safety_filter,CBF safety filter,sota,centralized,baseline,cbf_velocity_projection_proxy,sp4_motion_sota_proxy,none,centralized_cbf_velocity_projection_proxy,global_relative_state,0,6,False,False,6,18.0,2,0.28,0.35,0.08,0.12,36.0,inf,0.6666666666666666,0.3333333333333333,33.51,35.04,137.6044748003961,22.93407913339935,0.7106934854183798,984.4216733415943,89,0.04928017718715393,132,0.017516281177686333,-0.460459498711858,3.5518676856316933,0.6349412827629946,0.7085001915235767,0.0,12.044681487151571,9000,100.35470000002533,-151.66695977200587,-189.34292716115417,37.6759673891483,0.0,0.0,4,2,False
SP4_DIAG_wrench_market_motion_safety,narrow_passage,narrow_passage_v00,5404,smith_motion_field,Smith-QR motion field,model_based,decentralized,proposed,smith_qr_congestion_field,sp4_motion_proposed,none,distributed_smith_qr_motion_field,local_congestion_price_neighbors,0,6,False,False,6,18.0,2,0.28,0.35,0.08,0.12,36.0,inf,0.16666666666666666,0.8333333333333334,33.48,33.48,140.6935074213771,23.448917903562847,0.695089671140007,1006.0372079156491,120,0.0664451827242525,150,-0.000481846058372315,-0.2029540977873252,3.4833308614503675,0.6491948478284288,0.7085001915235767,0.0,13.284681487151573,9000,131.4568999223411,-283.24271558339876,-189.34292716115417,-93.8997884222446,0.15649964737040767,0.15649964737040767,1,5,False
SP4_DIAG_wrench_market_motion_safety,narrow_passage,narrow_passage_v00,5404,replicator_motion_field,Replicator motion field,model_based,decentralized,baseline,replicator_target_congestion_field,sp4_population_motion_family,none,distributed_replicator_motion_field,local_target_obstacle_neighbor_scores,0,5,False,False,6,18.0,2,0.28,0.35,0.08,0.12,36.0,inf,1.0,0.0,23.919999999999998,27.119999999999997,96.29146897341127,16.048578162235213,1.0156102596385035,682.7239433136108,319,0.17663344407530454,414,-0.46530521766149063,-0.47870257251268566,3.4265099957754197,0.4443127951892364,0.6934257193635006,0.0,1.6246814871515725,9000,60.70979998912662,-370.20362838801753,-189.34292716115417,-180.86070122686337,0.3014345020447723,0.3014345020447723,6,0,True
SP4_DIAG_wrench_market_motion_safety,narrow_passage,narrow_passage_v00,5404,logit_motion_field,Logit motion field,model_based,decentralized,baseline,logit_softmax_motion_field,sp4_population_motion_family,none,distributed_logit_smoothed_motion_field,local_softmax_flow_scores,0,6,False,False,6,18.0,2,0.28,0.35,0.08,0.12,36.0,inf,1.0,0.0,25.08,28.439999999999998,96.54203195433577,16.090338659055963,1.012974368007044,684.4412275900183,327,0.18106312292358803,415,-0.46195411569497974,-0.4157183829645521,3.3422586954652536,0.4454689551233651,0.6632767750433484,0.0,2.7846814871515737,9000,64.7687999298796,-382.7631543224653,-189.34292716115417,-193.42022716131115,0.3223670452688519,0.3223670452688519,6,0,True
SP4_DIAG_wrench_market_motion_safety,narrow_passage,narrow_passage_v00,5404,bnn_motion_field,BNN/Brown motion field,model_based,decentralized,baseline,brown_bnn_positive_excess_field,sp4_population_motion_family,none,distributed_bnn_positive_excess_motion_field,local_positive_excess_neighbor_scores,0,6,False,False,6,18.0,2,0.28,0.35,0.08,0.12,36.0,inf,1.0,0.0,25.679999999999996,29.16,96.69391384132382,16.115652306887302,1.011383239337499,685.3741591039975,324,0.17940199335548174,412,-0.4655506813813676,-0.42850443982286435,3.295177652642898,0.44616977593818746,0.6482023028832723,0.0,3.3846814871515742,9000,58.77979996148497,-379.7791866892874,-189.34292716115417,-190.43625952813326,0.3173937658802221,0.3173937658802221,6,0,True
SP4_DIAG_wrench_market_motion_safety,narrow_passage,narrow_passage_v00,5404,primal_dual_motion_field,Primal-dual motion field,model_based,decentralized,proposed,primal_dual_barrier_motion_field,sp4_motion_proposed,none,distributed_primal_dual_barrier_motion_field,local_barrier_dual_prices,0,7,False,False,6,18.0,2,0.28,0.35,0.08,0.12,36.0,inf,0.16666666666666666,0.8333333333333334,33.72,33.72,136.74845058339642,22.79140843056607,0.71514231706354,979.00542572436,114,0.06312292358803986,150,0.04668709723215092,-0.25408927823221217,3.391196586535996,0.6309913740466807,0.6783512472034245,0.0,13.324681487151574,9000,132.33870000112802,-274.1950633302198,-189.34292716115417,-84.85213616906563,0.14142022694844272,0.14142022694844272,1,5,False
SP4_DIAG_wrench_market_motion_safety,narrow_passage,narrow_passage_v00,5404,pid_safety_motion,PID safety motion,model_based,decentralized,proposed,pid_damped_safety_motion,sp4_motion_proposed,none,distributed_pid_damped_safety_feedback,local_target_error_and_clearance,0,5,False,False,6,18.0,2,0.28,0.35,0.08,0.12,36.0,inf,0.0,1.0,36.0,36.0,123.761817884235,20.6269696473725,0.79018396365618,881.1354689895087,145,0.08028792912513842,185,0.04884716830875124,-0.4699994019116964,3.2011104335465728,0.5710678196946969,0.61805335856312,0.0,13.704681487151575,9000,109.01979997288436,-341.329984524759,-189.34292716115417,-151.98705736360486,0.25331176227267477,0.25331176227267477,0,6,False
SP4_DIAG_wrench_market_motion_safety,narrow_passage,narrow_passage_v00,5404,tensor_flow_motion_field,Smooth tensor-flow motion,model_based,decentralized,proposed,smooth_tensor_flow_barrier_motion,sp4_motion_proposed,none,distributed_smooth_tensor_flow_motion_field,local_anisotropic_clearance_tensor,0,8,False,False,6,18.0,2,0.28,0.35,0.08,0.12,36.0,inf,0.16666666666666666,0.8333333333333334,34.32,34.32,134.3473238781269,22.391220646354483,0.7279237202653434,961.6108191959476,113,0.06256921373200443,160,0.023007166712281535,-0.4791701890543283,3.3561443943394336,0.6199119780275336,0.6632767750433484,0.0,13.424681487151574,9000,130.75820007361472,-272.3239657352914,-189.34292716115417,-82.98103857413722,0.13830173095689535,0.13830173095689535,1,5,False
SP4_DIAG_wrench_market_motion_safety,narrow_passage,narrow_passage_v00,5404,reference_time_expanded_cbf,Reference time-expanded CBF,model_based_reference,centralized,reference,time_expanded_safe_cbf_reference,sp4_motion_reference,none,centralized_time_expanded_cbf_reference,global_state_and_release_schedule,0,8,False,False,6,18.0,2,0.28,0.35,0.08,0.12,36.0,inf,0.3333333333333333,0.6666666666666666,32.4,33.96,141.61495881144577,23.602493135240962,0.6905669049783677,1015.9906433045841,72,0.03986710963455149,106,0.09010675080747166,-0.10842544027385315,3.4141690124495856,0.6534466537995832,0.7235746636836529,0.0,12.504681487151574,9000,120.88520010001957,-189.34292716115417,-189.34292716115417,0.0,0.0,0.0,2,4,False
SP4_DIAG_wrench_market_motion_safety,narrow_passage,narrow_passage_v00,5405,direct_to_target,Direct to target,classic,decentralized,baseline,direct_single_integrator,sp4_motion_baseline,none,local_target_feedback,none,0,0,False,False,6,18.0,2,0.28,0.35,0.08,0.12,36.0,inf,1.0,0.0,22.319999999999993,27.72,95.5009218114391,15.916820301906517,1.0201511924549747,728.2847799477541,224,0.12403100775193798,286,-0.4862140715852017,-0.7879157539572508,3.610567709345359,0.44066501389552937,0.7856091975670666,1.1102230246251565e-16,0.0,9000,15.010999981313944,-241.67946920264532,-156.79411208145274,-84.88535712119258,0.14147559520198763,0.14147559520198763,6,0,True
SP4_DIAG_wrench_market_motion_safety,narrow_passage,narrow_passage_v00,5405,priority_yield,Priority yield,classic,centralized,baseline,priority_release_yield,sp4_motion_baseline,none,centralized_priority_schedule,global_priority_order,0,2,False,False,6,18.0,2,0.28,0.35,0.08,0.12,36.0,inf,1.0,0.0,24.899999999999995,30.119999999999997,95.6866979244183,15.94778298740305,1.0181705647679886,729.3917615364406,256,0.14174972314507198,336,-0.4904958002748552,-0.9369497464199499,3.472310107730848,0.441522231101967,0.7227604617617013,0.0,2.1855393668505347,9000,24.503800086677074,-288.3843267069092,-156.79411208145274,-131.59021462545644,0.21931702437576073,0.21931702437576073,6,0,True
SP4_DIAG_wrench_market_motion_safety,narrow_passage,narrow_passage_v00,5405,apf_obstacle_avoidance,APF obstacle avoidance,classic,decentralized,baseline,artificial_potential_field,sp4_motion_baseline,none,local_apf_feedback,local_obstacle_robot_neighbors,0,4,False,False,6,18.0,2,0.28,0.35,0.08,0.12,36.0,inf,1.0,0.0,24.580000000000002,30.72,96.73408871857107,16.122348119761845,1.0071462972058278,738.0135701419174,234,0.12956810631229235,307,-0.26195972374334087,-0.4417218955132878,3.4431096335932647,0.44635515281732685,0.7227604617617013,0.0,1.8655393668505358,9000,47.16779990121722,-258.9530903690064,-156.79411208145274,-102.15897828755368,0.17026496381258946,0.17026496381258946,6,0,True
SP4_DIAG_wrench_market_motion_safety,narrow_passage,narrow_passage_v00,5405,velocity_obstacle_proxy,Velocity obstacle proxy,sota,decentralized,baseline,velocity_obstacle_proxy,sp4_motion_sota_proxy,none,local_velocity_obstacle_proxy,local_relative_state_neighbors,0,5,False,False,6,18.0,2,0.28,0.35,0.08,0.12,36.0,inf,1.0,0.0,25.02,31.2,96.33308098216811,16.05551349702802,1.0113387662180449,734.6163825057607,261,0.14451827242524917,337,-0.32718009875435633,-0.4070326088685896,3.419004583977351,0.44450480335071996,0.70704827781036,0.0,2.3055393668505357,9000,66.74589996691793,-295.4152954617326,-156.79411208145274,-138.6211833802799,0.23103530563379981,0.23103530563379981,6,0,True
SP4_DIAG_wrench_market_motion_safety,narrow_passage,narrow_passage_v00,5405,cbf_safety_filter,CBF safety filter,sota,centralized,baseline,cbf_velocity_projection_proxy,sp4_motion_sota_proxy,none,centralized_cbf_velocity_projection_proxy,global_relative_state,0,6,False,False,6,18.0,2,0.28,0.35,0.08,0.12,36.0,inf,0.6666666666666666,0.3333333333333333,32.31,35.519999999999996,131.06187525774783,21.843645876291305,0.7433540766518945,1000.1735410472105,86,0.047619047619047616,122,0.04512028565361603,-0.6655023970753292,3.4891548925975346,0.6047521006725176,0.7384726457130426,0.0,10.825539366850535,9000,96.53910004999489,-145.1183955862242,-156.79411208145274,11.675716495228528,0.0,0.0,4,2,False
SP4_DIAG_wrench_market_motion_safety,narrow_passage,narrow_passage_v00,5405,smith_motion_field,Smith-QR motion field,model_based,decentralized,proposed,smith_qr_congestion_field,sp4_motion_proposed,none,distributed_smith_qr_motion_field,local_congestion_price_neighbors,0,6,False,False,6,18.0,2,0.28,0.35,0.08,0.12,36.0,inf,0.16666666666666666,0.8333333333333334,35.28,35.28,138.4391768064088,23.073196134401467,0.7037413939749659,1046.5275714259262,145,0.08028792912513842,163,0.003588449247384662,-0.3715956371184652,3.3157483440956006,0.6387928054928432,0.7384726457130427,0.0,13.165539366850536,9000,132.26599991321564,-316.85425784533476,-156.79411208145274,-160.06014576388202,0.26676690960647004,0.26676690960647004,1,5,False
SP4_DIAG_wrench_market_motion_safety,narrow_passage,narrow_passage_v00,5405,replicator_motion_field,Replicator motion field,model_based,decentralized,baseline,replicator_target_congestion_field,sp4_population_motion_family,none,distributed_replicator_motion_field,local_target_obstacle_neighbor_scores,0,5,False,False,6,18.0,2,0.28,0.35,0.08,0.12,36.0,inf,1.0,0.0,24.400000000000006,30.36,95.99817043979479,15.999695073299131,1.0148670419462753,731.9555985767637,269,0.14894795127353266,345,-0.3521020363529632,-0.49337602228741106,3.4674243254048163,0.442959442782368,0.7227604617617013,0.0,1.685539366850536,9000,65.16320002265275,-304.95423653900093,-156.79411208145274,-148.1601244575482,0.2469335407625803,0.2469335407625803,6,0,True
SP4_DIAG_wrench_market_motion_safety,narrow_passage,narrow_passage_v00,5405,logit_motion_field,Logit motion field,model_based,decentralized,baseline,logit_softmax_motion_field,sp4_population_motion_family,none,distributed_logit_smoothed_motion_field,local_softmax_flow_scores,0,6,False,False,6,18.0,2,0.28,0.35,0.08,0.12,36.0,inf,1.0,0.0,25.56,31.799999999999997,96.19032068593846,16.031720114323075,1.0128397386737373,733.5208554427217,273,0.1511627906976744,351,-0.342020478788416,-0.42998894417974554,3.382471947355122,0.443846071825113,0.6913360938590186,0.0,2.845539366850535,9000,60.09560008533299,-312.1837767797523,-156.79411208145274,-155.38966469829955,0.25898277449716595,0.25898277449716595,6,0,True
SP4_DIAG_wrench_market_motion_safety,narrow_passage,narrow_passage_v00,5405,bnn_motion_field,BNN/Brown motion field,model_based,decentralized,baseline,brown_bnn_positive_excess_field,sp4_population_motion_family,none,distributed_bnn_positive_excess_motion_field,local_positive_excess_neighbor_scores,0,6,False,False,6,18.0,2,0.28,0.35,0.08,0.12,36.0,inf,1.0,0.0,26.16,32.64,96.31199000091063,16.051998333485106,1.0115602352891655,734.5256137776938,269,0.14894795127353266,349,-0.31970761871978093,-0.4171364893192522,3.333481479188068,0.44440748431575755,0.6756239099076774,0.0,3.445539366850536,9000,60.1680000545457,-307.8649769944557,-156.79411208145274,-151.07086491300294,0.2517847748550049,0.2517847748550049,6,0,True
SP4_DIAG_wrench_market_motion_safety,narrow_passage,narrow_passage_v00,5405,primal_dual_motion_field,Primal-dual motion field,model_based,decentralized,proposed,primal_dual_barrier_motion_field,sp4_motion_proposed,none,distributed_primal_dual_barrier_motion_field,local_barrier_dual_prices,0,7,False,False,6,18.0,2,0.28,0.35,0.08,0.12,36.0,inf,0.0,1.0,36.0,36.0,132.1102432885702,22.018373881428364,0.7374551498908478,1002.4697415912959,170,0.09413067552602436,218,0.05707720901204616,-0.7073658518186557,3.141880175896839,0.609589531601006,0.70704827781036,0.0,13.285539366850536,9000,129.32169996201992,-377.6025722018569,-156.79411208145274,-220.80846012040416,0.3680141002006736,0.3680141002006736,0,6,False
SP4_DIAG_wrench_market_motion_safety,narrow_passage,narrow_passage_v00,5405,pid_safety_motion,PID safety motion,model_based,decentralized,proposed,pid_damped_safety_motion,sp4_motion_proposed,none,distributed_pid_damped_safety_feedback,local_target_error_and_clearance,0,5,False,False,6,18.0,2,0.28,0.35,0.08,0.12,36.0,inf,0.0,1.0,36.0,36.0,119.07791275172792,19.846318791954655,0.8181649897543671,904.4293179400206,183,0.10132890365448505,210,0.01471020954776936,-0.6018971259678858,3.025817575250669,0.5494551160563309,0.6441995420049946,0.0,13.285539366850536,9000,108.11270005069673,-391.03080275554447,-156.79411208145274,-234.23669067409173,0.39039448445681957,0.39039448445681957,0,6,False
SP4_DIAG_wrench_market_motion_safety,narrow_passage,narrow_passage_v00,5405,tensor_flow_motion_field,Smooth tensor-flow motion,model_based,decentralized,proposed,smooth_tensor_flow_barrier_motion,sp4_motion_proposed,none,distributed_smooth_tensor_flow_motion_field,local_anisotropic_clearance_tensor,0,8,False,False,6,18.0,2,0.28,0.35,0.08,0.12,36.0,inf,0.0,1.0,36.0,36.0,130.05259367278396,21.675432278797327,0.749122924158006,984.9864160314895,105,0.05813953488372093,158,0.03727034488599257,-0.09345282231873142,3.2348033947003376,0.600095024329937,0.6913360938590186,0.0,13.285539366850536,9000,130.86709997151047,-290.5963184892576,-156.79411208145274,-133.80220640780487,0.22300367734634147,0.22300367734634147,0,6,False
SP4_DIAG_wrench_market_motion_safety,narrow_passage,narrow_passage_v00,5405,reference_time_expanded_cbf,Reference time-expanded CBF,model_based_reference,centralized,reference,time_expanded_safe_cbf_reference,sp4_motion_reference,none,centralized_time_expanded_cbf_reference,global_state_and_release_schedule,0,8,False,False,6,18.0,2,0.28,0.35,0.08,0.12,36.0,inf,0.5,0.5,32.28,34.56,136.28417695437767,22.71402949239628,0.7148693373193493,1033.5433683051122,71,0.039313399778516056,102,0.08682699103771174,-0.6469667336538893,3.3798070780685063,0.6288491000109714,0.754184829664384,0.0,11.425539366850535,9000,113.73199999798089,-156.79411208145274,-156.79411208145274,0.0,0.0,0.0,3,3,False
SP4_DIAG_wrench_market_motion_safety,narrow_passage,narrow_passage_v00,5406,direct_to_target,Direct to target,classic,decentralized,baseline,direct_single_integrator,sp4_motion_baseline,none,local_target_feedback,none,0,0,False,False,6,18.0,2,0.28,0.35,0.08,0.12,36.0,inf,1.0,0.0,22.399999999999995,26.16,95.40553387812606,15.900922313021011,1.0197452165825613,670.8022925216624,342,0.1893687707641196,432,-0.5453689851690994,-0.7634238889328403,3.526137005966007,0.4402248702386774,0.7514416543217886,2.220446049250313e-16,0.0,9000,13.831499963998795,-398.02229021229135,-143.36670166430082,-254.65558854799053,0.42442598091331757,0.42442598091331757,6,0,True
SP4_DIAG_wrench_market_motion_safety,narrow_passage,narrow_passage_v00,5406,priority_yield,Priority yield,classic,centralized,baseline,priority_release_yield,sp4_motion_baseline,none,centralized_priority_schedule,global_priority_order,0,2,False,False,6,18.0,2,0.28,0.35,0.08,0.12,36.0,inf,1.0,0.0,25.399999999999995,29.64,97.20647417536144,16.201079029226907,1.0008524394395135,683.0892005190246,485,0.26854928017718716,565,-0.5347814103419389,-0.994896959496995,3.360679590285395,0.4485348568445988,0.6913263219760455,0.0,2.6140208191938075,9000,30.275800032541156,-593.3745887490189,-143.36670166430082,-450.0078870847181,0.7500131451411969,0.7500131451411969,6,0,True
SP4_DIAG_wrench_market_motion_safety,narrow_passage,narrow_passage_v00,5406,apf_obstacle_avoidance,APF obstacle avoidance,classic,decentralized,baseline,artificial_potential_field,sp4_motion_baseline,none,local_apf_feedback,local_obstacle_robot_neighbors,0,4,False,False,6,18.0,2,0.28,0.35,0.08,0.12,36.0,inf,1.0,0.0,24.62,28.919999999999998,96.53410023347999,16.089016705579997,1.0078235211434916,678.400321946844,328,0.18161683277962348,437,-0.5426929061136223,-0.47027779688851656,3.350747361464144,0.44543235618992255,0.6913263219760455,0.0,1.8340208191938079,9000,49.5183999883011,-383.2939039419304,-143.36670166430082,-239.9272022776296,0.39987867046271597,0.39987867046271597,6,0,True
SP4_DIAG_wrench_market_motion_safety,narrow_passage,narrow_passage_v00,5406,velocity_obstacle_proxy,Velocity obstacle proxy,sota,decentralized,baseline,velocity_obstacle_proxy,sp4_motion_sota_proxy,none,local_velocity_obstacle_proxy,local_relative_state_neighbors,0,5,False,False,6,18.0,2,0.28,0.35,0.08,0.12,36.0,inf,1.0,0.0,25.060000000000002,29.4,96.1064459333758,16.017740988895966,1.0123081325384646,675.4617765449003,368,0.20376522702104097,487,-0.5589755029832696,-0.43063924970022893,3.3310776076089823,0.4434590528487254,0.6762974888896098,0.0,2.2740208191938067,9000,61.56689999625087,-437.03058072129,-143.36670166430082,-293.6638790569892,0.4894397984283153,0.4894397984283153,6,0,True
SP4_DIAG_wrench_market_motion_safety,narrow_passage,narrow_passage_v00,5406,cbf_safety_filter,CBF safety filter,sota,centralized,baseline,cbf_velocity_projection_proxy,sp4_motion_sota_proxy,none,centralized_cbf_velocity_projection_proxy,global_relative_state,0,6,False,False,6,18.0,2,0.28,0.35,0.08,0.12,36.0,inf,0.16666666666666666,0.8333333333333334,31.08,31.08,135.01909505873323,22.50318250978887,0.7205598346323071,951.0213144343911,108,0.059800664451827246,165,0.015061507198522839,-0.6191538301536788,3.408080997757131,0.6230116973917178,0.7063551550624813,0.0,12.394020819193807,9000,97.89249999448657,-264.857342074984,-143.36670166430082,-121.49064041068317,0.20248440068447196,0.20248440068447196,1,5,False
SP4_DIAG_wrench_market_motion_safety,narrow_passage,narrow_passage_v00,5406,smith_motion_field,Smith-QR motion field,model_based,decentralized,proposed,smith_qr_congestion_field,sp4_motion_proposed,none,distributed_smith_qr_motion_field,local_congestion_price_neighbors,0,6,False,False,6,18.0,2,0.28,0.35,0.08,0.12,36.0,inf,0.16666666666666666,0.8333333333333334,33.96,33.96,136.26500699297134,22.710834498828557,0.7139715393897337,953.237722958791,123,0.0681063122923588,177,0.004743674329944492,-0.19475729601053748,3.285202596812591,0.6287606450395496,0.7063551550624813,0.0,12.87402081919381,9000,131.27260003238916,-285.8551616030361,-143.36670166430082,-142.48845993873528,0.2374807665645588,0.2374807665645588,1,5,False
SP4_DIAG_wrench_market_motion_safety,narrow_passage,narrow_passage_v00,5406,replicator_motion_field,Replicator motion field,model_based,decentralized,baseline,replicator_target_congestion_field,sp4_population_motion_family,none,distributed_replicator_motion_field,local_target_obstacle_neighbor_scores,0,5,False,False,6,18.0,2,0.28,0.35,0.08,0.12,36.0,inf,1.0,0.0,24.44,28.56,95.7764252993678,15.962737549894634,1.0157962828914096,673.2193367461933,391,0.21650055370985605,506,-0.5550828403803229,-0.4631677681593609,3.3789881497377205,0.4419362555341814,0.6913263219760455,0.0,1.654020819193807,9000,56.34840007405728,-466.5083358369773,-143.36670166430082,-323.1416341726765,0.5385693902877942,0.5385693902877942,6,0,True
SP4_DIAG_wrench_market_motion_safety,narrow_passage,narrow_passage_v00,5406,logit_motion_field,Logit motion field,model_based,decentralized,baseline,logit_softmax_motion_field,sp4_population_motion_family,none,distributed_logit_smoothed_motion_field,local_softmax_flow_scores,0,6,False,False,6,18.0,2,0.28,0.35,0.08,0.12,36.0,inf,1.0,0.0,25.62,30.0,96.0116024268905,16.001933737815083,1.0133081247321856,674.642848668778,382,0.2115171650055371,515,-0.5540480140172546,-0.4039641344868312,3.2948258031318813,0.4430214213127106,0.661268655803174,0.0,2.834020819193807,9000,61.149600078351796,-456.50217703389274,-143.36670166430082,-313.1354753695919,0.5218924589493199,0.5218924589493199,6,0,True
SP4_DIAG_wrench_market_motion_safety,narrow_passage,narrow_passage_v00,5406,bnn_motion_field,BNN/Brown motion field,model_based,decentralized,baseline,brown_bnn_positive_excess_field,sp4_population_motion_family,none,distributed_bnn_positive_excess_motion_field,local_positive_excess_neighbor_scores,0,6,False,False,6,18.0,2,0.28,0.35,0.08,0.12,36.0,inf,1.0,0.0,26.24,30.72,96.18081411514898,16.030135685858163,1.0115254035097734,675.8443521075925,376,0.2081949058693245,500,-0.5548731808477203,-0.4400641382634132,3.247760652974595,0.44380220614225274,0.6462398227167383,0.0,3.4540208191938073,9000,65.99749997258186,-449.56999671278743,-143.36670166430082,-306.2032950484866,0.510338825080811,0.510338825080811,6,0,True
SP4_DIAG_wrench_market_motion_safety,narrow_passage,narrow_passage_v00,5406,primal_dual_motion_field,Primal-dual motion field,model_based,decentralized,proposed,primal_dual_barrier_motion_field,sp4_motion_proposed,none,distributed_primal_dual_barrier_motion_field,local_barrier_dual_prices,0,7,False,False,6,18.0,2,0.28,0.35,0.08,0.12,36.0,inf,0.16666666666666666,0.8333333333333334,32.879999999999995,32.879999999999995,130.51175900232852,21.75195983372142,0.7454449894127071,914.8859295368728,148,0.08194905869324474,190,-0.01000973569845276,-0.5177075312999277,3.3186132606525627,0.6022137274009246,0.6762974888896098,0.0,12.694020819193808,9000,130.71320008020848,-317.14052047300174,-143.36670166430082,-173.77381880870092,0.28962303134783485,0.28962303134783485,1,5,False
SP4_DIAG_wrench_market_motion_safety,narrow_passage,narrow_passage_v00,5406,pid_safety_motion,PID safety motion,model_based,decentralized,proposed,pid_damped_safety_motion,sp4_motion_proposed,none,distributed_pid_damped_safety_feedback,local_target_error_and_clearance,0,5,False,False,6,18.0,2,0.28,0.35,0.08,0.12,36.0,inf,0.0,1.0,36.0,36.0,118.06154432425788,19.67692405404298,0.8240561087403522,822.5370996431245,126,0.06976744186046512,181,0.028450617499910846,-0.40878758762628475,3.118695214637424,0.5447653392592173,0.6161821565438665,0.0,13.214020819193808,9000,113.7980999192223,-314.2407712128842,-143.36670166430082,-170.8740695485834,0.2847901159143057,0.2847901159143057,0,6,False
SP4_DIAG_wrench_market_motion_safety,narrow_passage,narrow_passage_v00,5406,tensor_flow_motion_field,Smooth tensor-flow motion,model_based,decentralized,proposed,smooth_tensor_flow_barrier_motion,sp4_motion_proposed,none,distributed_smooth_tensor_flow_motion_field,local_anisotropic_clearance_tensor,0,8,False,False,6,18.0,2,0.28,0.35,0.08,0.12,36.0,inf,0.16666666666666666,0.8333333333333334,33.72,33.72,128.6829153761646,21.4471525626941,0.7560392653782311,901.2943165226734,130,0.07198228128460686,186,-0.01352821264140125,-0.47777734770495917,3.2957731003359676,0.5937749878929717,0.661268655803174,0.0,12.834020819193809,9000,126.71209999825805,-292.90599296437273,-143.36670166430082,-149.5392913000719,0.2492321521667865,0.2492321521667865,1,5,False
SP4_DIAG_wrench_market_motion_safety,narrow_passage,narrow_passage_v00,5406,reference_time_expanded_cbf,Reference time-expanded CBF,model_based_reference,centralized,reference,time_expanded_safe_cbf_reference,sp4_motion_reference,none,centralized_time_expanded_cbf_reference,global_state_and_release_schedule,0,8,False,False,6,18.0,2,0.28,0.35,0.08,0.12,36.0,inf,0.5,0.5,33.76,35.76,138.84863461982718,23.14143910330453,0.7006863054441007,977.7782778835841,60,0.03322259136212625,101,0.08998877851874387,-0.18579617649710922,3.385419941786626,0.6406821457171792,0.721383988148917,0.0,12.094020819193808,9000,117.7900000475347,-143.36670166430082,-143.36670166430082,0.0,0.0,0.0,3,3,False
SP4_DIAG_wrench_market_motion_safety,narrow_passage,narrow_passage_v00,5407,direct_to_target,Direct to target,classic,decentralized,baseline,direct_single_integrator,sp4_motion_baseline,none,local_target_feedback,none,0,0,False,False,6,18.0,2,0.28,0.35,0.08,0.12,36.0,inf,1.0,0.0,23.319999999999997,27.24,95.84358863295584,15.973931438825973,1.0205766825072102,692.8127615767809,258,0.14285714285714285,329,-0.3487482801541534,-0.7630808636442261,3.475195741001431,0.44224616386561355,0.7071556600930878,2.220446049250313e-16,0.0,9000,16.818800009787083,-288.18285997216094,-61.2923065567162,-226.89055341544474,0.37815092235907455,0.37815092235907455,6,0,True
SP4_DIAG_wrench_market_motion_safety,narrow_passage,narrow_passage_v00,5407,priority_yield,Priority yield,classic,centralized,baseline,priority_release_yield,sp4_motion_baseline,none,centralized_priority_schedule,global_priority_order,0,2,False,False,6,18.0,2,0.28,0.35,0.08,0.12,36.0,inf,1.0,0.0,26.040000000000003,30.119999999999997,96.18654356634084,16.03109059439014,1.0169377971165303,695.2848482299814,275,0.15227021040974528,344,-0.5343022103452939,-0.762841512754171,3.315889954909664,0.44382864325554133,0.6505832072856409,0.0,2.2789540959949446,9000,28.35179993417114,-315.22639305028343,-61.2923065567162,-253.93408649356724,0.42322347748927874,0.42322347748927874,6,0,True
SP4_DIAG_wrench_market_motion_safety,narrow_passage,narrow_passage_v00,5407,apf_obstacle_avoidance,APF obstacle avoidance,classic,decentralized,baseline,artificial_potential_field,sp4_motion_baseline,none,local_apf_feedback,local_obstacle_robot_neighbors,0,4,False,False,6,18.0,2,0.28,0.35,0.08,0.12,36.0,inf,1.0,0.0,25.7,30.119999999999997,97.1592721836522,16.193212030608702,1.0067565300583436,702.4328767177161,261,0.14451827242524917,339,-0.38074204060677486,-0.5403118343131064,3.299591789110996,0.4483170551109834,0.6505832072856409,0.0,1.938954095994945,9000,59.290100005455315,-296.3632224681787,-61.2923065567162,-235.07091591146252,0.39178485985243755,0.39178485985243755,6,0,True
SP4_DIAG_wrench_market_motion_safety,narrow_passage,narrow_passage_v00,5407,velocity_obstacle_proxy,Velocity obstacle proxy,sota,decentralized,baseline,velocity_obstacle_proxy,sp4_motion_sota_proxy,none,local_velocity_obstacle_proxy,local_relative_state_neighbors,0,5,False,False,6,18.0,2,0.28,0.35,0.08,0.12,36.0,inf,1.0,0.0,26.14,30.599999999999998,96.69285021067225,16.11547503511204,1.0116128701707425,698.8706001847045,298,0.16500553709856036,374,-0.3821788122436604,-0.49919436312491605,3.273239934927809,0.44616486808172856,0.6364400940837791,0.0,2.378954095994945,9000,72.94749992433935,-346.0984220847398,-61.2923065567162,-284.8061155280236,0.47467685921337266,0.47467685921337266,6,0,True
SP4_DIAG_wrench_market_motion_safety,narrow_passage,narrow_passage_v00,5407,cbf_safety_filter,CBF safety filter,sota,centralized,baseline,cbf_velocity_projection_proxy,sp4_motion_sota_proxy,none,centralized_cbf_velocity_projection_proxy,global_relative_state,0,6,False,False,6,18.0,2,0.28,0.35,0.08,0.12,36.0,inf,0.6666666666666666,0.3333333333333333,33.87,35.64,131.18943009280235,21.86490501546706,0.7456068042784679,954.0314260826821,0,0.0,30,0.17327466009073966,0.04695967956138891,3.519407564952081,0.6053406704171389,0.6647263204875026,0.0,10.818954095994945,9000,103.64829993341118,-32.06332221457666,-61.2923065567162,29.22898434213954,0.0,0.0,4,2,False
SP4_DIAG_wrench_market_motion_safety,narrow_passage,narrow_passage_v00,5407,smith_motion_field,Smith-QR motion field,model_based,decentralized,proposed,smith_qr_congestion_field,sp4_motion_proposed,none,distributed_smith_qr_motion_field,local_congestion_price_neighbors,0,6,False,False,6,18.0,2,0.28,0.35,0.08,0.12,36.0,inf,0.5,0.5,31.159999999999997,34.32,127.82891299800909,21.304818833001516,0.7652081945508783,931.3729627997046,81,0.044850498338870434,120,-0.04403778268410019,-0.6074216824513861,3.7113719020610754,0.5898344084441178,0.6647263204875026,0.0,9.818954095994945,9000,123.07480000890791,-166.3052865008481,-61.2923065567162,-105.0129799441319,0.17502163324021983,0.17502163324021983,3,3,False
SP4_DIAG_wrench_market_motion_safety,narrow_passage,narrow_passage_v00,5407,replicator_motion_field,Replicator motion field,model_based,decentralized,baseline,replicator_target_congestion_field,sp4_population_motion_family,none,distributed_replicator_motion_field,local_target_obstacle_neighbor_scores,0,5,False,False,6,18.0,2,0.28,0.35,0.08,0.12,36.0,inf,1.0,0.0,25.5,29.759999999999998,96.37433390740786,16.062388984567978,1.0149562415713795,696.6524635874763,313,0.17331118493909192,383,-0.3762058207276552,-0.47403977217547566,3.325082918386115,0.4446951546115169,0.6505832072856409,0.0,1.7389540959949443,9000,68.51460004691035,-364.9157219493251,-61.2923065567162,-303.6234153926089,0.5060390256543481,0.5060390256543481,6,0,True
SP4_DIAG_wrench_market_motion_safety,narrow_passage,narrow_passage_v00,5407,logit_motion_field,Logit motion field,model_based,decentralized,baseline,logit_softmax_motion_field,sp4_population_motion_family,none,distributed_logit_smoothed_motion_field,local_softmax_flow_scores,0,6,False,False,6,18.0,2,0.28,0.35,0.08,0.12,36.0,inf,1.0,0.0,26.700000000000003,31.2,96.54255771598409,16.09042628599735,1.0131876971228508,697.8818516054721,310,0.1716500553709856,394,-0.3800906899842931,-0.47156964665395207,3.2343772490280527,0.44547138111842066,0.6222969808819173,0.0,2.9389540959949447,9000,65.21320005413145,-362.89831410393674,-61.2923065567162,-301.60600754722054,0.5026766792453675,0.5026766792453675,6,0,True
SP4_DIAG_wrench_market_motion_safety,narrow_passage,narrow_passage_v00,5407,bnn_motion_field,BNN/Brown motion field,model_based,decentralized,baseline,brown_bnn_positive_excess_field,sp4_population_motion_family,none,distributed_bnn_positive_excess_motion_field,local_positive_excess_neighbor_scores,0,6,False,False,6,18.0,2,0.28,0.35,0.08,0.12,36.0,inf,1.0,0.0,27.38,32.04,96.79011434143177,16.131685723571962,1.0105963030641554,699.5376914163783,306,0.16943521594684385,386,-0.3817082337881944,-0.5112346869316224,3.186273965019928,0.44661366898039745,0.6081538676800556,0.0,3.618954095994944,9000,63.94120003096759,-358.741720341704,-61.2923065567162,-297.4494137849878,0.4957490229749797,0.4957490229749797,6,0,True
SP4_DIAG_wrench_market_motion_safety,narrow_passage,narrow_passage_v00,5407,primal_dual_motion_field,Primal-dual motion field,model_based,decentralized,proposed,primal_dual_barrier_motion_field,sp4_motion_proposed,none,distributed_primal_dual_barrier_motion_field,local_barrier_dual_prices,0,7,False,False,6,18.0,2,0.28,0.35,0.08,0.12,36.0,inf,0.3333333333333333,0.6666666666666666,33.17999999999999,34.199999999999996,127.61071360115659,21.26845226685943,0.7665166110764644,927.0424153261421,35,0.01937984496124031,39,0.13760313769289845,-0.5893292652632609,3.5336795347968257,0.5888275821389651,0.6364400940837791,0.0,11.298954095994944,9000,119.51690004207194,-136.61907571915927,-61.2923065567162,-75.32676916244307,0.12554461527073846,0.12554461527073846,2,4,False
SP4_DIAG_wrench_market_motion_safety,narrow_passage,narrow_passage_v00,5407,pid_safety_motion,PID safety motion,model_based,decentralized,proposed,pid_damped_safety_motion,sp4_motion_proposed,none,distributed_pid_damped_safety_feedback,local_target_error_and_clearance,0,5,False,False,6,18.0,2,0.28,0.35,0.08,0.12,36.0,inf,0.0,1.0,36.0,36.0,117.18800770318752,19.53133461719792,0.8346906278529321,849.0932281379479,54,0.029900332225913623,100,0.029341546802292506,-0.5863283603409732,3.2119264819224416,0.5407346239534319,0.5798676412763321,0.0,12.238954095994943,9000,125.21450000349432,-218.63309131827342,-61.2923065567162,-157.34078476155722,0.26223464126926205,0.26223464126926205,0,6,False
SP4_DIAG_wrench_market_motion_safety,narrow_passage,narrow_passage_v00,5407,tensor_flow_motion_field,Smooth tensor-flow motion,model_based,decentralized,proposed,smooth_tensor_flow_barrier_motion,sp4_motion_proposed,none,distributed_smooth_tensor_flow_motion_field,local_anisotropic_clearance_tensor,0,8,False,False,6,18.0,2,0.28,0.35,0.08,0.12,36.0,inf,0.3333333333333333,0.6666666666666666,34.56,35.64,126.21357873474496,21.035596455790827,0.7750016496416834,916.071211999932,51,0.02823920265780731,65,0.21319969642960646,-0.47278861984817877,3.4007429902080655,0.5823808542577759,0.6222969808819173,0.0,11.758954095994945,9000,119.31970005389303,-158.20045248704744,-61.2923065567162,-96.90814593033124,0.16151357655055207,0.16151357655055207,2,4,False
SP4_DIAG_wrench_market_motion_safety,narrow_passage,narrow_passage_v00,5407,reference_time_expanded_cbf,Reference time-expanded CBF,model_based_reference,centralized,reference,time_expanded_safe_cbf_reference,sp4_motion_reference,none,centralized_time_expanded_cbf_reference,global_state_and_release_schedule,0,8,False,False,6,18.0,2,0.28,0.35,0.08,0.12,36.0,inf,0.5,0.5,32.52,33.48,133.0280336261112,22.171338937685203,0.7353016432726419,971.0139158971728,0,0.0,27,0.16416102440208435,0.05508398921609059,3.670375412627333,0.6138244445649284,0.6788694336893643,0.0,10.498954095994945,9000,113.10790001880378,-61.2923065567162,-61.2923065567162,0.0,0.0,0.0,3,3,False
SP4_DIAG_wrench_market_motion_safety,narrow_passage,narrow_passage_v00,5408,direct_to_target,Direct to target,classic,decentralized,baseline,direct_single_integrator,sp4_motion_baseline,none,local_target_feedback,none,0,0,False,False,6,18.0,2,0.28,0.35,0.08,0.12,36.0,inf,1.0,0.0,21.86,24.72,95.73089939265901,15.955149898776503,1.0204977763087035,746.4150287931564,249,0.1378737541528239,321,-0.4804809889254137,-0.806430007763829,3.5960652971358673,0.44172618767376726,0.8281295608299494,1.1102230246251565e-16,0.0,9000,14.657999970950186,-274.3979581210939,-242.06019260061436,-32.337765520479536,0.05389627586746589,0.05389627586746589,6,0,True
SP4_DIAG_wrench_market_motion_safety,narrow_passage,narrow_passage_v00,5408,priority_yield,Priority yield,classic,centralized,baseline,priority_release_yield,sp4_motion_baseline,none,centralized_priority_schedule,global_priority_order,0,2,False,False,6,18.0,2,0.28,0.35,0.08,0.12,36.0,inf,1.0,0.0,24.56,28.919999999999998,96.4708370663336,16.078472844388934,1.0126704911564794,753.00251948452,275,0.15227021040974528,375,-0.5289454767829372,-1.0317483232360687,3.433444673045278,0.4451404441968136,0.7618791959635536,0.0,2.307037827310934,9000,21.60460001323372,-313.49811433282724,-242.06019260061436,-71.43792173221289,0.11906320288702148,0.11906320288702148,6,0,True
SP4_DIAG_wrench_market_motion_safety,narrow_passage,narrow_passage_v00,5408,apf_obstacle_avoidance,APF obstacle avoidance,classic,decentralized,baseline,artificial_potential_field,sp4_motion_baseline,none,local_apf_feedback,local_obstacle_robot_neighbors,0,4,False,False,6,18.0,2,0.28,0.35,0.08,0.12,36.0,inf,1.0,0.0,24.040000000000003,27.24,96.86923879079879,16.144873131799798,1.0085056017134741,755.1533152646856,216,0.11960132890365449,329,-0.3922365689369369,-0.4316933188962395,3.427969916143554,0.446978768875963,0.7618791959635536,0.0,1.7870378273109342,9000,47.569099930115044,-234.36995505539335,-242.06019260061436,7.690237545221009,0.0,0.0,6,0,True
SP4_DIAG_wrench_market_motion_safety,narrow_passage,narrow_passage_v00,5408,velocity_obstacle_proxy,Velocity obstacle proxy,sota,decentralized,baseline,velocity_obstacle_proxy,sp4_motion_sota_proxy,none,local_velocity_obstacle_proxy,local_relative_state_neighbors,0,5,False,False,6,18.0,2,0.28,0.35,0.08,0.12,36.0,inf,1.0,0.0,24.5,27.72,96.54577983324629,16.09096330554105,1.0118844150720645,752.5206496716729,263,0.14562569213732005,358,-0.3866681791038087,-0.45021721656404745,3.407246893015235,0.44548624876913184,0.7453166047469546,0.0,2.2470378273109346,9000,59.08339994493872,-297.46693918959903,-242.06019260061436,-55.406746588984674,0.0923445776483078,0.0923445776483078,6,0,True
SP4_DIAG_wrench_market_motion_safety,narrow_passage,narrow_passage_v00,5408,cbf_safety_filter,CBF safety filter,sota,centralized,baseline,cbf_velocity_projection_proxy,sp4_motion_sota_proxy,none,centralized_cbf_velocity_projection_proxy,global_relative_state,0,6,False,False,6,18.0,2,0.28,0.35,0.08,0.12,36.0,inf,0.3333333333333333,0.6666666666666666,29.939999999999998,32.04,135.68047259450017,22.613412099083362,0.720023803618449,1043.3682236965974,139,0.0769656699889258,156,0.017727382009006476,-0.2303776086189102,3.7128680550050523,0.6260634578926724,0.7784417871801524,0.0,11.727037827310935,9000,101.17979999631643,-276.0356608478446,-242.06019260061436,-33.97546824723025,0.05662578041205042,0.05662578041205042,2,4,False
SP4_DIAG_wrench_market_motion_safety,narrow_passage,narrow_passage_v00,5408,smith_motion_field,Smith-QR motion field,model_based,decentralized,proposed,smith_qr_congestion_field,sp4_motion_proposed,none,distributed_smith_qr_motion_field,local_congestion_price_neighbors,0,6,False,False,6,18.0,2,0.28,0.35,0.08,0.12,36.0,inf,0.16666666666666666,0.8333333333333334,28.32,28.32,136.40431468289432,22.734052447149054,0.7162029308336233,1047.4694855514506,179,0.0991140642303433,199,-0.0020593696200861267,-0.6280666943007494,3.636665231349318,0.6294034453806485,0.7784417871801524,0.0,12.467037827310934,9000,122.9647999862209,-359.7427315719085,-242.06019260061436,-117.68253897129415,0.19613756495215692,0.19613756495215692,1,5,False
SP4_DIAG_wrench_market_motion_safety,narrow_passage,narrow_passage_v00,5408,replicator_motion_field,Replicator motion field,model_based,decentralized,baseline,replicator_target_congestion_field,sp4_population_motion_family,none,distributed_replicator_motion_field,local_target_obstacle_neighbor_scores,0,5,False,False,6,18.0,2,0.28,0.35,0.08,0.12,36.0,inf,1.0,0.0,23.88,27.0,96.187055442623,16.031175907103833,1.0156581829507834,749.6494653901264,276,0.15282392026578073,388,-0.41314976836709877,-0.5410371088153569,3.451583223748827,0.4438310051800615,0.7618791959635536,0.0,1.627037827310934,9000,61.43779994454235,-313.6430554891521,-242.06019260061436,-71.58286288853776,0.11930477148089627,0.11930477148089627,6,0,True
SP4_DIAG_wrench_market_motion_safety,narrow_passage,narrow_passage_v00,5408,logit_motion_field,Logit motion field,model_based,decentralized,baseline,logit_softmax_motion_field,sp4_population_motion_family,none,distributed_logit_smoothed_motion_field,local_softmax_flow_scores,0,6,False,False,6,18.0,2,0.28,0.35,0.08,0.12,36.0,inf,1.0,0.0,24.999999999999996,28.32,96.33195009682018,16.055325016136695,1.0141305128366285,750.7246043668398,277,0.15337763012181616,377,-0.401633399292369,-0.4822018229877938,3.3661260698081623,0.44449958516436006,0.7287540135303556,0.0,2.7470378273109337,9000,59.63629996404052,-316.8065873573276,-242.06019260061436,-74.74639475671324,0.12457732459452207,0.12457732459452207,6,0,True
SP4_DIAG_wrench_market_motion_safety,narrow_passage,narrow_passage_v00,5408,bnn_motion_field,BNN/Brown motion field,model_based,decentralized,baseline,brown_bnn_positive_excess_field,sp4_population_motion_family,none,distributed_bnn_positive_excess_motion_field,local_positive_excess_neighbor_scores,0,6,False,False,6,18.0,2,0.28,0.35,0.08,0.12,36.0,inf,1.0,0.0,25.64,29.04,96.58854080013566,16.098090133355942,1.0114364410617904,752.7019781151195,272,0.150609080841639,368,-0.3810451045335167,-0.4405203978865737,3.3244080743566697,0.44568355850930075,0.7121914223137565,0.0,3.387037827310935,9000,59.74369996692985,-311.26229277711457,-242.06019260061436,-69.20210017650021,0.11533683362750034,0.11533683362750034,6,0,True
SP4_DIAG_wrench_market_motion_safety,narrow_passage,narrow_passage_v00,5408,primal_dual_motion_field,Primal-dual motion field,model_based,decentralized,proposed,primal_dual_barrier_motion_field,sp4_motion_proposed,none,distributed_primal_dual_barrier_motion_field,local_barrier_dual_prices,0,7,False,False,6,18.0,2,0.28,0.35,0.08,0.12,36.0,inf,0.3333333333333333,0.6666666666666666,32.339999999999996,35.4,132.48619724624248,22.081032874373747,0.737383757589974,1017.4964771520404,177,0.09800664451827243,198,-0.015926836252403875,-0.592252619285319,3.6311459172335714,0.6113242766991628,0.7453166047469545,0.0,12.527037827310934,9000,130.84170001093298,-326.85254167621423,-242.06019260061436,-84.79234907559987,0.14132058179266646,0.14132058179266646,2,4,False
SP4_DIAG_wrench_market_motion_safety,narrow_passage,narrow_passage_v00,5408,pid_safety_motion,PID safety motion,model_based,decentralized,proposed,pid_damped_safety_motion,sp4_motion_proposed,none,distributed_pid_damped_safety_feedback,local_target_error_and_clearance,0,5,False,False,6,18.0,2,0.28,0.35,0.08,0.12,36.0,inf,0.16666666666666666,0.8333333333333334,32.28,32.28,120.09334030219892,20.015556717033153,0.8134769980450945,928.1549775618969,175,0.09689922480620156,197,-0.0052392974464142705,-0.19885947406812954,3.4863318040454128,0.5541405514128777,0.6790662398805585,0.0,13.127037827310936,9000,103.15759992226958,-350.7015575103198,-242.06019260061436,-108.64136490970543,0.18106894151617572,0.18106894151617572,1,5,False
SP4_DIAG_wrench_market_motion_safety,narrow_passage,narrow_passage_v00,5408,tensor_flow_motion_field,Smooth tensor-flow motion,model_based,decentralized,proposed,smooth_tensor_flow_barrier_motion,sp4_motion_proposed,none,distributed_smooth_tensor_flow_motion_field,local_anisotropic_clearance_tensor,0,8,False,False,6,18.0,2,0.28,0.35,0.08,0.12,36.0,inf,0.3333333333333333,0.6666666666666666,32.94,36.0,130.0024529481477,21.66707549135795,0.7514717433309223,998.812649144697,180,0.09966777408637874,199,-0.03189983108185335,-0.6578875156701808,3.6157828051582084,0.5998636625514392,0.7287540135303556,0.0,12.727037827310935,9000,116.1715000635013,-330.42599061401506,-242.06019260061436,-88.3657980134007,0.1472763300223345,0.1472763300223345,2,4,False
SP4_DIAG_wrench_market_motion_safety,narrow_passage,narrow_passage_v00,5408,reference_time_expanded_cbf,Reference time-expanded CBF,model_based_reference,centralized,reference,time_expanded_safe_cbf_reference,sp4_motion_reference,none,centralized_time_expanded_cbf_reference,global_state_and_release_schedule,0,8,False,False,6,18.0,2,0.28,0.35,0.08,0.12,36.0,inf,0.3333333333333333,0.6666666666666666,29.4,31.68,138.63600174277795,23.10600029046299,0.7046738850381621,1064.7492593725942,113,0.06256921373200443,149,0.08592354599241103,-0.33624636666863994,3.699790547948135,0.6397010047193523,0.7950043783967514,0.0,11.547037827310936,9000,109.88639993593097,-242.06019260061436,-242.06019260061436,0.0,0.0,0.0,2,4,False
SP4_DIAG_wrench_market_motion_safety,narrow_passage,narrow_passage_v00,5409,direct_to_target,Direct to target,classic,decentralized,baseline,direct_single_integrator,sp4_motion_baseline,none,local_target_feedback,none,0,0,False,False,6,18.0,2,0.28,0.35,0.08,0.12,36.0,inf,1.0,0.0,23.159999999999997,24.96,95.76193611828054,15.96032268638009,1.0202858143867162,640.852839935363,342,0.1893687707641196,439,-0.4363004306005432,-0.9069429850734234,3.4281590544322595,0.44186939884773224,0.7435298689421879,2.220446049250313e-16,0.0,9000,12.489599990658462,-399.0172041792624,-220.63108655356052,-178.3861176257019,0.2973101960428365,0.2973101960428365,6,0,True
SP4_DIAG_wrench_market_motion_safety,narrow_passage,narrow_passage_v00,5409,priority_yield,Priority yield,classic,centralized,baseline,priority_release_yield,sp4_motion_baseline,none,centralized_priority_schedule,global_priority_order,0,2,False,False,6,18.0,2,0.28,0.35,0.08,0.12,36.0,inf,1.0,0.0,25.899999999999995,27.599999999999998,96.2085099711341,16.034751661855683,1.015549923899698,644.105900189703,327,0.18106312292358803,480,-0.46914829552653203,-1.087938807394717,3.2952597624368276,0.44393000171250496,0.6840474794268128,0.0,2.3115246663693334,9000,24.99940001871437,-383.5984262121578,-220.63108655356052,-162.96733965859727,0.2716122327643288,0.2716122327643288,6,0,True
SP4_DIAG_wrench_market_motion_safety,narrow_passage,narrow_passage_v00,5409,apf_obstacle_avoidance,APF obstacle avoidance,classic,decentralized,baseline,artificial_potential_field,sp4_motion_baseline,none,local_apf_feedback,local_obstacle_robot_neighbors,0,4,False,False,6,18.0,2,0.28,0.35,0.08,0.12,36.0,inf,1.0,0.0,25.48,27.72,96.93481117449001,16.155801862415,1.0079407366236364,648.197118568717,352,0.19490586932447398,443,-0.4223961563461326,-0.5452894681167129,3.2457390155782946,0.44728133616874316,0.6840474794268128,0.0,1.8915246663693341,9000,47.72269993554801,-416.34971602281246,-220.63108655356052,-195.71862946925194,0.32619771578208656,0.32619771578208656,6,0,True
SP4_DIAG_wrench_market_motion_safety,narrow_passage,narrow_passage_v00,5409,velocity_obstacle_proxy,Velocity obstacle proxy,sota,decentralized,baseline,velocity_obstacle_proxy,sp4_motion_sota_proxy,none,local_velocity_obstacle_proxy,local_relative_state_neighbors,0,5,False,False,6,18.0,2,0.28,0.35,0.08,0.12,36.0,inf,1.0,0.0,25.899999999999995,28.08,96.41455161218506,16.069091935364177,1.0133796542734785,644.8013276455739,368,0.20376522702104097,478,-0.5230208535331905,-0.5406306817204061,3.2191959096998692,0.4448807291075354,0.669176882047969,0.0,2.311524666369334,9000,65.91310002841055,-438.1357594816348,-220.63108655356052,-217.50467292807429,0.36250778821345714,0.36250778821345714,6,0,True
SP4_DIAG_wrench_market_motion_safety,narrow_passage,narrow_passage_v00,5409,cbf_safety_filter,CBF safety filter,sota,centralized,baseline,cbf_velocity_projection_proxy,sp4_motion_sota_proxy,none,centralized_cbf_velocity_projection_proxy,global_relative_state,0,6,False,False,6,18.0,2,0.28,0.35,0.08,0.12,36.0,inf,0.6666666666666666,0.3333333333333333,32.22,34.8,128.30221385354798,21.383702308924665,0.7615187769964322,862.3600125903148,127,0.07032115171650055,167,0.06734099798785653,-0.5941295910526352,3.8156901583654683,0.5920183363489664,0.6989180768056565,0.0,9.891524666369335,9000,94.28090008441359,-197.52218462661835,-220.63108655356052,23.108901926942167,0.0,0.0,4,2,False
SP4_DIAG_wrench_market_motion_safety,narrow_passage,narrow_passage_v00,5409,smith_motion_field,Smith-QR motion field,model_based,decentralized,proposed,smith_qr_congestion_field,sp4_motion_proposed,none,distributed_smith_qr_motion_field,local_congestion_price_neighbors,0,6,False,False,6,18.0,2,0.28,0.35,0.08,0.12,36.0,inf,0.5,0.5,32.48,35.879999999999995,130.63802957517117,21.773004929195196,0.7479027760707906,877.4587882635632,134,0.07419712070874862,158,0.10352251119021039,-0.4550982185336647,3.8659596899665214,0.6027963712401768,0.6989180768056564,0.0,10.651524666369333,9000,125.03260001540184,-237.87204409017002,-220.63108655356052,-17.2409575366095,0.0287349292276825,0.0287349292276825,3,3,False
SP4_DIAG_wrench_market_motion_safety,narrow_passage,narrow_passage_v00,5409,replicator_motion_field,Replicator motion field,model_based,decentralized,baseline,replicator_target_congestion_field,sp4_population_motion_family,none,distributed_replicator_motion_field,local_target_obstacle_neighbor_scores,0,5,False,False,6,18.0,2,0.28,0.35,0.08,0.12,36.0,inf,1.0,0.0,25.28,27.36,96.149991770545,16.024998628424168,1.016168001478912,643.2224558904416,384,0.21262458471760798,496,-0.5440404248896105,-0.6361324112704453,3.269730233078718,0.44365998417564145,0.6840474794268128,0.0,1.6915246663693342,9000,62.04049999359995,-458.3322260706835,-220.63108655356052,-237.70113951712295,0.3961685658618716,0.3961685658618716,6,0,True
SP4_DIAG_wrench_market_motion_safety,narrow_passage,narrow_passage_v00,5409,logit_motion_field,Logit motion field,model_based,decentralized,baseline,logit_softmax_motion_field,sp4_population_motion_family,none,distributed_logit_smoothed_motion_field,local_softmax_flow_scores,0,6,False,False,6,18.0,2,0.28,0.35,0.08,0.12,36.0,inf,1.0,0.0,26.48,28.68,96.32894656274115,16.054824427123524,1.0142802186261992,644.2446885743743,383,0.21207087486157253,498,-0.5208262703151485,-0.5744510872136823,3.179120162535606,0.4444857261108391,0.6543062846691252,0.0,2.891524666369334,9000,61.70610000845045,-458.97291479732087,-220.63108655356052,-238.34182824376035,0.39723638040626724,0.39723638040626724,6,0,True
SP4_DIAG_wrench_market_motion_safety,narrow_passage,narrow_passage_v00,5409,bnn_motion_field,BNN/Brown motion field,model_based,decentralized,baseline,brown_bnn_positive_excess_field,sp4_population_motion_family,none,distributed_bnn_positive_excess_motion_field,local_positive_excess_neighbor_scores,0,6,False,False,6,18.0,2,0.28,0.35,0.08,0.12,36.0,inf,1.0,0.0,27.119999999999994,29.4,96.48029978431352,16.080049964052254,1.0126890691479185,645.1845547855979,388,0.21483942414174972,497,-0.5287990324130121,-0.5283204647642838,3.12982499535197,0.44518410753190046,0.6394356872902814,0.0,3.5315246663693336,9000,65.71070000063628,-466.68412944060424,-220.63108655356052,-246.05304288704372,0.4100884048117395,0.4100884048117395,6,0,True
SP4_DIAG_wrench_market_motion_safety,narrow_passage,narrow_passage_v00,5409,primal_dual_motion_field,Primal-dual motion field,model_based,decentralized,proposed,primal_dual_barrier_motion_field,sp4_motion_proposed,none,distributed_primal_dual_barrier_motion_field,local_barrier_dual_prices,0,7,False,False,6,18.0,2,0.28,0.35,0.08,0.12,36.0,inf,0.3333333333333333,0.6666666666666666,31.799999999999997,32.879999999999995,126.55070595109447,21.091784325182413,0.7720584744698816,848.8788886209946,150,0.08305647840531562,192,0.0155740869958233,-0.6234902937540954,3.7403165916895196,0.5839364431113632,0.669176882047969,0.0,11.011524666369334,9000,127.6045999256894,-287.69215903487486,-220.63108655356052,-67.06107248131434,0.1117684541355239,0.1117684541355239,2,4,False
SP4_DIAG_wrench_market_motion_safety,narrow_passage,narrow_passage_v00,5409,pid_safety_motion,PID safety motion,model_based,decentralized,proposed,pid_damped_safety_motion,sp4_motion_proposed,none,distributed_pid_damped_safety_feedback,local_target_error_and_clearance,0,5,False,False,6,18.0,2,0.28,0.35,0.08,0.12,36.0,inf,0.16666666666666666,0.8333333333333334,33.839999999999996,33.839999999999996,118.72087847481471,19.786813079135786,0.8229769374593658,795.9394120600865,141,0.07807308970099668,172,0.05388758146343686,-0.8226522156891486,3.592656388940081,0.5478076710724197,0.6096944925325939,0.0,12.051524666369334,9000,106.29360005259514,-304.3107360007854,-220.63108655356052,-83.6796494472249,0.1394660824120415,0.1394660824120415,1,5,False
SP4_DIAG_wrench_market_motion_safety,narrow_passage,narrow_passage_v00,5409,tensor_flow_motion_field,Smooth tensor-flow motion,model_based,decentralized,proposed,smooth_tensor_flow_barrier_motion,sp4_motion_proposed,none,distributed_smooth_tensor_flow_motion_field,local_anisotropic_clearance_tensor,0,8,False,False,6,18.0,2,0.28,0.35,0.08,0.12,36.0,inf,0.3333333333333333,0.6666666666666666,32.4,33.48,124.69392976067472,20.78232162677912,0.7835549426280258,836.0886605098801,144,0.07973421926910298,171,0.05573621019558961,-0.6224329259045822,3.7224394542858614,0.5753688158023013,0.6543062846691252,0.0,11.211524666369334,9000,126.6148000722751,-279.50234406496105,-220.63108655356052,-58.87125751140053,0.09811876251900088,0.09811876251900088,2,4,False
SP4_DIAG_wrench_market_motion_safety,narrow_passage,narrow_passage_v00,5409,reference_time_expanded_cbf,Reference time-expanded CBF,model_based_reference,centralized,reference,time_expanded_safe_cbf_reference,sp4_motion_reference,none,centralized_time_expanded_cbf_reference,global_state_and_release_schedule,0,8,False,False,6,18.0,2,0.28,0.35,0.08,0.12,36.0,inf,0.3333333333333333,0.6666666666666666,32.22,36.0,132.8647531872146,22.144125531202434,0.7353684301962076,891.7616046171753,98,0.05426356589147287,161,0.1060763063520096,-0.33746960652476776,3.4007913751105736,0.6130710279956387,0.7137886741845002,0.0,11.151524666369333,9000,122.54509993363172,-220.63108655356052,-220.63108655356052,0.0,0.0,0.0,2,4,False
SP4_DIAG_wrench_market_motion_safety,narrow_passage,narrow_passage_v00,5410,direct_to_target,Direct to target,classic,decentralized,baseline,direct_single_integrator,sp4_motion_baseline,none,local_target_feedback,none,0,0,False,False,6,18.0,2,0.28,0.35,0.08,0.12,36.0,inf,1.0,0.0,20.939999999999998,24.0,95.98895766712869,15.998159611188115,1.0203608641974093,728.6165094721143,303,0.16777408637873753,398,-0.5371503159966059,-0.7894621690414826,3.616356076585661,0.4429169327571468,0.8178003502841055,2.220446049250313e-16,0.0,9000,13.529799995012581,-344.5655430904595,-64.34859033403876,-280.21695275642077,0.46702825459403463,0.46702825459403463,6,0,True
SP4_DIAG_wrench_market_motion_safety,narrow_passage,narrow_passage_v00,5410,priority_yield,Priority yield,classic,centralized,baseline,priority_release_yield,sp4_motion_baseline,none,centralized_priority_schedule,global_priority_order,0,2,False,False,6,18.0,2,0.28,0.35,0.08,0.12,36.0,inf,1.0,0.0,23.439999999999998,27.24,96.30359124438056,16.050598540730093,1.0170272420069808,730.3333781946353,351,0.19435215946843853,421,-0.5303553275146201,-1.0233228080914327,3.4930390120460575,0.4443687303635119,0.752376322261377,0.0,2.1379728538398353,9000,24.547499953769147,-412.43930657996265,-64.34859033403876,-348.0907162459239,0.5801511937432065,0.5801511937432065,6,0,True
SP4_DIAG_wrench_market_motion_safety,narrow_passage,narrow_passage_v00,5410,apf_obstacle_avoidance,APF obstacle avoidance,classic,decentralized,baseline,artificial_potential_field,sp4_motion_baseline,none,local_apf_feedback,local_obstacle_robot_neighbors,0,4,False,False,6,18.0,2,0.28,0.35,0.08,0.12,36.0,inf,1.0,0.0,23.039999999999996,26.52,97.21148242876615,16.20191373812769,1.0075288777785087,737.6445851598446,262,0.1450719822812846,371,-0.26503482390900013,-0.534965452282335,3.4486971006694023,0.4485579661718624,0.752376322261377,0.0,1.737972853839836,9000,46.08979995828122,-293.79972946101,-64.34859033403876,-229.4511391269712,0.3824185652116187,0.3824185652116187,6,0,True
SP4_DIAG_wrench_market_motion_safety,narrow_passage,narrow_passage_v00,5410,velocity_obstacle_proxy,Velocity obstacle proxy,sota,decentralized,baseline,velocity_obstacle_proxy,sp4_motion_sota_proxy,none,local_velocity_obstacle_proxy,local_relative_state_neighbors,0,5,False,False,6,18.0,2,0.28,0.35,0.08,0.12,36.0,inf,1.0,0.0,23.439999999999998,26.88,96.74813515462944,16.12468919243824,1.0123541465900114,733.964061447137,306,0.16943521594684385,431,-0.3564656691611397,-0.483644588696585,3.4290576788464664,0.446419966568057,0.7360203152556949,0.0,2.1379728538398357,9000,57.36949993297458,-352.77274862091514,-64.34859033403876,-288.4241582868764,0.4807069304781273,0.4807069304781273,6,0,True
SP4_DIAG_wrench_market_motion_safety,narrow_passage,narrow_passage_v00,5410,cbf_safety_filter,CBF safety filter,sota,centralized,baseline,cbf_velocity_projection_proxy,sp4_motion_sota_proxy,none,centralized_cbf_velocity_projection_proxy,global_relative_state,0,6,False,False,6,18.0,2,0.28,0.35,0.08,0.12,36.0,inf,1.0,0.0,32.24,35.4,135.6234761185685,22.603912686428085,0.7221712538396613,1028.6000030271964,0,0.0,53,0.0958922779827237,0.009106767777996572,3.71561299558721,0.6258004619719856,0.7687323292670591,0.0,10.937972853839836,9000,91.66930010542274,28.29283522364296,-64.34859033403876,92.64142555768171,0.0,0.0,6,0,True
SP4_DIAG_wrench_market_motion_safety,narrow_passage,narrow_passage_v00,5410,smith_motion_field,Smith-QR motion field,model_based,decentralized,proposed,smith_qr_congestion_field,sp4_motion_proposed,none,distributed_smith_qr_motion_field,local_congestion_price_neighbors,0,6,False,False,6,18.0,2,0.28,0.35,0.08,0.12,36.0,inf,0.6666666666666666,0.3333333333333333,32.82,36.0,139.3072808076423,23.217880134607046,0.7030743492429642,1045.631039180784,0,0.0,72,0.17936572346988722,0.02390650901457647,3.76475648157305,0.6427984533390668,0.7687323292670591,0.0,12.577972853839837,9000,119.60080009885132,-33.64524550282247,-64.34859033403876,30.70334483121629,0.0,0.0,4,2,False
SP4_DIAG_wrench_market_motion_safety,narrow_passage,narrow_passage_v00,5410,replicator_motion_field,Replicator motion field,model_based,decentralized,baseline,replicator_target_congestion_field,sp4_population_motion_family,none,distributed_replicator_motion_field,local_target_obstacle_neighbor_scores,0,5,False,False,6,18.0,2,0.28,0.35,0.08,0.12,36.0,inf,1.0,0.0,22.86,26.16,96.4063337142323,16.067722285705383,1.0159433724444265,731.5180868563399,337,0.18660022148394242,439,-0.41981476760089953,-0.5155052679660961,3.474820240857155,0.44484280968176504,0.752376322261377,0.0,1.5579728538398356,9000,56.30970001220703,-392.94110584715634,-64.34859033403876,-328.5925155131176,0.5476541925218626,0.5476541925218626,6,0,True
SP4_DIAG_wrench_market_motion_safety,narrow_passage,narrow_passage_v00,5410,logit_motion_field,Logit motion field,model_based,decentralized,baseline,logit_softmax_motion_field,sp4_population_motion_family,none,distributed_logit_smoothed_motion_field,local_softmax_flow_scores,0,6,False,False,6,18.0,2,0.28,0.35,0.08,0.12,36.0,inf,1.0,0.0,23.98,27.48,96.68412563882387,16.11402093980398,1.013024373458371,733.5870050681006,327,0.18106312292358803,449,-0.3810093840238142,-0.4530071571972969,3.39644527760888,0.44612461073654447,0.7196643082500127,0.0,2.677972853839836,9000,57.90499993599951,-381.52587270783357,-64.34859033403876,-317.1772823737948,0.5286288039563247,0.5286288039563247,6,0,True
SP4_DIAG_wrench_market_motion_safety,narrow_passage,narrow_passage_v00,5410,bnn_motion_field,BNN/Brown motion field,model_based,decentralized,baseline,brown_bnn_positive_excess_field,sp4_population_motion_family,none,distributed_bnn_positive_excess_motion_field,local_positive_excess_neighbor_scores,0,6,False,False,6,18.0,2,0.28,0.35,0.08,0.12,36.0,inf,1.0,0.0,24.56,28.2,96.8728616383636,16.145476939727267,1.0110507126781565,734.8907985108804,312,0.17275747508305647,448,-0.35101661219518754,-0.49704306998252057,3.351881664909415,0.44699548559599356,0.7033083012443306,0.0,3.2579728538398363,9000,56.02000001817942,-362.5748777448843,-64.34859033403876,-298.22628741084554,0.49704381235140926,0.49704381235140926,6,0,True
SP4_DIAG_wrench_market_motion_safety,narrow_passage,narrow_passage_v00,5410,primal_dual_motion_field,Primal-dual motion field,model_based,decentralized,proposed,primal_dual_barrier_motion_field,sp4_motion_proposed,none,distributed_primal_dual_barrier_motion_field,local_barrier_dual_prices,0,7,False,False,6,18.0,2,0.28,0.35,0.08,0.12,36.0,inf,0.3333333333333333,0.6666666666666666,30.36,33.72,134.16309849086034,22.36051641514339,0.7300321541493933,1008.8234222483752,0,0.0,99,0.13492637514780326,0.028985074803646427,3.6771087758002703,0.6190619162553535,0.7360203152556949,0.0,12.817972853839835,9000,132.03610002528876,-90.86278255713968,-64.34859033403876,-26.51419222310092,0.04419032037183487,0.04419032037183487,2,4,False
SP4_DIAG_wrench_market_motion_safety,narrow_passage,narrow_passage_v00,5410,pid_safety_motion,PID safety motion,model_based,decentralized,proposed,pid_damped_safety_motion,sp4_motion_proposed,none,distributed_pid_damped_safety_feedback,local_target_error_and_clearance,0,5,False,False,6,18.0,2,0.28,0.35,0.08,0.12,36.0,inf,0.16666666666666666,0.8333333333333334,29.88,29.88,124.13773202046127,20.68962200341021,0.7889895699278302,933.557220478308,25,0.013842746400885935,167,0.0594145468732703,-0.3028207889681809,3.5643522037829136,0.5728023810467954,0.6705962872329664,0.0,13.677972853839835,9000,102.0763999549672,-151.66979794474415,-64.34859033403876,-87.32120761070539,0.14553534601784232,0.14553534601784232,1,5,False
SP4_DIAG_wrench_market_motion_safety,narrow_passage,narrow_passage_v00,5410,tensor_flow_motion_field,Smooth tensor-flow motion,model_based,decentralized,proposed,smooth_tensor_flow_barrier_motion,sp4_motion_proposed,none,distributed_smooth_tensor_flow_motion_field,local_anisotropic_clearance_tensor,0,8,False,False,6,18.0,2,0.28,0.35,0.08,0.12,36.0,inf,0.3333333333333333,0.6666666666666666,31.019999999999996,34.44,134.12955013345666,22.354925022242778,0.730214749107769,1005.8304541340113,0,0.0,91,0.1767670777169451,0.03837986607178001,3.6848017602969447,0.6189071157874508,0.7196643082500127,0.0,13.037972853839834,9000,119.0606999443844,-91.17747223736723,-64.34859033403876,-26.828881903328465,0.04471480317221411,0.04471480317221411,2,4,False
SP4_DIAG_wrench_market_motion_safety,narrow_passage,narrow_passage_v00,5410,reference_time_expanded_cbf,Reference time-expanded CBF,model_based_reference,centralized,reference,time_expanded_safe_cbf_reference,sp4_motion_reference,none,centralized_time_expanded_cbf_reference,global_state_and_release_schedule,0,8,False,False,6,18.0,2,0.28,0.35,0.08,0.12,36.0,inf,0.5,0.5,29.679999999999996,34.56,141.1580689744129,23.52634482906882,0.693856019073155,1059.2007850697833,2,0.0011074197120708748,76,0.11900038727657758,-0.00788571487964873,3.795881463679301,0.6513384504171886,0.7850883362727412,0.0,11.537972853839838,9000,103.39880001265556,-64.34859033403876,-64.34859033403876,0.0,0.0,0.0,3,3,False
SP4_DIAG_wrench_market_motion_safety,narrow_passage,narrow_passage_v00,5411,direct_to_target,Direct to target,classic,decentralized,baseline,direct_single_integrator,sp4_motion_baseline,none,local_target_feedback,none,0,0,False,False,6,18.0,2,0.28,0.35,0.08,0.12,36.0,inf,1.0,0.0,22.8,28.2,95.57266621819018,15.928777703031697,1.0206158781900678,767.9417252850778,241,0.13344407530454042,306,-0.4363005731803456,-0.7599080764851913,3.554526485896849,0.44099606043830913,0.7988358424727389,2.220446049250313e-16,0.0,9000,13.275900040753186,-265.45118455174963,-59.66776965086884,-205.78341490088079,0.34297235816813465,0.34297235816813465,6,0,True
SP4_DIAG_wrench_market_motion_safety,narrow_passage,narrow_passage_v00,5411,priority_yield,Priority yield,classic,centralized,baseline,priority_release_yield,sp4_motion_baseline,none,centralized_priority_schedule,global_priority_order,0,2,False,False,6,18.0,2,0.28,0.35,0.08,0.12,36.0,inf,1.0,0.0,25.480000000000004,30.599999999999998,95.9818027084542,15.9969671180757,1.0162653535434452,771.2022957810682,271,0.15005537098560354,364,-0.26196515022864764,-0.7912069082215557,3.4228041413390904,0.4428839179976653,0.7349289750749198,0.0,2.255433076867621,9000,23.878199979662895,-309.72890991911913,-59.66776965086884,-250.06114026825028,0.4167685671137505,0.4167685671137505,6,0,True
SP4_DIAG_wrench_market_motion_safety,narrow_passage,narrow_passage_v00,5411,apf_obstacle_avoidance,APF obstacle avoidance,classic,decentralized,baseline,artificial_potential_field,sp4_motion_baseline,none,local_apf_feedback,local_obstacle_robot_neighbors,0,4,False,False,6,18.0,2,0.28,0.35,0.08,0.12,36.0,inf,1.0,0.0,25.14,31.2,96.91645584741643,16.15274264123607,1.0064645865384756,778.4882294828848,260,0.14396456256921372,342,-0.4507688216258109,-0.5263387604716943,3.3852983515864565,0.44719664012281396,0.7349289750749198,0.0,1.915433076867621,9000,45.46749999281019,-294.8454527473734,-59.66776965086884,-235.17768309650452,0.39196280516084087,0.39196280516084087,6,0,True
SP4_DIAG_wrench_market_motion_safety,narrow_passage,narrow_passage_v00,5411,velocity_obstacle_proxy,Velocity obstacle proxy,sota,decentralized,baseline,velocity_obstacle_proxy,sp4_motion_sota_proxy,none,local_velocity_obstacle_proxy,local_relative_state_neighbors,0,5,False,False,6,18.0,2,0.28,0.35,0.08,0.12,36.0,inf,1.0,0.0,25.540000000000003,31.68,96.36041257268508,16.06006876211418,1.0122723435795515,774.0671207447273,288,0.15946843853820597,375,-0.45766825628345464,-0.47647463753846764,3.359845799039615,0.44463091810947375,0.7189522582254652,0.0,2.315433076867621,9000,60.3395999642089,-332.52821446513235,-59.66776965086884,-272.86044481426353,0.4547674080237725,0.4547674080237725,6,0,True
SP4_DIAG_wrench_market_motion_safety,narrow_passage,narrow_passage_v00,5411,cbf_safety_filter,CBF safety filter,sota,centralized,baseline,cbf_velocity_projection_proxy,sp4_motion_sota_proxy,none,centralized_cbf_velocity_projection_proxy,global_relative_state,0,6,False,False,6,18.0,2,0.28,0.35,0.08,0.12,36.0,inf,0.6666666666666666,0.3333333333333333,33.269999999999996,35.76,132.48075645417094,22.08012607569516,0.7362803721383298,1053.2797855837148,0,0.0,35,0.14718465811199244,0.04568295185865745,3.611017267928503,0.6112991715308741,0.7509056919243746,0.0,10.955433076867621,9000,101.90739994868636,-32.69989760908808,-59.66776965086884,26.96787204178076,0.0,0.0,4,2,False
SP4_DIAG_wrench_market_motion_safety,narrow_passage,narrow_passage_v00,5411,smith_motion_field,Smith-QR motion field,model_based,decentralized,proposed,smith_qr_congestion_field,sp4_motion_proposed,none,distributed_smith_qr_motion_field,local_congestion_price_neighbors,0,6,False,False,6,18.0,2,0.28,0.35,0.08,0.12,36.0,inf,0.6666666666666666,0.3333333333333333,32.010000000000005,35.16,129.15135657996186,21.525226096660308,0.7552609840598332,1040.2646915205064,0,0.0,53,0.3943420774298887,0.03243818557720246,3.945132111070032,0.5959364921556006,0.7509056919243745,0.0,10.115433076867623,9000,122.56600009277463,-30.49327869613001,-59.66776965086884,29.174490954738832,0.0,0.0,4,2,False
SP4_DIAG_wrench_market_motion_safety,narrow_passage,narrow_passage_v00,5411,replicator_motion_field,Replicator motion field,model_based,decentralized,baseline,replicator_target_congestion_field,sp4_population_motion_family,none,distributed_replicator_motion_field,local_target_obstacle_neighbor_scores,0,5,False,False,6,18.0,2,0.28,0.35,0.08,0.12,36.0,inf,1.0,0.0,24.939999999999998,30.84,96.11050620626204,16.018417701043674,1.0149044523177118,772.0578031617304,303,0.16777408637873753,374,-0.4578769595338446,-0.48291870132223247,3.4126207855728,0.4434777879580192,0.7349289750749198,0.0,1.7154330768676207,9000,60.819100006483495,-351.426696705965,-59.66776965086884,-291.7589270550962,0.4862648784251603,0.4862648784251603,6,0,True
SP4_DIAG_wrench_market_motion_safety,narrow_passage,narrow_passage_v00,5411,logit_motion_field,Logit motion field,model_based,decentralized,baseline,logit_softmax_motion_field,sp4_population_motion_family,none,distributed_logit_smoothed_motion_field,local_softmax_flow_scores,0,6,False,False,6,18.0,2,0.28,0.35,0.08,0.12,36.0,inf,1.0,0.0,26.12,32.4,96.28814733932147,16.048024556553578,1.013032064263329,773.5048492078542,304,0.16832779623477298,388,-0.45830347277337785,-0.45128287889727914,3.3259346370444214,0.44429746834312156,0.7029755413760103,0.0,2.895433076867621,9000,68.98370000999421,-354.6971518701844,-59.66776965086884,-295.0293822193156,0.4917156370321927,0.4917156370321927,6,0,True
SP4_DIAG_wrench_market_motion_safety,narrow_passage,narrow_passage_v00,5411,bnn_motion_field,BNN/Brown motion field,model_based,decentralized,baseline,brown_bnn_positive_excess_field,sp4_population_motion_family,none,distributed_bnn_positive_excess_motion_field,local_positive_excess_neighbor_scores,0,6,False,False,6,18.0,2,0.28,0.35,0.08,0.12,36.0,inf,1.0,0.0,26.78,33.24,96.52460998157692,16.087434996929485,1.0105503734421912,775.3724438874351,299,0.16555924695459578,391,-0.45671417374320544,-0.48323178773100306,3.2801387117619343,0.4453885658064646,0.6869988245265555,0.0,3.555433076867622,9000,74.58490005228668,-349.1793313258512,-59.66776965086884,-289.5115616749824,0.482519269458304,0.482519269458304,6,0,True
SP4_DIAG_wrench_market_motion_safety,narrow_passage,narrow_passage_v00,5411,primal_dual_motion_field,Primal-dual motion field,model_based,decentralized,proposed,primal_dual_barrier_motion_field,sp4_motion_proposed,none,distributed_primal_dual_barrier_motion_field,local_barrier_dual_prices,0,7,False,False,6,18.0,2,0.28,0.35,0.08,0.12,36.0,inf,0.3333333333333333,0.6666666666666666,34.26,35.4,131.31750831638377,21.88625138606396,0.7428025547685061,1042.2677912445504,0,0.0,46,0.1973668433211644,0.05300417686912273,3.4265965684317514,0.6059316552066454,0.7189522582254652,0.0,12.195433076867621,9000,131.7837000824511,-92.6511964087166,-59.66776965086884,-32.98342675784776,0.05497237792974627,0.05497237792974627,2,4,False
SP4_DIAG_wrench_market_motion_safety,narrow_passage,narrow_passage_v00,5411,pid_safety_motion,PID safety motion,model_based,decentralized,proposed,pid_damped_safety_motion,sp4_motion_proposed,none,distributed_pid_damped_safety_feedback,local_target_error_and_clearance,0,5,False,False,6,18.0,2,0.28,0.35,0.08,0.12,36.0,inf,0.16666666666666666,0.8333333333333334,35.64,35.64,119.96745937561374,19.99457656260229,0.8130786562532836,951.9867310497738,0,0.0,57,0.2838825897554933,0.032831335218215685,3.4075797833374994,0.5535597054984026,0.6550453908276459,0.0,12.71543307686762,9000,112.55200009327382,-119.2500417064661,-59.66776965086884,-59.582272055597265,0.09930378675932877,0.09930378675932877,1,5,False
SP4_DIAG_wrench_market_motion_safety,narrow_passage,narrow_passage_v00,5411,tensor_flow_motion_field,Smooth tensor-flow motion,model_based,decentralized,proposed,smooth_tensor_flow_barrier_motion,sp4_motion_proposed,none,distributed_smooth_tensor_flow_motion_field,local_anisotropic_clearance_tensor,0,8,False,False,6,18.0,2,0.28,0.35,0.08,0.12,36.0,inf,0.16666666666666666,0.8333333333333334,33.839999999999996,33.839999999999996,127.26837648949376,21.211396081582294,0.7664353341640746,1009.8880101474498,0,0.0,67,0.09773986463855877,0.0602320166053496,3.3965301267343326,0.5872479535321778,0.7029755413760103,0.0,12.415433076867622,9000,123.67100000847131,-120.95525626249646,-59.66776965086884,-61.28748661162762,0.10214581101937936,0.10214581101937936,1,5,False
SP4_DIAG_wrench_market_motion_safety,narrow_passage,narrow_passage_v00,5411,reference_time_expanded_cbf,Reference time-expanded CBF,model_based_reference,centralized,reference,time_expanded_safe_cbf_reference,sp4_motion_reference,none,centralized_time_expanded_cbf_reference,global_state_and_release_schedule,0,8,False,False,6,18.0,2,0.28,0.35,0.08,0.12,36.0,inf,0.5,0.5,30.359999999999996,34.92,129.77795016552562,21.62965836092094,0.7516144348006187,1052.8620614453205,0,0.0,60,0.1934388489904203,0.04088636842105675,3.922128021140729,0.5988277508560608,0.7668824087738294,0.0,9.955433076867621,9000,100.83969996776432,-59.66776965086884,-59.66776965086884,0.0,0.0,0.0,3,3,False
SP4_DIAG_wrench_market_motion_safety,narrow_passage,narrow_passage_v00,5412,direct_to_target,Direct to target,classic,decentralized,baseline,direct_single_integrator,sp4_motion_baseline,none,local_target_feedback,none,0,0,False,False,6,18.0,2,0.28,0.35,0.08,0.12,36.0,inf,1.0,0.0,23.58,27.84,95.84710689330433,15.97451781555072,1.019473454568051,722.7069827161405,343,0.18992248062015504,418,-0.5045357351334915,-0.9152373236888984,3.458436106309374,0.44226239799420625,0.7214263883318031,2.220446049250313e-16,0.0,9000,13.705800054594874,-401.85538683206045,31.720402575358406,-433.5757894074188,0.7226263156790314,0.7226263156790314,6,0,True
SP4_DIAG_wrench_market_motion_safety,narrow_passage,narrow_passage_v00,5412,priority_yield,Priority yield,classic,centralized,baseline,priority_release_yield,sp4_motion_baseline,none,centralized_priority_schedule,global_priority_order,0,2,False,False,6,18.0,2,0.28,0.35,0.08,0.12,36.0,inf,1.0,0.0,26.52,31.439999999999998,96.97882090373378,16.16313681728896,1.0075765024186654,729.5696146271978,386,0.21373200442967885,463,-0.4120794275655565,-0.914621423599008,3.3168347932100284,0.44748440800910655,0.6637122772652588,0.0,2.528826815875387,9000,23.47140002530068,-464.0198473763226,31.720402575358406,-495.740249951681,0.8262337499194683,0.8262337499194683,6,0,True
SP4_DIAG_wrench_market_motion_safety,narrow_passage,narrow_passage_v00,5412,apf_obstacle_avoidance,APF obstacle avoidance,classic,decentralized,baseline,artificial_potential_field,sp4_motion_baseline,none,local_apf_feedback,local_obstacle_robot_neighbors,0,4,False,False,6,18.0,2,0.28,0.35,0.08,0.12,36.0,inf,1.0,0.0,25.94,30.84,97.03378299778316,16.172297166297195,1.0070057886654031,731.7862868332345,336,0.18604651162790697,431,-0.42972998232254955,-0.6088534115528486,3.2787811282028607,0.44773801678563624,0.6637122772652588,0.0,1.9488268158753872,9000,46.70579999219626,-396.6809230348214,31.720402575358406,-428.4013256101798,0.7140022093502997,0.7140022093502997,6,0,True
SP4_DIAG_wrench_market_motion_safety,narrow_passage,narrow_passage_v00,5412,velocity_obstacle_proxy,Velocity obstacle proxy,sota,decentralized,baseline,velocity_obstacle_proxy,sp4_motion_sota_proxy,none,local_velocity_obstacle_proxy,local_relative_state_neighbors,0,5,False,False,6,18.0,2,0.28,0.35,0.08,0.12,36.0,inf,1.0,0.0,26.399999999999995,31.32,96.59346832880419,16.09891138813403,1.0115961551587853,728.3870058926241,394,0.21816168327796234,469,-0.4514475549928871,-0.532398871616806,3.257086590412434,0.4457062953525476,0.6492837494986228,0.0,2.4088268158753863,9000,59.042499982751906,-474.3624729583728,31.720402575358406,-506.0828755337312,0.8434714592228854,0.8434714592228854,6,0,True
SP4_DIAG_wrench_market_motion_safety,narrow_passage,narrow_passage_v00,5412,cbf_safety_filter,CBF safety filter,sota,centralized,baseline,cbf_velocity_projection_proxy,sp4_motion_sota_proxy,none,centralized_cbf_velocity_projection_proxy,global_relative_state,0,6,False,False,6,18.0,2,0.28,0.35,0.08,0.12,36.0,inf,0.8333333333333334,0.16666666666666666,31.991999999999997,35.879999999999995,124.23503558912196,20.70583926485366,0.7865219397371512,931.0760267191881,0,0.0,0,0.2101985689411815,0.14573423333318147,3.811851797174925,0.5732513639217517,0.678140805031895,0.0,8.668826815875386,9000,92.45130000635982,1.9348652365346162,31.720402575358406,-29.78553733882379,0.049642562231372984,0.049642562231372984,5,1,False
SP4_DIAG_wrench_market_motion_safety,narrow_passage,narrow_passage_v00,5412,smith_motion_field,Smith-QR motion field,model_based,decentralized,proposed,smith_qr_congestion_field,sp4_motion_proposed,none,distributed_smith_qr_motion_field,local_congestion_price_neighbors,0,6,False,False,6,18.0,2,0.28,0.35,0.08,0.12,36.0,inf,0.5,0.5,31.08,33.48,126.69846056606842,21.116410094344737,0.771229427242459,948.4953143389047,0,0.0,0,0.34940554771596155,0.15533586320757187,3.9116174827121233,0.5846182196662442,0.6781408050318949,0.0,9.548826815875387,9000,115.8162000356242,-58.5226144679241,31.720402575358406,-90.2430170432825,0.15040502840547085,0.15040502840547085,3,3,False
SP4_DIAG_wrench_market_motion_safety,narrow_passage,narrow_passage_v00,5412,replicator_motion_field,Replicator motion field,model_based,decentralized,baseline,replicator_target_congestion_field,sp4_population_motion_family,none,distributed_replicator_motion_field,local_target_obstacle_neighbor_scores,0,5,False,False,6,18.0,2,0.28,0.35,0.08,0.12,36.0,inf,1.0,0.0,25.74,30.48,96.24544489772796,16.040907482954662,1.015254085829229,725.6746740131332,406,0.2248062015503876,473,-0.4703207702500489,-0.6236382386872692,3.305068358156118,0.44410042865322946,0.6637122772652588,0.0,1.7488268158753872,9000,64.35260002035648,-489.1496283385617,31.720402575358406,-520.8700309139201,0.8681167181898669,0.8681167181898669,6,0,True
SP4_DIAG_wrench_market_motion_safety,narrow_passage,narrow_passage_v00,5412,logit_motion_field,Logit motion field,model_based,decentralized,baseline,logit_softmax_motion_field,sp4_population_motion_family,none,distributed_logit_smoothed_motion_field,local_softmax_flow_scores,0,6,False,False,6,18.0,2,0.28,0.35,0.08,0.12,36.0,inf,1.0,0.0,26.959999999999997,31.919999999999998,96.42803223921231,16.071338706535386,1.0133316931374148,727.0688055429579,414,0.2292358803986711,484,-0.45878577585340385,-0.5591835242649672,3.2166439651359235,0.4449429320746238,0.6348552217319867,0.0,2.9688268158753868,9000,66.74939999356866,-501.78696810486684,31.720402575358406,-533.5073706802252,0.8891789511337087,0.8891789511337087,6,0,True
SP4_DIAG_wrench_market_motion_safety,narrow_passage,narrow_passage_v00,5412,bnn_motion_field,BNN/Brown motion field,model_based,decentralized,baseline,brown_bnn_positive_excess_field,sp4_population_motion_family,none,distributed_bnn_positive_excess_motion_field,local_positive_excess_neighbor_scores,0,6,False,False,6,18.0,2,0.28,0.35,0.08,0.12,36.0,inf,1.0,0.0,27.619999999999994,32.76,96.60666177864492,16.10111029644082,1.0114580027489366,728.3877279039862,405,0.22425249169435216,484,-0.44952534847557674,-0.5501882054753018,3.167813799352616,0.4457671732126473,0.6204266939653507,0.0,3.6288268158753856,9000,62.294799950905144,-490.9353229367869,31.720402575358406,-522.6557255121453,0.8710928758535755,0.8710928758535755,6,0,True
SP4_DIAG_wrench_market_motion_safety,narrow_passage,narrow_passage_v00,5412,primal_dual_motion_field,Primal-dual motion field,model_based,decentralized,proposed,primal_dual_barrier_motion_field,sp4_motion_proposed,none,distributed_primal_dual_barrier_motion_field,local_barrier_dual_prices,0,7,False,False,6,18.0,2,0.28,0.35,0.08,0.12,36.0,inf,0.6666666666666666,0.3333333333333333,32.97,35.519999999999996,123.65503083987018,20.60917180664503,0.7902111261563356,924.6186318341361,0,0.0,0,0.2844531514793659,0.14674860626294994,3.794339182590983,0.5705750777033497,0.6492837494986228,0.0,9.988826815875386,9000,115.27639999985695,-29.151626436446122,31.720402575358406,-60.87202901180453,0.10145338168634088,0.10145338168634088,4,2,False
SP4_DIAG_wrench_market_motion_safety,narrow_passage,narrow_passage_v00,5412,pid_safety_motion,PID safety motion,model_based,decentralized,proposed,pid_damped_safety_motion,sp4_motion_proposed,none,distributed_pid_damped_safety_feedback,local_target_error_and_clearance,0,5,False,False,6,18.0,2,0.28,0.35,0.08,0.12,36.0,inf,0.3333333333333333,0.6666666666666666,34.56,35.4,117.02841798751055,19.50473633125176,0.8349560120115301,872.7241454277696,0,0.0,0,0.3236195881540208,0.14928166558474776,3.6697535415439404,0.5399982372993293,0.5915696384320785,0.0,11.528826815875385,9000,103.02949999459088,-87.97216007819668,31.720402575358406,-119.69256265355509,0.1994876044225918,0.1994876044225918,2,4,False
SP4_DIAG_wrench_market_motion_safety,narrow_passage,narrow_passage_v00,5412,tensor_flow_motion_field,Smooth tensor-flow motion,model_based,decentralized,proposed,smooth_tensor_flow_barrier_motion,sp4_motion_proposed,none,distributed_smooth_tensor_flow_motion_field,local_anisotropic_clearance_tensor,0,8,False,False,6,18.0,2,0.28,0.35,0.08,0.12,36.0,inf,0.5,0.5,32.6,35.16,122.1979017812762,20.366316963546033,0.7996338705534338,912.9633575903501,0,0.0,0,0.23528778586325172,0.15373257207723023,3.7675747152769663,0.5638515216928576,0.6348552217319868,0.0,10.308826815875387,9000,117.3007000470534,-58.39317196778427,31.720402575358406,-90.11357454314268,0.1501892909052378,0.1501892909052378,3,3,False
SP4_DIAG_wrench_market_motion_safety,narrow_passage,narrow_passage_v00,5412,reference_time_expanded_cbf,Reference time-expanded CBF,model_based_reference,centralized,reference,time_expanded_safe_cbf_reference,sp4_motion_reference,none,centralized_time_expanded_cbf_reference,global_state_and_release_schedule,0,8,False,False,6,18.0,2,0.28,0.35,0.08,0.12,36.0,inf,1.0,0.0,32.24,35.76,124.41915203115822,20.73652533852637,0.7853580383701688,932.3383977786781,0,0.0,0,0.18228358701122693,0.1319706794084856,3.8462447668385087,0.5741009229935321,0.692569332798531,0.0,8.248826815875388,9000,94.18270003516227,31.720402575358406,31.720402575358406,0.0,0.0,0.0,6,0,True
SP4_DIAG_wrench_market_motion_safety,narrow_passage,narrow_passage_v00,5413,direct_to_target,Direct to target,classic,decentralized,baseline,direct_single_integrator,sp4_motion_baseline,none,local_target_feedback,none,0,0,False,False,6,18.0,2,0.28,0.35,0.08,0.12,36.0,inf,1.0,0.0,22.560000000000002,27.24,95.39387003426467,15.898978339044112,1.019937594090205,648.9109165129348,234,0.12956810631229235,301,-0.4038997954322923,-0.804186011117834,3.53671244872533,0.4401710503611325,0.7556330386820557,2.220446049250313e-16,0.0,9000,12.499099946580827,-254.5352157221692,-59.427943487408314,-195.1072722347609,0.32517878705793485,0.32517878705793485,6,0,True
SP4_DIAG_wrench_market_motion_safety,narrow_passage,narrow_passage_v00,5413,priority_yield,Priority yield,classic,centralized,baseline,priority_release_yield,sp4_motion_baseline,none,centralized_priority_schedule,global_priority_order,0,2,False,False,6,18.0,2,0.28,0.35,0.08,0.12,36.0,inf,1.0,0.0,25.2,29.52,95.74717360883497,15.957862268139161,1.0161740616093102,650.7087676207485,248,0.13732004429678848,327,-0.40112035631510184,-0.8110494692629129,3.401076283703068,0.44180128095623455,0.6951823955874913,0.0,2.244528866200776,9000,22.605500067584217,-277.45957218244354,-59.427943487408314,-218.03162869503524,0.36338604782505873,0.36338604782505873,6,0,True
SP4_DIAG_wrench_market_motion_safety,narrow_passage,narrow_passage_v00,5413,apf_obstacle_avoidance,APF obstacle avoidance,classic,decentralized,baseline,artificial_potential_field,sp4_motion_baseline,none,local_apf_feedback,local_obstacle_robot_neighbors,0,4,False,False,6,18.0,2,0.28,0.35,0.08,0.12,36.0,inf,1.0,0.0,24.84,30.119999999999997,96.64393269707354,16.107322116178924,1.006744982105305,657.625242774945,249,0.1378737541528239,324,-0.42236137530885265,-0.49042483119965885,3.363202178588545,0.44593915050329286,0.6951823955874914,0.0,1.8845288662007764,9000,46.06339999008924,-278.478927587883,-59.427943487408314,-219.0509841004747,0.36508497350079117,0.36508497350079117,6,0,True
SP4_DIAG_wrench_market_motion_safety,narrow_passage,narrow_passage_v00,5413,velocity_obstacle_proxy,Velocity obstacle proxy,sota,decentralized,baseline,velocity_obstacle_proxy,sp4_motion_sota_proxy,none,local_velocity_obstacle_proxy,local_relative_state_neighbors,0,5,False,False,6,18.0,2,0.28,0.35,0.08,0.12,36.0,inf,1.0,0.0,25.259999999999994,30.599999999999998,96.15848890265087,16.026414817108478,1.0118274049855558,654.1288161897467,277,0.15337763012181616,357,-0.42631765090150886,-0.4704109402958718,3.3374578903493575,0.4436991920572668,0.6800697348138501,0.0,2.3045288662007763,9000,58.31490003038198,-316.2184680128394,-59.427943487408314,-256.7905245254311,0.4279842075423852,0.4279842075423852,6,0,True
SP4_DIAG_wrench_market_motion_safety,narrow_passage,narrow_passage_v00,5413,cbf_safety_filter,CBF safety filter,sota,centralized,baseline,cbf_velocity_projection_proxy,sp4_motion_sota_proxy,none,centralized_cbf_velocity_projection_proxy,global_relative_state,0,6,False,False,6,18.0,2,0.28,0.35,0.08,0.12,36.0,inf,0.3333333333333333,0.6666666666666666,32.64,33.96,134.7943525715717,22.46572542859528,0.7218091295185419,911.4550280570853,17,0.009413067552602437,100,-0.10025088553130168,-0.018287939973498313,3.6026534142521043,0.6219746796399586,0.7102950563611323,0.0,11.92452886620078,9000,98.06109999772161,-113.83533663922914,-59.427943487408314,-54.40739315182083,0.09067898858636804,0.09067898858636804,2,4,False
SP4_DIAG_wrench_market_motion_safety,narrow_passage,narrow_passage_v00,5413,smith_motion_field,Smith-QR motion field,model_based,decentralized,proposed,smith_qr_congestion_field,sp4_motion_proposed,none,distributed_smith_qr_motion_field,local_congestion_price_neighbors,0,6,False,False,6,18.0,2,0.28,0.35,0.08,0.12,36.0,inf,0.5,0.5,33.52,34.92,135.10934277252025,22.51822379542004,0.7201263235919647,914.0013799775926,46,0.02547065337763012,107,0.19471964034571843,-0.5006816365030438,3.5086369742195336,0.6234281227967894,0.7102950563611323,0.0,11.804528866200778,9000,127.47299997135997,-123.10963731604268,-59.427943487408314,-63.681693828634366,0.10613615638105728,0.10613615638105728,3,3,False
SP4_DIAG_wrench_market_motion_safety,narrow_passage,narrow_passage_v00,5413,replicator_motion_field,Replicator motion field,model_based,decentralized,baseline,replicator_target_congestion_field,sp4_population_motion_family,none,distributed_replicator_motion_field,local_target_obstacle_neighbor_scores,0,5,False,False,6,18.0,2,0.28,0.35,0.08,0.12,36.0,inf,1.0,0.0,24.64,29.759999999999998,95.84351078278645,15.973918463797743,1.0151526535187811,652.0046740324198,297,0.1644518272425249,365,-0.42560850475335776,-0.5213448679125992,3.3878965785467825,0.4422458046455637,0.6951823955874913,0.0,1.6845288662007765,9000,63.998800003901124,-341.714004494597,-59.427943487408314,-282.2860610071887,0.47047676834531454,0.47047676834531454,6,0,True
SP4_DIAG_wrench_market_motion_safety,narrow_passage,narrow_passage_v00,5413,logit_motion_field,Logit motion field,model_based,decentralized,baseline,logit_softmax_motion_field,sp4_population_motion_family,none,distributed_logit_smoothed_motion_field,local_softmax_flow_scores,0,6,False,False,6,18.0,2,0.28,0.35,0.08,0.12,36.0,inf,1.0,0.0,25.799999999999997,31.2,96.0100198440735,16.00166997401225,1.0133920860730607,653.1387379407031,296,0.1638981173864895,370,-0.4268313622243719,-0.45988039335604647,3.3000987418270715,0.44301411888184566,0.664957074040209,0.0,2.844528866200777,9000,60.525599983520806,-342.28907347267796,-59.427943487408314,-282.86112998526966,0.4714352166421161,0.4714352166421161,6,0,True
SP4_DIAG_wrench_market_motion_safety,narrow_passage,narrow_passage_v00,5413,bnn_motion_field,BNN/Brown motion field,model_based,decentralized,baseline,brown_bnn_positive_excess_field,sp4_population_motion_family,none,distributed_bnn_positive_excess_motion_field,local_positive_excess_neighbor_scores,0,6,False,False,6,18.0,2,0.28,0.35,0.08,0.12,36.0,inf,1.0,0.0,26.460000000000004,32.04,96.26283173262948,16.04380528877158,1.010730647981987,654.7832342696922,284,0.15725359911406422,373,-0.4262196230026899,-0.48071506953552445,3.254339606021084,0.44418065583531485,0.6498444132665678,0.0,3.504528866200777,9000,62.91039998177439,-327.4702931976296,-59.427943487408314,-268.0423497102213,0.4467372495170355,0.4467372495170355,6,0,True
SP4_DIAG_wrench_market_motion_safety,narrow_passage,narrow_passage_v00,5413,primal_dual_motion_field,Primal-dual motion field,model_based,decentralized,proposed,primal_dual_barrier_motion_field,sp4_motion_proposed,none,distributed_primal_dual_barrier_motion_field,local_barrier_dual_prices,0,7,False,False,6,18.0,2,0.28,0.35,0.08,0.12,36.0,inf,0.3333333333333333,0.6666666666666666,34.379999999999995,35.04,131.37553187797897,21.89592197966316,0.7405929620446333,889.3609264296095,7,0.003875968992248062,82,0.07749634060577382,-0.022972644657366148,3.4337588328166797,0.6061993903561231,0.6800697348138501,0.0,12.504528866200777,9000,125.74960000347346,-100.50121852551348,-59.427943487408314,-41.073275038105166,0.06845545839684195,0.06845545839684195,2,4,False
SP4_DIAG_wrench_market_motion_safety,narrow_passage,narrow_passage_v00,5413,pid_safety_motion,PID safety motion,model_based,decentralized,proposed,pid_damped_safety_motion,sp4_motion_proposed,none,distributed_pid_damped_safety_feedback,local_target_error_and_clearance,0,5,False,False,6,18.0,2,0.28,0.35,0.08,0.12,36.0,inf,0.0,1.0,36.0,36.0,118.72940693944413,19.788234489907357,0.8194751140576793,802.6751093054711,35,0.01937984496124031,120,-0.013084074752867991,-0.01838389078703684,3.222104846390919,0.5478470235301038,0.6196190917192856,0.0,13.044528866200778,9000,113.78809995949268,-193.25884852670916,-59.427943487408314,-133.83090503930083,0.22305150839883472,0.22305150839883472,0,6,False
SP4_DIAG_wrench_market_motion_safety,narrow_passage,narrow_passage_v00,5413,tensor_flow_motion_field,Smooth tensor-flow motion,model_based,decentralized,proposed,smooth_tensor_flow_barrier_motion,sp4_motion_proposed,none,distributed_smooth_tensor_flow_motion_field,local_anisotropic_clearance_tensor,0,8,False,False,6,18.0,2,0.28,0.35,0.08,0.12,36.0,inf,0.5,0.5,33.160000000000004,34.8,126.25493100499398,21.04248850083233,0.7706296579406715,855.6524539961151,10,0.005537098560354375,70,0.148940748154883,-0.010104636465604555,3.7083186734576796,0.5825716639211609,0.664957074040209,0.0,11.624528866200777,9000,121.00859999191016,-72.44964590591033,-59.427943487408314,-13.021702418502016,0.021702837364170027,0.021702837364170027,3,3,False
SP4_DIAG_wrench_market_motion_safety,narrow_passage,narrow_passage_v00,5413,reference_time_expanded_cbf,Reference time-expanded CBF,model_based_reference,centralized,reference,time_expanded_safe_cbf_reference,sp4_motion_reference,none,centralized_time_expanded_cbf_reference,global_state_and_release_schedule,0,8,False,False,6,18.0,2,0.28,0.35,0.08,0.12,36.0,inf,0.6666666666666666,0.3333333333333333,31.38,34.8,131.3361041892157,21.889350698202616,0.7408152913804091,896.3883179291382,23,0.01273532668881506,77,0.13561617350498856,-0.03961431850937158,3.8607392578434547,0.6060174611905471,0.7254077171347734,0.0,9.964528866200775,9000,103.94849989097565,-59.427943487408314,-59.427943487408314,0.0,0.0,0.0,4,2,False
SP4_DIAG_wrench_market_motion_safety,narrow_passage,narrow_passage_v00,5414,direct_to_target,Direct to target,classic,decentralized,baseline,direct_single_integrator,sp4_motion_baseline,none,local_target_feedback,none,0,0,False,False,6,18.0,2,0.28,0.35,0.08,0.12,36.0,inf,1.0,0.0,22.139999999999997,26.16,96.01100626263859,16.00183437710643,1.0200852959466145,772.7155075851855,232,0.12846068660022147,319,-0.4552060261256343,-0.7938105707366778,3.600060552957428,0.44301867046252547,0.7812498824190676,1.1102230246251565e-16,0.0,9000,21.323599969036877,-252.5792242941639,-125.6374691753498,-126.9417551188141,0.21156959186469015,0.21156959186469015,6,0,True
SP4_DIAG_wrench_market_motion_safety,narrow_passage,narrow_passage_v00,5414,priority_yield,Priority yield,classic,centralized,baseline,priority_release_yield,sp4_motion_baseline,none,centralized_priority_schedule,global_priority_order,0,2,False,False,6,18.0,2,0.28,0.35,0.08,0.12,36.0,inf,1.0,0.0,24.7,29.4,96.12873600346366,16.021456000577277,1.0188359881693134,773.3800131263603,265,0.14673311184939092,333,-0.49397174759733037,-0.7933912935528048,3.4756364662341017,0.44356190477788565,0.7187498918255422,0.0,2.1725566045582956,9000,23.830999969504774,-300.5615904905638,-125.6374691753498,-174.924121315214,0.2915402021920233,0.2915402021920233,6,0,True
SP4_DIAG_wrench_market_motion_safety,narrow_passage,narrow_passage_v00,5414,apf_obstacle_avoidance,APF obstacle avoidance,classic,decentralized,baseline,artificial_potential_field,sp4_motion_baseline,none,local_apf_feedback,local_obstacle_robot_neighbors,0,4,False,False,6,18.0,2,0.28,0.35,0.08,0.12,36.0,inf,1.0,0.0,24.36,28.919999999999998,97.19077316279011,16.198462193798353,1.0077028153023528,782.4548635734781,247,0.13676633444075303,322,-0.4582599556928998,-0.49158072612951487,3.4339353577935587,0.4484624084661775,0.7187498918255422,0.0,1.8325566045582964,9000,45.500700012780726,-276.42172138935587,-125.6374691753498,-150.78425221400607,0.2513070870233435,0.2513070870233435,6,0,True
SP4_DIAG_wrench_market_motion_safety,narrow_passage,narrow_passage_v00,5414,velocity_obstacle_proxy,Velocity obstacle proxy,sota,decentralized,baseline,velocity_obstacle_proxy,sp4_motion_sota_proxy,none,local_velocity_obstacle_proxy,local_relative_state_neighbors,0,5,False,False,6,18.0,2,0.28,0.35,0.08,0.12,36.0,inf,1.0,0.0,24.799999999999997,29.4,96.78516634490504,16.13086105748417,1.0119258915001252,778.7282785736708,278,0.1539313399778516,351,-0.4596214413282028,-0.44293487658221764,3.4107680842315116,0.44659083769336005,0.7031248941771608,0.0,2.2725566045582966,9000,61.45560008008033,-318.19523532845966,-125.6374691753498,-192.55776615310987,0.32092961025518313,0.32092961025518313,6,0,True
SP4_DIAG_wrench_market_motion_safety,narrow_passage,narrow_passage_v00,5414,cbf_safety_filter,CBF safety filter,sota,centralized,baseline,cbf_velocity_projection_proxy,sp4_motion_sota_proxy,none,centralized_cbf_velocity_projection_proxy,global_relative_state,0,6,False,False,6,18.0,2,0.28,0.35,0.08,0.12,36.0,inf,0.6666666666666666,0.3333333333333333,34.650000000000006,36.0,138.33304860434166,23.05550810072361,0.7079972336739354,1095.867187152039,9,0.0049833887043189366,92,-0.01070860826982889,-0.01744063033372001,3.5183618354560062,0.6383031035637758,0.7343748894739236,0.0,12.572556604558295,9000,100.67890002392232,-47.84540878817433,-125.6374691753498,77.79206038717547,0.0,0.0,4,2,False
SP4_DIAG_wrench_market_motion_safety,narrow_passage,narrow_passage_v00,5414,smith_motion_field,Smith-QR motion field,model_based,decentralized,proposed,smith_qr_congestion_field,sp4_motion_proposed,none,distributed_smith_qr_motion_field,local_congestion_price_neighbors,0,6,False,False,6,18.0,2,0.28,0.35,0.08,0.12,36.0,inf,0.3333333333333333,0.6666666666666666,35.22,35.4,140.39964664115914,23.399941106859856,0.6975759418246593,1113.798331770747,17,0.009413067552602437,115,0.08131989917046867,-0.026074674019958,3.4502256539321543,0.6478389010758537,0.7343748894739236,0.0,13.212556604558296,9000,128.31150006968528,-118.46793437167499,-125.6374691753498,7.169534803674821,0.0,0.0,2,4,False
SP4_DIAG_wrench_market_motion_safety,narrow_passage,narrow_passage_v00,5414,replicator_motion_field,Replicator motion field,model_based,decentralized,baseline,replicator_target_congestion_field,sp4_population_motion_family,none,distributed_replicator_motion_field,local_target_obstacle_neighbor_scores,0,5,False,False,6,18.0,2,0.28,0.35,0.08,0.12,36.0,inf,1.0,0.0,24.179999999999996,28.56,96.44234331219238,16.073723885365396,1.0155229785377302,776.0143128562052,287,0.15891472868217055,360,-0.4433291880359479,-0.4933315119852395,3.456909806260152,0.44500896692595154,0.7187498918255422,0.0,1.6525566045582962,9000,58.43600002117455,-329.0608074944537,-125.6374691753498,-203.4233383191039,0.3390388971985065,0.3390388971985065,6,0,True
SP4_DIAG_wrench_market_motion_safety,narrow_passage,narrow_passage_v00,5414,logit_motion_field,Logit motion field,model_based,decentralized,baseline,logit_softmax_motion_field,sp4_population_motion_family,none,distributed_logit_smoothed_motion_field,local_softmax_flow_scores,0,6,False,False,6,18.0,2,0.28,0.35,0.08,0.12,36.0,inf,1.0,0.0,25.340000000000003,30.0,96.65530774998687,16.109217958331147,1.013285436852476,777.6165037027396,293,0.16223698781838317,368,-0.4507832263366946,-0.4290228689986533,3.373817971897722,0.44599163782755125,0.6874998965287795,0.0,2.8125566045582975,9000,67.59200000669807,-338.95310350614415,-125.6374691753498,-213.31563433079435,0.3555260572179906,0.3555260572179906,6,0,True
SP4_DIAG_wrench_market_motion_safety,narrow_passage,narrow_passage_v00,5414,bnn_motion_field,BNN/Brown motion field,model_based,decentralized,baseline,brown_bnn_positive_excess_field,sp4_population_motion_family,none,distributed_bnn_positive_excess_motion_field,local_positive_excess_neighbor_scores,0,6,False,False,6,18.0,2,0.28,0.35,0.08,0.12,36.0,inf,1.0,0.0,25.959999999999997,30.72,96.84348360442883,16.140580600738136,1.011316529438404,779.2569669132854,287,0.15891472868217055,363,-0.44965466491748834,-0.45697217022217296,3.327765075997765,0.44685992803815505,0.6718748988803982,0.0,3.4325566045582967,9000,68.08160000946373,-332.0294848993165,-125.6374691753498,-206.39201572396672,0.3439866928732779,0.3439866928732779,6,0,True
SP4_DIAG_wrench_market_motion_safety,narrow_passage,narrow_passage_v00,5414,primal_dual_motion_field,Primal-dual motion field,model_based,decentralized,proposed,primal_dual_barrier_motion_field,sp4_motion_proposed,none,distributed_primal_dual_barrier_motion_field,local_barrier_dual_prices,0,7,False,False,6,18.0,2,0.28,0.35,0.08,0.12,36.0,inf,0.5,0.5,34.76,35.28,133.69963592496865,22.28327265416144,0.7325331520911463,1062.6879643585762,40,0.0221483942414175,133,0.014545322351320555,-0.5501391133253812,3.418980966451125,0.616923384666706,0.7031248941771608,0.0,12.852556604558297,9000,123.97910002619028,-117.30494572648087,-125.6374691753498,8.33252344886894,0.0,0.0,3,3,False
SP4_DIAG_wrench_market_motion_safety,narrow_passage,narrow_passage_v00,5414,pid_safety_motion,PID safety motion,model_based,decentralized,proposed,pid_damped_safety_motion,sp4_motion_proposed,none,distributed_pid_damped_safety_feedback,local_target_error_and_clearance,0,5,False,False,6,18.0,2,0.28,0.35,0.08,0.12,36.0,inf,0.0,1.0,36.0,36.0,119.91867826725385,19.98644637787564,0.8167152703208223,953.8665599578333,80,0.044296788482835,226,-0.021521865930623107,-0.4067228908728675,3.101404304345321,0.5533346173276753,0.6406249035836353,0.0,13.472556604558298,9000,116.0967000760138,-254.83306717717818,-125.6374691753498,-129.1955980018284,0.21532599666971397,0.21532599666971397,0,6,False
SP4_DIAG_wrench_market_motion_safety,narrow_passage,narrow_passage_v00,5414,tensor_flow_motion_field,Smooth tensor-flow motion,model_based,decentralized,proposed,smooth_tensor_flow_barrier_motion,sp4_motion_proposed,none,distributed_smooth_tensor_flow_motion_field,local_anisotropic_clearance_tensor,0,8,False,False,6,18.0,2,0.28,0.35,0.08,0.12,36.0,inf,0.3333333333333333,0.6666666666666666,34.14,34.92,131.68904829804222,21.94817471634037,0.7437172415119654,1045.343000019819,32,0.017718715393133997,95,0.12453551671596752,-0.4535840765239647,3.418520596257024,0.6076460331212733,0.6874998965287795,0.0,12.852556604558297,9000,116.83240009006113,-135.22460423595575,-125.6374691753498,-9.587135060605945,0.015978558434343242,0.015978558434343242,2,4,False
SP4_DIAG_wrench_market_motion_safety,narrow_passage,narrow_passage_v00,5414,reference_time_expanded_cbf,Reference time-expanded CBF,model_based_reference,centralized,reference,time_expanded_safe_cbf_reference,sp4_motion_reference,none,centralized_time_expanded_cbf_reference,global_state_and_release_schedule,0,8,False,False,6,18.0,2,0.28,0.35,0.08,0.12,36.0,inf,0.5,0.5,34.04,35.76,141.60186422829227,23.60031070471538,0.6916534345879572,1115.239459329825,45,0.024916943521594685,130,0.10999495693507899,-0.3940493895577224,3.386264467931344,0.6533862321349774,0.7499998871223049,0.0,12.492556604558297,9000,113.42010006774217,-125.6374691753498,-125.6374691753498,0.0,0.0,0.0,3,3,False
SP4_DIAG_wrench_market_motion_safety,cluttered_warehouse,cluttered_warehouse_v00,5400,direct_to_target,Direct to target,classic,decentralized,baseline,direct_single_integrator,sp4_motion_baseline,none,local_target_feedback,none,0,0,False,False,8,18.0,4,0.28,0.35,0.08,0.12,40.0,inf,1.0,0.0,21.285,24.48,124.75761621933634,15.594702027417043,1.0206772502766839,942.1271281856073,164,0.06119402985074627,208,-0.4979093875530266,-0.6673350910706417,4.924829506409739,0.38792791112977704,0.7975162690242535,2.220446049250313e-16,0.0,18704,17.52019999548793,-97.78961849190112,9.972940898864053,-107.76255939076518,0.13470319923845647,0.13470319923845647,8,0,True
SP4_DIAG_wrench_market_motion_safety,cluttered_warehouse,cluttered_warehouse_v00,5400,priority_yield,Priority yield,classic,centralized,baseline,priority_release_yield,sp4_motion_baseline,none,centralized_priority_schedule,global_priority_order,0,2,False,False,8,18.0,4,0.28,0.35,0.08,0.12,40.0,inf,1.0,0.0,24.060000000000002,28.08,125.24904098764071,15.656130123455089,1.0166725403222159,945.667627180422,147,0.054850746268656714,186,-0.47791211551623086,-0.7655589258672995,4.8488452528854715,0.3894559732202761,0.7337149675023132,0.0,2.393358293499901,18704,32.802400062792,-87.1492563338613,9.972940898864053,-97.12219723272536,0.1214027465409067,0.1214027465409067,8,0,True
SP4_DIAG_wrench_market_motion_safety,cluttered_warehouse,cluttered_warehouse_v00,5400,apf_obstacle_avoidance,APF obstacle avoidance,classic,decentralized,baseline,artificial_potential_field,sp4_motion_baseline,none,local_apf_feedback,local_obstacle_robot_neighbors,0,4,False,False,8,18.0,4,0.28,0.35,0.08,0.12,40.0,inf,1.0,0.0,23.324999999999996,26.64,125.88257117333558,15.735321396666947,1.011555924596483,950.6110141740426,134,0.05,167,-0.4446381436289203,-0.3345351574438852,4.865143524853202,0.3914259053897253,0.7337149675023132,0.0,1.6583582934999006,18704,76.20170002337545,-74.52027579987424,9.972940898864053,-84.4932166987383,0.10561652087342287,0.10561652087342287,8,0,True
SP4_DIAG_wrench_market_motion_safety,cluttered_warehouse,cluttered_warehouse_v00,5400,velocity_obstacle_proxy,Velocity obstacle proxy,sota,decentralized,baseline,velocity_obstacle_proxy,sp4_motion_sota_proxy,none,local_velocity_obstacle_proxy,local_relative_state_neighbors,0,5,False,False,8,18.0,4,0.28,0.35,0.08,0.12,40.0,inf,1.0,0.0,23.79,27.24,125.58150168694743,15.69768771086843,1.013981031945735,948.2582053505155,153,0.05708955223880597,182,-0.44303862990804427,-0.39627983711679704,4.840302678106258,0.39048974405145304,0.7177646421218282,0.0,2.1233582934999005,18704,108.73199999332428,-92.18943779776792,9.972940898864053,-102.16237869663198,0.12770297337078998,0.12770297337078998,8,0,True
SP4_DIAG_wrench_market_motion_safety,cluttered_warehouse,cluttered_warehouse_v00,5400,cbf_safety_filter,CBF safety filter,sota,centralized,baseline,cbf_velocity_projection_proxy,sp4_motion_sota_proxy,none,centralized_cbf_velocity_projection_proxy,global_relative_state,0,6,False,False,8,18.0,4,0.28,0.35,0.08,0.12,40.0,inf,1.0,0.0,26.505,28.919999999999998,145.01733743288358,18.127167179110447,0.8780830135759444,1099.6795072867953,25,0.009328358208955223,53,-0.08828635144142966,-0.04419351732914023,4.889098788522093,0.45092455669429005,0.7496652928827982,0.0,4.8383582934999,18704,146.55300008598715,12.303330990405119,9.972940898864053,2.330390091541066,0.0,0.0,8,0,True
SP4_DIAG_wrench_market_motion_safety,cluttered_warehouse,cluttered_warehouse_v00,5400,smith_motion_field,Smith-QR motion field,model_based,decentralized,proposed,smith_qr_congestion_field,sp4_motion_proposed,none,distributed_smith_qr_motion_field,local_congestion_price_neighbors,0,6,False,False,8,18.0,4,0.28,0.35,0.08,0.12,40.0,inf,1.0,0.0,26.759999999999998,29.4,147.1327635989148,18.39159544986435,0.8654582267002644,1114.1809871353266,53,0.019776119402985074,83,-0.09480557015743118,-0.13321778694630515,4.938854020222862,0.45750237437473507,0.7496652928827982,0.0,5.0933582934999,18704,169.06109999399632,-13.78970443027871,9.972940898864053,-23.762645329142764,0.029703306661428456,0.029703306661428456,8,0,True
SP4_DIAG_wrench_market_motion_safety,cluttered_warehouse,cluttered_warehouse_v00,5400,replicator_motion_field,Replicator motion field,model_based,decentralized,baseline,replicator_target_congestion_field,sp4_population_motion_family,none,distributed_replicator_motion_field,local_target_obstacle_neighbor_scores,0,5,False,False,8,18.0,4,0.28,0.35,0.08,0.12,40.0,inf,1.0,0.0,23.22,26.64,125.26380053971857,15.657975067464822,1.016552748081837,945.9896211230716,159,0.059328358208955226,190,-0.5501813131992016,-0.46641836786671503,4.858517863280495,0.38950186734987147,0.7337149675023132,0.0,1.5533582934999006,18704,98.81490003317595,-96.55799203146135,9.972940898864053,-106.5309329303254,0.13316366616290676,0.13316366616290676,8,0,True
SP4_DIAG_wrench_market_motion_safety,cluttered_warehouse,cluttered_warehouse_v00,5400,logit_motion_field,Logit motion field,model_based,decentralized,baseline,logit_softmax_motion_field,sp4_population_motion_family,none,distributed_logit_smoothed_motion_field,local_softmax_flow_scores,0,6,False,False,8,18.0,4,0.28,0.35,0.08,0.12,40.0,inf,1.0,0.0,24.299999999999997,27.84,125.40168997282112,15.67521124660264,1.0154349650425318,946.865294012925,160,0.05970149253731343,190,-0.4630180920062083,-0.4199756108938819,4.809995034798838,0.3899306280249409,0.7018143167413431,0.0,2.6333582934999007,18704,103.73239999171346,-99.22060682370211,9.972940898864053,-109.19354772256617,0.13649193465320772,0.13649193465320772,8,0,True
SP4_DIAG_wrench_market_motion_safety,cluttered_warehouse,cluttered_warehouse_v00,5400,bnn_motion_field,BNN/Brown motion field,model_based,decentralized,baseline,brown_bnn_positive_excess_field,sp4_population_motion_family,none,distributed_bnn_positive_excess_motion_field,local_positive_excess_neighbor_scores,0,6,False,False,8,18.0,4,0.28,0.35,0.08,0.12,40.0,inf,1.0,0.0,24.900000000000002,28.56,125.63857396867799,15.704821746084749,1.0135204233181723,948.4540013011671,152,0.056716417910447764,186,-0.44532161546846305,-0.38339018797801794,4.788407404798835,0.3906672076140492,0.685863991360858,0.0,3.233358293499901,18704,105.82970001269132,-93.08442927119546,9.972940898864053,-103.05737017005951,0.1288217127125744,0.1288217127125744,8,0,True
SP4_DIAG_wrench_market_motion_safety,cluttered_warehouse,cluttered_warehouse_v00,5400,primal_dual_motion_field,Primal-dual motion field,model_based,decentralized,proposed,primal_dual_barrier_motion_field,sp4_motion_proposed,none,distributed_primal_dual_barrier_motion_field,local_barrier_dual_prices,0,7,False,False,8,18.0,4,0.28,0.35,0.08,0.12,40.0,inf,1.0,0.0,27.674999999999997,30.48,145.74793486197467,18.218491857746834,0.8736814061510798,1104.093699043903,29,0.01082089552238806,75,-0.09101596425124031,-0.0839047014131511,4.8777358664481145,0.4531963148693238,0.7177646421218281,0.0,6.0083582934999,18704,176.0291000828147,6.644368086195193,9.972940898864053,-3.3285728126688596,0.004160716015836075,0.004160716015836075,8,0,True
SP4_DIAG_wrench_market_motion_safety,cluttered_warehouse,cluttered_warehouse_v00,5400,pid_safety_motion,PID safety motion,model_based,decentralized,proposed,pid_damped_safety_motion,sp4_motion_proposed,none,distributed_pid_damped_safety_feedback,local_target_error_and_clearance,0,5,False,False,8,18.0,4,0.28,0.35,0.08,0.12,40.0,inf,1.0,0.0,30.464999999999996,33.36,145.87046738037645,18.233808422547057,0.872947505829109,1103.9995044183581,47,0.01753731343283582,93,-0.09852175036276334,-0.11412597502431099,4.785999662856278,0.453577323943957,0.6539633405998878,0.0,8.7983582934999,18704,166.9246000237763,-13.96505010667237,9.972940898864053,-23.937991005536425,0.02992248875692053,0.02992248875692053,8,0,True
SP4_DIAG_wrench_market_motion_safety,cluttered_warehouse,cluttered_warehouse_v00,5400,tensor_flow_motion_field,Smooth tensor-flow motion,model_based,decentralized,proposed,smooth_tensor_flow_barrier_motion,sp4_motion_proposed,none,distributed_smooth_tensor_flow_motion_field,local_anisotropic_clearance_tensor,0,8,False,False,8,18.0,4,0.28,0.35,0.08,0.12,40.0,inf,1.0,0.0,28.275,31.2,145.7926821347803,18.22408526684754,0.873413252361371,1104.564399502529,29,0.01082089552238806,74,-0.09272467819053654,-0.08259514515213129,4.846529775530271,0.4533354543991922,0.7018143167413431,0.0,6.608358293499901,18704,190.87959988974035,5.669816681591687,9.972940898864053,-4.303124217272366,0.005378905271590457,0.005378905271590457,8,0,True
SP4_DIAG_wrench_market_motion_safety,cluttered_warehouse,cluttered_warehouse_v00,5400,reference_time_expanded_cbf,Reference time-expanded CBF,model_based_reference,centralized,reference,time_expanded_safe_cbf_reference,sp4_motion_reference,none,centralized_time_expanded_cbf_reference,global_state_and_release_schedule,0,8,False,False,8,18.0,4,0.28,0.35,0.08,0.12,40.0,inf,1.0,0.0,25.905,28.68,144.09741544983927,18.01217693122991,0.8836887204139514,1090.747844843995,29,0.01082089552238806,50,-0.11681622139524056,-0.028314596705176664,4.927363503154467,0.4480641027669131,0.7656156182632834,0.0,4.238358293499901,18704,158.84369995910674,9.972940898864053,9.972940898864053,0.0,0.0,0.0,8,0,True
SP4_DIAG_wrench_market_motion_safety,cluttered_warehouse,cluttered_warehouse_v00,5401,direct_to_target,Direct to target,classic,decentralized,baseline,direct_single_integrator,sp4_motion_baseline,none,local_target_feedback,none,0,0,False,False,8,18.0,4,0.28,0.35,0.08,0.12,40.0,inf,1.0,0.0,21.75,23.16,124.54759733394273,15.568449666742842,1.0207297498332182,938.3715495724099,249,0.09291044776119403,302,-0.5277247956622864,-0.6444894137002799,4.884803362442611,0.38727486733191074,0.7601536514940036,1.1102230246251565e-16,0.0,18704,17.27119996212423,-174.56926153605716,-54.4419559034116,-120.12730563264554,0.15015913204080694,0.15015913204080694,8,0,True
SP4_DIAG_wrench_market_motion_safety,cluttered_warehouse,cluttered_warehouse_v00,5401,priority_yield,Priority yield,classic,centralized,baseline,priority_release_yield,sp4_motion_baseline,none,centralized_priority_schedule,global_priority_order,0,2,False,False,8,18.0,4,0.28,0.35,0.08,0.12,40.0,inf,1.0,0.0,24.645,26.64,125.49856759593489,15.68732094949186,1.0129951305764682,945.4187270388466,200,0.07462686567164178,238,-0.5394770255211429,-0.6466509823908125,4.771225648545943,0.39023186441522,0.6993413593744834,0.0,2.496004443603909,18704,33.57900003902614,-135.60034975343444,-54.4419559034116,-81.15839385002283,0.10144799231252855,0.10144799231252855,8,0,True
SP4_DIAG_wrench_market_motion_safety,cluttered_warehouse,cluttered_warehouse_v00,5401,apf_obstacle_avoidance,APF obstacle avoidance,classic,decentralized,baseline,artificial_potential_field,sp4_motion_baseline,none,local_apf_feedback,local_obstacle_robot_neighbors,0,4,False,False,8,18.0,4,0.28,0.35,0.08,0.12,40.0,inf,1.0,0.0,23.835,25.2,125.65010735863423,15.706263419829279,1.0117734122275535,946.1553034710645,175,0.06529850746268656,229,-0.47458936513307765,-0.2939047519422999,4.824411533022007,0.3907030701450068,0.6993413593744835,0.0,1.6860044436039088,18704,81.88990002963692,-111.95699456405792,-54.4419559034116,-57.51503866064632,0.0718937983258079,0.0718937983258079,8,0,True
SP4_DIAG_wrench_market_motion_safety,cluttered_warehouse,cluttered_warehouse_v00,5401,velocity_obstacle_proxy,Velocity obstacle proxy,sota,decentralized,baseline,velocity_obstacle_proxy,sp4_motion_sota_proxy,none,local_velocity_obstacle_proxy,local_relative_state_neighbors,0,5,False,False,8,18.0,4,0.28,0.35,0.08,0.12,40.0,inf,1.0,0.0,24.314999999999998,25.68,125.40027261365273,15.675034076706591,1.0137891666366503,944.044632825147,195,0.07276119402985075,250,-0.47925727778919874,-0.35471386027603435,4.795626556072982,0.38992622081359685,0.6841382863446033,0.0,2.1660044436039088,18704,100.76799988746643,-130.5593719748969,-54.4419559034116,-76.11741607148528,0.0951467700893566,0.0951467700893566,8,0,True
SP4_DIAG_wrench_market_motion_safety,cluttered_warehouse,cluttered_warehouse_v00,5401,cbf_safety_filter,CBF safety filter,sota,centralized,baseline,cbf_velocity_projection_proxy,sp4_motion_sota_proxy,none,centralized_cbf_velocity_projection_proxy,global_relative_state,0,6,False,False,8,18.0,4,0.28,0.35,0.08,0.12,40.0,inf,1.0,0.0,28.244999999999997,30.72,151.06307244068302,18.882884055085377,0.8415652867044848,1143.3762311795788,72,0.026865671641791045,84,-0.18881403687121218,-0.4043447754197955,4.648316988466054,0.4697234839573474,0.7145444324043634,0.0,6.096004443603908,18704,154.9090000335127,-34.33725018904455,-54.4419559034116,20.10470571436705,0.0,0.0,8,0,True
SP4_DIAG_wrench_market_motion_safety,cluttered_warehouse,cluttered_warehouse_v00,5401,smith_motion_field,Smith-QR motion field,model_based,decentralized,proposed,smith_qr_congestion_field,sp4_motion_proposed,none,distributed_smith_qr_motion_field,local_congestion_price_neighbors,0,6,False,False,8,18.0,4,0.28,0.35,0.08,0.12,40.0,inf,1.0,0.0,29.159999999999997,31.919999999999998,155.93344263054874,19.491680328818592,0.8152801331412277,1182.6605080632303,85,0.03171641791044776,101,-0.19629799845711465,-0.514415193660088,4.671305546586017,0.48486766987110896,0.7145444324043634,0.0,7.011004443603907,18704,196.74389995634556,-48.907365444427654,-54.4419559034116,5.534590458983949,0.0,0.0,8,0,True
SP4_DIAG_wrench_market_motion_safety,cluttered_warehouse,cluttered_warehouse_v00,5401,replicator_motion_field,Replicator motion field,model_based,decentralized,baseline,replicator_target_congestion_field,sp4_population_motion_family,none,distributed_replicator_motion_field,local_target_obstacle_neighbor_scores,0,5,False,False,8,18.0,4,0.28,0.35,0.08,0.12,40.0,inf,1.0,0.0,23.744999999999997,25.2,125.12012803055029,15.640016003818786,1.0160590455754879,942.1719157548522,210,0.07835820895522388,268,-0.5265658064409228,-0.4244370584662357,4.81526273737634,0.38905512447310403,0.6993413593744834,0.0,1.5960044436039085,18704,107.68600006122142,-142.99984881680692,-54.4419559034116,-88.5578929133953,0.11069736614174414,0.11069736614174414,8,0,True
SP4_DIAG_wrench_market_motion_safety,cluttered_warehouse,cluttered_warehouse_v00,5401,logit_motion_field,Logit motion field,model_based,decentralized,baseline,logit_softmax_motion_field,sp4_population_motion_family,none,distributed_logit_smoothed_motion_field,local_softmax_flow_scores,0,6,False,False,8,18.0,4,0.28,0.35,0.08,0.12,40.0,inf,1.0,0.0,24.854999999999997,26.279999999999998,125.28535052248273,15.660668815310341,1.0147190979538354,943.216471867865,210,0.07835820895522388,267,-0.49016740512885243,-0.37900206850651785,4.765011594989926,0.3895688760027448,0.6689352133147232,0.0,2.7060044436039083,18704,100.14409990981221,-144.8226433261622,-54.4419559034116,-90.38068742275058,0.11297585927843823,0.11297585927843823,8,0,True
SP4_DIAG_wrench_market_motion_safety,cluttered_warehouse,cluttered_warehouse_v00,5401,bnn_motion_field,BNN/Brown motion field,model_based,decentralized,baseline,brown_bnn_positive_excess_field,sp4_population_motion_family,none,distributed_bnn_positive_excess_motion_field,local_positive_excess_neighbor_scores,0,6,False,False,8,18.0,4,0.28,0.35,0.08,0.12,40.0,inf,1.0,0.0,25.455,26.88,125.47471274653363,15.684339093316703,1.013187717957265,944.510977941124,206,0.07686567164179105,258,-0.47618748213984236,-0.34312833326771097,4.741536724309228,0.39015768888847485,0.653732140284843,0.0,3.306004443603908,18704,112.96409997157753,-142.25515852394716,-54.4419559034116,-87.81320262053555,0.10976650327566943,0.10976650327566943,8,0,True
SP4_DIAG_wrench_market_motion_safety,cluttered_warehouse,cluttered_warehouse_v00,5401,primal_dual_motion_field,Primal-dual motion field,model_based,decentralized,proposed,primal_dual_barrier_motion_field,sp4_motion_proposed,none,distributed_primal_dual_barrier_motion_field,local_barrier_dual_prices,0,7,False,False,8,18.0,4,0.28,0.35,0.08,0.12,40.0,inf,1.0,0.0,29.924999999999997,32.4,153.29776466502392,19.16222058312799,0.8292974013469705,1160.1207359960245,103,0.038432835820895524,121,-0.18747559086402377,-0.45132717736076444,4.598177802720009,0.4766721538091537,0.6841382863446033,0.0,7.776004443603908,18704,212.5015000347048,-65.44552155641476,-54.4419559034116,-11.003565653003157,0.013754457066253946,0.013754457066253946,8,0,True
SP4_DIAG_wrench_market_motion_safety,cluttered_warehouse,cluttered_warehouse_v00,5401,pid_safety_motion,PID safety motion,model_based,decentralized,proposed,pid_damped_safety_motion,sp4_motion_proposed,none,distributed_pid_damped_safety_feedback,local_target_error_and_clearance,0,5,False,False,8,18.0,4,0.28,0.35,0.08,0.12,40.0,inf,1.0,0.0,33.315,36.36,155.0452056525038,19.380650706562975,0.8199507836052251,1174.8872716205076,97,0.03619402985074627,109,-0.19289303080602244,-0.48991958687750237,4.4698483726128195,0.48210573896922854,0.623325994225083,0.0,11.166004443603908,18704,209.32840008754283,-66.02848960154695,-54.4419559034116,-11.586533698135348,0.014483167122669185,0.014483167122669185,8,0,True
SP4_DIAG_wrench_market_motion_safety,cluttered_warehouse,cluttered_warehouse_v00,5401,tensor_flow_motion_field,Smooth tensor-flow motion,model_based,decentralized,proposed,smooth_tensor_flow_barrier_motion,sp4_motion_proposed,none,distributed_smooth_tensor_flow_motion_field,local_anisotropic_clearance_tensor,0,8,False,False,8,18.0,4,0.28,0.35,0.08,0.12,40.0,inf,1.0,0.0,30.525,33.12,152.86651589669177,19.10831448708647,0.8316369161898,1155.950213193909,95,0.03544776119402985,115,-0.18704083338645539,-0.4501458521263708,4.573741279049867,0.4753312061464301,0.6689352133147232,0.0,8.376004443603907,18704,242.52470000647008,-59.10476249488291,-54.4419559034116,-4.662806591471309,0.005828508239339137,0.005828508239339137,8,0,True
SP4_DIAG_wrench_market_motion_safety,cluttered_warehouse,cluttered_warehouse_v00,5401,reference_time_expanded_cbf,Reference time-expanded CBF,model_based_reference,centralized,reference,time_expanded_safe_cbf_reference,sp4_motion_reference,none,centralized_time_expanded_cbf_reference,global_state_and_release_schedule,0,8,False,False,8,18.0,4,0.28,0.35,0.08,0.12,40.0,inf,1.0,0.0,27.72,30.599999999999998,149.26196004212102,18.657745005265127,0.8517202764396798,1128.2175440413623,96,0.03582089552238806,115,-0.31160193515451073,-0.36073135011181867,4.661149744608169,0.4641230100812222,0.7297475054342434,0.0,5.571004443603908,18704,164.05300004407763,-54.4419559034116,-54.4419559034116,0.0,0.0,0.0,8,0,True
SP4_DIAG_wrench_market_motion_safety,cluttered_warehouse,cluttered_warehouse_v00,5402,direct_to_target,Direct to target,classic,decentralized,baseline,direct_single_integrator,sp4_motion_baseline,none,local_target_feedback,none,0,0,False,False,8,18.0,4,0.28,0.35,0.08,0.12,40.0,inf,1.0,0.0,21.104999999999997,23.88,124.54691248002983,15.568364060003729,1.0203492693472611,996.0130917813368,198,0.07388059701492537,246,-0.5239825626443014,-0.63074720721552,4.89337640971271,0.38727273781103816,0.8185121276718433,2.220446049250313e-16,0.0,18704,17.228800104930997,-128.4418844992408,35.48358910839743,-163.92547360763825,0.2049068420095478,0.2049068420095478,8,0,True
SP4_DIAG_wrench_market_motion_safety,cluttered_warehouse,cluttered_warehouse_v00,5402,priority_yield,Priority yield,classic,centralized,baseline,priority_release_yield,sp4_motion_baseline,none,centralized_priority_schedule,global_priority_order,0,2,False,False,8,18.0,4,0.28,0.35,0.08,0.12,40.0,inf,1.0,0.0,23.895,26.4,125.2980706382718,15.662258829783974,1.0142323062206773,1001.5092981689526,192,0.07164179104477612,245,-0.44011320356096517,-0.6298976158736294,4.784252310337962,0.3896084286015909,0.7530311574580958,0.0,2.4257724305617208,18704,36.52710001915693,-127.75296702957202,35.48358910839743,-163.23655613796944,0.2040456951724618,0.2040456951724618,8,0,True
SP4_DIAG_wrench_market_motion_safety,cluttered_warehouse,cluttered_warehouse_v00,5402,apf_obstacle_avoidance,APF obstacle avoidance,classic,decentralized,baseline,artificial_potential_field,sp4_motion_baseline,none,local_apf_feedback,local_obstacle_robot_neighbors,0,4,False,False,8,18.0,4,0.28,0.35,0.08,0.12,40.0,inf,1.0,0.0,23.115,26.16,125.61446098316124,15.701807622895155,1.0116777173090854,1004.8539116080254,158,0.05895522388059701,194,-0.4827156144405143,-0.3254570663152243,4.832156765481579,0.39059222942525224,0.7530311574580959,0.0,1.64577243056172,18704,80.65389993134886,-96.16025784580854,35.48358910839743,-131.64384695420597,0.16455480869275746,0.16455480869275746,8,0,True
SP4_DIAG_wrench_market_motion_safety,cluttered_warehouse,cluttered_warehouse_v00,5402,velocity_obstacle_proxy,Velocity obstacle proxy,sota,decentralized,baseline,velocity_obstacle_proxy,sp4_motion_sota_proxy,none,local_velocity_obstacle_proxy,local_relative_state_neighbors,0,5,False,False,8,18.0,4,0.28,0.35,0.08,0.12,40.0,inf,1.0,0.0,23.595,26.759999999999998,125.40875882279863,15.676094852849829,1.0133371252642764,1003.0565741508764,176,0.06567164179104477,211,-0.4978596211181825,-0.3886583000386026,4.8077168021458405,0.38995260827984674,0.7366609149046589,0.0,2.1257724305617205,18704,94.32229993399233,-112.98443298103193,35.48358910839743,-148.46802208942935,0.1855850276117867,0.1855850276117867,8,0,True
SP4_DIAG_wrench_market_motion_safety,cluttered_warehouse,cluttered_warehouse_v00,5402,cbf_safety_filter,CBF safety filter,sota,centralized,baseline,cbf_velocity_projection_proxy,sp4_motion_sota_proxy,none,centralized_cbf_velocity_projection_proxy,global_relative_state,0,6,False,False,8,18.0,4,0.28,0.35,0.08,0.12,40.0,inf,1.0,0.0,26.669999999999998,30.36,146.19018093587994,18.273772616984992,0.8692878710109437,1163.9486206120882,0,0.0,0,0.10712518586725739,0.20043868468681802,4.777850384577331,0.45457145813395466,0.7694014000115326,0.0,5.20077243056172,18704,133.6611999431625,33.52667398798553,35.48358910839743,-1.9569151204118995,0.0024461439005148745,0.0024461439005148745,8,0,True
SP4_DIAG_wrench_market_motion_safety,cluttered_warehouse,cluttered_warehouse_v00,5402,smith_motion_field,Smith-QR motion field,model_based,decentralized,proposed,smith_qr_congestion_field,sp4_motion_proposed,none,distributed_smith_qr_motion_field,local_congestion_price_neighbors,0,6,False,False,8,18.0,4,0.28,0.35,0.08,0.12,40.0,inf,1.0,0.0,26.295,30.72,144.851203145867,18.106400393233375,0.8773234076660253,1159.3597561176325,0,0.0,0,0.09841539332406368,0.23989814173347335,4.907411344141163,0.4504079699809295,0.7694014000115326,0.0,4.82577243056172,18704,168.5752000194043,34.46713774673293,35.48358910839743,-1.016451361664501,0.0012705642020806262,0.0012705642020806262,8,0,True
SP4_DIAG_wrench_market_motion_safety,cluttered_warehouse,cluttered_warehouse_v00,5402,replicator_motion_field,Replicator motion field,model_based,decentralized,baseline,replicator_target_congestion_field,sp4_population_motion_family,none,distributed_replicator_motion_field,local_target_obstacle_neighbor_scores,0,5,False,False,8,18.0,4,0.28,0.35,0.08,0.12,40.0,inf,1.0,0.0,23.04,26.16,125.13365405217924,15.641706756522405,1.0155649342379494,1000.6110464545393,185,0.06902985074626866,218,-0.535420100404736,-0.45493744464814945,4.826626483584526,0.3890971829980694,0.7530311574580958,0.0,1.5707724305617208,18704,91.30990004632622,-120.07115614706962,35.48358910839743,-155.55474525546705,0.19444343156933383,0.19444343156933383,8,0,True
SP4_DIAG_wrench_market_motion_safety,cluttered_warehouse,cluttered_warehouse_v00,5402,logit_motion_field,Logit motion field,model_based,decentralized,baseline,logit_softmax_motion_field,sp4_population_motion_family,none,distributed_logit_smoothed_motion_field,local_softmax_flow_scores,0,6,False,False,8,18.0,4,0.28,0.35,0.08,0.12,40.0,inf,1.0,0.0,24.119999999999997,27.36,125.2999653234802,15.662495665435024,1.0142169698162056,1001.9619764348633,183,0.06828358208955224,218,-0.5109821189245547,-0.41217983197722596,4.77726889271167,0.3896143200356969,0.720290672351222,0.0,2.650772430561721,18704,106.70929995831102,-120.05820915043965,35.48358910839743,-155.54179825883708,0.19442724782354634,0.19442724782354634,8,0,True
SP4_DIAG_wrench_market_motion_safety,cluttered_warehouse,cluttered_warehouse_v00,5402,bnn_motion_field,BNN/Brown motion field,model_based,decentralized,baseline,brown_bnn_positive_excess_field,sp4_population_motion_family,none,distributed_bnn_positive_excess_motion_field,local_positive_excess_neighbor_scores,0,6,False,False,8,18.0,4,0.28,0.35,0.08,0.12,40.0,inf,1.0,0.0,24.675,27.959999999999997,125.40344069105498,15.675430086381873,1.0133800990479556,1003.004368309106,178,0.0664179104477612,219,-0.4915425194504108,-0.37640571901871334,4.751466474333929,0.38993607180054357,0.7039204297977851,0.0,3.20577243056172,18704,103.2633000286296,-116.50178570975005,35.48358910839743,-151.98537481814748,0.18998171852268433,0.18998171852268433,8,0,True
SP4_DIAG_wrench_market_motion_safety,cluttered_warehouse,cluttered_warehouse_v00,5402,primal_dual_motion_field,Primal-dual motion field,model_based,decentralized,proposed,primal_dual_barrier_motion_field,sp4_motion_proposed,none,distributed_primal_dual_barrier_motion_field,local_barrier_dual_prices,0,7,False,False,8,18.0,4,0.28,0.35,0.08,0.12,40.0,inf,1.0,0.0,27.18,31.68,143.06705898828488,17.88338237353561,0.8882642311034146,1145.7411282211028,0,0.0,0,0.09791848984690144,0.13722211451848976,4.826825102988769,0.4448602580481496,0.7366609149046589,0.0,5.710772430561721,18704,176.1769000440836,33.5798357403663,35.48358910839743,-1.9037533680311327,0.002379691710038916,0.002379691710038916,8,0,True
SP4_DIAG_wrench_market_motion_safety,cluttered_warehouse,cluttered_warehouse_v00,5402,pid_safety_motion,PID safety motion,model_based,decentralized,proposed,pid_damped_safety_motion,sp4_motion_proposed,none,distributed_pid_damped_safety_feedback,local_target_error_and_clearance,0,5,False,False,8,18.0,4,0.28,0.35,0.08,0.12,40.0,inf,1.0,0.0,30.015,34.68,144.0906003474308,18.01132504342885,0.8819544844843283,1153.1551768625836,0,0.0,0,0.09296735471742201,0.2487106229234486,4.763453564656555,0.44804291152808096,0.6711799446909116,0.0,8.54577243056172,18704,180.85770006291568,28.744516154939383,35.48358910839743,-6.739072953458049,0.008423841191822561,0.008423841191822561,8,0,True
SP4_DIAG_wrench_market_motion_safety,cluttered_warehouse,cluttered_warehouse_v00,5402,tensor_flow_motion_field,Smooth tensor-flow motion,model_based,decentralized,proposed,smooth_tensor_flow_barrier_motion,sp4_motion_proposed,none,distributed_smooth_tensor_flow_motion_field,local_anisotropic_clearance_tensor,0,8,False,False,8,18.0,4,0.28,0.35,0.08,0.12,40.0,inf,1.0,0.0,27.765,32.4,143.09740286501233,17.88717535812654,0.8880758742234828,1145.6752672573696,0,0.0,0,0.10152419082986364,0.16588077532732526,4.8010818420516825,0.4449546108986701,0.7202906723512221,0.0,6.295772430561719,18704,199.79360001161695,32.63781869712358,35.48358910839743,-2.845770411273854,0.0035572130140923176,0.0035572130140923176,8,0,True
SP4_DIAG_wrench_market_motion_safety,cluttered_warehouse,cluttered_warehouse_v00,5402,reference_time_expanded_cbf,Reference time-expanded CBF,model_based_reference,centralized,reference,time_expanded_safe_cbf_reference,sp4_motion_reference,none,centralized_time_expanded_cbf_reference,global_state_and_release_schedule,0,8,False,False,8,18.0,4,0.28,0.35,0.08,0.12,40.0,inf,1.0,0.0,25.83,29.279999999999998,144.08648700326364,18.010810875407955,0.8819796622953078,1148.9383750884563,0,0.0,0,0.1197271997678353,0.22004693023001365,4.82368889990498,0.4480301212788048,0.7857716425649695,0.0,4.36077243056172,18704,156.05799993500113,35.48358910839743,35.48358910839743,0.0,0.0,0.0,8,0,True
SP4_DIAG_wrench_market_motion_safety,cluttered_warehouse,cluttered_warehouse_v00,5403,direct_to_target,Direct to target,classic,decentralized,baseline,direct_single_integrator,sp4_motion_baseline,none,local_target_feedback,none,0,0,False,False,8,18.0,4,0.28,0.35,0.08,0.12,40.0,inf,1.0,0.0,21.494999999999997,23.16,124.0218994320569,15.502737429007112,1.021482784948512,927.6128928714573,221,0.08246268656716418,284,-0.5190210910475705,-0.6683494008979785,4.915517931679551,0.3856402345524159,0.8080913098846787,1.1102230246251565e-16,0.0,18704,16.323700081557035,-148.8633945649611,3.985412318352095,-152.84880688331322,0.19106100860414152,0.19106100860414152,8,0,True
SP4_DIAG_wrench_market_motion_safety,cluttered_warehouse,cluttered_warehouse_v00,5403,priority_yield,Priority yield,classic,centralized,baseline,priority_release_yield,sp4_motion_baseline,none,centralized_priority_schedule,global_priority_order,0,2,False,False,8,18.0,4,0.28,0.35,0.08,0.12,40.0,inf,1.0,0.0,24.375,26.4,125.0350490221553,15.629381127769413,1.0132057868351285,935.9314526429247,245,0.0914179104477612,304,-0.5525023142770215,-0.6675065113684684,4.810608812641059,0.38879057531764666,0.7434440050939045,0.0,2.4650322395866433,18704,34.80549994856119,-175.27001038593028,3.985412318352095,-179.25542270428238,0.22406927838035298,0.22406927838035298,8,0,True
SP4_DIAG_wrench_market_motion_safety,cluttered_warehouse,cluttered_warehouse_v00,5403,apf_obstacle_avoidance,APF obstacle avoidance,classic,decentralized,baseline,artificial_potential_field,sp4_motion_baseline,none,local_apf_feedback,local_obstacle_robot_neighbors,0,4,False,False,8,18.0,4,0.28,0.35,0.08,0.12,40.0,inf,1.0,0.0,23.595,25.56,125.20887085667937,15.651108857084921,1.0117991988880202,935.9483111030013,158,0.05895522388059701,212,-0.5261278184939892,-0.2802450414254629,4.861369765678733,0.3893310660966399,0.7434440050939044,0.0,1.6850322395866435,18704,73.1355999596417,-96.1499720129323,3.985412318352095,-100.13538433128438,0.1251692304141055,0.1251692304141055,8,0,True
SP4_DIAG_wrench_market_motion_safety,cluttered_warehouse,cluttered_warehouse_v00,5403,velocity_obstacle_proxy,Velocity obstacle proxy,sota,decentralized,baseline,velocity_obstacle_proxy,sp4_motion_sota_proxy,none,local_velocity_obstacle_proxy,local_relative_state_neighbors,0,5,False,False,8,18.0,4,0.28,0.35,0.08,0.12,40.0,inf,1.0,0.0,24.089999999999996,26.04,125.02641255527419,15.628301569409274,1.0132757761921205,934.5070874121931,185,0.06902985074626866,230,-0.5168834044871575,-0.34906144493479974,4.8335171065702,0.38876372063207176,0.7272821788962108,0.0,2.1800322395866436,18704,100.86969996336848,-121.06652342732703,3.985412318352095,-125.05193574567912,0.1563149196820989,0.1563149196820989,8,0,True
SP4_DIAG_wrench_market_motion_safety,cluttered_warehouse,cluttered_warehouse_v00,5403,cbf_safety_filter,CBF safety filter,sota,centralized,baseline,cbf_velocity_projection_proxy,sp4_motion_sota_proxy,none,centralized_cbf_velocity_projection_proxy,global_relative_state,0,6,False,False,8,18.0,4,0.28,0.35,0.08,0.12,40.0,inf,1.0,0.0,26.97,30.36,145.4806759409779,18.185084492622238,0.8708114284391891,1088.6252454777346,41,0.015298507462686567,63,-0.06602646381256116,-0.2932276300448925,4.818678927542038,0.4523652858861249,0.759605831291598,0.0,5.0600322395866435,18704,161.45709995180368,-2.760419072240243,3.985412318352095,-6.745831390592338,0.008432289238240423,0.008432289238240423,8,0,True
SP4_DIAG_wrench_market_motion_safety,cluttered_warehouse,cluttered_warehouse_v00,5403,smith_motion_field,Smith-QR motion field,model_based,decentralized,proposed,smith_qr_congestion_field,sp4_motion_proposed,none,distributed_smith_qr_motion_field,local_congestion_price_neighbors,0,6,False,False,8,18.0,4,0.28,0.35,0.08,0.12,40.0,inf,1.0,0.0,27.375,30.84,147.238878842395,18.404859855299375,0.8604129304873825,1101.5936228440544,52,0.019402985074626865,68,-0.060772346258151255,-0.3518699248689463,4.8447486679592915,0.4578323347089392,0.759605831291598,0.0,5.465032239586644,18704,176.85600009281188,-13.775653752871932,3.985412318352095,-17.76106607122403,0.022201332589030037,0.022201332589030037,8,0,True
SP4_DIAG_wrench_market_motion_safety,cluttered_warehouse,cluttered_warehouse_v00,5403,replicator_motion_field,Replicator motion field,model_based,decentralized,baseline,replicator_target_congestion_field,sp4_population_motion_family,none,distributed_replicator_motion_field,local_target_obstacle_neighbor_scores,0,5,False,False,8,18.0,4,0.28,0.35,0.08,0.12,40.0,inf,1.0,0.0,23.490000000000002,25.32,124.63706466781483,15.579633083476853,1.016441100920568,931.8047169355525,192,0.07164179104477612,234,-0.5256603785134597,-0.41250768796093074,4.848797676947572,0.38755306177803117,0.7434440050939044,0.0,1.580032239586644,18704,100.59709998313338,-126.26249990373749,3.985412318352095,-130.24791222208958,0.16280989027761197,0.16280989027761197,8,0,True
SP4_DIAG_wrench_market_motion_safety,cluttered_warehouse,cluttered_warehouse_v00,5403,logit_motion_field,Logit motion field,model_based,decentralized,baseline,logit_softmax_motion_field,sp4_population_motion_family,none,distributed_logit_smoothed_motion_field,local_softmax_flow_scores,0,6,False,False,8,18.0,4,0.28,0.35,0.08,0.12,40.0,inf,1.0,0.0,24.6,26.64,124.83405662959379,15.604257078699224,1.0148371257561846,933.1921983830255,192,0.07164179104477612,239,-0.5280998891297976,-0.3704855217061621,4.801792817599391,0.38816559897261776,0.7111203526985173,0.0,2.690032239586644,18704,108.17010002210736,-128.09571294980358,3.985412318352095,-132.0811252681557,0.16510140658519462,0.16510140658519462,8,0,True
SP4_DIAG_wrench_market_motion_safety,cluttered_warehouse,cluttered_warehouse_v00,5403,bnn_motion_field,BNN/Brown motion field,model_based,decentralized,baseline,brown_bnn_positive_excess_field,sp4_population_motion_family,none,distributed_bnn_positive_excess_motion_field,local_positive_excess_neighbor_scores,0,6,False,False,8,18.0,4,0.28,0.35,0.08,0.12,40.0,inf,1.0,0.0,25.184999999999995,27.24,124.98014073148298,15.622517591435372,1.0136509247388694,934.0809051053808,188,0.07014925373134329,237,-0.515225067689503,-0.3381843532816319,4.777371613553754,0.38861984058296956,0.6949585265008237,0.0,3.2750322395866434,18704,104.45500002242625,-125.49064896720395,3.985412318352095,-129.47606128555606,0.16184507660694508,0.16184507660694508,8,0,True
SP4_DIAG_wrench_market_motion_safety,cluttered_warehouse,cluttered_warehouse_v00,5403,primal_dual_motion_field,Primal-dual motion field,model_based,decentralized,proposed,primal_dual_barrier_motion_field,sp4_motion_proposed,none,distributed_primal_dual_barrier_motion_field,local_barrier_dual_prices,0,7,False,False,8,18.0,4,0.28,0.35,0.08,0.12,40.0,inf,1.0,0.0,28.32,32.04,146.13886927655867,18.267358659569833,0.866889389890625,1093.5074616024795,46,0.017164179104477612,68,-0.04252078536414872,-0.3279166563102879,4.7703586895175585,0.45441190695447353,0.7272821788962109,0.0,6.410032239586643,18704,192.2629999462515,-9.591655707613969,3.985412318352095,-13.577068025966064,0.01697133503245758,0.01697133503245758,8,0,True
SP4_DIAG_wrench_market_motion_safety,cluttered_warehouse,cluttered_warehouse_v00,5403,pid_safety_motion,PID safety motion,model_based,decentralized,proposed,pid_damped_safety_motion,sp4_motion_proposed,none,distributed_pid_damped_safety_feedback,local_target_error_and_clearance,0,5,False,False,8,18.0,4,0.28,0.35,0.08,0.12,40.0,inf,1.0,0.0,31.335,35.28,146.59597663560902,18.324497079451127,0.8641863039758823,1096.4936356325566,56,0.020895522388059702,77,-0.04103264829900999,-0.3236866972868141,4.660173736148756,0.45583326068286384,0.6626348741054365,0.0,9.425032239586644,18704,170.93719996046275,-23.501304947502845,3.985412318352095,-27.486717265854942,0.03435839658231868,0.03435839658231868,8,0,True
SP4_DIAG_wrench_market_motion_safety,cluttered_warehouse,cluttered_warehouse_v00,5403,tensor_flow_motion_field,Smooth tensor-flow motion,model_based,decentralized,proposed,smooth_tensor_flow_barrier_motion,sp4_motion_proposed,none,distributed_smooth_tensor_flow_motion_field,local_anisotropic_clearance_tensor,0,8,False,False,8,18.0,4,0.28,0.35,0.08,0.12,40.0,inf,1.0,0.0,28.965,32.64,146.30257889779153,18.28782236222394,0.8659193582292629,1095.060769549234,47,0.01753731343283582,67,-0.048526639894014845,-0.3356042324592101,4.74744807360461,0.45492095428417817,0.7111203526985173,0.0,7.0550322395866445,18704,196.9332000007853,-11.570727291812442,3.985412318352095,-15.556139610164538,0.019445174512705672,0.019445174512705672,8,0,True
SP4_DIAG_wrench_market_motion_safety,cluttered_warehouse,cluttered_warehouse_v00,5403,reference_time_expanded_cbf,Reference time-expanded CBF,model_based_reference,centralized,reference,time_expanded_safe_cbf_reference,sp4_motion_reference,none,centralized_time_expanded_cbf_reference,global_state_and_release_schedule,0,8,False,False,8,18.0,4,0.28,0.35,0.08,0.12,40.0,inf,1.0,0.0,26.369999999999997,29.759999999999998,143.97620205023472,17.99702525627934,0.8799109396027801,1080.4539648506714,35,0.013059701492537313,58,-0.048781494607147535,-0.12146003051854404,4.853039455915212,0.44768719542983443,0.7757676574892917,0.0,4.460032239586644,18704,154.58420000504702,3.985412318352095,3.985412318352095,0.0,0.0,0.0,8,0,True
SP4_DIAG_wrench_market_motion_safety,cluttered_warehouse,cluttered_warehouse_v00,5404,direct_to_target,Direct to target,classic,decentralized,baseline,direct_single_integrator,sp4_motion_baseline,none,local_target_feedback,none,0,0,False,False,8,18.0,4,0.28,0.35,0.08,0.12,40.0,inf,1.0,0.0,22.185,25.68,124.55965365395475,15.569956706744344,1.0201236276748193,981.6455997341446,201,0.075,255,-0.5034435228267709,-0.6617835151016367,4.933438769716537,0.38731235588916263,0.7976061871430555,2.220446049250313e-16,0.0,18704,22.666599950753152,-132.7155798012115,-5.436264648250621,-127.27931515296089,0.15909914394120112,0.15909914394120112,8,0,True
SP4_DIAG_wrench_market_motion_safety,cluttered_warehouse,cluttered_warehouse_v00,5404,priority_yield,Priority yield,classic,centralized,baseline,priority_release_yield,sp4_motion_baseline,none,centralized_priority_schedule,global_priority_order,0,2,False,False,8,18.0,4,0.28,0.35,0.08,0.12,40.0,inf,1.0,0.0,25.005,29.279999999999998,124.95340093151313,15.619175116439141,1.0169090620993686,985.1679971486607,199,0.07425373134328359,247,-0.5176765141450032,-0.8660575206062244,4.826725877159753,0.38853669443878464,0.7337976921716112,0.0,2.4290311706724808,18704,35.34709999803454,-135.5583834003001,-5.436264648250621,-130.1221187520495,0.16265264844006186,0.16265264844006186,8,0,True
SP4_DIAG_wrench_market_motion_safety,cluttered_warehouse,cluttered_warehouse_v00,5404,apf_obstacle_avoidance,APF obstacle avoidance,classic,decentralized,baseline,artificial_potential_field,sp4_motion_baseline,none,local_apf_feedback,local_obstacle_robot_neighbors,0,4,False,False,8,18.0,4,0.28,0.35,0.08,0.12,40.0,inf,1.0,0.0,24.314999999999998,27.959999999999997,125.62578024063079,15.703222530078849,1.0114663208777803,989.8693732624746,159,0.059328358208955226,208,-0.5340502027769916,-0.23394692283433616,4.8642139928083825,0.39062742612136425,0.7337976921716112,0.0,1.7390311706724804,18704,78.41850002296269,-98.82842508705608,-5.436264648250621,-93.39216043880546,0.11674020054850683,0.11674020054850683,8,0,True
SP4_DIAG_wrench_market_motion_safety,cluttered_warehouse,cluttered_warehouse_v00,5404,velocity_obstacle_proxy,Velocity obstacle proxy,sota,decentralized,baseline,velocity_obstacle_proxy,sp4_motion_sota_proxy,none,local_velocity_obstacle_proxy,local_relative_state_neighbors,0,5,False,False,8,18.0,4,0.28,0.35,0.08,0.12,40.0,inf,1.0,0.0,24.779999999999998,28.56,125.28389422298521,15.660486777873151,1.0142265016222585,987.0721757891913,185,0.06902985074626866,227,-0.5332574683378708,-0.29759028092336826,4.834611125710412,0.38956434770828763,0.71784556842875,0.0,2.2040311706724807,18704,103.28010004013777,-122.75282027799344,-5.436264648250621,-117.31655562974282,0.14664569453717852,0.14664569453717852,8,0,True
SP4_DIAG_wrench_market_motion_safety,cluttered_warehouse,cluttered_warehouse_v00,5404,cbf_safety_filter,CBF safety filter,sota,centralized,baseline,cbf_velocity_projection_proxy,sp4_motion_sota_proxy,none,centralized_cbf_velocity_projection_proxy,global_relative_state,0,6,False,False,8,18.0,4,0.28,0.35,0.08,0.12,40.0,inf,1.0,0.0,28.229999999999997,33.24,148.3754687592688,18.5469335949086,0.8563831124506808,1163.479696814524,45,0.016791044776119403,62,0.2001326665533848,-0.4744153869766645,4.904508419398512,0.4613665073360341,0.7497498159144723,0.0,5.65403117067248,18704,144.01920000091195,-9.743907557870935,-5.436264648250621,-4.307642909620315,0.005384553637025394,0.005384553637025394,8,0,True
SP4_DIAG_wrench_market_motion_safety,cluttered_warehouse,cluttered_warehouse_v00,5404,smith_motion_field,Smith-QR motion field,model_based,decentralized,proposed,smith_qr_congestion_field,sp4_motion_proposed,none,distributed_smith_qr_motion_field,local_congestion_price_neighbors,0,6,False,False,8,18.0,4,0.28,0.35,0.08,0.12,40.0,inf,1.0,0.0,29.729999999999997,31.799999999999997,156.08271073817562,19.510338842271953,0.8140955852601859,1227.7292905484342,196,0.07313432835820896,214,-0.5289238882804983,-0.6007252418003051,4.894103465490974,0.4853318119968141,0.7497498159144723,0.0,7.15403117067248,18704,209.26050003618002,-149.70587732758446,-5.436264648250621,-144.26961267933385,0.1803370158491673,0.1803370158491673,8,0,True
SP4_DIAG_wrench_market_motion_safety,cluttered_warehouse,cluttered_warehouse_v00,5404,replicator_motion_field,Replicator motion field,model_based,decentralized,baseline,replicator_target_congestion_field,sp4_population_motion_family,none,distributed_replicator_motion_field,local_target_obstacle_neighbor_scores,0,5,False,False,8,18.0,4,0.28,0.35,0.08,0.12,40.0,inf,1.0,0.0,24.21,27.84,125.05592095399139,15.631990119248924,1.0160754067305586,985.3680981970729,193,0.07201492537313432,230,-0.5271959728007787,-0.3641736705114237,4.858260540696326,0.3888554756032069,0.7337976921716112,0.0,1.6340311706724813,18704,96.49739996530116,-128.9378044873712,-5.436264648250621,-123.5015398391206,0.15437692479890075,0.15437692479890075,8,0,True
SP4_DIAG_wrench_market_motion_safety,cluttered_warehouse,cluttered_warehouse_v00,5404,logit_motion_field,Logit motion field,model_based,decentralized,baseline,logit_softmax_motion_field,sp4_population_motion_family,none,distributed_logit_smoothed_motion_field,local_softmax_flow_scores,0,6,False,False,8,18.0,4,0.28,0.35,0.08,0.12,40.0,inf,1.0,0.0,25.365,29.16,125.29645578226763,15.662056972783454,1.0141248206429652,987.0932841959165,194,0.07238805970149254,236,-0.5306445360114695,-0.32100101815232385,4.810939683207476,0.3896034072831711,0.701893444685889,0.0,2.789031170672481,18704,101.99920006562024,-131.75149639764012,-5.436264648250621,-126.31523174938951,0.15789403968673688,0.15789403968673688,8,0,True
SP4_DIAG_wrench_market_motion_safety,cluttered_warehouse,cluttered_warehouse_v00,5404,bnn_motion_field,BNN/Brown motion field,model_based,decentralized,baseline,brown_bnn_positive_excess_field,sp4_population_motion_family,none,distributed_bnn_positive_excess_motion_field,local_positive_excess_neighbor_scores,0,6,False,False,8,18.0,4,0.28,0.35,0.08,0.12,40.0,inf,1.0,0.0,25.965000000000003,29.88,125.43901024918878,15.679876281148598,1.0129723241196662,988.1810165984932,191,0.07126865671641791,236,-0.5154430105757937,-0.28345876970837647,4.78483828873058,0.3900466736604127,0.6859413209430277,0.0,3.389031170672481,18704,105.11549992952496,-130.06716854020948,-5.436264648250621,-124.63090389195887,0.15578862986494857,0.15578862986494857,8,0,True
SP4_DIAG_wrench_market_motion_safety,cluttered_warehouse,cluttered_warehouse_v00,5404,primal_dual_motion_field,Primal-dual motion field,model_based,decentralized,proposed,primal_dual_barrier_motion_field,sp4_motion_proposed,none,distributed_primal_dual_barrier_motion_field,local_barrier_dual_prices,0,7,False,False,8,18.0,4,0.28,0.35,0.08,0.12,40.0,inf,1.0,0.0,29.925,35.04,150.44437408462886,18.805546760578608,0.8446061643748362,1180.0537640748232,55,0.020522388059701493,71,0.1421942656849664,-0.508471923292687,4.867534938477714,0.4677996706611599,0.71784556842875,0.0,7.349031170672481,18704,188.0539000267163,-22.032031282650173,-5.436264648250621,-16.595766634399553,0.02074470829299944,0.02074470829299944,8,0,True
SP4_DIAG_wrench_market_motion_safety,cluttered_warehouse,cluttered_warehouse_v00,5404,pid_safety_motion,PID safety motion,model_based,decentralized,proposed,pid_damped_safety_motion,sp4_motion_proposed,none,distributed_pid_damped_safety_feedback,local_target_error_and_clearance,0,5,False,False,8,18.0,4,0.28,0.35,0.08,0.12,40.0,inf,1.0,0.0,33.644999999999996,38.879999999999995,152.9883042986536,19.1235380373317,0.8305618284345522,1201.113849930167,54,0.020149253731343283,71,0.18469323068387267,-0.629285357471347,4.762171643377776,0.4757099014261617,0.6540370734573056,0.0,11.06903117067248,18704,182.28549999184906,-27.85877440022934,-5.436264648250621,-22.42250975197872,0.0280281371899734,0.0280281371899734,8,0,True
SP4_DIAG_wrench_market_motion_safety,cluttered_warehouse,cluttered_warehouse_v00,5404,tensor_flow_motion_field,Smooth tensor-flow motion,model_based,decentralized,proposed,smooth_tensor_flow_barrier_motion,sp4_motion_proposed,none,distributed_smooth_tensor_flow_motion_field,local_anisotropic_clearance_tensor,0,8,False,False,8,18.0,4,0.28,0.35,0.08,0.12,40.0,inf,1.0,0.0,30.57,35.879999999999995,150.4129594232072,18.8016199279009,0.8447825655093542,1179.6921100718473,49,0.01828358208955224,72,0.14049850210042625,-0.5104400915898972,4.844012759068125,0.4677019882562414,0.701893444685889,0.0,7.99403117067248,18704,196.28729997202754,-17.680369188749438,-5.436264648250621,-12.244104540498817,0.015305130675623523,0.015305130675623523,8,0,True
SP4_DIAG_wrench_market_motion_safety,cluttered_warehouse,cluttered_warehouse_v00,5404,reference_time_expanded_cbf,Reference time-expanded CBF,model_based_reference,centralized,reference,time_expanded_safe_cbf_reference,sp4_motion_reference,none,centralized_time_expanded_cbf_reference,global_state_and_release_schedule,0,8,False,False,8,18.0,4,0.28,0.35,0.08,0.12,40.0,inf,1.0,0.0,27.84,32.64,147.99779219380068,18.499724024225085,0.8585685222993071,1161.6332455166705,41,0.015298507462686567,55,0.13227595383490254,-0.36924502772629864,4.93459890302079,0.4601921399060971,0.7657019396573332,0.0,5.264031170672482,18704,171.15289997309446,-5.436264648250621,-5.436264648250621,0.0,0.0,0.0,8,0,True
SP4_DIAG_wrench_market_motion_safety,cluttered_warehouse,cluttered_warehouse_v00,5405,direct_to_target,Direct to target,classic,decentralized,baseline,direct_single_integrator,sp4_motion_baseline,none,local_target_feedback,none,0,0,False,False,8,18.0,4,0.28,0.35,0.08,0.12,40.0,inf,1.0,0.0,22.275,24.84,124.11924270558976,15.51490533819872,1.0210940667027557,1039.8096959749644,220,0.08208955223880597,278,-0.5364527764128554,-0.6453974118568029,4.899785845763888,0.3859429188606641,0.7586235729808253,1.1102230246251565e-16,0.0,18704,17.415300011634827,-150.3592557281137,-15.98684176208039,-134.37241396603332,0.16796551745754165,0.16796551745754165,8,0,True
SP4_DIAG_wrench_market_motion_safety,cluttered_warehouse,cluttered_warehouse_v00,5405,priority_yield,Priority yield,classic,centralized,baseline,priority_release_yield,sp4_motion_baseline,none,centralized_priority_schedule,global_priority_order,0,2,False,False,8,18.0,4,0.28,0.35,0.08,0.12,40.0,inf,1.0,0.0,25.2,27.48,124.99488677731807,15.624360847164759,1.0139408543655333,1047.5736440650421,265,0.09888059701492537,316,-0.529199394815742,-0.643686478883192,4.763956334181046,0.38866569271554136,0.6979336871423593,0.0,2.4989144535298493,18704,37.23869996611029,-195.60804436748128,-15.98684176208039,-179.6212026054009,0.2245265032567511,0.2245265032567511,8,0,True
SP4_DIAG_wrench_market_motion_safety,cluttered_warehouse,cluttered_warehouse_v00,5405,apf_obstacle_avoidance,APF obstacle avoidance,classic,decentralized,baseline,artificial_potential_field,sp4_motion_baseline,none,local_apf_feedback,local_obstacle_robot_neighbors,0,4,False,False,8,18.0,4,0.28,0.35,0.08,0.12,40.0,inf,1.0,0.0,24.435,27.24,125.30913619003559,15.663642023754448,1.0113981002798977,1049.5740861309912,150,0.055970149253731345,200,-0.5298332339085843,-0.27163474872376303,4.827177061354528,0.3896428364118023,0.6979336871423593,0.0,1.73391445352985,18704,79.41739994566888,-91.48810903207297,-15.98684176208039,-75.50126726999258,0.09437658408749072,0.09437658408749072,8,0,True
SP4_DIAG_wrench_market_motion_safety,cluttered_warehouse,cluttered_warehouse_v00,5405,velocity_obstacle_proxy,Velocity obstacle proxy,sota,decentralized,baseline,velocity_obstacle_proxy,sp4_motion_sota_proxy,none,local_velocity_obstacle_proxy,local_relative_state_neighbors,0,5,False,False,8,18.0,4,0.28,0.35,0.08,0.12,40.0,inf,1.0,0.0,24.93,27.84,125.04856742077206,15.631070927596507,1.0135055915023972,1047.18362554136,176,0.06567164179104477,222,-0.5401724743778209,-0.33751167434369256,4.798400917208774,0.3888326101392162,0.6827612156827427,0.0,2.2289144535298493,18704,97.16589993331581,-115.48246138649091,-15.98684176208039,-99.49561962441052,0.12436952453051316,0.12436952453051316,8,0,True
SP4_DIAG_wrench_market_motion_safety,cluttered_warehouse,cluttered_warehouse_v00,5405,cbf_safety_filter,CBF safety filter,sota,centralized,baseline,cbf_velocity_projection_proxy,sp4_motion_sota_proxy,none,centralized_cbf_velocity_projection_proxy,global_relative_state,0,6,False,False,8,18.0,4,0.28,0.35,0.08,0.12,40.0,inf,1.0,0.0,29.595,33.12,154.13193716902805,19.266492146128506,0.8222658108249882,1289.035234941376,20,0.007462686567164179,43,0.038988937562688286,-0.45692619442044136,4.87952278824485,0.4792659737842913,0.7131061586019757,0.0,6.89391445352985,18704,161.02469991892576,7.93817371220603,-15.98684176208039,23.92501547428642,0.0,0.0,8,0,True
SP4_DIAG_wrench_market_motion_safety,cluttered_warehouse,cluttered_warehouse_v00,5405,smith_motion_field,Smith-QR motion field,model_based,decentralized,proposed,smith_qr_congestion_field,sp4_motion_proposed,none,distributed_smith_qr_motion_field,local_congestion_price_neighbors,0,6,False,False,8,18.0,4,0.28,0.35,0.08,0.12,40.0,inf,1.0,0.0,29.595,33.72,154.0621938706906,19.257774233836326,0.8226380470519056,1286.476676488681,1,0.00037313432835820896,8,0.1981638134672039,-0.0054107027508087935,4.9306245408156,0.47904911029443603,0.7131061586019757,0.0,6.893914453529849,18704,202.97250000294298,24.99402819550155,-15.98684176208039,40.98086995758194,0.0,0.0,8,0,True
SP4_DIAG_wrench_market_motion_safety,cluttered_warehouse,cluttered_warehouse_v00,5405,replicator_motion_field,Replicator motion field,model_based,decentralized,baseline,replicator_target_congestion_field,sp4_population_motion_family,none,distributed_replicator_motion_field,local_target_obstacle_neighbor_scores,0,5,False,False,8,18.0,4,0.28,0.35,0.08,0.12,40.0,inf,1.0,0.0,24.345,27.24,124.76802143083006,15.596002678853758,1.015784500202071,1044.9925559032379,184,0.06865671641791045,243,-0.4878343531259318,-0.4036692161076485,4.822432637232405,0.38796026564312847,0.6979336871423594,0.0,1.6439144535298502,18704,96.60609997808933,-121.62700967680007,-15.98684176208039,-105.64016791471968,0.1320502098933996,0.1320502098933996,8,0,True
SP4_DIAG_wrench_market_motion_safety,cluttered_warehouse,cluttered_warehouse_v00,5405,logit_motion_field,Logit motion field,model_based,decentralized,baseline,logit_softmax_motion_field,sp4_population_motion_family,none,distributed_logit_smoothed_motion_field,local_softmax_flow_scores,0,6,False,False,8,18.0,4,0.28,0.35,0.08,0.12,40.0,inf,1.0,0.0,25.485,28.439999999999998,124.93890713367817,15.617363391709771,1.0143951567842233,1046.187904580522,185,0.06902985074626866,240,-0.4967710303355358,-0.35993781800775093,4.769241029341336,0.38849162665944725,0.6675887442231263,0.0,2.783914453529849,18704,106.82689992245287,-124.3960804062592,-15.98684176208039,-108.40923864417881,0.13551154830522352,0.13551154830522352,8,0,True
SP4_DIAG_wrench_market_motion_safety,cluttered_warehouse,cluttered_warehouse_v00,5405,bnn_motion_field,BNN/Brown motion field,model_based,decentralized,baseline,brown_bnn_positive_excess_field,sp4_population_motion_family,none,distributed_bnn_positive_excess_motion_field,local_positive_excess_neighbor_scores,0,6,False,False,8,18.0,4,0.28,0.35,0.08,0.12,40.0,inf,1.0,0.0,26.115,29.16,125.18166836813087,15.647708546016359,1.0124279692263807,1048.2325893572483,182,0.06791044776119402,231,-0.5423589833905845,-0.32415197119617045,4.7447338947042095,0.38924648124418837,0.6524162727635098,0.0,3.4139144535298502,18704,112.50109993852675,-122.79136756142692,-15.98684176208039,-106.80452579934654,0.13350565724918317,0.13350565724918317,8,0,True
SP4_DIAG_wrench_market_motion_safety,cluttered_warehouse,cluttered_warehouse_v00,5405,primal_dual_motion_field,Primal-dual motion field,model_based,decentralized,proposed,primal_dual_barrier_motion_field,sp4_motion_proposed,none,distributed_primal_dual_barrier_motion_field,local_barrier_dual_prices,0,7,False,False,8,18.0,4,0.28,0.35,0.08,0.12,40.0,inf,1.0,0.0,30.554999999999996,34.44,152.46285801222112,19.05785725152764,0.8312675227441818,1273.1946730433297,0,0.0,3,0.13636793841665873,0.06045943216311789,4.887915380977602,0.474076051033026,0.6827612156827427,0.0,7.853914453529848,18704,200.67529997322708,24.838224506878053,-15.98684176208039,40.825066268958444,0.0,0.0,8,0,True
SP4_DIAG_wrench_market_motion_safety,cluttered_warehouse,cluttered_warehouse_v00,5405,pid_safety_motion,PID safety motion,model_based,decentralized,proposed,pid_damped_safety_motion,sp4_motion_proposed,none,distributed_pid_damped_safety_feedback,local_target_error_and_clearance,0,5,False,False,8,18.0,4,0.28,0.35,0.08,0.12,40.0,inf,1.0,0.0,33.78,38.4,153.26133373277344,19.15766671659668,0.8269367048005496,1279.3977289099355,0,0.0,8,0.19550086619248008,0.01714062509378933,4.765842992668574,0.47655887354718107,0.6220713298442767,0.0,11.07891445352985,18704,181.70690000988543,19.440529289690485,-15.98684176208039,35.427371051770876,0.0,0.0,8,0,True
SP4_DIAG_wrench_market_motion_safety,cluttered_warehouse,cluttered_warehouse_v00,5405,tensor_flow_motion_field,Smooth tensor-flow motion,model_based,decentralized,proposed,smooth_tensor_flow_barrier_motion,sp4_motion_proposed,none,distributed_smooth_tensor_flow_motion_field,local_anisotropic_clearance_tensor,0,8,False,False,8,18.0,4,0.28,0.35,0.08,0.12,40.0,inf,1.0,0.0,32.415,35.28,158.3662630764183,19.79578288455229,0.8002804374386286,1324.5115734099804,20,0.007462686567164179,28,0.1161901209440831,-0.40140398143428413,4.7279558183800345,0.4924324100634898,0.6675887442231263,0.0,9.71391445352985,18704,210.2894999552518,2.139858627894128,-15.98684176208039,18.126700389974516,0.0,0.0,8,0,True
SP4_DIAG_wrench_market_motion_safety,cluttered_warehouse,cluttered_warehouse_v00,5405,reference_time_expanded_cbf,Reference time-expanded CBF,model_based_reference,centralized,reference,time_expanded_safe_cbf_reference,sp4_motion_reference,none,centralized_time_expanded_cbf_reference,global_state_and_release_schedule,0,8,False,False,8,18.0,4,0.28,0.35,0.08,0.12,40.0,inf,1.0,0.0,29.909999999999997,33.72,157.56010536274,19.6950131703425,0.8043750795833626,1316.911111959104,45,0.016791044776119403,68,0.05211207789471595,-0.6125661221452109,4.8109333356490795,0.4899257007547888,0.7282786300615922,0.0,7.20891445352985,18704,202.70120003260672,-15.98684176208039,-15.98684176208039,0.0,0.0,0.0,8,0,True
SP4_DIAG_wrench_market_motion_safety,cluttered_warehouse,cluttered_warehouse_v00,5406,direct_to_target,Direct to target,classic,decentralized,baseline,direct_single_integrator,sp4_motion_baseline,none,local_target_feedback,none,0,0,False,False,8,18.0,4,0.28,0.35,0.08,0.12,40.0,inf,1.0,0.0,22.395,23.88,124.1370956937748,15.51713696172185,1.0207631119228109,975.7582305653463,238,0.08880597014925373,290,-0.5289910364883167,-0.6128821226355765,4.820325384906049,0.3859984318836274,0.7437689422188619,2.220446049250313e-16,0.0,18704,20.535600022412837,-166.0340717164929,-82.47790002997122,-83.55617168652167,0.10444521460815208,0.10444521460815208,8,0,True
SP4_DIAG_wrench_market_motion_safety,cluttered_warehouse,cluttered_warehouse_v00,5406,priority_yield,Priority yield,classic,centralized,baseline,priority_release_yield,sp4_motion_baseline,none,centralized_priority_schedule,global_priority_order,0,2,False,False,8,18.0,4,0.28,0.35,0.08,0.12,40.0,inf,1.0,0.0,25.335,27.119999999999997,124.98252769479805,15.622815961849756,1.0138582603711526,982.7020680173255,260,0.09701492537313433,309,-0.5406210516514205,-0.8782499005949505,4.700213853072749,0.38862726273258114,0.6842674268413529,0.0,2.5206480462686183,18704,37.48429997358471,-190.69499766855122,-82.47790002997122,-108.21709763858,0.135271372048225,0.135271372048225,8,0,True
SP4_DIAG_wrench_market_motion_safety,cluttered_warehouse,cluttered_warehouse_v00,5406,apf_obstacle_avoidance,APF obstacle avoidance,classic,decentralized,baseline,artificial_potential_field,sp4_motion_baseline,none,local_apf_feedback,local_obstacle_robot_neighbors,0,4,False,False,8,18.0,4,0.28,0.35,0.08,0.12,40.0,inf,1.0,0.0,24.525,26.16,125.17666524512173,15.647083155640216,1.0122858590081791,983.5432270372946,163,0.060820895522388056,207,-0.518494767589194,-0.2962299627370173,4.753526325108796,0.3892309242696574,0.6842674268413529,0.0,1.7106480462686178,18704,101.02229996118695,-102.58444787803107,-82.47790002997122,-20.106547848059847,0.02513318481007481,0.02513318481007481,8,0,True
SP4_DIAG_wrench_market_motion_safety,cluttered_warehouse,cluttered_warehouse_v00,5406,velocity_obstacle_proxy,Velocity obstacle proxy,sota,decentralized,baseline,velocity_obstacle_proxy,sp4_motion_sota_proxy,none,local_velocity_obstacle_proxy,local_relative_state_neighbors,0,5,False,False,8,18.0,4,0.28,0.35,0.08,0.12,40.0,inf,1.0,0.0,25.019999999999996,26.64,124.92677886823773,15.615847358529717,1.0143106966608433,981.5980216782391,181,0.06753731343283582,233,-0.5301115602096045,-0.36078712267455304,4.724421685250163,0.3884539143912868,0.6693920479969756,0.0,2.2056480462686183,18704,108.44300000462681,-119.42142380660066,-82.47790002997122,-36.94352377662943,0.04617940472078679,0.04617940472078679,8,0,True
SP4_DIAG_wrench_market_motion_safety,cluttered_warehouse,cluttered_warehouse_v00,5406,cbf_safety_filter,CBF safety filter,sota,centralized,baseline,cbf_velocity_projection_proxy,sp4_motion_sota_proxy,none,centralized_cbf_velocity_projection_proxy,global_relative_state,0,6,False,False,8,18.0,4,0.28,0.35,0.08,0.12,40.0,inf,1.0,0.0,27.795,31.08,144.15873462996703,18.01984182874588,0.8789933432108283,1131.0191303161705,46,0.017164179104477612,66,-0.12301918204919515,-0.5539381090217441,4.702961083434728,0.44825477185935053,0.6991428056857302,0.0,4.980648046268618,18704,150.72629996575415,-8.691142772500722,-82.47790002997122,73.7867572574705,0.0,0.0,8,0,True
SP4_DIAG_wrench_market_motion_safety,cluttered_warehouse,cluttered_warehouse_v00,5406,smith_motion_field,Smith-QR motion field,model_based,decentralized,proposed,smith_qr_congestion_field,sp4_motion_proposed,none,distributed_smith_qr_motion_field,local_congestion_price_neighbors,0,6,False,False,8,18.0,4,0.28,0.35,0.08,0.12,40.0,inf,1.0,0.0,28.395,31.439999999999998,146.7935617965785,18.349195224572313,0.8632161148936086,1151.7907676170735,58,0.02164179104477612,79,-0.12032058897509956,-0.647639597659553,4.706489793498242,0.4564476424022967,0.6991428056857301,0.0,5.580648046268617,18704,186.74389994703233,-21.184789778880706,-82.47790002997122,61.29311025109052,0.0,0.0,8,0,True
SP4_DIAG_wrench_market_motion_safety,cluttered_warehouse,cluttered_warehouse_v00,5406,replicator_motion_field,Replicator motion field,model_based,decentralized,baseline,replicator_target_congestion_field,sp4_population_motion_family,none,distributed_replicator_motion_field,local_target_obstacle_neighbor_scores,0,5,False,False,8,18.0,4,0.28,0.35,0.08,0.12,40.0,inf,1.0,0.0,24.449999999999996,26.04,124.72310772130962,15.590388465163702,1.0159670523009865,979.9602597941797,200,0.07462686567164178,244,-0.5387520230618357,-0.42853331547293366,4.74807300424728,0.3878206085861619,0.6842674268413529,0.0,1.6356480462686176,18704,112.40520002320409,-135.4631639085702,-82.47790002997122,-52.985263878598985,0.06623157984824873,0.06623157984824873,8,0,True
SP4_DIAG_wrench_market_motion_safety,cluttered_warehouse,cluttered_warehouse_v00,5406,logit_motion_field,Logit motion field,model_based,decentralized,baseline,logit_softmax_motion_field,sp4_population_motion_family,none,distributed_logit_smoothed_motion_field,local_softmax_flow_scores,0,6,False,False,8,18.0,4,0.28,0.35,0.08,0.12,40.0,inf,1.0,0.0,25.589999999999996,27.24,124.87195740415567,15.608994675519458,1.01475600078341,981.0606270503818,194,0.07238805970149254,246,-0.5323157341281708,-0.38405906204085294,4.6942635753097015,0.38828344963978756,0.6545166691525984,0.0,2.775648046268618,18704,106.09239991754293,-131.95778018300012,-82.47790002997122,-49.4798801530289,0.061849850191286124,0.061849850191286124,8,0,True
SP4_DIAG_wrench_market_motion_safety,cluttered_warehouse,cluttered_warehouse_v00,5406,bnn_motion_field,BNN/Brown motion field,model_based,decentralized,baseline,brown_bnn_positive_excess_field,sp4_population_motion_family,none,distributed_bnn_positive_excess_motion_field,local_positive_excess_neighbor_scores,0,6,False,False,8,18.0,4,0.28,0.35,0.08,0.12,40.0,inf,1.0,0.0,26.205,27.959999999999997,125.03919515472137,15.629899394340171,1.0133987822669754,982.2794900084625,193,0.07201492537313432,237,-0.5233320366365628,-0.3484066506653365,4.668599468660334,0.38880346752090017,0.6396412903082211,0.0,3.3906480462686184,18704,117.67509998753667,-132.0952387296457,-82.47790002997122,-49.61733869967448,0.0620216733745931,0.0620216733745931,8,0,True
SP4_DIAG_wrench_market_motion_safety,cluttered_warehouse,cluttered_warehouse_v00,5406,primal_dual_motion_field,Primal-dual motion field,model_based,decentralized,proposed,primal_dual_barrier_motion_field,sp4_motion_proposed,none,distributed_primal_dual_barrier_motion_field,local_barrier_dual_prices,0,7,False,False,8,18.0,4,0.28,0.35,0.08,0.12,40.0,inf,1.0,0.0,29.25,32.519999999999996,145.2160886700857,18.152011083760712,0.8725931765957304,1139.1585945349561,53,0.019776119402985074,77,-0.12069994702021963,-0.5730111988329198,4.648103048552745,0.45154256427265443,0.6693920479969756,0.0,6.435648046268618,18704,188.7552000116557,-17.601812019932602,-82.47790002997122,64.87608801003861,0.0,0.0,8,0,True
SP4_DIAG_wrench_market_motion_safety,cluttered_warehouse,cluttered_warehouse_v00,5406,pid_safety_motion,PID safety motion,model_based,decentralized,proposed,pid_damped_safety_motion,sp4_motion_proposed,none,distributed_pid_damped_safety_feedback,local_target_error_and_clearance,0,5,False,False,8,18.0,4,0.28,0.35,0.08,0.12,40.0,inf,1.0,0.0,32.445,36.0,146.2425962152467,18.280324526905837,0.8664682615380604,1147.016045991104,57,0.02126865671641791,82,-0.13314013266555674,-0.6156893787614062,4.516530170666871,0.454734440967807,0.6098905326194667,0.0,9.630648046268618,18704,192.54660001024604,-26.60030774666832,-82.47790002997122,55.8775922833029,0.0,0.0,8,0,True
SP4_DIAG_wrench_market_motion_safety,cluttered_warehouse,cluttered_warehouse_v00,5406,tensor_flow_motion_field,Smooth tensor-flow motion,model_based,decentralized,proposed,smooth_tensor_flow_barrier_motion,sp4_motion_proposed,none,distributed_smooth_tensor_flow_motion_field,local_anisotropic_clearance_tensor,0,8,False,False,8,18.0,4,0.28,0.35,0.08,0.12,40.0,inf,1.0,0.0,29.924999999999997,33.12,145.34027079473378,18.167533849341723,0.8718476125890683,1140.09832968621,52,0.019402985074626865,71,-0.1167074341213698,-0.6050651832695423,4.63133594605196,0.45192870271994356,0.6545166691525984,0.0,7.110648046268617,18704,200.25120000354946,-17.82300705080801,-82.47790002997122,64.65489297916321,0.0,0.0,8,0,True
SP4_DIAG_wrench_market_motion_safety,cluttered_warehouse,cluttered_warehouse_v00,5406,reference_time_expanded_cbf,Reference time-expanded CBF,model_based_reference,centralized,reference,time_expanded_safe_cbf_reference,sp4_motion_reference,none,centralized_time_expanded_cbf_reference,global_state_and_release_schedule,0,8,False,False,8,18.0,4,0.28,0.35,0.08,0.12,40.0,inf,1.0,0.0,28.62,33.6,149.96596561600091,18.745745702000114,0.8449555043035529,1175.308908698831,125,0.04664179104477612,196,-0.4256893349590154,-0.41748779821042215,4.553840242530011,0.46631208213930664,0.7140181845301073,0.0,5.805648046268619,18704,180.5006000213325,-82.47790002997122,-82.47790002997122,0.0,0.0,0.0,8,0,True
SP4_DIAG_wrench_market_motion_safety,cluttered_warehouse,cluttered_warehouse_v00,5407,direct_to_target,Direct to target,classic,decentralized,baseline,direct_single_integrator,sp4_motion_baseline,none,local_target_feedback,none,0,0,False,False,8,18.0,4,0.28,0.35,0.08,0.12,40.0,inf,1.0,0.0,22.515,24.84,124.68080821080605,15.585101026350756,1.0199729488805787,798.509709379632,234,0.0873134328358209,284,-0.5288162504491402,-0.7068819917913141,4.849480518054721,0.3876890802574815,0.7437419141245329,2.220446049250313e-16,0.0,18704,17.66969996970147,-160.9911137061438,-21.27090829758125,-139.72020540856255,0.1746502567607032,0.1746502567607032,8,0,True
SP4_DIAG_wrench_market_motion_safety,cluttered_warehouse,cluttered_warehouse_v00,5407,priority_yield,Priority yield,classic,centralized,baseline,priority_release_yield,sp4_motion_baseline,none,centralized_priority_schedule,global_priority_order,0,2,False,False,8,18.0,4,0.28,0.35,0.08,0.12,40.0,inf,1.0,0.0,25.395,27.24,125.22347851136254,15.652934813920318,1.0155527791703252,801.6034653776424,232,0.08656716417910448,287,-0.49167789637873793,-0.9500361183322343,4.7174369581363065,0.38937648790846524,0.6842425609945704,0.0,2.482049492258864,18704,33.31830003298819,-163.95839395612694,-21.27090829758125,-142.68748565854568,0.1783593570731821,0.1783593570731821,8,0,True
SP4_DIAG_wrench_market_motion_safety,cluttered_warehouse,cluttered_warehouse_v00,5407,apf_obstacle_avoidance,APF obstacle avoidance,classic,decentralized,baseline,artificial_potential_field,sp4_motion_baseline,none,local_apf_feedback,local_obstacle_robot_neighbors,0,4,False,False,8,18.0,4,0.28,0.35,0.08,0.12,40.0,inf,1.0,0.0,24.66,27.119999999999997,125.76350696635723,15.720438370794653,1.0111919958912168,805.4207083214756,158,0.05895522388059701,201,-0.5182781858301195,-0.40818996940079383,4.783256647007589,0.3910556808655384,0.6842425609945704,0.0,1.747049492258863,18704,89.31509999092668,-96.67071592924617,-21.27090829758125,-75.39980763166491,0.09424975953958115,0.09424975953958115,8,0,True
SP4_DIAG_wrench_market_motion_safety,cluttered_warehouse,cluttered_warehouse_v00,5407,velocity_obstacle_proxy,Velocity obstacle proxy,sota,decentralized,baseline,velocity_obstacle_proxy,sp4_motion_sota_proxy,none,local_velocity_obstacle_proxy,local_relative_state_neighbors,0,5,False,False,8,18.0,4,0.28,0.35,0.08,0.12,40.0,inf,1.0,0.0,25.154999999999998,27.72,125.47142492421327,15.683928115526658,1.0135459264641575,803.5576862424042,186,0.06940298507462686,226,-0.529055984409165,-0.4722470183550433,4.755181852524226,0.3901474655603651,0.6693677227120797,0.0,2.2420494922588636,18704,157.04800002276897,-122.4544545248554,-21.27090829758125,-101.18354622727415,0.12647943278409268,0.12647943278409268,8,0,True
SP4_DIAG_wrench_market_motion_safety,cluttered_warehouse,cluttered_warehouse_v00,5407,cbf_safety_filter,CBF safety filter,sota,centralized,baseline,cbf_velocity_projection_proxy,sp4_motion_sota_proxy,none,centralized_cbf_velocity_projection_proxy,global_relative_state,0,6,False,False,8,18.0,4,0.28,0.35,0.08,0.12,40.0,inf,1.0,0.0,28.034999999999997,30.599999999999998,145.42728785997775,18.17841098249722,0.8744648510672512,929.3948514766485,50,0.018656716417910446,74,-0.14043164961526555,-0.23164306876852903,4.70868696786081,0.4521992781715728,0.6991173992770611,0.0,5.1220494922588635,18704,149.9730000505224,-10.920071246946659,-21.27090829758125,10.350837050634592,0.0,0.0,8,0,True
SP4_DIAG_wrench_market_motion_safety,cluttered_warehouse,cluttered_warehouse_v00,5407,smith_motion_field,Smith-QR motion field,model_based,decentralized,proposed,smith_qr_congestion_field,sp4_motion_proposed,none,distributed_smith_qr_motion_field,local_congestion_price_neighbors,0,6,False,False,8,18.0,4,0.28,0.35,0.08,0.12,40.0,inf,1.0,0.0,29.189999999999998,36.0,150.31719897580427,18.789649871975534,0.8460179705720816,967.5024051510306,53,0.019776119402985074,68,-0.13171083891612023,-0.34837284648764755,4.757238759242104,0.46740422567103324,0.699117399277061,0.0,6.277049492258864,18704,182.80930002219975,-16.911494393351433,-21.27090829758125,4.359413904229818,0.0,0.0,8,0,True
SP4_DIAG_wrench_market_motion_safety,cluttered_warehouse,cluttered_warehouse_v00,5407,replicator_motion_field,Replicator motion field,model_based,decentralized,baseline,replicator_target_congestion_field,sp4_population_motion_family,none,distributed_replicator_motion_field,local_target_obstacle_neighbor_scores,0,5,False,False,8,18.0,4,0.28,0.35,0.08,0.12,40.0,inf,1.0,0.0,24.57,27.119999999999997,125.21605709577781,15.652007136972227,1.0156129698471221,801.946130629509,199,0.07425373134328359,234,-0.5408669840087252,-0.5378627813508323,4.775716677735824,0.3893534113674682,0.6842425609945705,0.0,1.6570494922588637,18704,101.29210003651679,-133.08794909124683,-21.27090829758125,-111.81704079366557,0.13977130099208196,0.13977130099208196,8,0,True
SP4_DIAG_wrench_market_motion_safety,cluttered_warehouse,cluttered_warehouse_v00,5407,logit_motion_field,Logit motion field,model_based,decentralized,baseline,logit_softmax_motion_field,sp4_population_motion_family,none,distributed_logit_smoothed_motion_field,local_softmax_flow_scores,0,6,False,False,8,18.0,4,0.28,0.35,0.08,0.12,40.0,inf,1.0,0.0,25.71,28.32,125.34533420393623,15.668166775492029,1.0145654996035438,802.6198109619812,201,0.075,235,-0.5419848777923538,-0.49467543011959086,4.724004294537416,0.3897553924251749,0.654492884429589,0.0,2.797049492258864,18704,109.40079996362329,-136.7381716344858,-21.27090829758125,-115.46726333690455,0.1443340791711307,0.1443340791711307,8,0,True
SP4_DIAG_wrench_market_motion_safety,cluttered_warehouse,cluttered_warehouse_v00,5407,bnn_motion_field,BNN/Brown motion field,model_based,decentralized,baseline,brown_bnn_positive_excess_field,sp4_population_motion_family,none,distributed_bnn_positive_excess_motion_field,local_positive_excess_neighbor_scores,0,6,False,False,8,18.0,4,0.28,0.35,0.08,0.12,40.0,inf,1.0,0.0,26.325,29.04,125.5163388190373,15.689542352379663,1.0131832462301031,803.7315097082351,193,0.07201492537313432,230,-0.5348586960276637,-0.45944120925444976,4.698421423564819,0.39028712319352366,0.6396180461470984,0.0,3.412049492258864,18704,123.4158999286592,-130.60673053279294,-21.27090829758125,-109.33582223521168,0.1366697777940146,0.1366697777940146,8,0,True
SP4_DIAG_wrench_market_motion_safety,cluttered_warehouse,cluttered_warehouse_v00,5407,primal_dual_motion_field,Primal-dual motion field,model_based,decentralized,proposed,primal_dual_barrier_motion_field,sp4_motion_proposed,none,distributed_primal_dual_barrier_motion_field,local_barrier_dual_prices,0,7,False,False,8,18.0,4,0.28,0.35,0.08,0.12,40.0,inf,1.0,0.0,30.165,33.36,149.68773121245812,18.710966401557265,0.84957565051935,959.355855858354,70,0.026119402985074626,89,-0.1297988871063478,-0.41349475432010396,4.526159073685868,0.46544692541187255,0.6693677227120797,0.0,7.252049492258864,18704,212.87520008627325,-33.47542658950343,-21.27090829758125,-12.204518291922177,0.015255647864902721,0.015255647864902721,8,0,True
SP4_DIAG_wrench_market_motion_safety,cluttered_warehouse,cluttered_warehouse_v00,5407,pid_safety_motion,PID safety motion,model_based,decentralized,proposed,pid_damped_safety_motion,sp4_motion_proposed,none,distributed_pid_damped_safety_feedback,local_target_error_and_clearance,0,5,False,False,8,18.0,4,0.28,0.35,0.08,0.12,40.0,inf,1.0,0.0,33.224999999999994,39.839999999999996,149.18585019074425,18.64823127384303,0.8524337358871025,959.1999583060348,81,0.030223880597014925,108,-0.12709375105379456,-0.40366817158270163,4.51610870391851,0.463886350095598,0.609868369582117,0.0,10.312049492258863,18704,183.42480005230755,-48.1102000578599,-21.27090829758125,-26.83929176027865,0.03354911470034831,0.03354911470034831,8,0,True
SP4_DIAG_wrench_market_motion_safety,cluttered_warehouse,cluttered_warehouse_v00,5407,tensor_flow_motion_field,Smooth tensor-flow motion,model_based,decentralized,proposed,smooth_tensor_flow_barrier_motion,sp4_motion_proposed,none,distributed_smooth_tensor_flow_motion_field,local_anisotropic_clearance_tensor,0,8,False,False,8,18.0,4,0.28,0.35,0.08,0.12,40.0,inf,1.0,0.0,30.045,34.68,145.92073930889833,18.24009241361229,0.8715077255083147,935.6242002405303,102,0.03805970149253731,146,-0.22132496328989976,-0.2859282254761949,4.593933603658267,0.4537336421296591,0.654492884429589,0.0,7.132049492258864,18704,198.09100008569658,-60.87408823245248,-21.27090829758125,-39.60317993487123,0.04950397491858904,0.04950397491858904,8,0,True
SP4_DIAG_wrench_market_motion_safety,cluttered_warehouse,cluttered_warehouse_v00,5407,reference_time_expanded_cbf,Reference time-expanded CBF,model_based_reference,centralized,reference,time_expanded_safe_cbf_reference,sp4_motion_reference,none,centralized_time_expanded_cbf_reference,global_state_and_release_schedule,0,8,False,False,8,18.0,4,0.28,0.35,0.08,0.12,40.0,inf,1.0,0.0,28.365000000000002,31.08,148.34014323675018,18.542517904593772,0.857293574380775,952.073350191412,60,0.022388059701492536,83,-0.08092905941283873,-0.1502082886822651,4.621767100447683,0.4612566642933781,0.7139922375595518,0.0,5.452049492258864,18704,173.03289996925741,-21.27090829758125,-21.27090829758125,0.0,0.0,0.0,8,0,True
SP4_DIAG_wrench_market_motion_safety,cluttered_warehouse,cluttered_warehouse_v00,5408,direct_to_target,Direct to target,classic,decentralized,baseline,direct_single_integrator,sp4_motion_baseline,none,local_target_feedback,none,0,0,False,False,8,18.0,4,0.28,0.35,0.08,0.12,40.0,inf,1.0,0.0,20.97,21.72,124.40527313140184,15.55065914142523,1.0207193011155975,939.3686595066015,280,0.1044776119402985,334,-0.5346867088269585,-0.7024682104524256,4.920560804265285,0.386832316950876,0.7708609670600783,2.220446049250313e-16,0.0,18704,16.916700056754053,-201.06111534069083,14.363340992054603,-215.42445633274542,0.2692805704159318,0.2692805704159318,8,0,True
SP4_DIAG_wrench_market_motion_safety,cluttered_warehouse,cluttered_warehouse_v00,5408,priority_yield,Priority yield,classic,centralized,baseline,priority_release_yield,sp4_motion_baseline,none,centralized_priority_schedule,global_priority_order,0,2,False,False,8,18.0,4,0.28,0.35,0.08,0.12,40.0,inf,1.0,0.0,23.94,24.84,126.21703286750407,15.77712910843801,1.0060675691772867,952.5413448204495,300,0.11194029850746269,356,-0.5506154966167358,-0.7058224590175644,4.757881331486734,0.3924658982198511,0.709192089695272,0.0,2.5953052432979167,18704,37.61799994390458,-224.25387709696582,14.363340992054603,-238.6172180890204,0.29827152261127554,0.29827152261127554,8,0,True
SP4_DIAG_wrench_market_motion_safety,cluttered_warehouse,cluttered_warehouse_v00,5408,apf_obstacle_avoidance,APF obstacle avoidance,classic,decentralized,baseline,artificial_potential_field,sp4_motion_baseline,none,local_apf_feedback,local_obstacle_robot_neighbors,0,4,False,False,8,18.0,4,0.28,0.35,0.08,0.12,40.0,inf,1.0,0.0,22.994999999999997,23.759999999999998,125.57251657296516,15.696564571620645,1.011231333983777,947.0586424909993,190,0.0708955223880597,238,-0.5397553765833174,-0.35336679261446957,4.8619789649263145,0.39046180526419516,0.709192089695272,0.0,1.650305243297916,18704,83.38239998556674,-124.0377938023056,14.363340992054603,-138.4011347943602,0.17300141849295023,0.17300141849295023,8,0,True
SP4_DIAG_wrench_market_motion_safety,cluttered_warehouse,cluttered_warehouse_v00,5408,velocity_obstacle_proxy,Velocity obstacle proxy,sota,decentralized,baseline,velocity_obstacle_proxy,sp4_motion_sota_proxy,none,local_velocity_obstacle_proxy,local_relative_state_neighbors,0,5,False,False,8,18.0,4,0.28,0.35,0.08,0.12,40.0,inf,1.0,0.0,23.445,24.24,125.26424098641634,15.658030123302042,1.0137199766336311,944.910360795866,214,0.07985074626865672,266,-0.526621943492855,-0.413930283460177,4.832648434627501,0.38950323689806154,0.6937748703540705,0.0,2.100305243297916,18704,101.78950009867549,-146.16102766974637,14.363340992054603,-160.52436866180096,0.2006554608272512,0.2006554608272512,8,0,True
SP4_DIAG_wrench_market_motion_safety,cluttered_warehouse,cluttered_warehouse_v00,5408,cbf_safety_filter,CBF safety filter,sota,centralized,baseline,cbf_velocity_projection_proxy,sp4_motion_sota_proxy,none,centralized_cbf_velocity_projection_proxy,global_relative_state,0,6,False,False,8,18.0,4,0.28,0.35,0.08,0.12,40.0,inf,1.0,0.0,27.974999999999998,32.4,153.13981121557111,19.14247640194639,0.8291956378804,1165.546872510496,62,0.023134328358208955,102,-0.5371892461973024,-0.264709597673498,4.671724097803589,0.47618100502354216,0.7246093090364736,0.0,6.630305243297917,18704,147.9087999323383,-25.628615252232088,14.363340992054603,-39.99195624428669,0.049989945305358365,0.049989945305358365,8,0,True
SP4_DIAG_wrench_market_motion_safety,cluttered_warehouse,cluttered_warehouse_v00,5408,smith_motion_field,Smith-QR motion field,model_based,decentralized,proposed,smith_qr_congestion_field,sp4_motion_proposed,none,distributed_smith_qr_motion_field,local_congestion_price_neighbors,0,6,False,False,8,18.0,4,0.28,0.35,0.08,0.12,40.0,inf,1.0,0.0,28.56,33.0,157.14175314543368,19.64271914317921,0.8080784444873648,1197.9656199529695,51,0.019029850746268655,65,-0.49311731725458746,-0.35510411804906905,4.683060820453956,0.4886248543079405,0.7246093090364735,0.0,7.215305243297916,18704,192.27369991131127,-17.91848368256988,14.363340992054603,-32.28182467462449,0.04035228084328061,0.04035228084328061,8,0,True
SP4_DIAG_wrench_market_motion_safety,cluttered_warehouse,cluttered_warehouse_v00,5408,replicator_motion_field,Replicator motion field,model_based,decentralized,baseline,replicator_target_congestion_field,sp4_population_motion_family,none,distributed_replicator_motion_field,local_target_obstacle_neighbor_scores,0,5,False,False,8,18.0,4,0.28,0.35,0.08,0.12,40.0,inf,1.0,0.0,22.905,23.64,125.00993676739336,15.62624209592417,1.0157821588379585,943.401609283514,233,0.08694029850746268,288,-0.5512969619242414,-0.48313454220123137,4.854393013719964,0.3887124899483626,0.709192089695272,0.0,1.5603052432979165,18704,96.21630003675818,-162.24091859957213,14.363340992054603,-176.60425959162671,0.2207553244895334,0.2207553244895334,8,0,True
SP4_DIAG_wrench_market_motion_safety,cluttered_warehouse,cluttered_warehouse_v00,5408,logit_motion_field,Logit motion field,model_based,decentralized,baseline,logit_softmax_motion_field,sp4_population_motion_family,none,distributed_logit_smoothed_motion_field,local_softmax_flow_scores,0,6,False,False,8,18.0,4,0.28,0.35,0.08,0.12,40.0,inf,1.0,0.0,23.985,24.72,125.21199714760283,15.651499643450354,1.0141429442746541,944.720610795516,224,0.08358208955223881,284,-0.5475287076749816,-0.438824444580956,4.806094955943009,0.3893407871505064,0.6783576510128688,0.0,2.640305243297916,18704,104.32060004677624,-155.96686040580093,14.363340992054603,-170.33020139785555,0.21291275174731944,0.21291275174731944,8,0,True
SP4_DIAG_wrench_market_motion_safety,cluttered_warehouse,cluttered_warehouse_v00,5408,bnn_motion_field,BNN/Brown motion field,model_based,decentralized,baseline,brown_bnn_positive_excess_field,sp4_population_motion_family,none,distributed_bnn_positive_excess_motion_field,local_positive_excess_neighbor_scores,0,6,False,False,8,18.0,4,0.28,0.35,0.08,0.12,40.0,inf,1.0,0.0,24.54,25.32,125.33506885689934,15.666883607112418,1.0131471152001483,945.3919043354688,217,0.08097014925373135,274,-0.5508451127578744,-0.4016324654763087,4.780029280126323,0.38972347281374203,0.6629404316716673,0.0,3.1953052432979168,18704,105.44010007288307,-150.61999240082778,14.363340992054603,-164.9833333928824,0.206229166741103,0.206229166741103,8,0,True
SP4_DIAG_wrench_market_motion_safety,cluttered_warehouse,cluttered_warehouse_v00,5408,primal_dual_motion_field,Primal-dual motion field,model_based,decentralized,proposed,primal_dual_barrier_motion_field,sp4_motion_proposed,none,distributed_primal_dual_barrier_motion_field,local_barrier_dual_prices,0,7,False,False,8,18.0,4,0.28,0.35,0.08,0.12,40.0,inf,1.0,0.0,28.47,30.119999999999997,150.52806619521198,18.816008274401497,0.8435826398055368,1142.668852317493,34,0.012686567164179104,45,-0.1188148630293836,-0.3052689026988964,4.658105735420778,0.46805990732342106,0.6937748703540705,0.0,7.125305243297916,18704,204.13470000494272,-0.5426242801514132,14.363340992054603,-14.905965272206016,0.01863245659025752,0.01863245659025752,8,0,True
SP4_DIAG_wrench_market_motion_safety,cluttered_warehouse,cluttered_warehouse_v00,5408,pid_safety_motion,PID safety motion,model_based,decentralized,proposed,pid_damped_safety_motion,sp4_motion_proposed,none,distributed_pid_damped_safety_feedback,local_target_error_and_clearance,0,5,False,False,8,18.0,4,0.28,0.35,0.08,0.12,40.0,inf,0.875,0.125,31.971428571428564,35.28,157.02833512806515,19.628541891008144,0.8086621012839376,1193.8273061900018,68,0.025373134328358207,83,-0.22491829472218472,-0.33797912449818746,4.470757726543341,0.4882721863434859,0.6321059929892643,0.0,11.630305243297915,18704,175.56929995771497,-62.01502917813404,14.363340992054603,-76.37837017018865,0.09547296271273581,0.09547296271273581,7,1,False
SP4_DIAG_wrench_market_motion_safety,cluttered_warehouse,cluttered_warehouse_v00,5408,tensor_flow_motion_field,Smooth tensor-flow motion,model_based,decentralized,proposed,smooth_tensor_flow_barrier_motion,sp4_motion_proposed,none,distributed_smooth_tensor_flow_motion_field,local_anisotropic_clearance_tensor,0,8,False,False,8,18.0,4,0.28,0.35,0.08,0.12,40.0,inf,1.0,0.0,29.144999999999996,30.84,150.68454518173758,18.835568147717197,0.8427066179390067,1143.5636287900115,36,0.013432835820895522,45,-0.11785451735606939,-0.3025218402906238,4.62694940729338,0.4685464713362488,0.6783576510128688,0.0,7.800305243297917,18704,186.14320002961904,-3.457042198031635,14.363340992054603,-17.82038319008624,0.0222754789876078,0.0222754789876078,8,0,True
SP4_DIAG_wrench_market_motion_safety,cluttered_warehouse,cluttered_warehouse_v00,5408,reference_time_expanded_cbf,Reference time-expanded CBF,model_based_reference,centralized,reference,time_expanded_safe_cbf_reference,sp4_motion_reference,none,centralized_time_expanded_cbf_reference,global_state_and_release_schedule,0,8,False,False,8,18.0,4,0.28,0.35,0.08,0.12,40.0,inf,1.0,0.0,26.61,28.439999999999998,149.57777639418006,18.697222049272508,0.8489420454489408,1134.7578051972043,21,0.007835820895522387,37,-0.08434047880952561,-0.12569186833834411,4.730809890189175,0.4651050261013059,0.7400265283776752,0.0,5.265305243297916,18704,155.8663999894634,14.363340992054603,14.363340992054603,0.0,0.0,0.0,8,0,True
SP4_DIAG_wrench_market_motion_safety,cluttered_warehouse,cluttered_warehouse_v00,5409,direct_to_target,Direct to target,classic,decentralized,baseline,direct_single_integrator,sp4_motion_baseline,none,local_target_feedback,none,0,0,False,False,8,18.0,4,0.28,0.35,0.08,0.12,40.0,inf,1.0,0.0,21.84,23.4,124.20643312204567,15.525804140255708,1.0213466795074257,853.1199744909733,252,0.09402985074626866,299,-0.5493554074684305,-0.7677115326562755,4.9195336118784745,0.38621403333969406,0.8263652729877984,2.220446049250313e-16,0.0,18704,16.113099991343915,-176.47225682280455,-10.265046013274572,-166.20721080952998,0.20775901351191248,0.20775901351191248,8,0,True
SP4_DIAG_wrench_market_motion_safety,cluttered_warehouse,cluttered_warehouse_v00,5409,priority_yield,Priority yield,classic,centralized,baseline,priority_release_yield,sp4_motion_baseline,none,centralized_priority_schedule,global_priority_order,0,2,False,False,8,18.0,4,0.28,0.35,0.08,0.12,40.0,inf,1.0,0.0,24.81,26.279999999999998,125.43203713135303,15.679004641419128,1.0113670394256322,861.4053869002552,218,0.08134328358208955,268,-0.49525235916783406,-0.96391995009624,4.7856166100739985,0.390024991080078,0.7602560511487746,0.0,2.548840382047159,18704,37.07100008614361,-151.12898263491513,-10.265046013274572,-140.86393662164056,0.1760799207770507,0.1760799207770507,8,0,True
SP4_DIAG_wrench_market_motion_safety,cluttered_warehouse,cluttered_warehouse_v00,5409,apf_obstacle_avoidance,APF obstacle avoidance,classic,decentralized,baseline,artificial_potential_field,sp4_motion_baseline,none,local_apf_feedback,local_obstacle_robot_neighbors,0,4,False,False,8,18.0,4,0.28,0.35,0.08,0.12,40.0,inf,1.0,0.0,23.955,25.8,125.33301258046555,15.666626572558194,1.0121661119508953,860.9652004094224,197,0.07350746268656716,253,-0.5317222331506456,-0.51736433986811,4.85403042944502,0.389717078919358,0.7602560511487746,0.0,1.6938403820471595,18704,79.99949995428324,-130.92882521955784,-10.265046013274572,-120.66377920628327,0.15082972400785408,0.15082972400785408,8,0,True
SP4_DIAG_wrench_market_motion_safety,cluttered_warehouse,cluttered_warehouse_v00,5409,velocity_obstacle_proxy,Velocity obstacle proxy,sota,decentralized,baseline,velocity_obstacle_proxy,sp4_motion_sota_proxy,none,local_velocity_obstacle_proxy,local_relative_state_neighbors,0,5,False,False,8,18.0,4,0.28,0.35,0.08,0.12,40.0,inf,1.0,0.0,24.419999999999998,26.279999999999998,125.00960670588023,15.626200838235029,1.014784634441181,858.6351589926152,231,0.08619402985074627,275,-0.5445817739099738,-0.5799673979553156,4.823864495827911,0.38871146363768716,0.7437287456890185,0.0,2.158840382047159,18704,102.50570008065552,-162.02613670701083,-10.265046013274572,-151.76109069373626,0.18970136336717033,0.18970136336717033,8,0,True
SP4_DIAG_wrench_market_motion_safety,cluttered_warehouse,cluttered_warehouse_v00,5409,cbf_safety_filter,CBF safety filter,sota,centralized,baseline,cbf_velocity_projection_proxy,sp4_motion_sota_proxy,none,centralized_cbf_velocity_projection_proxy,global_relative_state,0,6,False,False,8,18.0,4,0.28,0.35,0.08,0.12,40.0,inf,1.0,0.0,28.365000000000002,33.6,150.28089238562833,18.785111548203542,0.8441381071729259,1027.0314599991236,31,0.011567164179104477,64,-0.20419332421364988,-0.3891362376196241,4.803403238167833,0.46729133204486434,0.7767833566085304,0.0,6.103840382047159,18704,149.62599996943027,3.5226950453197805,-10.265046013274572,13.787741058594353,0.0,0.0,8,0,True
SP4_DIAG_wrench_market_motion_safety,cluttered_warehouse,cluttered_warehouse_v00,5409,smith_motion_field,Smith-QR motion field,model_based,decentralized,proposed,smith_qr_congestion_field,sp4_motion_proposed,none,distributed_smith_qr_motion_field,local_congestion_price_neighbors,0,6,False,False,8,18.0,4,0.28,0.35,0.08,0.12,40.0,inf,1.0,0.0,28.485,32.519999999999996,151.3981718685798,18.924771483572474,0.8379085855328596,1039.5885662928488,18,0.006716417910447761,48,0.0057967096069013735,-0.5154546225972458,4.862760678160779,0.47076545979036016,0.7767833566085305,0.0,6.2238403820471575,18704,181.83560005854815,14.601113540909328,-10.265046013274572,24.866159554183902,0.0,0.0,8,0,True
SP4_DIAG_wrench_market_motion_safety,cluttered_warehouse,cluttered_warehouse_v00,5409,replicator_motion_field,Replicator motion field,model_based,decentralized,baseline,replicator_target_congestion_field,sp4_population_motion_family,none,distributed_replicator_motion_field,local_target_obstacle_neighbor_scores,0,5,False,False,8,18.0,4,0.28,0.35,0.08,0.12,40.0,inf,1.0,0.0,23.88,25.68,124.86284251526479,15.607855314408098,1.0159774155962675,857.5776427715389,242,0.09029850746268657,281,-0.5323727598051928,-0.6369444702515381,4.8490229029945,0.38825510732358454,0.7602560511487746,0.0,1.6188403820471589,18704,105.27429997455329,-170.97001969152143,-10.265046013274572,-160.70497367824686,0.20088121709780857,0.20088121709780857,8,0,True
SP4_DIAG_wrench_market_motion_safety,cluttered_warehouse,cluttered_warehouse_v00,5409,logit_motion_field,Logit motion field,model_based,decentralized,baseline,logit_softmax_motion_field,sp4_population_motion_family,none,distributed_logit_smoothed_motion_field,local_softmax_flow_scores,0,6,False,False,8,18.0,4,0.28,0.35,0.08,0.12,40.0,inf,1.0,0.0,24.974999999999998,26.88,124.94951816731256,15.61868977091407,1.0152726469324564,858.1424589237936,241,0.08992537313432836,286,-0.5507054726809925,-0.6007885450908024,4.796349610592855,0.388524621167017,0.7272014402292626,0.0,2.7138403820471586,18704,106.25090007670224,-171.8512141084348,-10.265046013274572,-161.58616809516022,0.20198271011895028,0.20198271011895028,8,0,True
SP4_DIAG_wrench_market_motion_safety,cluttered_warehouse,cluttered_warehouse_v00,5409,bnn_motion_field,BNN/Brown motion field,model_based,decentralized,baseline,brown_bnn_positive_excess_field,sp4_population_motion_family,none,distributed_bnn_positive_excess_motion_field,local_positive_excess_neighbor_scores,0,6,False,False,8,18.0,4,0.28,0.35,0.08,0.12,40.0,inf,1.0,0.0,25.59,27.599999999999998,125.16794583502312,15.64599322937789,1.0135009182771657,859.6812346882544,236,0.0880597014925373,284,-0.5420864121769755,-0.5688080075954235,4.773578108731481,0.38920381167606727,0.7106741347695065,0.0,3.3288403820471584,18704,120.10439997538924,-168.42104401267716,-10.265046013274572,-158.1559979994026,0.19769499749925323,0.19769499749925323,8,0,True
SP4_DIAG_wrench_market_motion_safety,cluttered_warehouse,cluttered_warehouse_v00,5409,primal_dual_motion_field,Primal-dual motion field,model_based,decentralized,proposed,primal_dual_barrier_motion_field,sp4_motion_proposed,none,distributed_primal_dual_barrier_motion_field,local_barrier_dual_prices,0,7,False,False,8,18.0,4,0.28,0.35,0.08,0.12,40.0,inf,1.0,0.0,29.625,34.199999999999996,150.46124334607575,18.80765541825947,0.8431262777144338,1031.2768360548098,17,0.006343283582089552,40,0.020430499916846423,-0.4308606281742177,4.620398968657791,0.46785212483232447,0.7437287456890185,0.0,7.363840382047158,18704,189.2812999431044,13.961877506300304,-10.265046013274572,24.226923519574875,0.0,0.0,8,0,True
SP4_DIAG_wrench_market_motion_safety,cluttered_warehouse,cluttered_warehouse_v00,5409,pid_safety_motion,PID safety motion,model_based,decentralized,proposed,pid_damped_safety_motion,sp4_motion_proposed,none,distributed_pid_damped_safety_feedback,local_target_error_and_clearance,0,5,False,False,8,18.0,4,0.28,0.35,0.08,0.12,40.0,inf,1.0,0.0,33.029999999999994,37.199999999999996,152.5174971027298,19.064687137841226,0.8317591781434495,1046.346204967086,57,0.02126865671641791,106,-0.49402390738675694,-0.3002161450003201,4.636780311222173,0.4742459487025178,0.6776195238499947,0.0,10.768840382047157,18704,181.33549997583032,-27.910087531674407,-10.265046013274572,-17.645041518399836,0.022056301897999796,0.022056301897999796,8,0,True
SP4_DIAG_wrench_market_motion_safety,cluttered_warehouse,cluttered_warehouse_v00,5409,tensor_flow_motion_field,Smooth tensor-flow motion,model_based,decentralized,proposed,smooth_tensor_flow_barrier_motion,sp4_motion_proposed,none,distributed_smooth_tensor_flow_motion_field,local_anisotropic_clearance_tensor,0,8,False,False,8,18.0,4,0.28,0.35,0.08,0.12,40.0,inf,1.0,0.0,31.38,36.6,155.3726153987351,19.421576924841887,0.8164748190477795,1060.2677968527585,42,0.015671641791044775,66,-0.3489818729812356,-0.43178822766501485,4.576158209991965,0.483123804100545,0.7272014402292625,0.0,9.118840382047159,18704,210.57819994166493,-12.604593654756767,-10.265046013274572,-2.339547641482195,0.0029244345518527437,0.0029244345518527437,8,0,True
SP4_DIAG_wrench_market_motion_safety,cluttered_warehouse,cluttered_warehouse_v00,5409,reference_time_expanded_cbf,Reference time-expanded CBF,model_based_reference,centralized,reference,time_expanded_safe_cbf_reference,sp4_motion_reference,none,centralized_time_expanded_cbf_reference,global_state_and_release_schedule,0,8,False,False,8,18.0,4,0.28,0.35,0.08,0.12,40.0,inf,1.0,0.0,27.75,31.2,148.66675843006968,18.58334480375871,0.8533032493765864,1017.3284531793572,48,0.01791044776119403,83,-0.0383626958525749,-0.4091988124849974,4.687215701880367,0.46227225879996825,0.7933106620682863,0.0,5.488840382047159,18704,166.10979998949915,-10.265046013274572,-10.265046013274572,0.0,0.0,0.0,8,0,True
SP4_DIAG_wrench_market_motion_safety,cluttered_warehouse,cluttered_warehouse_v00,5410,direct_to_target,Direct to target,classic,decentralized,baseline,direct_single_integrator,sp4_motion_baseline,none,local_target_feedback,none,0,0,False,False,8,18.0,4,0.28,0.35,0.08,0.12,40.0,inf,1.0,0.0,22.68,23.759999999999998,125.08866617877086,15.636083272346358,1.020102040146909,1007.5513441395752,226,0.08432835820895522,261,-0.5173202900093311,-0.6635918169331346,4.853220953714177,0.3889572953319994,0.7501437029290955,1.1102230246251565e-16,0.0,18704,19.220199901610613,-156.27107970221786,9.295184817240614,-165.56626451945849,0.2069578306493231,0.2069578306493231,8,0,True
SP4_DIAG_wrench_market_motion_safety,cluttered_warehouse,cluttered_warehouse_v00,5410,priority_yield,Priority yield,classic,centralized,baseline,priority_release_yield,sp4_motion_baseline,none,centralized_priority_schedule,global_priority_order,0,2,False,False,8,18.0,4,0.28,0.35,0.08,0.12,40.0,inf,1.0,0.0,25.575,27.36,125.61969162700505,15.702461453375632,1.0157898169906696,1011.8251370458435,184,0.06865671641791045,220,-0.5138915534638385,-0.7292631424708291,4.755474116621848,0.3906084938650656,0.6901322066947679,0.0,2.4884597237238384,18704,36.67549998499453,-123.45070293138463,9.295184817240614,-132.74588774862525,0.16593235968578157,0.16593235968578157,8,0,True
SP4_DIAG_wrench_market_motion_safety,cluttered_warehouse,cluttered_warehouse_v00,5410,apf_obstacle_avoidance,APF obstacle avoidance,classic,decentralized,baseline,artificial_potential_field,sp4_motion_baseline,none,local_apf_feedback,local_obstacle_robot_neighbors,0,4,False,False,8,18.0,4,0.28,0.35,0.08,0.12,40.0,inf,1.0,0.0,24.825,26.04,126.03584108121892,15.754480135152365,1.0124358474030484,1015.1380677498282,179,0.0667910447761194,218,-0.5279796702371279,-0.363625332904828,4.784633982365605,0.39190249092418844,0.6901322066947679,0.0,1.738459723723838,18704,80.56060003582388,-117.897773178053,9.295184817240614,-127.19295799529361,0.15899119749411703,0.15899119749411703,8,0,True
SP4_DIAG_wrench_market_motion_safety,cluttered_warehouse,cluttered_warehouse_v00,5410,velocity_obstacle_proxy,Velocity obstacle proxy,sota,decentralized,baseline,velocity_obstacle_proxy,sp4_motion_sota_proxy,none,local_velocity_obstacle_proxy,local_relative_state_neighbors,0,5,False,False,8,18.0,4,0.28,0.35,0.08,0.12,40.0,inf,1.0,0.0,25.335,26.52,125.80977809568125,15.726222261960157,1.014255056321414,1013.1398257514534,200,0.07462686567164178,236,-0.5252177778147066,-0.42787366927317905,4.755940761099396,0.3911995587552278,0.675129332636186,0.0,2.2484597237238377,18704,105.51150003448129,-137.45002705050473,9.295184817240614,-146.74521186774535,0.1834315148346817,0.1834315148346817,8,0,True
SP4_DIAG_wrench_market_motion_safety,cluttered_warehouse,cluttered_warehouse_v00,5410,cbf_safety_filter,CBF safety filter,sota,centralized,baseline,cbf_velocity_projection_proxy,sp4_motion_sota_proxy,none,centralized_cbf_velocity_projection_proxy,global_relative_state,0,6,False,False,8,18.0,4,0.28,0.35,0.08,0.12,40.0,inf,1.0,0.0,28.665,33.12,148.0241875573983,18.50302344467479,0.8620429246993165,1196.7885804912985,35,0.013059701492537313,60,-0.06858656506677524,-0.11743250962812146,4.600935107018705,0.46027421504166116,0.7051350807533499,0.0,5.578459723723837,18704,158.05759991053492,-1.7404906496301713,9.295184817240614,-11.035675466870785,0.013794594333588482,0.013794594333588482,8,0,True
SP4_DIAG_wrench_market_motion_safety,cluttered_warehouse,cluttered_warehouse_v00,5410,smith_motion_field,Smith-QR motion field,model_based,decentralized,proposed,smith_qr_congestion_field,sp4_motion_proposed,none,distributed_smith_qr_motion_field,local_congestion_price_neighbors,0,6,False,False,8,18.0,4,0.28,0.35,0.08,0.12,40.0,inf,1.0,0.0,29.07,33.6,149.99973921723944,18.74996740215493,0.8506895027558448,1214.252423593707,59,0.022014925373134327,85,-0.12333522673502129,-0.2506445883402576,4.624462180389563,0.4664170995560925,0.7051350807533499,0.0,5.983459723723838,18704,189.6903000306338,-24.49028775925212,9.295184817240614,-33.78547257649274,0.04223184072061592,0.04223184072061592,8,0,True
SP4_DIAG_wrench_market_motion_safety,cluttered_warehouse,cluttered_warehouse_v00,5410,replicator_motion_field,Replicator motion field,model_based,decentralized,baseline,replicator_target_congestion_field,sp4_population_motion_family,none,distributed_replicator_motion_field,local_target_obstacle_neighbor_scores,0,5,False,False,8,18.0,4,0.28,0.35,0.08,0.12,40.0,inf,1.0,0.0,24.72,25.919999999999998,125.48007712840729,15.685009641050911,1.016920028170208,1010.4906334417632,208,0.07761194029850746,246,-0.532275537353608,-0.492636811308708,4.773869954741673,0.39017436918037135,0.6901322066947679,0.0,1.633459723723838,18704,102.34250000212342,-143.5311800190851,9.295184817240614,-152.82636483632572,0.19103295604540715,0.19103295604540715,8,0,True
SP4_DIAG_wrench_market_motion_safety,cluttered_warehouse,cluttered_warehouse_v00,5410,logit_motion_field,Logit motion field,model_based,decentralized,baseline,logit_softmax_motion_field,sp4_population_motion_family,none,distributed_logit_smoothed_motion_field,local_softmax_flow_scores,0,6,False,False,8,18.0,4,0.28,0.35,0.08,0.12,40.0,inf,1.0,0.0,25.89,27.119999999999997,125.67656316007177,15.70957039500897,1.0153301487541009,1012.0024947064859,208,0.07761194029850746,244,-0.5294326920210294,-0.45068669407725215,4.723361660710836,0.390785333209178,0.6601264585776042,0.0,2.8034597237238374,18704,106.92279995419085,-145.46152555869853,9.295184817240614,-154.75671037593915,0.19344588796992393,0.19344588796992393,8,0,True
SP4_DIAG_wrench_market_motion_safety,cluttered_warehouse,cluttered_warehouse_v00,5410,bnn_motion_field,BNN/Brown motion field,model_based,decentralized,baseline,brown_bnn_positive_excess_field,sp4_population_motion_family,none,distributed_bnn_positive_excess_motion_field,local_positive_excess_neighbor_scores,0,6,False,False,8,18.0,4,0.28,0.35,0.08,0.12,40.0,inf,1.0,0.0,26.52,27.84,125.86695204037949,15.733369005047436,1.0137943399732388,1013.5909952094933,205,0.07649253731343283,246,-0.5299843519138652,-0.414648699304617,4.698608765681983,0.39137733843401595,0.6451235845190221,0.0,3.4334597237238382,18704,112.2283999575302,-143.84072895321722,9.295184817240614,-153.13591377045785,0.19141989221307232,0.19141989221307232,8,0,True
SP4_DIAG_wrench_market_motion_safety,cluttered_warehouse,cluttered_warehouse_v00,5410,primal_dual_motion_field,Primal-dual motion field,model_based,decentralized,proposed,primal_dual_barrier_motion_field,sp4_motion_proposed,none,distributed_primal_dual_barrier_motion_field,local_barrier_dual_prices,0,7,False,False,8,18.0,4,0.28,0.35,0.08,0.12,40.0,inf,1.0,0.0,30.09,34.8,148.80075084947507,18.600093856184383,0.857544083882356,1203.5821942707896,54,0.020149253731343283,80,-0.046539261897058815,-0.21190446131614127,4.553673905648553,0.4626889018951343,0.6751293326361861,0.0,7.003459723723838,18704,208.31449993420392,-21.274196084816303,9.295184817240614,-30.569380902056917,0.03821172612757115,0.03821172612757115,8,0,True
SP4_DIAG_wrench_market_motion_safety,cluttered_warehouse,cluttered_warehouse_v00,5410,pid_safety_motion,PID safety motion,model_based,decentralized,proposed,pid_damped_safety_motion,sp4_motion_proposed,none,distributed_pid_damped_safety_feedback,local_target_error_and_clearance,0,5,False,False,8,18.0,4,0.28,0.35,0.08,0.12,40.0,inf,0.875,0.125,32.89714285714285,39.12,151.83471377501672,18.97933922187709,0.840408628538647,1231.8212230229367,61,0.022761194029850745,86,-0.039201251128883174,-0.23328231717880266,4.403052433841884,0.4721228662158476,0.6151178364018582,0.0,10.698459723723836,18704,194.25719999708235,-56.27971493237483,9.295184817240614,-65.57489974961544,0.0819686246870193,0.0819686246870193,7,1,False
SP4_DIAG_wrench_market_motion_safety,cluttered_warehouse,cluttered_warehouse_v00,5410,tensor_flow_motion_field,Smooth tensor-flow motion,model_based,decentralized,proposed,smooth_tensor_flow_barrier_motion,sp4_motion_proposed,none,distributed_smooth_tensor_flow_motion_field,local_anisotropic_clearance_tensor,0,8,False,False,8,18.0,4,0.28,0.35,0.08,0.12,40.0,inf,0.875,0.125,29.811428571428568,33.48,150.4215817648534,18.802697720606677,0.8483038276229242,1222.9074262987697,39,0.014552238805970149,64,-0.03999381995283413,-0.18004834140644022,4.5985580017273175,0.4677287990200664,0.6601264585776042,0.0,7.998459723723838,18704,214.59839993622154,-31.858195385583798,9.295184817240614,-41.15338020282441,0.05144172525353051,0.05144172525353051,7,1,False
SP4_DIAG_wrench_market_motion_safety,cluttered_warehouse,cluttered_warehouse_v00,5410,reference_time_expanded_cbf,Reference time-expanded CBF,model_based_reference,centralized,reference,time_expanded_safe_cbf_reference,sp4_motion_reference,none,centralized_time_expanded_cbf_reference,global_state_and_release_schedule,0,8,False,False,8,18.0,4,0.28,0.35,0.08,0.12,40.0,inf,1.0,0.0,28.155,31.799999999999997,146.66363525698586,18.332954407123232,0.8700398251047841,1189.8278112789665,24,0.008955223880597015,41,-0.03031799564373039,-0.15537101551965227,4.729860071463747,0.45604364196824,0.7201379548119317,0.0,5.068459723723837,18704,160.99809994921088,9.295184817240614,9.295184817240614,0.0,0.0,0.0,8,0,True
SP4_DIAG_wrench_market_motion_safety,cluttered_warehouse,cluttered_warehouse_v00,5411,direct_to_target,Direct to target,classic,decentralized,baseline,direct_single_integrator,sp4_motion_baseline,none,local_target_feedback,none,0,0,False,False,8,18.0,4,0.28,0.35,0.08,0.12,40.0,inf,1.0,0.0,21.375,22.08,124.50006046941401,15.562507558676751,1.0201123686981226,867.5230710570048,312,0.11641791044776119,357,-0.5231870674636102,-0.6554390133445034,4.8998064656792675,0.387127053698427,0.7555669191494271,2.220446049250313e-16,0.0,18704,17.97779998742044,-229.66822908846794,-57.68291891380157,-171.98531017466638,0.21498163771833298,0.21498163771833298,8,0,True
SP4_DIAG_wrench_market_motion_safety,cluttered_warehouse,cluttered_warehouse_v00,5411,priority_yield,Priority yield,classic,centralized,baseline,priority_release_yield,sp4_motion_baseline,none,centralized_priority_schedule,global_priority_order,0,2,False,False,8,18.0,4,0.28,0.35,0.08,0.12,40.0,inf,1.0,0.0,24.435,25.439999999999998,126.57876725430145,15.822345906787682,1.0033598394378225,882.9380329220434,268,0.1,312,-0.5528508572820849,-0.8194723564981721,4.747012425410892,0.3935906941986986,0.695121565617473,0.0,2.6929987056057096,18704,37.436499958857894,-195.77270912516676,-57.68291891380157,-138.0897902113652,0.1726122377642065,0.1726122377642065,8,0,True
SP4_DIAG_wrench_market_motion_safety,cluttered_warehouse,cluttered_warehouse_v00,5411,apf_obstacle_avoidance,APF obstacle avoidance,classic,decentralized,baseline,artificial_potential_field,sp4_motion_baseline,none,local_apf_feedback,local_obstacle_robot_neighbors,0,4,False,False,8,18.0,4,0.28,0.35,0.08,0.12,40.0,inf,1.0,0.0,23.385,24.24,125.43850298416834,15.679812873021042,1.0124806065689629,873.9308226163283,262,0.09776119402985074,314,-0.5452427457338449,-0.37063497916209664,4.825940490183865,0.390045096343807,0.695121565617473,0.0,1.6429987056057098,18704,76.45159994717687,-188.37864455432208,-57.68291891380157,-130.6957256405205,0.16336965705065062,0.16336965705065062,8,0,True
SP4_DIAG_wrench_market_motion_safety,cluttered_warehouse,cluttered_warehouse_v00,5411,velocity_obstacle_proxy,Velocity obstacle proxy,sota,decentralized,baseline,velocity_obstacle_proxy,sp4_motion_sota_proxy,none,local_velocity_obstacle_proxy,local_relative_state_neighbors,0,5,False,False,8,18.0,4,0.28,0.35,0.08,0.12,40.0,inf,1.0,0.0,23.88,24.72,125.26515492770407,15.65814436596301,1.0138817268203033,872.750155759596,286,0.10671641791044777,335,-0.5477234542097433,-0.4348059063178811,4.801854221010231,0.38950607875529863,0.6800102272344845,0.0,2.1379987056057095,18704,104.7264999942854,-210.6132386267655,-57.68291891380157,-152.93031971296392,0.1911628996412049,0.1911628996412049,8,0,True
SP4_DIAG_wrench_market_motion_safety,cluttered_warehouse,cluttered_warehouse_v00,5411,cbf_safety_filter,CBF safety filter,sota,centralized,baseline,cbf_velocity_projection_proxy,sp4_motion_sota_proxy,none,centralized_cbf_velocity_projection_proxy,global_relative_state,0,6,False,False,8,18.0,4,0.28,0.35,0.08,0.12,40.0,inf,1.0,0.0,28.455,30.48,154.4921286489664,19.3115160811208,0.8220745788097025,1080.0583159812884,106,0.03955223880597015,123,-0.20803197494029263,-0.7113450076806334,4.809133831537287,0.48038597216718393,0.7102329040004616,0.0,6.71299870560571,18704,152.27439999580383,-65.24222459691384,-57.68291891380157,-7.559305683112271,0.009449132103890338,0.009449132103890338,8,0,True
SP4_DIAG_wrench_market_motion_safety,cluttered_warehouse,cluttered_warehouse_v00,5411,smith_motion_field,Smith-QR motion field,model_based,decentralized,proposed,smith_qr_congestion_field,sp4_motion_proposed,none,distributed_smith_qr_motion_field,local_congestion_price_neighbors,0,6,False,False,8,18.0,4,0.28,0.35,0.08,0.12,40.0,inf,1.0,0.0,29.52,34.32,160.0084190724972,20.00105238406215,0.7937335568009704,1112.7394094431245,67,0.025,75,-0.419398262019289,-0.4318502268936433,4.813490009666864,0.49753861651895903,0.7102329040004615,0.0,7.777998705605709,18704,197.99619994591922,-33.56124629038063,-57.68291891380157,24.12167262342094,0.0,0.0,8,0,True
SP4_DIAG_wrench_market_motion_safety,cluttered_warehouse,cluttered_warehouse_v00,5411,replicator_motion_field,Replicator motion field,model_based,decentralized,baseline,replicator_target_congestion_field,sp4_population_motion_family,none,distributed_replicator_motion_field,local_target_obstacle_neighbor_scores,0,5,False,False,8,18.0,4,0.28,0.35,0.08,0.12,40.0,inf,1.0,0.0,23.325,24.119999999999997,125.00855539776214,15.626069424720267,1.0159628769759146,870.914578033824,292,0.10895522388059702,342,-0.548635891642311,-0.4926191731901236,4.823203642494306,0.38870819464478273,0.695121565617473,0.0,1.5829987056057098,18704,102.40129998419434,-215.02356528127874,-57.68291891380157,-157.34064636747718,0.19667580795934647,0.19667580795934647,8,0,True
SP4_DIAG_wrench_market_motion_safety,cluttered_warehouse,cluttered_warehouse_v00,5411,logit_motion_field,Logit motion field,model_based,decentralized,baseline,logit_softmax_motion_field,sp4_population_motion_family,none,distributed_logit_smoothed_motion_field,local_softmax_flow_scores,0,6,False,False,8,18.0,4,0.28,0.35,0.08,0.12,40.0,inf,1.0,0.0,24.389999999999997,25.2,125.07676131496123,15.634595164370154,1.0154088597537234,871.2641753874558,299,0.11156716417910448,349,-0.5419003071654915,-0.4555414651766899,4.769318368822025,0.38892027772065024,0.6648988888514958,0.0,2.6479987056057097,18704,105.16279994044453,-223.01472327301676,-57.68291891380157,-165.3318043592152,0.206664755449019,0.206664755449019,8,0,True
SP4_DIAG_wrench_market_motion_safety,cluttered_warehouse,cluttered_warehouse_v00,5411,bnn_motion_field,BNN/Brown motion field,model_based,decentralized,baseline,brown_bnn_positive_excess_field,sp4_population_motion_family,none,distributed_bnn_positive_excess_motion_field,local_positive_excess_neighbor_scores,0,6,False,False,8,18.0,4,0.28,0.35,0.08,0.12,40.0,inf,1.0,0.0,24.975,25.8,125.25199256167937,15.656499070209922,1.0139882726893248,872.553536040731,296,0.11044776119402985,354,-0.5464167608275936,-0.42628389208972317,4.745047168717515,0.3894651510002467,0.6497875504685073,0.0,3.23299870560571,18704,111.92130006384104,-221.31560058964843,-57.68291891380157,-163.63268167584687,0.20454085209480857,0.20454085209480857,8,0,True
SP4_DIAG_wrench_market_motion_safety,cluttered_warehouse,cluttered_warehouse_v00,5411,primal_dual_motion_field,Primal-dual motion field,model_based,decentralized,proposed,primal_dual_barrier_motion_field,sp4_motion_proposed,none,distributed_primal_dual_barrier_motion_field,local_barrier_dual_prices,0,7,False,False,8,18.0,4,0.28,0.35,0.08,0.12,40.0,inf,1.0,0.0,30.044999999999998,31.439999999999998,154.8703159403906,19.358789492548826,0.8200671046438436,1081.241626352101,119,0.044402985074626866,134,-0.19078127863498218,-0.744727021869259,4.788876794272159,0.4815619276753442,0.6800102272344845,0.0,8.30299870560571,18704,197.3519999301061,-79.52304994951143,-57.68291891380157,-21.84013103570986,0.027300163794637324,0.027300163794637324,8,0,True
SP4_DIAG_wrench_market_motion_safety,cluttered_warehouse,cluttered_warehouse_v00,5411,pid_safety_motion,PID safety motion,model_based,decentralized,proposed,pid_damped_safety_motion,sp4_motion_proposed,none,distributed_pid_damped_safety_feedback,local_target_error_and_clearance,0,5,False,False,8,18.0,4,0.28,0.35,0.08,0.12,40.0,inf,1.0,0.0,33.195,36.0,156.90719174378657,19.61339896797332,0.809421481431508,1092.4269315653125,78,0.029104477611940297,94,-0.5439471740300068,-0.41231227042812435,4.640711069582605,0.4878954967157548,0.6195648737025302,0.0,11.452998705605712,18704,197.10160000249743,-48.406597767942884,-57.68291891380157,9.276321145858688,0.0,0.0,8,0,True
SP4_DIAG_wrench_market_motion_safety,cluttered_warehouse,cluttered_warehouse_v00,5411,tensor_flow_motion_field,Smooth tensor-flow motion,model_based,decentralized,proposed,smooth_tensor_flow_barrier_motion,sp4_motion_proposed,none,distributed_smooth_tensor_flow_motion_field,local_anisotropic_clearance_tensor,0,8,False,False,8,18.0,4,0.28,0.35,0.08,0.12,40.0,inf,1.0,0.0,30.54,32.519999999999996,155.542234746114,19.44277934326425,0.8165245394334059,1086.2848260136184,121,0.045149253731343285,137,-0.18129896968237175,-0.7429639901704727,4.75959239476057,0.4836512274443842,0.6648988888514958,0.0,8.797998705605709,18704,209.93060001637787,-82.30434885950515,-57.68291891380157,-24.621429945703582,0.030776787432129478,0.030776787432129478,8,0,True
SP4_DIAG_wrench_market_motion_safety,cluttered_warehouse,cluttered_warehouse_v00,5411,reference_time_expanded_cbf,Reference time-expanded CBF,model_based_reference,centralized,reference,time_expanded_safe_cbf_reference,sp4_motion_reference,none,centralized_time_expanded_cbf_reference,global_state_and_release_schedule,0,8,False,False,8,18.0,4,0.28,0.35,0.08,0.12,40.0,inf,1.0,0.0,27.869999999999997,29.4,153.34690663261293,19.168363329076616,0.8282139782107801,1069.788303671628,99,0.036940298507462686,115,-0.15978607915280324,-0.5382381956638449,4.832107341370619,0.47682495843474115,0.7253442423834501,0.0,6.127998705605709,18704,180.8661000104621,-57.68291891380157,-57.68291891380157,0.0,0.0,0.0,8,0,True
SP4_DIAG_wrench_market_motion_safety,cluttered_warehouse,cluttered_warehouse_v00,5412,direct_to_target,Direct to target,classic,decentralized,baseline,direct_single_integrator,sp4_motion_baseline,none,local_target_feedback,none,0,0,False,False,8,18.0,4,0.28,0.35,0.08,0.12,40.0,inf,1.0,0.0,21.945,23.88,124.34946237983412,15.543682797479265,1.020713219152203,836.1844954486882,257,0.0958955223880597,315,-0.5055530446443716,-0.7296009695203897,4.880167369468797,0.38665877605669813,0.7438511322832017,2.220446049250313e-16,0.0,18704,16.547200037166476,-180.97998040939368,-58.394748660124364,-122.58523174926931,0.15323153968658665,0.15323153968658665,8,0,True
SP4_DIAG_wrench_market_motion_safety,cluttered_warehouse,cluttered_warehouse_v00,5412,priority_yield,Priority yield,classic,centralized,baseline,priority_release_yield,sp4_motion_baseline,none,centralized_priority_schedule,global_priority_order,0,2,False,False,8,18.0,4,0.28,0.35,0.08,0.12,40.0,inf,1.0,0.0,24.96,26.279999999999998,125.85306965650616,15.73163370706327,1.0085184286087427,847.0750152310826,285,0.10634328358208955,343,-0.5030527844449975,-0.6579637795788764,4.737379564339836,0.39133417181749336,0.6843430417005455,0.0,2.6106977504174607,18704,33.8767000939697,-211.3183060737571,-58.394748660124364,-152.92355741363275,0.19115444676704094,0.19115444676704094,8,0,True
SP4_DIAG_wrench_market_motion_safety,cluttered_warehouse,cluttered_warehouse_v00,5412,apf_obstacle_avoidance,APF obstacle avoidance,classic,decentralized,baseline,artificial_potential_field,sp4_motion_baseline,none,local_apf_feedback,local_obstacle_robot_neighbors,0,4,False,False,8,18.0,4,0.28,0.35,0.08,0.12,40.0,inf,1.0,0.0,24.075000000000003,26.16,125.53965526273294,15.692456907841617,1.0110362321764683,843.9186236897567,179,0.0667910447761194,226,-0.4969139969854812,-0.3383801800598023,4.821127457580493,0.39035962457317414,0.6843430417005455,0.0,1.7256977504174613,18704,78.90239998232573,-114.87641785738538,-58.394748660124364,-56.48166919726101,0.07060208649657626,0.07060208649657626,8,0,True
SP4_DIAG_wrench_market_motion_safety,cluttered_warehouse,cluttered_warehouse_v00,5412,velocity_obstacle_proxy,Velocity obstacle proxy,sota,decentralized,baseline,velocity_obstacle_proxy,sp4_motion_sota_proxy,none,local_velocity_obstacle_proxy,local_relative_state_neighbors,0,5,False,False,8,18.0,4,0.28,0.35,0.08,0.12,40.0,inf,1.0,0.0,24.54,26.64,125.2126094987218,15.651576187340225,1.0136769815252666,841.4592587786062,196,0.07313432835820896,243,-0.5025757295700182,-0.4024921721871748,4.789057481823072,0.3893426912273681,0.6694660190548815,0.0,2.1906977504174616,18704,106.93749994970858,-130.74775473720638,-58.394748660124364,-72.35300607708201,0.09044125759635252,0.09044125759635252,8,0,True
SP4_DIAG_wrench_market_motion_safety,cluttered_warehouse,cluttered_warehouse_v00,5412,cbf_safety_filter,CBF safety filter,sota,centralized,baseline,cbf_velocity_projection_proxy,sp4_motion_sota_proxy,none,centralized_cbf_velocity_projection_proxy,global_relative_state,0,6,False,False,8,18.0,4,0.28,0.35,0.08,0.12,40.0,inf,1.0,0.0,28.244999999999997,30.24,149.21351275429714,18.651689094287143,0.8506276522996138,1007.4990637385367,131,0.04888059701492537,176,-0.41189325048766623,-0.6785852297054414,4.622971320811356,0.46397236552953125,0.6992200643462095,0.0,5.89569775041746,18704,150.14769998379052,-85.40739627915163,-58.394748660124364,-27.012647619027263,0.03376580952378408,0.03376580952378408,8,0,True
SP4_DIAG_wrench_market_motion_safety,cluttered_warehouse,cluttered_warehouse_v00,5412,smith_motion_field,Smith-QR motion field,model_based,decentralized,proposed,smith_qr_congestion_field,sp4_motion_proposed,none,distributed_smith_qr_motion_field,local_congestion_price_neighbors,0,6,False,False,8,18.0,4,0.28,0.35,0.08,0.12,40.0,inf,1.0,0.0,29.369999999999997,32.879999999999995,154.3858321027165,19.298229012839563,0.8221294552541583,1045.9097652749604,167,0.062313432835820894,207,-0.3963560711551807,-0.7249646048425074,4.6284645096960295,0.4800554480805865,0.6992200643462095,0.0,7.02069775041746,18704,198.12840002123266,-120.96821952131738,-58.394748660124364,-62.573470861193016,0.07821683857649127,0.07821683857649127,8,0,True
SP4_DIAG_wrench_market_motion_safety,cluttered_warehouse,cluttered_warehouse_v00,5412,replicator_motion_field,Replicator motion field,model_based,decentralized,baseline,replicator_target_congestion_field,sp4_population_motion_family,none,distributed_replicator_motion_field,local_target_obstacle_neighbor_scores,0,5,False,False,8,18.0,4,0.28,0.35,0.08,0.12,40.0,inf,1.0,0.0,23.955,26.04,124.89853015925972,15.612316269907465,1.0162260507287186,839.4641496829705,208,0.07761194029850746,255,-0.49657542872167704,-0.46977657966518593,4.8075484799990456,0.38836607636585685,0.6843430417005455,0.0,1.6056977504174608,18704,103.99640002287924,-140.46897484828474,-58.394748660124364,-82.07422618816038,0.10259278273520048,0.10259278273520048,8,0,True
SP4_DIAG_wrench_market_motion_safety,cluttered_warehouse,cluttered_warehouse_v00,5412,logit_motion_field,Logit motion field,model_based,decentralized,baseline,logit_softmax_motion_field,sp4_population_motion_family,none,distributed_logit_smoothed_motion_field,local_softmax_flow_scores,0,6,False,False,8,18.0,4,0.28,0.35,0.08,0.12,40.0,inf,1.0,0.0,25.08,27.24,125.07775676728039,15.634719595910049,1.014769878562206,840.6679958416629,207,0.07723880597014926,254,-0.5049678264639396,-0.4252684059580016,4.757303135254178,0.3889233730325879,0.6545889964092174,0.0,2.7306977504174617,18704,103.77249994780868,-141.4249207755765,-58.394748660124364,-83.03017211545215,0.10378771514431519,0.10378771514431519,8,0,True
SP4_DIAG_wrench_market_motion_safety,cluttered_warehouse,cluttered_warehouse_v00,5412,bnn_motion_field,BNN/Brown motion field,model_based,decentralized,baseline,brown_bnn_positive_excess_field,sp4_population_motion_family,none,distributed_bnn_positive_excess_motion_field,local_positive_excess_neighbor_scores,0,6,False,False,8,18.0,4,0.28,0.35,0.08,0.12,40.0,inf,1.0,0.0,25.695,27.959999999999997,125.30487092985999,15.663108866232498,1.0129306155752973,841.9319851121783,205,0.07649253731343283,247,-0.5014664899634471,-0.38994823440838267,4.734067615288192,0.38962957378687807,0.6397119737635534,0.0,3.3456977504174605,18704,108.72790007852018,-140.68048100792979,-58.394748660124364,-82.28573234780542,0.10285716543475677,0.10285716543475677,8,0,True
SP4_DIAG_wrench_market_motion_safety,cluttered_warehouse,cluttered_warehouse_v00,5412,primal_dual_motion_field,Primal-dual motion field,model_based,decentralized,proposed,primal_dual_barrier_motion_field,sp4_motion_proposed,none,distributed_primal_dual_barrier_motion_field,local_barrier_dual_prices,0,7,False,False,8,18.0,4,0.28,0.35,0.08,0.12,40.0,inf,1.0,0.0,29.669999999999998,31.2,150.16503727214996,18.770629659018745,0.8452376288865088,1012.738808581676,152,0.056716417910447764,193,-0.4108182955272993,-0.6985724028736517,4.583348705584631,0.4669310860452417,0.6694660190548815,0.0,7.320697750417461,18704,194.28830000106245,-106.75509927076439,-58.394748660124364,-48.360350610640026,0.06045043826330003,0.06045043826330003,8,0,True
SP4_DIAG_wrench_market_motion_safety,cluttered_warehouse,cluttered_warehouse_v00,5412,pid_safety_motion,PID safety motion,model_based,decentralized,proposed,pid_damped_safety_motion,sp4_motion_proposed,none,distributed_pid_damped_safety_feedback,local_target_error_and_clearance,0,5,False,False,8,18.0,4,0.28,0.35,0.08,0.12,40.0,inf,1.0,0.0,33.03,34.8,151.3637612387336,18.9204701548417,0.8385437769703522,1021.6721250757989,181,0.06753731343283582,224,-0.4202155529373489,-0.7155401864862374,4.448048916028382,0.47065846156322594,0.6099579284722253,0.0,10.68069775041746,18704,188.29469999764115,-138.45430096208537,-58.394748660124364,-80.059552301961,0.10007444037745125,0.10007444037745125,8,0,True
SP4_DIAG_wrench_market_motion_safety,cluttered_warehouse,cluttered_warehouse_v00,5412,tensor_flow_motion_field,Smooth tensor-flow motion,model_based,decentralized,proposed,smooth_tensor_flow_barrier_motion,sp4_motion_proposed,none,distributed_smooth_tensor_flow_motion_field,local_anisotropic_clearance_tensor,0,8,False,False,8,18.0,4,0.28,0.35,0.08,0.12,40.0,inf,1.0,0.0,30.419999999999998,32.16,150.49883440522012,18.812354300652515,0.8433629439535633,1015.2003542018168,155,0.05783582089552239,195,-0.4091315783358193,-0.700230725625558,4.549665441207095,0.46796901245404204,0.6545889964092174,0.0,8.070697750417459,18704,198.76679999288172,-110.73971726042033,-58.394748660124364,-52.34496860029597,0.06543121075036996,0.06543121075036996,8,0,True
SP4_DIAG_wrench_market_motion_safety,cluttered_warehouse,cluttered_warehouse_v00,5412,reference_time_expanded_cbf,Reference time-expanded CBF,model_based_reference,centralized,reference,time_expanded_safe_cbf_reference,sp4_motion_reference,none,centralized_time_expanded_cbf_reference,global_state_and_release_schedule,0,8,False,False,8,18.0,4,0.28,0.35,0.08,0.12,40.0,inf,1.0,0.0,27.72,30.0,148.51932372035594,18.564915465044493,0.8546035415872958,1002.5213859556511,102,0.03805970149253731,138,-0.4277137480670056,-0.3635879365650153,4.628299518568281,0.46181381753842016,0.7140970869918735,0.0,5.370697750417461,18704,167.21210000105202,-58.394748660124364,-58.394748660124364,0.0,0.0,0.0,8,0,True
SP4_DIAG_wrench_market_motion_safety,cluttered_warehouse,cluttered_warehouse_v00,5413,direct_to_target,Direct to target,classic,decentralized,baseline,direct_single_integrator,sp4_motion_baseline,none,local_target_feedback,none,0,0,False,False,8,18.0,4,0.28,0.35,0.08,0.12,40.0,inf,1.0,0.0,21.419999999999998,23.52,124.01961345708025,15.502451682135032,1.0205295242530843,991.8454287570922,186,0.06940298507462686,240,-0.4657234245747231,-0.7686209178211735,4.918716198568095,0.38563312642126935,0.8106848295229279,2.220446049250313e-16,0.0,18704,17.710600048303604,-118.04193342723302,31.15345104109289,-149.1953844683259,0.18649423058540737,0.18649423058540737,8,0,True
SP4_DIAG_wrench_market_motion_safety,cluttered_warehouse,cluttered_warehouse_v00,5413,priority_yield,Priority yield,classic,centralized,baseline,priority_release_yield,sp4_motion_baseline,none,centralized_priority_schedule,global_priority_order,0,2,False,False,8,18.0,4,0.28,0.35,0.08,0.12,40.0,inf,1.0,0.0,24.165,26.64,124.3129376327364,15.53911720409205,1.0181215208132601,994.223378225219,173,0.06455223880597015,215,-0.5295772838966532,-0.9399453890742828,4.835745727374708,0.3865452040818916,0.7458300431610936,0.0,2.3641400196163125,18704,32.25739998742938,-110.88045319578256,31.15345104109289,-142.03390423687546,0.17754238029609432,0.17754238029609432,8,0,True
SP4_DIAG_wrench_market_motion_safety,cluttered_warehouse,cluttered_warehouse_v00,5413,apf_obstacle_avoidance,APF obstacle avoidance,classic,decentralized,baseline,artificial_potential_field,sp4_motion_baseline,none,local_apf_feedback,local_obstacle_robot_neighbors,0,4,False,False,8,18.0,4,0.28,0.35,0.08,0.12,40.0,inf,1.0,0.0,23.475,25.919999999999998,125.1066525492495,15.638331568656188,1.0116622460950402,1000.1271138561533,165,0.061567164179104475,218,-0.4786012856380997,-0.28190782377445134,4.8503701224849545,0.3890132231009004,0.7458300431610936,0.0,1.6741400196163125,18704,76.81550004053861,-102.84592872924718,31.15345104109289,-133.99937977034006,0.16749922471292508,0.16749922471292508,8,0,True
SP4_DIAG_wrench_market_motion_safety,cluttered_warehouse,cluttered_warehouse_v00,5413,velocity_obstacle_proxy,Velocity obstacle proxy,sota,decentralized,baseline,velocity_obstacle_proxy,sp4_motion_sota_proxy,none,local_velocity_obstacle_proxy,local_relative_state_neighbors,0,5,False,False,8,18.0,4,0.28,0.35,0.08,0.12,40.0,inf,1.0,0.0,23.955,26.4,124.85773862051784,15.60721732756473,1.0136790760249044,998.1006063764999,174,0.06492537313432836,226,-0.5052595787723142,-0.34492080217220045,4.825439870045477,0.38823923700409785,0.729616346570635,0.0,2.1541400196163125,18704,106.6075999988243,-111.598604082667,31.15345104109289,-142.75205512375987,0.17844006890469985,0.17844006890469985,8,0,True
SP4_DIAG_wrench_market_motion_safety,cluttered_warehouse,cluttered_warehouse_v00,5413,cbf_safety_filter,CBF safety filter,sota,centralized,baseline,cbf_velocity_projection_proxy,sp4_motion_sota_proxy,none,centralized_cbf_velocity_projection_proxy,global_relative_state,0,6,False,False,8,18.0,4,0.28,0.35,0.08,0.12,40.0,inf,1.0,0.0,26.82,30.36,144.56679479703266,18.070849349629082,0.8754823491597767,1153.7149356905488,0,0.0,6,0.1476425447167813,0.04242641402141034,5.017616447031914,0.4495236156624152,0.762043739751552,0.0,5.019140019616312,18704,137.86459993571043,33.74615578774733,31.15345104109289,2.5927047466544373,0.0,0.0,8,0,True
SP4_DIAG_wrench_market_motion_safety,cluttered_warehouse,cluttered_warehouse_v00,5413,smith_motion_field,Smith-QR motion field,model_based,decentralized,proposed,smith_qr_congestion_field,sp4_motion_proposed,none,distributed_smith_qr_motion_field,local_congestion_price_neighbors,0,6,False,False,8,18.0,4,0.28,0.35,0.08,0.12,40.0,inf,1.0,0.0,27.299999999999997,30.959999999999997,147.0580950116685,18.382261876458564,0.8606508680080687,1173.149094210857,19,0.0070895522388059705,35,0.12222392660290793,-0.17982704973597585,5.035531973925532,0.4572701959318052,0.7620437397515522,0.0,5.499140019616312,18704,189.1132000600919,15.220802782190022,31.15345104109289,-15.932648258902868,0.019915810323628585,0.019915810323628585,8,0,True
SP4_DIAG_wrench_market_motion_safety,cluttered_warehouse,cluttered_warehouse_v00,5413,replicator_motion_field,Replicator motion field,model_based,decentralized,baseline,replicator_target_congestion_field,sp4_population_motion_family,none,distributed_replicator_motion_field,local_target_obstacle_neighbor_scores,0,5,False,False,8,18.0,4,0.28,0.35,0.08,0.12,40.0,inf,1.0,0.0,23.384999999999998,25.68,124.56125888829511,15.57015736103689,1.0160918270174835,995.7920754253774,174,0.06492537313432836,220,-0.40923651920056814,-0.41148079798758236,4.844528376363505,0.387317347289475,0.7458300431610936,0.0,1.5841400196163122,18704,97.06709999591112,-110.59829323206677,31.15345104109289,-141.75174427315966,0.17718968034144958,0.17718968034144958,8,0,True
SP4_DIAG_wrench_market_motion_safety,cluttered_warehouse,cluttered_warehouse_v00,5413,logit_motion_field,Logit motion field,model_based,decentralized,baseline,logit_softmax_motion_field,sp4_population_motion_family,none,distributed_logit_smoothed_motion_field,local_softmax_flow_scores,0,6,False,False,8,18.0,4,0.28,0.35,0.08,0.12,40.0,inf,1.0,0.0,24.465,27.0,124.66894275191805,15.583617843989757,1.0152141690273402,996.5863648551192,181,0.06753731343283582,227,-0.456719472651821,-0.3678454542175984,4.793197535850375,0.3876521851738752,0.7134026499801764,0.0,2.6641400196163123,18704,104.23589998390526,-118.62658329277913,31.15345104109289,-149.780034333872,0.18722504291734002,0.18722504291734002,8,0,True
SP4_DIAG_wrench_market_motion_safety,cluttered_warehouse,cluttered_warehouse_v00,5413,bnn_motion_field,BNN/Brown motion field,model_based,decentralized,baseline,brown_bnn_positive_excess_field,sp4_population_motion_family,none,distributed_bnn_positive_excess_motion_field,local_positive_excess_neighbor_scores,0,6,False,False,8,18.0,4,0.28,0.35,0.08,0.12,40.0,inf,1.0,0.0,25.064999999999998,27.599999999999998,124.87912133534665,15.609890166918332,1.013505506493194,998.22134010338,179,0.0667910447761194,237,-0.522761855733026,-0.33300745929212383,4.772052028934777,0.3883057255452327,0.6971889533897179,0.0,3.2641400196163124,18704,108.03829994983971,-117.85812755749663,31.15345104109289,-149.01157859858952,0.18626447324823692,0.18626447324823692,8,0,True
SP4_DIAG_wrench_market_motion_safety,cluttered_warehouse,cluttered_warehouse_v00,5413,primal_dual_motion_field,Primal-dual motion field,model_based,decentralized,proposed,primal_dual_barrier_motion_field,sp4_motion_proposed,none,distributed_primal_dual_barrier_motion_field,local_barrier_dual_prices,0,7,False,False,8,18.0,4,0.28,0.35,0.08,0.12,40.0,inf,1.0,0.0,28.229999999999997,31.919999999999998,145.6968324840215,18.21210406050269,0.8686920296176371,1162.5248639261456,6,0.002238805970149254,25,0.12689470578256912,-0.04650235186193086,4.990100897859444,0.45303741444036544,0.7296163465706351,0.0,6.429140019616312,18704,191.00070011336356,25.780313885895616,31.15345104109289,-5.3731371551972735,0.006716421443996592,0.006716421443996592,8,0,True
SP4_DIAG_wrench_market_motion_safety,cluttered_warehouse,cluttered_warehouse_v00,5413,pid_safety_motion,PID safety motion,model_based,decentralized,proposed,pid_damped_safety_motion,sp4_motion_proposed,none,distributed_pid_damped_safety_feedback,local_target_error_and_clearance,0,5,False,False,8,18.0,4,0.28,0.35,0.08,0.12,40.0,inf,1.0,0.0,31.275,36.24,146.72946241427337,18.34118280178417,0.8625784831274188,1170.8314005818743,16,0.005970149253731343,36,0.11506294258657968,-0.12321637990389056,4.89054605117284,0.4562483284025913,0.6647615602088007,0.0,9.474140019616314,18704,179.20569994021207,11.642846054085894,31.15345104109289,-19.510604987006996,0.024388256233758746,0.024388256233758746,8,0,True
SP4_DIAG_wrench_market_motion_safety,cluttered_warehouse,cluttered_warehouse_v00,5413,tensor_flow_motion_field,Smooth tensor-flow motion,model_based,decentralized,proposed,smooth_tensor_flow_barrier_motion,sp4_motion_proposed,none,distributed_smooth_tensor_flow_motion_field,local_anisotropic_clearance_tensor,0,8,False,False,8,18.0,4,0.28,0.35,0.08,0.12,40.0,inf,1.0,0.0,28.904999999999998,32.76,145.8670036569688,18.2333754571211,0.8676785972586808,1163.8166491429934,10,0.0037313432835820895,29,0.14896657855022444,-0.049428032574378444,4.974831964945952,0.45356655365972903,0.7134026499801764,0.0,7.104140019616313,18704,186.64630001876503,21.06786882343991,31.15345104109289,-10.08558221765298,0.012606977772066225,0.012606977772066225,8,0,True
SP4_DIAG_wrench_market_motion_safety,cluttered_warehouse,cluttered_warehouse_v00,5413,reference_time_expanded_cbf,Reference time-expanded CBF,model_based_reference,centralized,reference,time_expanded_safe_cbf_reference,sp4_motion_reference,none,centralized_time_expanded_cbf_reference,global_state_and_release_schedule,0,8,False,False,8,18.0,4,0.28,0.35,0.08,0.12,40.0,inf,1.0,0.0,26.339999999999996,30.24,143.81946591693605,17.977433239617007,0.8800316168084259,1148.0176904942357,4,0.0014925373134328358,11,0.12322152635669914,-0.015635980374183234,5.056531750979485,0.4471998318312688,0.7782574363420106,0.0,4.539140019616312,18704,155.0931999227032,31.15345104109289,31.15345104109289,0.0,0.0,0.0,8,0,True
SP4_DIAG_wrench_market_motion_safety,cluttered_warehouse,cluttered_warehouse_v00,5414,direct_to_target,Direct to target,classic,decentralized,baseline,direct_single_integrator,sp4_motion_baseline,none,local_target_feedback,none,0,0,False,False,8,18.0,4,0.28,0.35,0.08,0.12,40.0,inf,1.0,0.0,22.275,25.2,124.29513301782461,15.536891627228076,1.0200136742632795,963.8542234226126,180,0.06716417910447761,209,-0.38919166185120985,-0.5960193527041991,4.927377079378685,0.38648984147333565,0.759999325789765,1.1102230246251565e-16,0.0,18704,16.94950007367879,-113.8175013488938,-6.784593579182358,-107.03290776971144,0.1337911347121393,0.1337911347121393,8,0,True
SP4_DIAG_wrench_market_motion_safety,cluttered_warehouse,cluttered_warehouse_v00,5414,priority_yield,Priority yield,classic,centralized,baseline,priority_release_yield,sp4_motion_baseline,none,centralized_priority_schedule,global_priority_order,0,2,False,False,8,18.0,4,0.28,0.35,0.08,0.12,40.0,inf,1.0,0.0,25.11,27.36,124.72644950015112,15.59080618751889,1.0164863654072085,966.0848933986232,268,0.1,326,-0.5514510317982703,-0.8950892528605932,4.795917383145145,0.3878309996895247,0.6991993797265839,0.0,2.4448615429309988,18704,48.552899970673025,-197.27666782401948,-6.784593579182358,-190.4920742448371,0.2381150928060464,0.2381150928060464,8,0,True
SP4_DIAG_wrench_market_motion_safety,cluttered_warehouse,cluttered_warehouse_v00,5414,apf_obstacle_avoidance,APF obstacle avoidance,classic,decentralized,baseline,artificial_potential_field,sp4_motion_baseline,none,local_apf_feedback,local_obstacle_robot_neighbors,0,4,False,False,8,18.0,4,0.28,0.35,0.08,0.12,40.0,inf,1.0,0.0,24.405,27.72,125.289679551657,15.661209943957125,1.011916829672166,971.5804926070585,118,0.04402985074626865,150,-0.38062266032190656,-0.2729601201820203,4.859078488193906,0.38958233691435645,0.6991993797265839,0.0,1.7398615429309983,18704,76.8099999986589,-61.99917621847989,-6.784593579182358,-55.21458263929753,0.06901822829912191,0.06901822829912191,8,0,True
SP4_DIAG_wrench_market_motion_safety,cluttered_warehouse,cluttered_warehouse_v00,5414,velocity_obstacle_proxy,Velocity obstacle proxy,sota,decentralized,baseline,velocity_obstacle_proxy,sp4_motion_sota_proxy,none,local_velocity_obstacle_proxy,local_relative_state_neighbors,0,5,False,False,8,18.0,4,0.28,0.35,0.08,0.12,40.0,inf,1.0,0.0,24.884999999999998,28.32,124.99378069935065,15.624222587418831,1.0143123490880455,969.1625519823809,138,0.05149253731343283,171,-0.3811609918236336,-0.33464661106302906,4.82913644930731,0.3886622534183793,0.6839993932107885,0.0,2.2198615429309987,18704,103.70350000448525,-80.58834682591976,-6.784593579182358,-73.8037532467374,0.09225469155842175,0.09225469155842175,8,0,True
SP4_DIAG_wrench_market_motion_safety,cluttered_warehouse,cluttered_warehouse_v00,5414,cbf_safety_filter,CBF safety filter,sota,centralized,baseline,cbf_velocity_projection_proxy,sp4_motion_sota_proxy,none,centralized_cbf_velocity_projection_proxy,global_relative_state,0,6,False,False,8,18.0,4,0.28,0.35,0.08,0.12,40.0,inf,1.0,0.0,29.174999999999997,33.12,152.09967988246078,19.012459985307597,0.8335503100370046,1172.8059463443656,73,0.027238805970149254,84,-0.495650087176231,-0.6407177114326036,4.834393284342245,0.47294676580367206,0.7143993662423791,0.0,6.509861542930997,18704,152.29289990384132,-37.243123365943234,-6.784593579182358,-30.458529786760877,0.0380731622334511,0.0380731622334511,8,0,True
SP4_DIAG_wrench_market_motion_safety,cluttered_warehouse,cluttered_warehouse_v00,5414,smith_motion_field,Smith-QR motion field,model_based,decentralized,proposed,smith_qr_congestion_field,sp4_motion_proposed,none,distributed_smith_qr_motion_field,local_congestion_price_neighbors,0,6,False,False,8,18.0,4,0.28,0.35,0.08,0.12,40.0,inf,1.0,0.0,29.505,35.4,153.66731774932924,19.208414718666155,0.8250468426173057,1182.191030526598,26,0.009701492537313432,31,0.13626034811224896,-0.43514014901288056,4.832411050118971,0.47782126165836225,0.7143993662423792,0.0,6.839861542930998,18704,187.9175000358373,3.879697700329345,-6.784593579182358,10.664291279511703,0.0,0.0,8,0,True
SP4_DIAG_wrench_market_motion_safety,cluttered_warehouse,cluttered_warehouse_v00,5414,replicator_motion_field,Replicator motion field,model_based,decentralized,baseline,replicator_target_congestion_field,sp4_population_motion_family,none,distributed_replicator_motion_field,local_target_obstacle_neighbor_scores,0,5,False,False,8,18.0,4,0.28,0.35,0.08,0.12,40.0,inf,1.0,0.0,24.299999999999997,27.599999999999998,124.74108883754346,15.592636104692932,1.0163670728228917,967.3003656575472,148,0.05522388059701493,178,-0.3810855227504529,-0.4047852551805774,4.849720767649173,0.38787652001723727,0.6991993797265839,0.0,1.6348615429309983,18704,106.71129997354001,-88.53335663367085,-6.784593579182358,-81.74876305448849,0.10218595381811062,0.10218595381811062,8,0,True
SP4_DIAG_wrench_market_motion_safety,cluttered_warehouse,cluttered_warehouse_v00,5414,logit_motion_field,Logit motion field,model_based,decentralized,baseline,logit_softmax_motion_field,sp4_population_motion_family,none,distributed_logit_smoothed_motion_field,local_softmax_flow_scores,0,6,False,False,8,18.0,4,0.28,0.35,0.08,0.12,40.0,inf,1.0,0.0,25.424999999999997,28.919999999999998,124.8465632111556,15.60582040139445,1.0155084133803833,968.052348602376,146,0.05447761194029851,175,-0.379064494906474,-0.359124551869902,4.797997894880917,0.38820448759687703,0.6687994066949934,0.0,2.7598615429309983,18704,106.51599999982864,-88.5730360491944,-6.784593579182358,-81.78844247001204,0.10223555308751506,0.10223555308751506,8,0,True
SP4_DIAG_wrench_market_motion_safety,cluttered_warehouse,cluttered_warehouse_v00,5414,bnn_motion_field,BNN/Brown motion field,model_based,decentralized,baseline,brown_bnn_positive_excess_field,sp4_population_motion_family,none,distributed_bnn_positive_excess_motion_field,local_positive_excess_neighbor_scores,0,6,False,False,8,18.0,4,0.28,0.35,0.08,0.12,40.0,inf,1.0,0.0,26.04,29.64,125.01678955094937,15.627098693868671,1.0141256688637432,969.3263382481923,142,0.05298507462686567,173,-0.3791027065212659,-0.3201359131492778,4.773835568505957,0.3887337983549422,0.6535994201791979,0.0,3.3748615429309985,18704,109.88169990014285,-86.0251361881684,-6.784593579182358,-79.24054260898605,0.09905067826123255,0.09905067826123255,8,0,True
SP4_DIAG_wrench_market_motion_safety,cluttered_warehouse,cluttered_warehouse_v00,5414,primal_dual_motion_field,Primal-dual motion field,model_based,decentralized,proposed,primal_dual_barrier_motion_field,sp4_motion_proposed,none,distributed_primal_dual_barrier_motion_field,local_barrier_dual_prices,0,7,False,False,8,18.0,4,0.28,0.35,0.08,0.12,40.0,inf,1.0,0.0,30.824999999999996,36.72,153.3038873188102,19.162985914851276,0.8270027429826188,1180.9440750471142,62,0.023134328358208955,78,-0.08959728216593377,-0.395079081678525,4.693230656994308,0.47669119191172277,0.6839993932107885,0.0,8.159861542930997,18704,199.12300002761185,-30.378684020310864,-6.784593579182358,-23.594090441128508,0.029492613051410634,0.029492613051410634,8,0,True
SP4_DIAG_wrench_market_motion_safety,cluttered_warehouse,cluttered_warehouse_v00,5414,pid_safety_motion,PID safety motion,model_based,decentralized,proposed,pid_damped_safety_motion,sp4_motion_proposed,none,distributed_pid_damped_safety_feedback,local_target_error_and_clearance,0,5,False,False,8,18.0,4,0.28,0.35,0.08,0.12,40.0,inf,1.0,0.0,33.285,38.519999999999996,150.14500191299538,18.768125239124423,0.8444019694776201,1161.9352909754812,64,0.023880597014925373,74,0.16420322951551103,-0.4234976976595898,4.60132849105346,0.466868787042896,0.6231994471476073,0.0,10.619861542930998,18704,186.15300010424107,-35.22068616643469,-6.784593579182358,-28.436092587252332,0.035545115734065415,0.035545115734065415,8,0,True
SP4_DIAG_wrench_market_motion_safety,cluttered_warehouse,cluttered_warehouse_v00,5414,tensor_flow_motion_field,Smooth tensor-flow motion,model_based,decentralized,proposed,smooth_tensor_flow_barrier_motion,sp4_motion_proposed,none,distributed_smooth_tensor_flow_motion_field,local_anisotropic_clearance_tensor,0,8,False,False,8,18.0,4,0.28,0.35,0.08,0.12,40.0,inf,1.0,0.0,31.125,37.68,152.0402566867504,19.0050320858438,0.8338760936438412,1167.7952121197575,21,0.007835820895522387,30,0.10051859814847486,-0.397073949716774,4.843944968735109,0.4727619921851695,0.6687994066949934,0.0,8.459861542930998,18704,196.92300003953278,6.267221258463588,-6.784593579182358,13.051814837645946,0.0,0.0,8,0,True
SP4_DIAG_wrench_market_motion_safety,cluttered_warehouse,cluttered_warehouse_v00,5414,reference_time_expanded_cbf,Reference time-expanded CBF,model_based_reference,centralized,reference,time_expanded_safe_cbf_reference,sp4_motion_reference,none,centralized_time_expanded_cbf_reference,global_state_and_release_schedule,0,8,False,False,8,18.0,4,0.28,0.35,0.08,0.12,40.0,inf,1.0,0.0,29.28,34.32,154.62148862827124,19.327686078533905,0.8199554696265755,1189.0015334694015,38,0.014179104477611941,77,0.019123089930569326,-0.5655237480969395,4.88893067251092,0.48078821090880336,0.7295993527581744,0.0,6.614861542930999,18704,171.64359998423606,-6.784593579182358,-6.784593579182358,0.0,0.0,0.0,8,0,True
SP4_DIAG_wrench_market_motion_safety,communication_limited,communication_limited_v00,5400,direct_to_target,Direct to target,classic,decentralized,baseline,direct_single_integrator,sp4_motion_baseline,none,local_target_feedback,none,0,0,False,False,8,18.0,0,0.28,0.35,0.08,0.12,36.0,3.2,1.0,0.0,20.865,24.599999999999998,120.92290717975112,15.11536339746889,1.021488842640834,934.4421233213294,69,0.028654485049833887,87,-0.5377728099389405,18.0,12.341823904319817,0.4184762845367909,0.7729568136128417,2.220446049250313e-16,0.0,5602,16.58339996356517,-18.102224932359867,36.29113479216708,-54.393359724526945,0.06799169965565868,0.06799169965565868,8,0,True
SP4_DIAG_wrench_market_motion_safety,communication_limited,communication_limited_v00,5400,priority_yield,Priority yield,classic,centralized,baseline,priority_release_yield,sp4_motion_baseline,none,centralized_priority_schedule,global_priority_order,0,2,False,False,8,18.0,0,0.28,0.35,0.08,0.12,36.0,3.2,1.0,0.0,23.595,26.64,121.44219937545587,15.180274921931984,1.0171209113392696,938.4548767521968,92,0.03820598006644518,118,-0.4856074380507191,18.0,12.23280648142514,0.420273392080066,0.7111202685238145,0.0,2.3348439680942774,16800,35.0181000540033,-45.5481847895907,36.29113479216708,-81.83931958175778,0.10229914947719722,0.10229914947719722,8,0,True
SP4_DIAG_wrench_market_motion_safety,communication_limited,communication_limited_v00,5400,apf_obstacle_avoidance,APF obstacle avoidance,classic,decentralized,baseline,artificial_potential_field,sp4_motion_baseline,none,local_apf_feedback,local_obstacle_robot_neighbors,0,4,False,False,8,18.0,0,0.28,0.35,0.08,0.12,36.0,3.2,1.0,0.0,22.695,26.64,120.98513276051828,15.123141595064785,1.0209634662162255,934.7287408044423,76,0.03156146179401993,93,-0.5135724385257355,18.0,12.230470070924827,0.4186916277703426,0.7111202685238145,0.0,1.4348439680942775,5774,54.82870002742857,-28.023524921006292,36.29113479216708,-64.31465971317337,0.08039332464146672,0.08039332464146672,8,0,True
SP4_DIAG_wrench_market_motion_safety,communication_limited,communication_limited_v00,5400,velocity_obstacle_proxy,Velocity obstacle proxy,sota,decentralized,baseline,velocity_obstacle_proxy,sp4_motion_sota_proxy,none,local_velocity_obstacle_proxy,local_relative_state_neighbors,0,5,False,False,8,18.0,0,0.28,0.35,0.08,0.12,36.0,3.2,1.0,0.0,23.205,27.24,121.00517482784537,15.12564685348067,1.020794364204204,934.7202186818171,78,0.03239202657807309,95,-0.4970377420097162,18.0,12.199274593363816,0.418760987084182,0.6956611322515577,0.0,1.9448439680942768,5818,77.3740999866277,-30.837204436319553,36.29113479216708,-67.12833922848662,0.08391042403560828,0.08391042403560828,8,0,True
SP4_DIAG_wrench_market_motion_safety,communication_limited,communication_limited_v00,5400,cbf_safety_filter,CBF safety filter,sota,centralized,baseline,cbf_velocity_projection_proxy,sp4_motion_sota_proxy,none,centralized_cbf_velocity_projection_proxy,global_relative_state,0,6,False,False,8,18.0,0,0.28,0.35,0.08,0.12,36.0,3.2,1.0,0.0,26.07,31.2,141.0473177194514,17.630914714931425,0.8757444133003496,1095.3319082056094,0,0.0,5,0.0012391296432071597,18.0,12.041120513561058,0.48812056242888785,0.7265794047960712,0.0,4.8098439680942775,16800,97.94750006403774,36.3042710196646,36.29113479216708,0.01313622749751886,0.0,0.0,8,0,True
SP4_DIAG_wrench_market_motion_safety,communication_limited,communication_limited_v00,5400,smith_motion_field,Smith-QR motion field,model_based,decentralized,proposed,smith_qr_congestion_field,sp4_motion_proposed,none,distributed_smith_qr_motion_field,local_congestion_price_neighbors,0,6,False,False,8,18.0,0,0.28,0.35,0.08,0.12,36.0,3.2,1.0,0.0,26.189999999999998,32.04,141.5294554729972,17.69118193412465,0.8727610806598204,1101.4080915401855,5,0.0020764119601328905,7,-0.1672380875228377,18.0,12.043264156433711,0.48978909009204474,0.7265794047960712,0.0,4.929843968094277,5192,111.745800008066,30.962050176219826,36.29113479216708,-5.329084615947252,0.006661355769934065,0.006661355769934065,8,0,True
SP4_DIAG_wrench_market_motion_safety,communication_limited,communication_limited_v00,5400,replicator_motion_field,Replicator motion field,model_based,decentralized,baseline,replicator_target_congestion_field,sp4_population_motion_family,none,distributed_replicator_motion_field,local_target_obstacle_neighbor_scores,0,5,False,False,8,18.0,0,0.28,0.35,0.08,0.12,36.0,3.2,1.0,0.0,22.695,26.64,120.95456581134502,15.119320726418128,1.0212214782901827,934.4892037850597,76,0.03156146179401993,92,-0.5181213132712551,18.0,12.22954131102653,0.41858584513892905,0.7111202685238145,0.0,1.4348439680942775,5776,61.88649998512119,-28.014404821994347,36.29113479216708,-64.30553961416143,0.08038192451770179,0.08038192451770179,8,0,True
SP4_DIAG_wrench_market_motion_safety,communication_limited,communication_limited_v00,5400,logit_motion_field,Logit motion field,model_based,decentralized,baseline,logit_softmax_motion_field,sp4_population_motion_family,none,distributed_logit_smoothed_motion_field,local_softmax_flow_scores,0,6,False,False,8,18.0,0,0.28,0.35,0.08,0.12,36.0,3.2,1.0,0.0,23.759999999999998,27.959999999999997,121.05479866914402,15.131849833643003,1.0203759112549222,934.9746840158605,78,0.03239202657807309,95,-0.5036038982981649,18.0,12.167880438829446,0.4189327196468162,0.6802019959793008,0.0,2.4998439680942766,5874,70.19880006555468,-31.73866633474569,36.29113479216708,-68.02980112691277,0.08503725140864096,0.08503725140864096,8,0,True
SP4_DIAG_wrench_market_motion_safety,communication_limited,communication_limited_v00,5400,bnn_motion_field,BNN/Brown motion field,model_based,decentralized,baseline,brown_bnn_positive_excess_field,sp4_population_motion_family,none,distributed_bnn_positive_excess_motion_field,local_positive_excess_neighbor_scores,0,6,False,False,8,18.0,0,0.28,0.35,0.08,0.12,36.0,3.2,1.0,0.0,24.255,28.56,120.94161159283595,15.117701449104494,1.0213308626947868,934.0746000011618,80,0.03322259136212625,100,-0.48402810785139233,18.0,12.12970183666,0.4185410146485191,0.6647428597070439,0.0,2.9948439680942767,5930,67.54239997826517,-34.49011981953852,36.29113479216708,-70.7812546117056,0.088476568264632,0.088476568264632,8,0,True
SP4_DIAG_wrench_market_motion_safety,communication_limited,communication_limited_v00,5400,primal_dual_motion_field,Primal-dual motion field,model_based,decentralized,proposed,primal_dual_barrier_motion_field,sp4_motion_proposed,none,distributed_primal_dual_barrier_motion_field,local_barrier_dual_prices,0,7,False,False,8,18.0,0,0.28,0.35,0.08,0.12,36.0,3.2,1.0,0.0,27.119999999999997,33.36,140.13651749883508,17.517064687354384,0.8814362074099334,1090.7810501466897,0,0.0,4,0.024390115562397563,18.0,11.991597097648114,0.48496856830992136,0.6956611322515576,0.0,5.859843968094276,5236,116.1638000048697,34.87015564878939,36.29113479216708,-1.4209791433776857,0.0017762239292221072,0.0017762239292221072,8,0,True
SP4_DIAG_wrench_market_motion_safety,communication_limited,communication_limited_v00,5400,pid_safety_motion,PID safety motion,model_based,decentralized,proposed,pid_damped_safety_motion,sp4_motion_proposed,none,distributed_pid_damped_safety_feedback,local_target_error_and_clearance,0,5,False,False,8,18.0,0,0.28,0.35,0.08,0.12,36.0,3.2,0.875,0.125,29.211428571428566,33.48,141.25496507568369,17.65687063446046,0.8744570531565161,1098.7730452949868,0,0.0,1,0.07161866697272146,18.0,11.790123368182158,0.48883916485217244,0.6338245871625302,0.0,8.799843968094276,5290,109.45940006058663,7.965177230399718,36.29113479216708,-28.32595756176736,0.0354074469522092,0.0354074469522092,7,1,False
SP4_DIAG_wrench_market_motion_safety,communication_limited,communication_limited_v00,5400,tensor_flow_motion_field,Smooth tensor-flow motion,model_based,decentralized,proposed,smooth_tensor_flow_barrier_motion,sp4_motion_proposed,none,distributed_smooth_tensor_flow_motion_field,local_anisotropic_clearance_tensor,0,8,False,False,8,18.0,0,0.28,0.35,0.08,0.12,36.0,3.2,1.0,0.0,27.809999999999995,33.839999999999996,140.65798586898404,17.582248233623005,0.8781684149726346,1094.8190351827639,0,0.0,0,0.10332791101477301,18.0,11.956170446367766,0.48677320691093595,0.6802019959793008,0.0,6.549843968094276,5264,120.19720009993762,33.611052756995875,36.29113479216708,-2.6800820351712034,0.0033501025439640043,0.0033501025439640043,8,0,True
SP4_DIAG_wrench_market_motion_safety,communication_limited,communication_limited_v00,5400,reference_time_expanded_cbf,Reference time-expanded CBF,model_based_reference,centralized,reference,time_expanded_safe_cbf_reference,sp4_motion_reference,none,centralized_time_expanded_cbf_reference,global_state_and_release_schedule,0,8,False,False,8,18.0,0,0.28,0.35,0.08,0.12,36.0,3.2,1.0,0.0,25.905,32.04,141.94303206963912,17.74287900870489,0.8702181340131423,1103.3398152512311,0,0.0,0,0.11612904748160346,18.0,12.069187762521697,0.4912203490782086,0.742038541068328,0.0,4.644843968094277,16800,117.26650001946837,36.29113479216708,36.29113479216708,0.0,0.0,0.0,8,0,True
SP4_DIAG_wrench_market_motion_safety,communication_limited,communication_limited_v00,5401,direct_to_target,Direct to target,classic,decentralized,baseline,direct_single_integrator,sp4_motion_baseline,none,local_target_feedback,none,0,0,False,False,8,18.0,0,0.28,0.35,0.08,0.12,36.0,3.2,1.0,0.0,21.615000000000002,24.48,120.7585670446858,15.094820880585726,1.0212973605918505,972.4751281323698,86,0.03571428571428571,120,-0.493413019546652,18.0,12.301522259251342,0.4179075548334922,0.7517556012363427,2.220446049250313e-16,0.0,5664,15.23219991941005,-36.589921745440286,12.93126952614477,-49.52119127158505,0.061901489089481315,0.061901489089481315,8,0,True
SP4_DIAG_wrench_market_motion_safety,communication_limited,communication_limited_v00,5401,priority_yield,Priority yield,classic,centralized,baseline,priority_release_yield,sp4_motion_baseline,none,centralized_priority_schedule,global_priority_order,0,2,False,False,8,18.0,0,0.28,0.35,0.08,0.12,36.0,3.2,1.0,0.0,24.435000000000002,27.36,121.3602182708869,15.170027283860863,1.0162342120735735,976.9568474799255,104,0.04318936877076412,139,-0.33802034985844553,18.0,12.185706378502722,0.4199896811700131,0.6916151531374352,0.0,2.4075361823428647,16800,33.36719993967563,-59.21930154422826,12.93126952614477,-72.15057107037303,0.0901882138379663,0.0901882138379663,8,0,True
SP4_DIAG_wrench_market_motion_safety,communication_limited,communication_limited_v00,5401,apf_obstacle_avoidance,APF obstacle avoidance,classic,decentralized,baseline,artificial_potential_field,sp4_motion_baseline,none,local_apf_feedback,local_obstacle_robot_neighbors,0,4,False,False,8,18.0,0,0.28,0.35,0.08,0.12,36.0,3.2,1.0,0.0,23.475,26.64,120.70098177653904,15.08762272206738,1.0217846116605798,971.8678990821252,90,0.03737541528239203,132,-0.486980987485899,18.0,12.182107622230731,0.41770827026764645,0.6916151531374352,0.0,1.4475361823428643,5836,54.73460000939667,-43.533891659400716,12.93126952614477,-56.46516118554548,0.07058145148193186,0.07058145148193186,8,0,True
SP4_DIAG_wrench_market_motion_safety,communication_limited,communication_limited_v00,5401,velocity_obstacle_proxy,Velocity obstacle proxy,sota,decentralized,baseline,velocity_obstacle_proxy,sp4_motion_sota_proxy,none,local_velocity_obstacle_proxy,local_relative_state_neighbors,0,5,False,False,8,18.0,0,0.28,0.35,0.08,0.12,36.0,3.2,1.0,0.0,24.015,27.24,120.76339800617754,15.095424750772192,1.0212565050983642,972.2993214923908,95,0.03945182724252492,132,-0.5048522657069053,18.0,12.151012892260407,0.4179242732771925,0.6765800411127083,0.0,1.9875361823428634,5892,66.49310002103448,-49.39932615834278,12.93126952614477,-62.33059568448755,0.07791324460560943,0.07791324460560943,8,0,True
SP4_DIAG_wrench_market_motion_safety,communication_limited,communication_limited_v00,5401,cbf_safety_filter,CBF safety filter,sota,centralized,baseline,cbf_velocity_projection_proxy,sp4_motion_sota_proxy,none,centralized_cbf_velocity_projection_proxy,global_relative_state,0,6,False,False,8,18.0,0,0.28,0.35,0.08,0.12,36.0,3.2,1.0,0.0,27.945,34.199999999999996,145.65349652668357,18.206687065835446,0.8467383806951565,1163.2338388096384,19,0.007890365448504983,22,-0.23038569331234138,18.0,12.005435549351184,0.5040611037053,0.7066502651621621,0.0,5.917536182342863,16800,98.59179996419698,12.675015299621267,12.93126952614477,-0.25625422652350416,0.0003203177831543802,0.0003203177831543802,8,0,True
SP4_DIAG_wrench_market_motion_safety,communication_limited,communication_limited_v00,5401,smith_motion_field,Smith-QR motion field,model_based,decentralized,proposed,smith_qr_congestion_field,sp4_motion_proposed,none,distributed_smith_qr_motion_field,local_congestion_price_neighbors,0,6,False,False,8,18.0,0,0.28,0.35,0.08,0.12,36.0,3.2,1.0,0.0,27.314999999999998,32.04,142.8929753463886,17.861621918298574,0.8630963523058073,1146.5230547119484,19,0.007890365448504983,26,-0.29950280740801805,18.0,12.022044131484252,0.4945078050470258,0.706650265162162,0.0,5.287536182342864,5050,118.30870003905147,14.457437800263063,12.93126952614477,1.5261682741182927,0.0,0.0,8,0,True
SP4_DIAG_wrench_market_motion_safety,communication_limited,communication_limited_v00,5401,replicator_motion_field,Replicator motion field,model_based,decentralized,baseline,replicator_target_congestion_field,sp4_population_motion_family,none,distributed_replicator_motion_field,local_target_obstacle_neighbor_scores,0,5,False,False,8,18.0,0,0.28,0.35,0.08,0.12,36.0,3.2,1.0,0.0,23.475,26.64,120.67356057492961,15.084195071866201,1.0220167964217177,971.6456373453069,91,0.0377906976744186,132,-0.48836037770818863,18.0,12.181314863154395,0.41761337408267457,0.6916151531374352,0.0,1.4475361823428643,5836,69.83180006500334,-44.52231411854224,12.93126952614477,-57.453583644687015,0.07181697955585876,0.07181697955585876,8,0,True
SP4_DIAG_wrench_market_motion_safety,communication_limited,communication_limited_v00,5401,logit_motion_field,Logit motion field,model_based,decentralized,baseline,logit_softmax_motion_field,sp4_population_motion_family,none,distributed_logit_smoothed_motion_field,local_softmax_flow_scores,0,6,False,False,8,18.0,0,0.28,0.35,0.08,0.12,36.0,3.2,1.0,0.0,24.555,27.84,120.71021810624032,15.08877726328004,1.021706428225034,971.8018876473366,96,0.03986710963455149,139,-0.48532802803501063,18.0,12.115515378075031,0.41774023431007884,0.6615449290879815,0.0,2.527536182342864,5936,67.74179998319596,-51.243329982769815,12.93126952614477,-64.17459950891458,0.08021824938614323,0.08021824938614323,8,0,True
SP4_DIAG_wrench_market_motion_safety,communication_limited,communication_limited_v00,5401,bnn_motion_field,BNN/Brown motion field,model_based,decentralized,baseline,brown_bnn_positive_excess_field,sp4_population_motion_family,none,distributed_bnn_positive_excess_motion_field,local_positive_excess_neighbor_scores,0,6,False,False,8,18.0,0,0.28,0.35,0.08,0.12,36.0,3.2,1.0,0.0,25.155,28.56,120.86775219470823,15.108469024338529,1.0203747778225931,973.0385530305183,95,0.03945182724252492,140,-0.5043963301475004,18.0,12.083704223538707,0.4182854104191172,0.6465098170632546,0.0,3.127536182342864,5996,70.47559996135533,-51.2536763952008,12.93126952614477,-64.18494592134557,0.08023118240168196,0.08023118240168196,8,0,True
SP4_DIAG_wrench_market_motion_safety,communication_limited,communication_limited_v00,5401,primal_dual_motion_field,Primal-dual motion field,model_based,decentralized,proposed,primal_dual_barrier_motion_field,sp4_motion_proposed,none,distributed_primal_dual_barrier_motion_field,local_barrier_dual_prices,0,7,False,False,8,18.0,0,0.28,0.35,0.08,0.12,36.0,3.2,1.0,0.0,28.095,32.28,140.19609116891752,17.52451139611469,0.8796993180287389,1125.8035312389673,21,0.00872093023255814,26,-0.16351130347830395,18.0,11.981588484152097,0.48517473411170214,0.6765800411127083,0.0,6.067536182342863,5210,121.7915000161156,12.016592072308939,12.93126952614477,-0.9146774538358322,0.0011433468172947902,0.0011433468172947902,8,0,True
SP4_DIAG_wrench_market_motion_safety,communication_limited,communication_limited_v00,5401,pid_safety_motion,PID safety motion,model_based,decentralized,proposed,pid_damped_safety_motion,sp4_motion_proposed,none,distributed_pid_damped_safety_feedback,local_target_error_and_clearance,0,5,False,False,8,18.0,0,0.28,0.35,0.08,0.12,36.0,3.2,1.0,0.0,31.064999999999998,35.519999999999996,141.61131237297454,17.701414046621817,0.8709078655154695,1137.5821389889961,15,0.006229235880398671,18,-0.10595198307335607,18.0,11.786648863809484,0.49007237116893104,0.6164395930138009,0.0,9.037536182342862,5474,121.65279989130795,12.81552377509883,12.93126952614477,-0.11574575104594054,0.00014468218880742568,0.00014468218880742568,8,0,True
SP4_DIAG_wrench_market_motion_safety,communication_limited,communication_limited_v00,5401,tensor_flow_motion_field,Smooth tensor-flow motion,model_based,decentralized,proposed,smooth_tensor_flow_barrier_motion,sp4_motion_proposed,none,distributed_smooth_tensor_flow_motion_field,local_anisotropic_clearance_tensor,0,8,False,False,8,18.0,0,0.28,0.35,0.08,0.12,36.0,3.2,1.0,0.0,29.895000000000003,35.76,145.98684638820924,18.248355798526156,0.8448049179967253,1167.777451220705,29,0.012043189368770765,34,-0.30778673807533313,18.0,11.89760886090112,0.5052147231042681,0.6615449290879816,0.0,7.867536182342864,5332,128.2702999887988,-0.5305352026629162,12.93126952614477,-13.461804728807687,0.016827255911009607,0.016827255911009607,8,0,True
SP4_DIAG_wrench_market_motion_safety,communication_limited,communication_limited_v00,5401,reference_time_expanded_cbf,Reference time-expanded CBF,model_based_reference,centralized,reference,time_expanded_safe_cbf_reference,sp4_motion_reference,none,centralized_time_expanded_cbf_reference,global_state_and_release_schedule,0,8,False,False,8,18.0,0,0.28,0.35,0.08,0.12,36.0,3.2,1.0,0.0,27.36,32.4,144.54687250321484,18.068359062901855,0.8532208525566589,1155.8863705872213,20,0.008305647840531562,23,-0.2492824272483738,18.0,12.052714042925436,0.5002314247757987,0.721685377186889,0.0,5.332536182342864,16800,119.44919999223202,12.93126952614477,12.93126952614477,0.0,0.0,0.0,8,0,True
SP4_DIAG_wrench_market_motion_safety,communication_limited,communication_limited_v00,5402,direct_to_target,Direct to target,classic,decentralized,baseline,direct_single_integrator,sp4_motion_baseline,none,local_target_feedback,none,0,0,False,False,8,18.0,0,0.28,0.35,0.08,0.12,36.0,3.2,1.0,0.0,20.909999999999997,24.119999999999997,121.35232840364296,15.16904105045537,1.0215685049682037,1084.3514990129574,82,0.0340531561461794,100,-0.4808892029310623,18.0,12.367620641654188,0.41996237681216386,0.795740122971379,2.220446049250313e-16,0.0,5472,14.927500043995678,-32.724601989761595,15.18580837864982,-47.91041036841142,0.05988801296051428,0.05988801296051428,8,0,True
SP4_DIAG_wrench_market_motion_safety,communication_limited,communication_limited_v00,5402,priority_yield,Priority yield,classic,centralized,baseline,priority_release_yield,sp4_motion_baseline,none,centralized_priority_schedule,global_priority_order,0,2,False,False,8,18.0,0,0.28,0.35,0.08,0.12,36.0,3.2,1.0,0.0,23.654999999999998,27.72,121.92717837119199,15.240897296398998,1.0167521167783429,1088.4739551739308,73,0.0303156146179402,94,-0.5126549375630435,18.0,12.255913613999855,0.4219517523919989,0.7320809131336686,0.0,2.3468427525001667,16800,32.4682000791654,-28.31419387645802,15.18580837864982,-43.500002255107844,0.054375002818884806,0.054375002818884806,8,0,True
SP4_DIAG_wrench_market_motion_safety,communication_limited,communication_limited_v00,5402,apf_obstacle_avoidance,APF obstacle avoidance,classic,decentralized,baseline,artificial_potential_field,sp4_motion_baseline,none,local_apf_feedback,local_obstacle_robot_neighbors,0,4,False,False,8,18.0,0,0.28,0.35,0.08,0.12,36.0,3.2,1.0,0.0,22.724999999999998,26.16,121.34213960973611,15.167767451217014,1.0216542835031162,1083.8604988738448,87,0.03612956810631229,110,-0.4301001521213674,18.0,12.254850287773262,0.4199271165896183,0.7320809131336686,0.0,1.4168427525001674,5638,55.09129993151873,-40.604839158029904,15.18580837864982,-55.79064753667973,0.06973830942084966,0.06973830942084966,8,0,True
SP4_DIAG_wrench_market_motion_safety,communication_limited,communication_limited_v00,5402,velocity_obstacle_proxy,Velocity obstacle proxy,sota,decentralized,baseline,velocity_obstacle_proxy,sp4_motion_sota_proxy,none,local_velocity_obstacle_proxy,local_relative_state_neighbors,0,5,False,False,8,18.0,0,0.28,0.35,0.08,0.12,36.0,3.2,1.0,0.0,23.25,26.759999999999998,121.41355273849315,15.176694092311644,1.0210533660005197,1084.4258617484552,91,0.0377906976744186,114,-0.4321927533936837,18.0,12.225818408985726,0.4201742550473879,0.7161661106742411,0.0,1.9418427525001678,5676,62.382200034335256,-45.4529146385577,15.18580837864982,-60.638723017207525,0.07579840377150941,0.07579840377150941,8,0,True
SP4_DIAG_wrench_market_motion_safety,communication_limited,communication_limited_v00,5402,cbf_safety_filter,CBF safety filter,sota,centralized,baseline,cbf_velocity_projection_proxy,sp4_motion_sota_proxy,none,centralized_cbf_velocity_projection_proxy,global_relative_state,0,6,False,False,8,18.0,0,0.28,0.35,0.08,0.12,36.0,3.2,1.0,0.0,25.875,30.24,140.2318425333728,17.5289803166716,0.8840340001395713,1246.8224448328983,25,0.010382059800664452,27,-0.2164052738501438,18.0,12.087362831504041,0.4852984583796127,0.7479957155930962,0.0,4.566842752500167,16800,99.77710002567619,10.363826672734307,15.18580837864982,-4.821981705915514,0.006027477132394392,0.006027477132394392,8,0,True
SP4_DIAG_wrench_market_motion_safety,communication_limited,communication_limited_v00,5402,smith_motion_field,Smith-QR motion field,model_based,decentralized,proposed,smith_qr_congestion_field,sp4_motion_proposed,none,distributed_smith_qr_motion_field,local_congestion_price_neighbors,0,6,False,False,8,18.0,0,0.28,0.35,0.08,0.12,36.0,3.2,1.0,0.0,26.985,32.16,146.24837918911788,18.281047398639735,0.8476655768021286,1311.0405208155241,3,0.0012458471760797341,4,-0.02796199377950881,18.0,12.016425911147914,0.5061198061638909,0.7479957155930962,0.0,5.676842752500167,5008,117.60920006781816,28.548918147647456,15.18580837864982,13.363109768997635,0.0,0.0,8,0,True
SP4_DIAG_wrench_market_motion_safety,communication_limited,communication_limited_v00,5402,replicator_motion_field,Replicator motion field,model_based,decentralized,baseline,replicator_target_congestion_field,sp4_population_motion_family,none,distributed_replicator_motion_field,local_target_obstacle_neighbor_scores,0,5,False,False,8,18.0,0,0.28,0.35,0.08,0.12,36.0,3.2,1.0,0.0,22.74,26.16,121.36495585718009,15.170619482147512,1.0214622155641466,1084.0140383324501,87,0.03612956810631229,111,-0.4321412988066915,18.0,12.255519635532988,0.42000607647141514,0.7320809131336686,0.0,1.4318427525001676,5638,67.3263999633491,-40.63539412705363,15.18580837864982,-55.821202505703454,0.06977650313212931,0.06977650313212931,8,0,True
SP4_DIAG_wrench_market_motion_safety,communication_limited,communication_limited_v00,5402,logit_motion_field,Logit motion field,model_based,decentralized,baseline,logit_softmax_motion_field,sp4_population_motion_family,none,distributed_logit_smoothed_motion_field,local_softmax_flow_scores,0,6,False,False,8,18.0,0,0.28,0.35,0.08,0.12,36.0,3.2,1.0,0.0,23.79,27.36,121.40872851802737,15.176091064753422,1.0210939379314263,1084.3816559464926,92,0.03820598006644518,115,-0.43122150241561286,18.0,12.192780112035194,0.42015755993226533,0.7002513082148134,0.0,2.4818427525001674,5736,67.24370003212243,-47.31208899289939,15.18580837864982,-62.497897371549215,0.07812237171443652,0.07812237171443652,8,0,True
SP4_DIAG_wrench_market_motion_safety,communication_limited,communication_limited_v00,5402,bnn_motion_field,BNN/Brown motion field,model_based,decentralized,baseline,brown_bnn_positive_excess_field,sp4_population_motion_family,none,distributed_bnn_positive_excess_motion_field,local_positive_excess_neighbor_scores,0,6,False,False,8,18.0,0,0.28,0.35,0.08,0.12,36.0,3.2,1.0,0.0,24.314999999999998,27.959999999999997,121.3865005768447,15.173312572105587,1.0212809176687652,1084.0647392570504,93,0.038621262458471764,119,-0.4377062449291803,18.0,12.15723938077944,0.4200806359940638,0.6843365057553858,0.0,3.0068427525001673,5778,70.38879999890924,-49.14070741980857,15.18580837864982,-64.32651579845839,0.08040814474807298,0.08040814474807298,8,0,True
SP4_DIAG_wrench_market_motion_safety,communication_limited,communication_limited_v00,5402,primal_dual_motion_field,Primal-dual motion field,model_based,decentralized,proposed,primal_dual_barrier_motion_field,sp4_motion_proposed,none,distributed_primal_dual_barrier_motion_field,local_barrier_dual_prices,0,7,False,False,8,18.0,0,0.28,0.35,0.08,0.12,36.0,3.2,1.0,0.0,27.464999999999996,31.799999999999997,142.4357084711722,17.804463558896526,0.8703556013610904,1267.7861641705554,28,0.011627906976744186,31,-0.2662006060028635,18.0,11.989422204321524,0.49292534769923946,0.7161661106742411,0.0,6.156842752500166,5002,119.56740007735789,4.135305750450524,15.18580837864982,-11.050502628199297,0.01381312828524912,0.01381312828524912,8,0,True
SP4_DIAG_wrench_market_motion_safety,communication_limited,communication_limited_v00,5402,pid_safety_motion,PID safety motion,model_based,decentralized,proposed,pid_damped_safety_motion,sp4_motion_proposed,none,distributed_pid_damped_safety_feedback,local_target_error_and_clearance,0,5,False,False,8,18.0,0,0.28,0.35,0.08,0.12,36.0,3.2,0.75,0.25,28.799999999999997,35.16,144.0464756364425,18.005809454555312,0.8606230465131685,1289.989186667932,6,0.0024916943521594683,10,-0.021102020125526866,18.0,11.815096094197408,0.49849970804416716,0.6525069008365306,0.0,9.291842752500166,5114,121.44110002554953,-23.280182951879397,15.18580837864982,-38.46599133052922,0.048082489163161525,0.048082489163161525,6,2,False
SP4_DIAG_wrench_market_motion_safety,communication_limited,communication_limited_v00,5402,tensor_flow_motion_field,Smooth tensor-flow motion,model_based,decentralized,proposed,smooth_tensor_flow_barrier_motion,sp4_motion_proposed,none,distributed_smooth_tensor_flow_motion_field,local_anisotropic_clearance_tensor,0,8,False,False,8,18.0,0,0.28,0.35,0.08,0.12,36.0,3.2,1.0,0.0,28.08,32.28,142.3955425351199,17.799442816889986,0.8706011051655259,1266.7932328110348,24,0.009966777408637873,27,-0.18289400561335956,18.0,11.952504703178953,0.4927863459825577,0.7002513082148134,0.0,6.7718427525001665,5026,121.32120004389435,7.156782533432393,15.18580837864982,-8.029025845217427,0.010036282306521784,0.010036282306521784,8,0,True
SP4_DIAG_wrench_market_motion_safety,communication_limited,communication_limited_v00,5402,reference_time_expanded_cbf,Reference time-expanded CBF,model_based_reference,centralized,reference,time_expanded_safe_cbf_reference,sp4_motion_reference,none,centralized_time_expanded_cbf_reference,global_state_and_release_schedule,0,8,False,False,8,18.0,0,0.28,0.35,0.08,0.12,36.0,3.2,1.0,0.0,25.455,29.759999999999998,139.7045126383404,17.46306407979255,0.8873708827333748,1242.0966282775755,21,0.00872093023255814,23,-0.1573181834583799,18.0,12.137596736696171,0.483473534877978,0.7639105180525236,0.0,4.1468427525001665,16800,119.54800004605204,15.18580837864982,15.18580837864982,0.0,0.0,0.0,8,0,True
SP4_DIAG_wrench_market_motion_safety,communication_limited,communication_limited_v00,5403,direct_to_target,Direct to target,classic,decentralized,baseline,direct_single_integrator,sp4_motion_baseline,none,local_target_feedback,none,0,0,False,False,8,18.0,0,0.28,0.35,0.08,0.12,36.0,3.2,1.0,0.0,20.805,24.72,120.65871911695359,15.082339889619199,1.0208509070711926,878.1182387885556,89,0.03696013289036545,118,-0.46736351698879336,18.0,12.35592817042836,0.4175620124479288,0.7985747233567865,1.1102230246251565e-16,0.0,5534,16.368500073440373,-37.31841953049242,35.06458408677167,-72.38300361726408,0.09047875452158011,0.09047875452158011,8,0,True
SP4_DIAG_wrench_market_motion_safety,communication_limited,communication_limited_v00,5403,priority_yield,Priority yield,classic,centralized,baseline,priority_release_yield,sp4_motion_baseline,none,centralized_priority_schedule,global_priority_order,0,2,False,False,8,18.0,0,0.28,0.35,0.08,0.12,36.0,3.2,1.0,0.0,23.46,28.439999999999998,120.83295800623259,15.104119750779073,1.019378858955327,879.0459600996593,105,0.0436046511627907,124,-0.43161382287658573,18.0,12.242518520821443,0.4181649986372944,0.7346887454882436,0.0,2.283685762412608,16800,31.219299999065697,-57.560873153065444,35.06458408677167,-92.62545723983712,0.1157818215497964,0.1157818215497964,8,0,True
SP4_DIAG_wrench_market_motion_safety,communication_limited,communication_limited_v00,5403,apf_obstacle_avoidance,APF obstacle avoidance,classic,decentralized,baseline,artificial_potential_field,sp4_motion_baseline,none,local_apf_feedback,local_obstacle_robot_neighbors,0,4,False,False,8,18.0,0,0.28,0.35,0.08,0.12,36.0,3.2,1.0,0.0,22.605,26.88,120.63311426849043,15.079139283561304,1.0210675866532255,877.7079326518515,93,0.038621262458471764,122,-0.43132374417977726,18.0,12.241759520638071,0.4174734020919521,0.7346887454882436,0.0,1.428685762412608,5702,55.9413000009954,-44.17539436591865,35.06458408677167,-79.23997845269031,0.09904997306586288,0.09904997306586288,8,0,True
SP4_DIAG_wrench_market_motion_safety,communication_limited,communication_limited_v00,5403,velocity_obstacle_proxy,Velocity obstacle proxy,sota,decentralized,baseline,velocity_obstacle_proxy,sp4_motion_sota_proxy,none,local_velocity_obstacle_proxy,local_relative_state_neighbors,0,5,False,False,8,18.0,0,0.28,0.35,0.08,0.12,36.0,3.2,1.0,0.0,23.07,27.48,120.50313336880785,15.062891671100981,1.0221689628568111,876.7083537361168,90,0.03737541528239203,123,-0.4092632631170512,18.0,12.205943451079131,0.417023578934136,0.718717251021108,0.0,1.8936857624126082,5746,70.29169995803386,-41.89076955623977,35.06458408677167,-76.95535364301143,0.0961941920537643,0.0961941920537643,8,0,True
SP4_DIAG_wrench_market_motion_safety,communication_limited,communication_limited_v00,5403,cbf_safety_filter,CBF safety filter,sota,centralized,baseline,cbf_velocity_projection_proxy,sp4_motion_sota_proxy,none,centralized_cbf_velocity_projection_proxy,global_relative_state,0,6,False,False,8,18.0,0,0.28,0.35,0.08,0.12,36.0,3.2,1.0,0.0,25.92,31.08,140.34080297356212,17.542600371695265,0.8776817593084055,1029.428656880335,14,0.005813953488372093,17,-0.1634259763066298,18.0,12.064433011052394,0.48567553631492977,0.7506602399553793,0.0,4.743685762412609,16800,94.02089996729046,23.405248404919952,35.06458408677167,-11.659335681851715,0.014574169602314644,0.014574169602314644,8,0,True
SP4_DIAG_wrench_market_motion_safety,communication_limited,communication_limited_v00,5403,smith_motion_field,Smith-QR motion field,model_based,decentralized,proposed,smith_qr_congestion_field,sp4_motion_proposed,none,distributed_smith_qr_motion_field,local_congestion_price_neighbors,0,6,False,False,8,18.0,0,0.28,0.35,0.08,0.12,36.0,3.2,1.0,0.0,26.415,33.24,142.81858719494522,17.852323399368153,0.8624547075826964,1046.212521775566,8,0.0033222591362126247,9,-0.12019574400388428,18.0,12.110169256313263,0.4942503709681103,0.7506602399553793,0.0,5.238685762412608,4634,108.17499994300306,27.880363672446073,35.06458408677167,-7.184220414325594,0.008980275517906993,0.008980275517906993,8,0,True
SP4_DIAG_wrench_market_motion_safety,communication_limited,communication_limited_v00,5403,replicator_motion_field,Replicator motion field,model_based,decentralized,baseline,replicator_target_congestion_field,sp4_population_motion_family,none,distributed_replicator_motion_field,local_target_obstacle_neighbor_scores,0,5,False,False,8,18.0,0,0.28,0.35,0.08,0.12,36.0,3.2,1.0,0.0,22.619999999999997,26.88,120.65316637282586,15.081645796603233,1.020897889044811,877.8947859272823,93,0.038621262458471764,122,-0.4331942629120446,18.0,12.242349104377649,0.4175427961407319,0.7346887454882436,0.0,1.4436857624126076,5702,60.62260002363473,-44.205674361626755,35.06458408677167,-79.27025844839842,0.09908782306049803,0.09908782306049803,8,0,True
SP4_DIAG_wrench_market_motion_safety,communication_limited,communication_limited_v00,5403,logit_motion_field,Logit motion field,model_based,decentralized,baseline,logit_softmax_motion_field,sp4_population_motion_family,none,distributed_logit_smoothed_motion_field,local_softmax_flow_scores,0,6,False,False,8,18.0,0,0.28,0.35,0.08,0.12,36.0,3.2,1.0,0.0,23.625,28.08,120.56926266231683,15.071157832789604,1.0216083281654484,877.1173152941834,93,0.038621262458471764,127,-0.4119679041108256,18.0,12.175542218481507,0.4172524316940645,0.7027457565539721,0.0,2.448685762412608,5798,65.16710005234927,-45.78744083898378,35.06458408677167,-80.85202492575544,0.1010650311571943,0.1010650311571943,8,0,True
SP4_DIAG_wrench_market_motion_safety,communication_limited,communication_limited_v00,5403,bnn_motion_field,BNN/Brown motion field,model_based,decentralized,baseline,brown_bnn_positive_excess_field,sp4_population_motion_family,none,distributed_bnn_positive_excess_motion_field,local_positive_excess_neighbor_scores,0,6,False,False,8,18.0,0,0.28,0.35,0.08,0.12,36.0,3.2,1.0,0.0,24.165,28.68,120.60611293319633,15.075764116649541,1.0212961835924241,877.4163398451395,94,0.03903654485049834,128,-0.40536002452822917,18.0,12.141961920317861,0.41737995893271124,0.6867742620868363,0.0,2.988685762412608,5854,71.8582000117749,-47.6592158849506,35.06458408677167,-82.72379997172226,0.10340474996465282,0.10340474996465282,8,0,True
SP4_DIAG_wrench_market_motion_safety,communication_limited,communication_limited_v00,5403,primal_dual_motion_field,Primal-dual motion field,model_based,decentralized,proposed,primal_dual_barrier_motion_field,sp4_motion_proposed,none,distributed_primal_dual_barrier_motion_field,local_barrier_dual_prices,0,7,False,False,8,18.0,0,0.28,0.35,0.08,0.12,36.0,3.2,1.0,0.0,27.075,32.64,140.7149855010399,17.589373187629988,0.8753478701504754,1032.2233340700163,12,0.0049833887043189366,15,-0.12510474709565433,18.0,11.94352661864523,0.4869704647738094,0.7187172510211078,0.0,5.898685762412608,5338,117.4670000327751,23.4403369587056,35.06458408677167,-11.624247128066067,0.014530308910082583,0.014530308910082583,8,0,True
SP4_DIAG_wrench_market_motion_safety,communication_limited,communication_limited_v00,5403,pid_safety_motion,PID safety motion,model_based,decentralized,proposed,pid_damped_safety_motion,sp4_motion_proposed,none,distributed_pid_damped_safety_feedback,local_target_error_and_clearance,0,5,False,False,8,18.0,0,0.28,0.35,0.08,0.12,36.0,3.2,0.75,0.25,27.539999999999996,33.6,140.03346745681836,17.504183432102295,0.8796080329480753,1026.409483578092,0,0.0,0,0.22437260600322395,18.0,11.881310206723063,0.48461194441036237,0.6548312731525648,0.0,8.478685762412608,5276,117.16369993519038,-12.269457676280958,35.06458408677167,-47.334041763052625,0.05916755220381578,0.05916755220381578,6,2,False
SP4_DIAG_wrench_market_motion_safety,communication_limited,communication_limited_v00,5403,tensor_flow_motion_field,Smooth tensor-flow motion,model_based,decentralized,proposed,smooth_tensor_flow_barrier_motion,sp4_motion_proposed,none,distributed_smooth_tensor_flow_motion_field,local_anisotropic_clearance_tensor,0,8,False,False,8,18.0,0,0.28,0.35,0.08,0.12,36.0,3.2,1.0,0.0,27.585,33.36,139.61306467590384,17.45163308448798,0.8822567081564059,1023.3233270808304,9,0.003737541528239203,12,-0.10686646200012151,18.0,11.97531928464677,0.4831570621397556,0.7027457565539721,0.0,6.408685762412608,5296,115.98949995823205,25.94579283271876,35.06458408677167,-9.118791254052908,0.011398489067566136,0.011398489067566136,8,0,True
SP4_DIAG_wrench_market_motion_safety,communication_limited,communication_limited_v00,5403,reference_time_expanded_cbf,Reference time-expanded CBF,model_based_reference,centralized,reference,time_expanded_safe_cbf_reference,sp4_motion_reference,none,centralized_time_expanded_cbf_reference,global_state_and_release_schedule,0,8,False,False,8,18.0,0,0.28,0.35,0.08,0.12,36.0,3.2,1.0,0.0,25.23,29.759999999999998,138.36182086875124,17.295227608593905,0.8902351969871268,1014.1104358647914,4,0.0016611295681063123,8,-0.04847071386432211,18.0,12.120312505899314,0.47882689946273393,0.7666317344225151,0.0,4.0536857624126075,16800,108.46679995302111,35.06458408677167,35.06458408677167,0.0,0.0,0.0,8,0,True
SP4_DIAG_wrench_market_motion_safety,communication_limited,communication_limited_v00,5404,direct_to_target,Direct to target,classic,decentralized,baseline,direct_single_integrator,sp4_motion_baseline,none,local_target_feedback,none,0,0,False,False,8,18.0,0,0.28,0.35,0.08,0.12,36.0,3.2,1.0,0.0,21.015,24.72,120.72098811170777,15.090123513963471,1.0211638600317592,1022.7684812207408,84,0.03488372093023256,130,-0.4058785972201776,18.0,12.331772572790207,0.4177775059236841,0.7537236080038051,2.220446049250313e-16,0.0,5602,17.32310000807047,-34.13123242934125,21.147344667527996,-55.27857709686925,0.06909822137108657,0.06909822137108657,8,0,True
SP4_DIAG_wrench_market_motion_safety,communication_limited,communication_limited_v00,5404,priority_yield,Priority yield,classic,centralized,baseline,priority_release_yield,sp4_motion_baseline,none,centralized_priority_schedule,global_priority_order,0,2,False,False,8,18.0,0,0.28,0.35,0.08,0.12,36.0,3.2,1.0,0.0,23.775,28.439999999999998,121.3506765319105,15.168834566488812,1.0158650427843545,1027.5043227291055,113,0.046926910299003324,167,-0.5347525238930775,18.0,12.208048746003968,0.4199566602017935,0.6934257193635006,0.0,2.3693877111160035,16800,32.381400000303984,-67.63677678191934,21.147344667527996,-88.78412144944733,0.11098015181180916,0.11098015181180916,8,0,True
SP4_DIAG_wrench_market_motion_safety,communication_limited,communication_limited_v00,5404,apf_obstacle_avoidance,APF obstacle avoidance,classic,decentralized,baseline,artificial_potential_field,sp4_motion_baseline,none,local_apf_feedback,local_obstacle_robot_neighbors,0,4,False,False,8,18.0,0,0.28,0.35,0.08,0.12,36.0,3.2,1.0,0.0,22.83,26.88,120.68366786056934,15.085458482571168,1.0214796450288965,1022.320786817475,94,0.03903654485049834,135,-0.3503938983034973,18.0,12.215712812641419,0.4176483522306519,0.6934257193635006,0.0,1.4243877111160037,5770,55.46000006143004,-46.98932243869602,21.147344667527996,-68.13666710622402,0.08517083388278003,0.08517083388278003,8,0,True
SP4_DIAG_wrench_market_motion_safety,communication_limited,communication_limited_v00,5404,velocity_obstacle_proxy,Velocity obstacle proxy,sota,decentralized,baseline,velocity_obstacle_proxy,sp4_motion_sota_proxy,none,local_velocity_obstacle_proxy,local_relative_state_neighbors,0,5,False,False,8,18.0,0,0.28,0.35,0.08,0.12,36.0,3.2,1.0,0.0,23.339999999999996,27.48,120.69327715472976,15.08665964434122,1.0213983173972392,1022.3598646880021,97,0.04028239202657807,137,-0.339660759396041,18.0,12.183842260849786,0.41768160698619083,0.6783512472034245,0.0,1.9343877111160044,5810,67.09130003582686,-50.79786048470794,21.147344667527996,-71.94520515223593,0.0899315064402949,0.0899315064402949,8,0,True
SP4_DIAG_wrench_market_motion_safety,communication_limited,communication_limited_v00,5404,cbf_safety_filter,CBF safety filter,sota,centralized,baseline,cbf_velocity_projection_proxy,sp4_motion_sota_proxy,none,centralized_cbf_velocity_projection_proxy,global_relative_state,0,6,False,False,8,18.0,0,0.28,0.35,0.08,0.12,36.0,3.2,1.0,0.0,26.324999999999996,30.24,141.7289868267868,17.71612335334835,0.8698002643429639,1201.791489669289,2,0.0008305647840531562,6,-0.012852573578937876,18.0,12.067999526093308,0.49047960557442855,0.7085001915235768,0.0,4.919387711116005,16800,102.72450000047684,32.68835251968643,21.147344667527996,11.541007852158437,0.0,0.0,8,0,True
SP4_DIAG_wrench_market_motion_safety,communication_limited,communication_limited_v00,5404,smith_motion_field,Smith-QR motion field,model_based,decentralized,proposed,smith_qr_congestion_field,sp4_motion_proposed,none,distributed_smith_qr_motion_field,local_congestion_price_neighbors,0,6,False,False,8,18.0,0,0.28,0.35,0.08,0.12,36.0,3.2,1.0,0.0,27.479999999999997,31.2,147.6951176462457,18.461889705780713,0.8346647619203355,1255.4870988643092,19,0.007890365448504983,31,-0.10778666293273842,18.0,11.973258182891767,0.5111265145564983,0.7085001915235767,0.0,6.074387711116004,4912,121.02060008328408,12.047326052770895,21.147344667527996,-9.1000186147571,0.011375023268446376,0.011375023268446376,8,0,True
SP4_DIAG_wrench_market_motion_safety,communication_limited,communication_limited_v00,5404,replicator_motion_field,Replicator motion field,model_based,decentralized,baseline,replicator_target_congestion_field,sp4_population_motion_family,none,distributed_replicator_motion_field,local_target_obstacle_neighbor_scores,0,5,False,False,8,18.0,0,0.28,0.35,0.08,0.12,36.0,3.2,1.0,0.0,22.845,26.88,120.7062605977645,15.088282574720562,1.0212884534448308,1022.5185535425068,95,0.03945182724252492,134,-0.35314077493060303,18.0,12.2164238973293,0.41772653861352527,0.6934257193635006,0.0,1.4393877111160038,5770,63.55339998845011,-48.01694824899306,21.147344667527996,-69.16429291652105,0.08645536614565132,0.08645536614565132,8,0,True
SP4_DIAG_wrench_market_motion_safety,communication_limited,communication_limited_v00,5404,logit_motion_field,Logit motion field,model_based,decentralized,baseline,logit_softmax_motion_field,sp4_population_motion_family,none,distributed_logit_smoothed_motion_field,local_softmax_flow_scores,0,6,False,False,8,18.0,0,0.28,0.35,0.08,0.12,36.0,3.2,1.0,0.0,23.88,28.2,120.68709165458793,15.085886456823491,1.0214506664873573,1022.3195315468705,97,0.04028239202657807,139,-0.34155293770748407,18.0,12.150209973151508,0.4176602009087353,0.6632767750433484,0.0,2.4743877111160035,5862,64.52210003044456,-51.66009634326543,21.147344667527996,-72.80744101079343,0.09100930126349178,0.09100930126349178,8,0,True
SP4_DIAG_wrench_market_motion_safety,communication_limited,communication_limited_v00,5404,bnn_motion_field,BNN/Brown motion field,model_based,decentralized,baseline,brown_bnn_positive_excess_field,sp4_population_motion_family,none,distributed_bnn_positive_excess_motion_field,local_positive_excess_neighbor_scores,0,6,False,False,8,18.0,0,0.28,0.35,0.08,0.12,36.0,3.2,1.0,0.0,24.435000000000002,28.799999999999997,120.75652624060027,15.094565780075033,1.020863335877844,1022.705388197842,101,0.04194352159468438,141,-0.32972114587949136,18.0,12.117037422961669,0.4179004922501395,0.6482023028832723,0.0,3.029387711116004,5914,67.52300006337464,-56.553941482153,21.147344667527996,-77.701286149681,0.09712660768710124,0.09712660768710124,8,0,True
SP4_DIAG_wrench_market_motion_safety,communication_limited,communication_limited_v00,5404,primal_dual_motion_field,Primal-dual motion field,model_based,decentralized,proposed,primal_dual_barrier_motion_field,sp4_motion_proposed,none,distributed_primal_dual_barrier_motion_field,local_barrier_dual_prices,0,7,False,False,8,18.0,0,0.28,0.35,0.08,0.12,36.0,3.2,1.0,0.0,27.9,32.04,143.6056508184238,17.950706352302976,0.858433560966697,1218.7379995683953,8,0.0033222591362126247,17,-0.02680460660514472,18.0,11.963002333432009,0.4969741515034042,0.6783512472034245,0.0,6.494387711116005,5194,125.66619995050132,23.605954897352504,21.147344667527996,2.458610229824508,0.0,0.0,8,0,True
SP4_DIAG_wrench_market_motion_safety,communication_limited,communication_limited_v00,5404,pid_safety_motion,PID safety motion,model_based,decentralized,proposed,pid_damped_safety_motion,sp4_motion_proposed,none,distributed_pid_damped_safety_feedback,local_target_error_and_clearance,0,5,False,False,8,18.0,0,0.28,0.35,0.08,0.12,36.0,3.2,1.0,0.0,31.154999999999998,35.519999999999996,145.54834674833643,18.193543343542053,0.8469756816966979,1236.2959834434134,15,0.006229235880398671,28,-0.062350146048933686,18.0,11.74964481281169,0.5036972132763572,0.61805335856312,0.0,9.749387711116002,5264,121.93180003669113,10.818237767975043,21.147344667527996,-10.329106899552952,0.01291138362444119,0.01291138362444119,8,0,True
SP4_DIAG_wrench_market_motion_safety,communication_limited,communication_limited_v00,5404,tensor_flow_motion_field,Smooth tensor-flow motion,model_based,decentralized,proposed,smooth_tensor_flow_barrier_motion,sp4_motion_proposed,none,distributed_smooth_tensor_flow_motion_field,local_anisotropic_clearance_tensor,0,8,False,False,8,18.0,0,0.28,0.35,0.08,0.12,36.0,3.2,1.0,0.0,28.545,32.76,143.87805132789492,17.984756415986865,0.8568083114085033,1221.3991822667585,0,0.0,13,0.052584675863472596,18.0,11.913633326792908,0.49791684429642585,0.6632767750433484,0.0,7.1393877111160045,5210,124.72980003803968,30.460836885195533,21.147344667527996,9.313492217667537,0.0,0.0,8,0,True
SP4_DIAG_wrench_market_motion_safety,communication_limited,communication_limited_v00,5404,reference_time_expanded_cbf,Reference time-expanded CBF,model_based_reference,centralized,reference,time_expanded_safe_cbf_reference,sp4_motion_reference,none,centralized_time_expanded_cbf_reference,global_state_and_release_schedule,0,8,False,False,8,18.0,0,0.28,0.35,0.08,0.12,36.0,3.2,1.0,0.0,26.939999999999998,35.76,146.79520391040603,18.349400488800754,0.8397815931523143,1249.0255322681007,11,0.004568106312292359,19,-0.18165682920460996,18.0,12.074904704352232,0.5080121951495227,0.7235746636836528,0.0,5.534387711116004,16800,125.58689992874861,21.147344667527996,21.147344667527996,0.0,0.0,0.0,8,0,True
SP4_DIAG_wrench_market_motion_safety,communication_limited,communication_limited_v00,5405,direct_to_target,Direct to target,classic,decentralized,baseline,direct_single_integrator,sp4_motion_baseline,none,local_target_feedback,none,0,0,False,False,8,18.0,0,0.28,0.35,0.08,0.12,36.0,3.2,1.0,0.0,21.555,24.48,120.96686764490386,15.120858455612982,1.0208833971639066,967.0760440419995,81,0.03363787375415282,103,-0.40258648277282577,18.0,12.305862603711475,0.4186284179294853,0.7775459828824796,2.220446049250313e-16,0.0,5642,16.138299950398505,-31.50236833226561,36.89026848238965,-68.39263681465526,0.08549079601831908,0.08549079601831908,8,0,True
SP4_DIAG_wrench_market_motion_safety,communication_limited,communication_limited_v00,5405,priority_yield,Priority yield,classic,centralized,baseline,priority_release_yield,sp4_motion_baseline,none,centralized_priority_schedule,global_priority_order,0,2,False,False,8,18.0,0,0.28,0.35,0.08,0.12,36.0,3.2,1.0,0.0,24.285,28.439999999999998,121.17589716313599,15.146987145391998,1.019122364073365,968.8654740249276,118,0.049003322259136214,143,-0.5057498537506183,18.0,12.196297563049413,0.41935180358228114,0.7153423042518813,0.0,2.3319201032540677,16800,33.51229999680072,-72.81132553806611,36.89026848238965,-109.70159402045576,0.1371269925255697,0.1371269925255697,8,0,True
SP4_DIAG_wrench_market_motion_safety,communication_limited,communication_limited_v00,5405,apf_obstacle_avoidance,APF obstacle avoidance,classic,decentralized,baseline,artificial_potential_field,sp4_motion_baseline,none,local_apf_feedback,local_obstacle_robot_neighbors,0,4,False,False,8,18.0,0,0.28,0.35,0.08,0.12,36.0,3.2,1.0,0.0,23.415,26.64,120.92664089367395,15.115830111709244,1.021222998281981,966.6129821377583,83,0.03446843853820598,122,-0.3615971429163516,18.0,12.187485438592262,0.4184892057505327,0.7153423042518813,0.0,1.461920103254068,5816,57.86599998828024,-36.45824330968019,36.89026848238965,-73.34851179206984,0.09168563974008731,0.09168563974008731,8,0,True
SP4_DIAG_wrench_market_motion_safety,communication_limited,communication_limited_v00,5405,velocity_obstacle_proxy,Velocity obstacle proxy,sota,decentralized,baseline,velocity_obstacle_proxy,sp4_motion_sota_proxy,none,local_velocity_obstacle_proxy,local_relative_state_neighbors,0,5,False,False,8,18.0,0,0.28,0.35,0.08,0.12,36.0,3.2,1.0,0.0,23.924999999999997,27.24,120.89141914900875,15.111427393626094,1.0215205318533866,966.1897209575711,84,0.03488372093023256,125,-0.347957615644357,18.0,12.154109680938843,0.4183673143307336,0.6997913845942316,0.0,1.9719201032540674,5864,80.67629998549819,-38.258939654915764,36.89026848238965,-75.14920813730541,0.09393651017163177,0.09393651017163177,8,0,True
SP4_DIAG_wrench_market_motion_safety,communication_limited,communication_limited_v00,5405,cbf_safety_filter,CBF safety filter,sota,centralized,baseline,cbf_velocity_projection_proxy,sp4_motion_sota_proxy,none,centralized_cbf_velocity_projection_proxy,global_relative_state,0,6,False,False,8,18.0,0,0.28,0.35,0.08,0.12,36.0,3.2,1.0,0.0,27.36,31.68,143.63319394327684,17.954149242909605,0.8597808305674495,1139.036580175366,0,0.0,11,0.0024911665626340396,18.0,12.019203216072672,0.49706946962651194,0.7308932239095307,0.0,5.406920103254068,16800,98.29039999749511,33.23433153072543,36.89026848238965,-3.6559369516642235,0.00456992118958028,0.00456992118958028,8,0,True
SP4_DIAG_wrench_market_motion_safety,communication_limited,communication_limited_v00,5405,smith_motion_field,Smith-QR motion field,model_based,decentralized,proposed,smith_qr_congestion_field,sp4_motion_proposed,none,distributed_smith_qr_motion_field,local_congestion_price_neighbors,0,6,False,False,8,18.0,0,0.28,0.35,0.08,0.12,36.0,3.2,1.0,0.0,28.019999999999996,32.64,147.14268583322968,18.39283572915371,0.8392742465335461,1172.7729874376548,15,0.006229235880398671,18,-0.14757742711986582,18.0,11.973505836930565,0.5092147211836577,0.7308932239095308,0.0,6.066920103254068,5214,122.02980008441955,16.118713129356117,36.89026848238965,-20.771555353033534,0.025964444191291916,0.025964444191291916,8,0,True
SP4_DIAG_wrench_market_motion_safety,communication_limited,communication_limited_v00,5405,replicator_motion_field,Replicator motion field,model_based,decentralized,baseline,replicator_target_congestion_field,sp4_population_motion_family,none,distributed_replicator_motion_field,local_target_obstacle_neighbor_scores,0,5,False,False,8,18.0,0,0.28,0.35,0.08,0.12,36.0,3.2,1.0,0.0,23.43,26.64,120.94996421116511,15.118745526395639,1.0210260713264954,966.7714799092854,83,0.03446843853820598,120,-0.36387615106781473,18.0,12.18833651060354,0.4185699204428471,0.7153423042518813,0.0,1.4769201032540682,5816,65.60590001754463,-36.48895941724352,36.89026848238965,-73.37922789963318,0.09172403487454148,0.09172403487454148,8,0,True
SP4_DIAG_wrench_market_motion_safety,communication_limited,communication_limited_v00,5405,logit_motion_field,Logit motion field,model_based,decentralized,baseline,logit_softmax_motion_field,sp4_population_motion_family,none,distributed_logit_smoothed_motion_field,local_softmax_flow_scores,0,6,False,False,8,18.0,0,0.28,0.35,0.08,0.12,36.0,3.2,1.0,0.0,24.479999999999997,27.84,120.89454806541609,15.111818508177011,1.0214940935035712,966.0859603345533,88,0.036544850498338874,127,-0.3527923035922234,18.0,12.120189311493338,0.4183781425298176,0.6842404649365821,0.0,2.526920103254068,5922,68.58759990427643,-43.13330137375038,36.89026848238965,-80.02356985614003,0.10002946232017504,0.10002946232017504,8,0,True
SP4_DIAG_wrench_market_motion_safety,communication_limited,communication_limited_v00,5405,bnn_motion_field,BNN/Brown motion field,model_based,decentralized,baseline,brown_bnn_positive_excess_field,sp4_population_motion_family,none,distributed_bnn_positive_excess_motion_field,local_positive_excess_neighbor_scores,0,6,False,False,8,18.0,0,0.28,0.35,0.08,0.12,36.0,3.2,1.0,0.0,25.034999999999997,28.56,120.91048086162817,15.113810107703522,1.021359487660408,966.29258618628,90,0.03737541528239203,129,-0.34737916711045014,18.0,12.084646158102412,0.4184332809441725,0.6686895452789324,0.0,3.0819201032540673,5966,68.64329997915775,-46.020228329161874,36.89026848238965,-82.91049681155152,0.10363812101443941,0.10363812101443941,8,0,True
SP4_DIAG_wrench_market_motion_safety,communication_limited,communication_limited_v00,5405,primal_dual_motion_field,Primal-dual motion field,model_based,decentralized,proposed,primal_dual_barrier_motion_field,sp4_motion_proposed,none,distributed_primal_dual_barrier_motion_field,local_barrier_dual_prices,0,7,False,False,8,18.0,0,0.28,0.35,0.08,0.12,36.0,3.2,1.0,0.0,28.905,33.72,145.13142437686247,18.14142804710781,0.8509050835533174,1154.7453702762114,1,0.0004152823920265781,15,-0.017170388201811715,18.0,11.934585140289947,0.5022543756120659,0.6997913845942316,0.0,6.951920103254068,5232,116.49110005237162,29.278955193464355,36.89026848238965,-7.611313288925295,0.009514141611156619,0.009514141611156619,8,0,True
SP4_DIAG_wrench_market_motion_safety,communication_limited,communication_limited_v00,5405,pid_safety_motion,PID safety motion,model_based,decentralized,proposed,pid_damped_safety_motion,sp4_motion_proposed,none,distributed_pid_damped_safety_feedback,local_target_error_and_clearance,0,5,False,False,8,18.0,0,0.28,0.35,0.08,0.12,36.0,3.2,0.75,0.25,30.56,35.28,144.98242196287745,18.12280274535968,0.8517795820601365,1151.2523934280193,12,0.0049833887043189366,17,-0.013706001549591007,18.0,11.721432540647255,0.5017387249545874,0.6375877059636332,0.0,9.966920103254068,5506,124.57700003869832,-30.190789656478678,36.89026848238965,-67.08105813886833,0.08385132267358542,0.08385132267358542,6,2,False
SP4_DIAG_wrench_market_motion_safety,communication_limited,communication_limited_v00,5405,tensor_flow_motion_field,Smooth tensor-flow motion,model_based,decentralized,proposed,smooth_tensor_flow_barrier_motion,sp4_motion_proposed,none,distributed_smooth_tensor_flow_motion_field,local_anisotropic_clearance_tensor,0,8,False,False,8,18.0,0,0.28,0.35,0.08,0.12,36.0,3.2,1.0,0.0,29.775,35.64,146.3669419543863,18.295867744298288,0.8437223948020408,1164.731202361446,0,0.0,10,0.04786850246144647,18.0,11.88122337946455,0.5065301147369402,0.6842404649365821,0.0,7.821920103254067,5370,148.47560005728155,28.51196074642055,36.89026848238965,-8.378307735969102,0.010472884669961378,0.010472884669961378,8,0,True
SP4_DIAG_wrench_market_motion_safety,communication_limited,communication_limited_v00,5405,reference_time_expanded_cbf,Reference time-expanded CBF,model_based_reference,centralized,reference,time_expanded_safe_cbf_reference,sp4_motion_reference,none,centralized_time_expanded_cbf_reference,global_state_and_release_schedule,0,8,False,False,8,18.0,0,0.28,0.35,0.08,0.12,36.0,3.2,1.0,0.0,26.07,29.759999999999998,138.12999353461672,17.26624919182709,0.8940351304270319,1100.9132939994663,0,0.0,4,0.025963794044471578,18.0,12.107055017643097,0.47802461771392807,0.7464441435671805,0.0,4.116920103254067,16800,110.97949999384582,36.89026848238965,36.89026848238965,0.0,0.0,0.0,8,0,True
SP4_DIAG_wrench_market_motion_safety,communication_limited,communication_limited_v00,5406,direct_to_target,Direct to target,classic,decentralized,baseline,direct_single_integrator,sp4_motion_baseline,none,local_target_feedback,none,0,0,False,False,8,18.0,0,0.28,0.35,0.08,0.12,36.0,3.2,1.0,0.0,21.104999999999997,25.439999999999998,121.12857095803868,15.141071369754835,1.0205348183922995,921.0997026116174,91,0.0377906976744186,112,-0.458921261192343,18.0,12.347410261578517,0.41918802241846204,0.7590981582244087,2.220446049250313e-16,0.0,5540,18.301200005225837,-40.32495705548933,32.887228927926984,-73.2121859834163,0.09151523247927038,0.09151523247927038,8,0,True
SP4_DIAG_wrench_market_motion_safety,communication_limited,communication_limited_v00,5406,priority_yield,Priority yield,classic,centralized,baseline,priority_release_yield,sp4_motion_baseline,none,centralized_priority_schedule,global_priority_order,0,2,False,False,8,18.0,0,0.28,0.35,0.08,0.12,36.0,3.2,1.0,0.0,23.835,29.16,121.5935126370286,15.199189079628574,1.016632561095503,923.974263932419,54,0.022425249169435217,82,-0.523220900803285,18.0,12.232183548655616,0.4207970398568262,0.698370305566456,0.0,2.358346929246038,16800,30.635499977506697,-7.946913426115016,32.887228927926984,-40.834142354042,0.0510426779425525,0.0510426779425525,8,0,True
SP4_DIAG_wrench_market_motion_safety,communication_limited,communication_limited_v00,5406,apf_obstacle_avoidance,APF obstacle avoidance,classic,decentralized,baseline,artificial_potential_field,sp4_motion_baseline,none,local_apf_feedback,local_obstacle_robot_neighbors,0,4,False,False,8,18.0,0,0.28,0.35,0.08,0.12,36.0,3.2,1.0,0.0,22.919999999999998,27.599999999999998,121.06480505794912,15.13310063224364,1.0210723430778297,920.3952994642859,99,0.04111295681063123,121,-0.4616914105051736,18.0,12.230271222958038,0.4189673486224704,0.698370305566456,0.0,1.4433469292460384,5700,54.81300002429634,-51.18130645290662,32.887228927926984,-84.0685353808336,0.105085669226042,0.105085669226042,8,0,True
SP4_DIAG_wrench_market_motion_safety,communication_limited,communication_limited_v00,5406,velocity_obstacle_proxy,Velocity obstacle proxy,sota,decentralized,baseline,velocity_obstacle_proxy,sp4_motion_sota_proxy,none,local_velocity_obstacle_proxy,local_relative_state_neighbors,0,5,False,False,8,18.0,0,0.28,0.35,0.08,0.12,36.0,3.2,1.0,0.0,23.43,28.2,121.06509109182218,15.133136386477773,1.0210699306460185,920.3644076907138,98,0.040697674418604654,122,-0.46087814942473865,18.0,12.198154302037695,0.4189683384960625,0.6831883424019678,0.0,1.9533469292460377,5748,71.15090009756386,-51.00038272175918,32.887228927926984,-83.88761164968616,0.10485951456210771,0.10485951456210771,8,0,True
SP4_DIAG_wrench_market_motion_safety,communication_limited,communication_limited_v00,5406,cbf_safety_filter,CBF safety filter,sota,centralized,baseline,cbf_velocity_projection_proxy,sp4_motion_sota_proxy,none,centralized_cbf_velocity_projection_proxy,global_relative_state,0,6,False,False,8,18.0,0,0.28,0.35,0.08,0.12,36.0,3.2,1.0,0.0,29.369999999999997,35.16,157.07212740055456,19.63401592506932,0.7870010180071219,1199.4691081812648,0,0.0,4,0.04335757255111283,18.0,11.768446414082328,0.5435774065633808,0.7135522687309441,0.0,7.893346929246038,16800,116.58170004375279,26.457440890065357,32.887228927926984,-6.429788037861627,0.008037235047327033,0.008037235047327033,8,0,True
SP4_DIAG_wrench_market_motion_safety,communication_limited,communication_limited_v00,5406,smith_motion_field,Smith-QR motion field,model_based,decentralized,proposed,smith_qr_congestion_field,sp4_motion_proposed,none,distributed_smith_qr_motion_field,local_congestion_price_neighbors,0,6,False,False,8,18.0,0,0.28,0.35,0.08,0.12,36.0,3.2,1.0,0.0,30.195,35.76,160.72377261149168,20.09047157643646,0.769120349505424,1223.607323360422,0,0.0,0,0.1678380095585582,18.0,11.750695526727434,0.5562146062136337,0.7135522687309441,0.0,8.718346929246039,5754,136.1892999848351,24.0926967918676,32.887228927926984,-8.794532136059384,0.01099316517007423,0.01099316517007423,8,0,True
SP4_DIAG_wrench_market_motion_safety,communication_limited,communication_limited_v00,5406,replicator_motion_field,Replicator motion field,model_based,decentralized,baseline,replicator_target_congestion_field,sp4_population_motion_family,none,distributed_replicator_motion_field,local_target_obstacle_neighbor_scores,0,5,False,False,8,18.0,0,0.28,0.35,0.08,0.12,36.0,3.2,1.0,0.0,22.935,27.599999999999998,121.08627667518209,15.135784584397761,1.0208912814817532,920.5058196869853,99,0.04111295681063123,121,-0.4595408854476023,18.0,12.231201284791215,0.4190416551605133,0.698370305566456,0.0,1.4583469292460385,5696,65.02390000969172,-51.21113541092487,32.887228927926984,-84.09836433885185,0.10512295542356481,0.10512295542356481,8,0,True
SP4_DIAG_wrench_market_motion_safety,communication_limited,communication_limited_v00,5406,logit_motion_field,Logit motion field,model_based,decentralized,baseline,logit_softmax_motion_field,sp4_population_motion_family,none,distributed_logit_smoothed_motion_field,local_softmax_flow_scores,0,6,False,False,8,18.0,0,0.28,0.35,0.08,0.12,36.0,3.2,1.0,0.0,23.97,28.919999999999998,121.05147838143898,15.131434797679873,1.021184753937999,920.2133857202771,102,0.04235880398671096,127,-0.46616030347246173,18.0,12.164420233364517,0.41892122917164654,0.6680063792374796,0.0,2.493346929246038,5792,71.77919999230653,-55.84658866922567,32.887228927926984,-88.73381759715265,0.11091727199644082,0.11091727199644082,8,0,True
SP4_DIAG_wrench_market_motion_safety,communication_limited,communication_limited_v00,5406,bnn_motion_field,BNN/Brown motion field,model_based,decentralized,baseline,brown_bnn_positive_excess_field,sp4_population_motion_family,none,distributed_bnn_positive_excess_motion_field,local_positive_excess_neighbor_scores,0,6,False,False,8,18.0,0,0.28,0.35,0.08,0.12,36.0,3.2,1.0,0.0,24.525,29.52,121.11565495112713,15.13945686889089,1.0206436501925582,920.6647792776068,105,0.0436046511627907,127,-0.4660603787394198,18.0,12.131337945624189,0.41914332416641514,0.6528244160729916,0.0,3.0483469292460383,5848,68.79549997393042,-59.74325467272172,32.887228927926984,-92.6304836006487,0.11578810450081088,0.11578810450081088,8,0,True
SP4_DIAG_wrench_market_motion_safety,communication_limited,communication_limited_v00,5406,primal_dual_motion_field,Primal-dual motion field,model_based,decentralized,proposed,primal_dual_barrier_motion_field,sp4_motion_proposed,none,distributed_primal_dual_barrier_motion_field,local_barrier_dual_prices,0,7,False,False,8,18.0,0,0.28,0.35,0.08,0.12,36.0,3.2,1.0,0.0,28.619999999999997,34.08,146.8452049262301,18.355650615778764,0.8418111046042062,1117.513792432545,22,0.009136212624584718,23,-0.31759199574642794,18.0,11.861679208494056,0.5081852329949827,0.6831883424019678,0.0,7.143346929246038,5548,116.9687999645248,8.8000066929006,32.887228927926984,-24.08722223502638,0.030109027793782977,0.030109027793782977,8,0,True
SP4_DIAG_wrench_market_motion_safety,communication_limited,communication_limited_v00,5406,pid_safety_motion,PID safety motion,model_based,decentralized,proposed,pid_damped_safety_motion,sp4_motion_proposed,none,distributed_pid_damped_safety_feedback,local_target_error_and_clearance,0,5,False,False,8,18.0,0,0.28,0.35,0.08,0.12,36.0,3.2,0.875,0.125,30.342857142857145,35.28,144.5149432677754,18.064367908471926,0.8553850651674803,1101.0402802192523,9,0.003737541528239203,17,-0.03002638715742023,18.0,11.693130837282599,0.5001209276985581,0.622460489744015,0.0,9.57334692924604,5602,117.27739998605102,-3.3287899888772046,32.887228927926984,-36.21601891680419,0.045270023646005235,0.045270023646005235,7,1,False
SP4_DIAG_wrench_market_motion_safety,communication_limited,communication_limited_v00,5406,tensor_flow_motion_field,Smooth tensor-flow motion,model_based,decentralized,proposed,smooth_tensor_flow_barrier_motion,sp4_motion_proposed,none,distributed_smooth_tensor_flow_motion_field,local_anisotropic_clearance_tensor,0,8,False,False,8,18.0,0,0.28,0.35,0.08,0.12,36.0,3.2,0.875,0.125,29.794285714285714,35.4,153.00659868076912,19.12582483509614,0.8079123726074805,1161.8703968339082,0,0.0,0,0.0896770932435581,18.0,11.764463723133412,0.5295078858000047,0.6680063792374796,0.0,9.093346929246039,5542,128.3621999900788,3.932844321891709,32.887228927926984,-28.954384606035276,0.036192980757544096,0.036192980757544096,7,1,False
SP4_DIAG_wrench_market_motion_safety,communication_limited,communication_limited_v00,5406,reference_time_expanded_cbf,Reference time-expanded CBF,model_based_reference,centralized,reference,time_expanded_safe_cbf_reference,sp4_motion_reference,none,centralized_time_expanded_cbf_reference,global_state_and_release_schedule,0,8,False,False,8,18.0,0,0.28,0.35,0.08,0.12,36.0,3.2,1.0,0.0,27.15,32.519999999999996,147.37749235992018,18.422186544990023,0.8387707117643871,1124.9722752890573,0,0.0,0,0.11655457665135627,18.0,12.004429506066435,0.5100273129842208,0.7287342318954324,0.0,5.673346929246037,16800,110.56429997552186,32.887228927926984,32.887228927926984,0.0,0.0,0.0,8,0,True
SP4_DIAG_wrench_market_motion_safety,communication_limited,communication_limited_v00,5407,direct_to_target,Direct to target,classic,decentralized,baseline,direct_single_integrator,sp4_motion_baseline,none,local_target_feedback,none,0,0,False,False,8,18.0,0,0.28,0.35,0.08,0.12,36.0,3.2,1.0,0.0,20.955,24.84,120.7226119247931,15.090326490599137,1.0215335569697699,878.3963348173651,68,0.02823920265780731,86,-0.5205390427510614,18.0,12.346219480610918,0.41778312543186974,0.8083710839203471,2.220446049250313e-16,0.0,5388,25.106400018557906,-16.64502435036568,2.0642068923903363,-18.70923124275602,0.023386539053445024,0.023386539053445024,8,0,True
SP4_DIAG_wrench_market_motion_safety,communication_limited,communication_limited_v00,5407,priority_yield,Priority yield,classic,centralized,baseline,priority_release_yield,sp4_motion_baseline,none,centralized_priority_schedule,global_priority_order,0,2,False,False,8,18.0,0,0.28,0.35,0.08,0.12,36.0,3.2,1.0,0.0,23.67,28.56,121.12391041624878,15.140488802031097,1.0181490899890182,881.0142086896191,59,0.024501661129568107,88,-0.45664607502037446,18.0,12.236653586587217,0.41917189374394,0.7437013972067192,0.0,2.3187238494554427,16800,30.868100002408028,-12.133389089434386,2.0642068923903363,-14.197595981824723,0.017746994977280904,0.017746994977280904,8,0,True
SP4_DIAG_wrench_market_motion_safety,communication_limited,communication_limited_v00,5407,apf_obstacle_avoidance,APF obstacle avoidance,classic,decentralized,baseline,artificial_potential_field,sp4_motion_baseline,none,local_apf_feedback,local_obstacle_robot_neighbors,0,4,False,False,8,18.0,0,0.28,0.35,0.08,0.12,36.0,3.2,1.0,0.0,22.784999999999997,27.0,120.75395477887771,15.094244347359714,1.0212684080785617,878.4435982520995,74,0.030730897009966777,90,-0.4985853229400527,18.0,12.234286903373288,0.417891593227013,0.7437013972067192,0.0,1.4337238494554434,5548,53.69680002331734,-25.56045885779435,2.0642068923903363,-27.62466575018469,0.03453083218773086,0.03453083218773086,8,0,True
SP4_DIAG_wrench_market_motion_safety,communication_limited,communication_limited_v00,5407,velocity_obstacle_proxy,Velocity obstacle proxy,sota,decentralized,baseline,velocity_obstacle_proxy,sp4_motion_sota_proxy,none,local_velocity_obstacle_proxy,local_relative_state_neighbors,0,5,False,False,8,18.0,0,0.28,0.35,0.08,0.12,36.0,3.2,1.0,0.0,23.279999999999998,27.599999999999998,120.7182702862248,15.0897837857781,1.0215702964747284,878.129535992696,72,0.029900332225913623,91,-0.49425259877932115,18.0,12.201624071623927,0.41776810038145346,0.7275339755283123,0.0,1.9287238494554426,5590,64.44570003077388,-24.3481121650891,2.0642068923903363,-26.412319057479436,0.0330153988218493,0.0330153988218493,8,0,True
SP4_DIAG_wrench_market_motion_safety,communication_limited,communication_limited_v00,5407,cbf_safety_filter,CBF safety filter,sota,centralized,baseline,cbf_velocity_projection_proxy,sp4_motion_sota_proxy,none,centralized_cbf_velocity_projection_proxy,global_relative_state,0,6,False,False,8,18.0,0,0.28,0.35,0.08,0.12,36.0,3.2,1.0,0.0,25.95,32.879999999999995,140.16888282177533,17.521110352721916,0.8798115293750267,1017.7747978981265,0,0.0,7,0.00527376037882088,18.0,12.113420713529582,0.485080574549333,0.7598688188851263,0.0,4.598723849455443,16800,91.16800001356751,37.46509780022815,2.0642068923903363,35.40089090783781,0.0,0.0,8,0,True
SP4_DIAG_wrench_market_motion_safety,communication_limited,communication_limited_v00,5407,smith_motion_field,Smith-QR motion field,model_based,decentralized,proposed,smith_qr_congestion_field,sp4_motion_proposed,none,distributed_smith_qr_motion_field,local_congestion_price_neighbors,0,6,False,False,8,18.0,0,0.28,0.35,0.08,0.12,36.0,3.2,1.0,0.0,27.194999999999997,34.199999999999996,146.22141790691563,18.277677238364454,0.8433935392742656,1058.234936310513,0,0.0,0,0.11206894931346867,18.0,11.951675919247734,0.5060265016158488,0.7598688188851263,0.0,5.843723849455442,5238,114.46499999146909,33.73693869737343,2.0642068923903363,31.672731804983094,0.0,0.0,8,0,True
SP4_DIAG_wrench_market_motion_safety,communication_limited,communication_limited_v00,5407,replicator_motion_field,Replicator motion field,model_based,decentralized,baseline,replicator_target_congestion_field,sp4_population_motion_family,none,distributed_replicator_motion_field,local_target_obstacle_neighbor_scores,0,5,False,False,8,18.0,0,0.28,0.35,0.08,0.12,36.0,3.2,1.0,0.0,22.799999999999997,27.0,120.77659632816777,15.097074541020971,1.0210769546041065,878.5952602902363,74,0.030730897009966777,90,-0.5000091602157564,18.0,12.23493744106846,0.41796994853324976,0.7437013972067192,0.0,1.4487238494554435,5548,59.61800005752593,-25.590956619019533,2.0642068923903363,-27.655163511409867,0.03456895438926234,0.03456895438926234,8,0,True
SP4_DIAG_wrench_market_motion_safety,communication_limited,communication_limited_v00,5407,logit_motion_field,Logit motion field,model_based,decentralized,baseline,logit_softmax_motion_field,sp4_population_motion_family,none,distributed_logit_smoothed_motion_field,local_softmax_flow_scores,0,6,False,False,8,18.0,0,0.28,0.35,0.08,0.12,36.0,3.2,1.0,0.0,23.85,28.32,120.81376455161954,15.101720568952443,1.0207628213879865,878.8179110805862,77,0.03197674418604651,95,-0.48344069924551275,18.0,12.171233296675558,0.4180985761061034,0.7113665538499053,0.0,2.498723849455443,5634,72.22089997958392,-30.27139335867379,2.0642068923903363,-32.33560025106413,0.04041950031383016,0.04041950031383016,8,0,True
SP4_DIAG_wrench_market_motion_safety,communication_limited,communication_limited_v00,5407,bnn_motion_field,BNN/Brown motion field,model_based,decentralized,baseline,brown_bnn_positive_excess_field,sp4_population_motion_family,none,distributed_bnn_positive_excess_motion_field,local_positive_excess_neighbor_scores,0,6,False,False,8,18.0,0,0.28,0.35,0.08,0.12,36.0,3.2,1.0,0.0,24.36,28.919999999999998,120.73912719771843,15.092390899714804,1.0213938267440568,878.2308384230903,78,0.03239202657807309,99,-0.4756079408831175,18.0,12.13465965569573,0.4178402796155815,0.6951991321714984,0.0,3.0087238494554427,5684,68.0049000075087,-32.06178015510436,2.0642068923903363,-34.1259870474947,0.042657483809368374,0.042657483809368374,8,0,True
SP4_DIAG_wrench_market_motion_safety,communication_limited,communication_limited_v00,5407,primal_dual_motion_field,Primal-dual motion field,model_based,decentralized,proposed,primal_dual_barrier_motion_field,sp4_motion_proposed,none,distributed_primal_dual_barrier_motion_field,local_barrier_dual_prices,0,7,False,False,8,18.0,0,0.28,0.35,0.08,0.12,36.0,3.2,1.0,0.0,27.555,34.199999999999996,142.20418590055985,17.77552323756998,0.8672191917926485,1031.3431593747503,8,0.0033222591362126247,11,-0.15808128056734644,18.0,12.015841848346131,0.49212412064147176,0.7275339755283123,0.0,6.203723849455442,5306,124.21509996056557,26.34022558121903,2.0642068923903363,24.276018688828692,0.0,0.0,8,0,True
SP4_DIAG_wrench_market_motion_safety,communication_limited,communication_limited_v00,5407,pid_safety_motion,PID safety motion,model_based,decentralized,proposed,pid_damped_safety_motion,sp4_motion_proposed,none,distributed_pid_damped_safety_feedback,local_target_error_and_clearance,0,5,False,False,8,18.0,0,0.28,0.35,0.08,0.12,36.0,3.2,0.75,0.25,29.36,34.92,145.19666805860186,18.149583507325232,0.8493459306961632,1050.1999561463192,8,0.0033222591362126247,21,-0.036248123966245105,18.0,11.774079640286232,0.5024801635472108,0.6628642888146845,0.0,9.668723849455445,5818,117.25040001329035,-23.800688461265914,2.0642068923903363,-25.86489535365625,0.032331119192070316,0.032331119192070316,6,2,False
SP4_DIAG_wrench_market_motion_safety,communication_limited,communication_limited_v00,5407,tensor_flow_motion_field,Smooth tensor-flow motion,model_based,decentralized,proposed,smooth_tensor_flow_barrier_motion,sp4_motion_proposed,none,distributed_smooth_tensor_flow_motion_field,local_anisotropic_clearance_tensor,0,8,False,False,8,18.0,0,0.28,0.35,0.08,0.12,36.0,3.2,1.0,0.0,28.979999999999997,35.519999999999996,146.52972657110595,18.316215821388244,0.8416189810220586,1059.0456238132808,0,0.0,2,0.07680189903470713,18.0,11.949232602855396,0.5070934612787442,0.7113665538499054,0.0,7.628723849455442,5716,123.43779997900128,30.80500391622389,2.0642068923903363,28.74079702383355,0.0,0.0,8,0,True
SP4_DIAG_wrench_market_motion_safety,communication_limited,communication_limited_v00,5407,reference_time_expanded_cbf,Reference time-expanded CBF,model_based_reference,centralized,reference,time_expanded_safe_cbf_reference,sp4_motion_reference,none,centralized_time_expanded_cbf_reference,global_state_and_release_schedule,0,8,False,False,8,18.0,0,0.28,0.35,0.08,0.12,36.0,3.2,1.0,0.0,25.65,33.24,140.1449367253154,17.518117090664425,0.8799618598274943,1018.3508356943929,36,0.014950166112956811,40,-0.2754271458781887,18.0,12.137653536462658,0.4849977046141867,0.776036240563533,0.0,4.298723849455444,16800,112.60399990715086,2.0642068923903363,2.0642068923903363,0.0,0.0,0.0,8,0,True
SP4_DIAG_wrench_market_motion_safety,communication_limited,communication_limited_v00,5408,direct_to_target,Direct to target,classic,decentralized,baseline,direct_single_integrator,sp4_motion_baseline,none,local_target_feedback,none,0,0,False,False,8,18.0,0,0.28,0.35,0.08,0.12,36.0,3.2,1.0,0.0,21.134999999999998,25.919999999999998,120.92904460316703,15.116130575395879,1.021137038762988,946.3358511564719,154,0.06395348837209303,187,-0.4685405363717897,18.0,12.332953405030697,0.41849752423576614,0.7835150863388015,2.220446049250313e-16,0.0,5598,20.494700060226023,-103.37212041728473,36.70165565607851,-140.07377607336323,0.17509222009170405,0.17509222009170405,8,0,True
SP4_DIAG_wrench_market_motion_safety,communication_limited,communication_limited_v00,5408,priority_yield,Priority yield,classic,centralized,baseline,priority_release_yield,sp4_motion_baseline,none,centralized_priority_schedule,global_priority_order,0,2,False,False,8,18.0,0,0.28,0.35,0.08,0.12,36.0,3.2,1.0,0.0,23.955000000000002,28.2,121.77077983826376,15.22134747978297,1.0140784732636885,952.2844617988686,126,0.05232558139534884,164,-0.5221091466944471,18.0,12.214466602642615,0.4214105060847996,0.7208338794316974,0.0,2.42730950031466,16800,33.83269999176264,-80.22181153124393,36.70165565607851,-116.92346718732244,0.14615433398415306,0.14615433398415306,8,0,True
SP4_DIAG_wrench_market_motion_safety,communication_limited,communication_limited_v00,5408,apf_obstacle_avoidance,APF obstacle avoidance,classic,decentralized,baseline,artificial_potential_field,sp4_motion_baseline,none,local_apf_feedback,local_obstacle_robot_neighbors,0,4,False,False,8,18.0,0,0.28,0.35,0.08,0.12,36.0,3.2,1.0,0.0,22.979999999999997,28.2,120.96783998827257,15.120979998534072,1.0208095516832136,946.3617633197039,166,0.06893687707641195,199,-0.5091737903736301,18.0,12.217235419906164,0.4186317829051514,0.7208338794316974,0.0,1.45230950031466,5774,52.822700003162026,-118.29304741400568,36.70165565607851,-154.9947030700842,0.19374337883760526,0.19374337883760526,8,0,True
SP4_DIAG_wrench_market_motion_safety,communication_limited,communication_limited_v00,5408,velocity_obstacle_proxy,Velocity obstacle proxy,sota,decentralized,baseline,velocity_obstacle_proxy,sp4_motion_sota_proxy,none,local_velocity_obstacle_proxy,local_relative_state_neighbors,0,5,False,False,8,18.0,0,0.28,0.35,0.08,0.12,36.0,3.2,1.0,0.0,23.505,28.799999999999997,121.01650239945681,15.127062799932101,1.0203990700285643,946.6605561193553,171,0.07101328903654484,206,-0.5163863032789869,18.0,12.186083051566847,0.4188001882594704,0.7051635777049214,0.0,1.9773095003146604,5818,64.42089995834976,-124.13012977678167,36.70165565607851,-160.8317854328602,0.20103973179107523,0.20103973179107523,8,0,True
SP4_DIAG_wrench_market_motion_safety,communication_limited,communication_limited_v00,5408,cbf_safety_filter,CBF safety filter,sota,centralized,baseline,cbf_velocity_projection_proxy,sp4_motion_sota_proxy,none,centralized_cbf_velocity_projection_proxy,global_relative_state,0,6,False,False,8,18.0,0,0.28,0.35,0.08,0.12,36.0,3.2,1.0,0.0,25.83,31.439999999999998,138.4327609240872,17.3040951155109,0.8920224207204187,1084.4246296642802,0,0.0,4,0.05379895494164055,18.0,12.160154818968998,0.47907240076165236,0.7365041811584734,0.0,4.30230950031466,16800,110.14330002944916,37.37254630005801,36.70165565607851,0.6708906439795044,0.0,0.0,8,0,True
SP4_DIAG_wrench_market_motion_safety,communication_limited,communication_limited_v00,5408,smith_motion_field,Smith-QR motion field,model_based,decentralized,proposed,smith_qr_congestion_field,sp4_motion_proposed,none,distributed_smith_qr_motion_field,local_congestion_price_neighbors,0,6,False,False,8,18.0,0,0.28,0.35,0.08,0.12,36.0,3.2,0.875,0.125,27.857142857142858,34.56,153.4272097853284,19.17840122316605,0.8048450250727537,1212.8229157030273,18,0.007475083056478406,24,-0.0705134234435496,18.0,12.025365934113061,0.5309634890134559,0.7365041811584734,0.0,7.34730950031466,5510,124.38980001024902,-11.897414645350691,36.70165565607851,-48.5990703014292,0.060748837876786504,0.060748837876786504,7,1,False
SP4_DIAG_wrench_market_motion_safety,communication_limited,communication_limited_v00,5408,replicator_motion_field,Replicator motion field,model_based,decentralized,baseline,replicator_target_congestion_field,sp4_population_motion_family,none,distributed_replicator_motion_field,local_target_obstacle_neighbor_scores,0,5,False,False,8,18.0,0,0.28,0.35,0.08,0.12,36.0,3.2,1.0,0.0,22.979999999999997,28.2,120.93649594523049,15.117061993153811,1.0210741227564506,946.1173698526513,166,0.06893687707641195,199,-0.5053826735619396,18.0,12.216353898296504,0.418523310995399,0.7208338794316975,0.0,1.45230950031466,5774,61.857799999415874,-118.2837077898659,36.70165565607851,-154.98536344594442,0.19373170430743053,0.19373170430743053,8,0,True
SP4_DIAG_wrench_market_motion_safety,communication_limited,communication_limited_v00,5408,logit_motion_field,Logit motion field,model_based,decentralized,baseline,logit_softmax_motion_field,sp4_population_motion_family,none,distributed_logit_smoothed_motion_field,local_softmax_flow_scores,0,6,False,False,8,18.0,0,0.28,0.35,0.08,0.12,36.0,3.2,1.0,0.0,24.015,29.4,120.89580809976965,15.111976012471207,1.0214177683035028,945.6907046215134,172,0.07142857142857142,211,-0.5172401406396818,18.0,12.149083186303606,0.4183825031138204,0.6894932759781454,0.0,2.4873095003146606,5868,64.16020006872714,-125.90655625673588,36.70165565607851,-162.6082119128144,0.203260264891018,0.203260264891018,8,0,True
SP4_DIAG_wrench_market_motion_safety,communication_limited,communication_limited_v00,5408,bnn_motion_field,BNN/Brown motion field,model_based,decentralized,baseline,brown_bnn_positive_excess_field,sp4_population_motion_family,none,distributed_bnn_positive_excess_motion_field,local_positive_excess_neighbor_scores,0,6,False,False,8,18.0,0,0.28,0.35,0.08,0.12,36.0,3.2,1.0,0.0,24.57,30.119999999999997,120.9583629526216,15.1197953690777,1.0208895316720132,946.1221567237366,177,0.07350498338870431,214,-0.5243332617334592,18.0,12.114784389457265,0.4185989858548648,0.6738229742513693,0.0,3.0423095003146594,5922,73.21149995550513,-131.79602154970448,36.70165565607851,-168.497677205783,0.21062209650722874,0.21062209650722874,8,0,True
SP4_DIAG_wrench_market_motion_safety,communication_limited,communication_limited_v00,5408,primal_dual_motion_field,Primal-dual motion field,model_based,decentralized,proposed,primal_dual_barrier_motion_field,sp4_motion_proposed,none,distributed_primal_dual_barrier_motion_field,local_barrier_dual_prices,0,7,False,False,8,18.0,0,0.28,0.35,0.08,0.12,36.0,3.2,1.0,0.0,27.93,31.68,143.12243854015668,17.890304817519585,0.8627936175910553,1120.6071186266252,0,0.0,0,0.16207843546517753,18.0,12.08028250840784,0.49530190524694273,0.7051635777049216,0.0,6.402309500314661,4914,124.59759996272624,32.61899233489928,36.70165565607851,-4.082663321179226,0.005103329151474032,0.005103329151474032,8,0,True
SP4_DIAG_wrench_market_motion_safety,communication_limited,communication_limited_v00,5408,pid_safety_motion,PID safety motion,model_based,decentralized,proposed,pid_damped_safety_motion,sp4_motion_proposed,none,distributed_pid_damped_safety_feedback,local_target_error_and_clearance,0,5,False,False,8,18.0,0,0.28,0.35,0.08,0.12,36.0,3.2,1.0,0.0,31.095,34.92,144.68237607959134,18.085297009948917,0.8534911428229845,1129.398744150393,0,0.0,0,0.1724656910332938,18.0,11.884335235989083,0.5007003601868475,0.6424823707978172,0.0,9.56730950031466,5094,120.60000002384186,27.123889820985966,36.70165565607851,-9.577765835092542,0.011972207293865677,0.011972207293865677,8,0,True
SP4_DIAG_wrench_market_motion_safety,communication_limited,communication_limited_v00,5408,tensor_flow_motion_field,Smooth tensor-flow motion,model_based,decentralized,proposed,smooth_tensor_flow_barrier_motion,sp4_motion_proposed,none,distributed_smooth_tensor_flow_motion_field,local_anisotropic_clearance_tensor,0,8,False,False,8,18.0,0,0.28,0.35,0.08,0.12,36.0,3.2,1.0,0.0,28.544999999999998,32.16,143.22809393060038,17.903511741325048,0.8621571586810939,1120.4636111297443,0,0.0,0,0.15694985839293896,18.0,12.048562335838486,0.49566754544089325,0.6894932759781454,0.0,7.01730950031466,4988,120.7881000591442,31.613183223970477,36.70165565607851,-5.088472432108031,0.006360590540135038,0.006360590540135038,8,0,True
SP4_DIAG_wrench_market_motion_safety,communication_limited,communication_limited_v00,5408,reference_time_expanded_cbf,Reference time-expanded CBF,model_based_reference,centralized,reference,time_expanded_safe_cbf_reference,sp4_motion_reference,none,centralized_time_expanded_cbf_reference,global_state_and_release_schedule,0,8,False,False,8,18.0,0,0.28,0.35,0.08,0.12,36.0,3.2,1.0,0.0,25.875,31.32,140.40273718329843,17.550342147912303,0.8795065465518888,1100.9742163595831,0,0.0,0,0.18820045253939865,18.0,12.190839054234614,0.48588987120465976,0.7521744828852496,0.0,4.34730950031466,16800,136.10889995470643,36.70165565607851,36.70165565607851,0.0,0.0,0.0,8,0,True
SP4_DIAG_wrench_market_motion_safety,communication_limited,communication_limited_v00,5409,direct_to_target,Direct to target,classic,decentralized,baseline,direct_single_integrator,sp4_motion_baseline,none,local_target_feedback,none,0,0,False,False,8,18.0,0,0.28,0.35,0.08,0.12,36.0,3.2,1.0,0.0,20.955,26.64,121.32924973148852,15.166156216436065,1.0216658171815272,800.6326744429672,75,0.031146179401993355,93,-0.5256519378980762,18.0,12.364991143550649,0.41988250876068856,0.7854692896775448,1.1102230246251565e-16,0.0,5332,17.23430003039539,-22.977592250141196,29.23224372280898,-52.209835972950174,0.06526229496618771,0.06526229496618771,8,0,True
SP4_DIAG_wrench_market_motion_safety,communication_limited,communication_limited_v00,5409,priority_yield,Priority yield,classic,centralized,baseline,priority_release_yield,sp4_motion_baseline,none,centralized_priority_schedule,global_priority_order,0,2,False,False,8,18.0,0,0.28,0.35,0.08,0.12,36.0,3.2,1.0,0.0,23.744999999999997,29.04,122.06136616627467,15.257670770784333,1.0155379295532756,804.9217443615029,70,0.029069767441860465,115,-0.40772431637305284,18.0,12.258027453759226,0.4224161342963547,0.7226317465033413,0.0,2.3880537900061523,16800,33.18209992721677,-22.662159860660566,29.23224372280898,-51.89440358346955,0.06486800447933694,0.06486800447933694,8,0,True
SP4_DIAG_wrench_market_motion_safety,communication_limited,communication_limited_v00,5409,apf_obstacle_avoidance,APF obstacle avoidance,classic,decentralized,baseline,artificial_potential_field,sp4_motion_baseline,none,local_apf_feedback,local_obstacle_robot_neighbors,0,4,False,False,8,18.0,0,0.28,0.35,0.08,0.12,36.0,3.2,1.0,0.0,22.799999999999997,29.04,121.41625672233485,15.177032090291856,1.0209336906047146,801.0487517971089,79,0.03280730897009967,97,-0.5496719136952292,18.0,12.25316714966523,0.42018361268803583,0.7226317465033413,0.0,1.4430537900061524,5472,65.55760011542588,-29.93960552512396,29.23224372280898,-59.17184924793294,0.07396481155991617,0.07396481155991617,8,0,True
SP4_DIAG_wrench_market_motion_safety,communication_limited,communication_limited_v00,5409,velocity_obstacle_proxy,Velocity obstacle proxy,sota,decentralized,baseline,velocity_obstacle_proxy,sp4_motion_sota_proxy,none,local_velocity_obstacle_proxy,local_relative_state_neighbors,0,5,False,False,8,18.0,0,0.28,0.35,0.08,0.12,36.0,3.2,1.0,0.0,23.28,29.64,121.32421754455359,15.165527193069199,1.0217081930029512,800.3639064057965,81,0.03363787375415282,96,-0.544779838391287,18.0,12.21803707133356,0.4198650939387926,0.7069223607097903,0.0,1.9230537900061524,5514,61.29400001373142,-32.673863933826524,29.23224372280898,-61.906107656635506,0.07738263457079438,0.07738263457079438,8,0,True
SP4_DIAG_wrench_market_motion_safety,communication_limited,communication_limited_v00,5409,cbf_safety_filter,CBF safety filter,sota,centralized,baseline,cbf_velocity_projection_proxy,sp4_motion_sota_proxy,none,centralized_cbf_velocity_projection_proxy,global_relative_state,0,6,False,False,8,18.0,0,0.28,0.35,0.08,0.12,36.0,3.2,1.0,0.0,26.43,33.72,143.65988527593353,17.95748565949169,0.8628570657483933,955.8502807638056,0,0.0,9,0.04395303263684158,18.0,12.067204006838189,0.49716183996377966,0.7383411322968922,0.0,5.073053790006153,16800,106.81500006467104,36.54832243165655,29.23224372280898,7.31607870884757,0.0,0.0,8,0,True
SP4_DIAG_wrench_market_motion_safety,communication_limited,communication_limited_v00,5409,smith_motion_field,Smith-QR motion field,model_based,decentralized,proposed,smith_qr_congestion_field,sp4_motion_proposed,none,distributed_smith_qr_motion_field,local_congestion_price_neighbors,0,6,False,False,8,18.0,0,0.28,0.35,0.08,0.12,36.0,3.2,1.0,0.0,27.705,34.32,150.185499912992,18.773187489124,0.825365612171323,998.5162439915911,5,0.0020764119601328905,11,-0.032667284360682114,18.0,11.967722924260228,0.5197449470964572,0.7383411322968922,0.0,6.348053790006151,5352,125.1160999527201,27.66263887490691,29.23224372280898,-1.5696048479020703,0.0019620060598775878,0.0019620060598775878,8,0,True
SP4_DIAG_wrench_market_motion_safety,communication_limited,communication_limited_v00,5409,replicator_motion_field,Replicator motion field,model_based,decentralized,baseline,replicator_target_congestion_field,sp4_population_motion_family,none,distributed_replicator_motion_field,local_target_obstacle_neighbor_scores,0,5,False,False,8,18.0,0,0.28,0.35,0.08,0.12,36.0,3.2,1.0,0.0,22.799999999999997,29.04,121.3857027361827,15.173212842022837,1.0211906697475779,800.8459023439696,81,0.03363787375415282,96,-0.5499711404165902,18.0,12.252239571490716,0.4200778749175758,0.7226317465033414,0.0,1.4430537900061524,5472,71.14360004197806,-31.924210635366652,29.23224372280898,-61.15645435817564,0.07644556794771955,0.07644556794771955,8,0,True
SP4_DIAG_wrench_market_motion_safety,communication_limited,communication_limited_v00,5409,logit_motion_field,Logit motion field,model_based,decentralized,baseline,logit_softmax_motion_field,sp4_population_motion_family,none,distributed_logit_smoothed_motion_field,local_softmax_flow_scores,0,6,False,False,8,18.0,0,0.28,0.35,0.08,0.12,36.0,3.2,1.0,0.0,23.82,30.36,121.32280049785919,15.165350062232399,1.0217201265241986,800.296410789496,84,0.03488372093023256,100,-0.5537706219473537,18.0,12.184948166121002,0.41986018998428565,0.6912129749162395,0.0,2.4630537900061524,5564,64.9527000496164,-36.52691044998212,29.23224372280898,-65.7591541727911,0.08219894271598888,0.08219894271598888,8,0,True
SP4_DIAG_wrench_market_motion_safety,communication_limited,communication_limited_v00,5409,bnn_motion_field,BNN/Brown motion field,model_based,decentralized,baseline,brown_bnn_positive_excess_field,sp4_population_motion_family,none,distributed_bnn_positive_excess_motion_field,local_positive_excess_neighbor_scores,0,6,False,False,8,18.0,0,0.28,0.35,0.08,0.12,36.0,3.2,1.0,0.0,24.375,31.08,121.39668216692922,15.174585270866153,1.0210983106152083,800.7390326073613,82,0.0340531561461794,101,-0.5395388760252496,18.0,12.151794461820465,0.4201158712864379,0.6755035891226886,0.0,3.0180537900061517,5610,67.12689995765686,-35.442235153628616,29.23224372280898,-64.6744788764376,0.080843098595547,0.080843098595547,8,0,True
SP4_DIAG_wrench_market_motion_safety,communication_limited,communication_limited_v00,5409,primal_dual_motion_field,Primal-dual motion field,model_based,decentralized,proposed,primal_dual_barrier_motion_field,sp4_motion_proposed,none,distributed_primal_dual_barrier_motion_field,local_barrier_dual_prices,0,7,False,False,8,18.0,0,0.28,0.35,0.08,0.12,36.0,3.2,1.0,0.0,27.84,34.199999999999996,144.95159662422196,18.118949578027745,0.8551678626645011,964.5358491807541,8,0.0033222591362126247,10,-0.16080711634441985,18.0,11.969839282594418,0.5016320481181544,0.7069223607097903,0.0,6.483053790006151,5422,116.55449995305389,25.94786832395331,29.23224372280898,-3.2843753988556728,0.004105469248569591,0.004105469248569591,8,0,True
SP4_DIAG_wrench_market_motion_safety,communication_limited,communication_limited_v00,5409,pid_safety_motion,PID safety motion,model_based,decentralized,proposed,pid_damped_safety_motion,sp4_motion_proposed,none,distributed_pid_damped_safety_feedback,local_target_error_and_clearance,0,5,False,False,8,18.0,0,0.28,0.35,0.08,0.12,36.0,3.2,0.75,0.25,28.839999999999993,32.879999999999995,145.03233481407818,18.129041851759773,0.8546917984451444,964.086477658533,0,0.0,2,0.05936767321337921,18.0,11.77564715027098,0.5019114576899157,0.6440848175355868,0.0,9.273053790006152,5734,144.6276999777183,-14.305978435682524,29.23224372280898,-43.53822215849151,0.054422777698114384,0.054422777698114384,6,2,False
SP4_DIAG_wrench_market_motion_safety,communication_limited,communication_limited_v00,5409,tensor_flow_motion_field,Smooth tensor-flow motion,model_based,decentralized,proposed,smooth_tensor_flow_barrier_motion,sp4_motion_proposed,none,distributed_smooth_tensor_flow_motion_field,local_anisotropic_clearance_tensor,0,8,False,False,8,18.0,0,0.28,0.35,0.08,0.12,36.0,3.2,1.0,0.0,28.259999999999998,34.8,144.03700171958013,18.004625214947517,0.8605979407726881,958.9477113793027,9,0.003737541528239203,12,-0.26807543202207196,18.0,11.947810200683168,0.49846692178703006,0.6912129749162395,0.0,6.903053790006152,5436,121.76000000908971,24.536282840125242,29.23224372280898,-4.695960882683739,0.005869951103354674,0.005869951103354674,8,0,True
SP4_DIAG_wrench_market_motion_safety,communication_limited,communication_limited_v00,5409,reference_time_expanded_cbf,Reference time-expanded CBF,model_based_reference,centralized,reference,time_expanded_safe_cbf_reference,sp4_motion_reference,none,centralized_time_expanded_cbf_reference,global_state_and_release_schedule,0,8,False,False,8,18.0,0,0.28,0.35,0.08,0.12,36.0,3.2,1.0,0.0,26.384999999999998,33.48,145.16669908026728,18.14583738503341,0.8539007076712719,963.8338293485695,7,0.0029069767441860465,9,-0.1719109815685234,18.0,12.116326937462112,0.5023764503054653,0.754050518090443,0.0,5.028053790006152,16800,118.12999995891005,29.23224372280898,29.23224372280898,0.0,0.0,0.0,8,0,True
SP4_DIAG_wrench_market_motion_safety,communication_limited,communication_limited_v00,5410,direct_to_target,Direct to target,classic,decentralized,baseline,direct_single_integrator,sp4_motion_baseline,none,local_target_feedback,none,0,0,False,False,8,18.0,0,0.28,0.35,0.08,0.12,36.0,3.2,1.0,0.0,20.805,24.84,120.92636027339938,15.115795034174923,1.0209565349469172,930.8759301768278,70,0.029069767441860465,97,-0.40193252764825016,18.0,12.357307042939354,0.41848823461170936,0.7800795114308813,2.220446049250313e-16,0.0,5506,15.950400033034384,-18.96800042238126,37.44338712232086,-56.411387544702116,0.07051423443087765,0.07051423443087765,8,0,True
SP4_DIAG_wrench_market_motion_safety,communication_limited,communication_limited_v00,5410,priority_yield,Priority yield,classic,centralized,baseline,priority_release_yield,sp4_motion_baseline,none,centralized_priority_schedule,global_priority_order,0,2,False,False,8,18.0,0,0.28,0.35,0.08,0.12,36.0,3.2,1.0,0.0,23.475,28.56,121.129447132931,15.141180891616376,1.0192447888661056,932.0489549811165,77,0.03197674418604651,108,-0.46355173937167454,18.0,12.255186504364378,0.4191910545851712,0.7176731505164108,0.0,2.2939500201536935,16800,33.61740009859204,-30.273153965567616,37.44338712232086,-67.71654108788847,0.08464567635986059,0.08464567635986059,8,0,True
SP4_DIAG_wrench_market_motion_safety,communication_limited,communication_limited_v00,5410,apf_obstacle_avoidance,APF obstacle avoidance,classic,decentralized,baseline,artificial_potential_field,sp4_motion_baseline,none,local_apf_feedback,local_obstacle_robot_neighbors,0,4,False,False,8,18.0,0,0.28,0.35,0.08,0.12,36.0,3.2,1.0,0.0,22.605,27.0,120.89839758267522,15.112299697834402,1.0211926728312926,930.5699289947394,74,0.030730897009966777,104,-0.41886484303260196,18.0,12.243413952966446,0.4183914645026135,0.7176731505164108,0.0,1.4239500201536939,5672,55.293000070378184,-25.825499582056207,37.44338712232086,-63.26888670437707,0.07908610838047134,0.07908610838047134,8,0,True
SP4_DIAG_wrench_market_motion_safety,communication_limited,communication_limited_v00,5410,velocity_obstacle_proxy,Velocity obstacle proxy,sota,decentralized,baseline,velocity_obstacle_proxy,sp4_motion_sota_proxy,none,local_velocity_obstacle_proxy,local_relative_state_neighbors,0,5,False,False,8,18.0,0,0.28,0.35,0.08,0.12,36.0,3.2,1.0,0.0,23.099999999999998,27.599999999999998,120.87162055736613,15.108952569670766,1.0214189004761256,930.1549250437697,77,0.03197674418604651,103,-0.4207234651815303,18.0,12.21091723981399,0.4182987976099327,0.7020715602877932,0.0,1.9189500201536935,5708,62.659500050358474,-29.597491819569875,37.44338712232086,-67.04087894189072,0.0838010986773634,0.0838010986773634,8,0,True
SP4_DIAG_wrench_market_motion_safety,communication_limited,communication_limited_v00,5410,cbf_safety_filter,CBF safety filter,sota,centralized,baseline,cbf_velocity_projection_proxy,sp4_motion_sota_proxy,none,centralized_cbf_velocity_projection_proxy,global_relative_state,0,6,False,False,8,18.0,0,0.28,0.35,0.08,0.12,36.0,3.2,1.0,0.0,25.619999999999997,30.72,139.7463520857479,17.468294010718488,0.8834617571463861,1067.7069172567499,8,0.0033222591362126247,16,-0.040369233221699496,18.0,12.137347930970456,0.4836183280929815,0.7332747407450285,0.0,4.438950020153693,16800,93.1861000135541,29.61331144165767,37.44338712232086,-7.830075680663185,0.009787594600828982,0.009787594600828982,8,0,True
SP4_DIAG_wrench_market_motion_safety,communication_limited,communication_limited_v00,5410,smith_motion_field,Smith-QR motion field,model_based,decentralized,proposed,smith_qr_congestion_field,sp4_motion_proposed,none,distributed_smith_qr_motion_field,local_congestion_price_neighbors,0,6,False,False,8,18.0,0,0.28,0.35,0.08,0.12,36.0,3.2,1.0,0.0,26.745,31.439999999999998,144.82975515088887,18.10371939386111,0.8524529896487548,1105.1728754161736,1,0.0004152823920265781,4,-0.016892772524236488,18.0,12.084579325640782,0.5012103929640397,0.7332747407450284,0.0,5.563950020153693,5426,113.22860000655055,33.29704737177892,37.44338712232086,-4.146339750541934,0.005182924688177417,0.005182924688177417,8,0,True
SP4_DIAG_wrench_market_motion_safety,communication_limited,communication_limited_v00,5410,replicator_motion_field,Replicator motion field,model_based,decentralized,baseline,replicator_target_congestion_field,sp4_population_motion_family,none,distributed_replicator_motion_field,local_target_obstacle_neighbor_scores,0,5,False,False,8,18.0,0,0.28,0.35,0.08,0.12,36.0,3.2,1.0,0.0,22.605,27.0,120.86989469368021,15.108736836710026,1.0214334849993678,930.3499121045577,75,0.031146179401993355,104,-0.4188531580116736,18.0,12.242513175397576,0.41829282493660064,0.7176731505164108,0.0,1.4239500201536939,5672,73.98990006186068,-26.813706518439275,37.44338712232086,-64.25709364076013,0.08032136705095017,0.08032136705095017,8,0,True
SP4_DIAG_wrench_market_motion_safety,communication_limited,communication_limited_v00,5410,logit_motion_field,Logit motion field,model_based,decentralized,baseline,logit_softmax_motion_field,sp4_population_motion_family,none,distributed_logit_smoothed_motion_field,local_softmax_flow_scores,0,6,False,False,8,18.0,0,0.28,0.35,0.08,0.12,36.0,3.2,1.0,0.0,23.64,28.32,120.88600658411357,15.110750823014197,1.021297346625206,930.3998905508437,76,0.03156146179401993,106,-0.42225301271152993,18.0,12.178242393639959,0.41834858313992734,0.6864699700591756,0.0,2.4589500201536936,5764,64.49640006758273,-29.47042865966127,37.44338712232086,-66.91381578198212,0.08364226972747765,0.08364226972747765,8,0,True
SP4_DIAG_wrench_market_motion_safety,communication_limited,communication_limited_v00,5410,bnn_motion_field,BNN/Brown motion field,model_based,decentralized,baseline,brown_bnn_positive_excess_field,sp4_population_motion_family,none,distributed_bnn_positive_excess_motion_field,local_positive_excess_neighbor_scores,0,6,False,False,8,18.0,0,0.28,0.35,0.08,0.12,36.0,3.2,1.0,0.0,24.165,28.919999999999998,120.87450286814382,15.109312858517978,1.0213945442501595,930.3420749717583,76,0.03156146179401993,106,-0.42071317819992016,18.0,12.143688331957396,0.4183087723842193,0.6708683798305579,0.0,2.9839500201536935,5806,64.91089996416122,-30.30731968635707,37.44338712232086,-67.75070680867793,0.08468838351084741,0.08468838351084741,8,0,True
SP4_DIAG_wrench_market_motion_safety,communication_limited,communication_limited_v00,5410,primal_dual_motion_field,Primal-dual motion field,model_based,decentralized,proposed,primal_dual_barrier_motion_field,sp4_motion_proposed,none,distributed_primal_dual_barrier_motion_field,local_barrier_dual_prices,0,7,False,False,8,18.0,0,0.28,0.35,0.08,0.12,36.0,3.2,1.0,0.0,26.490000000000002,32.04,138.36818107477197,17.296022634346496,0.8922611890211685,1058.02923487056,13,0.005398671096345515,21,-0.151686747954143,18.0,12.070612053257097,0.47884891014248376,0.7020715602877932,0.0,5.308950020153693,5112,108.95939997863024,23.637897183615337,37.44338712232086,-13.80548993870552,0.0172568624233819,0.0172568624233819,8,0,True
SP4_DIAG_wrench_market_motion_safety,communication_limited,communication_limited_v00,5410,pid_safety_motion,PID safety motion,model_based,decentralized,proposed,pid_damped_safety_motion,sp4_motion_proposed,none,distributed_pid_damped_safety_feedback,local_target_error_and_clearance,0,5,False,False,8,18.0,0,0.28,0.35,0.08,0.12,36.0,3.2,1.0,0.0,30.629999999999995,35.879999999999995,144.4016289521872,18.0502036190234,0.8549803673568764,1101.9643917701724,0,0.0,0,0.19960010726898003,18.0,11.867894018228927,0.49972878236498847,0.6396651993733227,0.0,9.448950020153692,5616,120.2035000314936,28.203997712817095,37.44338712232086,-9.239389409503762,0.011549236761879703,0.011549236761879703,8,0,True
SP4_DIAG_wrench_market_motion_safety,communication_limited,communication_limited_v00,5410,tensor_flow_motion_field,Smooth tensor-flow motion,model_based,decentralized,proposed,smooth_tensor_flow_barrier_motion,sp4_motion_proposed,none,distributed_smooth_tensor_flow_motion_field,local_anisotropic_clearance_tensor,0,8,False,False,8,18.0,0,0.28,0.35,0.08,0.12,36.0,3.2,1.0,0.0,27.81,33.36,141.9747879590037,17.74684849487546,0.8695949438862522,1084.8316540505666,0,0.0,13,0.07059557692459917,18.0,11.986087158712714,0.49133024625900984,0.6864699700591755,0.0,6.6289500201536935,5214,117.81770002562553,33.42123010851351,37.44338712232086,-4.022157013807345,0.005027696267259181,0.005027696267259181,8,0,True
SP4_DIAG_wrench_market_motion_safety,communication_limited,communication_limited_v00,5410,reference_time_expanded_cbf,Reference time-expanded CBF,model_based_reference,centralized,reference,time_expanded_safe_cbf_reference,sp4_motion_reference,none,centralized_time_expanded_cbf_reference,global_state_and_release_schedule,0,8,False,False,8,18.0,0,0.28,0.35,0.08,0.12,36.0,3.2,1.0,0.0,25.544999999999998,30.72,140.70517627661334,17.588147034576668,0.8774414775314332,1072.9474096824206,0,0.0,0,0.13707242365731764,18.0,12.128426385876098,0.48693651812227845,0.748876330973646,0.0,4.363950020153693,16800,113.00030001439154,37.44338712232086,37.44338712232086,0.0,0.0,0.0,8,0,True
SP4_DIAG_wrench_market_motion_safety,communication_limited,communication_limited_v00,5411,direct_to_target,Direct to target,classic,decentralized,baseline,direct_single_integrator,sp4_motion_baseline,none,local_target_feedback,none,0,0,False,False,8,18.0,0,0.28,0.35,0.08,0.12,36.0,3.2,1.0,0.0,20.685,28.08,121.06748630864062,15.133435788580078,1.021492506605,882.9968576619259,89,0.03696013289036545,119,-0.5034153928815046,18.0,12.391379819511005,0.41897662759081006,0.826536940715351,1.1102230246251565e-16,0.0,4906,16.057300032116473,-37.26513450139727,10.97429139243886,-48.23942589383613,0.06029928236729516,0.06029928236729516,8,0,True
SP4_DIAG_wrench_market_motion_safety,communication_limited,communication_limited_v00,5411,priority_yield,Priority yield,classic,centralized,baseline,priority_release_yield,sp4_motion_baseline,none,centralized_priority_schedule,global_priority_order,0,2,False,False,8,18.0,0,0.28,0.35,0.08,0.12,36.0,3.2,1.0,0.0,23.43,30.48,121.74337366100949,15.217921707626186,1.0158214475157692,886.9522658932455,102,0.04235880398671096,145,-0.4868924130878535,18.0,12.284516754632374,0.4213156618944123,0.760413985458123,0.0,2.360519619401387,16800,31.342399888671935,-54.80219443246086,10.97429139243886,-65.77648582489972,0.08222060728112465,0.08222060728112465,8,0,True
SP4_DIAG_wrench_market_motion_safety,communication_limited,communication_limited_v00,5411,apf_obstacle_avoidance,APF obstacle avoidance,classic,decentralized,baseline,artificial_potential_field,sp4_motion_baseline,none,local_apf_feedback,local_obstacle_robot_neighbors,0,4,False,False,8,18.0,0,0.28,0.35,0.08,0.12,36.0,3.2,1.0,0.0,22.5,30.48,121.12800426050104,15.14100053256263,1.0209821487012443,883.1822843855522,90,0.03737541528239203,122,-0.48167708914809554,18.0,12.284064637948585,0.41918606125588687,0.760413985458123,0.0,1.4305196194013874,5012,51.453599939122796,-41.180980458906625,10.97429139243886,-52.15527185134548,0.06519408981418186,0.06519408981418186,8,0,True
SP4_DIAG_wrench_market_motion_safety,communication_limited,communication_limited_v00,5411,velocity_obstacle_proxy,Velocity obstacle proxy,sota,decentralized,baseline,velocity_obstacle_proxy,sp4_motion_sota_proxy,none,local_velocity_obstacle_proxy,local_relative_state_neighbors,0,5,False,False,8,18.0,0,0.28,0.35,0.08,0.12,36.0,3.2,1.0,0.0,22.995,31.2,121.10985482574895,15.13873185321862,1.0211351523434133,882.9839411444833,89,0.03696013289036545,126,-0.48705670511035887,18.0,12.251873267347444,0.41912325175023835,0.743883246643816,0.0,1.9255196194013875,5042,63.26570000965148,-40.97032640998668,10.97429139243886,-51.94461780242554,0.06493077225303193,0.06493077225303193,8,0,True
SP4_DIAG_wrench_market_motion_safety,communication_limited,communication_limited_v00,5411,cbf_safety_filter,CBF safety filter,sota,centralized,baseline,cbf_velocity_projection_proxy,sp4_motion_sota_proxy,none,centralized_cbf_velocity_projection_proxy,global_relative_state,0,6,False,False,8,18.0,0,0.28,0.35,0.08,0.12,36.0,3.2,1.0,0.0,26.4,32.879999999999995,144.1734649550708,18.02168311938385,0.8577828804788684,1053.8914722395984,9,0.003737541528239203,18,-0.17395766683266733,18.0,12.07755046261948,0.498939178277515,0.77694472427243,0.0,5.330519619401388,16800,97.04580006655306,26.532823319714332,10.97429139243886,15.558531927275473,0.0,0.0,8,0,True
SP4_DIAG_wrench_market_motion_safety,communication_limited,communication_limited_v00,5411,smith_motion_field,Smith-QR motion field,model_based,decentralized,proposed,smith_qr_congestion_field,sp4_motion_proposed,none,distributed_smith_qr_motion_field,local_congestion_price_neighbors,0,6,False,False,8,18.0,0,0.28,0.35,0.08,0.12,36.0,3.2,1.0,0.0,27.345,34.32,148.7967629385472,18.5995953673184,0.8311305139672638,1084.5386315926378,4,0.0016611295681063123,6,-0.045588646709233016,18.0,11.942583910231772,0.5149389636577633,0.77694472427243,0.0,6.275519619401386,5002,126.36270001530647,28.68061487413808,10.97429139243886,17.706323481699222,0.0,0.0,8,0,True
SP4_DIAG_wrench_market_motion_safety,communication_limited,communication_limited_v00,5411,replicator_motion_field,Replicator motion field,model_based,decentralized,baseline,replicator_target_congestion_field,sp4_population_motion_family,none,distributed_replicator_motion_field,local_target_obstacle_neighbor_scores,0,5,False,False,8,18.0,0,0.28,0.35,0.08,0.12,36.0,3.2,1.0,0.0,22.5,30.48,121.0961307060433,15.137016338255412,1.0212508800795905,882.9561306536738,88,0.036544850498338874,123,-0.4829283690518958,18.0,12.282994863656473,0.41907575687307336,0.760413985458123,0.0,1.4305196194013874,5012,61.597099993377924,-39.17835125787956,10.97429139243886,-50.15264265031842,0.06269080331289803,0.06269080331289803,8,0,True
SP4_DIAG_wrench_market_motion_safety,communication_limited,communication_limited_v00,5411,logit_motion_field,Logit motion field,model_based,decentralized,baseline,logit_softmax_motion_field,sp4_population_motion_family,none,distributed_logit_smoothed_motion_field,local_softmax_flow_scores,0,6,False,False,8,18.0,0,0.28,0.35,0.08,0.12,36.0,3.2,1.0,0.0,23.52,31.919999999999998,121.07882136102663,15.134852670128328,1.0213968774029305,882.6865265256325,92,0.03820598006644518,129,-0.49568862286852733,18.0,12.219285406465534,0.4190158546547157,0.7273525078295089,0.0,2.4505196194013874,5072,64.44820004981011,-44.790558124150614,10.97429139243886,-55.76484951658947,0.06970606189573685,0.06970606189573685,8,0,True
SP4_DIAG_wrench_market_motion_safety,communication_limited,communication_limited_v00,5411,bnn_motion_field,BNN/Brown motion field,model_based,decentralized,baseline,brown_bnn_positive_excess_field,sp4_population_motion_family,none,distributed_bnn_positive_excess_motion_field,local_positive_excess_neighbor_scores,0,6,False,False,8,18.0,0,0.28,0.35,0.08,0.12,36.0,3.2,1.0,0.0,24.075,32.64,121.18293923428209,15.147867404285261,1.0205193143458127,883.4800477123796,92,0.03820598006644518,131,-0.47732625003364104,18.0,12.188665399121197,0.4193761739835345,0.7108217690152019,0.0,3.0055196194013867,5112,62.10719991941005,-45.70939926813429,10.97429139243886,-56.68369066057315,0.07085461332571644,0.07085461332571644,8,0,True
SP4_DIAG_wrench_market_motion_safety,communication_limited,communication_limited_v00,5411,primal_dual_motion_field,Primal-dual motion field,model_based,decentralized,proposed,primal_dual_barrier_motion_field,sp4_motion_proposed,none,distributed_primal_dual_barrier_motion_field,local_barrier_dual_prices,0,7,False,False,8,18.0,0,0.28,0.35,0.08,0.12,36.0,3.2,1.0,0.0,28.455,35.879999999999995,149.1406918809379,18.64258648511724,0.8292138684491807,1091.5165196442658,7,0.0029069767441860465,10,-0.19288887052219916,18.0,11.909156505953728,0.516129193940123,0.7438832466438159,0.0,7.385519619401387,4990,115.77529995702207,23.769138403704495,10.97429139243886,12.794847011265636,0.0,0.0,8,0,True
SP4_DIAG_wrench_market_motion_safety,communication_limited,communication_limited_v00,5411,pid_safety_motion,PID safety motion,model_based,decentralized,proposed,pid_damped_safety_motion,sp4_motion_proposed,none,distributed_pid_damped_safety_feedback,local_target_error_and_clearance,0,5,False,False,8,18.0,0,0.28,0.35,0.08,0.12,36.0,3.2,0.75,0.25,29.38,33.6,147.23132141445367,18.40391517680671,0.8399675345550436,1073.8458848524228,0,0.0,4,0.05373213498153684,18.0,11.725255218989954,0.5095214611519032,0.6777602913865878,0.0,9.965519619401388,5228,178.29069995786995,-16.535349559704034,10.97429139243886,-27.509640952142895,0.03438705119017862,0.03438705119017862,6,2,False
SP4_DIAG_wrench_market_motion_safety,communication_limited,communication_limited_v00,5411,tensor_flow_motion_field,Smooth tensor-flow motion,model_based,decentralized,proposed,smooth_tensor_flow_barrier_motion,sp4_motion_proposed,none,distributed_smooth_tensor_flow_motion_field,local_anisotropic_clearance_tensor,0,8,False,False,8,18.0,0,0.28,0.35,0.08,0.12,36.0,3.2,1.0,0.0,28.515,35.28,146.23027066103552,18.27878383262944,0.845717712883457,1067.5725151656802,7,0.0029069767441860465,14,-0.19562291610289495,18.0,11.88775872869743,0.5060571382234063,0.7273525078295089,0.0,7.445519619401386,5158,122.55999993067235,24.552871116868868,10.97429139243886,13.578579724430009,0.0,0.0,8,0,True
SP4_DIAG_wrench_market_motion_safety,communication_limited,communication_limited_v00,5411,reference_time_expanded_cbf,Reference time-expanded CBF,model_based_reference,centralized,reference,time_expanded_safe_cbf_reference,sp4_motion_reference,none,centralized_time_expanded_cbf_reference,global_state_and_release_schedule,0,8,False,False,8,18.0,0,0.28,0.35,0.08,0.12,36.0,3.2,1.0,0.0,25.47,34.08,141.10507896969278,17.638134871211598,0.8764357099034129,1032.0292230906462,27,0.011212624584717609,34,-0.5178534730167432,18.0,12.145271508355286,0.48832045601360996,0.793475463086737,0.0,4.400519619401386,16800,113.83269994985312,10.97429139243886,10.97429139243886,0.0,0.0,0.0,8,0,True
SP4_DIAG_wrench_market_motion_safety,communication_limited,communication_limited_v00,5412,direct_to_target,Direct to target,classic,decentralized,baseline,direct_single_integrator,sp4_motion_baseline,none,local_target_feedback,none,0,0,False,False,8,18.0,0,0.28,0.35,0.08,0.12,36.0,3.2,1.0,0.0,21.825000000000003,27.24,120.80786027336468,15.100982534170585,1.0213996056294221,801.9634750464483,97,0.04028239202657807,122,-0.4856309681398542,18.0,12.303708601479387,0.4180781432494628,0.7771415107772843,2.220446049250313e-16,0.0,5440,16.213699942454696,-46.1951048743921,36.88128776788405,-83.07639264227615,0.10384549080284518,0.10384549080284518,8,0,True
SP4_DIAG_wrench_market_motion_safety,communication_limited,communication_limited_v00,5412,priority_yield,Priority yield,classic,centralized,baseline,priority_release_yield,sp4_motion_baseline,none,centralized_priority_schedule,global_priority_order,0,2,False,False,8,18.0,0,0.28,0.35,0.08,0.12,36.0,3.2,1.0,0.0,24.705,29.64,121.64656573012078,15.205820716265098,1.0143574551369006,806.6979398092532,87,0.03612956810631229,112,-0.3557523777702083,18.0,12.187125865061823,0.4209806399851911,0.7149701899151015,0.0,2.459671743290928,16800,32.30790002271533,-41.068187313868606,36.88128776788405,-77.94947508175265,0.09743684385219081,0.09743684385219081,8,0,True
SP4_DIAG_wrench_market_motion_safety,communication_limited,communication_limited_v00,5412,apf_obstacle_avoidance,APF obstacle avoidance,classic,decentralized,baseline,artificial_potential_field,sp4_motion_baseline,none,local_apf_feedback,local_obstacle_robot_neighbors,0,4,False,False,8,18.0,0,0.28,0.35,0.08,0.12,36.0,3.2,1.0,0.0,23.714999999999996,29.64,120.78722410009453,15.098403012511817,1.0215741090125148,801.6972348156323,99,0.04111295681063123,123,-0.4804858590476799,18.0,12.184146021983308,0.41800672792114657,0.7149701899151015,0.0,1.4696717432909274,5596,57.020400068722665,-51.20525799569207,36.88128776788405,-88.08654576357611,0.11010818220447013,0.11010818220447013,8,0,True
SP4_DIAG_wrench_market_motion_safety,communication_limited,communication_limited_v00,5412,velocity_obstacle_proxy,Velocity obstacle proxy,sota,decentralized,baseline,velocity_obstacle_proxy,sp4_motion_sota_proxy,none,local_velocity_obstacle_proxy,local_relative_state_neighbors,0,5,False,False,8,18.0,0,0.28,0.35,0.08,0.12,36.0,3.2,1.0,0.0,24.240000000000002,30.24,120.78214964805274,15.097768706006592,1.021617028672733,801.5865963060019,102,0.04235880398671096,126,-0.4870932053759124,18.0,12.151284584698516,0.41798916683296183,0.6994273596995558,0.0,1.9946717432909273,5642,76.1448999401182,-55.033068453737954,36.88128776788405,-91.914356221622,0.1148929452770275,0.1148929452770275,8,0,True
SP4_DIAG_wrench_market_motion_safety,communication_limited,communication_limited_v00,5412,cbf_safety_filter,CBF safety filter,sota,centralized,baseline,cbf_velocity_projection_proxy,sp4_motion_sota_proxy,none,centralized_cbf_velocity_projection_proxy,global_relative_state,0,6,False,False,8,18.0,0,0.28,0.35,0.08,0.12,36.0,3.2,1.0,0.0,27.104999999999997,33.6,140.67631082699177,17.58453885337397,0.8771420014838305,933.5162426055548,0,0.0,0,0.10285021702675035,18.0,12.086368957738877,0.48683662384756204,0.7305130201306471,0.0,4.859671743290928,16800,99.57760001998395,36.34804919200627,36.88128776788405,-0.5332385758777747,0.0006665482198472183,0.0006665482198472183,8,0,True
SP4_DIAG_wrench_market_motion_safety,communication_limited,communication_limited_v00,5412,smith_motion_field,Smith-QR motion field,model_based,decentralized,proposed,smith_qr_congestion_field,sp4_motion_proposed,none,distributed_smith_qr_motion_field,local_congestion_price_neighbors,0,6,False,False,8,18.0,0,0.28,0.35,0.08,0.12,36.0,3.2,1.0,0.0,28.169999999999995,34.32,146.28367272417006,18.285459090521258,0.8435192974189053,966.9777241604495,0,0.0,0,0.24815708361565614,18.0,12.01450354775315,0.5062419460277198,0.7305130201306472,0.0,5.9246717432909275,4736,137.28829997126013,33.07581475907809,36.88128776788405,-3.8054730088059543,0.004756841261007443,0.004756841261007443,8,0,True
SP4_DIAG_wrench_market_motion_safety,communication_limited,communication_limited_v00,5412,replicator_motion_field,Replicator motion field,model_based,decentralized,baseline,replicator_target_congestion_field,sp4_population_motion_family,none,distributed_replicator_motion_field,local_target_obstacle_neighbor_scores,0,5,False,False,8,18.0,0,0.28,0.35,0.08,0.12,36.0,3.2,1.0,0.0,23.714999999999996,29.64,120.76136498063013,15.095170622578767,1.0217928628079105,801.5313175514277,99,0.04111295681063123,124,-0.4775983375622704,18.0,12.183402815440086,0.417917237612923,0.7149701899151015,0.0,1.4696717432909274,5594,66.69320003129542,-51.19790981676786,36.88128776788405,-88.07919758465191,0.11009899698081488,0.11009899698081488,8,0,True
SP4_DIAG_wrench_market_motion_safety,communication_limited,communication_limited_v00,5412,logit_motion_field,Logit motion field,model_based,decentralized,baseline,logit_softmax_motion_field,sp4_population_motion_family,none,distributed_logit_smoothed_motion_field,local_softmax_flow_scores,0,6,False,False,8,18.0,0,0.28,0.35,0.08,0.12,36.0,3.2,1.0,0.0,24.824999999999996,30.959999999999997,120.85767994197849,15.107209992747311,1.020978566685938,802.0772544971941,105,0.0436046511627907,129,-0.4853417889566902,18.0,12.118869669564921,0.4182505535090616,0.6838845294840101,0.0,2.5796717432909277,5684,67.09350005257875,-58.98062492290489,36.88128776788405,-95.86191269078893,0.11982739086348616,0.11982739086348616,8,0,True
SP4_DIAG_wrench_market_motion_safety,communication_limited,communication_limited_v00,5412,bnn_motion_field,BNN/Brown motion field,model_based,decentralized,baseline,brown_bnn_positive_excess_field,sp4_population_motion_family,none,distributed_bnn_positive_excess_motion_field,local_positive_excess_neighbor_scores,0,6,False,False,8,18.0,0,0.28,0.35,0.08,0.12,36.0,3.2,1.0,0.0,25.38,31.68,120.85231024919429,15.106538781149286,1.0210239306614468,801.9547626234736,106,0.04401993355481727,134,-0.49307322191232716,18.0,12.082189486474974,0.4182319706851965,0.6683416992684644,0.0,3.134671743290928,5732,66.38159998692572,-60.86289641261894,36.88128776788405,-97.74418418050298,0.12218023022562872,0.12218023022562872,8,0,True
SP4_DIAG_wrench_market_motion_safety,communication_limited,communication_limited_v00,5412,primal_dual_motion_field,Primal-dual motion field,model_based,decentralized,proposed,primal_dual_barrier_motion_field,sp4_motion_proposed,none,distributed_primal_dual_barrier_motion_field,local_barrier_dual_prices,0,7,False,False,8,18.0,0,0.28,0.35,0.08,0.12,36.0,3.2,1.0,0.0,28.335,35.519999999999996,141.1352851743555,17.641910646794436,0.8742895207793844,934.6078928828963,0,0.0,0,0.23290747344090157,18.0,12.022380804171823,0.4884249902213294,0.6994273596995559,0.0,6.089671743290928,4760,118.58919996302575,34.26815833281282,36.88128776788405,-2.6131294350712295,0.003266411793839037,0.003266411793839037,8,0,True
SP4_DIAG_wrench_market_motion_safety,communication_limited,communication_limited_v00,5412,pid_safety_motion,PID safety motion,model_based,decentralized,proposed,pid_damped_safety_motion,sp4_motion_proposed,none,distributed_pid_damped_safety_feedback,local_target_error_and_clearance,0,5,False,False,8,18.0,0,0.28,0.35,0.08,0.12,36.0,3.2,0.625,0.375,28.248,32.64,141.31701790109742,17.664627237637177,0.87316519038427,929.6037072140979,0,0.0,0,0.30780832598541585,18.0,11.754287821190417,0.4890539102335875,0.6372560388373731,0.0,8.909671743290929,4948,119.63810003362596,-35.858781010382415,36.88128776788405,-72.74006877826646,0.09092508597283308,0.09092508597283308,5,3,False
SP4_DIAG_wrench_market_motion_safety,communication_limited,communication_limited_v00,5412,tensor_flow_motion_field,Smooth tensor-flow motion,model_based,decentralized,proposed,smooth_tensor_flow_barrier_motion,sp4_motion_proposed,none,distributed_smooth_tensor_flow_motion_field,local_anisotropic_clearance_tensor,0,8,False,False,8,18.0,0,0.28,0.35,0.08,0.12,36.0,3.2,0.875,0.125,27.977142857142855,34.92,141.21608015701787,17.652010019627234,0.873789307159273,934.8425466070522,0,0.0,0,0.22678515293753532,18.0,11.979861583157051,0.4887045963351946,0.6838845294840102,0.0,6.734671743290928,4780,122.12910002563149,11.341036899385552,36.88128776788405,-25.540250868498497,0.03192531358562312,0.03192531358562312,7,1,False
SP4_DIAG_wrench_market_motion_safety,communication_limited,communication_limited_v00,5412,reference_time_expanded_cbf,Reference time-expanded CBF,model_based_reference,centralized,reference,time_expanded_safe_cbf_reference,sp4_motion_reference,none,centralized_time_expanded_cbf_reference,global_state_and_release_schedule,0,8,False,False,8,18.0,0,0.28,0.35,0.08,0.12,36.0,3.2,1.0,0.0,26.759999999999998,33.36,140.78919120070628,17.598648900088286,0.8764387364385257,932.9090167960571,0,0.0,0,0.17484533873071817,18.0,12.12711118987243,0.48722726744430483,0.7460558503461928,0.0,4.514671743290927,16800,117.70229996182024,36.88128776788405,36.88128776788405,0.0,0.0,0.0,8,0,True
SP4_DIAG_wrench_market_motion_safety,communication_limited,communication_limited_v00,5413,direct_to_target,Direct to target,classic,decentralized,baseline,direct_single_integrator,sp4_motion_baseline,none,local_target_feedback,none,0,0,False,False,8,18.0,0,0.28,0.35,0.08,0.12,36.0,3.2,1.0,0.0,21.165,24.72,121.15430605042994,15.144288256303742,1.0206417786964277,979.7313993772593,53,0.022009966777408636,64,-0.4284742036696027,18.0,12.336480267396977,0.4192770835078557,0.8084798427977327,2.220446049250313e-16,0.0,5548,15.69320005364716,-3.1391815906479046,11.000285311641374,-14.139466902289278,0.017674333627861596,0.017674333627861596,8,0,True
SP4_DIAG_wrench_market_motion_safety,communication_limited,communication_limited_v00,5413,priority_yield,Priority yield,classic,centralized,baseline,priority_release_yield,sp4_motion_baseline,none,centralized_priority_schedule,global_priority_order,0,2,False,False,8,18.0,0,0.28,0.35,0.08,0.12,36.0,3.2,1.0,0.0,23.865,27.959999999999997,121.39187865063845,15.173984831329806,1.0186443096404938,981.5481832272899,64,0.026578073089700997,87,-0.32613392768122135,18.0,12.221306759177205,0.4200992478219771,0.743801455373914,0.0,2.324239163528955,16800,32.3123000562191,-18.493070550695748,11.000285311641374,-29.493355862337122,0.036866694827921404,0.036866694827921404,8,0,True
SP4_DIAG_wrench_market_motion_safety,communication_limited,communication_limited_v00,5413,apf_obstacle_avoidance,APF obstacle avoidance,classic,decentralized,baseline,artificial_potential_field,sp4_motion_baseline,none,local_apf_feedback,local_obstacle_robot_neighbors,0,4,False,False,8,18.0,0,0.28,0.35,0.08,0.12,36.0,3.2,1.0,0.0,22.98,26.759999999999998,121.07244478039883,15.134055597549853,1.0213318699257115,978.9453077168015,55,0.022840531561461794,68,-0.42585209234610466,18.0,12.218814233843023,0.41899378730758163,0.743801455373914,0.0,1.4392391635289563,5714,55.39280001539737,-8.010666676364064,11.000285311641374,-19.010951988005438,0.023763689985006796,0.023763689985006796,8,0,True
SP4_DIAG_wrench_market_motion_safety,communication_limited,communication_limited_v00,5413,velocity_obstacle_proxy,Velocity obstacle proxy,sota,decentralized,baseline,velocity_obstacle_proxy,sp4_motion_sota_proxy,none,local_velocity_obstacle_proxy,local_relative_state_neighbors,0,5,False,False,8,18.0,0,0.28,0.35,0.08,0.12,36.0,3.2,1.0,0.0,23.505,27.36,121.11790535461431,15.139738169326789,1.0209485217070031,979.2241808782642,56,0.023255813953488372,71,-0.4331849268136744,18.0,12.188527765664205,0.4191511121076077,0.7276318585179594,0.0,1.9642391635289562,5766,65.93139993492514,-9.860134475169879,11.000285311641374,-20.860419786811253,0.026075524733514065,0.026075524733514065,8,0,True
SP4_DIAG_wrench_market_motion_safety,communication_limited,communication_limited_v00,5413,cbf_safety_filter,CBF safety filter,sota,centralized,baseline,cbf_velocity_projection_proxy,sp4_motion_sota_proxy,none,centralized_cbf_velocity_projection_proxy,global_relative_state,0,6,False,False,8,18.0,0,0.28,0.35,0.08,0.12,36.0,3.2,1.0,0.0,25.935,32.28,138.96366831262526,17.370458539078157,0.8898379549527748,1119.6053255276038,21,0.00872093023255814,31,-0.14116570260592531,18.0,12.160692036901022,0.4809097048471245,0.7599710522298686,0.0,4.394239163528956,16800,93.89529994223267,15.805707157806868,11.000285311641374,4.805421846165494,0.0,0.0,8,0,True
SP4_DIAG_wrench_market_motion_safety,communication_limited,communication_limited_v00,5413,smith_motion_field,Smith-QR motion field,model_based,decentralized,proposed,smith_qr_congestion_field,sp4_motion_proposed,none,distributed_smith_qr_motion_field,local_congestion_price_neighbors,0,6,False,False,8,18.0,0,0.28,0.35,0.08,0.12,36.0,3.2,1.0,0.0,26.7,33.72,142.8635978373237,17.857949729665464,0.865546915351006,1151.756661426081,28,0.011627906976744186,45,-0.10242446601876082,18.0,12.061284070486225,0.49440613869505684,0.7599710522298686,0.0,5.159239163528956,5202,125.84979995153844,6.425465117341933,11.000285311641374,-4.574820194299441,0.005718525242874302,0.005718525242874302,8,0,True
SP4_DIAG_wrench_market_motion_safety,communication_limited,communication_limited_v00,5413,replicator_motion_field,Replicator motion field,model_based,decentralized,baseline,replicator_target_congestion_field,sp4_population_motion_family,none,distributed_replicator_motion_field,local_target_obstacle_neighbor_scores,0,5,False,False,8,18.0,0,0.28,0.35,0.08,0.12,36.0,3.2,1.0,0.0,22.98,26.759999999999998,121.04407666202133,15.130509582752666,1.0215712311913574,978.7096790238157,55,0.022840531561461794,68,-0.42601522419288457,18.0,12.217927172462467,0.41889561414043913,0.7438014553739141,0.0,1.4392391635289563,5714,69.56299999728799,-8.002069403391156,11.000285311641374,-19.00235471503253,0.023752943393790665,0.023752943393790665,8,0,True
SP4_DIAG_wrench_market_motion_safety,communication_limited,communication_limited_v00,5413,logit_motion_field,Logit motion field,model_based,decentralized,baseline,logit_softmax_motion_field,sp4_population_motion_family,none,distributed_logit_smoothed_motion_field,local_softmax_flow_scores,0,6,False,False,8,18.0,0,0.28,0.35,0.08,0.12,36.0,3.2,1.0,0.0,24.06,28.08,121.14826834908364,15.143533543635455,1.020692644716432,979.4424973713808,60,0.024916943521594685,69,-0.4355221328542326,18.0,12.155834161334296,0.4192561889157101,0.7114622616620047,0.0,2.5192391635289555,5814,67.35560006927699,-14.743708462339454,11.000285311641374,-25.743993773980826,0.032179992217476035,0.032179992217476035,8,0,True
SP4_DIAG_wrench_market_motion_safety,communication_limited,communication_limited_v00,5413,bnn_motion_field,BNN/Brown motion field,model_based,decentralized,baseline,brown_bnn_positive_excess_field,sp4_population_motion_family,none,distributed_bnn_positive_excess_motion_field,local_positive_excess_neighbor_scores,0,6,False,False,8,18.0,0,0.28,0.35,0.08,0.12,36.0,3.2,1.0,0.0,24.57,28.68,121.06012445457645,15.132515556822057,1.021435811181901,978.6533076193139,57,0.02367109634551495,72,-0.4323194302515022,18.0,12.118527399115411,0.41895115052109777,0.69529266480605,0.0,3.0292391635289557,5866,73.38259997777641,-12.542391685435843,11.000285311641374,-23.542676997077216,0.02942834624634652,0.02942834624634652,8,0,True
SP4_DIAG_wrench_market_motion_safety,communication_limited,communication_limited_v00,5413,primal_dual_motion_field,Primal-dual motion field,model_based,decentralized,proposed,primal_dual_barrier_motion_field,sp4_motion_proposed,none,distributed_primal_dual_barrier_motion_field,local_barrier_dual_prices,0,7,False,False,8,18.0,0,0.28,0.35,0.08,0.12,36.0,3.2,0.875,0.125,26.914285714285718,34.68,144.05196674735652,18.006495843419565,0.8584065127060223,1155.747766952693,13,0.005398671096345515,19,-0.18730387349990046,18.0,12.003720872115501,0.4985187110581283,0.7276318585179594,0.0,6.509239163528956,5112,127.47380009386688,-2.960720985174598,11.000285311641374,-13.961006296815972,0.017451257871019966,0.017451257871019966,7,1,False
SP4_DIAG_wrench_market_motion_safety,communication_limited,communication_limited_v00,5413,pid_safety_motion,PID safety motion,model_based,decentralized,proposed,pid_damped_safety_motion,sp4_motion_proposed,none,distributed_pid_damped_safety_feedback,local_target_error_and_clearance,0,5,False,False,8,18.0,0,0.28,0.35,0.08,0.12,36.0,3.2,0.75,0.25,27.939999999999998,32.28,139.79912195326125,17.474890244157656,0.8845201936631873,1126.5641912262104,38,0.015780730897009966,51,-0.2894499789591538,18.0,11.831334620778481,0.4838009480663809,0.6629534710941407,0.0,8.414239163528956,5460,112.6085000578314,-51.573202894803494,11.000285311641374,-62.573488206444864,0.07821686025805608,0.07821686025805608,6,2,False
SP4_DIAG_wrench_market_motion_safety,communication_limited,communication_limited_v00,5413,tensor_flow_motion_field,Smooth tensor-flow motion,model_based,decentralized,proposed,smooth_tensor_flow_barrier_motion,sp4_motion_proposed,none,distributed_smooth_tensor_flow_motion_field,local_anisotropic_clearance_tensor,0,8,False,False,8,18.0,0,0.28,0.35,0.08,0.12,36.0,3.2,0.875,0.125,27.051428571428573,35.28,141.59937548086174,17.699921935107717,0.8732746596100287,1141.551767188599,41,0.0170265780730897,55,-0.13282517622946638,18.0,11.96862945940444,0.49003106132634744,0.7114622616620047,0.0,6.629239163528956,5336,134.09200008027256,-30.37816765309086,11.000285311641374,-41.37845296473223,0.05172306620591529,0.05172306620591529,7,1,False
SP4_DIAG_wrench_market_motion_safety,communication_limited,communication_limited_v00,5413,reference_time_expanded_cbf,Reference time-expanded CBF,model_based_reference,centralized,reference,time_expanded_safe_cbf_reference,sp4_motion_reference,none,centralized_time_expanded_cbf_reference,global_state_and_release_schedule,0,8,False,False,8,18.0,0,0.28,0.35,0.08,0.12,36.0,3.2,1.0,0.0,25.409999999999997,31.32,137.8152575410357,17.22690719262946,0.8972529502926974,1111.4059026008508,27,0.011212624584717609,29,-0.32581595198986313,18.0,12.169532373368053,0.476935415078335,0.7761406490858233,0.0,3.869239163528956,16800,109.60730002261698,11.000285311641374,11.000285311641374,0.0,0.0,0.0,8,0,True
SP4_DIAG_wrench_market_motion_safety,communication_limited,communication_limited_v00,5414,direct_to_target,Direct to target,classic,decentralized,baseline,direct_single_integrator,sp4_motion_baseline,none,local_target_feedback,none,0,0,False,False,8,18.0,0,0.28,0.35,0.08,0.12,36.0,3.2,1.0,0.0,21.24,24.119999999999997,120.92154534147946,15.115193167684932,1.0215545826133257,873.9863608943731,66,0.027408637873754152,110,-0.5044244079740015,18.0,12.325904055931577,0.41847157164133253,0.766546997044194,2.220446049250313e-16,0.0,5598,15.128500061109662,-15.107334481079173,35.02004712412332,-50.127381605202494,0.06265922700650312,0.06265922700650312,8,0,True
SP4_DIAG_wrench_market_motion_safety,communication_limited,communication_limited_v00,5414,priority_yield,Priority yield,classic,centralized,baseline,priority_release_yield,sp4_motion_baseline,none,centralized_priority_schedule,global_priority_order,0,2,False,False,8,18.0,0,0.28,0.35,0.08,0.12,36.0,3.2,1.0,0.0,23.955,27.84,121.13084588351362,15.141355735439202,1.0197894506496303,875.1778928029887,91,0.0377906976744186,127,-0.3835999779866193,18.0,12.222977529354814,0.419195895222569,0.7052232372806585,0.0,2.3060438350674275,16800,32.5731000630185,-44.426239441007525,35.02004712412332,-79.44628656513085,0.09930785820641357,0.09930785820641357,8,0,True
SP4_DIAG_wrench_market_motion_safety,communication_limited,communication_limited_v00,5414,apf_obstacle_avoidance,APF obstacle avoidance,classic,decentralized,baseline,artificial_potential_field,sp4_motion_baseline,none,local_apf_feedback,local_obstacle_robot_neighbors,0,4,False,False,8,18.0,0,0.28,0.35,0.08,0.12,36.0,3.2,1.0,0.0,23.1,26.16,120.97531856738041,15.121914820922552,1.0211005041616916,874.2738698161812,68,0.02823920265780731,117,-0.5060479392289521,18.0,12.212149706373628,0.4186576639236586,0.7052232372806585,0.0,1.4510438350674275,5760,53.53240005206317,-20.091395161723053,35.02004712412332,-55.11144228584638,0.06888930285730797,0.06888930285730797,8,0,True
SP4_DIAG_wrench_market_motion_safety,communication_limited,communication_limited_v00,5414,velocity_obstacle_proxy,Velocity obstacle proxy,sota,decentralized,baseline,velocity_obstacle_proxy,sp4_motion_sota_proxy,none,local_velocity_obstacle_proxy,local_relative_state_neighbors,0,5,False,False,8,18.0,0,0.28,0.35,0.08,0.12,36.0,3.2,1.0,0.0,23.61,26.759999999999998,120.96070291413675,15.120087864267093,1.0212238834951133,874.1114408174922,68,0.02823920265780731,119,-0.5105292578718633,18.0,12.17925350611476,0.41860708372832534,0.6898922973397745,0.0,1.9610438350674273,5812,74.19319998007268,-20.90255542802256,35.02004712412332,-55.92260255214588,0.06990325319018235,0.06990325319018235,8,0,True
SP4_DIAG_wrench_market_motion_safety,communication_limited,communication_limited_v00,5414,cbf_safety_filter,CBF safety filter,sota,centralized,baseline,cbf_velocity_projection_proxy,sp4_motion_sota_proxy,none,centralized_cbf_velocity_projection_proxy,global_relative_state,0,6,False,False,8,18.0,0,0.28,0.35,0.08,0.12,36.0,3.2,1.0,0.0,26.939999999999998,32.28,143.12400397252716,17.890500496565895,0.8630834475814745,1044.503243979667,0,0.0,0,0.10971582266552671,18.0,12.076298448843605,0.4953073227177713,0.7205541772215422,0.0,5.291043835067428,16800,106.76160000730306,34.96368668624736,35.02004712412332,-0.05636043787596634,7.045054734495792e-05,7.045054734495792e-05,8,0,True
SP4_DIAG_wrench_market_motion_safety,communication_limited,communication_limited_v00,5414,smith_motion_field,Smith-QR motion field,model_based,decentralized,proposed,smith_qr_congestion_field,sp4_motion_proposed,none,distributed_smith_qr_motion_field,local_congestion_price_neighbors,0,6,False,False,8,18.0,0,0.28,0.35,0.08,0.12,36.0,3.2,1.0,0.0,27.48,32.76,145.45653378097046,18.182066722621308,0.8492431076783579,1056.3568725492894,3,0.0012458471760797341,10,-0.03169130403976639,18.0,12.028534023375245,0.5033794773704681,0.7205541772215422,0.0,5.831043835067426,4862,117.93579999357462,30.477960620102237,35.02004712412332,-4.542086504021086,0.005677608130026357,0.005677608130026357,8,0,True
SP4_DIAG_wrench_market_motion_safety,communication_limited,communication_limited_v00,5414,replicator_motion_field,Replicator motion field,model_based,decentralized,baseline,replicator_target_congestion_field,sp4_population_motion_family,none,distributed_replicator_motion_field,local_target_obstacle_neighbor_scores,0,5,False,False,8,18.0,0,0.28,0.35,0.08,0.12,36.0,3.2,1.0,0.0,23.1,26.16,120.94520063508543,15.118150079385678,1.0213547799468343,874.0538746706285,68,0.02823920265780731,117,-0.5054708240846085,18.0,12.211243882948958,0.41855343519893895,0.7052232372806585,0.0,1.4510438350674275,5760,76.46700006444007,-20.08256926516263,35.02004712412332,-55.102616389285956,0.06887827048660744,0.06887827048660744,8,0,True
SP4_DIAG_wrench_market_motion_safety,communication_limited,communication_limited_v00,5414,logit_motion_field,Logit motion field,model_based,decentralized,baseline,logit_softmax_motion_field,sp4_population_motion_family,none,distributed_logit_smoothed_motion_field,local_softmax_flow_scores,0,6,False,False,8,18.0,0,0.28,0.35,0.08,0.12,36.0,3.2,1.0,0.0,24.15,27.36,120.93590585137483,15.116988231421853,1.0214332783192122,873.8437483492559,71,0.029485049833887042,124,-0.5037223401550217,18.0,12.145401806684333,0.4185212688654999,0.6745613573988907,0.0,2.5010438350674273,5864,69.73450002260506,-24.748456372123925,35.02004712412332,-59.76850349624725,0.07471062937030906,0.07471062937030906,8,0,True
SP4_DIAG_wrench_market_motion_safety,communication_limited,communication_limited_v00,5414,bnn_motion_field,BNN/Brown motion field,model_based,decentralized,baseline,brown_bnn_positive_excess_field,sp4_population_motion_family,none,distributed_bnn_positive_excess_motion_field,local_positive_excess_neighbor_scores,0,6,False,False,8,18.0,0,0.28,0.35,0.08,0.12,36.0,3.2,1.0,0.0,24.705,27.959999999999997,120.98307574794177,15.122884468492721,1.0210350333432892,874.1798017984132,69,0.028654485049833887,123,-0.4896721480373285,18.0,12.111464295151999,0.418684509094483,0.6592304174580068,0.0,3.0560438350674266,5914,68.86420003138483,-23.656838802132647,35.02004712412332,-58.67688592625597,0.07334610740781997,0.07334610740781997,8,0,True
SP4_DIAG_wrench_market_motion_safety,communication_limited,communication_limited_v00,5414,primal_dual_motion_field,Primal-dual motion field,model_based,decentralized,proposed,primal_dual_barrier_motion_field,sp4_motion_proposed,none,distributed_primal_dual_barrier_motion_field,local_barrier_dual_prices,0,7,False,False,8,18.0,0,0.28,0.35,0.08,0.12,36.0,3.2,1.0,0.0,28.155,33.6,143.33062603886953,17.91632825485869,0.8618392467411264,1045.4813764529022,0,0.0,0,0.1871435441993311,18.0,11.999161977769973,0.49602237693407275,0.6898922973397745,0.0,6.506043835067429,4952,117.02450003940612,32.96444850691968,35.02004712412332,-2.0555986172036427,0.002569498271504553,0.002569498271504553,8,0,True
SP4_DIAG_wrench_market_motion_safety,communication_limited,communication_limited_v00,5414,pid_safety_motion,PID safety motion,model_based,decentralized,proposed,pid_damped_safety_motion,sp4_motion_proposed,none,distributed_pid_damped_safety_feedback,local_target_error_and_clearance,0,5,False,False,8,18.0,0,0.28,0.35,0.08,0.12,36.0,3.2,0.875,0.125,30.41142857142857,36.0,143.93111681965962,17.991389602457453,0.8582435925585804,1046.2463800257192,0,0.0,1,0.07535853438485074,18.0,11.820719362729973,0.4981004873327087,0.628568537576239,0.0,9.461043835067427,5022,116.63920001592487,6.221690499417688,35.02004712412332,-28.798356624705633,0.03599794578088204,0.03599794578088204,7,1,False
SP4_DIAG_wrench_market_motion_safety,communication_limited,communication_limited_v00,5414,tensor_flow_motion_field,Smooth tensor-flow motion,model_based,decentralized,proposed,smooth_tensor_flow_barrier_motion,sp4_motion_proposed,none,distributed_smooth_tensor_flow_motion_field,local_anisotropic_clearance_tensor,0,8,False,False,8,18.0,0,0.28,0.35,0.08,0.12,36.0,3.2,1.0,0.0,29.295,34.8,144.82564484558446,18.103205605698058,0.8529425773452001,1055.6573881731313,0,0.0,2,0.06779059054262715,18.0,11.95622722137627,0.5011961684855498,0.6745613573988907,0.0,7.646043835067427,5338,133.6392000084743,30.709784252240098,35.02004712412332,-4.310262871883225,0.005387828589854031,0.005387828589854031,8,0,True
SP4_DIAG_wrench_market_motion_safety,communication_limited,communication_limited_v00,5414,reference_time_expanded_cbf,Reference time-expanded CBF,model_based_reference,centralized,reference,time_expanded_safe_cbf_reference,sp4_motion_reference,none,centralized_time_expanded_cbf_reference,global_state_and_release_schedule,0,8,False,False,8,18.0,0,0.28,0.35,0.08,0.12,36.0,3.2,1.0,0.0,26.804999999999996,32.76,143.7513065714626,17.968913321432826,0.859317120146413,1046.6665430154899,0,0.0,0,0.13674987518314785,18.0,12.119596052503427,0.4974782204161905,0.7358851171624262,0.0,5.156043835067427,16800,110.53920001722872,35.02004712412332,35.02004712412332,0.0,0.0,0.0,8,0,True
SP4_DIAG_wrench_market_motion_safety,long_distance_energy,long_distance_energy_v00,5400,direct_to_target,Direct to target,classic,decentralized,baseline,direct_single_integrator,sp4_motion_baseline,none,local_target_feedback,none,0,0,False,False,6,24.0,1,0.28,0.35,0.08,0.12,44.0,inf,1.0,0.0,26.799999999999997,27.84,116.92543050438763,19.487571750731274,1.0170480695512127,804.5005497755695,0,0.0,0,0.4361269594407703,0.3372207740883528,7.840662532594299,0.44129465015242847,0.773211327473718,2.220446049250313e-16,0.0,11010,15.375099959783256,43.35139979127903,39.18550579700329,4.165893994275741,0.0,0.0,6,0,True
SP4_DIAG_wrench_market_motion_safety,long_distance_energy,long_distance_energy_v00,5400,priority_yield,Priority yield,classic,centralized,baseline,priority_release_yield,sp4_motion_baseline,none,centralized_priority_schedule,global_priority_order,0,2,False,False,6,24.0,1,0.28,0.35,0.08,0.12,44.0,inf,1.0,0.0,29.759999999999994,31.32,117.00589857991832,19.500983096653055,1.0163486184818884,804.7145906471301,0,0.0,0,0.1651657275436762,0.3366915726611468,7.563749655180346,0.44159834910899104,0.7113544212758206,0.0,2.5519676463425083,11010,27.007700060494244,38.59555640594668,39.18550579700329,-0.5899493910566065,0.0009832489850943441,0.0009832489850943441,6,0,True
SP4_DIAG_wrench_market_motion_safety,long_distance_energy,long_distance_energy_v00,5400,apf_obstacle_avoidance,APF obstacle avoidance,classic,decentralized,baseline,artificial_potential_field,sp4_motion_baseline,none,local_apf_feedback,local_obstacle_robot_neighbors,0,4,False,False,6,24.0,1,0.28,0.35,0.08,0.12,44.0,inf,1.0,0.0,29.16,30.36,117.01963994640968,19.503273324401615,1.0162292708334428,804.8055680751103,0,0.0,0,0.5451061711708183,0.4278304108520705,7.57933218101592,0.44165021115039843,0.7113544212758206,0.0,1.951967646342507,11010,45.80210009589791,39.55162353103876,39.18550579700329,0.36611773403546977,0.0,0.0,6,0,True
SP4_DIAG_wrench_market_motion_safety,long_distance_energy,long_distance_energy_v00,5400,velocity_obstacle_proxy,Velocity obstacle proxy,sota,decentralized,baseline,velocity_obstacle_proxy,sp4_motion_sota_proxy,none,local_velocity_obstacle_proxy,local_relative_state_neighbors,0,5,False,False,6,24.0,1,0.28,0.35,0.08,0.12,44.0,inf,1.0,0.0,29.799999999999997,30.959999999999997,116.98934075205119,19.4982234586752,1.0164924651380849,804.6398112262459,0,0.0,0,0.5290045327689394,0.41191841788469086,7.494582521956012,0.44153585730695566,0.6958901947263464,0.0,2.591967646342507,11010,63.634099904447794,38.53594692228627,39.18550579700329,-0.649558874717016,0.00108259812452836,0.00108259812452836,6,0,True
SP4_DIAG_wrench_market_motion_safety,long_distance_energy,long_distance_energy_v00,5400,cbf_safety_filter,CBF safety filter,sota,centralized,baseline,cbf_velocity_projection_proxy,sp4_motion_sota_proxy,none,centralized_cbf_velocity_projection_proxy,global_relative_state,0,6,False,False,6,24.0,1,0.28,0.35,0.08,0.12,44.0,inf,1.0,0.0,29.26,30.36,120.01980665154917,20.00330110859153,0.9908263202021828,825.4316129609715,0,0.0,0,1.706335484695165,1.6815589543777893,7.792275273419089,0.4529733040894817,0.726818647825295,0.0,2.051967646342508,11010,78.6268999800086,38.52532640704946,39.18550579700329,-0.6601793899538251,0.0011002989832563752,0.0011002989832563752,6,0,True
SP4_DIAG_wrench_market_motion_safety,long_distance_energy,long_distance_energy_v00,5400,smith_motion_field,Smith-QR motion field,model_based,decentralized,proposed,smith_qr_congestion_field,sp4_motion_proposed,none,distributed_smith_qr_motion_field,local_congestion_price_neighbors,0,6,False,False,6,24.0,1,0.28,0.35,0.08,0.12,44.0,inf,1.0,0.0,29.400000000000002,30.48,120.59251327759216,20.098752212932027,0.9861207809990038,829.4587617364252,0,0.0,0,1.841340733658853,1.8255968252309966,7.803311202474965,0.4551347874305257,0.7268186478252949,0.0,2.191967646342508,11010,94.90549995098263,38.13505946156547,39.18550579700329,-1.0504463354378188,0.0017507438923963648,0.0017507438923963648,6,0,True
SP4_DIAG_wrench_market_motion_safety,long_distance_energy,long_distance_energy_v00,5400,replicator_motion_field,Replicator motion field,model_based,decentralized,baseline,replicator_target_congestion_field,sp4_population_motion_family,none,distributed_replicator_motion_field,local_target_obstacle_neighbor_scores,0,5,False,False,6,24.0,1,0.28,0.35,0.08,0.12,44.0,inf,1.0,0.0,29.16,30.36,116.98937097124258,19.498228495207098,1.0164922025708099,804.6022851645716,0,0.0,0,0.5087993726181339,0.3960389728738478,7.571114755669455,0.4415359713588565,0.7113544212758206,0.0,1.951967646342507,11010,58.05810005404055,39.56031553468091,39.18550579700329,0.37480973767762293,0.0,0.0,6,0,True
SP4_DIAG_wrench_market_motion_safety,long_distance_energy,long_distance_energy_v00,5400,logit_motion_field,Logit motion field,model_based,decentralized,baseline,logit_softmax_motion_field,sp4_population_motion_family,none,distributed_logit_smoothed_motion_field,local_softmax_flow_scores,0,6,False,False,6,24.0,1,0.28,0.35,0.08,0.12,44.0,inf,1.0,0.0,30.48,31.68,116.96936649061381,19.4948944151023,1.0166660463658623,804.3981695795629,0,0.0,0,0.5225487186326034,0.40664923705790446,7.4085305775734,0.4414604713564842,0.680425968176872,0.0,3.271967646342507,11010,60.68630004301667,37.45475767626933,39.18550579700329,-1.7307481207339563,0.0028845802012232606,0.0028845802012232606,6,0,True
SP4_DIAG_wrench_market_motion_safety,long_distance_energy,long_distance_energy_v00,5400,bnn_motion_field,BNN/Brown motion field,model_based,decentralized,baseline,brown_bnn_positive_excess_field,sp4_population_motion_family,none,distributed_bnn_positive_excess_motion_field,local_positive_excess_neighbor_scores,0,6,False,False,6,24.0,1,0.28,0.35,0.08,0.12,44.0,inf,1.0,0.0,31.2,32.4,117.04802297962345,19.50800382993724,1.0159828448929389,804.8238947549423,0,0.0,0,0.5323801813202813,0.4144205258102469,7.328050578640199,0.44175733310546234,0.6649617416273975,0.0,3.991967646342508,11010,66.27109996043146,36.28119599693342,39.18550579700329,-2.9043098000698677,0.0048405163334497795,0.0048405163334497795,6,0,True
SP4_DIAG_wrench_market_motion_safety,long_distance_energy,long_distance_energy_v00,5400,primal_dual_motion_field,Primal-dual motion field,model_based,decentralized,proposed,primal_dual_barrier_motion_field,sp4_motion_proposed,none,distributed_primal_dual_barrier_motion_field,local_barrier_dual_prices,0,7,False,False,6,24.0,1,0.28,0.35,0.08,0.12,44.0,inf,1.0,0.0,30.62,31.799999999999997,120.26081927773309,20.043469879622183,0.9888406223251993,827.1467166669888,0,0.0,0,1.79080015237006,1.743980619929913,7.644967122581159,0.45388292299869043,0.6958901947263463,0.0,3.4119676463425073,11010,94.07190000638366,36.27915259222883,39.18550579700329,-2.9063532047744545,0.004843922007957424,0.004843922007957424,6,0,True
SP4_DIAG_wrench_market_motion_safety,long_distance_energy,long_distance_energy_v00,5400,pid_safety_motion,PID safety motion,model_based,decentralized,proposed,pid_damped_safety_motion,sp4_motion_proposed,none,distributed_pid_damped_safety_feedback,local_target_error_and_clearance,0,5,False,False,6,24.0,1,0.28,0.35,0.08,0.12,44.0,inf,1.0,0.0,33.68,34.92,120.41637170224598,20.069395283707664,0.9875632498708967,827.7870385596282,0,0.0,0,1.8360839958797102,1.791803665197614,7.302837188377877,0.4544700018955539,0.6340332885284488,0.0,6.471967646342509,11010,82.3994999518618,31.3425278399096,39.18550579700329,-7.842977957093687,0.01307162992848948,0.01307162992848948,6,0,True
SP4_DIAG_wrench_market_motion_safety,long_distance_energy,long_distance_energy_v00,5400,tensor_flow_motion_field,Smooth tensor-flow motion,model_based,decentralized,proposed,smooth_tensor_flow_barrier_motion,sp4_motion_proposed,none,distributed_smooth_tensor_flow_motion_field,local_anisotropic_clearance_tensor,0,8,False,False,6,24.0,1,0.28,0.35,0.08,0.12,44.0,inf,1.0,0.0,31.319999999999997,32.519999999999996,120.310900931601,20.0518168219335,0.9884289989943594,827.2750586351041,0,0.0,0,1.7857606378578499,1.7463229118874575,7.5679729435726895,0.4540719389024803,0.6804259681768718,0.0,4.111967646342507,11010,102.19010000582784,35.146851208696745,39.18550579700329,-4.038654588306542,0.006731090980510904,0.006731090980510904,6,0,True
SP4_DIAG_wrench_market_motion_safety,long_distance_energy,long_distance_energy_v00,5400,reference_time_expanded_cbf,Reference time-expanded CBF,model_based_reference,centralized,reference,time_expanded_safe_cbf_reference,sp4_motion_reference,none,centralized_time_expanded_cbf_reference,global_state_and_release_schedule,0,8,False,False,6,24.0,1,0.28,0.35,0.08,0.12,44.0,inf,1.0,0.0,28.84,30.0,120.05756013166562,20.009593355277605,0.9905147434740068,825.7830974030271,0,0.0,0,1.7833514739700052,1.666332536184142,7.8693673400942785,0.45311579155972803,0.7422828743747694,0.0,1.631967646342508,11010,76.58430002629757,39.18550579700329,39.18550579700329,0.0,0.0,0.0,6,0,True
SP4_DIAG_wrench_market_motion_safety,long_distance_energy,long_distance_energy_v00,5401,direct_to_target,Direct to target,classic,decentralized,baseline,direct_single_integrator,sp4_motion_baseline,none,local_target_feedback,none,0,0,False,False,6,24.0,1,0.28,0.35,0.08,0.12,44.0,inf,1.0,0.0,27.080000000000002,29.64,117.21785260650839,19.536308767751397,1.0161546342391734,803.556564288672,0,0.0,0,0.18765758911173902,0.2692049950982607,7.835875618323206,0.44239829637118244,0.7899265725797816,2.220446049250313e-16,0.0,11010,15.657200012356043,42.84850678368143,38.789283474489146,4.059223309192284,0.0,0.0,6,0,True
SP4_DIAG_wrench_market_motion_safety,long_distance_energy,long_distance_energy_v00,5401,priority_yield,Priority yield,classic,centralized,baseline,priority_release_yield,sp4_motion_baseline,none,centralized_priority_schedule,global_priority_order,0,2,False,False,6,24.0,1,0.28,0.35,0.08,0.12,44.0,inf,1.0,0.0,30.02,32.16,117.18222874866247,19.530371458110412,1.0164635492395635,803.1636219328011,0,0.0,0,0.3489773665328133,0.269171408777962,7.545618005316905,0.4422638464246019,0.726732446773399,0.0,2.561820992396754,11010,25.611999910324812,38.15627345596624,38.789283474489146,-0.6330100185229028,0.0010550166975381713,0.0010550166975381713,6,0,True
SP4_DIAG_wrench_market_motion_safety,long_distance_energy,long_distance_energy_v00,5401,apf_obstacle_avoidance,APF obstacle avoidance,classic,decentralized,baseline,artificial_potential_field,sp4_motion_baseline,none,local_apf_feedback,local_obstacle_robot_neighbors,0,4,False,False,6,24.0,1,0.28,0.35,0.08,0.12,44.0,inf,1.0,0.0,29.419999999999998,32.16,117.19429861859462,19.532383103099104,1.0163588634060827,803.245487080935,0,0.0,0,0.30233288837615246,0.3839374506797504,7.561560116638567,0.44230939997959945,0.726732446773399,0.0,1.9618209923967544,11010,47.94879991095513,39.11279943309983,38.789283474489146,0.3235159586106846,0.0,0.0,6,0,True
SP4_DIAG_wrench_market_motion_safety,long_distance_energy,long_distance_energy_v00,5401,velocity_obstacle_proxy,Velocity obstacle proxy,sota,decentralized,baseline,velocity_obstacle_proxy,sp4_motion_sota_proxy,none,local_velocity_obstacle_proxy,local_relative_state_neighbors,0,5,False,False,6,24.0,1,0.28,0.35,0.08,0.12,44.0,inf,1.0,0.0,30.079999999999995,32.879999999999995,117.20188717775125,19.533647862958542,1.016293056450708,803.2399657174535,0,0.0,0,0.2856774532669949,0.36664683259063957,7.478279637441858,0.4423380403749675,0.7109339153218034,0.0,2.621820992396754,11010,62.444299925118685,38.0551851637202,38.789283474489146,-0.7340983107689425,0.0012234971846149041,0.0012234971846149041,6,0,True
SP4_DIAG_wrench_market_motion_safety,long_distance_energy,long_distance_energy_v00,5401,cbf_safety_filter,CBF safety filter,sota,centralized,baseline,cbf_velocity_projection_proxy,sp4_motion_sota_proxy,none,centralized_cbf_velocity_projection_proxy,global_relative_state,0,6,False,False,6,24.0,1,0.28,0.35,0.08,0.12,44.0,inf,1.0,0.0,29.540000000000003,32.28,120.27224329320627,20.045373882201044,0.990348736169254,824.5502149967551,0,0.0,0,1.5401687560854058,1.6528458511461064,7.77352716612983,0.45392603899911793,0.7425309782249947,0.0,2.081820992396754,11010,69.46510006673634,38.030604325527065,38.789283474489146,-0.7586791489620808,0.0012644652482701347,0.0012644652482701347,6,0,True
SP4_DIAG_wrench_market_motion_safety,long_distance_energy,long_distance_energy_v00,5401,smith_motion_field,Smith-QR motion field,model_based,decentralized,proposed,smith_qr_congestion_field,sp4_motion_proposed,none,distributed_smith_qr_motion_field,local_congestion_price_neighbors,0,6,False,False,6,24.0,1,0.28,0.35,0.08,0.12,44.0,inf,1.0,0.0,29.679999999999996,32.4,120.8201620161146,20.136693669352432,0.9858575104855527,828.1882376508356,0,0.0,0,1.6120752671134295,1.8003012034108707,7.787289992796919,0.4559939689617862,0.7425309782249947,0.0,2.2218209923967542,11010,91.30590001586825,37.64968197994643,38.789283474489146,-1.1396014945427169,0.0018993358242378614,0.0018993358242378614,6,0,True
SP4_DIAG_wrench_market_motion_safety,long_distance_energy,long_distance_energy_v00,5401,replicator_motion_field,Replicator motion field,model_based,decentralized,baseline,replicator_target_congestion_field,sp4_population_motion_family,none,distributed_replicator_motion_field,local_target_obstacle_neighbor_scores,0,5,False,False,6,24.0,1,0.28,0.35,0.08,0.12,44.0,inf,1.0,0.0,29.419999999999998,32.16,117.16367221582001,19.527278702636668,1.0166245380416206,803.0361496210074,0,0.0,0,0.26521819283419,0.3493782912127925,7.553375775701089,0.44219381120101203,0.7267324467733991,0.0,1.9618209923967544,11010,63.14709992147982,39.12163061630952,38.789283474489146,0.33234714182037095,0.0,0.0,6,0,True
SP4_DIAG_wrench_market_motion_safety,long_distance_energy,long_distance_energy_v00,5401,logit_motion_field,Logit motion field,model_based,decentralized,baseline,logit_softmax_motion_field,sp4_population_motion_family,none,distributed_logit_smoothed_motion_field,local_softmax_flow_scores,0,6,False,False,6,24.0,1,0.28,0.35,0.08,0.12,44.0,inf,1.0,0.0,30.78,33.72,117.21300787249952,19.53550131208325,1.0161966346877935,803.3199031713808,0,0.0,0,0.278682647071098,0.36091538646837407,7.392322135776,0.4423800115960869,0.6951353838702078,0.0,3.321820992396755,11010,63.90599999576807,36.93193923633629,38.789283474489146,-1.857344238152855,0.0030955737302547585,0.0030955737302547585,6,0,True
SP4_DIAG_wrench_market_motion_safety,long_distance_energy,long_distance_energy_v00,5401,bnn_motion_field,BNN/Brown motion field,model_based,decentralized,baseline,brown_bnn_positive_excess_field,sp4_population_motion_family,none,distributed_bnn_positive_excess_motion_field,local_positive_excess_neighbor_scores,0,6,False,False,6,24.0,1,0.28,0.35,0.08,0.12,44.0,inf,1.0,0.0,31.48,34.44,117.2271543653842,19.537859060897365,1.0160740042397556,803.344984155224,0,0.0,0,0.28971205779705267,0.369013992114714,7.306443256114761,0.4424334026471328,0.6793368524186121,0.0,4.021820992396754,11010,70.16170001588762,35.80857619806324,38.789283474489146,-2.9807072764259033,0.004967845460709839,0.004967845460709839,6,0,True
SP4_DIAG_wrench_market_motion_safety,long_distance_energy,long_distance_energy_v00,5401,primal_dual_motion_field,Primal-dual motion field,model_based,decentralized,proposed,primal_dual_barrier_motion_field,sp4_motion_proposed,none,distributed_primal_dual_barrier_motion_field,local_barrier_dual_prices,0,7,False,False,6,24.0,1,0.28,0.35,0.08,0.12,44.0,inf,1.0,0.0,30.919999999999998,33.72,120.513434406854,20.085572401142333,0.9883666889746658,826.0124949445831,0,0.0,0,1.558534870215143,1.7371723319016537,7.628395549442769,0.45483633154760733,0.7109339153218034,0.0,3.4618209923967544,11010,96.74639999866486,35.75491948104628,38.789283474489146,-3.0343639934428666,0.0050572733224047775,0.0050572733224047775,6,0,True
SP4_DIAG_wrench_market_motion_safety,long_distance_energy,long_distance_energy_v00,5401,pid_safety_motion,PID safety motion,model_based,decentralized,proposed,pid_damped_safety_motion,sp4_motion_proposed,none,distributed_pid_damped_safety_feedback,local_target_error_and_clearance,0,5,False,False,6,24.0,1,0.28,0.35,0.08,0.12,44.0,inf,1.0,0.0,34.019999999999996,37.199999999999996,120.68559470821003,20.114265784701672,0.9869567650526307,826.9678814306533,0,0.0,0,1.5957090905280036,1.7934808064716552,7.280021895716896,0.45548609113907795,0.6477397895154208,0.0,6.561820992396753,11010,86.58729994203895,30.747490349887272,38.789283474489146,-8.041793124601874,0.013402988541003124,0.013402988541003124,6,0,True
SP4_DIAG_wrench_market_motion_safety,long_distance_energy,long_distance_energy_v00,5401,tensor_flow_motion_field,Smooth tensor-flow motion,model_based,decentralized,proposed,smooth_tensor_flow_barrier_motion,sp4_motion_proposed,none,distributed_smooth_tensor_flow_motion_field,local_anisotropic_clearance_tensor,0,8,False,False,6,24.0,1,0.28,0.35,0.08,0.12,44.0,inf,1.0,0.0,31.599999999999994,34.56,120.49437394698354,20.08239565783059,0.988523034229597,825.7838242265611,0,0.0,0,1.5515491784885809,1.7359261449136538,7.5458518507759145,0.45476439442551075,0.6951353838702077,0.0,4.141820992396755,11010,96.70260001439601,34.673399489398,38.789283474489146,-4.115883985091145,0.006859806641818574,0.006859806641818574,6,0,True
SP4_DIAG_wrench_market_motion_safety,long_distance_energy,long_distance_energy_v00,5401,reference_time_expanded_cbf,Reference time-expanded CBF,model_based_reference,centralized,reference,time_expanded_safe_cbf_reference,sp4_motion_reference,none,centralized_time_expanded_cbf_reference,global_state_and_release_schedule,0,8,False,False,6,24.0,1,0.28,0.35,0.08,0.12,44.0,inf,1.0,0.0,29.08,31.56,120.19556681698434,20.03259446949739,0.9909805103131035,823.9691825774306,0,0.0,0,1.5622045881973787,1.6493890037815968,7.848672716581646,0.45363665012448867,0.7583295096765903,0.0,1.621820992396754,11010,80.31260001007468,38.789283474489146,38.789283474489146,0.0,0.0,0.0,6,0,True
SP4_DIAG_wrench_market_motion_safety,long_distance_energy,long_distance_energy_v00,5402,direct_to_target,Direct to target,classic,decentralized,baseline,direct_single_integrator,sp4_motion_baseline,none,local_target_feedback,none,0,0,False,False,6,24.0,1,0.28,0.35,0.08,0.12,44.0,inf,1.0,0.0,27.900000000000002,32.4,116.86822624845416,19.478037708075693,1.016934954034359,1062.3912893438123,13,0.00588768115942029,15,-0.3387901632025165,0.19995242669705515,7.700159027149513,0.44107875244736594,0.7850133460191829,2.220446049250313e-16,0.0,11010,17.506200005300343,24.89464254929326,34.2368777716016,-9.34223522230834,0.015570392037180565,0.015570392037180565,6,0,True
SP4_DIAG_wrench_market_motion_safety,long_distance_energy,long_distance_energy_v00,5402,priority_yield,Priority yield,classic,centralized,baseline,priority_release_yield,sp4_motion_baseline,none,centralized_priority_schedule,global_priority_order,0,2,False,False,6,24.0,1,0.28,0.35,0.08,0.12,44.0,inf,1.0,0.0,30.98,36.72,117.03203541344168,19.50533923557361,1.0155115551754184,1063.842181480266,11,0.004981884057971014,15,-0.21957194158686483,0.20002260189998378,7.408220454169375,0.4416969935591855,0.7222122783376482,0.0,2.6513908303075886,11010,28.323200065642595,22.090008655109727,34.2368777716016,-12.146869116491871,0.020244781860819783,0.020244781860819783,6,0,True
SP4_DIAG_wrench_market_motion_safety,long_distance_energy,long_distance_energy_v00,5402,apf_obstacle_avoidance,APF obstacle avoidance,classic,decentralized,baseline,artificial_potential_field,sp4_motion_baseline,none,local_apf_feedback,local_obstacle_robot_neighbors,0,4,False,False,6,24.0,1,0.28,0.35,0.08,0.12,44.0,inf,1.0,0.0,30.34,35.28,116.91998580702867,19.486664301171444,1.0164847649246316,1062.7678755548945,12,0.005434782608695652,15,-0.22158077001512427,0.32602510736257795,7.423978509949761,0.4412741010229042,0.7222122783376482,0.0,2.011390830307588,11010,61.57220003660768,22.06244610603518,34.2368777716016,-12.17443166556642,0.0202907194426107,0.0202907194426107,6,0,True
SP4_DIAG_wrench_market_motion_safety,long_distance_energy,long_distance_energy_v00,5402,velocity_obstacle_proxy,Velocity obstacle proxy,sota,decentralized,baseline,velocity_obstacle_proxy,sp4_motion_sota_proxy,none,local_velocity_obstacle_proxy,local_relative_state_neighbors,0,5,False,False,6,24.0,1,0.28,0.35,0.08,0.12,44.0,inf,1.0,0.0,31.039999999999996,36.12,116.98012085715143,19.49668680952524,1.0159622286010248,1063.1705253322837,13,0.00588768115942029,15,-0.23842856318946481,0.3097521248380226,7.341415729738232,0.4415010599983066,0.7065120114172646,0.0,2.7113908303075873,11010,70.74330002069473,19.838233375495165,34.2368777716016,-14.398644396106434,0.02399774066017739,0.02399774066017739,6,0,True
SP4_DIAG_wrench_market_motion_safety,long_distance_energy,long_distance_energy_v00,5402,cbf_safety_filter,CBF safety filter,sota,centralized,baseline,cbf_velocity_projection_proxy,sp4_motion_sota_proxy,none,centralized_cbf_velocity_projection_proxy,global_relative_state,0,6,False,False,6,24.0,1,0.28,0.35,0.08,0.12,44.0,inf,1.0,0.0,30.58,35.28,120.45972745201365,20.076621242002275,0.986615085405974,1094.7662513536063,0,0.0,0,1.5298975561461159,1.646489435001241,7.634414104928546,0.45463363319751526,0.7379125452580318,0.0,2.2513908303075874,11010,71.50209997780621,33.62319744702094,34.2368777716016,-0.6136803245806561,0.0010228005409677603,0.0010228005409677603,6,0,True
SP4_DIAG_wrench_market_motion_safety,long_distance_energy,long_distance_energy_v00,5402,smith_motion_field,Smith-QR motion field,model_based,decentralized,proposed,smith_qr_congestion_field,sp4_motion_proposed,none,distributed_smith_qr_motion_field,local_congestion_price_neighbors,0,6,False,False,6,24.0,1,0.28,0.35,0.08,0.12,44.0,inf,1.0,0.0,30.74,35.519999999999996,121.05348297282464,20.175580495470772,0.9817758346922485,1100.356340374083,0,0.0,0,1.5421555089091417,1.7981216072987978,7.649023987408665,0.4568745583213478,0.7379125452580318,0.0,2.411390830307587,11010,98.91729999799281,33.180670342237754,34.2368777716016,-1.0562074293638446,0.0017603457156064076,0.0017603457156064076,6,0,True
SP4_DIAG_wrench_market_motion_safety,long_distance_energy,long_distance_energy_v00,5402,replicator_motion_field,Replicator motion field,model_based,decentralized,baseline,replicator_target_congestion_field,sp4_population_motion_family,none,distributed_replicator_motion_field,local_target_obstacle_neighbor_scores,0,5,False,False,6,24.0,1,0.28,0.35,0.08,0.12,44.0,inf,1.0,0.0,30.34,35.28,116.8932842337929,19.482214038965484,1.01671695741175,1062.5220770707763,13,0.00588768115942029,16,-0.25914753383505756,0.28762191650010194,7.416009409076054,0.4411733251577331,0.7222122783376482,0.0,2.011390830307588,11010,73.39919998776168,20.983821915249106,34.2368777716016,-13.253055856352493,0.022088426427254153,0.022088426427254153,6,0,True
SP4_DIAG_wrench_market_motion_safety,long_distance_energy,long_distance_energy_v00,5402,logit_motion_field,Logit motion field,model_based,decentralized,baseline,logit_softmax_motion_field,sp4_population_motion_family,none,distributed_logit_smoothed_motion_field,local_softmax_flow_scores,0,6,False,False,6,24.0,1,0.28,0.35,0.08,0.12,44.0,inf,1.0,0.0,31.72,36.839999999999996,116.89035089189495,19.481725148649158,1.0167424717371565,1062.3853648005932,14,0.006340579710144928,16,-0.24435130715195474,0.3024485702700024,7.248510044015109,0.44116225427194666,0.6908117444968809,0.0,3.391390830307587,11010,78.43980006873608,17.69087785142935,34.2368777716016,-16.54599992017225,0.027576666533620415,0.027576666533620415,6,0,True
SP4_DIAG_wrench_market_motion_safety,long_distance_energy,long_distance_energy_v00,5402,bnn_motion_field,BNN/Brown motion field,model_based,decentralized,baseline,brown_bnn_positive_excess_field,sp4_population_motion_family,none,distributed_bnn_positive_excess_motion_field,local_positive_excess_neighbor_scores,0,6,False,False,6,24.0,1,0.28,0.35,0.08,0.12,44.0,inf,1.0,0.0,32.46,37.68,116.94192753950949,19.490321256584917,1.0162940425955913,1062.6181514669665,13,0.00588768115942029,16,-0.234605145616324,0.31374741003020956,7.162740538509218,0.4413569125132455,0.6751114775764973,0.0,4.131390830307588,11010,79.03249992523342,17.58015964402955,34.2368777716016,-16.65671812757205,0.027761196879286746,0.027761196879286746,6,0,True
SP4_DIAG_wrench_market_motion_safety,long_distance_energy,long_distance_energy_v00,5402,primal_dual_motion_field,Primal-dual motion field,model_based,decentralized,proposed,primal_dual_barrier_motion_field,sp4_motion_proposed,none,distributed_primal_dual_barrier_motion_field,local_barrier_dual_prices,0,7,False,False,6,24.0,1,0.28,0.35,0.08,0.12,44.0,inf,1.0,0.0,32.0,36.96,120.69141625599698,20.115236042666165,0.9847211009270384,1096.9659522882057,0,0.0,0,1.5330766185428653,1.7429491247756912,7.4803706027061505,0.4555080625603747,0.7065120114172646,0.0,3.6713908303075886,11010,104.01320003438741,31.278228900798606,34.2368777716016,-2.9586488708029925,0.004931081451338321,0.004931081451338321,6,0,True
SP4_DIAG_wrench_market_motion_safety,long_distance_energy,long_distance_energy_v00,5402,pid_safety_motion,PID safety motion,model_based,decentralized,proposed,pid_damped_safety_motion,sp4_motion_proposed,none,distributed_pid_damped_safety_feedback,local_target_error_and_clearance,0,5,False,False,6,24.0,1,0.28,0.35,0.08,0.12,44.0,inf,1.0,0.0,35.22,40.68,120.88654837725204,20.14775806287534,0.9831315881164908,1098.555613408466,0,0.0,0,1.536452039688252,1.767069868979411,7.124367659632452,0.4562445213513445,0.6437109437357299,0.0,6.891390830307588,11010,85.7821999816224,26.067403222919886,34.2368777716016,-8.169474548681713,0.013615790914469522,0.013615790914469522,6,0,True
SP4_DIAG_wrench_market_motion_safety,long_distance_energy,long_distance_energy_v00,5402,tensor_flow_motion_field,Smooth tensor-flow motion,model_based,decentralized,proposed,smooth_tensor_flow_barrier_motion,sp4_motion_proposed,none,distributed_smooth_tensor_flow_motion_field,local_anisotropic_clearance_tensor,0,8,False,False,6,24.0,1,0.28,0.35,0.08,0.12,44.0,inf,1.0,0.0,32.74,37.8,120.76044641754714,20.12674106959119,0.9841582058840388,1097.5398647892991,0,0.0,0,1.538391373165358,1.7408681777901134,7.399544238040704,0.45576859306139467,0.6908117444968809,0.0,4.411390830307587,11010,105.33219994977117,30.07330314024662,34.2368777716016,-4.1635746313549795,0.0069392910522582995,0.0069392910522582995,6,0,True
SP4_DIAG_wrench_market_motion_safety,long_distance_energy,long_distance_energy_v00,5402,reference_time_expanded_cbf,Reference time-expanded CBF,model_based_reference,centralized,reference,time_expanded_safe_cbf_reference,sp4_motion_reference,none,centralized_time_expanded_cbf_reference,global_state_and_release_schedule,0,8,False,False,6,24.0,1,0.28,0.35,0.08,0.12,44.0,inf,1.0,0.0,30.159999999999997,34.92,120.64376355022969,20.10729392503828,0.985110052858779,1096.5494247347867,0,0.0,0,1.3388508520901374,1.6463183234395433,7.696919764619203,0.45532821388220723,0.7536128121784156,0.0,1.8313908303075876,11010,85.74670006055385,34.2368777716016,34.2368777716016,0.0,0.0,0.0,6,0,True
SP4_DIAG_wrench_market_motion_safety,long_distance_energy,long_distance_energy_v00,5403,direct_to_target,Direct to target,classic,decentralized,baseline,direct_single_integrator,sp4_motion_baseline,none,local_target_feedback,none,0,0,False,False,6,24.0,1,0.28,0.35,0.08,0.12,44.0,inf,1.0,0.0,26.939999999999998,28.56,117.29954136406901,19.54992356067817,1.0163941004117745,943.7402166188873,11,0.004981884057971014,13,-0.5535024036983192,0.38361198898603566,7.85747194730368,0.44270660237043025,0.8921941274795447,2.220446049250313e-16,0.0,11010,15.946800005622208,29.696176994585507,25.99988016289057,3.696296831694937,0.0,0.0,6,0,True
SP4_DIAG_wrench_market_motion_safety,long_distance_energy,long_distance_energy_v00,5403,priority_yield,Priority yield,classic,centralized,baseline,priority_release_yield,sp4_motion_baseline,none,centralized_priority_schedule,global_priority_order,0,2,False,False,6,24.0,1,0.28,0.35,0.08,0.12,44.0,inf,1.0,0.0,29.859999999999996,31.919999999999998,117.24331510805858,19.540552518009765,1.0168815314848771,943.0581523475473,0,0.0,0,0.18250333602472635,0.3371647558073798,7.572755263892994,0.44249439578826394,0.8208185972811812,0.0,2.536916238643711,11010,29.807900078594685,36.99988915275164,25.99988016289057,11.000008989861072,0.0,0.0,6,0,True
SP4_DIAG_wrench_market_motion_safety,long_distance_energy,long_distance_energy_v00,5403,apf_obstacle_avoidance,APF obstacle avoidance,classic,decentralized,baseline,artificial_potential_field,sp4_motion_baseline,none,local_apf_feedback,local_obstacle_robot_neighbors,0,4,False,False,6,24.0,1,0.28,0.35,0.08,0.12,44.0,inf,1.0,0.0,29.26,30.959999999999997,117.25033761358945,19.54172293559824,1.0168206271299352,943.1230849373616,12,0.005434782608695652,14,-0.45783102049387414,0.46343902244015234,7.585131880049217,0.44252089980974196,0.8208185972811812,0.0,1.936916238643711,11010,46.132300049066544,24.91421661476714,25.99988016289057,-1.0856635481234314,0.0018094392468723855,0.0018094392468723855,6,0,True
SP4_DIAG_wrench_market_motion_safety,long_distance_energy,long_distance_energy_v00,5403,velocity_obstacle_proxy,Velocity obstacle proxy,sota,decentralized,baseline,velocity_obstacle_proxy,sp4_motion_sota_proxy,none,local_velocity_obstacle_proxy,local_relative_state_neighbors,0,5,False,False,6,24.0,1,0.28,0.35,0.08,0.12,44.0,inf,1.0,0.0,29.919999999999998,31.68,117.26998213108905,19.544997021848175,1.0166502941065936,943.3170322184899,13,0.00588768115942029,15,-0.4827522933579529,0.4478680585162882,7.5030990472402905,0.4425950412556201,0.8029747147315903,0.0,2.5969162386437126,11010,69.11589996889234,22.76499882636682,25.99988016289057,-3.234881336523749,0.005391468894206248,0.005391468894206248,6,0,True
SP4_DIAG_wrench_market_motion_safety,long_distance_energy,long_distance_energy_v00,5403,cbf_safety_filter,CBF safety filter,sota,centralized,baseline,cbf_velocity_projection_proxy,sp4_motion_sota_proxy,none,centralized_cbf_velocity_projection_proxy,global_relative_state,0,6,False,False,6,24.0,1,0.28,0.35,0.08,0.12,44.0,inf,1.0,0.0,29.539999999999996,31.08,121.0768725331676,20.179478755527935,0.984684847973646,974.5408105640987,0,0.0,0,1.4735964577307619,1.685951306798591,7.796601388797415,0.45696283413786054,0.8386624798307721,0.0,2.216916238643711,11010,69.64610004797578,36.35367993706214,25.99988016289057,10.35379977417157,0.0,0.0,6,0,True
SP4_DIAG_wrench_market_motion_safety,long_distance_energy,long_distance_energy_v00,5403,smith_motion_field,Smith-QR motion field,model_based,decentralized,proposed,smith_qr_congestion_field,sp4_motion_proposed,none,distributed_smith_qr_motion_field,local_congestion_price_neighbors,0,6,False,False,6,24.0,1,0.28,0.35,0.08,0.12,44.0,inf,1.0,0.0,29.64,31.2,121.5205247280241,20.253420788004018,0.9810899195035527,978.068767201346,0,0.0,0,1.5213653015013873,1.8268314681869382,7.7962381428257235,0.458637246105164,0.838662479830772,0.0,2.3169162386437114,11010,96.77170007489622,36.060796887821226,25.99988016289057,10.060916724930657,0.0,0.0,6,0,True
SP4_DIAG_wrench_market_motion_safety,long_distance_energy,long_distance_energy_v00,5403,replicator_motion_field,Replicator motion field,model_based,decentralized,baseline,replicator_target_congestion_field,sp4_population_motion_family,none,distributed_replicator_motion_field,local_target_obstacle_neighbor_scores,0,5,False,False,6,24.0,1,0.28,0.35,0.08,0.12,44.0,inf,1.0,0.0,29.26,30.959999999999997,117.22328932478024,19.537214887463374,1.0170552499437822,942.9058514146,12,0.005434782608695652,14,-0.4969775685184968,0.4338920492492795,7.577199010200962,0.4424188153863984,0.8208185972811812,0.0,1.936916238643711,11010,64.54560009296983,24.92233957353278,25.99988016289057,-1.0775405893577883,0.0017959009822629804,0.0017959009822629804,6,0,True
SP4_DIAG_wrench_market_motion_safety,long_distance_energy,long_distance_energy_v00,5403,logit_motion_field,Logit motion field,model_based,decentralized,baseline,logit_softmax_motion_field,sp4_population_motion_family,none,distributed_logit_smoothed_motion_field,local_softmax_flow_scores,0,6,False,False,6,24.0,1,0.28,0.35,0.08,0.12,44.0,inf,1.0,0.0,30.62,32.4,117.29083743675913,19.548472906126523,1.016469525061828,943.4266266534439,13,0.00588768115942029,14,-0.48794941990245755,0.4425465708675982,7.420174260328448,0.44267375240322737,0.7851308321819994,0.0,3.296916238643712,11010,63.79400007426739,21.639314714769856,25.99988016289057,-4.360565448120713,0.007267609080201189,0.007267609080201189,6,0,True
SP4_DIAG_wrench_market_motion_safety,long_distance_energy,long_distance_energy_v00,5403,bnn_motion_field,BNN/Brown motion field,model_based,decentralized,baseline,brown_bnn_positive_excess_field,sp4_population_motion_family,none,distributed_bnn_positive_excess_motion_field,local_positive_excess_neighbor_scores,0,6,False,False,6,24.0,1,0.28,0.35,0.08,0.12,44.0,inf,1.0,0.0,31.299999999999997,33.12,117.26181733708718,19.543636222847862,1.0167210821978225,943.1526329182504,13,0.00588768115942029,15,-0.47228076365309,0.4489502519342581,7.33366116898342,0.442564226060867,0.7672869496324085,0.0,3.9769162386437116,11010,63.90200008172542,20.560439074049626,25.99988016289057,-5.439441088840944,0.00906573514806824,0.00906573514806824,6,0,True
SP4_DIAG_wrench_market_motion_safety,long_distance_energy,long_distance_energy_v00,5403,primal_dual_motion_field,Primal-dual motion field,model_based,decentralized,proposed,primal_dual_barrier_motion_field,sp4_motion_proposed,none,distributed_primal_dual_barrier_motion_field,local_barrier_dual_prices,0,7,False,False,6,24.0,1,0.28,0.35,0.08,0.12,44.0,inf,1.0,0.0,30.879999999999995,32.519999999999996,121.22392727290931,20.203987878818218,0.9834903430825417,975.6986466895028,0,0.0,0,1.5182043214091285,1.7473607559473965,7.637274326864228,0.4575178414587459,0.8029747147315903,0.0,3.5569162386437116,11010,94.72149994689971,34.16574953306494,25.99988016289057,8.16586937017437,0.0,0.0,6,0,True
SP4_DIAG_wrench_market_motion_safety,long_distance_energy,long_distance_energy_v00,5403,pid_safety_motion,PID safety motion,model_based,decentralized,proposed,pid_damped_safety_motion,sp4_motion_proposed,none,distributed_pid_damped_safety_feedback,local_target_error_and_clearance,0,5,False,False,6,24.0,1,0.28,0.35,0.08,0.12,44.0,inf,1.0,0.0,33.98,35.76,121.40490718832156,20.234151198053592,0.9820242409024729,976.9277532047068,0,0.0,0,1.5027956514641314,1.8015245733052294,7.295971966721218,0.45820088763708416,0.7315991845332267,0.0,6.65691623864371,11010,88.76139996573329,29.153642886522192,25.99988016289057,3.1537627236316226,0.0,0.0,6,0,True
SP4_DIAG_wrench_market_motion_safety,long_distance_energy,long_distance_energy_v00,5403,tensor_flow_motion_field,Smooth tensor-flow motion,model_based,decentralized,proposed,smooth_tensor_flow_barrier_motion,sp4_motion_proposed,none,distributed_smooth_tensor_flow_motion_field,local_anisotropic_clearance_tensor,0,8,False,False,6,24.0,1,0.28,0.35,0.08,0.12,44.0,inf,1.0,0.0,31.56,33.24,121.21305883464166,20.202176472440275,0.9835785266840726,975.4755150789535,0,0.0,0,1.5191327140545332,1.751355888399485,7.556780773759691,0.4574768222925785,0.7851308321819994,0.0,4.236916238643712,11010,94.12470005918294,33.08237190558929,25.99988016289057,7.082491742698721,0.0,0.0,6,0,True
SP4_DIAG_wrench_market_motion_safety,long_distance_energy,long_distance_energy_v00,5403,reference_time_expanded_cbf,Reference time-expanded CBF,model_based_reference,centralized,reference,time_expanded_safe_cbf_reference,sp4_motion_reference,none,centralized_time_expanded_cbf_reference,global_state_and_release_schedule,0,8,False,False,6,24.0,1,0.28,0.35,0.08,0.12,44.0,inf,1.0,0.0,29.56,32.04,122.97466980499738,20.495778300832896,0.9694887736840401,986.708378435784,9,0.004076086956521739,13,0.32071183412371607,-0.08037820124661077,7.785164994072922,0.4641254144210347,0.8565063623803629,0.0,2.2369162386437114,11010,89.01060000061989,25.99988016289057,25.99988016289057,0.0,0.0,0.0,6,0,True
SP4_DIAG_wrench_market_motion_safety,long_distance_energy,long_distance_energy_v00,5404,direct_to_target,Direct to target,classic,decentralized,baseline,direct_single_integrator,sp4_motion_baseline,none,local_target_feedback,none,0,0,False,False,6,24.0,1,0.28,0.35,0.08,0.12,44.0,inf,1.0,0.0,27.599999999999998,29.4,117.33357166114637,19.555595276857726,1.0160195317096228,925.5561539568462,0,0.0,0,0.29341016329104985,0.26023823829959714,7.764238780721201,0.4428350379723223,0.7361224791090552,2.220446049250313e-16,0.0,11010,17.83549995161593,40.771052694979346,36.66372498621524,4.107327708764103,0.0,0.0,6,0,True
SP4_DIAG_wrench_market_motion_safety,long_distance_energy,long_distance_energy_v00,5404,priority_yield,Priority yield,classic,centralized,baseline,priority_release_yield,sp4_motion_baseline,none,centralized_priority_schedule,global_priority_order,0,2,False,False,6,24.0,1,0.28,0.35,0.08,0.12,44.0,inf,1.0,0.0,30.58,32.28,117.2861280264382,19.547688004406368,1.0164305237027076,925.0319598326329,0,0.0,0,0.43777607526842544,0.2602382382995807,7.472885853998445,0.44265597836065107,0.6772326807803309,0.0,2.5948176210578295,11010,27.33999991323799,36.01873223585727,36.66372498621524,-0.6449927503579715,0.0010749879172632858,0.0010749879172632858,6,0,True
SP4_DIAG_wrench_market_motion_safety,long_distance_energy,long_distance_energy_v00,5404,apf_obstacle_avoidance,APF obstacle avoidance,classic,decentralized,baseline,artificial_potential_field,sp4_motion_baseline,none,local_apf_feedback,local_obstacle_robot_neighbors,0,4,False,False,6,24.0,1,0.28,0.35,0.08,0.12,44.0,inf,1.0,0.0,30.0,32.04,117.34964912137222,19.558274853562036,1.01588033220002,925.5134937367088,0,0.0,0,0.3827766861285242,0.36656179243242293,7.489599728082632,0.4428957167926189,0.6772326807803309,0.0,2.0148176210578286,11010,55.49769999925047,36.92794225593102,36.66372498621524,0.26421726971577897,0.0,0.0,6,0,True
SP4_DIAG_wrench_market_motion_safety,long_distance_energy,long_distance_energy_v00,5404,velocity_obstacle_proxy,Velocity obstacle proxy,sota,decentralized,baseline,velocity_obstacle_proxy,sp4_motion_sota_proxy,none,local_velocity_obstacle_proxy,local_relative_state_neighbors,0,5,False,False,6,24.0,1,0.28,0.35,0.08,0.12,44.0,inf,1.0,0.0,30.679999999999996,32.76,117.3751328506545,19.562522141775748,1.0156597708362949,925.6662743857803,0,0.0,0,0.36978517836943414,0.3492301289542392,7.406469375508317,0.4429918963264434,0.6625102311981497,0.0,2.694817621057829,11010,65.91310002841055,35.832808028998215,36.66372498621524,-0.8309169572170276,0.0013848615953617127,0.0013848615953617127,6,0,True
SP4_DIAG_wrench_market_motion_safety,long_distance_energy,long_distance_energy_v00,5404,cbf_safety_filter,CBF safety filter,sota,centralized,baseline,cbf_velocity_projection_proxy,sp4_motion_sota_proxy,none,centralized_cbf_velocity_projection_proxy,global_relative_state,0,6,False,False,6,24.0,1,0.28,0.35,0.08,0.12,44.0,inf,1.0,0.0,30.100000000000005,32.04,120.36070055744227,20.060116759573713,0.9904661569835311,949.6079006818187,0,0.0,0,1.5431001980214445,1.6691353855119238,7.707250423372453,0.45425989038889697,0.6919551303625118,0.0,2.114817621057829,11010,78.53260007686913,35.8645668705445,36.66372498621524,-0.7991581156707426,0.001331930192784571,0.001331930192784571,6,0,True
SP4_DIAG_wrench_market_motion_safety,long_distance_energy,long_distance_energy_v00,5404,smith_motion_field,Smith-QR motion field,model_based,decentralized,proposed,smith_qr_congestion_field,sp4_motion_proposed,none,distributed_smith_qr_motion_field,local_congestion_price_neighbors,0,6,False,False,6,24.0,1,0.28,0.35,0.08,0.12,44.0,inf,1.0,0.0,30.22,32.16,120.850140804808,20.141690134134667,0.9864547921836805,953.411386127743,0,0.0,0,1.6113769738253296,1.821118432618592,7.717209670509083,0.4561071135447158,0.6919551303625118,0.0,2.2348176210578288,11010,106.41619993839413,35.5268551616648,36.66372498621524,-1.1368698245504447,0.0018947830409174078,0.0018947830409174078,6,0,True
SP4_DIAG_wrench_market_motion_safety,long_distance_energy,long_distance_energy_v00,5404,replicator_motion_field,Replicator motion field,model_based,decentralized,baseline,replicator_target_congestion_field,sp4_population_motion_family,none,distributed_replicator_motion_field,local_target_obstacle_neighbor_scores,0,5,False,False,6,24.0,1,0.28,0.35,0.08,0.12,44.0,inf,1.0,0.0,30.0,32.04,117.32004757732818,19.55334126288803,1.0161366534939342,925.2794863569707,0,0.0,0,0.35353407667067793,0.33119301724312966,7.4812953124254005,0.4427839959893125,0.6772326807803309,0.0,2.0148176210578286,11010,69.96029999572784,36.93679466941809,36.66372498621524,0.2730696832028485,0.0,0.0,6,0,True
SP4_DIAG_wrench_market_motion_safety,long_distance_energy,long_distance_energy_v00,5404,logit_motion_field,Logit motion field,model_based,decentralized,baseline,logit_softmax_motion_field,sp4_population_motion_family,none,distributed_logit_smoothed_motion_field,local_softmax_flow_scores,0,6,False,False,6,24.0,1,0.28,0.35,0.08,0.12,44.0,inf,1.0,0.0,31.34,33.48,117.25556070926407,19.54259345154401,1.016695496672992,924.7574566534682,0,0.0,0,0.36417398153157043,0.34309113442344086,7.312598430993031,0.4425406125802546,0.6477877816159685,0.0,3.354817621057828,11010,69.51900001149625,34.812202077427216,36.66372498621524,-1.8515229087880272,0.003085871514646712,0.003085871514646712,6,0,True
SP4_DIAG_wrench_market_motion_safety,long_distance_energy,long_distance_energy_v00,5404,bnn_motion_field,BNN/Brown motion field,model_based,decentralized,baseline,brown_bnn_positive_excess_field,sp4_population_motion_family,none,distributed_bnn_positive_excess_motion_field,local_positive_excess_neighbor_scores,0,6,False,False,6,24.0,1,0.28,0.35,0.08,0.12,44.0,inf,1.0,0.0,32.08,34.199999999999996,117.33270372425315,19.555450620708857,1.0160270474388937,925.1724074835569,0,0.0,0,0.37311475403076955,0.3522244569730846,7.229757114088537,0.44283176224431336,0.6330653320337875,0.0,4.094817621057828,11010,75.5820000777021,33.60708110582874,36.66372498621524,-3.0566438803865026,0.005094406467310838,0.005094406467310838,6,0,True
SP4_DIAG_wrench_market_motion_safety,long_distance_energy,long_distance_energy_v00,5404,primal_dual_motion_field,Primal-dual motion field,model_based,decentralized,proposed,primal_dual_barrier_motion_field,sp4_motion_proposed,none,distributed_primal_dual_barrier_motion_field,local_barrier_dual_prices,0,7,False,False,6,24.0,1,0.28,0.35,0.08,0.12,44.0,inf,1.0,0.0,31.48,33.48,120.53102498114296,20.088504163523826,0.9890665125566324,950.7334515072731,0,0.0,0,1.543938852445181,1.7277713205284713,7.555031529629883,0.4549027210942887,0.6625102311981497,0.0,3.4948176210578286,11010,97.34029998071492,33.60783998907583,36.66372498621524,-3.0558849971394153,0.005093141661899026,0.005093141661899026,6,0,True
SP4_DIAG_wrench_market_motion_safety,long_distance_energy,long_distance_energy_v00,5404,pid_safety_motion,PID safety motion,model_based,decentralized,proposed,pid_damped_safety_motion,sp4_motion_proposed,none,distributed_pid_damped_safety_feedback,local_target_error_and_clearance,0,5,False,False,6,24.0,1,0.28,0.35,0.08,0.12,44.0,inf,1.0,0.0,34.63999999999999,36.839999999999996,120.71690703236669,20.11948450539445,0.9875435302613568,952.0990483559792,0,0.0,0,1.5848227344863313,1.8021318563761113,7.208312231966669,0.4556042686909966,0.6036204328694253,0.0,6.654817621057828,11010,90.01269994769245,28.497289969319546,36.66372498621524,-8.166435016895697,0.013610725028159494,0.013610725028159494,6,0,True
SP4_DIAG_wrench_market_motion_safety,long_distance_energy,long_distance_energy_v00,5404,tensor_flow_motion_field,Smooth tensor-flow motion,model_based,decentralized,proposed,smooth_tensor_flow_barrier_motion,sp4_motion_proposed,none,distributed_smooth_tensor_flow_motion_field,local_anisotropic_clearance_tensor,0,8,False,False,6,24.0,1,0.28,0.35,0.08,0.12,44.0,inf,1.0,0.0,32.2,34.32,120.58206855865143,20.097011426441906,0.9886478309582971,951.1253950116184,0,0.0,0,1.5450178221326119,1.7284158370569462,7.475357029649209,0.45509536744660173,0.6477877816159685,0.0,4.214817621057829,11010,105.64880003221333,32.44069096698049,36.66372498621524,-4.223034019234753,0.007038390032057921,0.007038390032057921,6,0,True
SP4_DIAG_wrench_market_motion_safety,long_distance_energy,long_distance_energy_v00,5404,reference_time_expanded_cbf,Reference time-expanded CBF,model_based_reference,centralized,reference,time_expanded_safe_cbf_reference,sp4_motion_reference,none,centralized_time_expanded_cbf_reference,global_state_and_release_schedule,0,8,False,False,6,24.0,1,0.28,0.35,0.08,0.12,44.0,inf,1.0,0.0,29.62,31.439999999999998,120.26105476949475,20.043509128249124,0.9912868364698133,948.6842964495919,0,0.0,0,1.5438525791070412,1.6577459258635912,7.777443340416793,0.45388381178100384,0.706677579944693,0.0,1.6348176210578285,11010,85.23349999450147,36.66372498621524,36.66372498621524,0.0,0.0,0.0,6,0,True
SP4_DIAG_wrench_market_motion_safety,long_distance_energy,long_distance_energy_v00,5405,direct_to_target,Direct to target,classic,decentralized,baseline,direct_single_integrator,sp4_motion_baseline,none,local_target_feedback,none,0,0,False,False,6,24.0,1,0.28,0.35,0.08,0.12,44.0,inf,1.0,0.0,28.34,30.0,117.28429044986075,19.54738174164346,1.0163563908283135,868.8699770152766,9,0.004076086956521739,12,-0.17744641834750902,0.34095662032290064,7.683829197020873,0.4426490430625784,0.7856091975670666,1.1102230246251565e-16,0.0,11010,17.947699991054833,30.382147635225692,35.74440040115407,-5.362252765928375,0.008937087943213958,0.008937087943213958,6,0,True
SP4_DIAG_wrench_market_motion_safety,long_distance_energy,long_distance_energy_v00,5405,priority_yield,Priority yield,classic,centralized,baseline,priority_release_yield,sp4_motion_baseline,none,centralized_priority_schedule,global_priority_order,0,2,False,False,6,24.0,1,0.28,0.35,0.08,0.12,44.0,inf,1.0,0.0,31.399999999999995,32.879999999999995,117.28750729582387,19.54791788263731,1.0163285152085795,868.5440052548012,3,0.001358695652173913,7,-0.02649101990244218,0.330950680686922,7.383812904332913,0.4426611839365335,0.7227604617617013,0.0,2.642845879974734,11010,25.160400080494583,32.010438777153354,35.74440040115407,-3.733961624000713,0.006223269373334522,0.006223269373334522,6,0,True
SP4_DIAG_wrench_market_motion_safety,long_distance_energy,long_distance_energy_v00,5405,apf_obstacle_avoidance,APF obstacle avoidance,classic,decentralized,baseline,artificial_potential_field,sp4_motion_baseline,none,local_apf_feedback,local_obstacle_robot_neighbors,0,4,False,False,6,24.0,1,0.28,0.35,0.08,0.12,44.0,inf,1.0,0.0,30.78,32.519999999999996,117.23095623826107,19.538492706376847,1.0168187820647967,868.1543834299592,7,0.003170289855072464,10,-0.06633671885454895,0.4362144210645418,7.395538370086992,0.44244775150309845,0.7227604617617013,0.0,2.0228458799747333,11010,53.125099977478385,28.670950141109056,35.74440040115407,-7.073450260045011,0.011789083766741685,0.011789083766741685,6,0,True
SP4_DIAG_wrench_market_motion_safety,long_distance_energy,long_distance_energy_v00,5405,velocity_obstacle_proxy,Velocity obstacle proxy,sota,decentralized,baseline,velocity_obstacle_proxy,sp4_motion_sota_proxy,none,local_velocity_obstacle_proxy,local_relative_state_neighbors,0,5,False,False,6,24.0,1,0.28,0.35,0.08,0.12,44.0,inf,1.0,0.0,31.48,33.24,117.26732415633296,19.544554026055494,1.0165034377655546,868.4062404226623,7,0.003170289855072464,11,-0.08350610513168832,0.41968243590355003,7.310189683134418,0.44258500964799524,0.70704827781036,0.0,2.7228458799747344,11010,71.22579996939749,27.540430629206213,35.74440040115407,-8.203969771947854,0.013673282953246423,0.013673282953246423,6,0,True
SP4_DIAG_wrench_market_motion_safety,long_distance_energy,long_distance_energy_v00,5405,cbf_safety_filter,CBF safety filter,sota,centralized,baseline,cbf_velocity_projection_proxy,sp4_motion_sota_proxy,none,centralized_cbf_velocity_projection_proxy,global_relative_state,0,6,False,False,6,24.0,1,0.28,0.35,0.08,0.12,44.0,inf,1.0,0.0,30.98,32.64,120.61211043699313,20.102018406165524,0.9883140068654274,893.0533878549647,0,0.0,0,1.5370931117344209,1.6743942122470366,7.620290711880525,0.45520875013961704,0.7384726457130426,0.0,2.222845879974733,11010,73.59739998355508,34.966801825311855,35.74440040115407,-0.7775985758422124,0.0012959976264036873,0.0012959976264036873,6,0,True
SP4_DIAG_wrench_market_motion_safety,long_distance_energy,long_distance_energy_v00,5405,smith_motion_field,Smith-QR motion field,model_based,decentralized,proposed,smith_qr_congestion_field,sp4_motion_proposed,none,distributed_smith_qr_motion_field,local_congestion_price_neighbors,0,6,False,False,6,24.0,1,0.28,0.35,0.08,0.12,44.0,inf,1.0,0.0,31.099999999999994,32.879999999999995,121.07416555829116,20.179027593048527,0.9845423058901034,896.5406367484782,0,0.0,0,1.539696776281601,1.8171850401597813,7.629165849797131,0.4569526175962073,0.7384726457130426,0.0,2.342845879974734,11010,123.70200001168996,34.638277209691175,35.74440040115407,-1.106123191462892,0.0018435386524381532,0.0018435386524381532,6,0,True
SP4_DIAG_wrench_market_motion_safety,long_distance_energy,long_distance_energy_v00,5405,replicator_motion_field,Replicator motion field,model_based,decentralized,baseline,replicator_target_congestion_field,sp4_population_motion_family,none,distributed_replicator_motion_field,local_target_obstacle_neighbor_scores,0,5,False,False,6,24.0,1,0.28,0.35,0.08,0.12,44.0,inf,1.0,0.0,30.78,32.519999999999996,117.20557267165346,19.534262111942244,1.0170389975946055,867.9687758087166,8,0.0036231884057971015,11,-0.10253849246493196,0.4052501746289803,7.387376462379182,0.442351949998692,0.7227604617617013,0.0,2.0228458799747333,11010,72.15809996705502,27.591434080236024,35.74440040115407,-8.152966320918043,0.013588277201530073,0.013588277201530073,6,0,True
SP4_DIAG_wrench_market_motion_safety,long_distance_energy,long_distance_energy_v00,5405,logit_motion_field,Logit motion field,model_based,decentralized,baseline,logit_softmax_motion_field,sp4_population_motion_family,none,distributed_logit_smoothed_motion_field,local_softmax_flow_scores,0,6,False,False,6,24.0,1,0.28,0.35,0.08,0.12,44.0,inf,1.0,0.0,32.22,34.08,117.3012310662534,19.5502051777089,1.0162096088757395,868.639743481666,7,0.003170289855072464,11,-0.09037360612127565,0.41494759242912704,7.222731654199981,0.44271297956768374,0.6913360938590186,0.0,3.462845879974733,11010,68.84449999779463,26.346636078433683,35.74440040115407,-9.397764322720384,0.015662940537867306,0.015662940537867306,6,0,True
SP4_DIAG_wrench_market_motion_safety,long_distance_energy,long_distance_energy_v00,5405,bnn_motion_field,BNN/Brown motion field,model_based,decentralized,baseline,brown_bnn_positive_excess_field,sp4_population_motion_family,none,distributed_bnn_positive_excess_motion_field,local_positive_excess_neighbor_scores,0,6,False,False,6,24.0,1,0.28,0.35,0.08,0.12,44.0,inf,1.0,0.0,32.94,34.8,117.27722018356371,19.546203363927287,1.016417663685264,868.4386551166667,7,0.003170289855072464,11,-0.07973508011326047,0.4212753331145971,7.130553417260375,0.4426223587845864,0.6756239099076773,0.0,4.182845879974734,11010,74.74720000755042,25.201929356275407,35.74440040115407,-10.54247104487866,0.017570785074797767,0.017570785074797767,6,0,True
SP4_DIAG_wrench_market_motion_safety,long_distance_energy,long_distance_energy_v00,5405,primal_dual_motion_field,Primal-dual motion field,model_based,decentralized,proposed,primal_dual_barrier_motion_field,sp4_motion_proposed,none,distributed_primal_dual_barrier_motion_field,local_barrier_dual_prices,0,7,False,False,6,24.0,1,0.28,0.35,0.08,0.12,44.0,inf,1.0,0.0,32.419999999999995,34.199999999999996,120.84334347834299,20.140557246390497,0.9864228737087458,894.7468017575698,0,0.0,0,1.5319189676876834,1.7449272329938756,7.465496733235275,0.456081459383842,0.70704827781036,0.0,3.6628458799747343,11010,101.88410000409931,32.59499641718885,35.74440040115407,-3.1494039839652146,0.005249006639942024,0.005249006639942024,6,0,True
SP4_DIAG_wrench_market_motion_safety,long_distance_energy,long_distance_energy_v00,5405,pid_safety_motion,PID safety motion,model_based,decentralized,proposed,pid_damped_safety_motion,sp4_motion_proposed,none,distributed_pid_damped_safety_feedback,local_target_error_and_clearance,0,5,False,False,6,24.0,1,0.28,0.35,0.08,0.12,44.0,inf,1.0,0.0,35.660000000000004,37.68,120.99254780984488,20.165424634974148,0.9852064470104569,895.7077447665704,0,0.0,0,1.5346788430276233,1.801241395408039,7.103434810843508,0.45664457959633453,0.6441995420049946,0.0,6.902845879974734,11010,88.73509999830276,27.368562034168413,35.74440040115407,-8.375838366985654,0.013959730611642757,0.013959730611642757,6,0,True
SP4_DIAG_wrench_market_motion_safety,long_distance_energy,long_distance_energy_v00,5405,tensor_flow_motion_field,Smooth tensor-flow motion,model_based,decentralized,proposed,smooth_tensor_flow_barrier_motion,sp4_motion_proposed,none,distributed_smooth_tensor_flow_motion_field,local_anisotropic_clearance_tensor,0,8,False,False,6,24.0,1,0.28,0.35,0.08,0.12,44.0,inf,1.0,0.0,33.18,35.04,120.93849043357625,20.156415072262707,0.9856468169490711,895.3461299217631,0,0.0,0,1.5307205799258932,1.7518830857737375,7.385412679901138,0.4564405587016009,0.6913360938590186,0.0,4.422845879974734,11010,105.3964999737218,31.352070805395606,35.74440040115407,-4.392329595758461,0.0073205493262641025,0.0073205493262641025,6,0,True
SP4_DIAG_wrench_market_motion_safety,long_distance_energy,long_distance_energy_v00,5405,reference_time_expanded_cbf,Reference time-expanded CBF,model_based_reference,centralized,reference,time_expanded_safe_cbf_reference,sp4_motion_reference,none,centralized_time_expanded_cbf_reference,global_state_and_release_schedule,0,8,False,False,6,24.0,1,0.28,0.35,0.08,0.12,44.0,inf,1.0,0.0,30.5,32.16,120.57758499843497,20.096264166405827,0.9885969945743008,892.8530899190224,0,0.0,0,1.5268704796018575,1.6652493413221923,7.696943264384094,0.45507844579723356,0.754184829664384,0.0,1.742845879974734,11010,81.73360000364482,35.74440040115407,35.74440040115407,0.0,0.0,0.0,6,0,True
SP4_DIAG_wrench_market_motion_safety,long_distance_energy,long_distance_energy_v00,5406,direct_to_target,Direct to target,classic,decentralized,baseline,direct_single_integrator,sp4_motion_baseline,none,local_target_feedback,none,0,0,False,False,6,24.0,1,0.28,0.35,0.08,0.12,44.0,inf,1.0,0.0,27.600000000000005,28.32,117.11869384648128,19.51978230774688,1.016882625612613,927.048062198347,0,0.0,0,0.7401657161021906,0.36449617031526205,7.7640400572967625,0.4420240558819498,0.735721030126171,2.220446049250313e-16,0.0,11010,16.21759997215122,40.803406731790645,36.60328953616246,4.200117195628188,0.0,0.0,6,0,True
SP4_DIAG_wrench_market_motion_safety,long_distance_energy,long_distance_energy_v00,5406,priority_yield,Priority yield,classic,centralized,baseline,priority_release_yield,sp4_motion_baseline,none,centralized_priority_schedule,global_priority_order,0,2,False,False,6,24.0,1,0.28,0.35,0.08,0.12,44.0,inf,1.0,0.0,30.62,31.56,117.17006033808504,19.52834338968084,1.0164368317579386,927.1687413863256,0,0.0,0,0.5936464396822947,0.3645491136458787,7.4729925372736945,0.44221792096197515,0.6768633477160774,0.0,2.5981316947003505,11010,27.8983999742195,35.95889931175803,36.60328953616246,-0.6443902244044253,0.0010739837073407087,0.0010739837073407087,6,0,True
SP4_DIAG_wrench_market_motion_safety,long_distance_energy,long_distance_energy_v00,5406,apf_obstacle_avoidance,APF obstacle avoidance,classic,decentralized,baseline,artificial_potential_field,sp4_motion_baseline,none,local_apf_feedback,local_obstacle_robot_neighbors,0,4,False,False,6,24.0,1,0.28,0.35,0.08,0.12,44.0,inf,1.0,0.0,30.040000000000003,30.84,117.23605298750185,19.53934216458364,1.0158646753454423,927.7990801440061,0,0.0,0,0.8378563327281308,0.45235430616037187,7.493231442535912,0.4424669874226368,0.6768633477160774,0.0,2.0181316947003514,11010,52.421800093725324,36.86607754130952,36.60328953616246,0.26278800514706546,0.0,0.0,6,0,True
SP4_DIAG_wrench_market_motion_safety,long_distance_energy,long_distance_energy_v00,5406,velocity_obstacle_proxy,Velocity obstacle proxy,sota,decentralized,baseline,velocity_obstacle_proxy,sp4_motion_sota_proxy,none,local_velocity_obstacle_proxy,local_relative_state_neighbors,0,5,False,False,6,24.0,1,0.28,0.35,0.08,0.12,44.0,inf,1.0,0.0,30.66,31.439999999999998,117.10849974405252,19.51808329067542,1.0169711435738724,926.7064577391378,0,0.0,0,0.8226925634781352,0.43744007497835913,7.399368148949826,0.4419855817634824,0.6621489271135539,0.0,2.63813169470035,11010,64.46959997992963,35.91306547891705,36.60328953616246,-0.690224057245409,0.0011503734287423484,0.0011503734287423484,6,0,True
SP4_DIAG_wrench_market_motion_safety,long_distance_energy,long_distance_energy_v00,5406,cbf_safety_filter,CBF safety filter,sota,centralized,baseline,cbf_velocity_projection_proxy,sp4_motion_sota_proxy,none,centralized_cbf_velocity_projection_proxy,global_relative_state,0,6,False,False,6,24.0,1,0.28,0.35,0.08,0.12,44.0,inf,1.0,0.0,30.139999999999997,30.84,120.22739636340236,20.037899393900393,0.9905892376388754,951.3828281734471,0,0.0,0,2.0168520428474044,1.6742575657391339,7.713290453639528,0.45375677975317963,0.6915777683186006,0.0,2.1181316947003506,11010,74.58900008350611,35.81214451831701,36.60328953616246,-0.7911450178454444,0.0013185750297424073,0.0013185750297424073,6,0,True
SP4_DIAG_wrench_market_motion_safety,long_distance_energy,long_distance_energy_v00,5406,smith_motion_field,Smith-QR motion field,model_based,decentralized,proposed,smith_qr_congestion_field,sp4_motion_proposed,none,distributed_smith_qr_motion_field,local_congestion_price_neighbors,0,6,False,False,6,24.0,1,0.28,0.35,0.08,0.12,44.0,inf,1.0,0.0,30.279999999999998,30.959999999999997,120.78905606367348,20.13150934394558,0.9859830748586087,955.8136642121314,0,0.0,0,2.153171321732671,1.8171261640666574,7.724025982656004,0.4558765702886239,0.6915777683186006,0.0,2.2581316947003507,11010,91.91910002846271,35.42027102387051,36.60328953616246,-1.1830185122919445,0.001971697520486574,0.001971697520486574,6,0,True
SP4_DIAG_wrench_market_motion_safety,long_distance_energy,long_distance_energy_v00,5406,replicator_motion_field,Replicator motion field,model_based,decentralized,baseline,replicator_target_congestion_field,sp4_population_motion_family,none,distributed_replicator_motion_field,local_target_obstacle_neighbor_scores,0,5,False,False,6,24.0,1,0.28,0.35,0.08,0.12,44.0,inf,1.0,0.0,30.040000000000003,30.84,117.20591763222113,19.53431960537019,1.0161258690080759,927.5610861501077,0,0.0,0,0.8048755505230798,0.4221440151003495,7.4848385567625675,0.44235325193320163,0.6768633477160774,0.0,2.0181316947003514,11010,65.8623999916017,36.875087259410265,36.60328953616246,0.2717977232478077,0.0,0.0,6,0,True
SP4_DIAG_wrench_market_motion_safety,long_distance_energy,long_distance_energy_v00,5406,logit_motion_field,Logit motion field,model_based,decentralized,baseline,logit_softmax_motion_field,sp4_population_motion_family,none,distributed_logit_smoothed_motion_field,local_softmax_flow_scores,0,6,False,False,6,24.0,1,0.28,0.35,0.08,0.12,44.0,inf,1.0,0.0,31.38,32.16,117.14133406880208,19.52355567813368,1.016686089958473,926.8871384473917,0,0.0,0,0.8167725495603488,0.4321625434377425,7.3137231401941065,0.442109503580926,0.6474345065110305,0.0,3.3581316947003503,11010,69.10029996652156,34.75203512038963,36.60328953616246,-1.8512544157728286,0.0030854240262880475,0.0030854240262880475,6,0,True
SP4_DIAG_wrench_market_motion_safety,long_distance_energy,long_distance_energy_v00,5406,bnn_motion_field,BNN/Brown motion field,model_based,decentralized,baseline,brown_bnn_positive_excess_field,sp4_population_motion_family,none,distributed_bnn_positive_excess_motion_field,local_positive_excess_neighbor_scores,0,6,False,False,6,24.0,1,0.28,0.35,0.08,0.12,44.0,inf,1.0,0.0,32.08,32.879999999999995,117.11056296350912,19.518427160584853,1.0169532268753516,926.5641693555244,0,0.0,0,0.8260452613381994,0.440047049338006,7.2231823006720886,0.4419933686726645,0.632720085908507,0.0,4.058131694700349,11010,66.46290002390742,33.64203445447274,36.60328953616246,-2.961255081689714,0.004935425136149523,0.004935425136149523,6,0,True
SP4_DIAG_wrench_market_motion_safety,long_distance_energy,long_distance_energy_v00,5406,primal_dual_motion_field,Primal-dual motion field,model_based,decentralized,proposed,primal_dual_barrier_motion_field,sp4_motion_proposed,none,distributed_primal_dual_barrier_motion_field,local_barrier_dual_prices,0,7,False,False,6,24.0,1,0.28,0.35,0.08,0.12,44.0,inf,1.0,0.0,31.5,32.28,120.35389147488925,20.058981912481542,0.9895481022462655,952.3258090500211,0,0.0,0,2.1058154674389793,1.7499653054379076,7.554501596099913,0.45423419185872993,0.6621489271135539,0.0,3.4781316947003504,11010,98.38409989606589,33.598885785024144,36.60328953616246,-3.0044037511383124,0.005007339585230521,0.005007339585230521,6,0,True
SP4_DIAG_wrench_market_motion_safety,long_distance_energy,long_distance_energy_v00,5406,pid_safety_motion,PID safety motion,model_based,decentralized,proposed,pid_damped_safety_motion,sp4_motion_proposed,none,distributed_pid_damped_safety_feedback,local_target_error_and_clearance,0,5,False,False,6,24.0,1,0.28,0.35,0.08,0.12,44.0,inf,1.0,0.0,34.68,35.519999999999996,120.59771553189924,20.09961925531654,0.987547437210182,954.0461140105697,0,0.0,0,2.1658461120643695,1.7999376202582897,7.203807009059208,0.45515442154249297,0.6032912447034602,0.0,6.658131694700349,11010,88.92999996896833,28.44004144287647,36.60328953616246,-8.163248093285986,0.013605413488809977,0.013605413488809977,6,0,True
SP4_DIAG_wrench_market_motion_safety,long_distance_energy,long_distance_energy_v00,5406,tensor_flow_motion_field,Smooth tensor-flow motion,model_based,decentralized,proposed,smooth_tensor_flow_barrier_motion,sp4_motion_proposed,none,distributed_smooth_tensor_flow_motion_field,local_anisotropic_clearance_tensor,0,8,False,False,6,24.0,1,0.28,0.35,0.08,0.12,44.0,inf,1.0,0.0,32.22,33.0,120.40347043397131,20.06724507232855,0.9891406325554487,952.6336698234907,0,0.0,0,2.103944727254244,1.753927216940897,7.47425891150125,0.45442131051468665,0.6474345065110305,0.0,4.198131694700351,11010,102.54360001999885,32.43289980629141,36.60328953616246,-4.170389729871047,0.006950649549785079,0.006950649549785079,6,0,True
SP4_DIAG_wrench_market_motion_safety,long_distance_energy,long_distance_energy_v00,5406,reference_time_expanded_cbf,Reference time-expanded CBF,model_based_reference,centralized,reference,time_expanded_safe_cbf_reference,sp4_motion_reference,none,centralized_time_expanded_cbf_reference,global_state_and_release_schedule,0,8,False,False,6,24.0,1,0.28,0.35,0.08,0.12,44.0,inf,1.0,0.0,29.66,30.24,120.14317586955977,20.023862644926627,0.9912836417461856,950.9211772534392,0,0.0,0,2.0890185188044685,1.6656499393211568,7.78523787809581,0.45343891858982366,0.7062921889211241,0.0,1.6381316947003495,11010,79.68010008335114,36.60328953616246,36.60328953616246,0.0,0.0,0.0,6,0,True
SP4_DIAG_wrench_market_motion_safety,long_distance_energy,long_distance_energy_v00,5407,direct_to_target,Direct to target,classic,decentralized,baseline,direct_single_integrator,sp4_motion_baseline,none,local_target_feedback,none,0,0,False,False,6,24.0,1,0.28,0.35,0.08,0.12,44.0,inf,1.0,0.0,27.479999999999993,29.4,116.89077124357208,19.481795207262014,1.016252213635046,855.6068701282227,7,0.003170289855072464,10,-0.11404687980806616,0.31489657779061186,7.767329819649334,0.44116384074415743,0.8125759702195937,2.220446049250313e-16,0.0,11010,20.71470010560006,34.151265972958015,37.311339212766256,-3.1600732398082414,0.005266788733013735,0.005266788733013735,6,0,True
SP4_DIAG_wrench_market_motion_safety,long_distance_energy,long_distance_energy_v00,5407,priority_yield,Priority yield,classic,centralized,baseline,priority_release_yield,sp4_motion_baseline,none,centralized_priority_schedule,global_priority_order,0,2,False,False,6,24.0,1,0.28,0.35,0.08,0.12,44.0,inf,1.0,0.0,30.499999999999996,32.4,117.04896428516459,19.508160714194098,1.0148787369051846,856.6509321175361,17,0.007699275362318841,18,-0.3470903096959508,0.31455067595212016,7.471476438111294,0.44176088573809147,0.7475698926020262,0.0,2.628761486905848,11010,31.473099952563643,18.404457666523214,37.311339212766256,-18.906881546243042,0.031511469243738405,0.031511469243738405,6,0,True
SP4_DIAG_wrench_market_motion_safety,long_distance_energy,long_distance_energy_v00,5407,apf_obstacle_avoidance,APF obstacle avoidance,classic,decentralized,baseline,artificial_potential_field,sp4_motion_baseline,none,local_apf_feedback,local_obstacle_robot_neighbors,0,4,False,False,6,24.0,1,0.28,0.35,0.08,0.12,44.0,inf,1.0,0.0,29.84,31.919999999999998,116.82459068572258,19.470765114287097,1.0168279155315336,854.9168661417629,3,0.001358695652173913,8,-0.014059871838869809,0.41255323705255553,7.486252267694718,0.44091406508802344,0.7475698926020262,0.0,1.9687614869058478,11010,50.16520002391189,34.74455182250601,37.311339212766256,-2.566787390260245,0.004277978983767076,0.004277978983767076,6,0,True
SP4_DIAG_wrench_market_motion_safety,long_distance_energy,long_distance_energy_v00,5407,velocity_obstacle_proxy,Velocity obstacle proxy,sota,decentralized,baseline,velocity_obstacle_proxy,sp4_motion_sota_proxy,none,local_velocity_obstacle_proxy,local_relative_state_neighbors,0,5,False,False,6,24.0,1,0.28,0.35,0.08,0.12,44.0,inf,1.0,0.0,30.52,32.64,116.86399320672223,19.477332201120372,1.0164850761145723,855.1972977069718,4,0.0018115942028985507,8,-0.028814132063326836,0.39711382648709814,7.403787039848268,0.4410627762934869,0.7313183731976344,0.0,2.648761486905849,11010,74.52210003975779,32.55812243049487,37.311339212766256,-4.753216782271387,0.007922027970452312,0.007922027970452312,6,0,True
SP4_DIAG_wrench_market_motion_safety,long_distance_energy,long_distance_energy_v00,5407,cbf_safety_filter,CBF safety filter,sota,centralized,baseline,cbf_velocity_projection_proxy,sp4_motion_sota_proxy,none,centralized_cbf_velocity_projection_proxy,global_relative_state,0,6,False,False,6,24.0,1,0.28,0.35,0.08,0.12,44.0,inf,1.0,0.0,30.060000000000002,32.04,120.2795857988518,20.046597633141968,0.9876198379037143,880.0385032185959,0,0.0,0,1.5370108590497096,1.6834855860896976,7.710594827748162,0.45395375075049765,0.7638214120064181,0.0,2.188761486905848,11010,77.22859992645681,36.64210609206664,37.311339212766256,-0.6692331206996158,0.0011153885344993596,0.0011153885344993596,6,0,True
SP4_DIAG_wrench_market_motion_safety,long_distance_energy,long_distance_energy_v00,5407,smith_motion_field,Smith-QR motion field,model_based,decentralized,proposed,smith_qr_congestion_field,sp4_motion_proposed,none,distributed_smith_qr_motion_field,local_congestion_price_neighbors,0,6,False,False,6,24.0,1,0.28,0.35,0.08,0.12,44.0,inf,1.0,0.0,30.16,32.16,120.696193139108,20.116032189851335,0.984210868132985,883.1025289539328,0,0.0,0,1.546361035316393,1.8242188471657983,7.716880392786923,0.4555260912556906,0.7638214120064181,0.0,2.288761486905848,11010,96.50809993036091,36.35981221985691,37.311339212766256,-0.9515269929093435,0.0015858783215155726,0.0015858783215155726,6,0,True
SP4_DIAG_wrench_market_motion_safety,long_distance_energy,long_distance_energy_v00,5407,replicator_motion_field,Replicator motion field,model_based,decentralized,baseline,replicator_target_congestion_field,sp4_population_motion_family,none,distributed_replicator_motion_field,local_target_obstacle_neighbor_scores,0,5,False,False,6,24.0,1,0.28,0.35,0.08,0.12,44.0,inf,1.0,0.0,29.84,31.919999999999998,116.79843734955142,19.466406224925237,1.0170556021590826,854.7295755339878,5,0.0022644927536231885,9,-0.0480267302635371,0.3801306526752837,7.478193787503295,0.4408153583542854,0.7475698926020262,0.0,1.9687614869058478,11010,64.88429999444634,32.57826541906316,37.311339212766256,-4.733073793703099,0.007888456322838498,0.007888456322838498,6,0,True
SP4_DIAG_wrench_market_motion_safety,long_distance_energy,long_distance_energy_v00,5407,logit_motion_field,Logit motion field,model_based,decentralized,baseline,logit_softmax_motion_field,sp4_population_motion_family,none,distributed_logit_smoothed_motion_field,local_softmax_flow_scores,0,6,False,False,6,24.0,1,0.28,0.35,0.08,0.12,44.0,inf,1.0,0.0,31.22,33.36,116.85351443549557,19.47558573924926,1.0165762288250353,855.0143925161095,4,0.0018115942028985507,10,-0.03456638271758328,0.391335415253234,7.3161940078489875,0.4410232277909705,0.7150668537932425,0.0,3.3487614869058473,11010,66.72240002080798,31.442256812073367,37.311339212766256,-5.869082400692889,0.009781804001154816,0.009781804001154816,6,0,True
SP4_DIAG_wrench_market_motion_safety,long_distance_energy,long_distance_energy_v00,5407,bnn_motion_field,BNN/Brown motion field,model_based,decentralized,baseline,brown_bnn_positive_excess_field,sp4_population_motion_family,none,distributed_bnn_positive_excess_motion_field,local_positive_excess_neighbor_scores,0,6,False,False,6,24.0,1,0.28,0.35,0.08,0.12,44.0,inf,1.0,0.0,31.919999999999998,34.199999999999996,116.83419982141858,19.472366636903097,1.0167442855889761,854.9797129415189,4,0.0018115942028985507,9,-0.025682818286079434,0.4000222121027879,7.226722448125425,0.4409503314516099,0.6988153343888507,0.0,4.048761486905847,11010,65.03919989336282,30.3268528229162,37.311339212766256,-6.984486389850055,0.011640810649750092,0.011640810649750092,6,0,True
SP4_DIAG_wrench_market_motion_safety,long_distance_energy,long_distance_energy_v00,5407,primal_dual_motion_field,Primal-dual motion field,model_based,decentralized,proposed,primal_dual_barrier_motion_field,sp4_motion_proposed,none,distributed_primal_dual_barrier_motion_field,local_barrier_dual_prices,0,7,False,False,6,24.0,1,0.28,0.35,0.08,0.12,44.0,inf,1.0,0.0,31.439999999999998,33.48,120.46038436163275,20.07673072693879,0.9861375227989335,881.250757293665,0,0.0,0,1.54275752659807,1.7450660338236774,7.556320598509977,0.4546361124759694,0.7313183731976344,0.0,3.5687614869058475,11010,99.0018000593409,34.382207867504135,37.311339212766256,-2.929131345262121,0.004881885575436868,0.004881885575436868,6,0,True
SP4_DIAG_wrench_market_motion_safety,long_distance_energy,long_distance_energy_v00,5407,pid_safety_motion,PID safety motion,model_based,decentralized,proposed,pid_damped_safety_motion,sp4_motion_proposed,none,distributed_pid_damped_safety_feedback,local_target_error_and_clearance,0,5,False,False,6,24.0,1,0.28,0.35,0.08,0.12,44.0,inf,1.0,0.0,34.54,36.839999999999996,120.50186055543655,20.083643425906093,0.98579809873673,881.4174089915125,0,0.0,0,1.5400926906255785,1.7890590075953454,7.200438937116479,0.45479265004316405,0.6663122955800668,0.0,6.668761486905848,11010,94.27450003568083,29.411416587888823,37.311339212766256,-7.8999226248774335,0.013166537708129056,0.013166537708129056,6,0,True
SP4_DIAG_wrench_market_motion_safety,long_distance_energy,long_distance_energy_v00,5407,tensor_flow_motion_field,Smooth tensor-flow motion,model_based,decentralized,proposed,smooth_tensor_flow_barrier_motion,sp4_motion_proposed,none,distributed_smooth_tensor_flow_motion_field,local_anisotropic_clearance_tensor,0,8,False,False,6,24.0,1,0.28,0.35,0.08,0.12,44.0,inf,1.0,0.0,32.14,34.199999999999996,120.45533102979248,20.075888504965413,0.9861788931567271,881.0956777451773,0,0.0,0,1.5376947572288242,1.7482037716938865,7.4749604381669865,0.4546170404204119,0.7150668537932425,0.0,4.268761486905848,11010,96.63230006117374,33.264870395993874,37.311339212766256,-4.046468816772382,0.006744114694620637,0.006744114694620637,6,0,True
SP4_DIAG_wrench_market_motion_safety,long_distance_energy,long_distance_energy_v00,5407,reference_time_expanded_cbf,Reference time-expanded CBF,model_based_reference,centralized,reference,time_expanded_safe_cbf_reference,sp4_motion_reference,none,centralized_time_expanded_cbf_reference,global_state_and_release_schedule,0,8,False,False,6,24.0,1,0.28,0.35,0.08,0.12,44.0,inf,1.0,0.0,29.62,31.439999999999998,120.39691078713963,20.066151797856605,0.9866574171475891,880.934041406303,0,0.0,0,1.5093301868085915,1.6653678805599423,7.774741845678943,0.45439655339349194,0.7800729314108099,0.0,1.7487614869058479,11010,83.0327000003308,37.311339212766256,37.311339212766256,0.0,0.0,0.0,6,0,True
SP4_DIAG_wrench_market_motion_safety,long_distance_energy,long_distance_energy_v00,5408,direct_to_target,Direct to target,classic,decentralized,baseline,direct_single_integrator,sp4_motion_baseline,none,local_target_feedback,none,0,0,False,False,6,24.0,1,0.28,0.35,0.08,0.12,44.0,inf,1.0,0.0,27.639999999999997,30.84,117.15637359093856,19.526062265156426,1.016044973944844,855.658433363973,14,0.006340579710144928,20,-0.2586712130265994,0.31570245042316714,7.756809905134006,0.44216626506241824,0.8281295608299495,2.220446049250313e-16,0.0,11010,16.51109999511391,26.22762217200596,36.949386509556,-10.721764337550038,0.017869607229250063,0.017869607229250063,6,0,True
SP4_DIAG_wrench_market_motion_safety,long_distance_energy,long_distance_energy_v00,5408,priority_yield,Priority yield,classic,centralized,baseline,priority_release_yield,sp4_motion_baseline,none,centralized_priority_schedule,global_priority_order,0,2,False,False,6,24.0,1,0.28,0.35,0.08,0.12,44.0,inf,1.0,0.0,30.64,33.48,117.17958916788398,19.52993152798066,1.0158436754897109,855.6091039945974,7,0.003170289855072464,10,-0.15086595246206352,0.310498187255162,7.4624905462675315,0.4422538842386922,0.7618791959635536,0.0,2.61502391525473,11010,24.961299961432815,29.03170369094564,36.949386509556,-7.917682818610359,0.013196138031017265,0.013196138031017265,6,0,True
SP4_DIAG_wrench_market_motion_safety,long_distance_energy,long_distance_energy_v00,5408,apf_obstacle_avoidance,APF obstacle avoidance,classic,decentralized,baseline,artificial_potential_field,sp4_motion_baseline,none,local_apf_feedback,local_obstacle_robot_neighbors,0,4,False,False,6,24.0,1,0.28,0.35,0.08,0.12,44.0,inf,1.0,0.0,30.02,33.48,117.11126009238104,19.518543348730173,1.016436373912962,855.0771987349867,10,0.004528985507246377,12,-0.15849803912655358,0.4080259601939158,7.477205143639991,0.44199599974479503,0.7618791959635536,0.0,1.9950239152547304,11010,54.22950000502169,26.783185574934983,36.949386509556,-10.166200934621017,0.016943668224368363,0.016943668224368363,6,0,True
SP4_DIAG_wrench_market_motion_safety,long_distance_energy,long_distance_energy_v00,5408,velocity_obstacle_proxy,Velocity obstacle proxy,sota,decentralized,baseline,velocity_obstacle_proxy,sp4_motion_sota_proxy,none,local_velocity_obstacle_proxy,local_relative_state_neighbors,0,5,False,False,6,24.0,1,0.28,0.35,0.08,0.12,44.0,inf,1.0,0.0,30.679999999999996,34.199999999999996,117.0844298495638,19.51407164159397,1.0166692933092933,854.713370791624,10,0.004528985507246377,15,-0.1751211904893321,0.39047856419983384,7.391398109543664,0.441894738260733,0.7453166047469545,0.0,2.6550239152547292,11010,68.2293000863865,25.73672650778842,36.949386509556,-11.212660001767581,0.018687766669612634,0.018687766669612634,6,0,True
SP4_DIAG_wrench_market_motion_safety,long_distance_energy,long_distance_energy_v00,5408,cbf_safety_filter,CBF safety filter,sota,centralized,baseline,cbf_velocity_projection_proxy,sp4_motion_sota_proxy,none,centralized_cbf_velocity_projection_proxy,global_relative_state,0,6,False,False,6,24.0,1,0.28,0.35,0.08,0.12,44.0,inf,1.0,0.0,30.26,33.6,120.75000599696796,20.12500099949466,0.9858065311869764,881.8167076178225,0,0.0,0,1.5288573651231676,1.6819059732096877,7.684138899177469,0.4557291893001508,0.7784417871801524,0.0,2.2350239152547307,11010,67.80119996983558,36.200831604488826,36.949386509556,-0.7485549050671736,0.0012475915084452893,0.0012475915084452893,6,0,True
SP4_DIAG_wrench_market_motion_safety,long_distance_energy,long_distance_energy_v00,5408,smith_motion_field,Smith-QR motion field,model_based,decentralized,proposed,smith_qr_congestion_field,sp4_motion_proposed,none,distributed_smith_qr_motion_field,local_congestion_price_neighbors,0,6,False,False,6,24.0,1,0.28,0.35,0.08,0.12,44.0,inf,1.0,0.0,30.400000000000002,33.72,121.2630102561172,20.210501709352865,0.9816360677610072,885.4989523565519,0,0.0,0,1.5303240115003724,1.8236952103295156,7.697474235085518,0.45766534667918596,0.7784417871801523,0.0,2.3750239152547308,11010,83.65919999778271,35.82714822008868,36.949386509556,-1.1222382894673189,0.001870397149112198,0.001870397149112198,6,0,True
SP4_DIAG_wrench_market_motion_safety,long_distance_energy,long_distance_energy_v00,5408,replicator_motion_field,Replicator motion field,model_based,decentralized,baseline,replicator_target_congestion_field,sp4_population_motion_family,none,distributed_replicator_motion_field,local_target_obstacle_neighbor_scores,0,5,False,False,6,24.0,1,0.28,0.35,0.08,0.12,44.0,inf,1.0,0.0,30.02,33.48,117.08339215824454,19.513898693040755,1.0166783038861207,854.8702141382666,11,0.004981884057971014,17,-0.19450371211842787,0.37441495920721235,7.46916697203665,0.44189082185327766,0.7618791959635535,0.0,1.9950239152547304,11010,63.21150006260723,25.704429844673097,36.949386509556,-11.244956664882903,0.018741594441471505,0.018741594441471505,6,0,True
SP4_DIAG_wrench_market_motion_safety,long_distance_energy,long_distance_energy_v00,5408,logit_motion_field,Logit motion field,model_based,decentralized,baseline,logit_softmax_motion_field,sp4_population_motion_family,none,distributed_logit_smoothed_motion_field,local_softmax_flow_scores,0,6,False,False,6,24.0,1,0.28,0.35,0.08,0.12,44.0,inf,1.0,0.0,31.399999999999995,35.04,117.1147164408386,19.519119406806436,1.0164063763311042,854.929186519883,11,0.004981884057971014,17,-0.18148453845945983,0.3851698422728176,7.306321410830845,0.4420090445381901,0.7287540135303556,0.0,3.375023915254731,11010,62.15909996535629,23.488948778686243,36.949386509556,-13.460437730869756,0.02243406288478293,0.02243406288478293,6,0,True
SP4_DIAG_wrench_market_motion_safety,long_distance_energy,long_distance_energy_v00,5408,bnn_motion_field,BNN/Brown motion field,model_based,decentralized,baseline,brown_bnn_positive_excess_field,sp4_population_motion_family,none,distributed_bnn_positive_excess_motion_field,local_positive_excess_neighbor_scores,0,6,False,False,6,24.0,1,0.28,0.35,0.08,0.12,44.0,inf,1.0,0.0,32.1,35.879999999999995,117.08669790876161,19.514449651460268,1.0166495996448295,854.7012298498869,11,0.004981884057971014,15,-0.1721074818016906,0.3925755790249241,7.216059853036217,0.4419032982667637,0.7121914223137565,0.0,4.07502391525473,11010,65.49539999105036,22.377392422443137,36.949386509556,-14.571994087112863,0.02428665681185477,0.02428665681185477,6,0,True
SP4_DIAG_wrench_market_motion_safety,long_distance_energy,long_distance_energy_v00,5408,primal_dual_motion_field,Primal-dual motion field,model_based,decentralized,proposed,primal_dual_barrier_motion_field,sp4_motion_proposed,none,distributed_primal_dual_barrier_motion_field,local_barrier_dual_prices,0,7,False,False,6,24.0,1,0.28,0.35,0.08,0.12,44.0,inf,1.0,0.0,31.679999999999996,35.16,121.00366133458618,20.167276889097696,0.9837400227380868,883.5633711434494,0,0.0,0,1.5326633940427614,1.748607533171817,7.535888909595996,0.45668652375674185,0.7453166047469545,0.0,3.65502391525473,11010,94.68559990637004,33.85556079495656,36.949386509556,-3.09382571459944,0.005156376190999066,0.005156376190999066,6,0,True
SP4_DIAG_wrench_market_motion_safety,long_distance_energy,long_distance_energy_v00,5408,pid_safety_motion,PID safety motion,model_based,decentralized,proposed,pid_damped_safety_motion,sp4_motion_proposed,none,distributed_pid_damped_safety_feedback,local_target_error_and_clearance,0,5,False,False,6,24.0,1,0.28,0.35,0.08,0.12,44.0,inf,1.0,0.0,34.839999999999996,38.64,121.11138204308165,20.18523034051361,0.9828650498789133,884.0703522555897,0,0.0,0,1.536720747036544,1.79700696443844,7.183725801842973,0.45709307836307966,0.6790662398805585,0.0,6.81502391525473,11010,82.62260002084076,28.770792427966143,36.949386509556,-8.178594081589857,0.013630990135983095,0.013630990135983095,6,0,True
SP4_DIAG_wrench_market_motion_safety,long_distance_energy,long_distance_energy_v00,5408,tensor_flow_motion_field,Smooth tensor-flow motion,model_based,decentralized,proposed,smooth_tensor_flow_barrier_motion,sp4_motion_proposed,none,distributed_smooth_tensor_flow_motion_field,local_anisotropic_clearance_tensor,0,8,False,False,6,24.0,1,0.28,0.35,0.08,0.12,44.0,inf,1.0,0.0,32.419999999999995,36.0,121.09155766854701,20.18192627809117,0.9830259585767693,884.1434196839459,0,0.0,0,1.5358736558473156,1.7501331611007689,7.457331125182747,0.4570182581089491,0.7287540135303556,0.0,4.39502391525473,11010,94.85669992864132,32.646423116080214,36.949386509556,-4.302963393475785,0.007171605655792976,0.007171605655792976,6,0,True
SP4_DIAG_wrench_market_motion_safety,long_distance_energy,long_distance_energy_v00,5408,reference_time_expanded_cbf,Reference time-expanded CBF,model_based_reference,centralized,reference,time_expanded_safe_cbf_reference,sp4_motion_reference,none,centralized_time_expanded_cbf_reference,global_state_and_release_schedule,0,8,False,False,6,24.0,1,0.28,0.35,0.08,0.12,44.0,inf,1.0,0.0,29.799999999999997,32.879999999999995,120.70276180436045,20.117126967393407,0.9861923851056185,881.6005893484693,0,0.0,0,1.5316040739803762,1.67055758166411,7.76351997413653,0.45555088241380015,0.7950043783967514,0.0,1.7750239152547287,11010,78.52879993151873,36.949386509556,36.949386509556,0.0,0.0,0.0,6,0,True
SP4_DIAG_wrench_market_motion_safety,long_distance_energy,long_distance_energy_v00,5409,direct_to_target,Direct to target,classic,decentralized,baseline,direct_single_integrator,sp4_motion_baseline,none,local_target_feedback,none,0,0,False,False,6,24.0,1,0.28,0.35,0.08,0.12,44.0,inf,1.0,0.0,28.78,31.56,117.66039317955452,19.610065529925752,1.0167312483135693,900.305724720052,13,0.00588768115942029,15,-0.41708681996161967,0.32246128052754774,7.638681009194585,0.44406851290592747,0.7389395126109334,2.220446049250313e-16,0.0,11010,17.555100028403103,24.933221470688796,34.344074380911934,-9.410852910223138,0.015684754850371897,0.015684754850371897,6,0,True
SP4_DIAG_wrench_market_motion_safety,long_distance_energy,long_distance_energy_v00,5409,priority_yield,Priority yield,classic,centralized,baseline,priority_release_yield,sp4_motion_baseline,none,centralized_priority_schedule,global_priority_order,0,2,False,False,6,24.0,1,0.28,0.35,0.08,0.12,44.0,inf,1.0,0.0,31.959999999999997,34.68,117.95260361726892,19.65876726954482,1.0142124443703207,902.5348532096004,21,0.009510869565217392,24,-0.5168333560937858,0.2458702505342787,7.309860677814536,0.44517136027048937,0.6798243516020587,0.0,2.7369504344080404,11010,25.580700021237135,11.062991715583088,34.344074380911934,-23.281082665328846,0.038801804442214746,0.038801804442214746,6,0,True
SP4_DIAG_wrench_market_motion_safety,long_distance_energy,long_distance_energy_v00,5409,apf_obstacle_avoidance,APF obstacle avoidance,classic,decentralized,baseline,artificial_potential_field,sp4_motion_baseline,none,local_apf_feedback,local_obstacle_robot_neighbors,0,4,False,False,6,24.0,1,0.28,0.35,0.08,0.12,44.0,inf,1.0,0.0,31.299999999999997,34.32,117.72043662672428,19.620072771120714,1.01621266334444,900.5793605467226,13,0.00588768115942029,15,-0.31207389497231836,0.417184571539146,7.354078475597477,0.4442951261576248,0.6798243516020587,0.0,2.0769504344080403,11010,49.43050001747906,20.885275554044746,34.344074380911934,-13.458798826867188,0.02243133137811198,0.02243133137811198,6,0,True
SP4_DIAG_wrench_market_motion_safety,long_distance_energy,long_distance_energy_v00,5409,velocity_obstacle_proxy,Velocity obstacle proxy,sota,decentralized,baseline,velocity_obstacle_proxy,sp4_motion_sota_proxy,none,local_velocity_obstacle_proxy,local_relative_state_neighbors,0,5,False,False,6,24.0,1,0.28,0.35,0.08,0.12,44.0,inf,1.0,0.0,32.0,35.16,117.72192508870413,19.620320848117355,1.016199814472731,900.6721355783257,14,0.006340579710144928,16,-0.32819376990731464,0.4014794207993564,7.264989696006493,0.4443007438432379,0.6650455613498399,0.0,2.77695043440804,11010,64.35449991840869,18.677063820354004,34.344074380911934,-15.66701056055793,0.02611168426759655,0.02611168426759655,6,0,True
SP4_DIAG_wrench_market_motion_safety,long_distance_energy,long_distance_energy_v00,5409,cbf_safety_filter,CBF safety filter,sota,centralized,baseline,cbf_velocity_projection_proxy,sp4_motion_sota_proxy,none,centralized_cbf_velocity_projection_proxy,global_relative_state,0,6,False,False,6,24.0,1,0.28,0.35,0.08,0.12,44.0,inf,1.0,0.0,31.539999999999996,34.44,121.29883282889183,20.21647213814864,0.9862337142457627,928.569401030518,0,0.0,0,1.5357781598576787,1.6721991934772504,7.569456928473453,0.4578005466066257,0.6946031418542773,0.0,2.31695043440804,11010,76.81240001693368,33.564562767338614,34.344074380911934,-0.7795116135733196,0.0012991860226221992,0.0012991860226221992,6,0,True
SP4_DIAG_wrench_market_motion_safety,long_distance_energy,long_distance_energy_v00,5409,smith_motion_field,Smith-QR motion field,model_based,decentralized,proposed,smith_qr_congestion_field,sp4_motion_proposed,none,distributed_smith_qr_motion_field,local_congestion_price_neighbors,0,6,False,False,6,24.0,1,0.28,0.35,0.08,0.12,44.0,inf,1.0,0.0,31.679999999999996,34.56,121.82009560129616,20.303349266882694,0.9820136640349263,932.3874823494665,0,0.0,0,1.5373692289220622,1.8171988183128327,7.579411097568801,0.45976787289136467,0.6946031418542773,0.0,2.4569504344080415,11010,99.73590006120503,33.18770414422019,34.344074380911934,-1.1563702366917425,0.001927283727819571,0.001927283727819571,6,0,True
SP4_DIAG_wrench_market_motion_safety,long_distance_energy,long_distance_energy_v00,5409,replicator_motion_field,Replicator motion field,model_based,decentralized,baseline,replicator_target_congestion_field,sp4_population_motion_family,none,distributed_replicator_motion_field,local_target_obstacle_neighbor_scores,0,5,False,False,6,24.0,1,0.28,0.35,0.08,0.12,44.0,inf,1.0,0.0,31.299999999999997,34.32,117.69452267256972,19.61575377876162,1.0164364128254797,900.3880492373227,14,0.006340579710144928,16,-0.34979372217192417,0.3848065610780107,7.34572218577289,0.4441973228886234,0.6798243516020587,0.0,2.0769504344080403,11010,61.61380000412464,19.80593321531361,34.344074380911934,-14.538141165598326,0.02423023527599721,0.02423023527599721,6,0,True
SP4_DIAG_wrench_market_motion_safety,long_distance_energy,long_distance_energy_v00,5409,logit_motion_field,Logit motion field,model_based,decentralized,baseline,logit_softmax_motion_field,sp4_population_motion_family,none,distributed_logit_smoothed_motion_field,local_softmax_flow_scores,0,6,False,False,6,24.0,1,0.28,0.35,0.08,0.12,44.0,inf,1.0,0.0,32.74,35.879999999999995,117.72889160796566,19.621481934660945,1.0161396816074297,900.5021746573204,14,0.006340579710144928,16,-0.3363739072310471,0.3958305335963863,7.174564399852233,0.4443270365638801,0.6502667710976213,0.0,3.5169504344080402,11010,68.02889995742589,17.49323079532651,34.344074380911934,-16.850843585585423,0.028084739309309038,0.028084739309309038,6,0,True
SP4_DIAG_wrench_market_motion_safety,long_distance_energy,long_distance_energy_v00,5409,bnn_motion_field,BNN/Brown motion field,model_based,decentralized,baseline,brown_bnn_positive_excess_field,sp4_population_motion_family,none,distributed_bnn_positive_excess_motion_field,local_positive_excess_neighbor_scores,0,6,False,False,6,24.0,1,0.28,0.35,0.08,0.12,44.0,inf,1.0,0.0,33.5,36.72,117.77114035291181,19.62852339215197,1.0157751557472807,900.8364337333886,14,0.006340579710144928,16,-0.32780356279426737,0.4042115660639971,7.084782679890271,0.4444864898585136,0.6354879808454026,0.0,4.2769504344080405,11010,68.01550008822232,16.26459348067769,34.344074380911934,-18.079480900234245,0.030132468167057076,0.030132468167057076,6,0,True
SP4_DIAG_wrench_market_motion_safety,long_distance_energy,long_distance_energy_v00,5409,primal_dual_motion_field,Primal-dual motion field,model_based,decentralized,proposed,primal_dual_barrier_motion_field,sp4_motion_proposed,none,distributed_primal_dual_barrier_motion_field,local_barrier_dual_prices,0,7,False,False,6,24.0,1,0.28,0.35,0.08,0.12,44.0,inf,1.0,0.0,33.0,36.0,121.51459004551677,20.252431674252794,0.9844825908535212,929.9822351446489,0,0.0,0,1.5376722613502816,1.7518299349465842,7.410509570581969,0.45861484769594246,0.6650455613498399,0.0,3.776950434408041,11010,98.04140008054674,31.166967838539808,34.344074380911934,-3.177106542372126,0.00529517757062021,0.00529517757062021,6,0,True
SP4_DIAG_wrench_market_motion_safety,long_distance_energy,long_distance_energy_v00,5409,pid_safety_motion,PID safety motion,model_based,decentralized,proposed,pid_damped_safety_motion,sp4_motion_proposed,none,distributed_pid_damped_safety_feedback,local_target_error_and_clearance,0,5,False,False,6,24.0,1,0.28,0.35,0.08,0.12,44.0,inf,1.0,0.0,36.32,39.6,121.73379443959494,20.28896573993249,0.9827098463925273,931.4258017318044,0,0.0,0,1.536539295426063,1.8109645364018137,7.045036032750632,0.45944215896586404,0.6059304003409652,0.0,7.096950434408041,11010,90.66029998939484,25.792307205971063,34.344074380911934,-8.55176717494087,0.014252945291568118,0.014252945291568118,6,0,True
SP4_DIAG_wrench_market_motion_safety,long_distance_energy,long_distance_energy_v00,5409,tensor_flow_motion_field,Smooth tensor-flow motion,model_based,decentralized,proposed,smooth_tensor_flow_barrier_motion,sp4_motion_proposed,none,distributed_smooth_tensor_flow_motion_field,local_anisotropic_clearance_tensor,0,8,False,False,6,24.0,1,0.28,0.35,0.08,0.12,44.0,inf,1.0,0.0,33.76,36.839999999999996,121.56447089213586,20.26074514868931,0.984078633802969,930.3923911681037,0,0.0,0,1.5296927735709316,1.7459826469439765,7.32689063609371,0.45880310572213123,0.6502667710976213,0.0,4.53695043440804,11010,100.79529997892678,29.935892492049078,34.344074380911934,-4.408181888862856,0.007346969814771427,0.007346969814771427,6,0,True
SP4_DIAG_wrench_market_motion_safety,long_distance_energy,long_distance_energy_v00,5409,reference_time_expanded_cbf,Reference time-expanded CBF,model_based_reference,centralized,reference,time_expanded_safe_cbf_reference,sp4_motion_reference,none,centralized_time_expanded_cbf_reference,global_state_and_release_schedule,0,8,False,False,6,24.0,1,0.28,0.35,0.08,0.12,44.0,inf,1.0,0.0,31.06,33.72,121.2635695963527,20.21059493272545,0.9865205092734791,928.1940307890476,0,0.0,0,1.53438725224391,1.6690248427671153,7.654849020915908,0.45766745771570383,0.7093819321064959,0.0,1.8369504344080412,11010,84.93839995935559,34.344074380911934,34.344074380911934,0.0,0.0,0.0,6,0,True
SP4_DIAG_wrench_market_motion_safety,long_distance_energy,long_distance_energy_v00,5410,direct_to_target,Direct to target,classic,decentralized,baseline,direct_single_integrator,sp4_motion_baseline,none,local_target_feedback,none,0,0,False,False,6,24.0,1,0.28,0.35,0.08,0.12,44.0,inf,1.0,0.0,25.900000000000002,27.599999999999998,117.0097525317147,19.50162542195245,1.0168836626448485,979.377933995684,6,0.002717391304347826,9,-0.07825671071948653,0.2504910386337844,7.967556766372107,0.44161289451885055,0.8178003502841055,2.220446049250313e-16,0.0,11010,19.06540000345558,36.502335972631144,38.77022230452634,-2.2678863318951983,0.0037798105531586636,0.0037798105531586636,6,0,True
SP4_DIAG_wrench_market_motion_safety,long_distance_energy,long_distance_energy_v00,5410,priority_yield,Priority yield,classic,centralized,baseline,priority_release_yield,sp4_motion_baseline,none,centralized_priority_schedule,global_priority_order,0,2,False,False,6,24.0,1,0.28,0.35,0.08,0.12,44.0,inf,1.0,0.0,28.76,30.599999999999998,117.04011148443124,19.506685247405205,1.016619893902313,979.5341662974716,7,0.003170289855072464,11,-0.0836110609856025,0.25046172573692393,7.6963848863417335,0.44172747389957434,0.752376322261377,0.0,2.481947473668029,11010,26.760200038552284,30.8311381582765,38.77022230452634,-7.939084146249844,0.013231806910416406,0.013231806910416406,6,0,True
SP4_DIAG_wrench_market_motion_safety,long_distance_energy,long_distance_energy_v00,5410,apf_obstacle_avoidance,APF obstacle avoidance,classic,decentralized,baseline,artificial_potential_field,sp4_motion_baseline,none,local_apf_feedback,local_obstacle_robot_neighbors,0,4,False,False,6,24.0,1,0.28,0.35,0.08,0.12,44.0,inf,1.0,0.0,28.16,30.0,117.04402339816785,19.507337233027975,1.0165859158382273,979.5598954157799,0,0.0,6,0.02868870034938431,0.37005314190619276,7.710350389573264,0.4417422380667567,0.752376322261377,0.0,1.8819474736680295,11010,44.89689995534718,39.39871589824526,38.77022230452634,0.6284935937189147,0.0,0.0,6,0,True
SP4_DIAG_wrench_market_motion_safety,long_distance_energy,long_distance_energy_v00,5410,velocity_obstacle_proxy,Velocity obstacle proxy,sota,decentralized,baseline,velocity_obstacle_proxy,sp4_motion_sota_proxy,none,local_velocity_obstacle_proxy,local_relative_state_neighbors,0,5,False,False,6,24.0,1,0.28,0.35,0.08,0.12,44.0,inf,1.0,0.0,28.76,30.72,116.97116894965282,19.495194824942136,1.01721908730203,978.8597116609467,0,0.0,7,0.01319690918260108,0.3561041116825636,7.624871511241938,0.44146727411553605,0.7360203152556949,0.0,2.481947473668029,11010,56.43290001899004,38.46174571446691,38.77022230452634,-0.30847659005943484,0.0005141276500990581,0.0005141276500990581,6,0,True
SP4_DIAG_wrench_market_motion_safety,long_distance_energy,long_distance_energy_v00,5410,cbf_safety_filter,CBF safety filter,sota,centralized,baseline,cbf_velocity_projection_proxy,sp4_motion_sota_proxy,none,centralized_cbf_velocity_projection_proxy,global_relative_state,0,6,False,False,6,24.0,1,0.28,0.35,0.08,0.12,44.0,inf,1.0,0.0,28.34,30.24,120.39009492183908,20.065015820306513,0.9883313556390687,1007.8828711908259,0,0.0,0,1.5364532401253799,1.6657980059688906,7.91755204546128,0.4543708292641874,0.768732329267059,0.0,2.0619474736680288,11010,67.37529998645186,38.09135040528715,38.77022230452634,-0.6788718992391907,0.001131453165398651,0.001131453165398651,6,0,True
SP4_DIAG_wrench_market_motion_safety,long_distance_energy,long_distance_energy_v00,5410,smith_motion_field,Smith-QR motion field,model_based,decentralized,proposed,smith_qr_congestion_field,sp4_motion_proposed,none,distributed_smith_qr_motion_field,local_congestion_price_neighbors,0,6,False,False,6,24.0,1,0.28,0.35,0.08,0.12,44.0,inf,1.0,0.0,28.459999999999997,30.36,120.89376335106954,20.14896055851159,0.9842137627405138,1012.0795662831641,0,0.0,0,1.5360273051236555,1.8166485989074042,7.927836963433563,0.4562717517778895,0.768732329267059,0.0,2.1819474736680298,11010,86.81710006203502,37.74657639993306,38.77022230452634,-1.0236459045932804,0.0017060765076554673,0.0017060765076554673,6,0,True
SP4_DIAG_wrench_market_motion_safety,long_distance_energy,long_distance_energy_v00,5410,replicator_motion_field,Replicator motion field,model_based,decentralized,baseline,replicator_target_congestion_field,sp4_population_motion_family,none,distributed_replicator_motion_field,local_target_obstacle_neighbor_scores,0,5,False,False,6,24.0,1,0.28,0.35,0.08,0.12,44.0,inf,1.0,0.0,28.16,30.0,117.01094847301877,19.50182474550313,1.0168732693167928,979.2823047976412,2,0.0009057971014492754,7,-0.007602614352833159,0.3342982093481377,7.702151413591439,0.4416174081862118,0.752376322261377,0.0,1.8819474736680295,11010,56.61819991655648,37.234855244481196,38.77022230452634,-1.5353670600451466,0.002558945100075244,0.002558945100075244,6,0,True
SP4_DIAG_wrench_market_motion_safety,long_distance_energy,long_distance_energy_v00,5410,logit_motion_field,Logit motion field,model_based,decentralized,baseline,logit_softmax_motion_field,sp4_population_motion_family,none,distributed_logit_smoothed_motion_field,local_softmax_flow_scores,0,6,False,False,6,24.0,1,0.28,0.35,0.08,0.12,44.0,inf,1.0,0.0,29.48,31.439999999999998,117.10490733188581,19.5174845553143,1.016057383337509,979.8949414857573,0,0.0,8,0.006197510959473962,0.34890976033849164,7.552619008149149,0.4419720234446169,0.7196643082500128,0.0,3.2019474736680285,11010,60.18869997933507,37.26997097212754,38.77022230452634,-1.500251332398804,0.0025004188873313403,0.0025004188873313403,6,0,True
SP4_DIAG_wrench_market_motion_safety,long_distance_energy,long_distance_energy_v00,5410,bnn_motion_field,BNN/Brown motion field,model_based,decentralized,baseline,brown_bnn_positive_excess_field,sp4_population_motion_family,none,distributed_bnn_positive_excess_motion_field,local_positive_excess_neighbor_scores,0,6,False,False,6,24.0,1,0.28,0.35,0.08,0.12,44.0,inf,1.0,0.0,30.14,32.16,117.10036499043773,19.516727498406286,1.0160967963621084,979.8264920651798,0,0.0,7,0.015901046434303345,0.36092486909703303,7.469102885082557,0.4419548799457953,0.7033083012443306,0.0,3.861947473668028,11010,62.31950002256781,36.215654781451896,38.77022230452634,-2.5545675230744465,0.004257612538457411,0.004257612538457411,6,0,True
SP4_DIAG_wrench_market_motion_safety,long_distance_energy,long_distance_energy_v00,5410,primal_dual_motion_field,Primal-dual motion field,model_based,decentralized,proposed,primal_dual_barrier_motion_field,sp4_motion_proposed,none,distributed_primal_dual_barrier_motion_field,local_barrier_dual_prices,0,7,False,False,6,24.0,1,0.28,0.35,0.08,0.12,44.0,inf,1.0,0.0,29.659999999999997,31.68,120.62324486501183,20.10387414416864,0.986421032304118,1009.617141526877,0,0.0,0,1.5338739656484615,1.7258870786065013,7.776522511231651,0.45525077319222296,0.7360203152556949,0.0,3.381947473668029,11010,93.21819990873337,35.910714714428636,38.77022230452634,-2.8595075900977065,0.004765845983496177,0.004765845983496177,6,0,True
SP4_DIAG_wrench_market_motion_safety,long_distance_energy,long_distance_energy_v00,5410,pid_safety_motion,PID safety motion,model_based,decentralized,proposed,pid_damped_safety_motion,sp4_motion_proposed,none,distributed_pid_damped_safety_feedback,local_target_error_and_clearance,0,5,False,False,6,24.0,1,0.28,0.35,0.08,0.12,44.0,inf,1.0,0.0,32.6,34.8,120.69065117292482,20.1151085288208,0.9858701114234272,1010.0790370310912,0,0.0,0,1.5414344538774123,1.8021970628002906,7.442323190499062,0.45550517501858756,0.6705962872329665,0.0,6.321947473668029,11010,82.57570001296699,31.187266371645634,38.77022230452634,-7.582955932880708,0.012638259888134513,0.012638259888134513,6,0,True
SP4_DIAG_wrench_market_motion_safety,long_distance_energy,long_distance_energy_v00,5410,tensor_flow_motion_field,Smooth tensor-flow motion,model_based,decentralized,proposed,smooth_tensor_flow_barrier_motion,sp4_motion_proposed,none,distributed_smooth_tensor_flow_motion_field,local_anisotropic_clearance_tensor,0,8,False,False,6,24.0,1,0.28,0.35,0.08,0.12,44.0,inf,1.0,0.0,30.3,32.4,120.57236497882496,20.095394163137495,0.9868372884658412,1009.2538532437483,0,0.0,0,1.5391679181376419,1.727553602425633,7.69518549722528,0.4550587446362662,0.7196643082500128,0.0,4.021947473668029,11010,95.97939997911453,34.901541172221016,38.77022230452634,-3.8686811323053263,0.0064478018871755435,0.0064478018871755435,6,0,True
SP4_DIAG_wrench_market_motion_safety,long_distance_energy,long_distance_energy_v00,5410,reference_time_expanded_cbf,Reference time-expanded CBF,model_based_reference,centralized,reference,time_expanded_safe_cbf_reference,sp4_motion_reference,none,centralized_time_expanded_cbf_reference,global_state_and_release_schedule,0,8,False,False,6,24.0,1,0.28,0.35,0.08,0.12,44.0,inf,1.0,0.0,27.92,29.759999999999998,120.36810003841799,20.061350006403,0.988511953596017,1007.6795687021703,0,0.0,0,1.5380687054302289,1.6626989943077384,7.989905382342899,0.45428781717398115,0.7850883362727411,0.0,1.6419474736680293,11010,76.10669999849051,38.77022230452634,38.77022230452634,0.0,0.0,0.0,6,0,True
SP4_DIAG_wrench_market_motion_safety,long_distance_energy,long_distance_energy_v00,5411,direct_to_target,Direct to target,classic,decentralized,baseline,direct_single_integrator,sp4_motion_baseline,none,local_target_feedback,none,0,0,False,False,6,24.0,1,0.28,0.35,0.08,0.12,44.0,inf,1.0,0.0,27.38,30.599999999999998,117.09243356087617,19.51540559347936,1.0159859539294178,879.0141500340029,0,0.0,0,0.1269046590378795,0.3417959784704925,7.79483134222715,0.4419249455045151,0.7630082902452081,2.220446049250313e-16,0.0,11010,17.441899981349707,41.64152311626722,37.53292990036971,4.108593215897514,0.0,0.0,6,0,True
SP4_DIAG_wrench_market_motion_safety,long_distance_energy,long_distance_energy_v00,5411,priority_yield,Priority yield,classic,centralized,baseline,priority_release_yield,sp4_motion_baseline,none,centralized_priority_schedule,global_priority_order,0,2,False,False,6,24.0,1,0.28,0.35,0.08,0.12,44.0,inf,1.0,0.0,30.34,33.72,117.04144557534272,19.506907595890453,1.0164285584860044,878.422428964535,0,0.0,0,0.08578949314909534,0.3420506942120318,7.503133433321233,0.44173250896491,0.7019676270255913,0.0,2.5814471806564927,11010,29.79830000549555,36.922657683779235,37.53292990036971,-0.6102722165904737,0.0010171203609841228,0.0010171203609841228,6,0,True
SP4_DIAG_wrench_market_motion_safety,long_distance_energy,long_distance_energy_v00,5411,apf_obstacle_avoidance,APF obstacle avoidance,classic,decentralized,baseline,artificial_potential_field,sp4_motion_baseline,none,local_apf_feedback,local_obstacle_robot_neighbors,0,4,False,False,6,24.0,1,0.28,0.35,0.08,0.12,44.0,inf,1.0,0.0,29.74,33.24,117.05055994773925,19.50842665795654,1.0163494122743106,878.4951369907594,0,0.0,0,0.22627209303564488,0.4449139698435276,7.5171559485179085,0.4417669080153199,0.7019676270255915,0.0,1.9814471806564928,11010,43.55760000180453,37.87992544158977,37.53292990036971,0.3469955412200605,0.0,0.0,6,0,True
SP4_DIAG_wrench_market_motion_safety,long_distance_energy,long_distance_energy_v00,5411,velocity_obstacle_proxy,Velocity obstacle proxy,sota,decentralized,baseline,velocity_obstacle_proxy,sp4_motion_sota_proxy,none,local_velocity_obstacle_proxy,local_relative_state_neighbors,0,5,False,False,6,24.0,1,0.28,0.35,0.08,0.12,44.0,inf,1.0,0.0,30.400000000000002,33.96,117.04057991749335,19.506763319582223,1.0164360762149887,878.4005687056161,0,0.0,0,0.21349532799353077,0.4295310953399816,7.432774702030457,0.44172924183836704,0.6867074612206874,0.0,2.6414471806564923,11010,60.9618000453338,36.827066731095286,37.53292990036971,-0.7058631692744228,0.0011764386154573714,0.0011764386154573714,6,0,True
SP4_DIAG_wrench_market_motion_safety,long_distance_energy,long_distance_energy_v00,5411,cbf_safety_filter,CBF safety filter,sota,centralized,baseline,cbf_velocity_projection_proxy,sp4_motion_sota_proxy,none,centralized_cbf_velocity_projection_proxy,global_relative_state,0,6,False,False,6,24.0,1,0.28,0.35,0.08,0.12,44.0,inf,1.0,0.0,29.84,33.36,120.06413100315578,20.010688500525962,0.990839369054667,900.9966100779931,0,0.0,0,1.534830089239334,1.6860243185299926,7.727386213243452,0.4531405910445185,0.7172277928304956,0.0,2.081447180656492,11010,69.49180003721267,36.8319250785258,37.53292990036971,-0.7010048218439096,0.0011683413697398492,0.0011683413697398492,6,0,True
SP4_DIAG_wrench_market_motion_safety,long_distance_energy,long_distance_energy_v00,5411,smith_motion_field,Smith-QR motion field,model_based,decentralized,proposed,smith_qr_congestion_field,sp4_motion_proposed,none,distributed_smith_qr_motion_field,local_congestion_price_neighbors,0,6,False,False,6,24.0,1,0.28,0.35,0.08,0.12,44.0,inf,1.0,0.0,29.98,33.6,120.6085306684204,20.101421778070065,0.9863669439463026,905.1356701627922,0,0.0,0,1.5453098380072707,1.831092050985898,7.739782477132627,0.45519523953962915,0.7172277928304956,0.0,2.2214471806564933,11010,87.15279994066805,36.446766551319584,37.53292990036971,-1.0861633490501248,0.0018102722484168747,0.0018102722484168747,6,0,True
SP4_DIAG_wrench_market_motion_safety,long_distance_energy,long_distance_energy_v00,5411,replicator_motion_field,Replicator motion field,model_based,decentralized,baseline,replicator_target_congestion_field,sp4_population_motion_family,none,distributed_replicator_motion_field,local_target_obstacle_neighbor_scores,0,5,False,False,6,24.0,1,0.28,0.35,0.08,0.12,44.0,inf,1.0,0.0,29.76,33.24,117.07351044419352,19.512251740698918,1.0161501722968451,878.7706421665195,0,0.0,0,0.19414613827952454,0.41339317679423626,7.512910338310295,0.44185352673684136,0.7019676270255915,0.0,2.0014471806564926,11010,64.86749998293817,37.84012128061222,37.53292990036971,0.30719138024251436,0.0,0.0,6,0,True
SP4_DIAG_wrench_market_motion_safety,long_distance_energy,long_distance_energy_v00,5411,logit_motion_field,Logit motion field,model_based,decentralized,baseline,logit_softmax_motion_field,sp4_population_motion_family,none,distributed_logit_smoothed_motion_field,local_softmax_flow_scores,0,6,False,False,6,24.0,1,0.28,0.35,0.08,0.12,44.0,inf,1.0,0.0,31.08,34.8,116.98731164565191,19.49788527427532,1.0168988938697892,878.003290680351,0,0.0,0,0.206846312191743,0.4239947810831417,7.342317327829341,0.441528199145727,0.6714472954157831,0.0,3.3214471806564916,11010,64.40729997120798,35.75475853115306,37.53292990036971,-1.7781713692166505,0.0029636189486944176,0.0029636189486944176,6,0,True
SP4_DIAG_wrench_market_motion_safety,long_distance_energy,long_distance_energy_v00,5411,bnn_motion_field,BNN/Brown motion field,model_based,decentralized,baseline,brown_bnn_positive_excess_field,sp4_population_motion_family,none,distributed_bnn_positive_excess_motion_field,local_positive_excess_neighbor_scores,0,6,False,False,6,24.0,1,0.28,0.35,0.08,0.12,44.0,inf,1.0,0.0,31.799999999999997,35.519999999999996,117.02858611518191,19.50476435253032,1.016540246775063,878.2724672376218,0,0.0,0,0.21681654294817387,0.4318271928528603,7.258589184520394,0.4416839753743288,0.656187129610879,0.0,4.041447180656491,11010,74.2216999642551,34.590986382283766,37.53292990036971,-2.9419435180859423,0.004903239196809904,0.004903239196809904,6,0,True
SP4_DIAG_wrench_market_motion_safety,long_distance_energy,long_distance_energy_v00,5411,primal_dual_motion_field,Primal-dual motion field,model_based,decentralized,proposed,primal_dual_barrier_motion_field,sp4_motion_proposed,none,distributed_primal_dual_barrier_motion_field,local_barrier_dual_prices,0,7,False,False,6,24.0,1,0.28,0.35,0.08,0.12,44.0,inf,1.0,0.0,31.240000000000006,34.92,120.32926487414228,20.054877479023713,0.9886561505523511,903.0313025556159,0,0.0,0,1.5430494269121473,1.7397587072129979,7.580802323057743,0.45414124726050226,0.6867074612206873,0.0,3.481447180656493,11010,97.10879996418953,34.51324870213253,37.53292990036971,-3.01968119823718,0.005032801997061967,0.005032801997061967,6,0,True
SP4_DIAG_wrench_market_motion_safety,long_distance_energy,long_distance_energy_v00,5411,pid_safety_motion,PID safety motion,model_based,decentralized,proposed,pid_damped_safety_motion,sp4_motion_proposed,none,distributed_pid_damped_safety_feedback,local_target_error_and_clearance,0,5,False,False,6,24.0,1,0.28,0.35,0.08,0.12,44.0,inf,1.0,0.0,34.38,38.519999999999996,120.5228188726054,20.087136478767565,0.9870684151107595,904.3548081131105,0,0.0,0,1.5415455123495776,1.800682766922306,7.2351983292293855,0.4548717499720905,0.6256667980010705,0.0,6.621447180656491,11010,90.42160003446043,29.433431766895694,37.53292990036971,-8.099498133474015,0.013499163555790025,0.013499163555790025,6,0,True
SP4_DIAG_wrench_market_motion_safety,long_distance_energy,long_distance_energy_v00,5411,tensor_flow_motion_field,Smooth tensor-flow motion,model_based,decentralized,proposed,smooth_tensor_flow_barrier_motion,sp4_motion_proposed,none,distributed_smooth_tensor_flow_motion_field,local_anisotropic_clearance_tensor,0,8,False,False,6,24.0,1,0.28,0.35,0.08,0.12,44.0,inf,1.0,0.0,31.959999999999997,35.76,120.39431987487727,20.065719979146213,0.9881219307763046,903.5274853667722,0,0.0,0,1.5384855593430413,1.7501039174765773,7.5025802616369415,0.45438677489008583,0.6714472954157831,0.0,4.2014471806564915,11010,102.43309999350458,33.341974773859285,37.53292990036971,-4.190955126510424,0.006984925210850707,0.006984925210850707,6,0,True
SP4_DIAG_wrench_market_motion_safety,long_distance_energy,long_distance_energy_v00,5411,reference_time_expanded_cbf,Reference time-expanded CBF,model_based_reference,centralized,reference,time_expanded_safe_cbf_reference,sp4_motion_reference,none,centralized_time_expanded_cbf_reference,global_state_and_release_schedule,0,8,False,False,6,24.0,1,0.28,0.35,0.08,0.12,44.0,inf,1.0,0.0,29.399999999999995,32.879999999999995,120.06983836252033,20.01163972708672,0.9907922708289271,901.1705659875834,0,0.0,0,1.5373925734576703,1.687694059069808,7.8056831987209385,0.45316213150105794,0.7324879586353996,0.0,1.6414471806564912,11010,76.31799997761846,37.53292990036971,37.53292990036971,0.0,0.0,0.0,6,0,True
SP4_DIAG_wrench_market_motion_safety,long_distance_energy,long_distance_energy_v00,5412,direct_to_target,Direct to target,classic,decentralized,baseline,direct_single_integrator,sp4_motion_baseline,none,local_target_feedback,none,0,0,False,False,6,24.0,1,0.28,0.35,0.08,0.12,44.0,inf,1.0,0.0,27.099999999999998,30.119999999999997,117.43358125769576,19.572263542949294,1.0161552886167482,821.8644457002433,0,0.0,0,0.35862717798598354,0.250766407751587,7.844841622489587,0.44321248965012033,0.7802068284947319,2.220446049250313e-16,0.0,11010,17.312200041487813,42.5859676663045,38.58070612844067,4.005261537863831,0.0,0.0,6,0,True
SP4_DIAG_wrench_market_motion_safety,long_distance_energy,long_distance_energy_v00,5412,priority_yield,Priority yield,classic,centralized,baseline,priority_release_yield,sp4_motion_baseline,none,centralized_priority_schedule,global_priority_order,0,2,False,False,6,24.0,1,0.28,0.35,0.08,0.12,44.0,inf,1.0,0.0,30.039999999999996,33.36,117.39271451851221,19.565452419752035,1.0165090324868018,821.4418372145861,7,0.003170289855072464,10,-0.07803212126245412,0.2508837872125924,7.554798774015379,0.443058252258877,0.7177902822151534,0.0,2.5621681740482085,11010,32.399000017903745,30.286488781607556,38.58070612844067,-8.294217346833111,0.013823695578055186,0.013823695578055186,6,0,True
SP4_DIAG_wrench_market_motion_safety,long_distance_energy,long_distance_energy_v00,5412,apf_obstacle_avoidance,APF obstacle avoidance,classic,decentralized,baseline,artificial_potential_field,sp4_motion_baseline,none,local_apf_feedback,local_obstacle_robot_neighbors,0,4,False,False,6,24.0,1,0.28,0.35,0.08,0.12,44.0,inf,1.0,0.0,29.44,32.64,117.4056341667457,19.567605694457615,1.0163971729562171,821.5327330103019,0,0.0,0,0.47533065543205644,0.3647895668650907,7.571180563746184,0.4431070130085505,0.7177902822151534,0.0,1.9621681740482089,11010,50.06909999065101,38.85143315321291,38.58070612844067,0.270727024772242,0.0,0.0,6,0,True
SP4_DIAG_wrench_market_motion_safety,long_distance_energy,long_distance_energy_v00,5412,velocity_obstacle_proxy,Velocity obstacle proxy,sota,decentralized,baseline,velocity_obstacle_proxy,sp4_motion_sota_proxy,none,local_velocity_obstacle_proxy,local_relative_state_neighbors,0,5,False,False,6,24.0,1,0.28,0.35,0.08,0.12,44.0,inf,1.0,0.0,30.099999999999998,33.36,117.41232184594907,19.56872030765818,1.0163392800696012,821.6440549502727,0,0.0,0,0.4591748290062312,0.3496219070872635,7.488212048087547,0.443132253343708,0.7021861456452587,0.0,2.6221681740482086,11010,63.18660010583699,37.79284864438848,38.58070612844067,-0.7878574840521892,0.0013130958067536487,0.0013130958067536487,6,0,True
SP4_DIAG_wrench_market_motion_safety,long_distance_energy,long_distance_energy_v00,5412,cbf_safety_filter,CBF safety filter,sota,centralized,baseline,cbf_velocity_projection_proxy,sp4_motion_sota_proxy,none,centralized_cbf_velocity_projection_proxy,global_relative_state,0,6,False,False,6,24.0,1,0.28,0.35,0.08,0.12,44.0,inf,1.0,0.0,29.52,32.64,120.33789041552325,20.056315069253873,0.9916307677005683,842.2847771054762,0,0.0,0,1.6476532345781725,1.6791542484981756,7.781857879963372,0.4541738013870891,0.7333944187850481,0.0,2.042168174048209,11010,72.40000006277114,37.87081633753012,38.58070612844067,-0.7098897909105446,0.0011831496515175744,0.0011831496515175744,6,0,True
SP4_DIAG_wrench_market_motion_safety,long_distance_energy,long_distance_energy_v00,5412,smith_motion_field,Smith-QR motion field,model_based,decentralized,proposed,smith_qr_congestion_field,sp4_motion_proposed,none,distributed_smith_qr_motion_field,local_congestion_price_neighbors,0,6,False,False,6,24.0,1,0.28,0.35,0.08,0.12,44.0,inf,1.0,0.0,29.659999999999997,32.879999999999995,120.90405342328427,20.150675570547378,0.9869872124008615,846.2389249756984,0,0.0,0,1.7887834185709335,1.8255944875705514,7.792364236616595,0.45631058810116265,0.7333944187850481,0.0,2.1821681740482077,11010,93.28859997913241,37.482718997120486,38.58070612844067,-1.0979871313201812,0.001829978552200302,0.001829978552200302,6,0,True
SP4_DIAG_wrench_market_motion_safety,long_distance_energy,long_distance_energy_v00,5412,replicator_motion_field,Replicator motion field,model_based,decentralized,baseline,replicator_target_congestion_field,sp4_population_motion_family,none,distributed_replicator_motion_field,local_target_obstacle_neighbor_scores,0,5,False,False,6,24.0,1,0.28,0.35,0.08,0.12,44.0,inf,1.0,0.0,29.44,32.64,117.37678893791119,19.562798156318532,1.0166469515479297,821.3300588886151,0,0.0,0,0.43841362038843723,0.3291658057183542,7.563252414604035,0.44299814665576315,0.7177902822151534,0.0,1.9621681740482089,11010,64.39329998102039,38.859805844773376,38.58070612844067,0.27909971633270914,0.0,0.0,6,0,True
SP4_DIAG_wrench_market_motion_safety,long_distance_energy,long_distance_energy_v00,5412,logit_motion_field,Logit motion field,model_based,decentralized,baseline,logit_softmax_motion_field,sp4_population_motion_family,none,distributed_logit_smoothed_motion_field,local_softmax_flow_scores,0,6,False,False,6,24.0,1,0.28,0.35,0.08,0.12,44.0,inf,1.0,0.0,30.779999999999998,34.199999999999996,117.37436798555389,19.56239466425898,1.016667920809585,821.2207430002679,0,0.0,0,0.4524321587049771,0.34287559868313666,7.399870968456291,0.4429890096073146,0.686582009075364,0.0,3.3021681740482083,11010,68.65659996401519,36.71743161317548,38.58070612844067,-1.8632745152651893,0.0031054575254419823,0.0031054575254419823,6,0,True
SP4_DIAG_wrench_market_motion_safety,long_distance_energy,long_distance_energy_v00,5412,bnn_motion_field,BNN/Brown motion field,model_based,decentralized,baseline,brown_bnn_positive_excess_field,sp4_population_motion_family,none,distributed_bnn_positive_excess_motion_field,local_positive_excess_neighbor_scores,0,6,False,False,6,24.0,1,0.28,0.35,0.08,0.12,44.0,inf,1.0,0.0,31.48,34.92,117.38623037074173,19.564371728456955,1.0165651821285089,821.2690262536802,0,0.0,0,0.46369508293080486,0.3534108739142474,7.314624173379759,0.4430337800828122,0.6709778725054695,0.0,4.002168174048209,11010,59.09360002260655,35.59433905590002,38.58070612844067,-2.986367072540645,0.004977278454234409,0.004977278454234409,6,0,True
SP4_DIAG_wrench_market_motion_safety,long_distance_energy,long_distance_energy_v00,5412,primal_dual_motion_field,Primal-dual motion field,model_based,decentralized,proposed,primal_dual_barrier_motion_field,sp4_motion_proposed,none,distributed_primal_dual_barrier_motion_field,local_barrier_dual_prices,0,7,False,False,6,24.0,1,0.28,0.35,0.08,0.12,44.0,inf,1.0,0.0,30.899999999999995,34.199999999999996,120.59684822569704,20.09947470428284,0.9895014373251665,844.0122135941759,0,0.0,0,1.7019773155510114,1.735525047188465,7.635239126690168,0.4551511481948101,0.7021861456452587,0.0,3.4221681740482075,11010,94.98920000623912,35.5885712544049,38.58070612844067,-2.99213487403577,0.004986891456726284,0.004986891456726284,6,0,True
SP4_DIAG_wrench_market_motion_safety,long_distance_energy,long_distance_energy_v00,5412,pid_safety_motion,PID safety motion,model_based,decentralized,proposed,pid_damped_safety_motion,sp4_motion_proposed,none,distributed_pid_damped_safety_feedback,local_target_error_and_clearance,0,5,False,False,6,24.0,1,0.28,0.35,0.08,0.12,44.0,inf,1.0,0.0,33.99999999999999,37.559999999999995,120.77026899622739,20.128378166037898,0.9880805569783059,844.9152459593965,0,0.0,0,1.7720592977534197,1.8001137882859795,7.289088329399544,0.45580566499180086,0.6397695993656801,0.0,6.522168174048208,11010,83.48809997551143,30.581388361236016,38.58070612844067,-7.999317767204651,0.01333219627867442,0.01333219627867442,6,0,True
SP4_DIAG_wrench_market_motion_safety,long_distance_energy,long_distance_energy_v00,5412,tensor_flow_motion_field,Smooth tensor-flow motion,model_based,decentralized,proposed,smooth_tensor_flow_barrier_motion,sp4_motion_proposed,none,distributed_smooth_tensor_flow_motion_field,local_anisotropic_clearance_tensor,0,8,False,False,6,24.0,1,0.28,0.35,0.08,0.12,44.0,inf,1.0,0.0,31.619999999999994,35.04,120.68334385715644,20.113890642859406,0.9887922462395041,844.556663353256,0,0.0,0,1.702767728668336,1.7360231106383737,7.558640864199601,0.4554775960792444,0.6865820090753642,0.0,4.142168174048208,11010,101.85620002448559,34.41209771789303,38.58070612844067,-4.168608410547634,0.006947680684246057,0.006947680684246057,6,0,True
SP4_DIAG_wrench_market_motion_safety,long_distance_energy,long_distance_energy_v00,5412,reference_time_expanded_cbf,Reference time-expanded CBF,model_based_reference,centralized,reference,time_expanded_safe_cbf_reference,sp4_motion_reference,none,centralized_time_expanded_cbf_reference,global_state_and_release_schedule,0,8,False,False,6,24.0,1,0.28,0.35,0.08,0.12,44.0,inf,1.0,0.0,29.08,32.28,120.32213868730551,20.053689781217585,0.9917605850269189,842.0423360352133,0,0.0,0,1.6461979946357856,1.6419664902542104,7.855126611346833,0.45411435192974614,0.7489985553549426,0.0,1.6021681740482088,11010,80.91460005380213,38.58070612844067,38.58070612844067,0.0,0.0,0.0,6,0,True
SP4_DIAG_wrench_market_motion_safety,long_distance_energy,long_distance_energy_v00,5413,direct_to_target,Direct to target,classic,decentralized,baseline,direct_single_integrator,sp4_motion_baseline,none,local_target_feedback,none,0,0,False,False,6,24.0,1,0.28,0.35,0.08,0.12,44.0,inf,1.0,0.0,27.76,29.88,117.39286738110786,19.56547789685131,1.0162085124557039,866.8438148210105,0,0.0,0,0.37004743483513547,0.2912807882767703,7.754353814504586,0.4430588291859448,0.7556330386820558,2.220446049250313e-16,0.0,11010,16.043300041928887,41.089131027946166,36.91123547320679,4.177895554739379,0.0,0.0,6,0,True
SP4_DIAG_wrench_market_motion_safety,long_distance_energy,long_distance_energy_v00,5413,priority_yield,Priority yield,classic,centralized,baseline,priority_release_yield,sp4_motion_baseline,none,centralized_priority_schedule,global_priority_order,0,2,False,False,6,24.0,1,0.28,0.35,0.08,0.12,44.0,inf,1.0,0.0,30.74,32.879999999999995,117.30502695320641,19.5508378255344,1.0169694703864056,865.9223107830858,0,0.0,0,0.504582067633343,0.29162328973932783,7.455529967031527,0.44272730583184805,0.6951823955874914,0.0,2.582908969637122,11010,28.302700025960803,36.34967096246373,36.91123547320679,-0.5615645107430538,0.000935940851238423,0.000935940851238423,6,0,True
SP4_DIAG_wrench_market_motion_safety,long_distance_energy,long_distance_energy_v00,5413,apf_obstacle_avoidance,APF obstacle avoidance,classic,decentralized,baseline,artificial_potential_field,sp4_motion_baseline,none,local_apf_feedback,local_obstacle_robot_neighbors,0,4,False,False,6,24.0,1,0.28,0.35,0.08,0.12,44.0,inf,1.0,0.0,30.159999999999997,32.4,117.36975753579013,19.56162625596502,1.01640860166119,866.3901598390652,0,0.0,0,0.46763772159197003,0.39812890346011987,7.4744203471681905,0.4429716090571789,0.6951823955874914,0.0,2.002908969637121,11010,46.61149997264147,37.258751743735516,36.91123547320679,0.3475162705287289,0.0,0.0,6,0,True
SP4_DIAG_wrench_market_motion_safety,long_distance_energy,long_distance_energy_v00,5413,velocity_obstacle_proxy,Velocity obstacle proxy,sota,decentralized,baseline,velocity_obstacle_proxy,sp4_motion_sota_proxy,none,local_velocity_obstacle_proxy,local_relative_state_neighbors,0,5,False,False,6,24.0,1,0.28,0.35,0.08,0.12,44.0,inf,1.0,0.0,30.84,33.12,117.38884729244688,19.56480788207448,1.0162433134475557,866.4867141857825,0,0.0,0,0.4543618221658776,0.38374734850500003,7.390601776331299,0.4430436567498751,0.6800697348138501,0.0,2.6829089696371216,11010,63.791300053708255,36.16558645380387,36.91123547320679,-0.7456490194029186,0.001242748365671531,0.001242748365671531,6,0,True
SP4_DIAG_wrench_market_motion_safety,long_distance_energy,long_distance_energy_v00,5413,cbf_safety_filter,CBF safety filter,sota,centralized,baseline,cbf_velocity_projection_proxy,sp4_motion_sota_proxy,none,centralized_cbf_velocity_projection_proxy,global_relative_state,0,6,False,False,6,24.0,1,0.28,0.35,0.08,0.12,44.0,inf,1.0,0.0,30.26,32.519999999999996,120.3576185930653,20.059603098844217,0.991176400204539,888.5086070610056,0,0.0,0,1.6154288758088722,1.6728010336278507,7.692420270999356,0.45424825857889967,0.7102950563611323,0.0,2.1029089696371215,11010,70.32650010660291,36.22023783891558,36.91123547320679,-0.6909976342912074,0.001151662723818679,0.001151662723818679,6,0,True
SP4_DIAG_wrench_market_motion_safety,long_distance_energy,long_distance_energy_v00,5413,smith_motion_field,Smith-QR motion field,model_based,decentralized,proposed,smith_qr_congestion_field,sp4_motion_proposed,none,distributed_smith_qr_motion_field,local_congestion_price_neighbors,0,6,False,False,6,24.0,1,0.28,0.35,0.08,0.12,44.0,inf,1.0,0.0,30.419999999999998,32.76,120.972396356306,20.162066059384333,0.9861392741439791,893.1587927255878,0,0.0,0,1.7453525562632897,1.8216517748481176,7.706104376695697,0.45656852489547783,0.7102950563611323,0.0,2.2629089696371216,11010,86.25250007025898,35.782484874356804,36.91123547320679,-1.128750598849983,0.0018812509980833051,0.0018812509980833051,6,0,True
SP4_DIAG_wrench_market_motion_safety,long_distance_energy,long_distance_energy_v00,5413,replicator_motion_field,Replicator motion field,model_based,decentralized,baseline,replicator_target_congestion_field,sp4_population_motion_family,none,distributed_replicator_motion_field,local_target_obstacle_neighbor_scores,0,5,False,False,6,24.0,1,0.28,0.35,0.08,0.12,44.0,inf,1.0,0.0,30.159999999999997,32.4,117.34205535481813,19.55700922580302,1.016648555997592,866.18553670534,0,0.0,0,0.4361895489135461,0.36422892257352046,7.466232308718343,0.442867056743728,0.6951823955874914,0.0,2.002908969637121,11010,61.76640000194311,37.26689245488661,36.91123547320679,0.3556569816798216,0.0,0.0,6,0,True
SP4_DIAG_wrench_market_motion_safety,long_distance_energy,long_distance_energy_v00,5413,logit_motion_field,Logit motion field,model_based,decentralized,baseline,logit_softmax_motion_field,sp4_population_motion_family,none,distributed_logit_smoothed_motion_field,local_softmax_flow_scores,0,6,False,False,6,24.0,1,0.28,0.35,0.08,0.12,44.0,inf,1.0,0.0,31.540000000000003,33.96,117.3584693361929,19.559744889365483,1.0165063655740356,866.1514201979784,0,0.0,0,0.44821601546324685,0.37715832657803716,7.3001789126488745,0.4429290056468631,0.664957074040209,0.0,3.3829089696371217,11010,62.20509996637702,35.05562254405778,36.91123547320679,-1.8556129291490038,0.0030926882152483397,0.0030926882152483397,6,0,True
SP4_DIAG_wrench_market_motion_safety,long_distance_energy,long_distance_energy_v00,5413,bnn_motion_field,BNN/Brown motion field,model_based,decentralized,baseline,brown_bnn_positive_excess_field,sp4_population_motion_family,none,distributed_bnn_positive_excess_motion_field,local_positive_excess_neighbor_scores,0,6,False,False,6,24.0,1,0.28,0.35,0.08,0.12,44.0,inf,1.0,0.0,32.28,34.68,117.42454313599475,19.570757189332458,1.0159343860176113,866.5780385546298,0,0.0,0,0.45809595395115976,0.3872821318609514,7.215423581875895,0.44317837838162205,0.6498444132665678,0.0,4.1229089696371215,11010,65.58240007143468,33.85282012453486,36.91123547320679,-3.0584153486719288,0.005097358914453214,0.005097358914453214,6,0,True
SP4_DIAG_wrench_market_motion_safety,long_distance_energy,long_distance_energy_v00,5413,primal_dual_motion_field,Primal-dual motion field,model_based,decentralized,proposed,primal_dual_barrier_motion_field,sp4_motion_proposed,none,distributed_primal_dual_barrier_motion_field,local_barrier_dual_prices,0,7,False,False,6,24.0,1,0.28,0.35,0.08,0.12,44.0,inf,1.0,0.0,31.700000000000003,34.08,120.67482388569606,20.11247064761601,0.9885709984318097,890.7705834465401,0,0.0,0,1.6651950623000413,1.7410144339013442,7.544703373038702,0.4554454403898553,0.6800697348138501,0.0,3.542908969637122,11010,98.2178000267595,33.82383291068146,36.91123547320679,-3.0874025625253267,0.005145670937542211,0.005145670937542211,6,0,True
SP4_DIAG_wrench_market_motion_safety,long_distance_energy,long_distance_energy_v00,5413,pid_safety_motion,PID safety motion,model_based,decentralized,proposed,pid_damped_safety_motion,sp4_motion_proposed,none,distributed_pid_damped_safety_feedback,local_target_error_and_clearance,0,5,False,False,6,24.0,1,0.28,0.35,0.08,0.12,44.0,inf,1.0,0.0,34.9,37.559999999999995,120.91902069001026,20.15317011500171,0.9865745724164716,892.3934780739569,0,0.0,0,1.729811007590519,1.7980893456546443,7.192404353031792,0.45636707687956757,0.6196190917192856,0.0,6.742908969637121,11010,94.24040000885725,28.633880667458172,36.91123547320679,-8.277354805748615,0.01379559134291436,0.01379559134291436,6,0,True
SP4_DIAG_wrench_market_motion_safety,long_distance_energy,long_distance_energy_v00,5413,tensor_flow_motion_field,Smooth tensor-flow motion,model_based,decentralized,proposed,smooth_tensor_flow_barrier_motion,sp4_motion_proposed,none,distributed_smooth_tensor_flow_motion_field,local_anisotropic_clearance_tensor,0,8,False,False,6,24.0,1,0.28,0.35,0.08,0.12,44.0,inf,1.0,0.0,32.38,34.92,120.60705165887777,20.101175276479626,0.9891265020861167,890.332934704124,0,0.0,0,1.666052600048963,1.7471982918015183,7.457054887424646,0.4551896575289772,0.664957074040209,0.0,4.222908969637122,11010,111.17719998583198,32.755119288005645,36.91123547320679,-4.156116185201142,0.006926860308668571,0.006926860308668571,6,0,True
SP4_DIAG_wrench_market_motion_safety,long_distance_energy,long_distance_energy_v00,5413,reference_time_expanded_cbf,Reference time-expanded CBF,model_based_reference,centralized,reference,time_expanded_safe_cbf_reference,sp4_motion_reference,none,centralized_time_expanded_cbf_reference,global_state_and_release_schedule,0,8,False,False,6,24.0,1,0.28,0.35,0.08,0.12,44.0,inf,1.0,0.0,29.819999999999997,32.04,120.39975604758627,20.066626007931045,0.990829508716907,888.8818196324248,0,0.0,0,1.6830668686633006,1.665644485662576,7.7726278439628,0.4544072918462639,0.7254077171347734,0.0,1.6629089696371213,11010,79.26529995165765,36.91123547320679,36.91123547320679,0.0,0.0,0.0,6,0,True
SP4_DIAG_wrench_market_motion_safety,long_distance_energy,long_distance_energy_v00,5414,direct_to_target,Direct to target,classic,decentralized,baseline,direct_single_integrator,sp4_motion_baseline,none,local_target_feedback,none,0,0,False,False,6,24.0,1,0.28,0.35,0.08,0.12,44.0,inf,1.0,0.0,27.2,28.439999999999998,117.43602175962606,19.57267029327101,1.0164423159658729,954.6294313950913,0,0.0,0,0.7802410104434925,0.3451095249366676,7.817452468520852,0.44322170048168047,0.7812498824190676,1.1102230246251565e-16,0.0,11010,19.567899988032877,41.09778089893135,36.913504299682785,4.184276599248562,0.0,0.0,6,0,True
SP4_DIAG_wrench_market_motion_safety,long_distance_energy,long_distance_energy_v00,5414,priority_yield,Priority yield,classic,centralized,baseline,priority_release_yield,sp4_motion_baseline,none,centralized_priority_schedule,global_priority_order,0,2,False,False,6,24.0,1,0.28,0.35,0.08,0.12,44.0,inf,1.0,0.0,30.159999999999997,31.32,117.42272739333539,19.5704545655559,1.0165573955314882,954.4435271276171,0,0.0,0,0.9248318301092877,0.34510263623093707,7.530599149865077,0.44317152548813193,0.7187498918255422,0.0,2.566299568783508,11010,24.644499993883073,36.36656470219005,36.913504299682785,-0.546939597492738,0.00091156599582123,0.00091156599582123,6,0,True
SP4_DIAG_wrench_market_motion_safety,long_distance_energy,long_distance_energy_v00,5414,apf_obstacle_avoidance,APF obstacle avoidance,classic,decentralized,baseline,artificial_potential_field,sp4_motion_baseline,none,local_apf_feedback,local_obstacle_robot_neighbors,0,4,False,False,6,24.0,1,0.28,0.35,0.08,0.12,44.0,inf,1.0,0.0,29.560000000000002,30.84,117.43593094554475,19.57265515759079,1.0164431019882971,954.5502974526675,0,0.0,0,0.881483632530075,0.4359848810217586,7.545143554119699,0.44322135773529864,0.7187498918255422,0.0,1.9662995687835085,11010,47.86439996678382,37.32259221745347,36.913504299682785,0.4090879177706839,0.0,0.0,6,0,True
SP4_DIAG_wrench_market_motion_safety,long_distance_energy,long_distance_energy_v00,5414,velocity_obstacle_proxy,Velocity obstacle proxy,sota,decentralized,baseline,velocity_obstacle_proxy,sp4_motion_sota_proxy,none,local_velocity_obstacle_proxy,local_relative_state_neighbors,0,5,False,False,6,24.0,1,0.28,0.35,0.08,0.12,44.0,inf,1.0,0.0,30.2,31.56,117.38315307585619,19.563858845976032,1.016900115624214,953.9783098919402,0,0.0,0,0.8657098279562434,0.42049350491063997,7.4580446167230665,0.44302216589619664,0.7031248941771608,0.0,2.6062995687835073,11010,68.08080000337213,36.31592322439225,36.913504299682785,-0.5975810752905346,0.0009959684588175576,0.0009959684588175576,6,0,True
SP4_DIAG_wrench_market_motion_safety,long_distance_energy,long_distance_energy_v00,5414,cbf_safety_filter,CBF safety filter,sota,centralized,baseline,cbf_velocity_projection_proxy,sp4_motion_sota_proxy,none,centralized_cbf_velocity_projection_proxy,global_relative_state,0,6,False,False,6,24.0,1,0.28,0.35,0.08,0.12,44.0,inf,1.0,0.0,29.659999999999997,30.959999999999997,120.42803478753146,20.071339131255243,0.9911889880605412,978.8282908394659,0,0.0,0,2.0732635266541832,1.6725977878512428,7.761312514089609,0.45451402018241005,0.7343748894739236,0.0,2.066299568783508,11010,74.08970000687987,36.261549438348425,36.913504299682785,-0.6519548613343602,0.001086591435557267,0.001086591435557267,6,0,True
SP4_DIAG_wrench_market_motion_safety,long_distance_energy,long_distance_energy_v00,5414,smith_motion_field,Smith-QR motion field,model_based,decentralized,proposed,smith_qr_congestion_field,sp4_motion_proposed,none,distributed_smith_qr_motion_field,local_congestion_price_neighbors,0,6,False,False,6,24.0,1,0.28,0.35,0.08,0.12,44.0,inf,1.0,0.0,29.779999999999998,31.08,120.93866163588379,20.15644360598063,0.9870039929378176,982.9689091374594,0,0.0,0,2.2097446972010726,1.8158080897180457,7.768979714507847,0.45644120484557577,0.7343748894739236,0.0,2.1862995687835074,11010,95.81999992951751,35.915805348730984,36.913504299682785,-0.9976989509518006,0.0016628315849196676,0.0016628315849196676,6,0,True
SP4_DIAG_wrench_market_motion_safety,long_distance_energy,long_distance_energy_v00,5414,replicator_motion_field,Replicator motion field,model_based,decentralized,baseline,replicator_target_congestion_field,sp4_population_motion_family,none,distributed_replicator_motion_field,local_target_obstacle_neighbor_scores,0,5,False,False,6,24.0,1,0.28,0.35,0.08,0.12,44.0,inf,1.0,0.0,29.560000000000002,30.84,117.40663925378672,19.567773208964454,1.0166966935928456,954.3114419019114,0,0.0,0,0.8476521281046541,0.40431303538906094,7.536955854769149,0.4431108063624196,0.7187498918255422,0.0,1.9662995687835085,11010,67.44980008807033,37.3314249451478,36.913504299682785,0.41792064546501706,0.0,0.0,6,0,True
SP4_DIAG_wrench_market_motion_safety,long_distance_energy,long_distance_energy_v00,5414,logit_motion_field,Logit motion field,model_based,decentralized,baseline,logit_softmax_motion_field,sp4_population_motion_family,none,distributed_logit_smoothed_motion_field,local_softmax_flow_scores,0,6,False,False,6,24.0,1,0.28,0.35,0.08,0.12,44.0,inf,1.0,0.0,30.92,32.28,117.43977042614668,19.573295071024447,1.0164098712219316,954.3548366161339,0,0.0,0,0.8596036639814297,0.41501805085441035,7.376275094493861,0.44323584852863324,0.6874998965287795,0.0,3.326299568783508,11010,64.36109996866435,35.14770214008639,36.913504299682785,-1.7658021595963973,0.0029430035993273287,0.0029430035993273287,6,0,True
SP4_DIAG_wrench_market_motion_safety,long_distance_energy,long_distance_energy_v00,5414,bnn_motion_field,BNN/Brown motion field,model_based,decentralized,baseline,brown_bnn_positive_excess_field,sp4_population_motion_family,none,distributed_bnn_positive_excess_motion_field,local_positive_excess_neighbor_scores,0,6,False,False,6,24.0,1,0.28,0.35,0.08,0.12,44.0,inf,1.0,0.0,31.64,33.0,117.49317618855466,19.582196031425777,1.0159478686967425,954.8442247508384,0,0.0,0,0.8691789246688133,0.4233224309526977,7.292337562362485,0.44343741013192456,0.6718748988803981,0.0,4.046299568783508,11010,67.66150007024407,33.9790589910096,36.913504299682785,-2.934445308673183,0.004890742181121972,0.004890742181121972,6,0,True
SP4_DIAG_wrench_market_motion_safety,long_distance_energy,long_distance_energy_v00,5414,primal_dual_motion_field,Primal-dual motion field,model_based,decentralized,proposed,primal_dual_barrier_motion_field,sp4_motion_proposed,none,distributed_primal_dual_barrier_motion_field,local_barrier_dual_prices,0,7,False,False,6,24.0,1,0.28,0.35,0.08,0.12,44.0,inf,1.0,0.0,31.040000000000003,32.4,120.66592295567688,20.110987159279478,0.9892348975693738,980.5852446219503,0,0.0,0,2.1449777647219097,1.7451215364439718,7.612799242705433,0.4554118469039735,0.7031248941771608,0.0,3.4462995687835076,11010,98.69339992292225,33.983644503531565,36.913504299682785,-2.92985979615122,0.004883099660252034,0.004883099660252034,6,0,True
SP4_DIAG_wrench_market_motion_safety,long_distance_energy,long_distance_energy_v00,5414,pid_safety_motion,PID safety motion,model_based,decentralized,proposed,pid_damped_safety_motion,sp4_motion_proposed,none,distributed_pid_damped_safety_feedback,local_target_error_and_clearance,0,5,False,False,6,24.0,1,0.28,0.35,0.08,0.12,44.0,inf,1.0,0.0,34.14,35.64,120.81990476917902,20.13665079486317,0.9879741435255898,981.6600125351217,0,0.0,0,2.2054515587436754,1.7957121766253217,7.2657585298815,0.4559929980720825,0.6406249035836353,0.0,6.546299568783508,11010,87.38130005076528,28.9790208254294,36.913504299682785,-7.934483474253383,0.013224139123755639,0.013224139123755639,6,0,True
SP4_DIAG_wrench_market_motion_safety,long_distance_energy,long_distance_energy_v00,5414,tensor_flow_motion_field,Smooth tensor-flow motion,model_based,decentralized,proposed,smooth_tensor_flow_barrier_motion,sp4_motion_proposed,none,distributed_smooth_tensor_flow_motion_field,local_anisotropic_clearance_tensor,0,8,False,False,6,24.0,1,0.28,0.35,0.08,0.12,44.0,inf,1.0,0.0,31.74,33.12,120.6925531011947,20.115425516865784,0.98901662835063,980.7977791830517,0,0.0,0,2.1437289222631404,1.7498856837802415,7.532931174366323,0.4555123531898952,0.6874998965287795,0.0,4.146299568783508,11010,100.52430001087487,32.85566052590666,36.913504299682785,-4.057843773776128,0.006763072956293546,0.006763072956293546,6,0,True
SP4_DIAG_wrench_market_motion_safety,long_distance_energy,long_distance_energy_v00,5414,reference_time_expanded_cbf,Reference time-expanded CBF,model_based_reference,centralized,reference,time_expanded_safe_cbf_reference,sp4_motion_reference,none,centralized_time_expanded_cbf_reference,global_state_and_release_schedule,0,8,False,False,6,24.0,1,0.28,0.35,0.08,0.12,44.0,inf,1.0,0.0,29.24,30.48,120.49162398715572,20.08193733119262,0.9906658901692399,979.433842314296,0,0.0,0,2.09460127079007,1.6756095813466614,7.841476958899538,0.4547540156520068,0.7499998871223049,0.0,1.6462995687835082,11010,82.1350000333041,36.913504299682785,36.913504299682785,0.0,0.0,0.0,6,0,True
