experiment_id,world_hash,seed,replicate,n_robots,n_loads,heterogeneity,demand_ratio,geometry,graph,lambda2,method,protocol,fitness_mode,raw_served_rate,raw_coverage_ratio,final_integer_valid,final_served_rate,final_coverage_ratio,under_capacity,over_capacity_ratio,distance_cost,objective_value,optimal_objective,normalized_regret,continuous_converged,iterations,equilibrium_residual,simplex_error,potential_initial,potential_final,potential_gain,potential_violations,messages,runtime_s
SP2_HETEROGENEOUS_GAME_PILOT,502d15cca9d4c43ed115,339900,0,8,3,low,0.7,uniform,complete,7.999999999999991,smith__plain_deficit,smith,plain_deficit,0.3333333333333333,0.7731971318481022,True,1.0,1.0,0.0,0.38770918284565903,2.7275288123814896,5.046797695009481,5.094815000959838,0.009424739846552038,False,220,0.05682273746394345,2.220446049250313e-16,,,,0,36960,0.03360819979570806
SP2_HETEROGENEOUS_GAME_PILOT,502d15cca9d4c43ed115,339900,0,8,3,low,0.7,uniform,complete,7.999999999999991,smith__marginal_deficit,smith,marginal_deficit,0.3333333333333333,0.49267562574398394,True,1.0,1.0,0.0,0.22301091588280617,2.1273124880020178,5.094815000959838,5.094815000959838,0.0,False,220,0.06575270407213649,0.0,6.892163676936399,7.244994146572859,0.3528304696364595,0,36960,0.03821030003018677
SP2_HETEROGENEOUS_GAME_PILOT,502d15cca9d4c43ed115,339900,0,8,3,low,0.7,uniform,complete,7.999999999999991,smith__marginal_log,smith,marginal_log,1.0,1.0,True,1.0,1.0,0.0,0.22301091588280617,2.1273124880020178,5.094815000959838,5.094815000959838,0.0,False,220,0.10448864859647733,2.220446049250313e-16,2.2869687808008794,6.66839960189659,4.3814308210957105,0,36960,0.040592100005596876
SP2_HETEROGENEOUS_GAME_PILOT,502d15cca9d4c43ed115,339900,0,8,3,low,0.7,uniform,complete,7.999999999999991,replicator__plain_deficit,replicator,plain_deficit,0.3333333333333333,0.3333333333333333,True,1.0,1.0,0.0,0.23055801303915993,2.130605169341913,5.0945515864526465,5.094815000959838,5.1702467536496986e-05,False,220,0.036031015614803825,0.0,,,,0,36960,0.04333280003629625
SP2_HETEROGENEOUS_GAME_PILOT,502d15cca9d4c43ed115,339900,0,8,3,low,0.7,uniform,complete,7.999999999999991,replicator__marginal_deficit,replicator,marginal_deficit,0.3333333333333333,0.5343650173846689,True,1.0,1.0,0.0,0.23055801303915993,2.130605169341913,5.0945515864526465,5.094815000959838,5.1702467536496986e-05,False,220,0.034720024091118185,0.0,6.91392753110468,7.113933545446834,0.20000601434215337,0,36960,0.03913069982081652
SP2_HETEROGENEOUS_GAME_PILOT,502d15cca9d4c43ed115,339900,0,8,3,low,0.7,uniform,complete,7.999999999999991,replicator__marginal_log,replicator,marginal_log,1.0,1.0,True,1.0,1.0,0.0,0.22301091588280617,2.1273124880020178,5.094815000959838,5.094815000959838,0.0,False,220,0.09621111931948485,1.1102230246251565e-16,2.308102414889035,6.237593708851541,3.9294912939625064,0,36960,0.03825460001826286
SP2_HETEROGENEOUS_GAME_PILOT,502d15cca9d4c43ed115,339900,0,8,3,low,0.7,uniform,complete,7.999999999999991,erv_bnn__plain_deficit,erv_bnn,plain_deficit,0.3333333333333333,0.49267562574398394,True,1.0,1.0,0.0,0.23055801303915993,2.130605169341913,5.0945515864526465,5.094815000959838,5.1702467536496986e-05,False,220,0.047839197682626795,2.220446049250313e-16,,,,0,36960,0.043269700137898326
SP2_HETEROGENEOUS_GAME_PILOT,502d15cca9d4c43ed115,339900,0,8,3,low,0.7,uniform,complete,7.999999999999991,erv_bnn__marginal_deficit,erv_bnn,marginal_deficit,0.3333333333333333,0.49267562574398394,True,1.0,1.0,0.0,0.23055801303915993,2.130605169341913,5.0945515864526465,5.094815000959838,5.1702467536496986e-05,False,220,0.04653968112297581,0.0,6.870440880708583,7.122229842910687,0.2517889622021041,0,36960,0.06480429996736348
SP2_HETEROGENEOUS_GAME_PILOT,502d15cca9d4c43ed115,339900,0,8,3,low,0.7,uniform,complete,7.999999999999991,erv_bnn__marginal_log,erv_bnn,marginal_log,1.0,1.0,True,1.0,1.0,0.0,0.22301091588280617,2.1273124880020178,5.094815000959838,5.094815000959838,0.0,False,220,0.09629500744839709,1.1102230246251565e-16,2.3611558217278135,5.654865168735371,3.293709347007557,0,36960,0.04505659989081323
SP2_HETEROGENEOUS_GAME_PILOT,502d15cca9d4c43ed115,339900,0,8,3,low,0.7,uniform,complete,7.999999999999991,uniform_closure,none,none,0.0,0.0,True,1.0,1.0,0.0,0.23055801303915993,2.130605169341913,5.0945515864526465,5.094815000959838,5.1702467536496986e-05,True,0,0.0,0.0,,,,0,24,0.00039139995351433754
SP2_HETEROGENEOUS_GAME_PILOT,502d15cca9d4c43ed115,339900,0,8,3,low,0.7,uniform,complete,7.999999999999991,random_closure,none,none,0.3333333333333333,0.570196916841517,True,1.0,1.0,0.0,0.3099279022053145,4.570389603614413,4.899368831710847,5.094815000959838,0.03836177941930574,True,0,0.0,0.0,,,,0,24,0.0004948999267071486
SP2_HETEROGENEOUS_GAME_PILOT,502d15cca9d4c43ed115,339900,0,8,3,low,0.7,uniform,complete,7.999999999999991,greedy_capacity,none,none,1.0,1.0,True,1.0,1.0,0.0,0.41878792843076124,2.5077519306618434,5.064379845547053,5.094815000959838,0.00597375084415267,True,0,0.0,0.0,,,,0,24,0.000568700022995472
SP2_HETEROGENEOUS_GAME_PILOT,502d15cca9d4c43ed115,339900,0,8,3,low,0.7,uniform,complete,7.999999999999991,auction_capacity,none,none,1.0,1.0,True,1.0,1.0,0.0,0.23055801303915993,2.130605169341913,5.0945515864526465,5.094815000959838,5.1702467536496986e-05,True,0,0.0,0.0,,,,0,24,0.0002942001447081566
SP2_HETEROGENEOUS_GAME_PILOT,502d15cca9d4c43ed115,339900,0,8,3,low,0.7,uniform,complete,7.999999999999991,milp_exact,none,none,1.0,1.0,True,1.0,1.0,0.0,0.22301091588280617,2.1273124880020178,5.094815000959838,5.094815000959838,0.0,True,0,0.0,0.0,,,,0,24,8.430005982518196e-05
SP2_HETEROGENEOUS_GAME_PILOT,57b0f56e4a6e23fd29ef,339901,1,8,3,low,0.7,uniform,complete,7.999999999999991,smith__plain_deficit,smith,plain_deficit,0.6666666666666666,0.6666666666666666,True,1.0,1.0,0.0,0.39614090610755354,2.1863723581764476,5.090090211345884,5.12743177036795,0.007282702275604696,False,220,0.07751291072072207,2.220446049250313e-16,,,,0,36960,0.04314510012045503
SP2_HETEROGENEOUS_GAME_PILOT,57b0f56e4a6e23fd29ef,339901,1,8,3,low,0.7,uniform,complete,7.999999999999991,smith__marginal_deficit,smith,marginal_deficit,0.6666666666666666,0.6666666666666666,True,1.0,1.0,0.0,0.41658363815607435,2.00496640379052,5.104602687696758,5.12743177036795,0.004452342555414264,False,220,0.06966268063148207,0.0,6.910590606257224,7.344367852446411,0.43377724618918734,0,36960,0.042153500020504
SP2_HETEROGENEOUS_GAME_PILOT,57b0f56e4a6e23fd29ef,339901,1,8,3,low,0.7,uniform,complete,7.999999999999991,smith__marginal_log,smith,marginal_log,1.0,1.0,True,1.0,1.0,0.0,0.27068836851622163,1.719602870400614,5.12743177036795,5.12743177036795,0.0,False,220,0.10603920334341921,2.220446049250313e-16,2.208006349413056,6.970231788549624,4.762225439136568,0,36960,0.03715099999681115
SP2_HETEROGENEOUS_GAME_PILOT,57b0f56e4a6e23fd29ef,339901,1,8,3,low,0.7,uniform,complete,7.999999999999991,replicator__plain_deficit,replicator,plain_deficit,0.6666666666666666,0.6666666666666666,True,1.0,1.0,0.0,0.26320944303822813,1.9311516026858064,5.110507871785135,5.12743177036795,0.003300657978643572,False,220,0.044349283024239794,2.220446049250313e-16,,,,0,36960,0.037086599972099066
SP2_HETEROGENEOUS_GAME_PILOT,57b0f56e4a6e23fd29ef,339901,1,8,3,low,0.7,uniform,complete,7.999999999999991,replicator__marginal_deficit,replicator,marginal_deficit,0.6666666666666666,0.6666666666666666,True,1.0,1.0,0.0,0.26320944303822813,1.9311516026858064,5.110507871785135,5.12743177036795,0.003300657978643572,False,220,0.04784404769668616,2.220446049250313e-16,6.899128076475834,7.1401655851211885,0.24103750864535467,0,36960,0.03737920010462403
SP2_HETEROGENEOUS_GAME_PILOT,57b0f56e4a6e23fd29ef,339901,1,8,3,low,0.7,uniform,complete,7.999999999999991,replicator__marginal_log,replicator,marginal_log,1.0,1.0,True,1.0,1.0,0.0,0.40410353504433405,2.0830882298004125,5.098352941615967,5.12743177036795,0.0056712268547450435,False,220,0.12800490933919975,2.220446049250313e-16,2.2984325270557537,6.430145518018602,4.131712990962848,0,36960,0.042980700032785535
SP2_HETEROGENEOUS_GAME_PILOT,57b0f56e4a6e23fd29ef,339901,1,8,3,low,0.7,uniform,complete,7.999999999999991,erv_bnn__plain_deficit,erv_bnn,plain_deficit,0.6666666666666666,0.6666666666666666,True,1.0,1.0,0.0,0.26320944303822813,1.9311516026858064,5.110507871785135,5.12743177036795,0.003300657978643572,False,220,0.044028280296888156,2.220446049250313e-16,,,,0,36960,0.03170579997822642
SP2_HETEROGENEOUS_GAME_PILOT,57b0f56e4a6e23fd29ef,339901,1,8,3,low,0.7,uniform,complete,7.999999999999991,erv_bnn__marginal_deficit,erv_bnn,marginal_deficit,0.6666666666666666,0.6666666666666666,True,0.6666666666666666,0.9925797027770925,0.018084515982103033,0.367647814576596,2.5891394673707837,3.8368177266226553,5.12743177036795,0.25170769725380066,False,220,0.04047108896930403,1.1102230246251565e-16,6.881501194921978,7.191844328883408,0.31034313396143,0,36960,0.03399049979634583
SP2_HETEROGENEOUS_GAME_PILOT,57b0f56e4a6e23fd29ef,339901,1,8,3,low,0.7,uniform,complete,7.999999999999991,erv_bnn__marginal_log,erv_bnn,marginal_log,1.0,1.0,True,1.0,1.0,0.0,0.27068836851622163,1.719602870400614,5.12743177036795,5.12743177036795,0.0,False,220,0.09542484425570272,0.0,2.2546927900408207,5.900010738193123,3.645317948152302,0,36960,0.036705799866467714
SP2_HETEROGENEOUS_GAME_PILOT,57b0f56e4a6e23fd29ef,339901,1,8,3,low,0.7,uniform,complete,7.999999999999991,uniform_closure,none,none,0.0,0.0,True,1.0,1.0,0.0,0.26320944303822813,1.9311516026858064,5.110507871785135,5.12743177036795,0.003300657978643572,True,0,0.0,0.0,,,,0,24,0.00030729989521205425
SP2_HETEROGENEOUS_GAME_PILOT,57b0f56e4a6e23fd29ef,339901,1,8,3,low,0.7,uniform,complete,7.999999999999991,random_closure,none,none,0.6666666666666666,0.7561140316997053,True,1.0,1.0,0.0,0.2527796976256567,5.333922814210473,4.838286174863162,5.12743177036795,0.05639189529069808,True,0,0.0,0.0,,,,0,24,0.0003885999321937561
SP2_HETEROGENEOUS_GAME_PILOT,57b0f56e4a6e23fd29ef,339901,1,8,3,low,0.7,uniform,complete,7.999999999999991,greedy_capacity,none,none,0.3333333333333333,0.7481232397618433,True,0.3333333333333333,0.7481232397618433,1.2014865483344277,0.7260407088404299,1.9339263943388953,1.9520642400175123,5.12743177036795,0.6192900603185539,True,0,0.0,0.0,,,,0,24,0.00044730002991855145
SP2_HETEROGENEOUS_GAME_PILOT,57b0f56e4a6e23fd29ef,339901,1,8,3,low,0.7,uniform,complete,7.999999999999991,auction_capacity,none,none,1.0,1.0,True,1.0,1.0,0.0,0.26320944303822813,1.9311516026858064,5.110507871785135,5.12743177036795,0.003300657978643572,True,0,0.0,0.0,,,,0,24,0.00022529996931552887
SP2_HETEROGENEOUS_GAME_PILOT,57b0f56e4a6e23fd29ef,339901,1,8,3,low,0.7,uniform,complete,7.999999999999991,milp_exact,none,none,1.0,1.0,True,1.0,1.0,0.0,0.27068836851622163,1.719602870400614,5.12743177036795,5.12743177036795,0.0,True,0,0.0,0.0,,,,0,24,6.54000323265791e-05
SP2_HETEROGENEOUS_GAME_PILOT,0a624b1b56692b1b5025,339902,0,8,3,low,0.7,uniform,ring,0.5857864376269047,smith__plain_deficit,smith,plain_deficit,0.3333333333333333,0.6289770603534088,True,1.0,1.0,0.0,0.07903159652198939,2.415876909213971,5.071729847262882,5.0938820477608235,0.004348785521580673,False,220,0.04571289458180626,2.220446049250313e-16,,,,0,42240,0.03639440005645156
SP2_HETEROGENEOUS_GAME_PILOT,0a624b1b56692b1b5025,339902,0,8,3,low,0.7,uniform,ring,0.5857864376269047,smith__marginal_deficit,smith,marginal_deficit,0.0,0.4958888203658751,True,1.0,1.0,0.0,0.07903159652198939,2.415876909213971,5.071729847262882,5.0938820477608235,0.004348785521580673,False,220,0.056457168053198656,2.220446049250313e-16,6.856122855320326,7.082164856234864,0.2260420009145383,0,42240,0.04010460013523698
SP2_HETEROGENEOUS_GAME_PILOT,0a624b1b56692b1b5025,339902,0,8,3,low,0.7,uniform,ring,0.5857864376269047,smith__marginal_log,smith,marginal_log,1.0,1.0,True,1.0,1.0,0.0,0.07903159652198939,2.415876909213971,5.071729847262882,5.0938820477608235,0.004348785521580673,False,220,0.09282832844979326,2.220446049250313e-16,1.7510396724897577,5.983273396551521,4.232233724061763,0,42240,0.04131180001422763
SP2_HETEROGENEOUS_GAME_PILOT,0a624b1b56692b1b5025,339902,0,8,3,low,0.7,uniform,ring,0.5857864376269047,replicator__plain_deficit,replicator,plain_deficit,0.0,0.6483528589650677,True,1.0,1.0,0.0,0.11453114987286264,2.147066344219676,5.093234692462426,5.0938820477608235,0.0001270848622578965,False,220,0.03376739781848885,2.220446049250313e-16,,,,0,42240,0.031881900038570166
SP2_HETEROGENEOUS_GAME_PILOT,0a624b1b56692b1b5025,339902,0,8,3,low,0.7,uniform,ring,0.5857864376269047,replicator__marginal_deficit,replicator,marginal_deficit,0.3333333333333333,0.47651302175421634,True,1.0,1.0,0.0,0.11453114987286264,2.147066344219676,5.093234692462426,5.0938820477608235,0.0001270848622578965,False,220,0.03080917506656916,0.0,6.843864236247188,6.98148760356257,0.13762336731538216,0,42240,0.038185999961569905
SP2_HETEROGENEOUS_GAME_PILOT,0a624b1b56692b1b5025,339902,0,8,3,low,0.7,uniform,ring,0.5857864376269047,replicator__marginal_log,replicator,marginal_log,1.0,1.0,True,1.0,1.0,0.0,0.11453114987286264,2.147066344219676,5.093234692462426,5.0938820477608235,0.0001270848622578965,False,220,0.06573572861274152,2.220446049250313e-16,1.8027193503979115,5.597902334423345,3.795182984025434,0,42240,0.037344499956816435
SP2_HETEROGENEOUS_GAME_PILOT,0a624b1b56692b1b5025,339902,0,8,3,low,0.7,uniform,ring,0.5857864376269047,erv_bnn__plain_deficit,erv_bnn,plain_deficit,0.3333333333333333,0.6289770603534088,True,1.0,1.0,0.0,0.07903159652198939,2.415876909213971,5.071729847262882,5.0938820477608235,0.004348785521580673,False,220,0.031495080403682145,0.0,,,,0,42240,0.033842199947685
SP2_HETEROGENEOUS_GAME_PILOT,0a624b1b56692b1b5025,339902,0,8,3,low,0.7,uniform,ring,0.5857864376269047,erv_bnn__marginal_deficit,erv_bnn,marginal_deficit,0.3333333333333333,0.47651302175421634,True,1.0,1.0,0.0,0.07903159652198939,2.415876909213971,5.071729847262882,5.0938820477608235,0.004348785521580673,False,220,0.02511971868032569,2.220446049250313e-16,6.848304764868349,7.003309422429873,0.15500465756152426,0,42240,0.039792600087821484
SP2_HETEROGENEOUS_GAME_PILOT,0a624b1b56692b1b5025,339902,0,8,3,low,0.7,uniform,ring,0.5857864376269047,erv_bnn__marginal_log,erv_bnn,marginal_log,0.6666666666666666,0.8412871399989578,True,1.0,1.0,0.0,0.07903159652198939,2.415876909213971,5.071729847262882,5.0938820477608235,0.004348785521580673,False,220,0.09962158752252885,0.0,1.8274856853163515,5.004823662265389,3.1773379769490377,0,42240,0.041506499983370304
SP2_HETEROGENEOUS_GAME_PILOT,0a624b1b56692b1b5025,339902,0,8,3,low,0.7,uniform,ring,0.5857864376269047,uniform_closure,none,none,0.0,0.0,True,1.0,1.0,0.0,0.1456064528431563,2.138974402989702,5.0938820477608235,5.0938820477608235,0.0,True,0,0.0,0.0,,,,0,24,0.0003572001587599516
SP2_HETEROGENEOUS_GAME_PILOT,0a624b1b56692b1b5025,339902,0,8,3,low,0.7,uniform,ring,0.5857864376269047,random_closure,none,none,0.6666666666666666,0.929882212444609,True,0.6666666666666666,0.9991936284062904,0.0032092233007217086,0.2887097131730309,5.155314966252798,3.4943434203404893,5.0938820477608235,0.3140117129574019,True,0,0.0,0.0,,,,0,24,0.00044109998270869255
SP2_HETEROGENEOUS_GAME_PILOT,0a624b1b56692b1b5025,339902,0,8,3,low,0.7,uniform,ring,0.5857864376269047,greedy_capacity,none,none,1.0,1.0,True,1.0,1.0,0.0,0.1456064528431563,2.138974402989702,5.0938820477608235,5.0938820477608235,0.0,True,0,0.0,0.0,,,,0,24,0.0004613997880369425
SP2_HETEROGENEOUS_GAME_PILOT,0a624b1b56692b1b5025,339902,0,8,3,low,0.7,uniform,ring,0.5857864376269047,auction_capacity,none,none,1.0,1.0,True,1.0,1.0,0.0,0.1456064528431563,2.138974402989702,5.0938820477608235,5.0938820477608235,0.0,True,0,0.0,0.0,,,,0,24,0.00024500000290572643
SP2_HETEROGENEOUS_GAME_PILOT,0a624b1b56692b1b5025,339902,0,8,3,low,0.7,uniform,ring,0.5857864376269047,milp_exact,none,none,1.0,1.0,True,1.0,1.0,0.0,0.1456064528431563,2.138974402989702,5.0938820477608235,5.0938820477608235,0.0,True,0,0.0,0.0,,,,0,24,7.069995626807213e-05
SP2_HETEROGENEOUS_GAME_PILOT,7fb1eb47be33a16f6ddb,339903,1,8,3,low,0.7,uniform,ring,0.5857864376269047,smith__plain_deficit,smith,plain_deficit,0.3333333333333333,0.5967769680979961,True,1.0,1.0,0.0,0.41327603570311455,3.4794644965508588,4.986642840275931,5.039969507357198,0.01058075192784841,False,220,0.04016495127077279,2.220446049250313e-16,,,,0,42240,0.03520960011519492
SP2_HETEROGENEOUS_GAME_PILOT,7fb1eb47be33a16f6ddb,339903,1,8,3,low,0.7,uniform,ring,0.5857864376269047,smith__marginal_deficit,smith,marginal_deficit,0.3333333333333333,0.4661733046343965,True,1.0,1.0,0.0,0.41327603570311455,3.4794644965508588,4.986642840275931,5.039969507357198,0.01058075192784841,False,220,0.05128549136520853,1.1102230246251565e-16,6.899424931640827,7.104477613556484,0.20505268191565662,0,42240,0.03733990015462041
SP2_HETEROGENEOUS_GAME_PILOT,7fb1eb47be33a16f6ddb,339903,1,8,3,low,0.7,uniform,ring,0.5857864376269047,smith__marginal_log,smith,marginal_log,1.0,1.0,True,1.0,1.0,0.0,0.23815822340115908,3.036165542641618,5.02210675658867,5.039969507357198,0.0035442180240282733,False,220,0.09998032538901563,0.0,1.9288565489479974,6.027029652467397,4.0981731035194,0,42240,0.04200819996185601
SP2_HETEROGENEOUS_GAME_PILOT,7fb1eb47be33a16f6ddb,339903,1,8,3,low,0.7,uniform,ring,0.5857864376269047,replicator__plain_deficit,replicator,plain_deficit,0.3333333333333333,0.4661733046343965,True,1.0,1.0,0.0,0.2803829135864715,3.174698220438142,5.011024142364948,5.039969507357198,0.005743162721519722,False,220,0.053570440154474507,0.0,,,,0,42240,0.032046200009062886
SP2_HETEROGENEOUS_GAME_PILOT,7fb1eb47be33a16f6ddb,339903,1,8,3,low,0.7,uniform,ring,0.5857864376269047,replicator__marginal_deficit,replicator,marginal_deficit,0.3333333333333333,0.4661733046343965,True,1.0,1.0,0.0,0.41327603570311455,3.4794644965508588,4.986642840275931,5.039969507357198,0.01058075192784841,False,220,0.05626553380486433,1.1102230246251565e-16,6.909212886953004,7.039196778085222,0.12998389113221798,0,42240,0.03449129988439381
SP2_HETEROGENEOUS_GAME_PILOT,7fb1eb47be33a16f6ddb,339903,1,8,3,low,0.7,uniform,ring,0.5857864376269047,replicator__marginal_log,replicator,marginal_log,1.0,1.0,True,1.0,1.0,0.0,0.23815822340115908,3.036165542641618,5.02210675658867,5.039969507357198,0.0035442180240282733,False,220,0.07895789752527979,2.220446049250313e-16,1.9383526446465975,5.713989957681585,3.775637313034988,0,42240,0.0345703000202775
SP2_HETEROGENEOUS_GAME_PILOT,7fb1eb47be33a16f6ddb,339903,1,8,3,low,0.7,uniform,ring,0.5857864376269047,erv_bnn__plain_deficit,erv_bnn,plain_deficit,0.3333333333333333,0.5967769680979961,True,1.0,1.0,0.0,0.3842871507483354,3.4292669214094436,4.990658646287244,5.039969507357198,0.00978396020015035,False,220,0.053248860475072865,2.220446049250313e-16,,,,0,42240,0.03509299992583692
SP2_HETEROGENEOUS_GAME_PILOT,7fb1eb47be33a16f6ddb,339903,1,8,3,low,0.7,uniform,ring,0.5857864376269047,erv_bnn__marginal_deficit,erv_bnn,marginal_deficit,0.3333333333333333,0.4661733046343965,True,1.0,1.0,0.0,0.41327603570311455,3.4794644965508588,4.986642840275931,5.039969507357198,0.01058075192784841,False,220,0.05268421453921258,1.1102230246251565e-16,6.895416389965106,7.06623893662925,0.17082254666414354,0,42240,0.035546099999919534
SP2_HETEROGENEOUS_GAME_PILOT,7fb1eb47be33a16f6ddb,339903,1,8,3,low,0.7,uniform,ring,0.5857864376269047,erv_bnn__marginal_log,erv_bnn,marginal_log,1.0,1.0,True,1.0,1.0,0.0,0.23815822340115908,3.036165542641618,5.02210675658867,5.039969507357198,0.0035442180240282733,False,220,0.09707039685202887,2.220446049250313e-16,1.9565023258822052,5.082594023115224,3.1260916972330186,0,42240,0.035731100011616945
SP2_HETEROGENEOUS_GAME_PILOT,7fb1eb47be33a16f6ddb,339903,1,8,3,low,0.7,uniform,ring,0.5857864376269047,uniform_closure,none,none,0.0,0.0,True,1.0,1.0,0.0,0.20004302506213853,2.8128811580350215,5.039969507357198,5.039969507357198,0.0,True,0,0.0,0.0,,,,0,24,0.00035550002939999104
SP2_HETEROGENEOUS_GAME_PILOT,7fb1eb47be33a16f6ddb,339903,1,8,3,low,0.7,uniform,ring,0.5857864376269047,random_closure,none,none,0.6666666666666666,0.8350553477630741,True,0.6666666666666666,0.9756180794830552,0.10846372863284026,0.40089587986108505,4.466195253733611,3.4657885089032736,5.039969507357198,0.31233938938638056,True,0,0.0,0.0,,,,0,24,0.0004374999552965164
SP2_HETEROGENEOUS_GAME_PILOT,7fb1eb47be33a16f6ddb,339903,1,8,3,low,0.7,uniform,ring,0.5857864376269047,greedy_capacity,none,none,1.0,1.0,True,1.0,1.0,0.0,0.41563578103229815,3.606926072350155,4.976445914211987,5.039969507357198,0.012603963784400145,True,0,0.0,0.0,,,,0,24,0.0004841000773012638
SP2_HETEROGENEOUS_GAME_PILOT,7fb1eb47be33a16f6ddb,339903,1,8,3,low,0.7,uniform,ring,0.5857864376269047,auction_capacity,none,none,1.0,1.0,True,1.0,1.0,0.0,0.20004302506213853,2.8128811580350215,5.039969507357198,5.039969507357198,0.0,True,0,0.0,0.0,,,,0,24,0.00022600009106099606
SP2_HETEROGENEOUS_GAME_PILOT,7fb1eb47be33a16f6ddb,339903,1,8,3,low,0.7,uniform,ring,0.5857864376269047,milp_exact,none,none,1.0,1.0,True,1.0,1.0,0.0,0.20004302506213853,2.8128811580350215,5.039969507357198,5.039969507357198,0.0,True,0,0.0,0.0,,,,0,24,6.409990601241589e-05
SP2_HETEROGENEOUS_GAME_PILOT,56363036b4d69ba9e41f,339904,0,8,3,low,1.0,uniform,complete,7.999999999999991,smith__plain_deficit,smith,plain_deficit,0.6666666666666666,0.6666666666666666,True,0.3333333333333333,0.9039028146660743,0.4215886363584662,0.0437102262806729,3.5685280615224495,2.2612304860740817,3.5855074505530418,0.3693415737498185,False,220,0.05702492286568141,1.1102230246251565e-16,,,,0,36960,0.03433429985307157
SP2_HETEROGENEOUS_GAME_PILOT,56363036b4d69ba9e41f,339904,0,8,3,low,1.0,uniform,complete,7.999999999999991,smith__marginal_deficit,smith,marginal_deficit,0.3333333333333333,0.6478997449640368,True,0.3333333333333333,0.9568099149346363,0.25062754839255863,0.015770979884498253,3.7214815782798945,2.15162471949966,3.5855074505530418,0.3999106823309528,False,220,0.08507699558287478,2.220446049250313e-16,6.198725609624184,6.723191520902597,0.5244659112784138,0,36960,0.040696600219234824
SP2_HETEROGENEOUS_GAME_PILOT,56363036b4d69ba9e41f,339904,0,8,3,low,1.0,uniform,complete,7.999999999999991,smith__marginal_log,smith,marginal_log,0.6666666666666666,0.8195298477598275,True,0.3333333333333333,0.9395402720651992,0.34544472627926637,0.06548960546325233,3.922413845230801,2.143972196007568,3.5855074505530418,0.40204497534180994,False,220,0.08153835519935104,2.220446049250313e-16,-2.575468050159884,1.2940513023074716,3.8695193524673557,0,36960,0.039898799965158105
SP2_HETEROGENEOUS_GAME_PILOT,56363036b4d69ba9e41f,339904,0,8,3,low,1.0,uniform,complete,7.999999999999991,replicator__plain_deficit,replicator,plain_deficit,0.3333333333333333,0.3333333333333333,True,0.3333333333333333,0.9039028146660743,0.4215886363584662,0.0437102262806729,3.5685280615224495,2.2612304860740817,3.5855074505530418,0.3693415737498185,False,220,0.03708186956350135,2.220446049250313e-16,,,,0,36960,0.03280150005593896
SP2_HETEROGENEOUS_GAME_PILOT,56363036b4d69ba9e41f,339904,0,8,3,low,1.0,uniform,complete,7.999999999999991,replicator__marginal_deficit,replicator,marginal_deficit,0.3333333333333333,0.6478997449640368,True,0.3333333333333333,0.9568099149346363,0.25062754839255863,0.015770979884498253,3.7214815782798945,2.15162471949966,3.5855074505530418,0.3999106823309528,False,220,0.055002402462903936,2.220446049250313e-16,6.187915983011415,6.541312355737935,0.3533963727265199,0,36960,0.0376076998654753
SP2_HETEROGENEOUS_GAME_PILOT,56363036b4d69ba9e41f,339904,0,8,3,low,1.0,uniform,complete,7.999999999999991,replicator__marginal_log,replicator,marginal_log,0.6666666666666666,0.8195298477598275,True,0.3333333333333333,0.9576540427439708,0.19042413135789205,0.027919803837627828,3.748275779663168,2.3091754131568853,3.5855074505530418,0.3559697072165588,False,220,0.07452149100128533,0.0,-2.4701328534940714,0.9782776311597807,3.448410484653852,0,36960,0.036390400025993586
SP2_HETEROGENEOUS_GAME_PILOT,56363036b4d69ba9e41f,339904,0,8,3,low,1.0,uniform,complete,7.999999999999991,erv_bnn__plain_deficit,erv_bnn,plain_deficit,0.3333333333333333,0.6478997449640368,True,0.3333333333333333,0.9039028146660743,0.4215886363584662,0.0437102262806729,3.5685280615224495,2.2612304860740817,3.5855074505530418,0.3693415737498185,False,220,0.054173000078481956,2.220446049250313e-16,,,,0,36960,0.03389009996317327
SP2_HETEROGENEOUS_GAME_PILOT,56363036b4d69ba9e41f,339904,0,8,3,low,1.0,uniform,complete,7.999999999999991,erv_bnn__marginal_deficit,erv_bnn,marginal_deficit,0.3333333333333333,0.6478997449640368,True,0.3333333333333333,0.935576171993087,0.2853730329197046,0.03243009619696598,3.5206689289326913,2.30178458974774,3.5855074505530418,0.3580310119303463,False,220,0.0563474090208423,1.1102230246251565e-16,6.21179819615198,6.578320230897016,0.366522034745036,0,36960,0.040144799975678325
SP2_HETEROGENEOUS_GAME_PILOT,56363036b4d69ba9e41f,339904,0,8,3,low,1.0,uniform,complete,7.999999999999991,erv_bnn__marginal_log,erv_bnn,marginal_log,0.6666666666666666,0.8195298477598275,True,0.3333333333333333,0.9395402720651992,0.34544472627926637,0.06548960546325233,3.922413845230801,2.143972196007568,3.5855074505530418,0.40204497534180994,False,220,0.07460348124985955,2.220446049250313e-16,-2.4769416968728235,0.381630999789379,2.8585726966622023,0,36960,0.03462649998255074
SP2_HETEROGENEOUS_GAME_PILOT,56363036b4d69ba9e41f,339904,0,8,3,low,1.0,uniform,complete,7.999999999999991,uniform_closure,none,none,0.0,0.0,True,0.6666666666666666,0.9230768683331968,0.5090010270930962,0.0778927835168168,3.8558971561375586,3.4129447343509374,3.5855074505530418,0.04812783645882194,True,0,0.0,0.0,,,,0,24,0.00045819999650120735
SP2_HETEROGENEOUS_GAME_PILOT,56363036b4d69ba9e41f,339904,0,8,3,low,1.0,uniform,complete,7.999999999999991,random_closure,none,none,0.3333333333333333,0.6564615965440057,True,0.6666666666666666,0.8462967211757447,1.0170559244519881,0.1417712574949829,4.365587574336101,3.27241095565534,3.5855074505530418,0.08732278463105929,True,0,0.0,0.0,,,,0,24,0.000417300034314394
SP2_HETEROGENEOUS_GAME_PILOT,56363036b4d69ba9e41f,339904,0,8,3,low,1.0,uniform,complete,7.999999999999991,greedy_capacity,none,none,0.3333333333333333,0.9576540427439708,True,0.3333333333333333,0.9576540427439708,0.19042413135789205,0.027919803837627828,3.748275779663168,2.3091754131568853,3.5855074505530418,0.3559697072165588,True,0,0.0,0.0,,,,0,24,0.00043480005115270615
SP2_HETEROGENEOUS_GAME_PILOT,56363036b4d69ba9e41f,339904,0,8,3,low,1.0,uniform,complete,7.999999999999991,auction_capacity,none,none,0.0,0.9594601072431029,True,0.0,0.9594601072431029,0.19451483251343604,0.0,3.94875687782589,0.8508763756998068,3.5855074505530418,0.7626901108325504,True,0,0.0,0.0,,,,0,24,0.00022199982777237892
SP2_HETEROGENEOUS_GAME_PILOT,56363036b4d69ba9e41f,339904,0,8,3,low,1.0,uniform,complete,7.999999999999991,milp_exact,none,none,0.6666666666666666,0.9417474078668261,True,0.6666666666666666,0.9417474078668261,0.25052323652867203,0.03250170255060561,4.045138509007498,3.5855074505530418,3.5855074505530418,0.0,True,0,0.0,0.0,,,,0,24,6.600003689527512e-05
SP2_HETEROGENEOUS_GAME_PILOT,3e77ef8218a2ec755904,339905,1,8,3,low,1.0,uniform,complete,7.999999999999991,smith__plain_deficit,smith,plain_deficit,0.6666666666666666,0.6666666666666666,True,0.3333333333333333,0.8622039975840541,0.6681982917304143,0.12002319020519225,1.710479636995264,2.3284700957265754,3.868800726193461,0.39814163082584697,False,220,0.0834926310880099,2.220446049250313e-16,,,,0,36960,0.035409600008279085
SP2_HETEROGENEOUS_GAME_PILOT,3e77ef8218a2ec755904,339905,1,8,3,low,1.0,uniform,complete,7.999999999999991,smith__marginal_deficit,smith,marginal_deficit,0.3333333333333333,0.8622039975840541,True,0.3333333333333333,0.926695441728841,0.5483443468046589,0.09475099888746064,1.6718830425824505,2.1421876659178163,3.868800726193461,0.4462915467797875,False,220,0.0903767618562641,1.1102230246251565e-16,5.8931226777888375,7.050409428289066,1.1572867505002282,0,36960,0.04018440004438162
SP2_HETEROGENEOUS_GAME_PILOT,3e77ef8218a2ec755904,339905,1,8,3,low,1.0,uniform,complete,7.999999999999991,smith__marginal_log,smith,marginal_log,0.3333333333333333,0.926695441728841,True,0.3333333333333333,0.926695441728841,0.5483443468046589,0.09475099888746064,1.6718830425824505,2.1421876659178163,3.868800726193461,0.4462915467797875,False,220,0.11136680371531575,2.220446049250313e-16,-2.088830514693594,2.4339948621043965,4.522825376797991,0,36960,0.03886290010996163
SP2_HETEROGENEOUS_GAME_PILOT,3e77ef8218a2ec755904,339905,1,8,3,low,1.0,uniform,complete,7.999999999999991,replicator__plain_deficit,replicator,plain_deficit,0.6666666666666666,0.6666666666666666,True,0.3333333333333333,0.914653701798644,0.2565659203097308,0.038270422111174186,2.056529390287663,2.4390768361599493,3.868800726193461,0.3695522181728462,False,220,0.04661168539099148,0.0,,,,0,36960,0.03350049979053438
SP2_HETEROGENEOUS_GAME_PILOT,3e77ef8218a2ec755904,339905,1,8,3,low,1.0,uniform,complete,7.999999999999991,replicator__marginal_deficit,replicator,marginal_deficit,0.6666666666666666,0.6666666666666666,True,0.3333333333333333,0.914653701798644,0.2565659203097308,0.038270422111174186,2.056529390287663,2.4390768361599493,3.868800726193461,0.3695522181728462,False,220,0.07121142235674444,1.1102230246251565e-16,5.934180997685942,6.791306127076904,0.8571251293909619,0,36960,0.037807200103998184
SP2_HETEROGENEOUS_GAME_PILOT,3e77ef8218a2ec755904,339905,1,8,3,low,1.0,uniform,complete,7.999999999999991,replicator__marginal_log,replicator,marginal_log,0.3333333333333333,0.926695441728841,True,0.3333333333333333,0.926695441728841,0.5483443468046589,0.09475099888746064,1.6718830425824505,2.1421876659178163,3.868800726193461,0.4462915467797875,False,220,0.1293234550903784,2.220446049250313e-16,-1.969617543478124,1.875640177848065,3.845257721326189,0,36960,0.03667240007780492
SP2_HETEROGENEOUS_GAME_PILOT,3e77ef8218a2ec755904,339905,1,8,3,low,1.0,uniform,complete,7.999999999999991,erv_bnn__plain_deficit,erv_bnn,plain_deficit,0.6666666666666666,0.6666666666666666,True,0.3333333333333333,0.8622039975840541,0.6681982917304143,0.12002319020519225,1.710479636995264,2.3284700957265754,3.868800726193461,0.39814163082584697,False,220,0.0678008896726714,2.220446049250313e-16,,,,0,36960,0.03497210005298257
SP2_HETEROGENEOUS_GAME_PILOT,3e77ef8218a2ec755904,339905,1,8,3,low,1.0,uniform,complete,7.999999999999991,erv_bnn__marginal_deficit,erv_bnn,marginal_deficit,0.6666666666666666,0.6666666666666666,True,0.3333333333333333,0.8622039975840541,0.6681982917304143,0.12002319020519225,1.710479636995264,2.3284700957265754,3.868800726193461,0.39814163082584697,False,220,0.06806236836989925,1.1102230246251565e-16,5.977537867280563,6.9005082639385344,0.9229703966579716,0,36960,0.03847969998605549
SP2_HETEROGENEOUS_GAME_PILOT,3e77ef8218a2ec755904,339905,1,8,3,low,1.0,uniform,complete,7.999999999999991,erv_bnn__marginal_log,erv_bnn,marginal_log,0.3333333333333333,0.926695441728841,True,0.3333333333333333,0.926695441728841,0.5483443468046589,0.09475099888746064,1.6718830425824505,2.1421876659178163,3.868800726193461,0.4462915467797875,False,220,0.10219927420198516,1.1102230246251565e-16,-2.0203738718981215,1.3679011857602348,3.3882750576583565,0,36960,0.03716520010493696
SP2_HETEROGENEOUS_GAME_PILOT,3e77ef8218a2ec755904,339905,1,8,3,low,1.0,uniform,complete,7.999999999999991,uniform_closure,none,none,0.0,0.0,True,0.3333333333333333,0.941130637930213,0.19005100507915995,0.030394898909659563,1.9771683786037404,2.4730185261939837,3.868800726193461,0.36077903691172974,True,0,0.0,0.0,,,,0,24,0.0003637999761849642
SP2_HETEROGENEOUS_GAME_PILOT,3e77ef8218a2ec755904,339905,1,8,3,low,1.0,uniform,complete,7.999999999999991,random_closure,none,none,0.3333333333333333,0.776127819654754,True,0.6666666666666666,0.8264345798035051,1.324955187872982,0.18734249093330294,2.751566262285829,3.333768870579501,3.868800726193461,0.13829398138590135,True,0,0.0,0.0,,,,0,24,0.0004477000329643488
SP2_HETEROGENEOUS_GAME_PILOT,3e77ef8218a2ec755904,339905,1,8,3,low,1.0,uniform,complete,7.999999999999991,greedy_capacity,none,none,0.3333333333333333,0.926695441728841,True,0.3333333333333333,0.926695441728841,0.5483443468046589,0.09475099888746064,1.6718830425824505,2.1421876659178163,3.868800726193461,0.4462915467797875,True,0,0.0,0.0,,,,0,24,0.0005133999511599541
SP2_HETEROGENEOUS_GAME_PILOT,3e77ef8218a2ec755904,339905,1,8,3,low,1.0,uniform,complete,7.999999999999991,auction_capacity,none,none,0.3333333333333333,0.926695441728841,True,0.3333333333333333,0.926695441728841,0.5483443468046589,0.09475099888746064,1.6718830425824505,2.1421876659178163,3.868800726193461,0.4462915467797875,True,0,0.0,0.0,,,,0,24,0.00025679985992610455
SP2_HETEROGENEOUS_GAME_PILOT,3e77ef8218a2ec755904,339905,1,8,3,low,1.0,uniform,complete,7.999999999999991,milp_exact,none,none,0.6666666666666666,0.9250811288269286,True,0.6666666666666666,0.9250811288269286,0.1882099326177431,0.0181278973176824,2.0022993272363983,3.868800726193461,3.868800726193461,0.0,True,0,0.0,0.0,,,,0,24,7.389998063445091e-05
SP2_HETEROGENEOUS_GAME_PILOT,b4d761352513ff900b6e,339906,0,8,3,low,1.0,uniform,ring,0.5857864376269047,smith__plain_deficit,smith,plain_deficit,0.3333333333333333,0.5060205988956666,True,0.3333333333333333,0.8898043511062069,0.4071768589355593,0.006820706312497971,2.9316225010674177,2.406323479965167,3.557963892769643,0.3236796233780773,False,220,0.07599679126757106,2.220446049250313e-16,,,,0,42240,0.03516720002517104
SP2_HETEROGENEOUS_GAME_PILOT,b4d761352513ff900b6e,339906,0,8,3,low,1.0,uniform,ring,0.5857864376269047,smith__marginal_deficit,smith,marginal_deficit,0.6666666666666666,0.6666666666666666,True,0.3333333333333333,0.8692091395939521,0.6937672998885052,0.0746845904690156,2.427322101673737,2.1625857208998456,3.557963892769643,0.392184466712951,False,220,0.08726111748336426,1.1102230246251565e-16,5.9983333723679575,6.924314583926549,0.9259812115585913,0,42240,0.0430721000302583
SP2_HETEROGENEOUS_GAME_PILOT,b4d761352513ff900b6e,339906,0,8,3,low,1.0,uniform,ring,0.5857864376269047,smith__marginal_log,smith,marginal_log,0.3333333333333333,0.8402003110027989,True,0.6666666666666666,0.8880030898754153,1.002582976536591,0.15182168575978455,2.0296487096102576,3.3992108300830703,3.557963892769643,0.04461907637938221,False,220,0.10380169316083546,1.1102230246251565e-16,-2.45814654769258,2.2323402195825555,4.690486767275136,0,42240,0.03847989998757839
SP2_HETEROGENEOUS_GAME_PILOT,b4d761352513ff900b6e,339906,0,8,3,low,1.0,uniform,ring,0.5857864376269047,replicator__plain_deficit,replicator,plain_deficit,0.3333333333333333,0.3333333333333333,True,0.3333333333333333,0.8898043511062069,0.4071768589355593,0.006820706312497971,2.9316225010674177,2.406323479965167,3.557963892769643,0.3236796233780773,False,220,0.05794832608059817,2.220446049250313e-16,,,,0,42240,0.036596399964764714
SP2_HETEROGENEOUS_GAME_PILOT,b4d761352513ff900b6e,339906,0,8,3,low,1.0,uniform,ring,0.5857864376269047,replicator__marginal_deficit,replicator,marginal_deficit,0.3333333333333333,0.6188638877940503,True,0.3333333333333333,0.9293480761616965,0.530243027563597,0.03495124569240881,2.5418150132101553,2.123777779971191,3.557963892769643,0.4030918120650267,False,220,0.08654708963555137,2.220446049250313e-16,6.032069852521677,6.685427962895863,0.6533581103741861,0,42240,0.038806399796158075
SP2_HETEROGENEOUS_GAME_PILOT,b4d761352513ff900b6e,339906,0,8,3,low,1.0,uniform,ring,0.5857864376269047,replicator__marginal_log,replicator,marginal_log,0.6666666666666666,0.8880030898754153,True,0.6666666666666666,0.8880030898754153,1.002582976536591,0.15182168575978455,2.0296487096102576,3.3992108300830703,3.557963892769643,0.04461907637938221,False,220,0.1338726276553058,2.220446049250313e-16,-2.454420828703599,1.7018417590072317,4.156262587710831,0,42240,0.034690000116825104
SP2_HETEROGENEOUS_GAME_PILOT,b4d761352513ff900b6e,339906,0,8,3,low,1.0,uniform,ring,0.5857864376269047,erv_bnn__plain_deficit,erv_bnn,plain_deficit,0.3333333333333333,0.5060205988956666,True,0.3333333333333333,0.8898043511062069,0.4071768589355593,0.006820706312497971,2.9316225010674177,2.406323479965167,3.557963892769643,0.3236796233780773,False,220,0.0642122539386624,0.0,,,,0,42240,0.04447020008228719
SP2_HETEROGENEOUS_GAME_PILOT,b4d761352513ff900b6e,339906,0,8,3,low,1.0,uniform,ring,0.5857864376269047,erv_bnn__marginal_deficit,erv_bnn,marginal_deficit,0.6666666666666666,0.6666666666666666,True,0.3333333333333333,0.8692091395939521,0.6937672998885052,0.0746845904690156,2.427322101673737,2.1625857208998456,3.557963892769643,0.392184466712951,False,220,0.06602890192539232,1.1102230246251565e-16,5.992443669195362,6.761653995309203,0.769210326113841,0,42240,0.05758220003917813
SP2_HETEROGENEOUS_GAME_PILOT,b4d761352513ff900b6e,339906,0,8,3,low,1.0,uniform,ring,0.5857864376269047,erv_bnn__marginal_log,erv_bnn,marginal_log,0.3333333333333333,0.8402003110027989,True,0.6666666666666666,0.8880030898754153,1.002582976536591,0.15182168575978455,2.0296487096102576,3.3992108300830703,3.557963892769643,0.04461907637938221,False,220,0.09128791395473607,2.220446049250313e-16,-2.4406858710574557,1.1463835890679044,3.58706946012536,0,42240,0.04400860005989671
SP2_HETEROGENEOUS_GAME_PILOT,b4d761352513ff900b6e,339906,0,8,3,low,1.0,uniform,ring,0.5857864376269047,uniform_closure,none,none,0.0,0.0,True,0.3333333333333333,0.9212025683519559,0.6368300516638934,0.08539352215495684,2.628234153423329,2.103666930282186,3.557963892769643,0.4087441599513765,True,0,0.0,0.0,,,,0,24,0.000946299871429801
SP2_HETEROGENEOUS_GAME_PILOT,b4d761352513ff900b6e,339906,0,8,3,low,1.0,uniform,ring,0.5857864376269047,random_closure,none,none,0.0,0.34015758169516047,True,0.6666666666666666,0.8607880636460128,1.2462086441844193,0.09825067079939871,3.4181230987412556,3.2502306291402583,3.557963892769643,0.08649139589492419,True,0,0.0,0.0,,,,0,24,0.0012529001105576754
SP2_HETEROGENEOUS_GAME_PILOT,b4d761352513ff900b6e,339906,0,8,3,low,1.0,uniform,ring,0.5857864376269047,greedy_capacity,none,none,0.6666666666666666,0.727062139527944,True,0.6666666666666666,0.727062139527944,2.443307161395828,0.4207468484741955,1.9049766667794101,3.1850428251465246,3.557963892769643,0.104813055686415,True,0,0.0,0.0,,,,0,24,0.001097000204026699
SP2_HETEROGENEOUS_GAME_PILOT,b4d761352513ff900b6e,339906,0,8,3,low,1.0,uniform,ring,0.5857864376269047,auction_capacity,none,none,0.3333333333333333,0.9212025683519559,True,0.3333333333333333,0.9212025683519559,0.6368300516638934,0.08539352215495684,2.628234153423329,2.103666930282186,3.557963892769643,0.4087441599513765,True,0,0.0,0.0,,,,0,24,0.0003003999590873718
SP2_HETEROGENEOUS_GAME_PILOT,b4d761352513ff900b6e,339906,0,8,3,low,1.0,uniform,ring,0.5857864376269047,milp_exact,none,none,0.6666666666666666,0.8393539322290001,True,0.6666666666666666,0.8393539322290001,0.781949675126091,0.05917295409302699,2.7718816057122035,3.557963892769643,3.557963892769643,0.0,True,0,0.0,0.0,,,,0,24,8.030002936720848e-05
SP2_HETEROGENEOUS_GAME_PILOT,a6054e88e7d682206ae6,339907,1,8,3,low,1.0,uniform,ring,0.5857864376269047,smith__plain_deficit,smith,plain_deficit,0.3333333333333333,0.3333333333333333,True,0.3333333333333333,0.8359008663248203,0.616034340308316,0.05959298107506178,5.090254302122285,2.164332173154871,3.537940545584402,0.38825083540306826,False,220,0.032845000602004105,2.220446049250313e-16,,,,0,42240,0.0544734001159668
SP2_HETEROGENEOUS_GAME_PILOT,a6054e88e7d682206ae6,339907,1,8,3,low,1.0,uniform,ring,0.5857864376269047,smith__marginal_deficit,smith,marginal_deficit,0.3333333333333333,0.3333333333333333,True,0.6666666666666666,0.9027638214300909,0.4395345627758167,0.0644911775858175,4.8743119638241055,3.4525629106157716,3.537940545584402,0.02413201518470616,False,220,0.042432185445634915,2.220446049250313e-16,5.790753887797221,6.364579335343734,0.573825447546513,0,42240,0.05817680014297366
SP2_HETEROGENEOUS_GAME_PILOT,a6054e88e7d682206ae6,339907,1,8,3,low,1.0,uniform,ring,0.5857864376269047,smith__marginal_log,smith,marginal_log,0.3333333333333333,0.8747609877290894,True,0.3333333333333333,0.8747609877290894,0.8234648851216948,0.15405616698090793,4.484533500657179,1.892974699787215,3.537940545584402,0.46495010998707137,False,220,0.08409787214586747,2.220446049250313e-16,-2.1733454336946085,1.5444060001004805,3.717751433795089,0,42240,0.049105599988251925
SP2_HETEROGENEOUS_GAME_PILOT,a6054e88e7d682206ae6,339907,1,8,3,low,1.0,uniform,ring,0.5857864376269047,replicator__plain_deficit,replicator,plain_deficit,0.3333333333333333,0.3333333333333333,True,0.3333333333333333,0.9183916327896107,0.2511336928656184,0.005130223891162808,5.275370296043818,2.012144861065947,3.537940545584402,0.43126662668844307,False,220,0.025896729386758525,2.220446049250313e-16,,,,0,42240,0.035440600011497736
SP2_HETEROGENEOUS_GAME_PILOT,a6054e88e7d682206ae6,339907,1,8,3,low,1.0,uniform,ring,0.5857864376269047,replicator__marginal_deficit,replicator,marginal_deficit,0.3333333333333333,0.3333333333333333,True,0.3333333333333333,0.9049586907428858,0.46473054500773525,0.04897096217297718,4.695271757899916,1.9252941632222451,3.537940545584402,0.45581500355478066,False,220,0.04385366901571226,2.220446049250313e-16,5.759405353654154,6.259990410667211,0.5005850570130566,0,42240,0.0521142000798136
SP2_HETEROGENEOUS_GAME_PILOT,a6054e88e7d682206ae6,339907,1,8,3,low,1.0,uniform,ring,0.5857864376269047,replicator__marginal_log,replicator,marginal_log,0.3333333333333333,0.8747609877290894,True,0.3333333333333333,0.9358143829094553,0.33783216885530964,0.052425942578921095,4.948648544967686,1.9405766134038578,3.537940545584402,0.4514954142387063,False,220,0.06514930335718676,2.220446049250313e-16,-2.116745045031943,1.2736756994931588,3.390420744525102,0,42240,0.036627599969506264
SP2_HETEROGENEOUS_GAME_PILOT,a6054e88e7d682206ae6,339907,1,8,3,low,1.0,uniform,ring,0.5857864376269047,erv_bnn__plain_deficit,erv_bnn,plain_deficit,0.3333333333333333,0.3333333333333333,True,0.3333333333333333,0.822931600487733,0.6746590278789933,0.08215600293698157,5.1479460709512335,2.144449136034696,3.537940545584402,0.39387078205394976,False,220,0.023944644592653483,2.220446049250313e-16,,,,0,42240,0.02920840005390346
SP2_HETEROGENEOUS_GAME_PILOT,a6054e88e7d682206ae6,339907,1,8,3,low,1.0,uniform,ring,0.5857864376269047,erv_bnn__marginal_deficit,erv_bnn,marginal_deficit,0.3333333333333333,0.3333333333333333,True,0.3333333333333333,0.9177897219218211,0.4812044587885078,0.056335244097879926,4.719287456353126,1.9339105171751019,3.537940545584402,0.45337958841938203,False,220,0.03591296261087672,2.220446049250313e-16,5.762051736457321,6.277470096493449,0.5154183600361275,0,42240,0.04432109999470413
SP2_HETEROGENEOUS_GAME_PILOT,a6054e88e7d682206ae6,339907,1,8,3,low,1.0,uniform,ring,0.5857864376269047,erv_bnn__marginal_log,erv_bnn,marginal_log,0.3333333333333333,0.8747609877290894,True,0.3333333333333333,0.8747609877290894,0.8234648851216948,0.15405616698090793,4.484533500657179,1.892974699787215,3.537940545584402,0.46495010998707137,False,220,0.08833514166041559,2.220446049250313e-16,-2.0517606740573866,0.6525409334637775,2.704301607521164,0,42240,0.038836400024592876
SP2_HETEROGENEOUS_GAME_PILOT,a6054e88e7d682206ae6,339907,1,8,3,low,1.0,uniform,ring,0.5857864376269047,uniform_closure,none,none,0.0,0.0,True,0.3333333333333333,0.9029390512846002,0.6586510617874055,0.07231096054470973,4.9371387396209405,1.8922343005307407,3.537940545584402,0.46515938406811785,True,0,0.0,0.0,,,,0,24,0.00032430002465844154
SP2_HETEROGENEOUS_GAME_PILOT,a6054e88e7d682206ae6,339907,1,8,3,low,1.0,uniform,ring,0.5857864376269047,random_closure,none,none,0.0,0.6194191976478797,True,0.6666666666666666,0.8807921698546587,0.9482064377039152,0.14386880402814925,4.865036866887866,3.1683359332184815,3.537940545584402,0.10446885910143769,True,0,0.0,0.0,,,,0,24,0.00040380004793405533
SP2_HETEROGENEOUS_GAME_PILOT,a6054e88e7d682206ae6,339907,1,8,3,low,1.0,uniform,ring,0.5857864376269047,greedy_capacity,none,none,0.3333333333333333,0.4838866382562798,True,0.3333333333333333,0.4838866382562798,3.4776263779736185,0.6703748851084287,2.926427338152611,1.5030608878846567,3.537940545584402,0.5751593706794813,True,0,0.0,0.0,,,,0,24,0.0004338000435382128
SP2_HETEROGENEOUS_GAME_PILOT,a6054e88e7d682206ae6,339907,1,8,3,low,1.0,uniform,ring,0.5857864376269047,auction_capacity,none,none,0.3333333333333333,0.9029390512846002,True,0.3333333333333333,0.9029390512846002,0.6586510617874055,0.07231096054470973,4.9371387396209405,1.8922343005307407,3.537940545584402,0.46515938406811785,True,0,0.0,0.0,,,,0,24,0.00022160005755722523
SP2_HETEROGENEOUS_GAME_PILOT,a6054e88e7d682206ae6,339907,1,8,3,low,1.0,uniform,ring,0.5857864376269047,milp_exact,none,none,0.6666666666666666,0.9078252050330514,True,0.6666666666666666,0.9078252050330514,0.27047300272938735,0.02065043930400313,5.344502796131955,3.537940545584402,3.537940545584402,0.0,True,0,0.0,0.0,,,,0,24,6.330013275146484e-05
SP2_HETEROGENEOUS_GAME_PILOT,b7d1147e40d19f193362,339908,0,8,3,low,1.25,uniform,complete,7.999999999999991,smith__plain_deficit,smith,plain_deficit,0.3333333333333333,0.7312200600573568,True,0.0,0.7887025908445485,1.5049892631695954,0.0,2.12954356648965,0.787147746282131,3.405448190767879,0.768856343662465,False,220,0.07956144269574167,2.220446049250313e-16,,,,0,36960,0.02656240016222
SP2_HETEROGENEOUS_GAME_PILOT,b7d1147e40d19f193362,339908,0,8,3,low,1.25,uniform,complete,7.999999999999991,smith__marginal_deficit,smith,marginal_deficit,0.3333333333333333,0.7878552807524312,True,0.0,0.7887025908445485,1.5049892631695954,0.0,2.12954356648965,0.787147746282131,3.405448190767879,0.768856343662465,False,220,0.10081193966575183,2.220446049250313e-16,5.4723016914988944,6.509685724489596,1.0373840329907011,0,36960,0.03537709987722337
SP2_HETEROGENEOUS_GAME_PILOT,b7d1147e40d19f193362,339908,0,8,3,low,1.25,uniform,complete,7.999999999999991,smith__marginal_log,smith,marginal_log,0.3333333333333333,0.7897308154604428,True,0.3333333333333333,0.7897308154604428,1.5868111808951633,0.024147405450426488,2.2119842727384333,2.0735181004768983,3.405448190767879,0.391117414119476,False,220,0.10644328005046874,1.1102230246251565e-16,-5.56149302571572,-1.3453855452359476,4.2161074804797725,0,36960,0.03364579984918237
SP2_HETEROGENEOUS_GAME_PILOT,b7d1147e40d19f193362,339908,0,8,3,low,1.25,uniform,complete,7.999999999999991,replicator__plain_deficit,replicator,plain_deficit,0.3333333333333333,0.5258255896998371,True,0.0,0.7905781255525602,1.4660081837486012,0.0,2.1930858088903467,0.7854960477112096,3.405448190767879,0.769341360164962,False,220,0.04949290636762652,2.220446049250313e-16,,,,0,36960,0.028567699948325753
SP2_HETEROGENEOUS_GAME_PILOT,b7d1147e40d19f193362,339908,0,8,3,low,1.25,uniform,complete,7.999999999999991,replicator__marginal_deficit,replicator,marginal_deficit,0.3333333333333333,0.5258255896998371,True,0.0,0.7905781255525602,1.4660081837486012,0.0,2.1930858088903467,0.7854960477112096,3.405448190767879,0.769341360164962,False,220,0.10269385990021179,2.220446049250313e-16,5.505896085643132,6.143287673259186,0.6373915876160545,0,36960,0.03418489987961948
SP2_HETEROGENEOUS_GAME_PILOT,b7d1147e40d19f193362,339908,0,8,3,low,1.25,uniform,complete,7.999999999999991,replicator__marginal_log,replicator,marginal_log,0.3333333333333333,0.782367725000296,True,0.3333333333333333,0.7897308154604428,1.5868111808951633,0.024147405450426488,2.2119842727384333,2.0735181004768983,3.405448190767879,0.391117414119476,False,220,0.14137561583659275,2.220446049250313e-16,-5.556827307302761,-1.8553509583117034,3.701476348991058,0,36960,0.0338234999217093
SP2_HETEROGENEOUS_GAME_PILOT,b7d1147e40d19f193362,339908,0,8,3,low,1.25,uniform,complete,7.999999999999991,erv_bnn__plain_deficit,erv_bnn,plain_deficit,0.3333333333333333,0.7312200600573568,True,0.0,0.7887025908445485,1.5049892631695954,0.0,2.12954356648965,0.787147746282131,3.405448190767879,0.768856343662465,False,220,0.08064148232714102,2.220446049250313e-16,,,,0,36960,0.03390170005150139
SP2_HETEROGENEOUS_GAME_PILOT,b7d1147e40d19f193362,339908,0,8,3,low,1.25,uniform,complete,7.999999999999991,erv_bnn__marginal_deficit,erv_bnn,marginal_deficit,0.3333333333333333,0.7878552807524312,True,0.3333333333333333,0.7878552807524312,1.6257922603161574,0.024147405450426488,2.148442030337737,2.0751697990478197,3.405448190767879,0.3906323976169788,False,220,0.0791797759717118,2.220446049250313e-16,5.472057934095628,6.187775439240135,0.7157175051445073,0,36960,0.04503249982371926
SP2_HETEROGENEOUS_GAME_PILOT,b7d1147e40d19f193362,339908,0,8,3,low,1.25,uniform,complete,7.999999999999991,erv_bnn__marginal_log,erv_bnn,marginal_log,0.3333333333333333,0.7897308154604428,True,0.3333333333333333,0.7897308154604428,1.5868111808951633,0.024147405450426488,2.2119842727384333,2.0735181004768983,3.405448190767879,0.391117414119476,False,220,0.09841583901869025,2.220446049250313e-16,-5.531667933150072,-2.364200701206072,3.1674672319440003,0,36960,0.036424600053578615
SP2_HETEROGENEOUS_GAME_PILOT,b7d1147e40d19f193362,339908,0,8,3,low,1.25,uniform,complete,7.999999999999991,uniform_closure,none,none,0.0,0.0,True,0.0,0.7908726964358039,1.4992301030101522,0.0,2.2348400003825715,0.7809347450506214,3.405448190767879,0.7706807734829958,True,0,0.0,0.0,,,,0,24,0.00031969998963177204
SP2_HETEROGENEOUS_GAME_PILOT,b7d1147e40d19f193362,339908,0,8,3,low,1.25,uniform,complete,7.999999999999991,random_closure,none,none,0.3333333333333333,0.6808234490213013,True,0.0,0.7405405207949789,1.7267692590746606,0.0,2.95716376242219,0.6676716165104974,3.405448190767879,0.8039401632006777,True,0,0.0,0.0,,,,0,24,0.0003920001909136772
SP2_HETEROGENEOUS_GAME_PILOT,b7d1147e40d19f193362,339908,0,8,3,low,1.25,uniform,complete,7.999999999999991,greedy_capacity,none,none,0.3333333333333333,0.7535580491003985,True,0.3333333333333333,0.7535580491003985,1.8657309908770137,0.05123825666647348,2.052628030895576,2.0412344839052845,3.405448190767879,0.4005974046414678,True,0,0.0,0.0,,,,0,24,0.00042509986087679863
SP2_HETEROGENEOUS_GAME_PILOT,b7d1147e40d19f193362,339908,0,8,3,low,1.25,uniform,complete,7.999999999999991,auction_capacity,none,none,0.0,0.7908726964358039,True,0.0,0.7908726964358039,1.4992301030101522,0.0,2.2348400003825715,0.7809347450506214,3.405448190767879,0.7706807734829958,True,0,0.0,0.0,,,,0,24,0.00022360007278621197
SP2_HETEROGENEOUS_GAME_PILOT,b7d1147e40d19f193362,339908,0,8,3,low,1.25,uniform,complete,7.999999999999991,milp_exact,none,none,0.6666666666666666,0.7798518938469728,True,0.6666666666666666,0.7798518938469728,1.643543961885637,0.022234369018811352,2.7105213367791516,3.405448190767879,3.405448190767879,0.0,True,0,0.0,0.0,,,,0,24,6.530014798045158e-05
SP2_HETEROGENEOUS_GAME_PILOT,82258c9c4031a7256175,339909,1,8,3,low,1.25,uniform,complete,7.999999999999991,smith__plain_deficit,smith,plain_deficit,0.3333333333333333,0.6292559944907764,True,0.3333333333333333,0.7150081111744528,1.5055479605736766,0.0021807879763652655,4.100006335529386,1.9946610176928814,3.297043693321153,0.3950152915069091,False,220,0.0739652855032883,0.0,,,,0,36960,0.03700000001117587
SP2_HETEROGENEOUS_GAME_PILOT,82258c9c4031a7256175,339909,1,8,3,low,1.25,uniform,complete,7.999999999999991,smith__marginal_deficit,smith,marginal_deficit,0.3333333333333333,0.6613394108575458,True,0.0,0.7326884964352466,1.405081498976083,0.0,4.090748927652231,0.5797204506021109,3.297043693321153,0.8241696184444097,False,220,0.09471809949276343,2.220446049250313e-16,5.070986611235648,5.942704907552919,0.8717182963172707,0,36960,0.036668699933215976
SP2_HETEROGENEOUS_GAME_PILOT,82258c9c4031a7256175,339909,1,8,3,low,1.25,uniform,complete,7.999999999999991,smith__marginal_log,smith,marginal_log,0.0,0.7835510468967005,True,0.3333333333333333,0.7965843525505695,1.507554148809153,0.0256228590000034,4.164825734797635,1.8662765144981273,3.297043693321153,0.433954570187026,False,220,0.0930962000382183,1.1102230246251565e-16,-5.79164637908316,-1.7912773876049188,4.000368991478241,0,36960,0.03805370000191033
SP2_HETEROGENEOUS_GAME_PILOT,82258c9c4031a7256175,339909,1,8,3,low,1.25,uniform,complete,7.999999999999991,replicator__plain_deficit,replicator,plain_deficit,0.3333333333333333,0.5238886851197555,True,0.3333333333333333,0.7150081111744528,1.5055479605736766,0.0021807879763652655,4.100006335529386,1.9946610176928814,3.297043693321153,0.3950152915069091,False,220,0.05221634057906617,2.220446049250313e-16,,,,0,36960,0.02864280017092824
SP2_HETEROGENEOUS_GAME_PILOT,82258c9c4031a7256175,339909,1,8,3,low,1.25,uniform,complete,7.999999999999991,replicator__marginal_deficit,replicator,marginal_deficit,0.3333333333333333,0.6030609416325025,True,0.0,0.783104937568369,1.3840826112632512,0.0,4.013293885198616,0.6322995284336556,3.297043693321153,0.808222278123123,False,220,0.1031569977768322,0.0,5.066278150260747,5.619148058057293,0.5528699077965467,0,36960,0.036996700102463365
SP2_HETEROGENEOUS_GAME_PILOT,82258c9c4031a7256175,339909,1,8,3,low,1.25,uniform,complete,7.999999999999991,replicator__marginal_log,replicator,marginal_log,0.3333333333333333,0.7053208152903537,True,0.3333333333333333,0.7965843525505695,1.507554148809153,0.0256228590000034,4.164825734797635,1.8662765144981273,3.297043693321153,0.433954570187026,False,220,0.12496988401721949,2.220446049250313e-16,-5.728180335766032,-2.2640489097671193,3.4641314259989127,0,36960,0.042247199919074774
SP2_HETEROGENEOUS_GAME_PILOT,82258c9c4031a7256175,339909,1,8,3,low,1.25,uniform,complete,7.999999999999991,erv_bnn__plain_deficit,erv_bnn,plain_deficit,0.3333333333333333,0.6030609416325025,True,0.3333333333333333,0.7150081111744528,1.5055479605736766,0.0021807879763652655,4.100006335529386,1.9946610176928814,3.297043693321153,0.3950152915069091,False,220,0.08095569077447583,1.1102230246251565e-16,,,,0,36960,0.03396020014770329
SP2_HETEROGENEOUS_GAME_PILOT,82258c9c4031a7256175,339909,1,8,3,low,1.25,uniform,complete,7.999999999999991,erv_bnn__marginal_deficit,erv_bnn,marginal_deficit,0.0,0.7326884964352466,True,0.0,0.783104937568369,1.3840826112632512,0.0,4.013293885198616,0.6322995284336556,3.297043693321153,0.808222278123123,False,220,0.07200385446054763,1.1102230246251565e-16,5.064868110083321,5.666257159865914,0.6013890497825933,0,36960,0.04160659993067384
SP2_HETEROGENEOUS_GAME_PILOT,82258c9c4031a7256175,339909,1,8,3,low,1.25,uniform,complete,7.999999999999991,erv_bnn__marginal_log,erv_bnn,marginal_log,0.0,0.7835510468967005,True,0.3333333333333333,0.7965843525505695,1.507554148809153,0.0256228590000034,4.164825734797635,1.8662765144981273,3.297043693321153,0.433954570187026,False,220,0.08511191820688646,2.220446049250313e-16,-5.719000928734729,-2.774273533533795,2.9447273952009345,0,36960,0.04473399999551475
SP2_HETEROGENEOUS_GAME_PILOT,82258c9c4031a7256175,339909,1,8,3,low,1.25,uniform,complete,7.999999999999991,uniform_closure,none,none,0.0,0.0,True,0.0,0.7803614043237378,1.4629162136741691,0.0,3.9195888818315563,0.6335429956367457,3.297043693321153,0.8078451320132278,True,0,0.0,0.0,,,,0,24,0.0003792999777942896
SP2_HETEROGENEOUS_GAME_PILOT,82258c9c4031a7256175,339909,1,8,3,low,1.25,uniform,complete,7.999999999999991,random_closure,none,none,0.3333333333333333,0.6149569054870659,True,0.3333333333333333,0.7040771955866431,2.1891820033833778,0.06319252984907554,4.9974457800010255,1.683694578670059,3.297043693321153,0.48933203946288845,True,0,0.0,0.0,,,,0,24,0.0005322999786585569
SP2_HETEROGENEOUS_GAME_PILOT,82258c9c4031a7256175,339909,1,8,3,low,1.25,uniform,complete,7.999999999999991,greedy_capacity,none,none,0.3333333333333333,0.7380157522443676,True,0.3333333333333333,0.7380157522443676,1.859191526345995,0.06358027502128431,3.842133839377942,1.8225026904370414,3.297043693321153,0.4472312592857355,True,0,0.0,0.0,,,,0,24,0.0005546000320464373
SP2_HETEROGENEOUS_GAME_PILOT,82258c9c4031a7256175,339909,1,8,3,low,1.25,uniform,complete,7.999999999999991,auction_capacity,none,none,0.0,0.7803614043237378,True,0.0,0.7803614043237378,1.4629162136741691,0.0,3.9195888818315563,0.6335429956367457,3.297043693321153,0.8078451320132278,True,0,0.0,0.0,,,,0,24,0.000296599930152297
SP2_HETEROGENEOUS_GAME_PILOT,82258c9c4031a7256175,339909,1,8,3,low,1.25,uniform,complete,7.999999999999991,milp_exact,none,none,0.6666666666666666,0.7751959193417859,True,0.6666666666666666,0.7751959193417859,1.5752407003795463,0.027803646976368668,3.954201552433451,3.297043693321153,3.297043693321153,0.0,True,0,0.0,0.0,,,,0,24,8.58998391777277e-05
SP2_HETEROGENEOUS_GAME_PILOT,4dbd511a8cbbe3d69322,339910,0,8,3,low,1.25,uniform,ring,0.5857864376269047,smith__plain_deficit,smith,plain_deficit,0.3333333333333333,0.3333333333333333,True,0.0,0.6653702923688226,1.5456835765233934,0.0,2.917696566698522,0.612701963672301,3.1328111312976294,0.8044242254021499,False,220,0.10334685964414962,2.220446049250313e-16,,,,0,42240,0.03894670004956424
SP2_HETEROGENEOUS_GAME_PILOT,4dbd511a8cbbe3d69322,339910,0,8,3,low,1.25,uniform,ring,0.5857864376269047,smith__marginal_deficit,smith,marginal_deficit,0.0,0.6653702923688226,True,0.0,0.7904329092909513,1.4774428190864617,0.0,2.787354032860219,0.738675312841709,3.1328111312976294,0.7642132634610037,False,220,0.09283038259865847,2.220446049250313e-16,5.230742623448485,6.337624874471244,1.1068822510227587,0,42240,0.03777919989079237
SP2_HETEROGENEOUS_GAME_PILOT,4dbd511a8cbbe3d69322,339910,0,8,3,low,1.25,uniform,ring,0.5857864376269047,smith__marginal_log,smith,marginal_log,0.3333333333333333,0.8675210811695436,True,0.3333333333333333,0.8675210811695436,1.739760791541942,0.030973020676441528,3.008887640135155,1.9368489348722822,3.1328111312976294,0.3817536858437976,False,220,0.082277215255728,2.220446049250313e-16,-4.076064057366232,-0.08541191545041182,3.9906521419158203,0,42240,0.037198000121861696
SP2_HETEROGENEOUS_GAME_PILOT,4dbd511a8cbbe3d69322,339910,0,8,3,low,1.25,uniform,ring,0.5857864376269047,replicator__plain_deficit,replicator,plain_deficit,0.3333333333333333,0.3333333333333333,True,0.0,0.6653702923688226,1.5456835765233934,0.0,2.917696566698522,0.612701963672301,3.1328111312976294,0.8044242254021499,False,220,0.0452490905085496,2.220446049250313e-16,,,,0,42240,0.02932989993132651
SP2_HETEROGENEOUS_GAME_PILOT,4dbd511a8cbbe3d69322,339910,0,8,3,low,1.25,uniform,ring,0.5857864376269047,replicator__marginal_deficit,replicator,marginal_deficit,0.0,0.5748320308621041,True,0.0,0.7904329092909513,1.4774428190864617,0.0,2.787354032860219,0.738675312841709,3.1328111312976294,0.7642132634610037,False,220,0.10104325917496934,1.1102230246251565e-16,5.257116961497712,6.0023669519623954,0.7452499904646839,0,42240,0.03669869992882013
SP2_HETEROGENEOUS_GAME_PILOT,4dbd511a8cbbe3d69322,339910,0,8,3,low,1.25,uniform,ring,0.5857864376269047,replicator__marginal_log,replicator,marginal_log,0.3333333333333333,0.6847668698677007,True,0.3333333333333333,0.8675210811695436,1.739760791541942,0.030973020676441528,3.008887640135155,1.9368489348722822,3.1328111312976294,0.3817536858437976,False,220,0.09659171208188141,1.1102230246251565e-16,-4.080979142118348,-0.5156538428213104,3.565325299297038,0,42240,0.0378127999138087
SP2_HETEROGENEOUS_GAME_PILOT,4dbd511a8cbbe3d69322,339910,0,8,3,low,1.25,uniform,ring,0.5857864376269047,erv_bnn__plain_deficit,erv_bnn,plain_deficit,0.3333333333333333,0.3333333333333333,True,0.0,0.6653702923688226,1.5456835765233934,0.0,2.917696566698522,0.612701963672301,3.1328111312976294,0.8044242254021499,False,220,0.06787437578775235,2.220446049250313e-16,,,,0,42240,0.03425190015695989
SP2_HETEROGENEOUS_GAME_PILOT,4dbd511a8cbbe3d69322,339910,0,8,3,low,1.25,uniform,ring,0.5857864376269047,erv_bnn__marginal_deficit,erv_bnn,marginal_deficit,0.0,0.5748320308621041,True,0.0,0.7904329092909513,1.4774428190864617,0.0,2.787354032860219,0.738675312841709,3.1328111312976294,0.7642132634610037,False,220,0.06485990951509987,1.1102230246251565e-16,5.2240366933244635,6.093255689848396,0.8692189965239328,0,42240,0.03914000000804663
SP2_HETEROGENEOUS_GAME_PILOT,4dbd511a8cbbe3d69322,339910,0,8,3,low,1.25,uniform,ring,0.5857864376269047,erv_bnn__marginal_log,erv_bnn,marginal_log,0.3333333333333333,0.8675210811695436,True,0.3333333333333333,0.8675210811695436,1.739760791541942,0.030973020676441528,3.008887640135155,1.9368489348722822,3.1328111312976294,0.3817536858437976,False,220,0.08158494807988795,0.0,-4.137987943520625,-1.0821548215957872,3.055833121924838,0,42240,0.03980899997986853
SP2_HETEROGENEOUS_GAME_PILOT,4dbd511a8cbbe3d69322,339910,0,8,3,low,1.25,uniform,ring,0.5857864376269047,uniform_closure,none,none,0.0,0.0,True,0.3333333333333333,0.8316482741890593,1.9076650797105958,0.06338040316451578,2.6648542506092596,1.9247302823274834,3.1328111312976294,0.3856219856029915,True,0,0.0,0.0,,,,0,24,0.0003407001495361328
SP2_HETEROGENEOUS_GAME_PILOT,4dbd511a8cbbe3d69322,339910,0,8,3,low,1.25,uniform,ring,0.5857864376269047,random_closure,none,none,0.3333333333333333,0.5742281766031972,True,0.6666666666666666,0.8170059878816671,2.496784394132558,0.09846675452793276,3.44453394968186,3.0512046055886657,3.1328111312976294,0.02604897719294104,True,0,0.0,0.0,,,,0,24,0.0007234001532196999
SP2_HETEROGENEOUS_GAME_PILOT,4dbd511a8cbbe3d69322,339910,0,8,3,low,1.25,uniform,ring,0.5857864376269047,greedy_capacity,none,none,0.6666666666666666,0.7752676577780878,True,0.6666666666666666,0.7752676577780878,3.066265384430654,0.20970561864834195,2.9174388182599533,3.0308590601786887,3.1328111312976294,0.03254331871475176,True,0,0.0,0.0,,,,0,24,0.00046360003761947155
SP2_HETEROGENEOUS_GAME_PILOT,4dbd511a8cbbe3d69322,339910,0,8,3,low,1.25,uniform,ring,0.5857864376269047,auction_capacity,none,none,0.3333333333333333,0.8316482741890593,True,0.3333333333333333,0.8316482741890593,1.9076650797105958,0.06338040316451578,2.6648542506092596,1.9247302823274834,3.1328111312976294,0.3856219856029915,True,0,0.0,0.0,,,,0,24,0.00021980004385113716
SP2_HETEROGENEOUS_GAME_PILOT,4dbd511a8cbbe3d69322,339910,0,8,3,low,1.25,uniform,ring,0.5857864376269047,milp_exact,none,none,0.6666666666666666,0.8326940229418779,True,0.6666666666666666,0.8326940229418779,2.282735635599355,0.11747756258631943,2.7181597988796833,3.1328111312976294,3.1328111312976294,0.0,True,0,0.0,0.0,,,,0,24,6.470014341175556e-05
SP2_HETEROGENEOUS_GAME_PILOT,b38d27c53035e768f5f9,339911,1,8,3,low,1.25,uniform,ring,0.5857864376269047,smith__plain_deficit,smith,plain_deficit,0.3333333333333333,0.4341289976856298,True,0.3333333333333333,0.6288709404134689,1.960613613762265,0.03668255131157174,2.550937032268435,2.115200791647251,3.3673993067657366,0.3718592305351444,False,220,0.07649670834175278,1.1102230246251565e-16,,,,0,42240,0.03368439991027117
SP2_HETEROGENEOUS_GAME_PILOT,b38d27c53035e768f5f9,339911,1,8,3,low,1.25,uniform,ring,0.5857864376269047,smith__marginal_deficit,smith,marginal_deficit,0.3333333333333333,0.5446870515405229,True,0.3333333333333333,0.797927117502744,1.5337930867439904,0.0062799767046775035,2.2023879315178,2.0142085732516257,3.3673993067657366,0.40185039261464983,False,220,0.10198194798304688,2.220446049250313e-16,5.387170678902417,6.269848512789134,0.8826778338867172,0,42240,0.04009340004995465
SP2_HETEROGENEOUS_GAME_PILOT,b38d27c53035e768f5f9,339911,1,8,3,low,1.25,uniform,ring,0.5857864376269047,smith__marginal_log,smith,marginal_log,0.3333333333333333,0.7335023335507124,True,0.3333333333333333,0.797927117502744,1.5337930867439904,0.0062799767046775035,2.2023879315178,2.0142085732516257,3.3673993067657366,0.40185039261464983,False,220,0.10702848210509713,2.220446049250313e-16,-5.267492003012408,-1.27356174472913,3.993930258283278,0,42240,0.03469210001640022
SP2_HETEROGENEOUS_GAME_PILOT,b38d27c53035e768f5f9,339911,1,8,3,low,1.25,uniform,ring,0.5857864376269047,replicator__plain_deficit,replicator,plain_deficit,0.3333333333333333,0.3333333333333333,True,0.3333333333333333,0.6288709404134689,1.960613613762265,0.03668255131157174,2.550937032268435,2.115200791647251,3.3673993067657366,0.3718592305351444,False,220,0.04015074744287723,2.220446049250313e-16,,,,0,42240,0.031398599967360497
SP2_HETEROGENEOUS_GAME_PILOT,b38d27c53035e768f5f9,339911,1,8,3,low,1.25,uniform,ring,0.5857864376269047,replicator__marginal_deficit,replicator,marginal_deficit,0.3333333333333333,0.4341289976856298,True,0.3333333333333333,0.797927117502744,1.5337930867439904,0.0062799767046775035,2.2023879315178,2.0142085732516257,3.3673993067657366,0.40185039261464983,False,220,0.07262517888456554,0.0,5.372651479998271,5.935804565899858,0.563153085901587,0,42240,0.036393299931660295
SP2_HETEROGENEOUS_GAME_PILOT,b38d27c53035e768f5f9,339911,1,8,3,low,1.25,uniform,ring,0.5857864376269047,replicator__marginal_log,replicator,marginal_log,0.3333333333333333,0.6744765894980969,True,0.3333333333333333,0.797927117502744,1.5337930867439904,0.0062799767046775035,2.2023879315178,2.0142085732516257,3.3673993067657366,0.40185039261464983,False,220,0.1371058405916849,2.220446049250313e-16,-5.120538028809385,-1.6823688590052321,3.4381691698041528,0,42240,0.03481760015711188
SP2_HETEROGENEOUS_GAME_PILOT,b38d27c53035e768f5f9,339911,1,8,3,low,1.25,uniform,ring,0.5857864376269047,erv_bnn__plain_deficit,erv_bnn,plain_deficit,0.3333333333333333,0.4341289976856298,True,0.3333333333333333,0.7450698715333669,1.5737753376574606,0.0062799767046775035,2.1580821079641557,1.9683472115437382,3.3673993067657366,0.415469615501506,False,220,0.0571744952647579,1.1102230246251565e-16,,,,0,42240,0.03402349981479347
SP2_HETEROGENEOUS_GAME_PILOT,b38d27c53035e768f5f9,339911,1,8,3,low,1.25,uniform,ring,0.5857864376269047,erv_bnn__marginal_deficit,erv_bnn,marginal_deficit,0.0,0.6848643485805358,True,0.3333333333333333,0.797927117502744,1.5337930867439904,0.0062799767046775035,2.2023879315178,2.0142085732516257,3.3673993067657366,0.40185039261464983,False,220,0.07666505446565675,2.220446049250313e-16,5.39440612036589,5.976461749432874,0.5820556290669838,0,42240,0.03867190005257726
SP2_HETEROGENEOUS_GAME_PILOT,b38d27c53035e768f5f9,339911,1,8,3,low,1.25,uniform,ring,0.5857864376269047,erv_bnn__marginal_log,erv_bnn,marginal_log,0.3333333333333333,0.7335023335507124,True,0.3333333333333333,0.797927117502744,1.5337930867439904,0.0062799767046775035,2.2023879315178,2.0142085732516257,3.3673993067657366,0.40185039261464983,False,220,0.08210161560264133,2.220446049250313e-16,-5.204644642412794,-2.2435554149632733,2.961089227449521,0,42240,0.035840499913319945
SP2_HETEROGENEOUS_GAME_PILOT,b38d27c53035e768f5f9,339911,1,8,3,low,1.25,uniform,ring,0.5857864376269047,uniform_closure,none,none,0.0,0.0,True,0.6666666666666666,0.8508799369377087,1.5452760260586005,0.011031252988266385,2.5173632958991314,3.330267721895344,3.3673993067657366,0.011026784021659762,True,0,0.0,0.0,,,,0,24,0.0005316999740898609
SP2_HETEROGENEOUS_GAME_PILOT,b38d27c53035e768f5f9,339911,1,8,3,low,1.25,uniform,ring,0.5857864376269047,random_closure,none,none,0.3333333333333333,0.5374040372231529,True,0.3333333333333333,0.7336698597301269,2.2144991490501686,0.02508590413007364,4.570754062419534,1.7356783093351025,3.3673993067657366,0.48456415434670924,True,0,0.0,0.0,,,,0,24,0.0006237002089619637
SP2_HETEROGENEOUS_GAME_PILOT,b38d27c53035e768f5f9,339911,1,8,3,low,1.25,uniform,ring,0.5857864376269047,greedy_capacity,none,none,0.6666666666666666,0.7918541928850934,True,0.6666666666666666,0.7918541928850934,2.156937966991904,0.1019264673417222,2.4807150373653104,3.252014578566741,3.3673993067657366,0.03426523488532112,True,0,0.0,0.0,,,,0,24,0.0007243000436574221
SP2_HETEROGENEOUS_GAME_PILOT,b38d27c53035e768f5f9,339911,1,8,3,low,1.25,uniform,ring,0.5857864376269047,auction_capacity,none,none,0.6666666666666666,0.8508799369377087,True,0.6666666666666666,0.8508799369377087,1.5452760260586005,0.011031252988266385,2.5173632958991314,3.330267721895344,3.3673993067657366,0.011026784021659762,True,0,0.0,0.0,,,,0,24,0.00023579993285238743
SP2_HETEROGENEOUS_GAME_PILOT,b38d27c53035e768f5f9,339911,1,8,3,low,1.25,uniform,ring,0.5857864376269047,milp_exact,none,none,0.6666666666666666,0.6666666666666666,True,0.6666666666666666,0.6666666666666666,1.9233164431016379,0.03532361530306564,2.6904537759069607,3.3673993067657366,3.3673993067657366,0.0,True,0,0.0,0.0,,,,0,24,6.38000201433897e-05
SP2_HETEROGENEOUS_GAME_PILOT,1e12b01148378e7c2de5,339912,0,8,3,high,0.7,uniform,complete,7.999999999999991,smith__plain_deficit,smith,plain_deficit,0.6666666666666666,0.6666666666666666,True,0.6666666666666666,0.9986219661144441,0.0036461522074758834,0.42629755387732404,2.2748175581753025,3.830681800227155,5.106467314256393,0.24983720359228787,False,220,0.06075041666151593,0.0,,,,0,36960,0.03345739981159568
SP2_HETEROGENEOUS_GAME_PILOT,1e12b01148378e7c2de5,339912,0,8,3,high,0.7,uniform,complete,7.999999999999991,smith__marginal_deficit,smith,marginal_deficit,0.3333333333333333,0.6499160655291907,True,0.3333333333333333,0.9978721805667462,0.007196209557019606,0.4305201798857275,2.0489441937795734,2.399009043496317,5.106467314256393,0.5302018213650972,False,220,0.07441702279025793,0.0,6.850641232930448,7.364590596626523,0.5139493636960752,0,36960,0.03797330008819699
SP2_HETEROGENEOUS_GAME_PILOT,1e12b01148378e7c2de5,339912,0,8,3,high,0.7,uniform,complete,7.999999999999991,smith__marginal_log,smith,marginal_log,0.6666666666666666,0.9986219661144441,True,0.3333333333333333,0.9978721805667462,0.007196209557019606,0.4305201798857275,2.0489441937795734,2.399009043496317,5.106467314256393,0.5302018213650972,False,220,0.09972463314924006,2.220446049250313e-16,1.9634190425307356,6.622985653652764,4.659566611122028,0,36960,0.03528910013847053
SP2_HETEROGENEOUS_GAME_PILOT,1e12b01148378e7c2de5,339912,0,8,3,high,0.7,uniform,complete,7.999999999999991,replicator__plain_deficit,replicator,plain_deficit,0.6666666666666666,0.6666666666666666,True,0.6666666666666666,0.9986219661144441,0.0036461522074758834,0.42629755387732404,2.2748175581753025,3.830681800227155,5.106467314256393,0.24983720359228787,False,220,0.029991134764963515,2.220446049250313e-16,,,,0,36960,0.030080600176006556
SP2_HETEROGENEOUS_GAME_PILOT,1e12b01148378e7c2de5,339912,0,8,3,high,0.7,uniform,complete,7.999999999999991,replicator__marginal_deficit,replicator,marginal_deficit,0.3333333333333333,0.48643162352330355,True,0.3333333333333333,0.9978721805667462,0.007196209557019606,0.4305201798857275,2.0489441937795734,2.399009043496317,5.106467314256393,0.5302018213650972,False,220,0.035019363799485066,1.1102230246251565e-16,6.8546106178913675,7.13876433873584,0.2841537208444729,0,36960,0.03342340001836419
SP2_HETEROGENEOUS_GAME_PILOT,1e12b01148378e7c2de5,339912,0,8,3,high,0.7,uniform,complete,7.999999999999991,replicator__marginal_log,replicator,marginal_log,0.3333333333333333,0.9978721805667462,True,0.3333333333333333,0.9978721805667462,0.007196209557019606,0.4305201798857275,2.0489441937795734,2.399009043496317,5.106467314256393,0.5302018213650972,False,220,0.12492885008476667,1.1102230246251565e-16,1.9624079447165028,6.106744757732694,4.144336813016191,0,36960,0.033089299919083714
SP2_HETEROGENEOUS_GAME_PILOT,1e12b01148378e7c2de5,339912,0,8,3,high,0.7,uniform,complete,7.999999999999991,erv_bnn__plain_deficit,erv_bnn,plain_deficit,0.3333333333333333,0.6499160655291907,True,0.6666666666666666,0.9986219661144441,0.0036461522074758834,0.42629755387732404,2.2748175581753025,3.830681800227155,5.106467314256393,0.24983720359228787,False,220,0.04861399234191828,2.220446049250313e-16,,,,0,36960,0.030547100119292736
SP2_HETEROGENEOUS_GAME_PILOT,1e12b01148378e7c2de5,339912,0,8,3,high,0.7,uniform,complete,7.999999999999991,erv_bnn__marginal_deficit,erv_bnn,marginal_deficit,0.3333333333333333,0.48643162352330355,True,0.3333333333333333,0.9978721805667462,0.007196209557019606,0.4305201798857275,2.0489441937795734,2.399009043496317,5.106467314256393,0.5302018213650972,False,220,0.054980429169406285,2.220446049250313e-16,6.855466332486897,7.197072205736837,0.3416058732499394,0,36960,0.03403820004314184
SP2_HETEROGENEOUS_GAME_PILOT,1e12b01148378e7c2de5,339912,0,8,3,high,0.7,uniform,complete,7.999999999999991,erv_bnn__marginal_log,erv_bnn,marginal_log,0.6666666666666666,0.9986219661144441,True,0.6666666666666666,0.9986219661144441,0.0036461522074758834,0.429324167194093,2.3937445544925096,3.8211676405217783,5.106467314256393,0.25170036242986915,False,220,0.09377901826859236,2.220446049250313e-16,2.031302170224258,5.603201113068536,3.5718989428442782,0,36960,0.03281679982319474
SP2_HETEROGENEOUS_GAME_PILOT,1e12b01148378e7c2de5,339912,0,8,3,high,0.7,uniform,complete,7.999999999999991,uniform_closure,none,none,0.0,0.0,True,0.3333333333333333,0.9978721805667462,0.007196209557019606,0.4305201798857275,2.0489441937795734,2.399009043496317,5.106467314256393,0.5302018213650972,True,0,0.0,0.0,,,,0,24,0.0003404999151825905
SP2_HETEROGENEOUS_GAME_PILOT,1e12b01148378e7c2de5,339912,0,8,3,high,0.7,uniform,complete,7.999999999999991,random_closure,none,none,0.3333333333333333,0.8844896268828721,True,1.0,1.0,0.0,0.27365833622614255,3.163505431787613,5.01191956545699,5.106467314256393,0.018515295013333603,True,0,0.0,0.0,,,,0,24,0.0003997997846454382
SP2_HETEROGENEOUS_GAME_PILOT,1e12b01148378e7c2de5,339912,0,8,3,high,0.7,uniform,complete,7.999999999999991,greedy_capacity,none,none,0.6666666666666666,0.9992502144523021,True,0.6666666666666666,0.9992502144523021,0.0035500573495437227,0.4195293866105907,2.412384637159552,3.6222666031447397,5.106467314256393,0.2906511722826495,True,0,0.0,0.0,,,,0,24,0.00044710002839565277
SP2_HETEROGENEOUS_GAME_PILOT,1e12b01148378e7c2de5,339912,0,8,3,high,0.7,uniform,complete,7.999999999999991,auction_capacity,none,none,0.3333333333333333,0.9978721805667462,True,0.3333333333333333,0.9978721805667462,0.007196209557019606,0.03219130995816242,1.2481232870093117,2.463074716037938,5.106467314256393,0.5176558343648945,True,0,0.0,0.0,,,,0,24,0.00021690013818442822
SP2_HETEROGENEOUS_GAME_PILOT,1e12b01148378e7c2de5,339912,0,8,3,high,0.7,uniform,complete,7.999999999999991,milp_exact,none,none,1.0,1.0,True,1.0,1.0,0.0,0.17815204345024538,1.9816585717950912,5.106467314256393,5.106467314256393,0.0,True,0,0.0,0.0,,,,0,24,6.740004755556583e-05
SP2_HETEROGENEOUS_GAME_PILOT,225d9f3a52ab6d9cbcac,339913,1,8,3,high,0.7,uniform,complete,7.999999999999991,smith__plain_deficit,smith,plain_deficit,0.3333333333333333,0.5301422881105122,True,0.6666666666666666,0.9965261388810874,0.008872196122038933,0.36378251827946856,3.474342076433107,3.7134503950683055,5.103520162736285,0.2723746989024699,False,220,0.06397938098245379,2.220446049250313e-16,,,,0,36960,0.0327331000007689
SP2_HETEROGENEOUS_GAME_PILOT,225d9f3a52ab6d9cbcac,339913,1,8,3,high,0.7,uniform,complete,7.999999999999991,smith__marginal_deficit,smith,marginal_deficit,0.3333333333333333,0.6058768145225196,True,1.0,1.0,0.0,0.3691095723408253,3.3181579970592354,4.999547360235261,5.103520162736285,0.02037276216917673,False,220,0.09243490066555682,2.220446049250313e-16,6.905245685851552,7.2712860655605125,0.3660403797089602,0,36960,0.03874869993887842
SP2_HETEROGENEOUS_GAME_PILOT,225d9f3a52ab6d9cbcac,339913,1,8,3,high,0.7,uniform,complete,7.999999999999991,smith__marginal_log,smith,marginal_log,0.6666666666666666,0.939210147855853,True,1.0,1.0,0.0,0.24369635189389702,2.3429066873770603,5.077567465009835,5.103520162736285,0.005085254275263888,False,220,0.10450140881717929,1.1102230246251565e-16,2.028530107049785,6.320909623624663,4.292379516574878,0,36960,0.034166600089520216
SP2_HETEROGENEOUS_GAME_PILOT,225d9f3a52ab6d9cbcac,339913,1,8,3,high,0.7,uniform,complete,7.999999999999991,replicator__plain_deficit,replicator,plain_deficit,0.3333333333333333,0.3333333333333333,True,0.6666666666666666,0.9965261388810874,0.008872196122038933,0.36378251827946856,3.474342076433107,3.7134503950683055,5.103520162736285,0.2723746989024699,False,220,0.03666500634687308,2.220446049250313e-16,,,,0,36960,0.03117770003154874
SP2_HETEROGENEOUS_GAME_PILOT,225d9f3a52ab6d9cbcac,339913,1,8,3,high,0.7,uniform,complete,7.999999999999991,replicator__marginal_deficit,replicator,marginal_deficit,0.3333333333333333,0.3333333333333333,True,1.0,1.0,0.0,0.37495366458238366,3.4471370813349003,4.989229033493208,5.103520162736285,0.022394567984189043,False,220,0.056264928381048906,2.220446049250313e-16,6.916644239486034,7.118919549556639,0.20227531007060495,0,36960,0.0361589000094682
SP2_HETEROGENEOUS_GAME_PILOT,225d9f3a52ab6d9cbcac,339913,1,8,3,high,0.7,uniform,complete,7.999999999999991,replicator__marginal_log,replicator,marginal_log,0.6666666666666666,0.939210147855853,True,1.0,1.0,0.0,0.21878914605012645,2.595221036420863,5.057382317086331,5.103520162736285,0.009040396467291956,False,220,0.10056967748128451,1.1102230246251565e-16,2.108853087571246,5.869132482658927,3.7602793950876805,0,36960,0.031296500004827976
SP2_HETEROGENEOUS_GAME_PILOT,225d9f3a52ab6d9cbcac,339913,1,8,3,high,0.7,uniform,complete,7.999999999999991,erv_bnn__plain_deficit,erv_bnn,plain_deficit,0.3333333333333333,0.5301422881105122,True,0.6666666666666666,0.9965261388810874,0.008872196122038933,0.36378251827946856,3.474342076433107,3.7134503950683055,5.103520162736285,0.2723746989024699,False,220,0.059429681052763465,1.1102230246251565e-16,,,,0,36960,0.030568999936804175
SP2_HETEROGENEOUS_GAME_PILOT,225d9f3a52ab6d9cbcac,339913,1,8,3,high,0.7,uniform,complete,7.999999999999991,erv_bnn__marginal_deficit,erv_bnn,marginal_deficit,0.3333333333333333,0.6058768145225196,True,1.0,1.0,0.0,0.37495366458238366,3.4471370813349003,4.989229033493208,5.103520162736285,0.022394567984189043,False,220,0.07091663676719914,2.220446049250313e-16,6.917147654281899,7.184931987204972,0.2677843329230729,0,36960,0.03348860004916787
SP2_HETEROGENEOUS_GAME_PILOT,225d9f3a52ab6d9cbcac,339913,1,8,3,high,0.7,uniform,complete,7.999999999999991,erv_bnn__marginal_log,erv_bnn,marginal_log,0.6666666666666666,0.939210147855853,True,1.0,1.0,0.0,0.24369635189389702,2.3429066873770603,5.077567465009835,5.103520162736285,0.005085254275263888,False,220,0.0886835120391519,1.1102230246251565e-16,2.145480391924548,5.42944221207099,3.283961820146442,0,36960,0.03343850001692772
SP2_HETEROGENEOUS_GAME_PILOT,225d9f3a52ab6d9cbcac,339913,1,8,3,high,0.7,uniform,complete,7.999999999999991,uniform_closure,none,none,0.0,0.0,True,1.0,1.0,0.0,0.13739674252558048,3.178580898358595,5.010713528131312,5.103520162736285,0.018184827657311445,True,0,0.0,0.0,,,,0,24,0.00031480006873607635
SP2_HETEROGENEOUS_GAME_PILOT,225d9f3a52ab6d9cbcac,339913,1,8,3,high,0.7,uniform,complete,7.999999999999991,random_closure,none,none,0.6666666666666666,0.792207573961937,True,1.0,1.0,0.0,0.07961156326218266,2.470575882977292,5.067353929361817,5.103520162736285,0.0070865269894570225,True,0,0.0,0.0,,,,0,24,0.0003486999776214361
SP2_HETEROGENEOUS_GAME_PILOT,225d9f3a52ab6d9cbcac,339913,1,8,3,high,0.7,uniform,complete,7.999999999999991,greedy_capacity,none,none,0.6666666666666666,0.9027858135430585,True,0.6666666666666666,0.9027858135430585,0.4066858586350799,0.5069791264600495,3.5161792950360375,3.415915987821305,5.103520162736285,0.3306745385738146,True,0,0.0,0.0,,,,0,24,0.0004338999278843403
SP2_HETEROGENEOUS_GAME_PILOT,225d9f3a52ab6d9cbcac,339913,1,8,3,high,0.7,uniform,complete,7.999999999999991,auction_capacity,none,none,0.6666666666666666,0.9681011906701964,True,0.6666666666666666,0.9681011906701964,0.13344548912595044,0.08478455418305936,2.5053303426641764,3.581529935286868,5.103520162736285,0.29822361407765896,True,0,0.0,0.0,,,,0,24,0.0002031000331044197
SP2_HETEROGENEOUS_GAME_PILOT,225d9f3a52ab6d9cbcac,339913,1,8,3,high,0.7,uniform,complete,7.999999999999991,milp_exact,none,none,1.0,1.0,True,1.0,1.0,0.0,0.11143346559618665,2.0184979657964295,5.103520162736285,5.103520162736285,0.0,True,0,0.0,0.0,,,,0,24,8.5500068962574e-05
SP2_HETEROGENEOUS_GAME_PILOT,9695aaad009797ac6726,339914,0,8,3,high,0.7,uniform,ring,0.5857864376269047,smith__plain_deficit,smith,plain_deficit,0.3333333333333333,0.3333333333333333,True,0.6666666666666666,0.9949826619302223,0.009548364516155039,0.4263937544777405,4.2453346214140995,3.7344470674112653,5.069659310416834,0.26337316992131093,False,220,0.052350872092747955,2.220446049250313e-16,,,,0,42240,0.03281180001795292
SP2_HETEROGENEOUS_GAME_PILOT,9695aaad009797ac6726,339914,0,8,3,high,0.7,uniform,ring,0.5857864376269047,smith__marginal_deficit,smith,marginal_deficit,0.3333333333333333,0.3333333333333333,True,1.0,1.0,0.0,0.27196251064429655,3.022956488777794,5.023163480897776,5.069659310416834,0.009171391344487627,False,220,0.09100614421571332,1.1102230246251565e-16,6.3087165651780905,7.10308030759496,0.794363742416869,0,42240,0.03658549999818206
SP2_HETEROGENEOUS_GAME_PILOT,9695aaad009797ac6726,339914,0,8,3,high,0.7,uniform,ring,0.5857864376269047,smith__marginal_log,smith,marginal_log,0.6666666666666666,0.8910913052283783,True,0.6666666666666666,0.9949826619302223,0.009548364516155039,0.43032832431308005,4.377242831873758,3.7238944105744927,5.069659310416834,0.26545470167534607,False,220,0.08253928369601386,2.220446049250313e-16,2.7074537748643515,6.4500686949197625,3.742614920055411,0,42240,0.0392019001301378
SP2_HETEROGENEOUS_GAME_PILOT,9695aaad009797ac6726,339914,0,8,3,high,0.7,uniform,ring,0.5857864376269047,replicator__plain_deficit,replicator,plain_deficit,0.3333333333333333,0.3333333333333333,True,1.0,1.0,0.0,0.3915173534717918,4.325495075379267,4.918960393969658,5.069659310416834,0.029725649638335457,False,220,0.05893709741680833,0.0,,,,0,42240,0.03240599995478988
SP2_HETEROGENEOUS_GAME_PILOT,9695aaad009797ac6726,339914,0,8,3,high,0.7,uniform,ring,0.5857864376269047,replicator__marginal_deficit,replicator,marginal_deficit,0.3333333333333333,0.3333333333333333,True,0.6666666666666666,0.9949826619302223,0.009548364516155039,0.4263937544777405,4.2453346214140995,3.7344470674112653,5.069659310416834,0.26337316992131093,False,220,0.060145742236148714,0.0,6.315311703439955,6.943127989831804,0.627816286391849,0,42240,0.03280739998444915
SP2_HETEROGENEOUS_GAME_PILOT,9695aaad009797ac6726,339914,0,8,3,high,0.7,uniform,ring,0.5857864376269047,replicator__marginal_log,replicator,marginal_log,0.6666666666666666,0.8910913052283783,True,1.0,1.0,0.0,0.16360670081922735,2.4417586197895713,5.069659310416834,5.069659310416834,0.0,False,220,0.07461961718187389,2.220446049250313e-16,2.5623291081568755,6.112867533435954,3.550538425279078,0,42240,0.0315423000138253
SP2_HETEROGENEOUS_GAME_PILOT,9695aaad009797ac6726,339914,0,8,3,high,0.7,uniform,ring,0.5857864376269047,erv_bnn__plain_deficit,erv_bnn,plain_deficit,0.3333333333333333,0.3333333333333333,True,1.0,1.0,0.0,0.3915173534717918,4.325495075379267,4.918960393969658,5.069659310416834,0.029725649638335457,False,220,0.04810975300939072,1.1102230246251565e-16,,,,0,42240,0.03281600004993379
SP2_HETEROGENEOUS_GAME_PILOT,9695aaad009797ac6726,339914,0,8,3,high,0.7,uniform,ring,0.5857864376269047,erv_bnn__marginal_deficit,erv_bnn,marginal_deficit,0.3333333333333333,0.3333333333333333,True,1.0,1.0,0.0,0.27196251064429655,3.022956488777794,5.023163480897776,5.069659310416834,0.009171391344487627,False,220,0.07359418487202152,2.220446049250313e-16,6.295688000533704,6.984724020030104,0.6890360194963998,0,42240,0.03729149978607893
SP2_HETEROGENEOUS_GAME_PILOT,9695aaad009797ac6726,339914,0,8,3,high,0.7,uniform,ring,0.5857864376269047,erv_bnn__marginal_log,erv_bnn,marginal_log,0.6666666666666666,0.9949826619302223,True,0.6666666666666666,0.9949826619302223,0.009548364516155039,0.43032832431308005,4.377242831873758,3.7238944105744927,5.069659310416834,0.26545470167534607,False,220,0.08885966331075305,1.1102230246251565e-16,2.5935794405563763,5.659054231558485,3.0654747910021083,0,42240,0.034113100031390786
SP2_HETEROGENEOUS_GAME_PILOT,9695aaad009797ac6726,339914,0,8,3,high,0.7,uniform,ring,0.5857864376269047,uniform_closure,none,none,0.0,0.0,True,1.0,1.0,0.0,0.25367302085286764,3.8452800431184997,4.957377596550519,5.069659310416834,0.02214778291622181,True,0,0.0,0.0,,,,0,24,0.000328300055116415
SP2_HETEROGENEOUS_GAME_PILOT,9695aaad009797ac6726,339914,0,8,3,high,0.7,uniform,ring,0.5857864376269047,random_closure,none,none,0.6666666666666666,0.7110626110574761,True,0.6666666666666666,0.964177555402948,0.2185166076739491,0.4289871614870174,4.942641275489715,3.223348748729456,5.069659310416834,0.36418829129083474,True,0,0.0,0.0,,,,0,24,0.00039350008592009544
SP2_HETEROGENEOUS_GAME_PILOT,9695aaad009797ac6726,339914,0,8,3,high,0.7,uniform,ring,0.5857864376269047,greedy_capacity,none,none,0.6666666666666666,0.8798226285440217,True,0.6666666666666666,0.8798226285440217,0.7330809447854834,0.5529597776107738,4.573980075011282,3.131763619089154,5.069659310416834,0.3822536333646341,True,0,0.0,0.0,,,,0,24,0.00044400012120604515
SP2_HETEROGENEOUS_GAME_PILOT,9695aaad009797ac6726,339914,0,8,3,high,0.7,uniform,ring,0.5857864376269047,auction_capacity,none,none,0.6666666666666666,0.9605511848498319,True,0.6666666666666666,0.9605511848498319,0.24063743723623032,0.2452654093241189,3.1639041270340207,3.360442644823147,5.069659310416834,0.33714625795104036,True,0,0.0,0.0,,,,0,24,0.00022569997236132622
SP2_HETEROGENEOUS_GAME_PILOT,9695aaad009797ac6726,339914,0,8,3,high,0.7,uniform,ring,0.5857864376269047,milp_exact,none,none,1.0,1.0,True,1.0,1.0,0.0,0.16360670081922735,2.4417586197895713,5.069659310416834,5.069659310416834,0.0,True,0,0.0,0.0,,,,0,24,6.54000323265791e-05
SP2_HETEROGENEOUS_GAME_PILOT,450e07a2416d6d7d0696,339915,1,8,3,high,0.7,uniform,ring,0.5857864376269047,smith__plain_deficit,smith,plain_deficit,0.3333333333333333,0.5221674915011095,True,1.0,1.0,0.0,0.12272513175433798,1.6427748783256655,5.133578009733947,5.133578009733947,0.0,False,220,0.06705456304063369,2.220446049250313e-16,,,,0,42240,0.03352269995957613
SP2_HETEROGENEOUS_GAME_PILOT,450e07a2416d6d7d0696,339915,1,8,3,high,0.7,uniform,ring,0.5857864376269047,smith__marginal_deficit,smith,marginal_deficit,0.3333333333333333,0.5221674915011095,True,1.0,1.0,0.0,0.08203704717867158,1.872704524383257,5.11518363804934,5.133578009733947,0.0035831483713170734,False,220,0.08423744337564815,1.1102230246251565e-16,6.443656958691732,7.220110247139196,0.7764532884474642,0,42240,0.03695099987089634
SP2_HETEROGENEOUS_GAME_PILOT,450e07a2416d6d7d0696,339915,1,8,3,high,0.7,uniform,ring,0.5857864376269047,smith__marginal_log,smith,marginal_log,0.6666666666666666,0.8085677976922506,True,1.0,1.0,0.0,0.17433469591627354,2.483737678694458,5.066300985704444,5.133578009733947,0.013105289118415353,False,220,0.10747840733198355,2.220446049250313e-16,2.4955914454156076,6.821348080869701,4.325756635454093,0,42240,0.0403122000861913
SP2_HETEROGENEOUS_GAME_PILOT,450e07a2416d6d7d0696,339915,1,8,3,high,0.7,uniform,ring,0.5857864376269047,replicator__plain_deficit,replicator,plain_deficit,0.3333333333333333,0.3333333333333333,True,1.0,1.0,0.0,0.08203704717867158,1.872704524383257,5.11518363804934,5.133578009733947,0.0035831483713170734,False,220,0.05315034091189876,0.0,,,,0,42240,0.033360099885612726
SP2_HETEROGENEOUS_GAME_PILOT,450e07a2416d6d7d0696,339915,1,8,3,high,0.7,uniform,ring,0.5857864376269047,replicator__marginal_deficit,replicator,marginal_deficit,0.3333333333333333,0.3333333333333333,True,1.0,1.0,0.0,0.08203704717867158,1.872704524383257,5.11518363804934,5.133578009733947,0.0035831483713170734,False,220,0.049270313996598314,2.220446049250313e-16,6.439538147192857,7.072441217003358,0.6329030698105012,0,42240,0.03899180004373193
SP2_HETEROGENEOUS_GAME_PILOT,450e07a2416d6d7d0696,339915,1,8,3,high,0.7,uniform,ring,0.5857864376269047,replicator__marginal_log,replicator,marginal_log,0.6666666666666666,0.9873874567494472,True,1.0,1.0,0.0,0.2417247879185896,2.044911353219984,5.101407091742402,5.133578009733947,0.0062667632459357725,False,220,0.14155536674393243,1.1102230246251565e-16,2.5686110873639403,6.438883781646972,3.8702726942830314,0,42240,0.033695299876853824
SP2_HETEROGENEOUS_GAME_PILOT,450e07a2416d6d7d0696,339915,1,8,3,high,0.7,uniform,ring,0.5857864376269047,erv_bnn__plain_deficit,erv_bnn,plain_deficit,0.3333333333333333,0.3333333333333333,True,1.0,1.0,0.0,0.12272513175433798,1.6427748783256655,5.133578009733947,5.133578009733947,0.0,False,220,0.06764435696592203,1.1102230246251565e-16,,,,0,42240,0.03131720004603267
SP2_HETEROGENEOUS_GAME_PILOT,450e07a2416d6d7d0696,339915,1,8,3,high,0.7,uniform,ring,0.5857864376269047,erv_bnn__marginal_deficit,erv_bnn,marginal_deficit,0.3333333333333333,0.3333333333333333,True,1.0,1.0,0.0,0.08203704717867158,1.872704524383257,5.11518363804934,5.133578009733947,0.0035831483713170734,False,220,0.0688178824769081,1.1102230246251565e-16,6.434377667778571,7.1124614349821185,0.6780837672035478,0,42240,0.035514899995177984
SP2_HETEROGENEOUS_GAME_PILOT,450e07a2416d6d7d0696,339915,1,8,3,high,0.7,uniform,ring,0.5857864376269047,erv_bnn__marginal_log,erv_bnn,marginal_log,0.6666666666666666,0.8085677976922506,True,1.0,1.0,0.0,0.16122680196855466,2.504369949189843,5.064650404064813,5.133578009733947,0.013426815670948802,False,220,0.08048107078918906,2.220446049250313e-16,2.51630203181811,5.917089948529318,3.400787916711208,0,42240,0.035920599941164255
SP2_HETEROGENEOUS_GAME_PILOT,450e07a2416d6d7d0696,339915,1,8,3,high,0.7,uniform,ring,0.5857864376269047,uniform_closure,none,none,0.0,0.0,True,1.0,1.0,0.0,0.12272513175433798,1.6427748783256655,5.133578009733947,5.133578009733947,0.0,True,0,0.0,0.0,,,,0,24,0.00028629996813833714
SP2_HETEROGENEOUS_GAME_PILOT,450e07a2416d6d7d0696,339915,1,8,3,high,0.7,uniform,ring,0.5857864376269047,random_closure,none,none,0.3333333333333333,0.8458675463040578,True,0.6666666666666666,0.9671933048417869,0.22604382844164528,0.36929793292942387,4.115709331274722,3.2946391659073564,5.133578009733947,0.3582177655311204,True,0,0.0,0.0,,,,0,24,0.0004235000815242529
SP2_HETEROGENEOUS_GAME_PILOT,450e07a2416d6d7d0696,339915,1,8,3,high,0.7,uniform,ring,0.5857864376269047,greedy_capacity,none,none,0.6666666666666666,0.7563840179461518,True,0.6666666666666666,0.7563840179461518,1.6785564345159874,0.8082594212977168,3.565571002875416,3.036215930929297,5.133578009733947,0.4085575547557225,True,0,0.0,0.0,,,,0,24,0.0004569001030176878
SP2_HETEROGENEOUS_GAME_PILOT,450e07a2416d6d7d0696,339915,1,8,3,high,0.7,uniform,ring,0.5857864376269047,auction_capacity,none,none,1.0,1.0,True,1.0,1.0,0.0,0.12272513175433798,1.6427748783256655,5.133578009733947,5.133578009733947,0.0,True,0,0.0,0.0,,,,0,24,0.00021730014123022556
SP2_HETEROGENEOUS_GAME_PILOT,450e07a2416d6d7d0696,339915,1,8,3,high,0.7,uniform,ring,0.5857864376269047,milp_exact,none,none,1.0,1.0,True,1.0,1.0,0.0,0.12272513175433798,1.6427748783256655,5.133578009733947,5.133578009733947,0.0,True,0,0.0,0.0,,,,0,24,6.560003384947777e-05
SP2_HETEROGENEOUS_GAME_PILOT,63836b2c4d375765b98d,339916,0,8,3,high,1.0,uniform,complete,7.999999999999991,smith__plain_deficit,smith,plain_deficit,0.6666666666666666,0.6666666666666666,True,0.3333333333333333,0.9409912872253531,0.3764681435349566,0.05498239881254702,4.325928269568954,2.149075975495502,3.5906543780137827,0.4014806914709816,False,220,0.09427675261858108,1.1102230246251565e-16,,,,0,36960,0.031837499933317304
SP2_HETEROGENEOUS_GAME_PILOT,63836b2c4d375765b98d,339916,0,8,3,high,1.0,uniform,complete,7.999999999999991,smith__marginal_deficit,smith,marginal_deficit,0.6666666666666666,0.6666666666666666,True,0.3333333333333333,0.9409912872253531,0.3764681435349566,0.05498239881254702,4.325928269568954,2.149075975495502,3.5906543780137827,0.4014806914709816,False,220,0.09833758941742257,2.220446049250313e-16,5.797495754633697,6.692592110577466,0.8950963559437684,0,36960,0.03640729980543256
SP2_HETEROGENEOUS_GAME_PILOT,63836b2c4d375765b98d,339916,0,8,3,high,1.0,uniform,complete,7.999999999999991,smith__marginal_log,smith,marginal_log,0.6666666666666666,0.8363944568159098,True,0.6666666666666666,0.867812581363466,0.912735488975283,0.16265291898982545,4.233217355347846,3.3109657170252618,3.5906543780137827,0.07789350673824375,False,220,0.09815260125955118,0.0,-2.964861812022823,1.1467881607396258,4.111649972762449,0,36960,0.03481080010533333
SP2_HETEROGENEOUS_GAME_PILOT,63836b2c4d375765b98d,339916,0,8,3,high,1.0,uniform,complete,7.999999999999991,replicator__plain_deficit,replicator,plain_deficit,0.3333333333333333,0.42298076738714663,True,0.3333333333333333,0.9700246103891232,0.17599714041078207,0.009301282956593446,4.367094913736631,2.183504686004708,3.5906543780137827,0.39189226917113035,False,220,0.06731436772394811,2.220446049250313e-16,,,,0,36960,0.02828700002282858
SP2_HETEROGENEOUS_GAME_PILOT,63836b2c4d375765b98d,339916,0,8,3,high,1.0,uniform,complete,7.999999999999991,replicator__marginal_deficit,replicator,marginal_deficit,0.6666666666666666,0.6666666666666666,True,0.3333333333333333,0.9700246103891232,0.17599714041078207,0.009301282956593446,4.367094913736631,2.183504686004708,3.5906543780137827,0.39189226917113035,False,220,0.06434087432312327,1.1102230246251565e-16,5.804852215759967,6.387172004191276,0.5823197884313096,0,36960,0.03350199991837144
SP2_HETEROGENEOUS_GAME_PILOT,63836b2c4d375765b98d,339916,0,8,3,high,1.0,uniform,complete,7.999999999999991,replicator__marginal_log,replicator,marginal_log,0.6666666666666666,0.8363944568159098,True,0.3333333333333333,0.9409912872253531,0.3764681435349566,0.05498239881254702,4.325928269568954,2.149075975495502,3.5906543780137827,0.4014806914709816,False,220,0.1278987106839587,2.220446049250313e-16,-3.0014647367449054,0.6880969092589844,3.68956164600389,0,36960,0.03457480017095804
SP2_HETEROGENEOUS_GAME_PILOT,63836b2c4d375765b98d,339916,0,8,3,high,1.0,uniform,complete,7.999999999999991,erv_bnn__plain_deficit,erv_bnn,plain_deficit,0.6666666666666666,0.6666666666666666,True,0.3333333333333333,0.9700246103891232,0.17599714041078207,0.009301282956593446,4.367094913736631,2.183504686004708,3.5906543780137827,0.39189226917113035,False,220,0.07399653601517989,0.0,,,,0,36960,0.031028300058096647
SP2_HETEROGENEOUS_GAME_PILOT,63836b2c4d375765b98d,339916,0,8,3,high,1.0,uniform,complete,7.999999999999991,erv_bnn__marginal_deficit,erv_bnn,marginal_deficit,0.6666666666666666,0.6666666666666666,True,0.3333333333333333,0.9409912872253531,0.3764681435349566,0.05498239881254702,4.325928269568954,2.149075975495502,3.5906543780137827,0.4014806914709816,False,220,0.06411731407894537,1.1102230246251565e-16,5.776624923233094,6.453382667028432,0.6767577437953376,0,36960,0.03356690006330609
SP2_HETEROGENEOUS_GAME_PILOT,63836b2c4d375765b98d,339916,0,8,3,high,1.0,uniform,complete,7.999999999999991,erv_bnn__marginal_log,erv_bnn,marginal_log,0.6666666666666666,0.8363944568159098,True,0.6666666666666666,0.9267833518448416,0.5055506329144692,0.0843186178279579,4.3403642932634625,3.3790127448587297,3.5906543780137827,0.05894235726250137,False,220,0.08902542009148956,1.1102230246251565e-16,-3.010100946405793,0.2645109775599812,3.2746119239657743,0,36960,0.03365020011551678
SP2_HETEROGENEOUS_GAME_PILOT,63836b2c4d375765b98d,339916,0,8,3,high,1.0,uniform,complete,7.999999999999991,uniform_closure,none,none,0.0,0.0,True,0.3333333333333333,0.9409912872253531,0.3764681435349566,0.05498239881254702,4.325928269568954,2.149075975495502,3.5906543780137827,0.4014806914709816,True,0,0.0,0.0,,,,0,24,0.0003301000688225031
SP2_HETEROGENEOUS_GAME_PILOT,63836b2c4d375765b98d,339916,0,8,3,high,1.0,uniform,complete,7.999999999999991,random_closure,none,none,0.3333333333333333,0.6343040439190767,True,0.3333333333333333,0.9143463674426067,0.5604475580470327,0.07807381040439364,4.826548040564491,2.0744075257449377,3.5906543780137827,0.4222759120323847,True,0,0.0,0.0,,,,0,24,0.0004012999124825001
SP2_HETEROGENEOUS_GAME_PILOT,63836b2c4d375765b98d,339916,0,8,3,high,1.0,uniform,complete,7.999999999999991,greedy_capacity,none,none,0.3333333333333333,0.9409912872253531,True,0.3333333333333333,0.9409912872253531,0.3764681435349566,0.05498239881254702,4.325928269568954,2.149075975495502,3.5906543780137827,0.4014806914709816,True,0,0.0,0.0,,,,0,24,0.00043959985487163067
SP2_HETEROGENEOUS_GAME_PILOT,63836b2c4d375765b98d,339916,0,8,3,high,1.0,uniform,complete,7.999999999999991,auction_capacity,none,none,0.3333333333333333,0.8260435385518491,True,0.3333333333333333,0.8260435385518491,1.1701661419851774,0.05498239881254702,1.7590661660447198,2.2050771139162957,3.5906543780137827,0.38588433144153994,True,0,0.0,0.0,,,,0,24,0.00021569989621639252
SP2_HETEROGENEOUS_GAME_PILOT,63836b2c4d375765b98d,339916,0,8,3,high,1.0,uniform,complete,7.999999999999991,milp_exact,none,none,0.6666666666666666,0.8916910554187334,True,0.6666666666666666,0.8916910554187334,0.4237060593402464,0.036190213945776095,3.762803623100764,3.5906543780137827,3.5906543780137827,0.0,True,0,0.0,0.0,,,,0,24,8.080014958977699e-05
SP2_HETEROGENEOUS_GAME_PILOT,acce219d2dfa05cbd573,339917,1,8,3,high,1.0,uniform,complete,7.999999999999991,smith__plain_deficit,smith,plain_deficit,0.3333333333333333,0.3333333333333333,True,0.3333333333333333,0.9205210767238032,0.39872412928714573,0.04949990874888638,3.345041883077729,2.092456641580956,3.6374471585618973,0.42474583124714577,False,220,0.07338113449834473,0.0,,,,0,36960,0.03086910001002252
SP2_HETEROGENEOUS_GAME_PILOT,acce219d2dfa05cbd573,339917,1,8,3,high,1.0,uniform,complete,7.999999999999991,smith__marginal_deficit,smith,marginal_deficit,0.6666666666666666,0.7407540514836688,True,0.6666666666666666,0.9179516556069177,0.6792509427362341,0.12572306717346102,2.826309228768728,3.3789673417704504,3.6374471585618973,0.07106077573746515,False,220,0.07779398558765624,0.0,6.040787848546423,6.891228745149504,0.8504408966030805,0,36960,0.034239300061017275
SP2_HETEROGENEOUS_GAME_PILOT,acce219d2dfa05cbd573,339917,1,8,3,high,1.0,uniform,complete,7.999999999999991,smith__marginal_log,smith,marginal_log,0.6666666666666666,0.8173929937317252,True,0.6666666666666666,0.8815056520880358,0.9809752789466781,0.18406047315361646,2.747185065239029,3.3345934577463163,3.6374471585618973,0.08325995887052758,False,220,0.10281216485997305,2.220446049250313e-16,-2.1460613242375812,2.0754865073606252,4.2215478315982065,0,36960,0.033477900084108114
SP2_HETEROGENEOUS_GAME_PILOT,acce219d2dfa05cbd573,339917,1,8,3,high,1.0,uniform,complete,7.999999999999991,replicator__plain_deficit,replicator,plain_deficit,0.3333333333333333,0.3333333333333333,True,0.6666666666666666,0.8819371780060341,0.4727241175837499,0.07023982560464423,3.3985933705751283,3.594838277186887,3.6374471585618973,0.01171395198820047,False,220,0.04359892954762808,2.220446049250313e-16,,,,0,36960,0.030591699993237853
SP2_HETEROGENEOUS_GAME_PILOT,acce219d2dfa05cbd573,339917,1,8,3,high,1.0,uniform,complete,7.999999999999991,replicator__marginal_deficit,replicator,marginal_deficit,0.3333333333333333,0.5284065345650354,True,0.6666666666666666,0.9321579940108656,0.5616413940598917,0.08431307542115636,3.260704047306699,3.36397966768071,3.6374471585618973,0.07518115836748145,False,220,0.08080986009787869,2.220446049250313e-16,6.089374595098138,6.72368001239166,0.6343054172935219,0,36960,0.033061099937185645
SP2_HETEROGENEOUS_GAME_PILOT,acce219d2dfa05cbd573,339917,1,8,3,high,1.0,uniform,complete,7.999999999999991,replicator__marginal_log,replicator,marginal_log,0.6666666666666666,0.8173929937317252,True,0.6666666666666666,0.8538389972506071,1.2100183086347445,0.2264157621195106,2.685982305386132,3.30099972431778,3.6374471585618973,0.09249548366693945,False,220,0.12108886719223112,1.1102230246251565e-16,-2.128517128797456,1.5409102807613002,3.669427409558756,0,36960,0.03403249988332391
SP2_HETEROGENEOUS_GAME_PILOT,acce219d2dfa05cbd573,339917,1,8,3,high,1.0,uniform,complete,7.999999999999991,erv_bnn__plain_deficit,erv_bnn,plain_deficit,0.3333333333333333,0.3333333333333333,True,0.3333333333333333,0.9205210767238032,0.39872412928714573,0.04949990874888638,3.345041883077729,2.092456641580956,3.6374471585618973,0.42474583124714577,False,220,0.06043312530665308,2.220446049250313e-16,,,,0,36960,0.030550200026482344
SP2_HETEROGENEOUS_GAME_PILOT,acce219d2dfa05cbd573,339917,1,8,3,high,1.0,uniform,complete,7.999999999999991,erv_bnn__marginal_deficit,erv_bnn,marginal_deficit,0.6666666666666666,0.7407540514836688,True,0.6666666666666666,0.9179516556069177,0.6792509427362341,0.12572306717346102,2.826309228768728,3.3789673417704504,3.6374471585618973,0.07106077573746515,False,220,0.06624437660736761,2.220446049250313e-16,6.0567528623875475,6.713919330943421,0.6571664685558734,0,36960,0.03539909981191158
SP2_HETEROGENEOUS_GAME_PILOT,acce219d2dfa05cbd573,339917,1,8,3,high,1.0,uniform,complete,7.999999999999991,erv_bnn__marginal_log,erv_bnn,marginal_log,0.6666666666666666,0.8173929937317252,True,0.6666666666666666,0.9179516556069177,0.6792509427362341,0.12572306717346102,2.826309228768728,3.3789673417704504,3.6374471585618973,0.07106077573746515,False,220,0.08953095916366421,1.1102230246251565e-16,-2.2395584357724765,1.1194673738259522,3.3590258095984287,0,36960,0.03425020002759993
SP2_HETEROGENEOUS_GAME_PILOT,acce219d2dfa05cbd573,339917,1,8,3,high,1.0,uniform,complete,7.999999999999991,uniform_closure,none,none,0.0,0.0,True,0.6666666666666666,0.9170977411335025,0.6863202165329678,0.06882421972136937,4.0005578065925835,3.2838394865190157,3.6374471585618973,0.09721314334712812,True,0,0.0,0.0,,,,0,24,0.0003348998725414276
SP2_HETEROGENEOUS_GAME_PILOT,acce219d2dfa05cbd573,339917,1,8,3,high,1.0,uniform,complete,7.999999999999991,random_closure,none,none,0.3333333333333333,0.6182368873834112,True,0.6666666666666666,0.800843893651686,1.6487471379151395,0.20995160562196988,4.149319426521554,3.1102057672762435,3.6374471585618973,0.14494819259287992,True,0,0.0,0.0,,,,0,24,0.000404000049456954
SP2_HETEROGENEOUS_GAME_PILOT,acce219d2dfa05cbd573,339917,1,8,3,high,1.0,uniform,complete,7.999999999999991,greedy_capacity,none,none,0.6666666666666666,0.6666666666666666,True,0.6666666666666666,0.6666666666666666,2.7595557544384524,0.49493556563891955,2.811483677529397,3.030564764603151,3.6374471585618973,0.1668429443793442,True,0,0.0,0.0,,,,0,24,0.0004322999157011509
SP2_HETEROGENEOUS_GAME_PILOT,acce219d2dfa05cbd573,339917,1,8,3,high,1.0,uniform,complete,7.999999999999991,auction_capacity,none,none,0.6666666666666666,0.8918138354616811,True,0.6666666666666666,0.8918138354616811,0.8956372587070285,0.06882421972136937,3.4634891700863326,3.2916299128193827,3.6374471585618973,0.09507141428254784,True,0,0.0,0.0,,,,0,24,0.00021950015798211098
SP2_HETEROGENEOUS_GAME_PILOT,acce219d2dfa05cbd573,339917,1,8,3,high,1.0,uniform,complete,7.999999999999991,milp_exact,none,none,0.6666666666666666,0.885103560400646,True,0.6666666666666666,0.885103560400646,0.41870585881126354,0.030151641834285578,3.2381737092075404,3.6374471585618973,3.6374471585618973,0.0,True,0,0.0,0.0,,,,0,24,6.420002318918705e-05
SP2_HETEROGENEOUS_GAME_PILOT,1928c90960572aa77f62,339918,0,8,3,high,1.0,uniform,ring,0.5857864376269047,smith__plain_deficit,smith,plain_deficit,0.3333333333333333,0.6314640288219998,True,0.3333333333333333,0.899118774471329,0.5642610511591077,0.08046921787114977,3.802714668544854,2.145722212681077,3.540618447901163,0.3939696569244744,False,220,0.06215447138869573,2.220446049250313e-16,,,,0,42240,0.031191699905321002
SP2_HETEROGENEOUS_GAME_PILOT,1928c90960572aa77f62,339918,0,8,3,high,1.0,uniform,ring,0.5857864376269047,smith__marginal_deficit,smith,marginal_deficit,0.3333333333333333,0.7833599690195339,True,0.6666666666666666,0.9051171832935943,0.655340920059758,0.09644454359064676,3.7559934533260586,3.3862350796044876,3.540618447901163,0.04360350333377271,False,220,0.07931572925257684,1.1102230246251565e-16,5.903680640824511,6.656930856167025,0.753250215342514,0,42240,0.03561210003681481
SP2_HETEROGENEOUS_GAME_PILOT,1928c90960572aa77f62,339918,0,8,3,high,1.0,uniform,ring,0.5857864376269047,smith__marginal_log,smith,marginal_log,0.6666666666666666,0.6666666666666666,True,0.6666666666666666,0.7616857054334704,1.645999923757299,0.3018248413119192,3.5040529336179222,3.2186814044818,3.540618447901163,0.09092678246937436,False,220,0.08236147669471196,1.1102230246251565e-16,-2.8343675204860963,1.2591714680949209,4.093538988581017,0,42240,0.033792899921536446
SP2_HETEROGENEOUS_GAME_PILOT,1928c90960572aa77f62,339918,0,8,3,high,1.0,uniform,ring,0.5857864376269047,replicator__plain_deficit,replicator,plain_deficit,0.3333333333333333,0.5314441869759983,True,0.3333333333333333,0.9373359701477119,0.26767919814849517,0.005779430732656322,4.245164042475541,2.25726198991847,3.540618447901163,0.36246674892163305,False,220,0.04738522925646207,1.1102230246251565e-16,,,,0,42240,0.028884500032290816
SP2_HETEROGENEOUS_GAME_PILOT,1928c90960572aa77f62,339918,0,8,3,high,1.0,uniform,ring,0.5857864376269047,replicator__marginal_deficit,replicator,marginal_deficit,0.6666666666666666,0.6666666666666666,True,0.3333333333333333,0.8693505353329671,0.769865668545809,0.10606899629359293,4.00941271777465,2.0902286447892524,3.540618447901163,0.4096430678577311,False,220,0.0571225901548979,0.0,5.870882219083656,6.419149013222306,0.5482667941386499,0,42240,0.03301650006324053
SP2_HETEROGENEOUS_GAME_PILOT,1928c90960572aa77f62,339918,0,8,3,high,1.0,uniform,ring,0.5857864376269047,replicator__marginal_log,replicator,marginal_log,0.6666666666666666,0.6666666666666666,True,0.6666666666666666,0.7957721298579448,1.410570269376325,0.25873314515553936,3.5507741488367177,3.2595526445654355,3.540618447901163,0.07938325111036466,False,220,0.09765154720504232,1.1102230246251565e-16,-2.865494958795087,0.8497481096746191,3.715243068469706,0,42240,0.03509960020892322
SP2_HETEROGENEOUS_GAME_PILOT,1928c90960572aa77f62,339918,0,8,3,high,1.0,uniform,ring,0.5857864376269047,erv_bnn__plain_deficit,erv_bnn,plain_deficit,0.3333333333333333,0.6314640288219998,True,0.3333333333333333,0.899118774471329,0.5642610511591077,0.08046921787114977,3.802714668544854,2.145722212681077,3.540618447901163,0.3939696569244744,False,220,0.051275378203367555,2.220446049250313e-16,,,,0,42240,0.03152660001069307
SP2_HETEROGENEOUS_GAME_PILOT,1928c90960572aa77f62,339918,0,8,3,high,1.0,uniform,ring,0.5857864376269047,erv_bnn__marginal_deficit,erv_bnn,marginal_deficit,0.3333333333333333,0.6314640288219998,True,0.6666666666666666,0.9051171832935943,0.655340920059758,0.09644454359064676,3.7559934533260586,3.3862350796044876,3.540618447901163,0.04360350333377271,False,220,0.05431103180733484,0.0,5.845638186853748,6.474849654116769,0.6292114672630209,0,42240,0.03549869987182319
SP2_HETEROGENEOUS_GAME_PILOT,1928c90960572aa77f62,339918,0,8,3,high,1.0,uniform,ring,0.5857864376269047,erv_bnn__marginal_log,erv_bnn,marginal_log,0.6666666666666666,0.7616857054334704,True,0.6666666666666666,0.7616857054334704,1.645999923757299,0.3018248413119192,3.5040529336179222,3.2186814044818,3.540618447901163,0.09092678246937436,False,220,0.08075742158675264,1.1102230246251565e-16,-2.8479948027583815,0.3232150932036377,3.1712098959620194,0,42240,0.034913300070911646
SP2_HETEROGENEOUS_GAME_PILOT,1928c90960572aa77f62,339918,0,8,3,high,1.0,uniform,ring,0.5857864376269047,uniform_closure,none,none,0.0,0.0,True,0.6666666666666666,0.9399791527997087,0.4145546959120736,0.022407181122569782,4.519137246755714,3.3708074700453667,3.540618447901163,0.04796082389404549,True,0,0.0,0.0,,,,0,24,0.0003146999515593052
SP2_HETEROGENEOUS_GAME_PILOT,1928c90960572aa77f62,339918,0,8,3,high,1.0,uniform,ring,0.5857864376269047,random_closure,none,none,0.0,0.634190530795121,True,0.0,0.9299866287334817,0.3123917604116977,0.0,4.8452718328054765,0.7458809602476169,3.540618447901163,0.7893359673675749,True,0,0.0,0.0,,,,0,24,0.000489699887111783
SP2_HETEROGENEOUS_GAME_PILOT,1928c90960572aa77f62,339918,0,8,3,high,1.0,uniform,ring,0.5857864376269047,greedy_capacity,none,none,0.6666666666666666,0.7703917033010619,True,0.6666666666666666,0.7703917033010619,1.5858689448231498,0.28534324001881667,3.525363270512875,3.228370125535796,3.540618447901163,0.08819033368321974,True,0,0.0,0.0,,,,0,24,0.0004646000452339649
SP2_HETEROGENEOUS_GAME_PILOT,1928c90960572aa77f62,339918,0,8,3,high,1.0,uniform,ring,0.5857864376269047,auction_capacity,none,none,0.3333333333333333,0.8998943195529693,True,0.3333333333333333,0.8998943195529693,0.5589044813923978,0.0064318554030727984,3.794793545871983,2.14737085910902,3.540618447901163,0.39350401894280473,True,0,0.0,0.0,,,,0,24,0.00027139997109770775
SP2_HETEROGENEOUS_GAME_PILOT,1928c90960572aa77f62,339918,0,8,3,high,1.0,uniform,ring,0.5857864376269047,milp_exact,none,none,0.6666666666666666,0.8822629999078876,True,0.6666666666666666,0.8822629999078876,0.4239835700894613,0.021955846801092915,4.4570454284088745,3.540618447901163,3.540618447901163,0.0,True,0,0.0,0.0,,,,0,24,7.220008410513401e-05
SP2_HETEROGENEOUS_GAME_PILOT,27f8ca2c15106e6af357,339919,1,8,3,high,1.0,uniform,ring,0.5857864376269047,smith__plain_deficit,smith,plain_deficit,0.3333333333333333,0.3333333333333333,True,0.0,0.9275284638763752,0.3182337385135259,0.0,4.817316154238595,0.7447816873125799,3.6087820109236497,0.7936196519883569,False,220,0.05946616183476552,0.0,,,,0,42240,0.031960600055754185
SP2_HETEROGENEOUS_GAME_PILOT,27f8ca2c15106e6af357,339919,1,8,3,high,1.0,uniform,ring,0.5857864376269047,smith__marginal_deficit,smith,marginal_deficit,0.3333333333333333,0.3333333333333333,True,0.6666666666666666,0.9535732603824582,0.39216861088841837,0.0412429276426782,4.326235587397686,3.274639286011947,3.6087820109236497,0.09259155136006135,False,220,0.08025559616823479,0.0,5.692320800861248,6.536200486037524,0.843879685176276,0,42240,0.036817099899053574
SP2_HETEROGENEOUS_GAME_PILOT,27f8ca2c15106e6af357,339919,1,8,3,high,1.0,uniform,ring,0.5857864376269047,smith__marginal_log,smith,marginal_log,0.3333333333333333,0.8918224313847872,True,0.6666666666666666,0.83635576111506,1.382309728662296,0.2703933555514083,4.417791988508933,3.1008094073221044,3.6087820109236497,0.1407601240706507,False,220,0.07807726570729198,2.220446049250313e-16,-2.0206039530463973,1.6738878459829811,3.6944917990293784,0,42240,0.0348620000295341
SP2_HETEROGENEOUS_GAME_PILOT,27f8ca2c15106e6af357,339919,1,8,3,high,1.0,uniform,ring,0.5857864376269047,replicator__plain_deficit,replicator,plain_deficit,0.3333333333333333,0.3333333333333333,True,0.0,0.9309298539794582,0.28159014730780485,0.0,5.084745143973148,0.7287064907909282,3.6087820109236497,0.7980741179197965,False,220,0.02569424820108988,2.220446049250313e-16,,,,0,42240,0.032249900046736
SP2_HETEROGENEOUS_GAME_PILOT,27f8ca2c15106e6af357,339919,1,8,3,high,1.0,uniform,ring,0.5857864376269047,replicator__marginal_deficit,replicator,marginal_deficit,0.3333333333333333,0.3333333333333333,True,0.3333333333333333,0.9727153048528588,0.203387524627199,0.002251966693674952,4.60825236700482,2.065763635158299,3.6087820109236497,0.42757317319103544,False,220,0.041072600168933375,0.0,5.702430469810918,6.356969009733227,0.6545385399223091,0,42240,0.03495029988698661
SP2_HETEROGENEOUS_GAME_PILOT,27f8ca2c15106e6af357,339919,1,8,3,high,1.0,uniform,ring,0.5857864376269047,replicator__marginal_log,replicator,marginal_log,0.3333333333333333,0.8918224313847872,True,0.6666666666666666,0.9247542781945394,0.6356037584985654,0.10540891040588345,4.6308634431744515,3.2093322074697763,3.6087820109236497,0.11068826053908315,False,220,0.08693848976155683,2.220446049250313e-16,-2.118529846709942,1.3214420034226269,3.4399718501325687,0,42240,0.03424979979172349
SP2_HETEROGENEOUS_GAME_PILOT,27f8ca2c15106e6af357,339919,1,8,3,high,1.0,uniform,ring,0.5857864376269047,erv_bnn__plain_deficit,erv_bnn,plain_deficit,0.3333333333333333,0.3333333333333333,True,0.0,0.9309298539794582,0.28159014730780485,0.0,5.084745143973148,0.7287064907909282,3.6087820109236497,0.7980741179197965,False,220,0.0380603375590524,2.220446049250313e-16,,,,0,42240,0.031926299910992384
SP2_HETEROGENEOUS_GAME_PILOT,27f8ca2c15106e6af357,339919,1,8,3,high,1.0,uniform,ring,0.5857864376269047,erv_bnn__marginal_deficit,erv_bnn,marginal_deficit,0.3333333333333333,0.3333333333333333,True,0.6666666666666666,0.9393783432363333,0.5120736695837005,0.04991867985826701,4.6570636876110765,3.2280094114198565,3.6087820109236497,0.10551277365914832,False,220,0.04800069275599436,2.220446049250313e-16,5.671636921081244,6.369031225644576,0.697394304563332,0,42240,0.03729660017415881
SP2_HETEROGENEOUS_GAME_PILOT,27f8ca2c15106e6af357,339919,1,8,3,high,1.0,uniform,ring,0.5857864376269047,erv_bnn__marginal_log,erv_bnn,marginal_log,0.3333333333333333,0.8918224313847872,True,0.6666666666666666,0.83635576111506,1.382309728662296,0.2703933555514083,4.417791988508933,3.1008094073221044,3.6087820109236497,0.1407601240706507,False,220,0.06279941754516441,1.1102230246251565e-16,-2.193743594617109,0.8179973545545791,3.011740949171688,0,42240,0.03608610015362501
SP2_HETEROGENEOUS_GAME_PILOT,27f8ca2c15106e6af357,339919,1,8,3,high,1.0,uniform,ring,0.5857864376269047,uniform_closure,none,none,0.0,0.0,True,0.3333333333333333,0.958520387706734,0.3232925833224811,0.010927718909263754,4.939080467218211,2.019133760566208,3.6087820109236497,0.44049439549012254,True,0,0.0,0.0,,,,0,24,0.0003111001569777727
SP2_HETEROGENEOUS_GAME_PILOT,27f8ca2c15106e6af357,339919,1,8,3,high,1.0,uniform,ring,0.5857864376269047,random_closure,none,none,0.0,0.4849941393757356,True,0.6666666666666666,0.8842572628537572,0.9776837404691452,0.11851847017429964,5.20248762635638,3.1060769849725016,3.6087820109236497,0.13930046880899943,True,0,0.0,0.0,,,,0,24,0.0003961999900639057
SP2_HETEROGENEOUS_GAME_PILOT,27f8ca2c15106e6af357,339919,1,8,3,high,1.0,uniform,ring,0.5857864376269047,greedy_capacity,none,none,0.6666666666666666,0.7631357259640601,True,0.6666666666666666,0.7631357259640601,2.0008024272863296,0.3762817506123927,4.57176415381622,2.984483880378602,3.6087820109236497,0.17299413726163573,True,0,0.0,0.0,,,,0,24,0.00042179995216429234
SP2_HETEROGENEOUS_GAME_PILOT,27f8ca2c15106e6af357,339919,1,8,3,high,1.0,uniform,ring,0.5857864376269047,auction_capacity,none,none,0.3333333333333333,0.8767379815165505,True,0.3333333333333333,0.8767379815165505,1.0141119881509517,0.010927718909263754,3.1260767471561643,2.048003609140008,3.6087820109236497,0.4324945084128727,True,0,0.0,0.0,,,,0,24,0.0002095999661833048
SP2_HETEROGENEOUS_GAME_PILOT,27f8ca2c15106e6af357,339919,1,8,3,high,1.0,uniform,ring,0.5857864376269047,milp_exact,none,none,0.6666666666666666,0.9399120994943547,True,0.6666666666666666,0.9399120994943547,0.18885074996568163,0.021589222727395045,4.691601927119186,3.6087820109236497,3.6087820109236497,0.0,True,0,0.0,0.0,,,,0,24,6.480002775788307e-05
SP2_HETEROGENEOUS_GAME_PILOT,842465fb6284b99874d7,339920,0,8,3,high,1.25,uniform,complete,7.999999999999991,smith__plain_deficit,smith,plain_deficit,0.3333333333333333,0.3333333333333333,True,0.0,0.5996351517767015,1.694598007066502,0.0,3.7752026916601045,0.47126099686245176,3.151718378644524,0.8504749028163077,False,220,0.041538999012766406,1.1102230246251565e-16,,,,0,36960,0.03129579988308251
SP2_HETEROGENEOUS_GAME_PILOT,842465fb6284b99874d7,339920,0,8,3,high,1.25,uniform,complete,7.999999999999991,smith__marginal_deficit,smith,marginal_deficit,0.0,0.557511679939552,True,0.3333333333333333,0.8374253588400365,1.6875419582131845,0.00922123296025988,4.0793387398117185,1.834670850452665,3.151718378644524,0.41788236446375915,False,220,0.07728173019688778,1.1102230246251565e-16,5.171982621346109,6.037704288367222,0.8657216670211136,0,36960,0.03972009988501668
SP2_HETEROGENEOUS_GAME_PILOT,842465fb6284b99874d7,339920,0,8,3,high,1.25,uniform,complete,7.999999999999991,smith__marginal_log,smith,marginal_log,0.3333333333333333,0.6678913746855004,True,0.3333333333333333,0.8374253588400365,1.6875419582131845,0.00922123296025988,4.0793387398117185,1.834670850452665,3.151718378644524,0.41788236446375915,False,220,0.07982879175716334,2.220446049250313e-16,-5.059287288344515,-1.455936520241946,3.603350768102569,0,36960,0.03410879988223314
SP2_HETEROGENEOUS_GAME_PILOT,842465fb6284b99874d7,339920,0,8,3,high,1.25,uniform,complete,7.999999999999991,replicator__plain_deficit,replicator,plain_deficit,0.3333333333333333,0.3333333333333333,True,0.0,0.5996351517767015,1.694598007066502,0.0,3.7752026916601045,0.47126099686245176,3.151718378644524,0.8504749028163077,False,220,0.03592334750153251,2.220446049250313e-16,,,,0,36960,0.030817999970167875
SP2_HETEROGENEOUS_GAME_PILOT,842465fb6284b99874d7,339920,0,8,3,high,1.25,uniform,complete,7.999999999999991,replicator__marginal_deficit,replicator,marginal_deficit,0.3333333333333333,0.3333333333333333,True,0.3333333333333333,0.8374253588400365,1.6875419582131845,0.00922123296025988,4.0793387398117185,1.834670850452665,3.151718378644524,0.41788236446375915,False,220,0.06062577517705398,2.220446049250313e-16,5.202826762548544,5.796407931689746,0.5935811691412018,0,36960,0.0347617999650538
SP2_HETEROGENEOUS_GAME_PILOT,842465fb6284b99874d7,339920,0,8,3,high,1.25,uniform,complete,7.999999999999991,replicator__marginal_log,replicator,marginal_log,0.3333333333333333,0.6678913746855004,True,0.3333333333333333,0.8374253588400365,1.6875419582131845,0.00922123296025988,4.0793387398117185,1.834670850452665,3.151718378644524,0.41788236446375915,False,220,0.10203029976263651,2.220446049250313e-16,-5.108223251236681,-1.8633445847746255,3.2448786664620553,0,36960,0.03340910002589226
SP2_HETEROGENEOUS_GAME_PILOT,842465fb6284b99874d7,339920,0,8,3,high,1.25,uniform,complete,7.999999999999991,erv_bnn__plain_deficit,erv_bnn,plain_deficit,0.3333333333333333,0.3333333333333333,True,0.0,0.5996351517767015,1.694598007066502,0.0,3.7752026916601045,0.47126099686245176,3.151718378644524,0.8504749028163077,False,220,0.06061736832494671,1.1102230246251565e-16,,,,0,36960,0.03236120007932186
SP2_HETEROGENEOUS_GAME_PILOT,842465fb6284b99874d7,339920,0,8,3,high,1.25,uniform,complete,7.999999999999991,erv_bnn__marginal_deficit,erv_bnn,marginal_deficit,0.0,0.557511679939552,True,0.3333333333333333,0.8374253588400365,1.6875419582131845,0.00922123296025988,4.0793387398117185,1.834670850452665,3.151718378644524,0.41788236446375915,False,220,0.0655080073423658,2.220446049250313e-16,5.174855408872066,5.789656655329399,0.6148012464573327,0,36960,0.03387799998745322
SP2_HETEROGENEOUS_GAME_PILOT,842465fb6284b99874d7,339920,0,8,3,high,1.25,uniform,complete,7.999999999999991,erv_bnn__marginal_log,erv_bnn,marginal_log,0.3333333333333333,0.6678913746855004,True,0.3333333333333333,0.8374253588400365,1.6875419582131845,0.00922123296025988,4.0793387398117185,1.834670850452665,3.151718378644524,0.41788236446375915,False,220,0.08872902775563274,1.1102230246251565e-16,-5.0152778535119165,-2.312214253870586,2.7030635996413306,0,36960,0.03512650006450713
SP2_HETEROGENEOUS_GAME_PILOT,842465fb6284b99874d7,339920,0,8,3,high,1.25,uniform,complete,7.999999999999991,uniform_closure,none,none,0.0,0.0,True,0.3333333333333333,0.8244529508185675,1.833625474370108,0.004783340928261767,3.9181373810991924,1.8288751521946154,3.151718378644524,0.4197212655208207,True,0,0.0,0.0,,,,0,24,0.00037679984234273434
SP2_HETEROGENEOUS_GAME_PILOT,842465fb6284b99874d7,339920,0,8,3,high,1.25,uniform,complete,7.999999999999991,random_closure,none,none,0.3333333333333333,0.5824366929468155,True,0.3333333333333333,0.7809610895702804,2.314094464475069,0.10331700057484315,3.883671207716907,1.8716423824255506,3.151718378644524,0.40615176942601783,True,0,0.0,0.0,,,,0,24,0.0005630000960081816
SP2_HETEROGENEOUS_GAME_PILOT,842465fb6284b99874d7,339920,0,8,3,high,1.25,uniform,complete,7.999999999999991,greedy_capacity,none,none,0.6666666666666666,0.79113987160039,True,0.6666666666666666,0.79113987160039,2.351993700098447,0.09885163433097433,3.654206630649363,3.0707307247313014,3.151718378644524,0.025696348525928062,True,0,0.0,0.0,,,,0,24,0.0004613001365214586
SP2_HETEROGENEOUS_GAME_PILOT,842465fb6284b99874d7,339920,0,8,3,high,1.25,uniform,complete,7.999999999999991,auction_capacity,none,none,0.3333333333333333,0.799818777007317,True,0.3333333333333333,0.799818777007317,2.111033240300121,0.004783340928261767,3.3034388741050322,1.8425559095191206,3.151718378644524,0.41538053589941676,True,0,0.0,0.0,,,,0,24,0.00022120005451142788
SP2_HETEROGENEOUS_GAME_PILOT,842465fb6284b99874d7,339920,0,8,3,high,1.25,uniform,complete,7.999999999999991,milp_exact,none,none,0.6666666666666666,0.797365539088449,True,0.6666666666666666,0.797365539088449,2.2818858684935233,0.028065277786667685,2.7539921958422706,3.151718378644524,3.151718378644524,0.0,True,0,0.0,0.0,,,,0,24,6.280001252889633e-05
SP2_HETEROGENEOUS_GAME_PILOT,80b62c3433d288cb14f6,339921,1,8,3,high,1.25,uniform,complete,7.999999999999991,smith__plain_deficit,smith,plain_deficit,0.3333333333333333,0.3333333333333333,True,0.3333333333333333,0.6286818085854147,1.952782342519496,0.02784229462933101,2.5207619622387085,2.1343423004695117,3.2698384882494227,0.3472636926442881,False,220,0.08650466029196281,1.1102230246251565e-16,,,,0,36960,0.03169159987010062
SP2_HETEROGENEOUS_GAME_PILOT,80b62c3433d288cb14f6,339921,1,8,3,high,1.25,uniform,complete,7.999999999999991,smith__marginal_deficit,smith,marginal_deficit,0.0,0.7323393202257638,True,0.3333333333333333,0.7198713610635745,1.89731379435092,0.034917131470099366,2.212941156457614,1.982650470272222,3.2698384882494227,0.3936549228969178,False,220,0.08712240259862876,2.220446049250313e-16,5.621147460130121,6.498019677634617,0.8768722175044958,0,36960,0.03510400000959635
SP2_HETEROGENEOUS_GAME_PILOT,80b62c3433d288cb14f6,339921,1,8,3,high,1.25,uniform,complete,7.999999999999991,smith__marginal_log,smith,marginal_log,0.3333333333333333,0.8134415884171103,True,0.3333333333333333,0.8134415884171103,1.9921335054968545,0.06379035726812653,2.5985987546488896,2.0318889736542274,3.2698384882494227,0.3785965328391366,False,220,0.09021162500977761,1.1102230246251565e-16,-5.004142356088065,-1.155120452141887,3.849021903946178,0,36960,0.03651619981974363
SP2_HETEROGENEOUS_GAME_PILOT,80b62c3433d288cb14f6,339921,1,8,3,high,1.25,uniform,complete,7.999999999999991,replicator__plain_deficit,replicator,plain_deficit,0.3333333333333333,0.3333333333333333,True,0.3333333333333333,0.43823089459306397,2.912353245403138,0.16375804954647677,2.7313840536179255,1.9043713243931437,3.2698384882494227,0.4175946820502779,False,220,0.03977729999028739,1.1102230246251565e-16,,,,0,36960,0.029146299930289388
SP2_HETEROGENEOUS_GAME_PILOT,80b62c3433d288cb14f6,339921,1,8,3,high,1.25,uniform,complete,7.999999999999991,replicator__marginal_deficit,replicator,marginal_deficit,0.3333333333333333,0.3333333333333333,True,0.0,0.737221959911874,1.6749131801855686,0.0,2.3620234552829857,0.7167244560907605,3.2698384882494227,0.7808073827908014,False,220,0.06712603741923025,1.1102230246251565e-16,5.59567075646878,6.219796434949384,0.6241256784806035,0,36960,0.031917299842461944
SP2_HETEROGENEOUS_GAME_PILOT,80b62c3433d288cb14f6,339921,1,8,3,high,1.25,uniform,complete,7.999999999999991,replicator__marginal_log,replicator,marginal_log,0.3333333333333333,0.8134415884171103,True,0.0,0.8461809474704042,1.593089746633976,0.0,2.6809658218134076,0.7928292623135498,3.2698384882494227,0.7575325921562542,False,220,0.0870930086391028,2.220446049250313e-16,-5.072363297609234,-1.562132194647647,3.5102311029615874,0,36960,0.03286619996652007
SP2_HETEROGENEOUS_GAME_PILOT,80b62c3433d288cb14f6,339921,1,8,3,high,1.25,uniform,complete,7.999999999999991,erv_bnn__plain_deficit,erv_bnn,plain_deficit,0.3333333333333333,0.3333333333333333,True,0.3333333333333333,0.6286818085854147,1.952782342519496,0.02784229462933101,2.5207619622387085,2.1343423004695117,3.2698384882494227,0.3472636926442881,False,220,0.06301407772723791,2.220446049250313e-16,,,,0,36960,0.031145400134846568
SP2_HETEROGENEOUS_GAME_PILOT,80b62c3433d288cb14f6,339921,1,8,3,high,1.25,uniform,complete,7.999999999999991,erv_bnn__marginal_deficit,erv_bnn,marginal_deficit,0.3333333333333333,0.7181434174931735,True,0.3333333333333333,0.7198713610635745,1.89731379435092,0.034917131470099366,2.212941156457614,1.982650470272222,3.2698384882494227,0.3936549228969178,False,220,0.07242072365419354,2.220446049250313e-16,5.618615237875459,6.193270707808884,0.5746554699334245,0,36960,0.03874189988709986
SP2_HETEROGENEOUS_GAME_PILOT,80b62c3433d288cb14f6,339921,1,8,3,high,1.25,uniform,complete,7.999999999999991,erv_bnn__marginal_log,erv_bnn,marginal_log,0.3333333333333333,0.8134415884171103,True,0.3333333333333333,0.8134415884171103,1.9921335054968545,0.06379035726812653,2.5985987546488896,2.0318889736542274,3.2698384882494227,0.3785965328391366,False,220,0.09062789646055053,1.1102230246251565e-16,-5.038974798636833,-2.0743449464024115,2.964629852234421,0,36960,0.03283999999985099
SP2_HETEROGENEOUS_GAME_PILOT,80b62c3433d288cb14f6,339921,1,8,3,high,1.25,uniform,complete,7.999999999999991,uniform_closure,none,none,0.0,0.0,True,0.3333333333333333,0.7986035480095598,2.0803571189504586,0.027206529882374986,2.961552872904838,1.985663066328243,3.2698384882494227,0.39273359419311565,True,0,0.0,0.0,,,,0,24,0.0003238001372665167
SP2_HETEROGENEOUS_GAME_PILOT,80b62c3433d288cb14f6,339921,1,8,3,high,1.25,uniform,complete,7.999999999999991,random_closure,none,none,0.0,0.6375534835206311,True,0.0,0.7693835173276575,1.8391673160944524,0.0,3.528781490335641,0.6451886017039872,3.2698384882494227,0.8026848714324717,True,0,0.0,0.0,,,,0,24,0.00039359997026622295
SP2_HETEROGENEOUS_GAME_PILOT,80b62c3433d288cb14f6,339921,1,8,3,high,1.25,uniform,complete,7.999999999999991,greedy_capacity,none,none,0.3333333333333333,0.7424271684272234,True,0.3333333333333333,0.7424271684272234,2.786151321437285,0.1648213131849226,2.7335843533284496,1.922658844097405,3.2698384882494227,0.4120018921403237,True,0,0.0,0.0,,,,0,24,0.00046980008482933044
SP2_HETEROGENEOUS_GAME_PILOT,80b62c3433d288cb14f6,339921,1,8,3,high,1.25,uniform,complete,7.999999999999991,auction_capacity,none,none,0.3333333333333333,0.8107292280087831,True,0.3333333333333333,0.8107292280087831,2.022460620578129,0.04200332757980913,3.029403006381703,1.993665099728518,3.2698384882494227,0.3902863683044269,True,0,0.0,0.0,,,,0,24,0.00022629997693002224
SP2_HETEROGENEOUS_GAME_PILOT,80b62c3433d288cb14f6,339921,1,8,3,high,1.25,uniform,complete,7.999999999999991,milp_exact,none,none,0.6666666666666666,0.8236415033777532,True,0.6666666666666666,0.8236415033777532,1.9718782231901055,0.02160987455247419,2.63290785776104,3.2698384882494227,3.2698384882494227,0.0,True,0,0.0,0.0,,,,0,24,6.440002471208572e-05
SP2_HETEROGENEOUS_GAME_PILOT,f810c5bd25630e7f0e43,339922,0,8,3,high,1.25,uniform,ring,0.5857864376269047,smith__plain_deficit,smith,plain_deficit,0.3333333333333333,0.6247483648950966,True,0.3333333333333333,0.8016975824830835,1.5068079287454603,0.0031503213102817033,2.677053095647707,2.0677024289602177,3.3623164786057598,0.385036345591827,False,220,0.06722948617149226,0.0,,,,0,42240,0.030748299788683653
SP2_HETEROGENEOUS_GAME_PILOT,f810c5bd25630e7f0e43,339922,0,8,3,high,1.25,uniform,ring,0.5857864376269047,smith__marginal_deficit,smith,marginal_deficit,0.3333333333333333,0.6509730433146366,True,0.3333333333333333,0.8016975824830835,1.5068079287454603,0.0031503213102817033,2.677053095647707,2.0677024289602177,3.3623164786057598,0.385036345591827,False,220,0.06801753897101506,2.220446049250313e-16,5.184959545392431,6.140822293636986,0.955862748244555,0,42240,0.03605469991452992
SP2_HETEROGENEOUS_GAME_PILOT,f810c5bd25630e7f0e43,339922,0,8,3,high,1.25,uniform,ring,0.5857864376269047,smith__marginal_log,smith,marginal_log,0.3333333333333333,0.7204583440275086,True,0.3333333333333333,0.8016975824830835,1.5068079287454603,0.0031503213102817033,2.677053095647707,2.0677024289602177,3.3623164786057598,0.385036345591827,False,220,0.0920210310454879,2.220446049250313e-16,-6.064990897026348,-1.9995608099495716,4.065430087076777,0,42240,0.03662019991315901
SP2_HETEROGENEOUS_GAME_PILOT,f810c5bd25630e7f0e43,339922,0,8,3,high,1.25,uniform,ring,0.5857864376269047,replicator__plain_deficit,replicator,plain_deficit,0.3333333333333333,0.4923329758411354,True,0.3333333333333333,0.8016975824830835,1.5068079287454603,0.0031503213102817033,2.677053095647707,2.0677024289602177,3.3623164786057598,0.385036345591827,False,220,0.042866762137077616,0.0,,,,0,42240,0.02992270002141595
SP2_HETEROGENEOUS_GAME_PILOT,f810c5bd25630e7f0e43,339922,0,8,3,high,1.25,uniform,ring,0.5857864376269047,replicator__marginal_deficit,replicator,marginal_deficit,0.0,0.7732392989442941,True,0.3333333333333333,0.8016975824830835,1.5068079287454603,0.0031503213102817033,2.677053095647707,2.0677024289602177,3.3623164786057598,0.385036345591827,False,220,0.05404124184705606,1.1102230246251565e-16,5.158619857579847,5.804387386950145,0.645767529370298,0,42240,0.03617179999127984
SP2_HETEROGENEOUS_GAME_PILOT,f810c5bd25630e7f0e43,339922,0,8,3,high,1.25,uniform,ring,0.5857864376269047,replicator__marginal_log,replicator,marginal_log,0.0,0.805390792891696,True,0.3333333333333333,0.8016975824830835,1.5068079287454603,0.0031503213102817033,2.677053095647707,2.0677024289602177,3.3623164786057598,0.385036345591827,False,220,0.07645295431103366,1.1102230246251565e-16,-6.07866389545262,-2.5001914131061858,3.5784724823464344,0,42240,0.034627299988642335
SP2_HETEROGENEOUS_GAME_PILOT,f810c5bd25630e7f0e43,339922,0,8,3,high,1.25,uniform,ring,0.5857864376269047,erv_bnn__plain_deficit,erv_bnn,plain_deficit,0.3333333333333333,0.6247483648950966,True,0.3333333333333333,0.8016975824830835,1.5068079287454603,0.0031503213102817033,2.677053095647707,2.0677024289602177,3.3623164786057598,0.385036345591827,False,220,0.06700314177455584,2.220446049250313e-16,,,,0,42240,0.032855500001460314
SP2_HETEROGENEOUS_GAME_PILOT,f810c5bd25630e7f0e43,339922,0,8,3,high,1.25,uniform,ring,0.5857864376269047,erv_bnn__marginal_deficit,erv_bnn,marginal_deficit,0.3333333333333333,0.6509730433146366,True,0.3333333333333333,0.8016975824830835,1.5068079287454603,0.0031503213102817033,2.677053095647707,2.0677024289602177,3.3623164786057598,0.385036345591827,False,220,0.05755732642750515,0.0,5.175097878502342,5.817539384989954,0.6424415064876117,0,42240,0.03504580003209412
SP2_HETEROGENEOUS_GAME_PILOT,f810c5bd25630e7f0e43,339922,0,8,3,high,1.25,uniform,ring,0.5857864376269047,erv_bnn__marginal_log,erv_bnn,marginal_log,0.0,0.805390792891696,True,0.3333333333333333,0.8016975824830835,1.5068079287454603,0.0031503213102817033,2.677053095647707,2.0677024289602177,3.3623164786057598,0.385036345591827,False,220,0.08200262387744887,2.220446049250313e-16,-6.08621919203343,-2.930496271505933,3.155722920527497,0,42240,0.0356131000444293
SP2_HETEROGENEOUS_GAME_PILOT,f810c5bd25630e7f0e43,339922,0,8,3,high,1.25,uniform,ring,0.5857864376269047,uniform_closure,none,none,0.0,0.0,True,0.3333333333333333,0.8016975824830835,1.5068079287454603,0.0031503213102817033,2.677053095647707,2.0677024289602177,3.3623164786057598,0.385036345591827,True,0,0.0,0.0,,,,0,24,0.000340400030836463
SP2_HETEROGENEOUS_GAME_PILOT,f810c5bd25630e7f0e43,339922,0,8,3,high,1.25,uniform,ring,0.5857864376269047,random_closure,none,none,0.0,0.40850467053049505,True,0.0,0.6929854136376631,2.114071135493605,0.0,5.1675506209796875,0.4301933771001469,3.3623164786057598,0.8720544660690199,True,0,0.0,0.0,,,,0,24,0.000430600019171834
SP2_HETEROGENEOUS_GAME_PILOT,f810c5bd25630e7f0e43,339922,0,8,3,high,1.25,uniform,ring,0.5857864376269047,greedy_capacity,none,none,0.3333333333333333,0.7204583440275086,True,0.3333333333333333,0.7204583440275086,2.133117922524776,0.10459097363293968,2.3577568621255645,1.9919598262487943,3.3623164786057598,0.4075632561885449,True,0,0.0,0.0,,,,0,24,0.00047280010767281055
SP2_HETEROGENEOUS_GAME_PILOT,f810c5bd25630e7f0e43,339922,0,8,3,high,1.25,uniform,ring,0.5857864376269047,auction_capacity,none,none,0.3333333333333333,0.8016975824830835,True,0.3333333333333333,0.8016975824830835,1.5068079287454603,0.0031503213102817033,2.677053095647707,2.0677024289602177,3.3623164786057598,0.385036345591827,True,0,0.0,0.0,,,,0,24,0.00024690013378858566
SP2_HETEROGENEOUS_GAME_PILOT,f810c5bd25630e7f0e43,339922,0,8,3,high,1.25,uniform,ring,0.5857864376269047,milp_exact,none,none,0.6666666666666666,0.7845099070833653,True,0.6666666666666666,0.7845099070833653,1.661310486408921,0.022258695863372705,3.1090319321740174,3.3623164786057598,3.3623164786057598,0.0,True,0,0.0,0.0,,,,0,24,7.349997758865356e-05
SP2_HETEROGENEOUS_GAME_PILOT,202067013542f8712a9c,339923,1,8,3,high,1.25,uniform,ring,0.5857864376269047,smith__plain_deficit,smith,plain_deficit,0.3333333333333333,0.3333333333333333,True,0.3333333333333333,0.6078979735864617,2.1156098479684293,0.0713609935346962,3.448829954621454,2.0575649915615797,3.3523607492575707,0.38623401672470437,False,220,0.048200253512831734,2.220446049250313e-16,,,,0,42240,0.03373370016925037
SP2_HETEROGENEOUS_GAME_PILOT,202067013542f8712a9c,339923,1,8,3,high,1.25,uniform,ring,0.5857864376269047,smith__marginal_deficit,smith,marginal_deficit,0.3333333333333333,0.599179209936698,True,0.0,0.749837229857238,1.4011290554012947,0.0,2.2685570896822567,0.7453689396969336,3.3523607492575707,0.7776584933879784,False,220,0.06881057291882614,2.220446049250313e-16,5.157637667123415,6.319983453810331,1.1623457866869158,0,42240,0.03742649988271296
SP2_HETEROGENEOUS_GAME_PILOT,202067013542f8712a9c,339923,1,8,3,high,1.25,uniform,ring,0.5857864376269047,smith__marginal_log,smith,marginal_log,0.3333333333333333,0.7433042516649219,True,0.6666666666666666,0.7811613094765347,2.4813935043448803,0.13448042953713055,3.1951989956396822,3.134367592039563,3.3523607492575707,0.06502675980390404,False,220,0.07359903174901972,2.220446049250313e-16,-4.550204849507835,-0.7834073884984043,3.76679746100943,0,42240,0.039171700133010745
SP2_HETEROGENEOUS_GAME_PILOT,202067013542f8712a9c,339923,1,8,3,high,1.25,uniform,ring,0.5857864376269047,replicator__plain_deficit,replicator,plain_deficit,0.3333333333333333,0.3333333333333333,True,0.3333333333333333,0.6078979735864617,2.1156098479684293,0.0713609935346962,3.448829954621454,2.0575649915615797,3.3523607492575707,0.38623401672470437,False,220,0.025100677097426652,2.220446049250313e-16,,,,0,42240,0.032648200169205666
SP2_HETEROGENEOUS_GAME_PILOT,202067013542f8712a9c,339923,1,8,3,high,1.25,uniform,ring,0.5857864376269047,replicator__marginal_deficit,replicator,marginal_deficit,0.3333333333333333,0.599179209936698,True,0.0,0.8336950693503794,1.5411913791511231,0.0,2.7542345343916956,0.7756890740103813,3.3523607492575707,0.7686140806349171,False,220,0.06393661665216052,0.0,5.179236711747203,6.0703879924820265,0.8911512807348236,0,42240,0.03430650010704994
SP2_HETEROGENEOUS_GAME_PILOT,202067013542f8712a9c,339923,1,8,3,high,1.25,uniform,ring,0.5857864376269047,replicator__marginal_log,replicator,marginal_log,0.0,0.749837229857238,True,0.6666666666666666,0.7811613094765347,2.4813935043448803,0.13448042953713055,3.1951989956396822,3.134367592039563,3.3523607492575707,0.06502675980390404,False,220,0.07987510236552464,1.1102230246251565e-16,-4.481811162387513,-1.1862042275289253,3.2956069348585872,0,42240,0.03500249981880188
SP2_HETEROGENEOUS_GAME_PILOT,202067013542f8712a9c,339923,1,8,3,high,1.25,uniform,ring,0.5857864376269047,erv_bnn__plain_deficit,erv_bnn,plain_deficit,0.3333333333333333,0.3333333333333333,True,0.3333333333333333,0.6809673601422496,1.8437553965003195,0.016226073702916306,4.695350597749464,2.035829380389757,3.3523607492575707,0.39271768981288147,False,220,0.03792969309280502,2.220446049250313e-16,,,,0,42240,0.03192720003426075
SP2_HETEROGENEOUS_GAME_PILOT,202067013542f8712a9c,339923,1,8,3,high,1.25,uniform,ring,0.5857864376269047,erv_bnn__marginal_deficit,erv_bnn,marginal_deficit,0.3333333333333333,0.599179209936698,True,0.3333333333333333,0.8027535064983806,1.611857657796294,0.02101465852431313,2.8839776932144754,2.0651356149106723,3.3523607492575707,0.38397572058197293,False,220,0.052791349145302466,1.1102230246251565e-16,5.14464748322022,6.102239197061468,0.9575917138412473,0,42240,0.044548300094902515
SP2_HETEROGENEOUS_GAME_PILOT,202067013542f8712a9c,339923,1,8,3,high,1.25,uniform,ring,0.5857864376269047,erv_bnn__marginal_log,erv_bnn,marginal_log,0.3333333333333333,0.7433042516649219,True,0.6666666666666666,0.7811613094765347,2.4813935043448803,0.13448042953713055,3.1951989956396822,3.134367592039563,3.3523607492575707,0.06502675980390404,False,220,0.06888467220327049,2.220446049250313e-16,-4.538643344692758,-1.6800563705240992,2.8585869741686594,0,42240,0.03387939999811351
SP2_HETEROGENEOUS_GAME_PILOT,202067013542f8712a9c,339923,1,8,3,high,1.25,uniform,ring,0.5857864376269047,uniform_closure,none,none,0.0,0.0,True,0.6666666666666666,0.7837984328175723,2.4514913846010913,0.05928187357557261,4.051975189431727,3.0695434186262456,3.3523607492575707,0.08436363261142439,True,0,0.0,0.0,,,,0,24,0.00032049999572336674
SP2_HETEROGENEOUS_GAME_PILOT,202067013542f8712a9c,339923,1,8,3,high,1.25,uniform,ring,0.5857864376269047,random_closure,none,none,0.3333333333333333,0.4316760931611368,True,0.6666666666666666,0.817066403999926,2.0742686576821794,0.036448549289920716,4.002202811936813,3.120427726817755,3.3523607492575707,0.06918498329607888,True,0,0.0,0.0,,,,0,24,0.0003929000813513994
SP2_HETEROGENEOUS_GAME_PILOT,202067013542f8712a9c,339923,1,8,3,high,1.25,uniform,ring,0.5857864376269047,greedy_capacity,none,none,0.3333333333333333,0.599179209936698,True,0.3333333333333333,0.599179209936698,4.2265643777255395,0.3534319495145388,3.459881191630195,1.5400889003248273,3.3523607492575707,0.5405957128373184,True,0,0.0,0.0,,,,0,24,0.0004422001074999571
SP2_HETEROGENEOUS_GAME_PILOT,202067013542f8712a9c,339923,1,8,3,high,1.25,uniform,ring,0.5857864376269047,auction_capacity,none,none,0.6666666666666666,0.789852993437738,True,0.6666666666666666,0.789852993437738,2.382839231005197,0.01737564831782105,2.373319494142326,3.2123718362671565,3.3523607492575707,0.04175830808823804,True,0,0.0,0.0,,,,0,24,0.0002524999435991049
SP2_HETEROGENEOUS_GAME_PILOT,202067013542f8712a9c,339923,1,8,3,high,1.25,uniform,ring,0.5857864376269047,milp_exact,none,none,0.6666666666666666,0.7419710482488551,True,0.6666666666666666,0.7419710482488551,1.7087587556038273,0.016038453910783512,3.409127408087056,3.3523607492575707,3.3523607492575707,0.0,True,0,0.0,0.0,,,,0,24,6.71998132020235e-05
