method,method_label,scenario,seed,n_robots,world_hash,target_reached,safe_transport_success,any_collision,timeout,numerical_failure,termination_reason,time_to_target_s,final_position_error_m,final_orientation_error_rad,min_clearance_m,raw_barrier_violation_rate,safe_barrier_violation_rate,exec_barrier_violation_rate,guard_intervention_norm,wrench_realization_rmse,saturation_fraction,positive_hamiltonian_delta_rate,mechanical_work_j,force_effort_n2s,messages,runtime_wall_s,steps,max_mechanics_residual,positions_repaired_after_integration
pose_pd_raw,Pose PD (RAW),open_nominal,573000,4,c32661bbcb558f659f3da327fcd3d4e0879b6b17e40990f7ae1aa24ac712b427,1,1,0,0,0,target_reached,28.2,0.2659454458808424,0.0005036848439412545,1.659206165891018,0.0,0.0,0.0,0.0,6.249802038186042e-16,0.0,0.0,210.62892256609135,1420.9093341023251,0,0.10362489998806268,188,4.584239796857027e-14,0
apf_wrench_heuristic,APF wrench heuristic,open_nominal,573000,4,c32661bbcb558f659f3da327fcd3d4e0879b6b17e40990f7ae1aa24ac712b427,1,1,0,0,0,target_reached,28.2,0.2659454458808424,0.0005036848439412545,1.659206165891018,0.0,0.0,0.0,0.0,6.249802038186042e-16,0.0,0.0,210.62892256609135,1420.9093341023251,0,0.08233410000684671,188,4.584239796857027e-14,0
velocity_obstacle_proxy,Velocity-obstacle proxy,open_nominal,573000,4,c32661bbcb558f659f3da327fcd3d4e0879b6b17e40990f7ae1aa24ac712b427,1,1,0,0,0,target_reached,28.2,0.2659454458808424,0.0005036848439412545,1.659206165891018,0.0,0.0,0.0,0.0,6.249802038186042e-16,0.0,0.0,210.62892256609135,1420.9093341023251,0,0.09720869999728166,188,4.584239796857027e-14,0
cbf_wrench_local,Local CBF wrench filter,open_nominal,573000,4,c32661bbcb558f659f3da327fcd3d4e0879b6b17e40990f7ae1aa24ac712b427,1,1,0,0,0,target_reached,28.2,0.2659454458808424,0.0005036848439412545,1.659206165891018,0.0,0.0,0.0,1.835711889845663e-12,6.21404518480376e-16,0.0,0.0,210.62892256609135,1420.9093341023251,1504,0.0927359999914188,188,7.588599744428075e-15,0
damped_hamiltonian_raw,Damped Hamiltonian (RAW),open_nominal,573000,4,c32661bbcb558f659f3da327fcd3d4e0879b6b17e40990f7ae1aa24ac712b427,1,1,0,0,0,target_reached,32.55,0.27214389174643483,0.0017720898376625271,1.659206165891018,0.0,0.0,0.0,0.0,5.134804534943849e-16,0.0,0.0,195.69105467285004,1365.8991910368252,0,0.11737890000222251,217,4.489531063091402e-14,0
damped_hamiltonian_cbf,Damped Hamiltonian + CBF,open_nominal,573000,4,c32661bbcb558f659f3da327fcd3d4e0879b6b17e40990f7ae1aa24ac712b427,1,1,0,0,0,target_reached,32.55,0.27214389174643483,0.0017720898376625271,1.659206165891018,0.0,0.0,0.0,2.029948793718802e-12,5.606437992251913e-16,0.0,0.0,195.69105467285002,1365.8991910368252,1736,0.1280368999869097,217,7.588599744428075e-15,0
distributed_preview_cbf,Distributed preview-CBF,open_nominal,573000,4,c32661bbcb558f659f3da327fcd3d4e0879b6b17e40990f7ae1aa24ac712b427,1,1,0,0,0,target_reached,33.449999999999996,0.27689963107772747,0.002248225917458324,1.6592061658910175,0.0,0.0,0.0,1.8573369557097904e-12,6.224561329622694e-16,0.0,0.0,189.71523985642574,1283.605235870499,1784,0.11542079999344423,223,7.105427357601002e-15,0
centralized_preview_reference,Centralized preview reference,open_nominal,573000,4,c32661bbcb558f659f3da327fcd3d4e0879b6b17e40990f7ae1aa24ac712b427,1,1,0,0,0,target_reached,35.25,0.27387870484659005,0.0010453402401080503,1.659206165891018,0.0,0.0,0.0,1.7550563709110218e-12,4.785856692812754e-16,0.0,0.0,183.58220626574985,1242.8579453933203,2820,0.12225009998655878,235,6.439293542825908e-15,0
pose_pd_raw,Pose PD (RAW),open_nominal,573001,4,3c10e1a7b412f2bf6668135e7628f798dac75d281c43b26a3541be8b8b0c40eb,1,1,0,0,0,target_reached,28.2,0.267941515250364,0.0005036848439412545,1.6592061658910175,0.0,0.0,0.0,0.0,5.475620922820366e-16,0.0,0.0,213.77371386866483,1442.1178629469705,0,0.09141850000014529,188,4.694970270847103e-14,0
apf_wrench_heuristic,APF wrench heuristic,open_nominal,573001,4,3c10e1a7b412f2bf6668135e7628f798dac75d281c43b26a3541be8b8b0c40eb,1,1,0,0,0,target_reached,28.2,0.267941515250364,0.0005036848439412545,1.6592061658910175,0.0,0.0,0.0,0.0,5.475620922820366e-16,0.0,0.0,213.77371386866483,1442.1178629469705,0,0.08463340002344921,188,4.694970270847103e-14,0
velocity_obstacle_proxy,Velocity-obstacle proxy,open_nominal,573001,4,3c10e1a7b412f2bf6668135e7628f798dac75d281c43b26a3541be8b8b0c40eb,1,1,0,0,0,target_reached,28.2,0.267941515250364,0.0005036848439412545,1.6592061658910175,0.0,0.0,0.0,0.0,5.475620922820366e-16,0.0,0.0,213.77371386866483,1442.1178629469705,0,0.08407270000316203,188,4.694970270847103e-14,0
cbf_wrench_local,Local CBF wrench filter,open_nominal,573001,4,3c10e1a7b412f2bf6668135e7628f798dac75d281c43b26a3541be8b8b0c40eb,1,1,0,0,0,target_reached,28.2,0.267941515250364,0.0005036848439412545,1.6592061658910175,0.0,0.0,0.0,1.915992025533775e-12,5.592438964337247e-16,0.0,0.0,213.77371386866483,1442.1178629469707,1504,0.08964270001160912,188,7.160723346098895e-15,0
damped_hamiltonian_raw,Damped Hamiltonian (RAW),open_nominal,573001,4,3c10e1a7b412f2bf6668135e7628f798dac75d281c43b26a3541be8b8b0c40eb,1,1,0,0,0,target_reached,32.55,0.2741864839202496,0.0017720898376625271,1.659206165891018,0.0,0.0,0.0,0.0,6.835150000193616e-16,0.0,0.0,198.60928778496486,1386.2234551186625,0,0.11911150001105852,217,4.3385152110646224e-14,0
damped_hamiltonian_cbf,Damped Hamiltonian + CBF,open_nominal,573001,4,3c10e1a7b412f2bf6668135e7628f798dac75d281c43b26a3541be8b8b0c40eb,1,1,0,0,0,target_reached,32.55,0.2741864839202496,0.0017720898376625271,1.659206165891018,0.0,0.0,0.0,1.8042201454342205e-12,5.957718482685583e-16,0.0,0.0,198.6092877849649,1386.2234551186627,1736,0.10760750001645647,217,7.32410687763558e-15,0
distributed_preview_cbf,Distributed preview-CBF,open_nominal,573001,4,3c10e1a7b412f2bf6668135e7628f798dac75d281c43b26a3541be8b8b0c40eb,1,1,0,0,0,target_reached,33.6,0.2734788303418677,0.002155999073416126,1.6592061658910175,0.0,0.0,0.0,1.8178006561921222e-12,7.138367782073013e-16,0.0,0.0,192.5467870106952,1302.728812529505,1792,0.11715939998975955,224,8.379058453350832e-15,0
centralized_preview_reference,Centralized preview reference,open_nominal,573001,4,3c10e1a7b412f2bf6668135e7628f798dac75d281c43b26a3541be8b8b0c40eb,1,1,0,0,0,target_reached,35.25,0.27593431776336097,0.0010453402401080503,1.659206165891018,0.0,0.0,0.0,1.7225558213807677e-12,5.021418285653376e-16,0.0,0.0,186.3208531148958,1261.3726727346434,2820,0.1281658000079915,235,6.217248937900877e-15,0
pose_pd_raw,Pose PD (RAW),open_nominal,573000,8,96dc944f998eb16d3fa033424d51284a7fea8765f3c89fb07f0c2d81099389d3,1,1,0,0,0,target_reached,28.2,0.2659454458808424,0.0005036848439412545,0.6624999999999982,0.0,0.0,0.0,0.0,6.741328057443543e-16,0.0,0.0,210.62892256609132,710.9913361138584,0,0.12789539998630062,188,4.595411454131881e-14,0
apf_wrench_heuristic,APF wrench heuristic,open_nominal,573000,8,96dc944f998eb16d3fa033424d51284a7fea8765f3c89fb07f0c2d81099389d3,1,1,0,0,0,target_reached,28.2,0.2659454458808424,0.0005036848439412545,0.6624999999999982,0.0,0.0,0.0,0.0,6.741328057443543e-16,0.0,0.0,210.62892256609132,710.9913361138584,0,0.12860580001142807,188,4.595411454131881e-14,0
velocity_obstacle_proxy,Velocity-obstacle proxy,open_nominal,573000,8,96dc944f998eb16d3fa033424d51284a7fea8765f3c89fb07f0c2d81099389d3,1,1,0,0,0,target_reached,28.2,0.2659454458808424,0.0005036848439412545,0.6624999999999982,0.0,0.0,0.0,0.0,6.741328057443543e-16,0.0,0.0,210.62892256609132,710.9913361138584,0,0.13448579999385402,188,4.595411454131881e-14,0
cbf_wrench_local,Local CBF wrench filter,open_nominal,573000,8,96dc944f998eb16d3fa033424d51284a7fea8765f3c89fb07f0c2d81099389d3,1,1,0,0,0,target_reached,28.2,0.2659454458808424,0.0005036848439412545,0.6624999999999982,0.0,0.0,0.0,1.8117756985774845e-12,6.790297409833318e-16,0.0,0.0,210.62892256609132,710.9913361138586,3008,0.18889459999627434,188,1.464821375527116e-14,0
damped_hamiltonian_raw,Damped Hamiltonian (RAW),open_nominal,573000,8,96dc944f998eb16d3fa033424d51284a7fea8765f3c89fb07f0c2d81099389d3,1,1,0,0,0,target_reached,32.55,0.27214389174643483,0.0017720898376625271,0.6624999999999986,0.0,0.0,0.0,0.0,6.378585330789152e-16,0.0,0.0,195.69105467285002,683.634220944202,0,0.1764965000038501,217,4.466699187172487e-14,0
damped_hamiltonian_cbf,Damped Hamiltonian + CBF,open_nominal,573000,8,96dc944f998eb16d3fa033424d51284a7fea8765f3c89fb07f0c2d81099389d3,1,1,0,0,0,target_reached,32.55,0.27214389174643483,0.0017720898376625271,0.6624999999999986,0.0,0.0,0.0,2.030349051653364e-12,6.44254674032241e-16,0.0,0.0,195.69105467285002,683.6342209442015,3472,0.15125110000371933,217,7.944109290391274e-15,0
distributed_preview_cbf,Distributed preview-CBF,open_nominal,573000,8,96dc944f998eb16d3fa033424d51284a7fea8765f3c89fb07f0c2d81099389d3,1,1,0,0,0,target_reached,33.449999999999996,0.27689963107772747,0.002248225917458324,0.6624999999999982,0.0,0.0,0.0,1.854394843703533e-12,5.314946784843336e-16,0.0,0.0,189.71523985642574,642.3899957407598,3568,0.15134529999340884,223,7.377764055609925e-15,0
centralized_preview_reference,Centralized preview reference,open_nominal,573000,8,96dc944f998eb16d3fa033424d51284a7fea8765f3c89fb07f0c2d81099389d3,1,1,0,0,0,target_reached,35.25,0.27387870484659005,0.0010453402401080503,0.6624999999999982,0.0,0.0,0.0,1.757125544401457e-12,6.708637531012867e-16,0.0,0.0,183.58220626574985,621.9950734986828,13160,0.17818879999686033,235,8.565282493038633e-15,0
pose_pd_raw,Pose PD (RAW),open_nominal,573001,8,f82d48bd12857e11020ea6299ea5581f39bfbfc069fd3dffdd6431d676f04f68,1,1,0,0,0,target_reached,28.2,0.267941515250364,0.0005036848439412545,0.6624999999999986,0.0,0.0,0.0,0.0,6.821597952498244e-16,0.0,0.0,213.77371386866483,721.5956005361804,0,0.1249699000036344,188,4.633927802435176e-14,0
apf_wrench_heuristic,APF wrench heuristic,open_nominal,573001,8,f82d48bd12857e11020ea6299ea5581f39bfbfc069fd3dffdd6431d676f04f68,1,1,0,0,0,target_reached,28.2,0.267941515250364,0.0005036848439412545,0.6624999999999986,0.0,0.0,0.0,0.0,6.821597952498244e-16,0.0,0.0,213.77371386866483,721.5956005361804,0,0.11659760001930408,188,4.633927802435176e-14,0
velocity_obstacle_proxy,Velocity-obstacle proxy,open_nominal,573001,8,f82d48bd12857e11020ea6299ea5581f39bfbfc069fd3dffdd6431d676f04f68,1,1,0,0,0,target_reached,28.2,0.267941515250364,0.0005036848439412545,0.6624999999999986,0.0,0.0,0.0,0.0,6.821597952498244e-16,0.0,0.0,213.77371386866483,721.5956005361804,0,0.12303819999215193,188,4.633927802435176e-14,0
cbf_wrench_local,Local CBF wrench filter,open_nominal,573001,8,f82d48bd12857e11020ea6299ea5581f39bfbfc069fd3dffdd6431d676f04f68,1,1,0,0,0,target_reached,28.2,0.267941515250364,0.0005036848439412545,0.6624999999999986,0.0,0.0,0.0,1.9160092998539566e-12,6.300508112555455e-16,0.0,0.0,213.77371386866483,721.5956005361804,3008,0.12312889998429455,188,7.944109290391274e-15,0
damped_hamiltonian_raw,Damped Hamiltonian (RAW),open_nominal,573001,8,f82d48bd12857e11020ea6299ea5581f39bfbfc069fd3dffdd6431d676f04f68,1,1,0,0,0,target_reached,32.55,0.2741864839202496,0.0017720898376625271,0.662499999999998,0.0,0.0,0.0,0.0,5.329717449030421e-16,0.0,0.0,198.60928778496486,693.7963529851204,0,0.15924229999654926,217,4.280395724909528e-14,0
damped_hamiltonian_cbf,Damped Hamiltonian + CBF,open_nominal,573001,8,f82d48bd12857e11020ea6299ea5581f39bfbfc069fd3dffdd6431d676f04f68,1,1,0,0,0,target_reached,32.55,0.2741864839202496,0.0017720898376625271,0.662499999999998,0.0,0.0,0.0,1.7913520755948594e-12,5.318313409284153e-16,0.0,0.0,198.6092877849649,693.7963529851205,3472,0.14660969999385998,217,7.32410687763558e-15,0
distributed_preview_cbf,Distributed preview-CBF,open_nominal,573001,8,f82d48bd12857e11020ea6299ea5581f39bfbfc069fd3dffdd6431d676f04f68,1,1,0,0,0,target_reached,33.6,0.2734788303418677,0.002155999073416126,0.6624999999999982,0.0,0.0,0.0,1.8218299715188525e-12,6.272985913402933e-16,0.0,0.0,192.54678701069523,651.9517841764326,3584,0.15119439997943118,224,1.4458497151625688e-14,0
centralized_preview_reference,Centralized preview reference,open_nominal,573001,8,f82d48bd12857e11020ea6299ea5581f39bfbfc069fd3dffdd6431d676f04f68,1,1,0,0,0,target_reached,35.25,0.27593431776336097,0.0010453402401080503,0.6624999999999984,0.0,0.0,0.0,1.728325304242957e-12,5.860239698428979e-16,0.0,0.0,186.3208531148958,631.2524371693456,13160,0.16727910001645796,235,7.32410687763558e-15,0
pose_pd_raw,Pose PD (RAW),open_nominal,573000,12,e9744d4cacc5b421b905c99eaf871207adfbf09b166ac048a222c7716d7271ef,1,1,0,0,0,target_reached,28.2,0.2659454458808424,0.0005036848439412545,0.24166666666666425,0.0,0.0,0.0,0.0,1.0142554965016171e-15,0.0,0.0,210.62892256609132,473.802773898113,0,0.17674729999271221,188,4.501759284449558e-14,0
apf_wrench_heuristic,APF wrench heuristic,open_nominal,573000,12,e9744d4cacc5b421b905c99eaf871207adfbf09b166ac048a222c7716d7271ef,1,1,0,0,0,target_reached,28.2,0.2659454458808424,0.0005036848439412545,0.24166666666666425,0.0,0.0,0.0,0.0,1.0142554965016171e-15,0.0,0.0,210.62892256609132,473.802773898113,0,0.19385690000490285,188,4.501759284449558e-14,0
velocity_obstacle_proxy,Velocity-obstacle proxy,open_nominal,573000,12,e9744d4cacc5b421b905c99eaf871207adfbf09b166ac048a222c7716d7271ef,1,1,0,0,0,target_reached,28.2,0.2659454458808424,0.0005036848439412545,0.24166666666666425,0.0,0.0,0.0,0.0,1.0142554965016171e-15,0.0,0.0,210.62892256609132,473.802773898113,0,0.1788075999938883,188,4.501759284449558e-14,0
cbf_wrench_local,Local CBF wrench filter,open_nominal,573000,12,e9744d4cacc5b421b905c99eaf871207adfbf09b166ac048a222c7716d7271ef,1,1,0,0,0,target_reached,28.2,0.2659454458808424,0.0005036848439412545,0.24166666666666425,0.0,0.0,0.0,1.8117762482941299e-12,9.652004448544963e-16,0.0,0.0,210.62892256609132,473.8027738981131,4512,0.18309170001884922,188,1.591302455776226e-14,0
damped_hamiltonian_raw,Damped Hamiltonian (RAW),open_nominal,573000,12,e9744d4cacc5b421b905c99eaf871207adfbf09b166ac048a222c7716d7271ef,1,1,0,0,0,target_reached,32.55,0.27214389174643483,0.0017720898376625271,0.24166666666666436,0.0,0.0,0.0,0.0,1.0017770764854576e-15,0.0,0.0,195.69105467285002,455.51191548066436,0,0.20752339999307878,217,4.4096962836115984e-14,0
damped_hamiltonian_cbf,Damped Hamiltonian + CBF,open_nominal,573000,12,e9744d4cacc5b421b905c99eaf871207adfbf09b166ac048a222c7716d7271ef,1,1,0,0,0,target_reached,32.55,0.27214389174643483,0.0017720898376625271,0.24166666666666436,0.0,0.0,0.0,2.030357672497548e-12,7.686779699660623e-16,0.0,0.0,195.69105467285002,455.5119154806643,5208,0.20772499998565763,217,7.32410687763558e-15,0
distributed_preview_cbf,Distributed preview-CBF,open_nominal,573000,12,e9744d4cacc5b421b905c99eaf871207adfbf09b166ac048a222c7716d7271ef,1,1,0,0,0,target_reached,33.449999999999996,0.27689963107772747,0.002248225917458324,0.24166666666666436,0.0,0.0,0.0,1.8544209012845253e-12,7.998852728900255e-16,0.0,0.0,189.71523985642574,428.0504572538615,5352,0.21340939999208786,223,1.467511591522657e-14,0
centralized_preview_reference,Centralized preview reference,open_nominal,573000,12,e9744d4cacc5b421b905c99eaf871207adfbf09b166ac048a222c7716d7271ef,1,1,0,0,0,target_reached,35.25,0.27387870484659005,0.0010453402401080503,0.24166666666666425,0.0,0.0,0.0,1.7489150391793268e-12,7.362750104379636e-16,0.0,0.0,183.58220626574985,414.4614327386937,31020,0.23599689998081885,235,9.565974336450906e-15,0
pose_pd_raw,Pose PD (RAW),open_nominal,573001,12,cb1eef1c229f0394ce8f44152228ffcfe59d6e477fb375e687e71944330b57d8,1,1,0,0,0,target_reached,28.2,0.267941515250364,0.0005036848439412545,0.24166666666666425,0.0,0.0,0.0,0.0,1.0096342130459135e-15,0.0,0.0,213.77371386866483,480.8722835129943,0,0.18498170000384562,188,4.711755647813113e-14,0
apf_wrench_heuristic,APF wrench heuristic,open_nominal,573001,12,cb1eef1c229f0394ce8f44152228ffcfe59d6e477fb375e687e71944330b57d8,1,1,0,0,0,target_reached,28.2,0.267941515250364,0.0005036848439412545,0.24166666666666425,0.0,0.0,0.0,0.0,1.0096342130459135e-15,0.0,0.0,213.77371386866483,480.8722835129943,0,0.2039206000044942,188,4.711755647813113e-14,0
velocity_obstacle_proxy,Velocity-obstacle proxy,open_nominal,573001,12,cb1eef1c229f0394ce8f44152228ffcfe59d6e477fb375e687e71944330b57d8,1,1,0,0,0,target_reached,28.2,0.267941515250364,0.0005036848439412545,0.24166666666666425,0.0,0.0,0.0,0.0,1.0096342130459135e-15,0.0,0.0,213.77371386866483,480.8722835129943,0,0.1901646000042092,188,4.711755647813113e-14,0
cbf_wrench_local,Local CBF wrench filter,open_nominal,573001,12,cb1eef1c229f0394ce8f44152228ffcfe59d6e477fb375e687e71944330b57d8,1,1,0,0,0,target_reached,28.2,0.267941515250364,0.0005036848439412545,0.24166666666666425,0.0,0.0,0.0,1.9160098543898095e-12,7.517705616354696e-16,0.0,0.0,213.77371386866483,480.8722835129943,4512,0.18747020000591874,188,7.993605777301127e-15,0
damped_hamiltonian_raw,Damped Hamiltonian (RAW),open_nominal,573001,12,cb1eef1c229f0394ce8f44152228ffcfe59d6e477fb375e687e71944330b57d8,1,1,0,0,0,target_reached,32.55,0.2741864839202496,0.0017720898376625271,0.24166666666666425,0.0,0.0,0.0,0.0,9.032178068306398e-16,0.0,0.0,198.60928778496486,462.28667017460987,0,0.20248340000398457,217,4.41684618094355e-14,0
damped_hamiltonian_cbf,Damped Hamiltonian + CBF,open_nominal,573001,12,cb1eef1c229f0394ce8f44152228ffcfe59d6e477fb375e687e71944330b57d8,1,1,0,0,0,target_reached,32.55,0.2741864839202496,0.0017720898376625271,0.24166666666666425,0.0,0.0,0.0,1.7955189699396253e-12,1.0011690650444324e-15,0.0,0.0,198.6092877849649,462.28667017460975,5208,0.19768919999478385,217,8.881784197001252e-15,0
distributed_preview_cbf,Distributed preview-CBF,open_nominal,573001,12,cb1eef1c229f0394ce8f44152228ffcfe59d6e477fb375e687e71944330b57d8,1,1,0,0,0,target_reached,33.6,0.2734788303418677,0.002155999073416126,0.24166666666666425,0.0,0.0,0.0,1.821819148267939e-12,6.161089745860616e-16,0.0,0.0,192.5467870106952,434.42498283976846,5376,0.20595839997986332,224,1.432144669219779e-14,0
centralized_preview_reference,Centralized preview reference,open_nominal,573001,12,cb1eef1c229f0394ce8f44152228ffcfe59d6e477fb375e687e71944330b57d8,1,1,0,0,0,target_reached,35.25,0.27593431776336097,0.0010453402401080503,0.24166666666666425,0.0,0.0,0.0,1.722715266369484e-12,5.394617663458737e-16,0.0,0.0,186.32085311489584,420.6330085191351,31020,0.23917270000674762,235,7.0155202882469586e-15,0
pose_pd_raw,Pose PD (RAW),static_corridor,573000,4,85f906fe492829f47be0b5599fd65eb88395e284199b228a7785c8ce1d055c91,0,0,1,0,0,collision,45.0,10.498583081776836,0.22137366741914333,-0.11488235239502348,0.14285714285714285,0.14285714285714285,0.14285714285714285,0.0,1.374765162524861e-15,0.0,0.0,138.37378970300475,1249.9883645156751,0,0.01947709999512881,35,4.584239796857027e-14,0
apf_wrench_heuristic,APF wrench heuristic,static_corridor,573000,4,85f906fe492829f47be0b5599fd65eb88395e284199b228a7785c8ce1d055c91,0,0,1,0,0,collision,45.0,10.52230939782249,0.1987726076249987,-0.09489235899440945,0.16666666666666666,0.16666666666666666,0.16666666666666666,0.0,1.3219478178406926e-15,0.0,0.0,120.33471802386597,1353.75280737892,0,0.01872910000383854,36,4.584239796857027e-14,0
velocity_obstacle_proxy,Velocity-obstacle proxy,static_corridor,573000,4,85f906fe492829f47be0b5599fd65eb88395e284199b228a7785c8ce1d055c91,0,0,1,0,0,collision,45.0,10.570524606091425,0.22137366741914333,-0.02716138297522236,0.14285714285714285,0.14285714285714285,0.14285714285714285,0.0,1.3728853161874303e-15,0.0,0.0,127.24272795279695,1207.0953001696914,0,0.01840299999457784,35,4.584239796857027e-14,0
cbf_wrench_local,Local CBF wrench filter,static_corridor,573000,4,85f906fe492829f47be0b5599fd65eb88395e284199b228a7785c8ce1d055c91,1,1,0,0,0,target_reached,40.35,0.2646032660986037,0.0005820310683311014,0.08103237324155926,0.3382899628252788,0.0,0.0,2428.582534394621,6.704796785396892e-16,0.0,0.0,214.92017476593765,2462.538313116137,2152,0.15406309999525547,269,8.750360656168091e-15,0
damped_hamiltonian_raw,Damped Hamiltonian (RAW),static_corridor,573000,4,85f906fe492829f47be0b5599fd65eb88395e284199b228a7785c8ce1d055c91,0,0,1,0,0,collision,45.0,10.59118236158171,0.14608725512832343,-0.04246747331182327,0.11428571428571428,0.11428571428571428,0.11428571428571428,0.0,1.210771041748073e-15,0.0,0.0,129.6107474536317,1210.4452123118879,0,0.018251500005135313,35,4.489531063091402e-14,0
damped_hamiltonian_cbf,Damped Hamiltonian + CBF,static_corridor,573000,4,85f906fe492829f47be0b5599fd65eb88395e284199b228a7785c8ce1d055c91,1,1,0,0,0,target_reached,44.4,0.2761517262344234,5.81229299152497e-05,0.0808572545046094,0.32432432432432434,0.0,0.0,2661.9473537768517,5.940611813721444e-16,0.0,0.0,205.2866657663993,2387.542758899857,2368,0.16985249999561347,296,7.755684626330685e-15,0
distributed_preview_cbf,Distributed preview-CBF,static_corridor,573000,4,85f906fe492829f47be0b5599fd65eb88395e284199b228a7785c8ce1d055c91,0,0,0,1,0,timeout,45.0,0.3078481005882084,0.00022037644930472666,0.08078654766791976,0.3333333333333333,0.0,0.0,2576.1668235922857,6.904287714425235e-16,0.0,0.0,197.5382232844048,2191.2103884167154,2400,0.17416560000856407,300,1.0518447697129405e-14,0
centralized_preview_reference,Centralized preview reference,static_corridor,573000,4,85f906fe492829f47be0b5599fd65eb88395e284199b228a7785c8ce1d055c91,0,0,0,1,0,timeout,45.0,0.38501793609506885,0.00018466551421747468,0.08074383661414003,0.3433333333333333,0.0,0.0,2627.308865587544,5.116148877840599e-16,0.0,0.0,190.17794404913167,2121.355864024775,3600,0.17463940000743605,300,7.32410687763558e-15,0
pose_pd_raw,Pose PD (RAW),static_corridor,573001,4,4990075b068d4cc18c0bb9689124d001811f7604f4b83163a3671feb2c8b3a49,0,0,1,0,0,collision,45.0,10.577380821830312,0.22137366741914333,-0.05443581350597787,0.11428571428571428,0.11428571428571428,0.11428571428571428,0.0,1.1935850325905301e-15,0.0,0.0,140.4258149329728,1268.6413577381315,0,0.019885300018358976,35,4.458841437395206e-14,0
apf_wrench_heuristic,APF wrench heuristic,static_corridor,573001,4,4990075b068d4cc18c0bb9689124d001811f7604f4b83163a3671feb2c8b3a49,0,0,1,0,0,collision,45.0,10.571724631260652,0.1987726076249987,-0.06231444952531534,0.1388888888888889,0.1388888888888889,0.1388888888888889,0.0,1.2009373303961585e-15,0.0,0.0,123.39707696680664,1347.5080741656843,0,0.018915199994808063,36,4.458841437395206e-14,0
velocity_obstacle_proxy,Velocity-obstacle proxy,static_corridor,573001,4,4990075b068d4cc18c0bb9689124d001811f7604f4b83163a3671feb2c8b3a49,0,0,1,0,0,collision,45.0,10.471184422155025,0.1987726076249987,-0.14695074867954067,0.1388888888888889,0.1388888888888889,0.1388888888888889,0.0,1.1386929504690475e-15,0.0,0.0,130.78185626615533,1232.4783351647031,0,0.019924099993659183,36,4.458841437395206e-14,0
cbf_wrench_local,Local CBF wrench filter,static_corridor,573001,4,4990075b068d4cc18c0bb9689124d001811f7604f4b83163a3671feb2c8b3a49,1,1,0,0,0,target_reached,40.949999999999996,0.26499202899065105,0.0007489841729872992,0.08103068045847489,0.3443223443223443,0.0,0.0,2548.4816059645864,5.571487886059226e-16,0.0,0.0,220.75340333932533,2598.556337560129,2184,0.15866280000773259,273,1.1916163935586911e-14,0
damped_hamiltonian_raw,Damped Hamiltonian (RAW),static_corridor,573001,4,4990075b068d4cc18c0bb9689124d001811f7604f4b83163a3671feb2c8b3a49,0,0,1,0,0,collision,45.0,10.48760846687661,0.12441592035204874,-0.14860144138500514,0.1388888888888889,0.1388888888888889,0.1388888888888889,0.0,1.6128336286263632e-15,0.0,0.0,134.18159968727537,1236.292803602385,0,0.02175740001257509,36,4.3385152110646224e-14,0
damped_hamiltonian_cbf,Damped Hamiltonian + CBF,static_corridor,573001,4,4990075b068d4cc18c0bb9689124d001811f7604f4b83163a3671feb2c8b3a49,0,0,0,1,0,timeout,45.0,0.27739801236874845,1.325737934854132e-05,0.08084772137727653,0.33666666666666667,0.0,0.0,2793.938415370232,5.779045120319971e-16,0.0,0.0,207.30005264847952,2341.472596140018,2400,0.19637980000698008,300,7.32410687763558e-15,0
distributed_preview_cbf,Distributed preview-CBF,static_corridor,573001,4,4990075b068d4cc18c0bb9689124d001811f7604f4b83163a3671feb2c8b3a49,0,0,0,1,0,timeout,45.0,0.3357251234589352,0.00022037644930472666,0.08081069016794801,0.3466666666666667,0.0,0.0,2703.8873541747002,7.560538728350293e-16,0.0,0.0,199.45257115815085,2207.0618135706413,2400,0.19357730000047013,300,8.881784197001252e-15,0
centralized_preview_reference,Centralized preview reference,static_corridor,573001,4,4990075b068d4cc18c0bb9689124d001811f7604f4b83163a3671feb2c8b3a49,0,0,0,1,0,timeout,45.0,0.4184370409905026,0.00018466551421747468,0.08070088393672253,0.35333333333333333,0.0,0.0,2757.451441863882,6.346668594235155e-16,0.0,0.0,194.77357590862525,2143.00853707813,3600,0.19835740001872182,300,7.32410687763558e-15,0
pose_pd_raw,Pose PD (RAW),static_corridor,573000,8,ba48be673956408c68a1d7a160cfed9541cd0967d9b251320026d02e271d62e1,0,0,1,0,0,collision,45.0,10.11503811639386,0.1767511272190445,-0.08090843739923254,0.16216216216216217,0.16216216216216217,0.16216216216216217,0.0,1.3818549501838039e-15,0.0,0.0,144.46741606274054,634.7884911029449,0,0.03128830000059679,37,4.595411454131881e-14,0
apf_wrench_heuristic,APF wrench heuristic,static_corridor,573000,8,ba48be673956408c68a1d7a160cfed9541cd0967d9b251320026d02e271d62e1,0,0,1,0,0,collision,45.0,10.250639157825692,0.11442015866844013,-0.022402097772482976,0.225,0.225,0.225,0.0,1.9042833228508404e-15,0.0,0.0,121.31355166267873,882.2078902755542,0,0.031831500004045665,40,4.595411454131881e-14,0
velocity_obstacle_proxy,Velocity-obstacle proxy,static_corridor,573000,8,ba48be673956408c68a1d7a160cfed9541cd0967d9b251320026d02e271d62e1,0,0,1,0,0,collision,45.0,10.07212313882843,0.15533620781353497,-0.04752421475315555,0.18421052631578946,0.18421052631578946,0.18421052631578946,0.0,1.37370362057013e-15,0.0,0.0,130.01762347217917,615.69474834118,0,0.02856810000957921,38,4.595411454131881e-14,0
cbf_wrench_local,Local CBF wrench filter,static_corridor,573000,8,ba48be673956408c68a1d7a160cfed9541cd0967d9b251320026d02e271d62e1,1,1,0,0,0,target_reached,40.05,0.26633521815799566,0.000475639903374514,0.19239116030607,0.3295880149812734,0.0,0.0,2360.3287900078444,7.360827692056715e-16,0.0,0.0,217.4482148318892,1288.3619764673265,4272,0.24376099999062717,267,1.464821375527116e-14,0
damped_hamiltonian_raw,Damped Hamiltonian (RAW),static_corridor,573000,8,ba48be673956408c68a1d7a160cfed9541cd0967d9b251320026d02e271d62e1,0,0,1,0,0,collision,45.0,10.22942208114856,0.10356565169129928,-0.11790039495234822,0.16216216216216217,0.16216216216216217,0.16216216216216217,0.0,1.445941875006826e-15,0.0,0.0,134.7392232396385,613.3458808697441,0,0.030808100011199713,37,4.466699187172487e-14,0
damped_hamiltonian_cbf,Damped Hamiltonian + CBF,static_corridor,573000,8,ba48be673956408c68a1d7a160cfed9541cd0967d9b251320026d02e271d62e1,1,1,0,0,0,target_reached,44.25,0.2714714647968027,7.065083036872366e-05,0.1518174989967676,0.31864406779661014,0.0,0.0,2585.4447179548592,6.736908868251958e-16,0.0,0.0,204.19258616437537,1152.9749240802703,4720,0.251470999995945,295,7.944109290391274e-15,0
distributed_preview_cbf,Distributed preview-CBF,static_corridor,573000,8,ba48be673956408c68a1d7a160cfed9541cd0967d9b251320026d02e271d62e1,0,0,0,1,0,timeout,45.0,0.29645137505365454,0.00022037644930472666,0.16497153223908195,0.3233333333333333,0.0,0.0,2502.0060030779327,7.180532703107114e-16,0.0,0.0,196.4820185168649,1083.6396171875704,4800,0.25047089997678995,300,1.435067942883752e-14,0
centralized_preview_reference,Centralized preview reference,static_corridor,573000,8,ba48be673956408c68a1d7a160cfed9541cd0967d9b251320026d02e271d62e1,0,0,0,1,0,timeout,45.0,0.3712312670163035,0.00018466551421747468,0.17290300755331783,0.3333333333333333,0.0,0.0,2550.951909313237,7.07629901683335e-16,0.0,0.0,191.88493287362763,1060.4646723194915,16800,0.25382579999859445,300,8.565282493038633e-15,0
pose_pd_raw,Pose PD (RAW),static_corridor,573001,8,488f5d9b9fd2ac25ba6552920c886a64de79e8aeaa767e0dc5790ec60108b29a,0,0,1,0,0,collision,45.0,10.190957136886261,0.1767511272190445,-0.06842331786009498,0.16216216216216217,0.16216216216216217,0.16216216216216217,0.0,1.4474770085478043e-15,0.0,0.0,146.61114890919328,644.2552655546183,0,0.025688499998068437,37,4.633927802435176e-14,0
apf_wrench_heuristic,APF wrench heuristic,static_corridor,573001,8,488f5d9b9fd2ac25ba6552920c886a64de79e8aeaa767e0dc5790ec60108b29a,0,0,1,0,0,collision,45.0,10.299401181182636,0.1345520526999251,-0.01602152432720433,0.20512820512820512,0.20512820512820512,0.20512820512820512,0.0,2.127450893369794e-15,0.0,0.0,124.41784992132642,820.6985551639036,0,0.024135799991199747,39,4.633927802435176e-14,0
velocity_obstacle_proxy,Velocity-obstacle proxy,static_corridor,573001,8,488f5d9b9fd2ac25ba6552920c886a64de79e8aeaa767e0dc5790ec60108b29a,0,0,1,0,0,collision,45.0,10.136085408357207,0.15533620781353497,-0.059605463305724304,0.18421052631578946,0.18421052631578946,0.18421052631578946,0.0,1.3741358353403505e-15,0.0,0.0,132.7657748527376,624.6120061312253,0,0.02531320002162829,38,4.633927802435176e-14,0
cbf_wrench_local,Local CBF wrench filter,static_corridor,573001,8,488f5d9b9fd2ac25ba6552920c886a64de79e8aeaa767e0dc5790ec60108b29a,1,1,0,0,0,target_reached,40.65,0.2664259499442519,0.0006729614265843509,0.15808497897302726,0.33948339483394835,0.0,0.0,2478.2237530164807,6.926355680039507e-16,0.0,0.0,219.57560109392162,1243.1368996827946,4336,0.20501279999734834,271,7.944109290391274e-15,0
damped_hamiltonian_raw,Damped Hamiltonian (RAW),static_corridor,573001,8,488f5d9b9fd2ac25ba6552920c886a64de79e8aeaa767e0dc5790ec60108b29a,0,0,1,0,0,collision,45.0,10.306199617295011,0.10356565169130016,-0.0906917069951067,0.16216216216216217,0.16216216216216217,0.16216216216216217,0.0,1.2209270398625925e-15,0.0,0.0,136.7337464386964,622.4623707483888,0,0.028919100004713982,37,4.280395724909528e-14,0
damped_hamiltonian_cbf,Damped Hamiltonian + CBF,static_corridor,573001,8,488f5d9b9fd2ac25ba6552920c886a64de79e8aeaa767e0dc5790ec60108b29a,1,1,0,0,0,target_reached,44.85,0.2723293397688255,2.3674293967879123e-05,0.1273593640701583,0.3277591973244147,0.0,0.0,2714.3198380876693,5.126639059634994e-16,0.0,0.0,206.2127913157878,1202.6658943932896,4784,0.24574810001649894,299,7.32410687763558e-15,0
distributed_preview_cbf,Distributed preview-CBF,static_corridor,573001,8,488f5d9b9fd2ac25ba6552920c886a64de79e8aeaa767e0dc5790ec60108b29a,0,0,0,1,0,timeout,45.0,0.3228654687065237,0.00022037644930472666,0.1377338413687093,0.33666666666666667,0.0,0.0,2626.7402475042145,6.77077932146051e-16,0.0,0.0,201.32957971689254,1151.6343921111843,4800,0.23500549999880604,300,1.4458497151625688e-14,0
centralized_preview_reference,Centralized preview reference,static_corridor,573001,8,488f5d9b9fd2ac25ba6552920c886a64de79e8aeaa767e0dc5790ec60108b29a,0,0,0,1,0,timeout,45.0,0.40301606684221786,0.00018466551421747468,0.14471520215894268,0.3466666666666667,0.0,0.0,2678.503016031997,6.948863309676376e-16,0.0,0.0,193.76105615056048,1054.4964703733656,16800,0.2395705000089947,300,2.1334777765716796e-14,0
pose_pd_raw,Pose PD (RAW),static_corridor,573000,12,de6981e590ad125c14e9f99c78905081398355266902f1602a445abec29c5788,0,0,1,0,0,collision,45.0,10.498583081776836,0.22137366741914333,-0.11488235239502348,0.14285714285714285,0.14285714285714285,0.14285714285714285,0.0,2.2085785650776617e-15,0.0,0.0,138.37378970300475,416.812722443686,0,0.03583969999453984,35,4.501759284449558e-14,0
apf_wrench_heuristic,APF wrench heuristic,static_corridor,573000,12,de6981e590ad125c14e9f99c78905081398355266902f1602a445abec29c5788,0,0,1,0,0,collision,45.0,10.52230939782249,0.1987726076249987,-0.09489235899440945,0.16666666666666666,0.16666666666666666,0.16666666666666666,0.0,2.1899366091701077e-15,0.0,0.0,120.33471802386597,451.40088122027106,0,0.03603859999566339,36,4.501759284449558e-14,0
velocity_obstacle_proxy,Velocity-obstacle proxy,static_corridor,573000,12,de6981e590ad125c14e9f99c78905081398355266902f1602a445abec29c5788,0,0,1,0,0,collision,45.0,10.570524606091425,0.22137366741914333,-0.02716138297522236,0.14285714285714285,0.14285714285714285,0.14285714285714285,0.0,2.1845830366593345e-15,0.0,0.0,127.24272795279694,402.51503432835796,0,0.03578829998150468,35,4.501759284449558e-14,0
cbf_wrench_local,Local CBF wrench filter,static_corridor,573000,12,de6981e590ad125c14e9f99c78905081398355266902f1602a445abec29c5788,1,1,0,0,0,target_reached,40.35,0.2646032660986041,0.0005820310683311014,0.08103237324155926,0.3382899628252788,0.0,0.0,2428.5825343946226,8.933604265855662e-16,0.0,0.0,214.92017476593762,821.0124488401453,6456,0.2803626999957487,269,1.591302455776226e-14,0
damped_hamiltonian_raw,Damped Hamiltonian (RAW),static_corridor,573000,12,de6981e590ad125c14e9f99c78905081398355266902f1602a445abec29c5788,0,0,1,0,0,collision,45.0,10.591182361581712,0.14608725512832343,-0.0424674733118226,0.11428571428571428,0.11428571428571428,0.11428571428571428,0.0,2.4461885982371056e-15,0.0,0.0,129.61074745363166,403.67313802439895,0,0.03697929999907501,35,4.335971723062341e-14,0
damped_hamiltonian_cbf,Damped Hamiltonian + CBF,static_corridor,573000,12,de6981e590ad125c14e9f99c78905081398355266902f1602a445abec29c5788,1,1,0,0,0,target_reached,44.4,0.2761517262344234,5.81229299152497e-05,0.0808572545046094,0.32432432432432434,0.0,0.0,2661.9473537768517,7.954923923814816e-16,0.0,0.0,205.28666576639924,796.059771776912,7104,0.3184907999821007,296,7.381104677948019e-15,0
distributed_preview_cbf,Distributed preview-CBF,static_corridor,573000,12,de6981e590ad125c14e9f99c78905081398355266902f1602a445abec29c5788,0,0,0,1,0,timeout,45.0,0.3078481005882084,0.00022037644930472666,0.08078654766791976,0.3333333333333333,0.0,0.0,2576.1668235922857,8.669494720323746e-16,0.0,0.0,197.5382232844048,730.5855084665193,7200,0.309276600019075,300,1.467511591522657e-14,0
centralized_preview_reference,Centralized preview reference,static_corridor,573000,12,de6981e590ad125c14e9f99c78905081398355266902f1602a445abec29c5788,0,0,0,1,0,timeout,45.0,0.38501793609506885,0.00018466551421747468,0.08074383661414003,0.3433333333333333,0.0,0.0,2627.308865587544,8.112950454660555e-16,0.0,0.0,190.1779440491317,707.2940723794665,39600,0.3217706000141334,300,9.565974336450906e-15,0
pose_pd_raw,Pose PD (RAW),static_corridor,573001,12,0bb7f1278ee518843bfc2eaf1b5a7db159e345b6e53a49d907d6c916c9eabeec,0,0,1,0,0,collision,45.0,10.577380821830312,0.22137366741914333,-0.054435813505978536,0.11428571428571428,0.11428571428571428,0.11428571428571428,0.0,2.2651970299305782e-15,0.0,0.0,140.4258149329728,423.0303868511711,0,0.03495100000873208,35,4.085620730620576e-14,0
apf_wrench_heuristic,APF wrench heuristic,static_corridor,573001,12,0bb7f1278ee518843bfc2eaf1b5a7db159e345b6e53a49d907d6c916c9eabeec,0,0,1,0,0,collision,45.0,10.571724631260654,0.1987726076249987,-0.06231444952531601,0.1388888888888889,0.1388888888888889,0.1388888888888889,0.0,2.2349446916156214e-15,0.0,0.0,123.39707696680665,449.3193034825256,0,0.03539550001733005,36,4.085620730620576e-14,0
velocity_obstacle_proxy,Velocity-obstacle proxy,static_corridor,573001,12,0bb7f1278ee518843bfc2eaf1b5a7db159e345b6e53a49d907d6c916c9eabeec,0,0,1,0,0,collision,45.0,10.471184422155025,0.1987726076249987,-0.1469507486795409,0.1388888888888889,0.1388888888888889,0.1388888888888889,0.0,2.208030654242173e-15,0.0,0.0,130.78185626615536,410.9760571488652,0,0.03683979998459108,36,4.085620730620576e-14,0
cbf_wrench_local,Local CBF wrench filter,static_corridor,573001,12,0bb7f1278ee518843bfc2eaf1b5a7db159e345b6e53a49d907d6c916c9eabeec,1,1,0,0,0,target_reached,40.949999999999996,0.26499202899065105,0.0007489841729872992,0.08103068045847489,0.3443223443223443,0.0,0.0,2548.481605964586,7.453171454671099e-16,0.0,0.0,220.7534033393253,866.3517903797972,6552,0.28183769999304786,273,8.498827956506644e-15,0
damped_hamiltonian_raw,Damped Hamiltonian (RAW),static_corridor,573001,12,0bb7f1278ee518843bfc2eaf1b5a7db159e345b6e53a49d907d6c916c9eabeec,0,0,1,0,0,collision,45.0,10.48760846687661,0.12441592035204874,-0.14860144138500514,0.1388888888888889,0.1388888888888889,0.1388888888888889,0.0,2.086473591084466e-15,0.0,0.0,134.18159968727537,412.28908898035127,0,0.03759989998070523,36,4.41684618094355e-14,0
damped_hamiltonian_cbf,Damped Hamiltonian + CBF,static_corridor,573001,12,0bb7f1278ee518843bfc2eaf1b5a7db159e345b6e53a49d907d6c916c9eabeec,0,0,0,1,0,timeout,45.0,0.27739801236874767,1.325737934854132e-05,0.08084772137727653,0.33666666666666667,0.0,0.0,2793.9384153702363,1.006149171617288e-15,0.0,0.0,207.30005264847946,780.7030508573803,7200,0.33027730000321753,300,1.5601695198511554e-14,0
distributed_preview_cbf,Distributed preview-CBF,static_corridor,573001,12,0bb7f1278ee518843bfc2eaf1b5a7db159e345b6e53a49d907d6c916c9eabeec,0,0,0,1,0,timeout,45.0,0.3357251234589352,0.00022037644930472666,0.08081069016794801,0.3466666666666667,0.0,0.0,2703.8873541747,9.245712236560476e-16,0.0,0.0,199.45257115815093,735.8693168511633,7200,0.3355327000026591,300,1.668883469118181e-14,0
centralized_preview_reference,Centralized preview reference,static_corridor,573001,12,0bb7f1278ee518843bfc2eaf1b5a7db159e345b6e53a49d907d6c916c9eabeec,0,0,0,1,0,timeout,45.0,0.4184370409905026,0.00018466551421747468,0.08070088393672253,0.35333333333333333,0.0,0.0,2757.451441863882,6.236284422481777e-16,0.0,0.0,194.77357590862528,714.5116300639166,39600,0.32071470000664704,300,7.0155202882469586e-15,0
pose_pd_raw,Pose PD (RAW),mobile_crossing,573000,4,104f9723f1e4421c2df9505f6a4337b74d21684ba6bef23d40396f8e9fe539eb,0,0,1,0,0,collision,45.0,0.8003605592813751,0.029338584516015676,-0.008792148880759132,0.3310344827586207,0.3310344827586207,0.3310344827586207,0.0,7.116144775978498e-16,0.0,0.0,210.3517750251446,1420.5291420114804,0,0.1444152000185568,145,4.584239796857027e-14,0
apf_wrench_heuristic,APF wrench heuristic,mobile_crossing,573000,4,104f9723f1e4421c2df9505f6a4337b74d21684ba6bef23d40396f8e9fe539eb,1,1,0,0,0,target_reached,37.8,0.2695733571234909,0.0008368465314227969,1.21742762392332,0.0,0.0,0.0,0.0,5.878025992722639e-16,0.0,0.051587301587301584,241.38597024905718,1699.0607727666695,0,0.19250340000144206,252,4.584239796857027e-14,0
velocity_obstacle_proxy,Velocity-obstacle proxy,mobile_crossing,573000,4,104f9723f1e4421c2df9505f6a4337b74d21684ba6bef23d40396f8e9fe539eb,1,1,0,0,0,target_reached,28.349999999999998,0.2669157640425082,1.4783766120629593e-05,0.45309541806209147,0.1693121693121693,0.1693121693121693,0.1693121693121693,0.0,6.472929484481565e-16,0.0,0.010582010582010581,216.29359859901828,1523.9801214701022,0,0.1600936000177171,189,4.584239796857027e-14,0
cbf_wrench_local,Local CBF wrench filter,mobile_crossing,573000,4,104f9723f1e4421c2df9505f6a4337b74d21684ba6bef23d40396f8e9fe539eb,1,1,0,0,0,target_reached,30.9,0.2668132035179453,0.004871279772581172,0.3832537788464841,0.16019417475728157,0.0,0.0,173.65246274204614,6.128089083428885e-16,0.0,0.0,212.2424299463718,1483.917272411625,1648,0.1651125999924261,206,7.588599744428075e-15,0
damped_hamiltonian_raw,Damped Hamiltonian (RAW),mobile_crossing,573000,4,104f9723f1e4421c2df9505f6a4337b74d21684ba6bef23d40396f8e9fe539eb,0,0,1,0,0,collision,45.0,1.2680175280235066,0.018421066821496357,-0.02649700909902547,0.3028169014084507,0.3028169014084507,0.3028169014084507,0.0,6.345381878042775e-16,0.0,0.0,194.90797432123784,1364.4951536727199,0,0.11701970000285655,142,4.489531063091402e-14,0
damped_hamiltonian_cbf,Damped Hamiltonian + CBF,mobile_crossing,573000,4,104f9723f1e4421c2df9505f6a4337b74d21684ba6bef23d40396f8e9fe539eb,1,1,0,0,0,target_reached,32.55,0.2709931663433958,0.0017720898376625271,0.36066930749873466,0.14746543778801843,0.027649769585253458,0.027649769585253458,320.8674982865125,5.684391217143659e-16,0.0,0.009216589861751152,201.09025162980006,1626.1921075659786,1736,0.1825304999947548,217,7.588599744428075e-15,0
distributed_preview_cbf,Distributed preview-CBF,mobile_crossing,573000,4,104f9723f1e4421c2df9505f6a4337b74d21684ba6bef23d40396f8e9fe539eb,1,1,0,0,0,target_reached,30.75,0.27469851319847083,0.0032846502748427042,0.7903626786398945,0.05853658536585366,0.014634146341463415,0.014634146341463415,535.238093093141,9.97641314829035e-16,0.0,0.014634146341463415,217.15277095066094,3057.2161070060088,1640,0.17647070001112297,205,1.4219634040908775e-14,0
centralized_preview_reference,Centralized preview reference,mobile_crossing,573000,4,104f9723f1e4421c2df9505f6a4337b74d21684ba6bef23d40396f8e9fe539eb,0,0,0,1,0,timeout,45.0,5.684936334959117,0.00018466551421747468,0.3974409966644144,0.5633333333333334,0.02666666666666667,0.02666666666666667,5951.016001226289,1.1750572477491472e-15,0.0,0.45,362.97265049595734,7525.414932256726,3600,0.26234450002084486,300,2.842306465080941e-14,0
pose_pd_raw,Pose PD (RAW),mobile_crossing,573001,4,9c9a06664b746700a01bd0dee176e51081ce1403550642395ebca865715544d4,0,0,1,0,0,collision,45.0,0.8063677130856598,0.029338584516015676,-0.007545189687579279,0.32413793103448274,0.32413793103448274,0.32413793103448274,0.0,6.234499604207896e-16,0.0,0.0,213.49242146967916,1441.7320869442542,0,0.11911700002383441,145,4.694970270847103e-14,0
apf_wrench_heuristic,APF wrench heuristic,mobile_crossing,573001,4,9c9a06664b746700a01bd0dee176e51081ce1403550642395ebca865715544d4,1,1,0,0,0,target_reached,37.8,0.2702569781191268,0.0008368465314227969,1.210047248612093,0.0,0.0,0.0,0.0,5.115705111163562e-16,0.0,0.051587301587301584,244.77594815178114,1723.6469353621644,0,0.195631400012644,252,4.694970270847103e-14,0
velocity_obstacle_proxy,Velocity-obstacle proxy,mobile_crossing,573001,4,9c9a06664b746700a01bd0dee176e51081ce1403550642395ebca865715544d4,1,1,0,0,0,target_reached,35.4,0.2691117513962047,0.0036710433517104235,1.4409947038599538,0.0635593220338983,0.0635593220338983,0.059322033898305086,0.0,695.5273984297128,0.00423728813559322,0.012711864406779662,244.45415067572964,7153.211114945796,0,0.18495150000671856,236,4.694970270847103e-14,0
cbf_wrench_local,Local CBF wrench filter,mobile_crossing,573001,4,9c9a06664b746700a01bd0dee176e51081ce1403550642395ebca865715544d4,1,1,0,0,0,target_reached,30.9,0.26881395177691714,0.004871279772581172,0.3834703800548103,0.1553398058252427,0.0,0.0,173.24964307961568,5.413885189898136e-16,0.0,0.0,215.42844413883324,1509.0776626287948,1648,0.1774911999818869,206,7.160723346098895e-15,0
damped_hamiltonian_raw,Damped Hamiltonian (RAW),mobile_crossing,573001,4,9c9a06664b746700a01bd0dee176e51081ce1403550642395ebca865715544d4,0,0,1,0,0,collision,45.0,1.2775347090352853,0.018421066821496357,-0.018681267084560138,0.3028169014084507,0.3028169014084507,0.3028169014084507,0.0,8.448327667948328e-16,0.0,0.0,197.8144161490995,1384.7983019761357,0,0.120121999992989,142,4.3385152110646224e-14,0
damped_hamiltonian_cbf,Damped Hamiltonian + CBF,mobile_crossing,573001,4,9c9a06664b746700a01bd0dee176e51081ce1403550642395ebca865715544d4,1,1,0,0,0,target_reached,32.4,0.2749288082851535,0.0018836907105375111,0.3615507314834235,0.14814814814814814,0.027777777777777776,0.027777777777777776,318.54618456633614,7.062039652181825e-16,0.0,0.013888888888888888,204.19071209207212,1636.080116356426,1728,0.1889221000019461,216,7.32410687763558e-15,0
distributed_preview_cbf,Distributed preview-CBF,mobile_crossing,573001,4,9c9a06664b746700a01bd0dee176e51081ce1403550642395ebca865715544d4,1,1,0,0,0,target_reached,30.75,0.27646476063548736,0.0032846502748427042,0.8193420039205574,0.05853658536585366,0.014634146341463415,0.014634146341463415,543.719731004859,1.000033164120462e-15,0.0,0.014634146341463415,221.43151920703963,3187.5237136201686,1640,0.17915940002421848,205,2.842366092731745e-14,0
centralized_preview_reference,Centralized preview reference,mobile_crossing,573001,4,9c9a06664b746700a01bd0dee176e51081ce1403550642395ebca865715544d4,0,0,0,1,0,timeout,45.0,5.684942063434247,0.00018466551421747468,0.39744111018570855,0.5633333333333334,0.03,0.03,5935.604165906959,1.0121523817726522e-15,0.0,0.45,363.50418881668264,7323.932958911581,3600,0.27058859998942353,300,1.4217791915866692e-14,0
pose_pd_raw,Pose PD (RAW),mobile_crossing,573000,8,897065850721f6fe21a2bfd3483c7f0338af174ed30d4aa85eb3ff35566d0755,1,1,0,0,0,target_reached,28.2,0.2659454458808424,0.0005036848439412545,0.0737675355108765,0.2765957446808511,0.2765957446808511,0.2765957446808511,0.0,6.741328057443543e-16,0.0,0.0,210.62892256609132,710.9913361138584,0,0.22017020001658238,188,4.595411454131881e-14,0
apf_wrench_heuristic,APF wrench heuristic,mobile_crossing,573000,8,897065850721f6fe21a2bfd3483c7f0338af174ed30d4aa85eb3ff35566d0755,1,1,0,0,0,target_reached,37.8,0.26766027834423534,0.0008368465314227969,0.6624999999999982,0.0,0.0,0.0,0.0,6.463123949769081e-16,0.0,0.051587301587301584,238.39962552332386,830.2697447421183,0,0.2659791999903973,252,4.595411454131881e-14,0
velocity_obstacle_proxy,Velocity-obstacle proxy,mobile_crossing,573000,8,897065850721f6fe21a2bfd3483c7f0338af174ed30d4aa85eb3ff35566d0755,1,1,0,0,0,target_reached,28.05,0.26940419844317337,0.0010155995843637022,0.6624999999999982,0.12834224598930483,0.12834224598930483,0.12834224598930483,0.0,7.054097098446141e-16,0.0,0.0106951871657754,215.75866539641046,755.2905849935688,0,0.20111520000500605,187,4.595411454131881e-14,0
cbf_wrench_local,Local CBF wrench filter,mobile_crossing,573000,8,897065850721f6fe21a2bfd3483c7f0338af174ed30d4aa85eb3ff35566d0755,1,1,0,0,0,target_reached,30.299999999999997,0.270068451615894,0.004270074339830732,0.5418354614137204,0.13861386138613863,0.0,0.0,149.76230944283924,6.781299491448769e-16,0.0,0.0,211.97806538805978,738.4402495647024,3232,0.24367000002530403,202,1.464821375527116e-14,0
damped_hamiltonian_raw,Damped Hamiltonian (RAW),mobile_crossing,573000,8,897065850721f6fe21a2bfd3483c7f0338af174ed30d4aa85eb3ff35566d0755,0,0,1,0,0,collision,45.0,1.5885308269743201,0.023133272480433842,-0.0321872500621429,0.2366412213740458,0.2366412213740458,0.2366412213740458,0.0,8.206783129619224e-16,0.0,0.0,194.438815961023,682.5075365036369,0,0.15796559999580495,131,4.466699187172487e-14,0
damped_hamiltonian_cbf,Damped Hamiltonian + CBF,mobile_crossing,573000,8,897065850721f6fe21a2bfd3483c7f0338af174ed30d4aa85eb3ff35566d0755,1,1,0,0,0,target_reached,33.15,0.2716536735820334,0.0013359223004840715,0.4571174409015601,0.14479638009049775,0.02262443438914027,0.02262443438914027,287.0969270477377,6.556598277192571e-16,0.0,0.00904977375565611,199.50229060430974,762.7126277274738,3536,0.2506027999916114,221,7.944109290391274e-15,0
distributed_preview_cbf,Distributed preview-CBF,mobile_crossing,573000,8,897065850721f6fe21a2bfd3483c7f0338af174ed30d4aa85eb3ff35566d0755,1,1,0,0,0,target_reached,30.9,0.2748456975967382,0.003280808678488789,0.6624999999999982,0.05825242718446602,0.019417475728155338,0.019417475728155338,444.08106924937107,6.481521176238898e-16,0.0,0.014563106796116505,207.33613152283667,1202.5555016030569,3296,0.2231311000068672,206,7.377764055609925e-15,0
centralized_preview_reference,Centralized preview reference,mobile_crossing,573000,8,897065850721f6fe21a2bfd3483c7f0338af174ed30d4aa85eb3ff35566d0755,0,0,0,1,0,timeout,45.0,5.0824231517339795,0.00018466551421747468,0.4215875073024345,0.5233333333333333,0.016666666666666666,0.016666666666666666,5686.081413693518,1.5120537719090794e-15,0.0,0.43,378.5750647941677,4439.847957079684,16800,0.36324259999673814,300,8.565282493038633e-15,0
pose_pd_raw,Pose PD (RAW),mobile_crossing,573001,8,c0edc6137a77de148a1ab00cb78e22bb9471ad4c2dfcc41c7e21a9c00bc8ee87,1,1,0,0,0,target_reached,28.2,0.267941515250364,0.0005036848439412545,0.07391819138841665,0.2765957446808511,0.2765957446808511,0.2765957446808511,0.0,6.821597952498244e-16,0.0,0.0,213.77371386866483,721.5956005361804,0,0.23024069998064078,188,4.633927802435176e-14,0
apf_wrench_heuristic,APF wrench heuristic,mobile_crossing,573001,8,c0edc6137a77de148a1ab00cb78e22bb9471ad4c2dfcc41c7e21a9c00bc8ee87,1,1,0,0,0,target_reached,37.8,0.26835798381846016,0.0008368465314227969,0.6624999999999986,0.0,0.0,0.0,0.0,6.333784412947387e-16,0.0,0.051587301587301584,241.727572690696,841.7007522682261,0,0.2796954000077676,252,4.633927802435176e-14,0
velocity_obstacle_proxy,Velocity-obstacle proxy,mobile_crossing,573001,8,c0edc6137a77de148a1ab00cb78e22bb9471ad4c2dfcc41c7e21a9c00bc8ee87,1,1,0,0,0,target_reached,34.8,0.2665653252450023,0.003611059959697016,0.6624999999999984,0.034482758620689655,0.034482758620689655,0.034482758620689655,0.0,6.931596127336663e-16,0.0,0.01293103448275862,248.33432289087781,3349.0921478499063,0,0.2560446999850683,232,4.633927802435176e-14,0
cbf_wrench_local,Local CBF wrench filter,mobile_crossing,573001,8,c0edc6137a77de148a1ab00cb78e22bb9471ad4c2dfcc41c7e21a9c00bc8ee87,1,1,0,0,0,target_reached,30.299999999999997,0.27222111916244085,0.004270074339830732,0.5420544351958934,0.14356435643564355,0.0,0.0,149.47832666714936,6.109290128726844e-16,0.0,0.0,215.1139397054864,748.297158723093,3232,0.2250969000160694,202,7.944109290391274e-15,0
damped_hamiltonian_raw,Damped Hamiltonian (RAW),mobile_crossing,573001,8,c0edc6137a77de148a1ab00cb78e22bb9471ad4c2dfcc41c7e21a9c00bc8ee87,0,0,1,0,0,collision,45.0,1.6004536396239757,0.023133272480433842,-0.023780880776252233,0.2366412213740458,0.2366412213740458,0.2366412213740458,0.0,6.850043965889957e-16,0.0,0.0,197.33819945142122,692.6527639353146,0,0.14943570000468753,131,4.280395724909528e-14,0
damped_hamiltonian_cbf,Damped Hamiltonian + CBF,mobile_crossing,573001,8,c0edc6137a77de148a1ab00cb78e22bb9471ad4c2dfcc41c7e21a9c00bc8ee87,1,1,0,0,0,target_reached,33.0,0.27559345538132735,0.0014428647324922217,0.46146354492925096,0.14545454545454545,0.022727272727272728,0.022727272727272728,286.46885115167004,5.447101075023093e-16,0.0,0.013636363636363636,202.63577270921604,774.4658187094124,3520,0.2493127000052482,220,7.32410687763558e-15,0
distributed_preview_cbf,Distributed preview-CBF,mobile_crossing,573001,8,c0edc6137a77de148a1ab00cb78e22bb9471ad4c2dfcc41c7e21a9c00bc8ee87,1,1,0,0,0,target_reached,30.9,0.2724206041492827,0.003280808678488789,0.6624999999999982,0.05825242718446602,0.019417475728155338,0.019417475728155338,448.3428817079603,1.1190847384403788e-15,0.0,0.014563106796116505,210.96217584456707,1234.0230807076323,3296,0.25097850000020117,206,2.010484847653073e-14,0
centralized_preview_reference,Centralized preview reference,mobile_crossing,573001,8,c0edc6137a77de148a1ab00cb78e22bb9471ad4c2dfcc41c7e21a9c00bc8ee87,0,0,0,1,0,timeout,45.0,5.083007403177098,0.00018466551421747468,0.4215895125655236,0.5233333333333333,0.016666666666666666,0.016666666666666666,5673.297501568681,1.4459706669029693e-15,0.0,0.43333333333333335,376.2491358005644,4305.443545315055,16800,0.36282569999457337,300,1.4221692604176232e-14,0
pose_pd_raw,Pose PD (RAW),mobile_crossing,573000,12,666b0b1a4b37b5ba9cb20ee7722bdce8021385fbd2b538021c6e202c63a431fd,0,0,1,0,0,collision,45.0,0.8003605592813751,0.029338584516015676,-0.008792148880759132,0.3310344827586207,0.3310344827586207,0.3310344827586207,0.0,1.1548216606114102e-15,0.0,0.0,210.35177502514458,473.67592350472864,0,0.2182870999968145,145,4.501759284449558e-14,0
apf_wrench_heuristic,APF wrench heuristic,mobile_crossing,573000,12,666b0b1a4b37b5ba9cb20ee7722bdce8021385fbd2b538021c6e202c63a431fd,1,1,0,0,0,target_reached,37.8,0.2695733571234901,0.0008368465314227969,0.24166666666666425,0.0,0.0,0.0,0.0,9.09019903856723e-16,0.0,0.051587301587301584,241.38597024905707,566.5199352736815,0,0.3682655999728013,252,4.501759284449558e-14,0
velocity_obstacle_proxy,Velocity-obstacle proxy,mobile_crossing,573000,12,666b0b1a4b37b5ba9cb20ee7722bdce8021385fbd2b538021c6e202c63a431fd,1,1,0,0,0,target_reached,28.349999999999998,0.2669157640425084,1.4783766120629593e-05,0.24166666666666425,0.1693121693121693,0.1693121693121693,0.1693121693121693,0.0,1.02985082501418e-15,0.0,0.010582010582010581,216.29359859901828,508.15970321578686,0,0.27681170002324507,189,4.501759284449558e-14,0
cbf_wrench_local,Local CBF wrench filter,mobile_crossing,573000,12,666b0b1a4b37b5ba9cb20ee7722bdce8021385fbd2b538021c6e202c63a431fd,1,1,0,0,0,target_reached,30.9,0.2668132035179453,0.004871279772581172,0.24166666666666425,0.16019417475728157,0.0,0.0,173.65246274204608,9.32424546611084e-16,0.0,0.0,212.24242994637177,494.80542705638084,4944,0.3151767999806907,206,1.591302455776226e-14,0
damped_hamiltonian_raw,Damped Hamiltonian (RAW),mobile_crossing,573000,12,666b0b1a4b37b5ba9cb20ee7722bdce8021385fbd2b538021c6e202c63a431fd,0,0,1,0,0,collision,45.0,1.556332525981381,0.022948023883570645,-0.0154740845298324,0.25,0.25,0.25,0.0,1.2836182710862637e-15,0.0,0.0,194.4907015046875,454.7923396786198,0,0.2026733999955468,132,4.4096962836115984e-14,0
damped_hamiltonian_cbf,Damped Hamiltonian + CBF,mobile_crossing,573000,12,666b0b1a4b37b5ba9cb20ee7722bdce8021385fbd2b538021c6e202c63a431fd,1,1,0,0,0,target_reached,32.55,0.2709931663433958,0.0017720898376625271,0.24166666666666436,0.14746543778801843,0.027649769585253458,0.027649769585253458,320.8674982865125,8.822530811717465e-16,0.0,0.009216589861751152,201.09025162980006,542.276220990382,5208,0.3455182999896351,217,7.32410687763558e-15,0
distributed_preview_cbf,Distributed preview-CBF,mobile_crossing,573000,12,666b0b1a4b37b5ba9cb20ee7722bdce8021385fbd2b538021c6e202c63a431fd,1,1,0,0,0,target_reached,30.75,0.27469851319847083,0.0032846502748427042,0.24166666666666436,0.05853658536585366,0.014634146341463415,0.014634146341463415,535.238093093141,1.287592029378377e-15,0.0,0.014634146341463415,217.15277095066094,1019.2540790096347,4920,0.3282273999939207,205,1.467511591522657e-14,0
centralized_preview_reference,Centralized preview reference,mobile_crossing,573000,12,666b0b1a4b37b5ba9cb20ee7722bdce8021385fbd2b538021c6e202c63a431fd,0,0,0,1,0,timeout,45.0,5.684936334959117,0.00018466551421747468,0.2416666666666636,0.5633333333333334,0.02666666666666667,0.02666666666666667,5951.016001226289,1.3309517678265568e-15,0.0,0.45,362.9726504959574,2508.6470951234523,39600,0.4838811000226997,300,9.565974336450906e-15,0
pose_pd_raw,Pose PD (RAW),mobile_crossing,573001,12,7f4f1560f7075731637c8394b1ab131dc029539bfb7809d8d843e056cf39814d,0,0,1,0,0,collision,45.0,0.8063677130856598,0.029338584516015676,-0.007545189687579279,0.32413793103448274,0.32413793103448274,0.32413793103448274,0.0,1.1495133655537019e-15,0.0,0.0,213.49242146967916,480.743571815653,0,0.2224378999962937,145,4.711755647813113e-14,0
apf_wrench_heuristic,APF wrench heuristic,mobile_crossing,573001,12,7f4f1560f7075731637c8394b1ab131dc029539bfb7809d8d843e056cf39814d,1,1,0,0,0,target_reached,37.8,0.2702569781191268,0.0008368465314227969,0.24166666666666425,0.0,0.0,0.0,0.0,9.61447792238488e-16,0.0,0.051587301587301584,244.77594815178114,574.715322805514,0,0.3722305000119377,252,4.711755647813113e-14,0
velocity_obstacle_proxy,Velocity-obstacle proxy,mobile_crossing,573001,12,7f4f1560f7075731637c8394b1ab131dc029539bfb7809d8d843e056cf39814d,1,1,0,0,0,target_reached,41.4,0.2669931531934045,0.004300384128043788,0.24166666666666403,0.05434782608695652,0.05434782608695652,0.050724637681159424,0.0,617.3597302289976,0.0036231884057971015,0.010869565217391304,306.9357911595361,16655.09571714491,0,0.4028970999934245,276,5.695433295429594e-14,0
cbf_wrench_local,Local CBF wrench filter,mobile_crossing,573001,12,7f4f1560f7075731637c8394b1ab131dc029539bfb7809d8d843e056cf39814d,1,1,0,0,0,target_reached,30.9,0.26881395177691714,0.004871279772581172,0.24166666666666425,0.1553398058252427,0.0,0.0,173.24964307961568,7.241630902823234e-16,0.0,0.0,215.42844413883324,503.1922237954369,4944,0.3089981999946758,206,7.993605777301127e-15,0
damped_hamiltonian_raw,Damped Hamiltonian (RAW),mobile_crossing,573001,12,7f4f1560f7075731637c8394b1ab131dc029539bfb7809d8d843e056cf39814d,0,0,1,0,0,collision,45.0,1.568013672366928,0.022948023883570645,-0.010690303420070657,0.25,0.25,0.25,0.0,1.1576466243233613e-15,0.0,0.0,197.3908663785958,461.556293706292,0,0.19246829999610782,132,4.41684618094355e-14,0
damped_hamiltonian_cbf,Damped Hamiltonian + CBF,mobile_crossing,573001,12,7f4f1560f7075731637c8394b1ab131dc029539bfb7809d8d843e056cf39814d,1,1,0,0,0,target_reached,32.4,0.2749288082851535,0.0018836907105375111,0.24166666666666425,0.14814814814814814,0.027777777777777776,0.027777777777777776,318.5461845663361,1.1645655670321547e-15,0.0,0.013888888888888888,204.19071209207212,545.5722239053996,5184,0.3278701000090223,216,8.881784197001252e-15,0
distributed_preview_cbf,Distributed preview-CBF,mobile_crossing,573001,12,7f4f1560f7075731637c8394b1ab131dc029539bfb7809d8d843e056cf39814d,1,1,0,0,0,target_reached,30.75,0.27646476063548736,0.0032846502748427042,0.24166666666666425,0.05853658536585366,0.014634146341463415,0.014634146341463415,543.7197310048591,7.253587367192953e-16,0.0,0.014634146341463415,221.43151920703963,1062.6899478810203,4920,0.30252130000735633,205,1.432144669219779e-14,0
centralized_preview_reference,Centralized preview reference,mobile_crossing,573001,12,7f4f1560f7075731637c8394b1ab131dc029539bfb7809d8d843e056cf39814d,0,0,0,1,0,timeout,45.0,5.684942063434247,0.00018466551421747468,0.24166666666666392,0.5633333333333334,0.03,0.03,5935.604165906959,1.0815236641194622e-15,0.0,0.45,363.50418881668276,2441.486437341733,39600,0.46863019999000244,300,1.4235228361939208e-14,0
pose_pd_raw,Pose PD (RAW),mixed_corridor,573000,4,76aa35cf7203b9a6d607d383214ed2ebfdaa8712867cfb9f64296d3e56200141,0,0,1,0,0,collision,45.0,1.1408088389747801,0.02433440996455083,-0.028213419869052403,0.5419847328244275,0.5419847328244275,0.5419847328244275,0.0,7.486170460601433e-16,0.0,0.0,210.02723718996867,1420.059138454352,0,0.1110196000081487,131,4.584239796857027e-14,0
apf_wrench_heuristic,APF wrench heuristic,mixed_corridor,573000,4,76aa35cf7203b9a6d607d383214ed2ebfdaa8712867cfb9f64296d3e56200141,0,0,0,1,0,timeout,45.0,9.071987884409502,0.0007191668748913749,0.7458068161410099,0.03666666666666667,0.03666666666666667,0.03666666666666667,0.0,6.361809858259445e-16,0.0,0.4166666666666667,153.84619429176738,2165.7464881730607,0,0.24417590000666678,300,4.584239796857027e-14,0
velocity_obstacle_proxy,Velocity-obstacle proxy,mixed_corridor,573000,4,76aa35cf7203b9a6d607d383214ed2ebfdaa8712867cfb9f64296d3e56200141,1,1,0,0,0,target_reached,26.25,0.2712524609761474,0.008812945650860993,0.6093222285567426,0.19428571428571428,0.19428571428571428,0.19428571428571428,0.0,7.433273621561199e-16,0.0,0.022857142857142857,236.24501751858,2411.8477644983113,0,0.14567829997395165,175,4.715089867795858e-14,0
cbf_wrench_local,Local CBF wrench filter,mixed_corridor,573000,4,76aa35cf7203b9a6d607d383214ed2ebfdaa8712867cfb9f64296d3e56200141,0,0,0,1,0,timeout,45.0,8.360170081124501,0.0007191668748913749,0.08857727591807257,0.8666666666666667,0.0,0.0,6866.149614975482,6.541251594259227e-16,0.0,0.13,155.52785617507897,1955.0202922147819,2400,0.2897248000081163,300,1.013652469562605e-14,0
damped_hamiltonian_raw,Damped Hamiltonian (RAW),mixed_corridor,573000,4,76aa35cf7203b9a6d607d383214ed2ebfdaa8712867cfb9f64296d3e56200141,0,0,1,0,0,collision,45.0,1.5563325259813803,0.022948023883570645,-0.044675041139010385,0.5454545454545454,0.5454545454545454,0.5454545454545454,0.0,6.579265501402096e-16,0.0,0.0,194.49070150468754,1363.7407616819955,0,0.11975709997932427,132,4.489531063091402e-14,0
damped_hamiltonian_cbf,Damped Hamiltonian + CBF,mixed_corridor,573000,4,76aa35cf7203b9a6d607d383214ed2ebfdaa8712867cfb9f64296d3e56200141,0,0,0,1,0,timeout,45.0,8.3601700803975,1.325737934854132e-05,0.08805584835584118,0.86,0.0,0.0,7206.726596386372,5.223616874294673e-16,0.0,0.13,147.2320804028557,1801.6790715382572,2400,0.3035166999907233,300,7.588599744428075e-15,0
distributed_preview_cbf,Distributed preview-CBF,mixed_corridor,573000,4,76aa35cf7203b9a6d607d383214ed2ebfdaa8712867cfb9f64296d3e56200141,0,0,0,1,0,timeout,45.0,8.36017008097544,0.00022037644930472666,0.15922412955549642,0.8566666666666667,0.0,0.0,6736.245129222985,6.62529093107635e-16,0.0,0.13333333333333333,141.11851478834495,1680.6821670659212,2400,0.2898662000079639,300,1.481555084624755e-14,0
centralized_preview_reference,Centralized preview reference,mixed_corridor,573000,4,76aa35cf7203b9a6d607d383214ed2ebfdaa8712867cfb9f64296d3e56200141,0,0,0,1,0,timeout,45.0,8.360170080938735,0.00018466551421747468,0.19362307359862913,0.8533333333333334,0.0,0.0,6693.300066531015,5.072737508716334e-16,0.0,0.13333333333333333,136.9098138903614,1604.4987909912434,3600,0.3172435000014957,300,7.95651227888113e-15,0
pose_pd_raw,Pose PD (RAW),mixed_corridor,573001,4,87cacd826731fa52fb209e4b66dca0d885bb86438b0c731521cb66cbf1b812cc,0,0,1,0,0,collision,45.0,1.1493712476011648,0.02433440996455083,-0.022305527052834007,0.5343511450381679,0.5343511450381679,0.5343511450381679,0.0,6.557587069382594e-16,0.0,0.0,213.1629686434115,1441.2552385971653,0,0.11244659998919815,131,4.694970270847103e-14,0
apf_wrench_heuristic,APF wrench heuristic,mixed_corridor,573001,4,87cacd826731fa52fb209e4b66dca0d885bb86438b0c731521cb66cbf1b812cc,0,0,0,1,0,timeout,45.0,9.071989135729764,0.0007191668748913749,0.745941462280135,0.03333333333333333,0.03333333333333333,0.03333333333333333,0.0,5.413055195645772e-16,0.0,0.42,157.92771878234075,2159.018127397975,0,0.27107519999844953,300,4.458841437395206e-14,0
velocity_obstacle_proxy,Velocity-obstacle proxy,mixed_corridor,573001,4,87cacd826731fa52fb209e4b66dca0d885bb86438b0c731521cb66cbf1b812cc,1,1,0,0,0,target_reached,25.2,0.27057469084233593,0.014408589059984767,0.6538948799136719,0.17857142857142858,0.17857142857142858,0.17857142857142858,0.0,8.262744456277512e-16,0.0,0.023809523809523808,246.69975280491718,3007.3454292559313,0,0.14136139999027364,168,4.458841437395206e-14,0
cbf_wrench_local,Local CBF wrench filter,mixed_corridor,573001,4,87cacd826731fa52fb209e4b66dca0d885bb86438b0c731521cb66cbf1b812cc,0,0,0,1,0,timeout,45.0,8.360170081124501,0.0007191668748913749,0.08857727591807257,0.8633333333333333,0.0,0.0,6844.890730139979,4.75856153994148e-16,0.0,0.13,158.95096631717456,1952.1307518950082,2400,0.3068390999978874,300,7.160723346098895e-15,0
damped_hamiltonian_raw,Damped Hamiltonian (RAW),mixed_corridor,573001,4,87cacd826731fa52fb209e4b66dca0d885bb86438b0c731521cb66cbf1b812cc,0,0,1,0,0,collision,45.0,1.568013672366928,0.022948023883570645,-0.0326823107285254,0.5454545454545454,0.5454545454545454,0.5454545454545454,0.0,8.762331980269612e-16,0.0,0.0,197.3908663785958,1384.0326237650127,0,0.119722700008424,132,4.3385152110646224e-14,0
damped_hamiltonian_cbf,Damped Hamiltonian + CBF,mixed_corridor,573001,4,87cacd826731fa52fb209e4b66dca0d885bb86438b0c731521cb66cbf1b812cc,0,0,0,1,0,timeout,45.0,8.3601700803975,1.325737934854132e-05,0.08805584835584118,0.86,0.0,0.0,7185.642025017918,5.535684668099847e-16,0.0,0.13,151.20823616781578,1832.8359097650757,2400,0.3085930999950506,300,7.32410687763558e-15,0
distributed_preview_cbf,Distributed preview-CBF,mixed_corridor,573001,4,87cacd826731fa52fb209e4b66dca0d885bb86438b0c731521cb66cbf1b812cc,0,0,0,1,0,timeout,45.0,8.36017008097544,0.00022037644930472666,0.15922412955549642,0.8533333333333334,0.0,0.0,6713.699192473428,6.414913691816821e-16,0.0,0.13333333333333333,144.89359016854326,1691.2878455507364,2400,0.29152949998388067,300,8.379058453350832e-15,0
centralized_preview_reference,Centralized preview reference,mixed_corridor,573001,4,87cacd826731fa52fb209e4b66dca0d885bb86438b0c731521cb66cbf1b812cc,0,0,0,1,0,timeout,45.0,8.360170080938735,0.00018466551421747468,0.19362307359862913,0.85,0.0,0.0,6670.467325988024,5.099220317375529e-16,0.0,0.13333333333333333,140.46982103210328,1618.8494950572142,3600,0.3094469000061508,300,6.217248937900877e-15,0
pose_pd_raw,Pose PD (RAW),mixed_corridor,573000,8,f023ebbf6a10094bfc27b9af74baeb623213e4df411707107ea1f9889d237e73,0,0,1,0,0,collision,45.0,1.5036149724503802,0.005636412792998868,-0.02034082216746519,0.4666666666666667,0.4666666666666667,0.4666666666666667,0.0,8.431446147048175e-16,0.0,0.0,209.54994727862902,710.2141128308184,0,0.16311080000014044,120,4.595411454131881e-14,0
apf_wrench_heuristic,APF wrench heuristic,mixed_corridor,573000,8,f023ebbf6a10094bfc27b9af74baeb623213e4df411707107ea1f9889d237e73,0,0,0,1,0,timeout,45.0,8.943850477326992,0.0007191668748913749,0.5007208015601461,0.03,0.03,0.03,0.0,6.47944763854026e-16,0.0,0.42,154.43366904619964,1045.1602989627324,0,0.3595731999957934,300,4.595411454131881e-14,0
velocity_obstacle_proxy,Velocity-obstacle proxy,mixed_corridor,573000,8,f023ebbf6a10094bfc27b9af74baeb623213e4df411707107ea1f9889d237e73,1,1,0,0,0,target_reached,22.65,0.2722147487652025,0.02705729798296419,0.4368322686364355,0.1390728476821192,0.1390728476821192,0.1390728476821192,0.0,1.1290188848649904e-15,0.0,0.013245033112582781,276.4054769382248,4567.816500613882,0,0.18146530000376515,151,5.685902922862834e-14,0
cbf_wrench_local,Local CBF wrench filter,mixed_corridor,573000,8,f023ebbf6a10094bfc27b9af74baeb623213e4df411707107ea1f9889d237e73,0,0,0,1,0,timeout,45.0,8.22387069760803,0.0007191668748913749,0.08990361743544256,0.8633333333333333,0.5366666666666666,0.5366666666666666,6744.752801322329,5.728561240140341e-16,0.0,0.15,157.36468516136375,965.7355517819104,4800,0.3841868000163231,300,1.464821375527116e-14,0
damped_hamiltonian_raw,Damped Hamiltonian (RAW),mixed_corridor,573000,8,f023ebbf6a10094bfc27b9af74baeb623213e4df411707107ea1f9889d237e73,0,0,1,0,0,collision,45.0,1.9492523107245756,0.020726074483950807,-0.028663740636757085,0.48760330578512395,0.48760330578512395,0.48760330578512395,0.0,8.535284739381409e-16,0.0,0.0,193.78505874682926,681.9104789956779,0,0.14923199999611825,121,4.466699187172487e-14,0
damped_hamiltonian_cbf,Damped Hamiltonian + CBF,mixed_corridor,573000,8,f023ebbf6a10094bfc27b9af74baeb623213e4df411707107ea1f9889d237e73,0,0,0,1,0,timeout,45.0,8.223870689931655,1.325737934854132e-05,0.09122859257597232,0.86,0.5366666666666666,0.5366666666666666,7085.948510945317,7.546604659377209e-16,0.0,0.15,149.06193463240626,907.424047415724,4800,0.4034350000147242,300,1.0070646956748923e-14,0
distributed_preview_cbf,Distributed preview-CBF,mixed_corridor,573000,8,f023ebbf6a10094bfc27b9af74baeb623213e4df411707107ea1f9889d237e73,0,0,0,1,0,timeout,45.0,8.22387069744888,0.00022037644930472666,0.10475862653415396,0.8533333333333334,0.53,0.53,6622.053913650634,5.701548534590401e-16,0.0,0.15,143.76422772191785,865.6584847810551,4800,0.4420889000175521,300,7.944109290391274e-15,0
centralized_preview_reference,Centralized preview reference,mixed_corridor,573000,8,f023ebbf6a10094bfc27b9af74baeb623213e4df411707107ea1f9889d237e73,0,0,0,1,0,timeout,45.0,8.223870697409597,0.00018466551421747468,0.03391128458958431,0.85,0.5233333333333333,0.5233333333333333,6579.463935574269,6.631271567782892e-16,0.0,0.15,139.59548358130667,824.1450365304875,16800,0.4338862999866251,300,1.778575899402738e-14,0
pose_pd_raw,Pose PD (RAW),mixed_corridor,573001,8,dac789affb8390986cdc5592a3dde4b86aa2dcc45ccfba0d9ebff1ec0209b789,0,0,1,0,0,collision,45.0,1.514900444100864,0.005636412792998868,-0.013378808162982814,0.4583333333333333,0.4583333333333333,0.4583333333333333,0.0,8.535206183444281e-16,0.0,0.0,212.6784144106308,720.8069656762805,0,0.15587119999690913,120,4.633927802435176e-14,0
apf_wrench_heuristic,APF wrench heuristic,mixed_corridor,573001,8,dac789affb8390986cdc5592a3dde4b86aa2dcc45ccfba0d9ebff1ec0209b789,0,0,0,1,0,timeout,45.0,8.943851375359012,0.0007191668748913749,0.5156790754074645,0.03,0.03,0.03,0.0,7.355724254163532e-16,0.0,0.42333333333333334,158.36777512741537,1039.7984936722276,0,0.3652330999902915,300,4.633927802435176e-14,0
velocity_obstacle_proxy,Velocity-obstacle proxy,mixed_corridor,573001,8,dac789affb8390986cdc5592a3dde4b86aa2dcc45ccfba0d9ebff1ec0209b789,1,1,0,0,0,target_reached,21.45,0.26478070273334986,0.029624144006755948,0.4786306782674575,0.16083916083916083,0.16083916083916083,0.16083916083916083,0.0,9.161884109047997e-16,0.0,0.013986013986013986,264.71257956513193,3234.9821021121843,0,0.16697819999535568,143,4.7689991544964164e-14,0
cbf_wrench_local,Local CBF wrench filter,mixed_corridor,573001,8,dac789affb8390986cdc5592a3dde4b86aa2dcc45ccfba0d9ebff1ec0209b789,0,0,0,1,0,timeout,45.0,8.22387069760803,0.0007191668748913749,0.08990361743545344,0.86,0.5366666666666666,0.5366666666666666,6727.190366166858,5.774728601809587e-16,0.0,0.15,162.16113048774088,986.3487174944573,4800,0.4041670000005979,300,7.944109290391274e-15,0
damped_hamiltonian_raw,Damped Hamiltonian (RAW),mixed_corridor,573001,8,dac789affb8390986cdc5592a3dde4b86aa2dcc45ccfba0d9ebff1ec0209b789,0,0,1,0,0,collision,45.0,1.963882539935765,0.020726074483950807,-0.01394753013233413,0.4793388429752066,0.4793388429752066,0.4793388429752066,0.0,7.121184877352545e-16,0.0,0.0,196.67457848838237,692.0468026685028,0,0.16763180002453737,121,4.280395724909528e-14,0
damped_hamiltonian_cbf,Damped Hamiltonian + CBF,mixed_corridor,573001,8,dac789affb8390986cdc5592a3dde4b86aa2dcc45ccfba0d9ebff1ec0209b789,0,0,0,1,0,timeout,45.0,8.223870689931655,1.325737934854132e-05,0.09122859257599075,0.8566666666666667,0.5366666666666666,0.5366666666666666,7063.067679903344,4.811926150489727e-16,0.0,0.15,152.62599286825562,913.1653993418556,4800,0.3895552000030875,300,1.432144669219779e-14,0
distributed_preview_cbf,Distributed preview-CBF,mixed_corridor,573001,8,dac789affb8390986cdc5592a3dde4b86aa2dcc45ccfba0d9ebff1ec0209b789,0,0,0,1,0,timeout,45.0,8.22387069744888,0.00022037644930472666,0.10475862653416773,0.85,0.53,0.53,6601.6335750192775,5.990562128221752e-16,0.0,0.15,147.51855399610207,872.1589875576907,4800,0.40164500000537373,300,1.4458497151625688e-14,0
centralized_preview_reference,Centralized preview reference,mixed_corridor,573001,8,dac789affb8390986cdc5592a3dde4b86aa2dcc45ccfba0d9ebff1ec0209b789,0,0,0,1,0,timeout,45.0,8.223870697409597,0.00018466551421747468,0.033911284589605184,0.8466666666666667,0.5233333333333333,0.5233333333333333,6556.3983248722,5.857255966855002e-16,0.0,0.15,142.88960015908344,826.3911728684244,16800,0.43793640000512823,300,7.588599744428075e-15,0
pose_pd_raw,Pose PD (RAW),mixed_corridor,573000,12,589213553d70a11e000eccd9b01f9630640659f66d01175fef3be98b28a698a8,0,0,1,0,0,collision,45.0,1.1408088389747801,0.02433440996455083,-0.028213419869052403,0.5419847328244275,0.5419847328244275,0.5419847328244275,0.0,1.2148684266889858e-15,0.0,0.0,210.02723718996864,473.51905951680675,0,0.22175050000078045,131,4.501759284449558e-14,0
apf_wrench_heuristic,APF wrench heuristic,mixed_corridor,573000,12,589213553d70a11e000eccd9b01f9630640659f66d01175fef3be98b28a698a8,0,0,0,1,0,timeout,45.0,9.071987884409502,0.0007191668748913749,0.24166666666666425,0.03666666666666667,0.03666666666666667,0.03666666666666667,0.0,8.345746757859512e-16,0.0,0.4166666666666667,153.8461942917674,722.0818408773804,0,0.5116750000161119,300,4.501759284449558e-14,0
velocity_obstacle_proxy,Velocity-obstacle proxy,mixed_corridor,573000,12,589213553d70a11e000eccd9b01f9630640659f66d01175fef3be98b28a698a8,1,1,0,0,0,target_reached,26.25,0.2712524609761474,0.008812945650860993,0.24166666666666425,0.19428571428571428,0.19428571428571428,0.19428571428571428,0.0,1.0997252990115607e-15,0.0,0.022857142857142857,236.24501751858,804.115583313643,0,0.2818414999928791,175,4.6249817819244975e-14,0
cbf_wrench_local,Local CBF wrench filter,mixed_corridor,573000,12,589213553d70a11e000eccd9b01f9630640659f66d01175fef3be98b28a698a8,0,0,0,1,0,timeout,45.0,8.360170081124501,0.0007191668748913749,0.08857727591807257,0.8666666666666667,0.0,0.0,6866.149614975482,8.279684064962404e-16,0.0,0.13,155.52785617507894,651.8397755579547,7200,0.5634120999893639,300,1.591302455776226e-14,0
damped_hamiltonian_raw,Damped Hamiltonian (RAW),mixed_corridor,573000,12,589213553d70a11e000eccd9b01f9630640659f66d01175fef3be98b28a698a8,0,0,1,0,0,collision,45.0,1.9895193617752325,0.019967807444869923,-0.0036490886922497245,0.5,0.5,0.5,0.0,1.3459490792375185e-15,0.0,0.0,193.70380343870806,454.31340221212844,0,0.20296789999702014,120,4.4096962836115984e-14,0
damped_hamiltonian_cbf,Damped Hamiltonian + CBF,mixed_corridor,573000,12,589213553d70a11e000eccd9b01f9630640659f66d01175fef3be98b28a698a8,0,0,0,1,0,timeout,45.0,8.3601700803975,1.325737934854132e-05,0.08805584835584118,0.86,0.0,0.0,7206.726596386372,6.827160707200726e-16,0.0,0.13,147.2320804028557,600.7718759901261,7200,0.5288007000053767,300,7.32410687763558e-15,0
distributed_preview_cbf,Distributed preview-CBF,mixed_corridor,573000,12,589213553d70a11e000eccd9b01f9630640659f66d01175fef3be98b28a698a8,0,0,0,1,0,timeout,45.0,8.36017008097544,0.00022037644930472666,0.11334807193085389,0.8566666666666667,0.0,0.0,6736.245129222985,7.797108059428566e-16,0.0,0.13333333333333333,141.11851478834495,560.4094346829219,7200,0.5288939000165556,300,1.467511591522657e-14,0
centralized_preview_reference,Centralized preview reference,mixed_corridor,573000,12,589213553d70a11e000eccd9b01f9630640659f66d01175fef3be98b28a698a8,0,0,0,1,0,timeout,45.0,8.360170080938735,0.00018466551421747468,0.0918619884526552,0.8533333333333334,0.0,0.0,6693.300066531015,7.465466134150312e-16,0.0,0.13333333333333333,136.9098138903614,535.0083813682886,39600,0.5646832999773324,300,9.565974336450906e-15,0
pose_pd_raw,Pose PD (RAW),mixed_corridor,573001,12,1707c468efebac4db75639e30facb13e633bd6281279a5b87d0d7f6f2d905d92,0,0,1,0,0,collision,45.0,1.1493712476011648,0.02433440996455083,-0.022305527052834007,0.5343511450381679,0.5343511450381679,0.5343511450381679,0.0,1.209249200049847e-15,0.0,0.0,213.1629686434115,480.58442623107766,0,0.2261702000105288,131,4.711755647813113e-14,0
apf_wrench_heuristic,APF wrench heuristic,mixed_corridor,573001,12,1707c468efebac4db75639e30facb13e633bd6281279a5b87d0d7f6f2d905d92,0,0,0,1,0,timeout,45.0,9.071989135729764,0.0007191668748913749,0.24166666666666425,0.03333333333333333,0.03333333333333333,0.03333333333333333,0.0,9.003362679159285e-16,0.0,0.42,157.92771878234075,719.8390539523502,0,0.4819085999915842,300,4.085620730620576e-14,0
velocity_obstacle_proxy,Velocity-obstacle proxy,mixed_corridor,573001,12,1707c468efebac4db75639e30facb13e633bd6281279a5b87d0d7f6f2d905d92,1,1,0,0,0,target_reached,25.2,0.270574690842207,0.014408589059984767,0.24166666666666425,0.17857142857142858,0.17857142857142858,0.17857142857142858,0.0,1.6596271885087961e-15,0.0,0.023809523809523808,246.69975280490837,1002.6148020413264,0,0.2678670000168495,168,4.4097521871147934e-14,0
cbf_wrench_local,Local CBF wrench filter,mixed_corridor,573001,12,1707c468efebac4db75639e30facb13e633bd6281279a5b87d0d7f6f2d905d92,0,0,0,1,0,timeout,45.0,8.360170081124501,0.0007191668748913749,0.08857727591807257,0.8633333333333333,0.0,0.0,6844.890730139979,6.584245778072776e-16,0.0,0.13,158.95096631717456,650.876595451362,7200,0.5119173999992199,300,7.993605777301127e-15,0
damped_hamiltonian_raw,Damped Hamiltonian (RAW),mixed_corridor,573001,12,1707c468efebac4db75639e30facb13e633bd6281279a5b87d0d7f6f2d905d92,0,0,1,0,0,collision,45.0,1.963882539935765,0.020726074483950807,-0.044253981975655055,0.5041322314049587,0.5041322314049587,0.5041322314049587,0.0,1.2089416668752302e-15,0.0,0.0,196.67457848838237,461.1205925638892,0,0.20570009999210015,121,4.41684618094355e-14,0
damped_hamiltonian_cbf,Damped Hamiltonian + CBF,mixed_corridor,573001,12,1707c468efebac4db75639e30facb13e633bd6281279a5b87d0d7f6f2d905d92,0,0,0,1,0,timeout,45.0,8.3601700803975,1.325737934854132e-05,0.08805584835584118,0.86,0.0,0.0,7185.642025017918,1.0207482663789898e-15,0.0,0.13,151.2082361678158,611.157488732399,7200,0.5390462999930605,300,1.0168091383860044e-14,0
distributed_preview_cbf,Distributed preview-CBF,mixed_corridor,573001,12,1707c468efebac4db75639e30facb13e633bd6281279a5b87d0d7f6f2d905d92,0,0,0,1,0,timeout,45.0,8.36017008097544,0.00022037644930472666,0.11334807193085966,0.8533333333333334,0.0,0.0,6713.699192473428,7.810782490957681e-16,0.0,0.13333333333333333,144.89359016854326,563.9446608445268,7200,0.5280500000226311,300,1.787562503581584e-14,0
centralized_preview_reference,Centralized preview reference,mixed_corridor,573001,12,1707c468efebac4db75639e30facb13e633bd6281279a5b87d0d7f6f2d905d92,0,0,0,1,0,timeout,45.0,8.360170080938735,0.00018466551421747468,0.09186198845266652,0.85,0.0,0.0,6670.467325988024,6.047110623485869e-16,0.0,0.13333333333333333,140.4698210321033,539.7919493902791,39600,0.5379260999907274,300,7.32410687763558e-15,0
pose_pd_raw,Pose PD (RAW),actuator_limited,573000,4,f5382aa29e38e8332bf8160fd5f653500f48a2a69f4bc244738442df5803e8ec,0,0,1,0,0,collision,45.0,10.603816986873019,0.2405130381540177,-0.004158458312589042,0.10810810810810811,0.10810810810810811,0.10810810810810811,0.0,1.202414576786045e-15,0.0,0.0,140.90554345740134,1412.8542237955908,0,0.01844470002106391,37,4.917623825346534e-14,0
apf_wrench_heuristic,APF wrench heuristic,actuator_limited,573000,4,f5382aa29e38e8332bf8160fd5f653500f48a2a69f4bc244738442df5803e8ec,0,0,1,0,0,collision,45.0,10.567540874758103,0.21802115160896074,-0.04526928303615446,0.13157894736842105,0.13157894736842105,0.13157894736842105,0.0,1.060870342224074e-15,0.0,0.0,124.22449108764044,1483.6030337011211,0,0.017049399990355596,38,4.806842613808303e-14,0
velocity_obstacle_proxy,Velocity-obstacle proxy,actuator_limited,573000,4,f5382aa29e38e8332bf8160fd5f653500f48a2a69f4bc244738442df5803e8ec,0,0,1,0,0,collision,45.0,10.483018333058814,0.21802115160896074,-0.11290692849508982,0.13157894736842105,0.13157894736842105,0.13157894736842105,0.0,1.1334505516069314e-15,0.0,0.0,132.0380575864468,1376.570897389134,0,0.016097100015031174,38,5.091083811594964e-14,0
cbf_wrench_local,Local CBF wrench filter,actuator_limited,573000,4,f5382aa29e38e8332bf8160fd5f653500f48a2a69f4bc244738442df5803e8ec,1,1,0,0,0,target_reached,40.05,0.25594507594475,0.02380531636482308,0.08106948105607464,0.38202247191011235,0.0,0.0749063670411985,3381.939425049176,8.701426135811317e-16,0.0,0.0,221.7511209247139,3931.4413545282964,2136,0.13162950001424178,267,2.25787811894061e-14,0
damped_hamiltonian_raw,Damped Hamiltonian (RAW),actuator_limited,573000,4,f5382aa29e38e8332bf8160fd5f653500f48a2a69f4bc244738442df5803e8ec,0,0,1,0,0,collision,45.0,10.47537375232812,0.13577218649476697,-0.15696990010039052,0.13157894736842105,0.13157894736842105,0.13157894736842105,0.0,1.2078026284600279e-15,0.0,0.0,136.26262802141443,1389.8484003609226,0,0.026989499980118126,38,4.7831933270224816e-14,0
damped_hamiltonian_cbf,Damped Hamiltonian + CBF,actuator_limited,573000,4,f5382aa29e38e8332bf8160fd5f653500f48a2a69f4bc244738442df5803e8ec,1,1,0,0,0,target_reached,44.699999999999996,0.266749306040434,0.002560453169828225,0.08095706270635744,0.35906040268456374,0.0,0.06711409395973154,3667.5113161050813,6.869793533034675e-16,0.0,0.0,210.5419268217334,3752.7064294686647,2384,0.1529228999861516,298,1.6304788408914756e-14,0
distributed_preview_cbf,Distributed preview-CBF,actuator_limited,573000,4,f5382aa29e38e8332bf8160fd5f653500f48a2a69f4bc244738442df5803e8ec,0,0,0,1,0,timeout,45.0,0.34387349930889666,0.006623854588167166,0.0808450325008439,0.38,0.0,0.06666666666666667,3656.518546292449,6.957030635782975e-16,0.0,0.0033333333333333335,201.91391416811746,3607.0725159940325,2400,0.1586226999934297,300,9.565974336450906e-15,0
centralized_preview_reference,Centralized preview reference,actuator_limited,573000,4,f5382aa29e38e8332bf8160fd5f653500f48a2a69f4bc244738442df5803e8ec,0,0,0,1,0,timeout,45.0,0.4631050539037913,0.00631347290831874,0.0585661338039119,0.3933333333333333,0.0,0.06666666666666667,3756.052168541035,6.683344131062615e-16,0.0,0.0033333333333333335,197.34099126816892,3537.1915591225106,3600,0.1707303999864962,300,1.0206808673417459e-14,0
pose_pd_raw,Pose PD (RAW),actuator_limited,573001,4,cf0733373e017c1e94f0ba9cc1073e682723f5d6bf5bd0c7b89578f13bc7df8b,0,0,1,0,0,collision,45.0,10.49329302665446,0.21802115160896074,-0.13741937695636292,0.13157894736842105,0.13157894736842105,0.13157894736842105,0.0,1.254695936946898e-15,0.0,0.0,146.2066722248939,1444.5029985245346,0,0.018774199998006225,38,5.5188694087270506e-14,0
apf_wrench_heuristic,APF wrench heuristic,actuator_limited,573001,4,cf0733373e017c1e94f0ba9cc1073e682723f5d6bf5bd0c7b89578f13bc7df8b,0,0,1,0,0,collision,45.0,10.61678211186428,0.21802115160896074,-0.01423383998212574,0.13157894736842105,0.13157894736842105,0.13157894736842105,0.0,1.1680737772474797e-15,0.0,0.0,127.89787973449832,1445.8486286459172,0,0.017362099984893575,38,5.5188694087270506e-14,0
velocity_obstacle_proxy,Velocity-obstacle proxy,actuator_limited,573001,4,cf0733373e017c1e94f0ba9cc1073e682723f5d6bf5bd0c7b89578f13bc7df8b,0,0,1,0,0,collision,45.0,10.554267848785495,0.21802115160896074,-0.06515249726954359,0.13157894736842105,0.13157894736842105,0.13157894736842105,0.0,1.109346186506566e-15,0.0,0.0,134.86542488264575,1398.9782232997813,0,0.019634700001915917,38,5.5188694087270506e-14,0
cbf_wrench_local,Local CBF wrench filter,actuator_limited,573001,4,cf0733373e017c1e94f0ba9cc1073e682723f5d6bf5bd0c7b89578f13bc7df8b,1,1,0,0,0,target_reached,39.6,0.25249911076567294,0.013561205659720077,0.08104321304986467,0.23863636363636365,0.0,0.0,2210.5502137064195,8.2605772525136695e-16,0.0,0.041666666666666664,207.96970839449776,3983.5395529461016,2112,0.12930399997276254,264,1.4210854715202004e-14,0
damped_hamiltonian_raw,Damped Hamiltonian (RAW),actuator_limited,573001,4,cf0733373e017c1e94f0ba9cc1073e682723f5d6bf5bd0c7b89578f13bc7df8b,0,0,1,0,0,collision,45.0,10.55399729337831,0.13577218649476697,-0.08478997492162693,0.13157894736842105,0.13157894736842105,0.13157894736842105,0.0,1.6372446718308488e-15,0.0,0.0,138.27803295898417,1410.5245475409208,0,0.01928760000737384,38,5.345513458908143e-14,0
damped_hamiltonian_cbf,Damped Hamiltonian + CBF,actuator_limited,573001,4,cf0733373e017c1e94f0ba9cc1073e682723f5d6bf5bd0c7b89578f13bc7df8b,1,1,0,0,0,target_reached,42.9,0.26749255252057175,0.01118506568360722,0.0808538646819486,0.19230769230769232,0.0,0.0,2168.9367248283374,7.924439688802212e-16,0.0,0.024475524475524476,197.05670744148725,3883.511937808356,2288,0.14768290001666173,286,1.517719948885615e-14,0
distributed_preview_cbf,Distributed preview-CBF,actuator_limited,573001,4,cf0733373e017c1e94f0ba9cc1073e682723f5d6bf5bd0c7b89578f13bc7df8b,1,1,0,0,0,target_reached,43.8,0.27246623294036054,0.01329594445266169,0.08086939725531922,0.1815068493150685,0.0,0.0,2023.8432075577682,1.0021662776069101e-15,0.0,0.03767123287671233,192.23679454845146,3652.5478595820064,2336,0.15098170001874678,292,1.542371118540254e-14,0
centralized_preview_reference,Centralized preview reference,actuator_limited,573001,4,cf0733373e017c1e94f0ba9cc1073e682723f5d6bf5bd0c7b89578f13bc7df8b,0,0,0,1,0,timeout,45.0,0.2988380076189758,0.008368092050088816,0.08074072037683228,0.20333333333333334,0.0,0.0,2051.2262768707837,7.020728404567983e-16,0.0,0.03666666666666667,184.34407657977744,3447.611194884331,3600,0.1601883999828715,300,1.551136925266137e-14,0
pose_pd_raw,Pose PD (RAW),actuator_limited,573000,8,8e8b02d435b73d5e99933c0b8a4fa656c14a31576ea1f4d530f441c612e136b6,0,0,1,0,0,collision,45.0,10.04039111650432,0.17432941048753392,-0.13506761384169658,0.175,0.175,0.175,0.0,1.6780229250001292e-15,0.0,0.0,150.06554561246497,721.6683796682761,0,0.02694909999263473,40,5.212754254557135e-14,0
apf_wrench_heuristic,APF wrench heuristic,actuator_limited,573000,8,8e8b02d435b73d5e99933c0b8a4fa656c14a31576ea1f4d530f441c612e136b6,0,0,1,0,0,collision,45.0,10.186838409765762,0.1325352257686938,-0.05752784427423924,0.21428571428571427,0.21428571428571427,0.21428571428571427,0.0,1.8664267236213283e-15,0.0,0.0,125.21453588720881,942.0833890438414,0,0.028106499987188727,42,5.4034909322115735e-14,0
velocity_obstacle_proxy,Velocity-obstacle proxy,actuator_limited,573000,8,8e8b02d435b73d5e99933c0b8a4fa656c14a31576ea1f4d530f441c612e136b6,0,0,1,0,0,collision,45.0,9.989521492652472,0.15318297209066545,-0.10943413447985434,0.1951219512195122,0.1951219512195122,0.1951219512195122,0.0,1.60499958960225e-15,0.0,0.0,134.40156760006158,702.1460308922717,0,0.02303300000494346,41,5.3733418064696753e-14,0
cbf_wrench_local,Local CBF wrench filter,actuator_limited,573000,8,8e8b02d435b73d5e99933c0b8a4fa656c14a31576ea1f4d530f441c612e136b6,1,1,0,0,0,target_reached,39.6,0.2584858697376117,0.021844582428600656,0.17516561746584586,0.36742424242424243,0.0,0.07575757575757576,3281.41542975325,1.2084471830850479e-15,0.0,0.0,220.38043762764596,1927.6373045121418,4224,0.18683770002098754,264,1.4956315403090868e-14,0
damped_hamiltonian_raw,Damped Hamiltonian (RAW),actuator_limited,573000,8,8e8b02d435b73d5e99933c0b8a4fa656c14a31576ea1f4d530f441c612e136b6,0,0,1,0,0,collision,45.0,10.296841252360469,0.11423549121458532,-0.04857141620837807,0.15384615384615385,0.15384615384615385,0.15384615384615385,0.0,1.236334644778574e-15,0.0,0.0,138.82630393143586,699.5030578707155,0,0.03442060001543723,39,4.166872751106574e-14,0
damped_hamiltonian_cbf,Damped Hamiltonian + CBF,actuator_limited,573000,8,8e8b02d435b73d5e99933c0b8a4fa656c14a31576ea1f4d530f441c612e136b6,1,1,0,0,0,target_reached,44.25,0.26758464161866835,0.0038335806103737546,0.13407258985240272,0.3525423728813559,0.0,0.06779661016949153,3560.4915072403073,1.1538296550001123e-15,0.0,0.0,209.3127932823924,1914.0447763948102,4720,0.20939699999871664,295,2.068235542330935e-14,0
distributed_preview_cbf,Distributed preview-CBF,actuator_limited,573000,8,8e8b02d435b73d5e99933c0b8a4fa656c14a31576ea1f4d530f441c612e136b6,0,0,0,1,0,timeout,45.0,0.32025603303471506,0.006623854588167166,0.14663066920171547,0.36666666666666664,0.0,0.06666666666666667,3549.1576323765266,7.984319328073732e-16,0.0,0.0033333333333333335,203.78892070132346,1856.7890965965137,4800,0.2184160999895539,300,1.4238583238573986e-14,0
centralized_preview_reference,Centralized preview reference,actuator_limited,573000,8,8e8b02d435b73d5e99933c0b8a4fa656c14a31576ea1f4d530f441c612e136b6,0,0,0,1,0,timeout,45.0,0.433340332187141,0.00631347290831874,0.15347451966166387,0.38333333333333336,0.0,0.06666666666666667,3645.2563432119973,8.588638957177601e-16,0.0,0.0033333333333333335,196.38438473350763,1739.7760305932934,16800,0.24610069999471307,300,7.66938336801217e-15,0
pose_pd_raw,Pose PD (RAW),actuator_limited,573001,8,fd06cd2ff4c9ea2abaa5de680acb59fc45406283ff509058b3436bda351dcd2c,0,0,1,0,0,collision,45.0,10.115749869497073,0.17432941048753392,-0.12689226520314584,0.175,0.175,0.175,0.0,1.3900344011832857e-15,0.0,0.0,152.29247296488396,732.4306427755286,0,0.029694600001676008,40,5.600632262865549e-14,0
apf_wrench_heuristic,APF wrench heuristic,actuator_limited,573001,8,fd06cd2ff4c9ea2abaa5de680acb59fc45406283ff509058b3436bda351dcd2c,0,0,1,0,0,collision,45.0,10.275007855531745,0.15318297209066545,-0.01691465349668636,0.17073170731707318,0.17073170731707318,0.17073170731707318,0.0,1.4171550480003783e-15,0.0,0.0,128.74916176259393,885.521023493344,0,0.026578999997582287,41,5.600632262865549e-14,0
velocity_obstacle_proxy,Velocity-obstacle proxy,actuator_limited,573001,8,fd06cd2ff4c9ea2abaa5de680acb59fc45406283ff509058b3436bda351dcd2c,0,0,1,0,0,collision,45.0,10.053492210867809,0.15318297209066545,-0.12516810285556018,0.17073170731707318,0.17073170731707318,0.17073170731707318,0.0,1.2285266399110958e-15,0.0,0.0,137.2773708879423,712.1602657597239,0,0.025315700011560693,41,5.600632262865549e-14,0
cbf_wrench_local,Local CBF wrench filter,actuator_limited,573001,8,fd06cd2ff4c9ea2abaa5de680acb59fc45406283ff509058b3436bda351dcd2c,1,1,0,0,0,target_reached,39.449999999999996,0.25570533404932694,0.012215969503471591,0.14221909655919124,0.23574144486692014,0.0,0.0,2170.0275466970966,9.566912098934805e-16,0.0,0.04182509505703422,209.2961640889325,2063.9907867102593,4208,0.18836190001456998,263,2.182033134733423e-14,0
damped_hamiltonian_raw,Damped Hamiltonian (RAW),actuator_limited,573001,8,fd06cd2ff4c9ea2abaa5de680acb59fc45406283ff509058b3436bda351dcd2c,0,0,1,0,0,collision,45.0,10.374124807108323,0.11423549121458532,-0.019422671884155196,0.1282051282051282,0.1282051282051282,0.1282051282051282,0.0,1.1050393716407431e-15,0.0,0.0,140.88057537484426,709.8993751610562,0,0.02783469998394139,39,5.34108439224235e-14,0
damped_hamiltonian_cbf,Damped Hamiltonian + CBF,actuator_limited,573001,8,fd06cd2ff4c9ea2abaa5de680acb59fc45406283ff509058b3436bda351dcd2c,1,1,0,0,0,target_reached,42.9,0.26597784822045695,0.011185065683607665,0.11205851399235561,0.1888111888111888,0.0,0.0,2139.9020019445957,7.809006812225928e-16,0.0,0.024475524475524476,199.37546000335692,1911.3492447894787,4576,0.20801100000971928,286,1.0048591735576161e-14,0
distributed_preview_cbf,Distributed preview-CBF,actuator_limited,573001,8,fd06cd2ff4c9ea2abaa5de680acb59fc45406283ff509058b3436bda351dcd2c,1,1,0,0,0,target_reached,43.8,0.27102886202464516,0.01329594445266169,0.12148812255739677,0.1815068493150685,0.0,0.0,1997.1278915547243,1.097867490014157e-15,0.0,0.03767123287671233,191.43254612590127,1763.583182367624,4672,0.2420875999960117,292,1.5256581230628793e-14,0
centralized_preview_reference,Centralized preview reference,actuator_limited,573001,8,fd06cd2ff4c9ea2abaa5de680acb59fc45406283ff509058b3436bda351dcd2c,0,0,0,1,0,timeout,45.0,0.2903172999363347,0.008368092050088816,0.12737041410930489,0.18666666666666668,0.0,0.0,1990.7197010606444,1.034330010041015e-15,0.0,0.03666666666666667,186.62715236895053,1797.505347679688,16800,0.25342980001005344,300,2.2332875034934145e-14,0
pose_pd_raw,Pose PD (RAW),actuator_limited,573000,12,9c08daf3a9db391729301b43b835153438641d2e521af180a21f542c315b5a52,0,0,1,0,0,collision,45.0,10.60381698687302,0.2405130381540177,-0.0041584583125877095,0.10810810810810811,0.10810810810810811,0.10810810810810811,0.0,1.8715745133727276e-15,0.0,0.0,140.90554345740134,471.1220961019057,0,0.04556529998080805,37,4.936386670660743e-14,0
apf_wrench_heuristic,APF wrench heuristic,actuator_limited,573000,12,9c08daf3a9db391729301b43b835153438641d2e521af180a21f542c315b5a52,0,0,1,0,0,collision,45.0,10.567540874758105,0.21802115160896074,-0.045269283036153574,0.13157894736842105,0.13157894736842105,0.13157894736842105,0.0,1.9301743303686564e-15,0.0,0.0,124.22449108764049,494.7050669386709,0,0.04544190000160597,38,4.981129151253145e-14,0
velocity_obstacle_proxy,Velocity-obstacle proxy,actuator_limited,573000,12,9c08daf3a9db391729301b43b835153438641d2e521af180a21f542c315b5a52,0,0,1,0,0,collision,45.0,10.483018333058816,0.21802115160896074,-0.11290692849508915,0.13157894736842105,0.13157894736842105,0.13157894736842105,0.0,1.869998424037193e-15,0.0,0.0,132.03805758644683,459.0276881680086,0,0.037943100003758445,38,4.936386670660743e-14,0
cbf_wrench_local,Local CBF wrench filter,actuator_limited,573000,12,9c08daf3a9db391729301b43b835153438641d2e521af180a21f542c315b5a52,1,1,0,0,0,target_reached,40.05,0.2559450759447504,0.02380531636482308,0.08106948105607464,0.38202247191011235,0.0,0.0749063670411985,3381.9394250491773,9.426644757864592e-16,0.0,0.0,221.75112092471392,1310.8320262355307,6408,0.2686002000118606,267,1.1270267596300763e-14,0
damped_hamiltonian_raw,Damped Hamiltonian (RAW),actuator_limited,573000,12,9c08daf3a9db391729301b43b835153438641d2e521af180a21f542c315b5a52,0,0,1,0,0,collision,45.0,10.47537375232812,0.13577218649476697,-0.15696990010039075,0.13157894736842105,0.13157894736842105,0.13157894736842105,0.0,1.6995159030343434e-15,0.0,0.0,136.2626280214144,463.50241006215396,0,0.037735599995357916,38,4.4736339999442367e-14,0
damped_hamiltonian_cbf,Damped Hamiltonian + CBF,actuator_limited,573000,12,9c08daf3a9db391729301b43b835153438641d2e521af180a21f542c315b5a52,1,1,0,0,0,target_reached,44.699999999999996,0.266749306040434,0.002560453169828225,0.08095706270635744,0.35906040268456374,0.0,0.06711409395973154,3667.5113161050813,8.4007427022748e-16,0.0,0.0,210.5419268217334,1251.3062587521754,7152,0.2988680000125896,298,1.517719948885615e-14,0
distributed_preview_cbf,Distributed preview-CBF,actuator_limited,573000,12,9c08daf3a9db391729301b43b835153438641d2e521af180a21f542c315b5a52,0,0,0,1,0,timeout,45.0,0.3438734993088958,0.006623854588167166,0.0808450325008439,0.38,0.0,0.06666666666666667,3656.5185462924487,8.972516987069282e-16,0.0,0.0033333333333333335,201.9139141681174,1202.7264635394781,7200,0.2940260000177659,300,1.0658141036401503e-14,0
centralized_preview_reference,Centralized preview reference,actuator_limited,573000,12,9c08daf3a9db391729301b43b835153438641d2e521af180a21f542c315b5a52,0,0,0,1,0,timeout,45.0,0.4631050539037889,0.00631347290831874,0.05856613380391257,0.3933333333333333,0.0,0.06666666666666667,3756.0521685410267,1.32774072290499e-15,0.0,0.0033333333333333335,197.34099126816895,1179.4253613071942,39600,0.32089500001166016,300,1.4823868115664955e-14,0
pose_pd_raw,Pose PD (RAW),actuator_limited,573001,12,2362ff4237d1455d387a6c7067deb575b6369ecad1b082b102a3b997b46ff086,0,0,1,0,0,collision,45.0,10.493293026654461,0.21802115160896074,-0.13741937695636203,0.13157894736842105,0.13157894736842105,0.13157894736842105,0.0,1.446059087374925e-15,0.0,0.0,146.20667222489394,481.67172187980896,0,0.03922800000873394,38,5.651111536291742e-14,0
apf_wrench_heuristic,APF wrench heuristic,actuator_limited,573001,12,2362ff4237d1455d387a6c7067deb575b6369ecad1b082b102a3b997b46ff086,0,0,1,0,0,collision,45.0,10.61678211186428,0.21802115160896074,-0.014233839982125074,0.13157894736842105,0.13157894736842105,0.13157894736842105,0.0,1.4331408808912263e-15,0.0,0.0,127.89787973449835,482.1202652536029,0,0.03634710001642816,38,5.651111536291742e-14,0
velocity_obstacle_proxy,Velocity-obstacle proxy,actuator_limited,573001,12,2362ff4237d1455d387a6c7067deb575b6369ecad1b082b102a3b997b46ff086,0,0,1,0,0,collision,45.0,10.554267848785495,0.21802115160896074,-0.06515249726954359,0.13157894736842105,0.13157894736842105,0.13157894736842105,0.0,1.4445254814239334e-15,0.0,0.0,134.86542488264575,466.49679680489123,0,0.032492099999217317,38,5.651111536291742e-14,0
cbf_wrench_local,Local CBF wrench filter,actuator_limited,573001,12,2362ff4237d1455d387a6c7067deb575b6369ecad1b082b102a3b997b46ff086,1,1,0,0,0,target_reached,39.6,0.25249911076567294,0.013561205659720077,0.08104321304986511,0.23863636363636365,0.0,0.0,2210.5502137064186,1.2127474276275303e-15,0.0,0.041666666666666664,207.96970839449793,1328.1963857380024,6336,0.24903549998998642,264,1.5888218580782548e-14,0
damped_hamiltonian_raw,Damped Hamiltonian (RAW),actuator_limited,573001,12,2362ff4237d1455d387a6c7067deb575b6369ecad1b082b102a3b997b46ff086,0,0,1,0,0,collision,45.0,10.55399729337831,0.13577218649476697,-0.08478997492162627,0.13157894736842105,0.13157894736842105,0.13157894736842105,0.0,1.9279814234469798e-15,0.0,0.0,138.27803295898417,470.3944591221534,0,0.03737679999903776,38,5.4750994875343087e-14,0
damped_hamiltonian_cbf,Damped Hamiltonian + CBF,actuator_limited,573001,12,2362ff4237d1455d387a6c7067deb575b6369ecad1b082b102a3b997b46ff086,1,1,0,0,0,target_reached,42.9,0.26749255252057175,0.01118506568360722,0.0808538646819486,0.19230769230769232,0.0,0.0,2168.9367248283374,1.1606197146562629e-15,0.0,0.024475524475524476,197.0567074414873,1294.94767944289,6864,0.2926758000103291,286,1.4762209355896038e-14,0
distributed_preview_cbf,Distributed preview-CBF,actuator_limited,573001,12,2362ff4237d1455d387a6c7067deb575b6369ecad1b082b102a3b997b46ff086,1,1,0,0,0,target_reached,43.8,0.27246623294036054,0.01329594445266169,0.08086939725531922,0.1815068493150685,0.0,0.0,2023.8432075577682,1.0233791448903931e-15,0.0,0.03767123287671233,192.23679454845146,1217.8992236585982,7008,0.28213880001567304,292,1.4295603459064552e-14,0
centralized_preview_reference,Centralized preview reference,actuator_limited,573001,12,2362ff4237d1455d387a6c7067deb575b6369ecad1b082b102a3b997b46ff086,0,0,0,1,0,timeout,45.0,0.2988380076189758,0.008368092050088816,0.08074072037683183,0.20333333333333334,0.0,0.0,2051.2262768707837,1.1367646747131285e-15,0.0,0.03666666666666667,184.34407657977746,1149.5734528247708,39600,0.30563259997870773,300,1.6197084762158984e-14,0
pose_pd_raw,Pose PD (RAW),multi_load_clutter,573000,4,dfd5c9e59533319dc60eacf4883ead424617e01bb618a2ca46c5950e628cc15f,0,0,1,0,0,collision,45.0,0.9096178421108702,0.011691457463185895,-0.006270816191743911,0.5343511450381679,0.5343511450381679,0.5343511450381679,0.0,6.679321377375345e-16,0.0,0.0,210.67409400418902,1593.202845869461,0,0.12393850000808015,131,5.6488426793627317e-14,0
apf_wrench_heuristic,APF wrench heuristic,multi_load_clutter,573000,4,dfd5c9e59533319dc60eacf4883ead424617e01bb618a2ca46c5950e628cc15f,0,0,0,1,0,timeout,45.0,9.069846175843699,0.0021320868431162765,0.6189385838991457,0.05333333333333334,0.05333333333333334,0.05333333333333334,0.0,5.938516176616508e-16,0.0,0.38666666666666666,165.84963769281555,2882.9732692194393,0,0.2719306999933906,300,5.6488426793627317e-14,0
velocity_obstacle_proxy,Velocity-obstacle proxy,multi_load_clutter,573000,4,dfd5c9e59533319dc60eacf4883ead424617e01bb618a2ca46c5950e628cc15f,1,1,0,0,0,target_reached,29.549999999999997,0.2734726183478126,0.008554196671246572,0.7271958543679964,0.17258883248730963,0.17258883248730963,0.17258883248730963,0.0,7.124987621118631e-16,0.0,0.02030456852791878,242.3927745185986,2622.8022629466273,0,0.18029640000895597,197,5.662964590168049e-14,0
cbf_wrench_local,Local CBF wrench filter,multi_load_clutter,573000,4,dfd5c9e59533319dc60eacf4883ead424617e01bb618a2ca46c5950e628cc15f,0,0,0,1,0,timeout,45.0,8.360170083482338,0.0021320868431162765,0.09088695414037634,0.8566666666666667,0.0,0.0,6938.139979782213,4.967406919212708e-16,0.0,0.13,160.23103389321608,2648.300694721011,2400,0.31559110002126545,300,7.993605777301127e-15,0
damped_hamiltonian_raw,Damped Hamiltonian (RAW),multi_load_clutter,573000,4,dfd5c9e59533319dc60eacf4883ead424617e01bb618a2ca46c5950e628cc15f,0,0,1,0,0,collision,45.0,1.381613764443853,0.03625176326187196,-0.04970314721478525,0.5454545454545454,0.5454545454545454,0.5454545454545454,0.0,7.122879649526663e-16,0.0,0.0,195.17190457792458,1537.1823261135387,0,0.12875160001567565,132,5.0936858140956317e-14,0
damped_hamiltonian_cbf,Damped Hamiltonian + CBF,multi_load_clutter,573000,4,dfd5c9e59533319dc60eacf4883ead424617e01bb618a2ca46c5950e628cc15f,0,0,0,1,0,timeout,45.0,8.360170082912527,0.001224720562403192,0.08849949992065326,0.8533333333333334,0.0,0.0,7281.081544231558,6.207720865612541e-16,0.0,0.13,151.78484930100532,2429.734758791822,2400,0.31474850000813603,300,8.89287949701369e-15,0
distributed_preview_cbf,Distributed preview-CBF,multi_load_clutter,573000,4,dfd5c9e59533319dc60eacf4883ead424617e01bb618a2ca46c5950e628cc15f,0,0,0,1,0,timeout,45.0,8.360170083333278,0.0015459101934713892,0.16225872756189524,0.8466666666666667,0.0,0.0,6802.2519277955,6.107638024353402e-16,0.0,0.13333333333333333,146.7305939440973,2283.8994479580338,2400,0.3118802000244614,300,1.1656813068944672e-14,0
centralized_preview_reference,Centralized preview reference,multi_load_clutter,573000,4,dfd5c9e59533319dc60eacf4883ead424617e01bb618a2ca46c5950e628cc15f,0,0,0,1,0,timeout,45.0,8.360170083296573,0.0011242070130608184,0.19780635427446996,0.8433333333333334,0.0,0.0,6759.773820794667,5.51045377238205e-16,0.0,0.13,142.56079292205712,2199.5545104765447,3600,0.351697600010084,300,8.881784197001252e-15,0
pose_pd_raw,Pose PD (RAW),multi_load_clutter,573001,4,2aab9fb77e4e01c5aac2e27a6d0d6ec6756f1418ce9f16ae56b20e03bc41ec12,0,0,1,0,0,collision,45.0,0.9164450329529464,0.011691457463185895,-0.003302703442365107,0.5190839694656488,0.5190839694656488,0.5190839694656488,0.0,7.7680204516189945e-16,0.0,0.0,213.81940807053496,1616.9660499238162,0,0.13147799999569543,131,5.749369015902827e-14,0
apf_wrench_heuristic,APF wrench heuristic,multi_load_clutter,573001,4,2aab9fb77e4e01c5aac2e27a6d0d6ec6756f1418ce9f16ae56b20e03bc41ec12,0,0,0,1,0,timeout,45.0,9.069847669083074,0.0021320868431162765,0.624172946326562,0.05333333333333334,0.05333333333333334,0.05333333333333334,0.0,6.98697305645131e-16,0.0,0.38333333333333336,169.60901011124614,2854.4860119380087,0,0.28756820000126027,300,5.749369015902827e-14,0
velocity_obstacle_proxy,Velocity-obstacle proxy,multi_load_clutter,573001,4,2aab9fb77e4e01c5aac2e27a6d0d6ec6756f1418ce9f16ae56b20e03bc41ec12,1,1,0,0,0,target_reached,33.3,0.2667008249738885,0.009392971429731833,0.7313329195273122,0.13963963963963963,0.13963963963963963,0.13963963963963963,0.0,7.236872991694018e-16,0.0,0.018018018018018018,271.255995338585,5131.3384316308475,0,0.21722829999634996,222,5.749369015902827e-14,0
cbf_wrench_local,Local CBF wrench filter,multi_load_clutter,573001,4,2aab9fb77e4e01c5aac2e27a6d0d6ec6756f1418ce9f16ae56b20e03bc41ec12,0,0,0,1,0,timeout,45.0,8.360170083482338,0.0021320868431162765,0.09088695414037634,0.8533333333333334,0.0,0.0,6914.327226986988,7.124724588049639e-16,0.0,0.13,164.52383263873867,2634.509759001288,2400,0.32199369999580085,300,1.010973743638762e-14,0
damped_hamiltonian_raw,Damped Hamiltonian (RAW),multi_load_clutter,573001,4,2aab9fb77e4e01c5aac2e27a6d0d6ec6756f1418ce9f16ae56b20e03bc41ec12,0,0,1,0,0,collision,45.0,1.3919835487677923,0.03625176326187196,-0.04045295691270406,0.5303030303030303,0.5303030303030303,0.5303030303030303,0.0,7.004426841090184e-16,0.0,0.0,198.08232854915835,1560.0311515112505,0,0.12725759999011643,132,5.514043111862733e-14,0
damped_hamiltonian_cbf,Damped Hamiltonian + CBF,multi_load_clutter,573001,4,2aab9fb77e4e01c5aac2e27a6d0d6ec6756f1418ce9f16ae56b20e03bc41ec12,0,0,0,1,0,timeout,45.0,8.360170082912527,0.001224720562403192,0.08849949992065326,0.85,0.0,0.0,7255.483368645108,7.92442277353e-16,0.0,0.13,156.0716284751104,2432.368933761472,2400,0.3001486000139266,300,8.747542958250513e-15,0
distributed_preview_cbf,Distributed preview-CBF,multi_load_clutter,573001,4,2aab9fb77e4e01c5aac2e27a6d0d6ec6756f1418ce9f16ae56b20e03bc41ec12,0,0,0,1,0,timeout,45.0,8.360170083333278,0.0015459101934713892,0.16225872756189524,0.8433333333333334,0.0,0.0,6785.050100507826,6.267984969902822e-16,0.0,0.13333333333333333,150.80912006589492,2347.987594003226,2400,0.314083400007803,300,9.325873406851315e-15,0
centralized_preview_reference,Centralized preview reference,multi_load_clutter,573001,4,2aab9fb77e4e01c5aac2e27a6d0d6ec6756f1418ce9f16ae56b20e03bc41ec12,0,0,0,1,0,timeout,45.0,8.360170083296573,0.0011242070130608184,0.19780635427446996,0.84,0.0,0.0,6742.4751242278535,5.992117135829787e-16,0.0,0.13,146.40988502406157,2260.48837229063,3600,0.3526385000150185,300,1.067893742893049e-14,0
pose_pd_raw,Pose PD (RAW),multi_load_clutter,573000,8,6b3eff7e0e902de1783c91faa2bd43beb82f27c0f9305a74a5dde1ae246c3134,0,0,1,0,0,collision,45.0,1.3030623319759793,0.03216406936575167,-0.0013444402157693491,0.4666666666666667,0.4666666666666667,0.4666666666666667,0.0,1.3300084276861806e-15,0.0,0.0,210.51651711263384,797.2093409229002,0,0.15414339999551885,120,5.367420261044532e-14,0
apf_wrench_heuristic,APF wrench heuristic,multi_load_clutter,573000,8,6b3eff7e0e902de1783c91faa2bd43beb82f27c0f9305a74a5dde1ae246c3134,0,0,0,1,0,timeout,45.0,8.941032224486293,0.0021320868431162765,0.38818284474309644,0.05333333333333334,0.05333333333333334,0.05333333333333334,0.0,1.0160549097899314e-15,0.0,0.37666666666666665,166.080861669062,1369.139603493108,0,0.382534799980931,300,5.367420261044532e-14,0
velocity_obstacle_proxy,Velocity-obstacle proxy,multi_load_clutter,573000,8,6b3eff7e0e902de1783c91faa2bd43beb82f27c0f9305a74a5dde1ae246c3134,1,1,0,0,0,target_reached,30.15,0.27056060197230747,0.004370969368830302,0.4802419333180726,0.16417910447761194,0.16417910447761194,0.16417910447761194,0.0,1.4507715902360325e-15,0.0,0.024875621890547265,284.0717847524466,3302.7137984429028,0,0.25904699999955483,201,6.2803698347351e-14,0
cbf_wrench_local,Local CBF wrench filter,multi_load_clutter,573000,8,6b3eff7e0e902de1783c91faa2bd43beb82f27c0f9305a74a5dde1ae246c3134,0,0,0,1,0,timeout,45.0,8.22387072250437,0.0021320868431162765,0.08852232641763996,0.8533333333333334,0.51,0.51,6815.391830361298,9.005871917462856e-16,0.0,0.15,163.0871523730213,1293.2076993971725,4800,0.4541263999999501,300,1.0986160316453369e-14,0
damped_hamiltonian_raw,Damped Hamiltonian (RAW),multi_load_clutter,573000,8,6b3eff7e0e902de1783c91faa2bd43beb82f27c0f9305a74a5dde1ae246c3134,0,0,1,0,0,collision,45.0,1.8375608226306175,0.013270885002055532,-0.00937594312667106,0.4666666666666667,0.4666666666666667,0.4666666666666667,0.0,9.19939050327965e-16,0.0,0.0,194.69731706198274,769.1607668232521,0,0.16351969999959692,120,5.066559670423066e-14,0
damped_hamiltonian_cbf,Damped Hamiltonian + CBF,multi_load_clutter,573000,8,6b3eff7e0e902de1783c91faa2bd43beb82f27c0f9305a74a5dde1ae246c3134,0,0,0,1,0,timeout,45.0,8.223870716487758,0.001224720562403192,0.08942059890799031,0.85,0.5166666666666667,0.5166666666666667,7156.079300070464,9.484947806548195e-16,0.0,0.15,154.75035648765933,1232.6906989839413,4800,0.43786490001366474,300,1.4238583238573986e-14,0
distributed_preview_cbf,Distributed preview-CBF,multi_load_clutter,573000,8,6b3eff7e0e902de1783c91faa2bd43beb82f27c0f9305a74a5dde1ae246c3134,0,0,0,1,0,timeout,45.0,8.223870722345223,0.0015459101934713892,0.09525264687108809,0.8433333333333334,0.5,0.5,6684.683508336846,9.058181704246812e-16,0.0,0.15,149.61652564968824,1150.855852002015,4800,0.43156620001536794,300,8.881784197001252e-15,0
centralized_preview_reference,Centralized preview reference,multi_load_clutter,573000,8,6b3eff7e0e902de1783c91faa2bd43beb82f27c0f9305a74a5dde1ae246c3134,0,0,0,1,0,timeout,45.0,8.22387072230594,0.0011242070130608184,0.02500796028507052,0.8433333333333334,0.49666666666666665,0.49666666666666665,6642.441140701028,7.417454549758679e-16,0.0,0.15333333333333332,145.20898180014638,1109.7108420422596,16800,0.4655899999779649,300,9.628264761373826e-15,0
pose_pd_raw,Pose PD (RAW),multi_load_clutter,573001,8,f8bd9234271ad560915dc113492b72ed93fc2780609f72ddee01bc88b59ce0af,0,0,1,0,0,collision,45.0,1.2716827049211135,0.027529919882557596,-0.008514929136236027,0.45454545454545453,0.45454545454545453,0.45454545454545453,0.0,1.08417185119785e-15,0.0,0.0,213.68257699246416,809.0962539886,0,0.1626027000020258,121,5.749369015902827e-14,0
apf_wrench_heuristic,APF wrench heuristic,multi_load_clutter,573001,8,f8bd9234271ad560915dc113492b72ed93fc2780609f72ddee01bc88b59ce0af,0,0,0,1,0,timeout,45.0,8.94103282924722,0.0021320868431162765,0.39969609976615544,0.05333333333333334,0.05333333333333334,0.05333333333333334,0.0,8.313131196881772e-16,0.0,0.37666666666666665,169.80786572295935,1351.862106204221,0,0.38191419999930076,300,5.749369015902827e-14,0
velocity_obstacle_proxy,Velocity-obstacle proxy,multi_load_clutter,573001,8,f8bd9234271ad560915dc113492b72ed93fc2780609f72ddee01bc88b59ce0af,1,1,0,0,0,target_reached,31.049999999999997,0.27108895012686357,0.001026909004977039,0.11013558124965211,0.21256038647342995,0.21256038647342995,0.21256038647342995,0.0,1.73763760963584e-15,0.0,0.014492753623188406,309.5644693537221,8187.467848138213,0,0.2531116000027396,207,1.2710652443581576e-13,0
cbf_wrench_local,Local CBF wrench filter,multi_load_clutter,573001,8,f8bd9234271ad560915dc113492b72ed93fc2780609f72ddee01bc88b59ce0af,0,0,0,1,0,timeout,45.0,8.22387072250437,0.0021320868431162765,0.08852232641765795,0.85,0.51,0.51,6795.080962438532,9.699974209032245e-16,0.0,0.15,167.9557712065794,1322.0120057413144,4800,0.4351807000057306,300,1.6438800559796716e-14,0
damped_hamiltonian_raw,Damped Hamiltonian (RAW),multi_load_clutter,573001,8,f8bd9234271ad560915dc113492b72ed93fc2780609f72ddee01bc88b59ce0af,0,0,1,0,0,collision,45.0,1.8081534811716335,0.016037971409749385,-0.050906922166715496,0.4628099173553719,0.4628099173553719,0.4628099173553719,0.0,1.2023199677877404e-15,0.0,0.0,197.65279530398197,780.6106248838872,0,0.17208260000916198,121,5.851201866846837e-14,0
damped_hamiltonian_cbf,Damped Hamiltonian + CBF,multi_load_clutter,573001,8,f8bd9234271ad560915dc113492b72ed93fc2780609f72ddee01bc88b59ce0af,0,0,0,1,0,timeout,45.0,8.223870716487758,0.001224720562403192,0.0894205989080214,0.8466666666666667,0.5166666666666667,0.5166666666666667,7138.730510386887,9.921633331031214e-16,0.0,0.15,158.98320848209826,1264.5443229816144,4800,0.40692419998231344,300,1.6042626665492003e-14,0
distributed_preview_cbf,Distributed preview-CBF,multi_load_clutter,573001,8,f8bd9234271ad560915dc113492b72ed93fc2780609f72ddee01bc88b59ce0af,0,0,0,1,0,timeout,45.0,8.223870722345223,0.0015459101934713892,0.09525264687110896,0.84,0.5,0.5,6662.328336345448,7.973508701328423e-16,0.0,0.15,153.64859795139213,1174.0560982266295,4800,0.4049761999922339,300,1.507288760336424e-14,0
centralized_preview_reference,Centralized preview reference,multi_load_clutter,573001,8,f8bd9234271ad560915dc113492b72ed93fc2780609f72ddee01bc88b59ce0af,0,0,0,1,0,timeout,45.0,8.22387072230594,0.0011242070130608184,0.02500796028509672,0.84,0.49666666666666665,0.49666666666666665,6620.096211185139,7.041582139606592e-16,0.0,0.15333333333333332,148.85733609331007,1126.5049275866677,16800,0.436910300020827,300,8.881784197001252e-15,0
pose_pd_raw,Pose PD (RAW),multi_load_clutter,573000,12,13436005b2939db82d5f5dcee6ad2ce0ffb87a8cc7f5e0f2dacca992b8d63c2e,0,0,1,0,0,collision,45.0,0.9096178421108702,0.011691457463185895,-0.006270816191743911,0.5343511450381679,0.5343511450381679,0.5343511450381679,0.0,9.923491486165397e-16,0.0,0.0,210.674094004189,531.268168871702,0,0.23022349999519065,131,5.367420261044532e-14,0
apf_wrench_heuristic,APF wrench heuristic,multi_load_clutter,573000,12,13436005b2939db82d5f5dcee6ad2ce0ffb87a8cc7f5e0f2dacca992b8d63c2e,0,0,0,1,0,timeout,45.0,9.069846175843699,0.0021320868431162765,0.24166666666666436,0.05333333333333334,0.05333333333333334,0.05333333333333334,0.0,7.852462434919903e-16,0.0,0.38666666666666666,165.8496376928155,961.1930608592137,0,0.4947777999914251,300,5.367420261044532e-14,0
velocity_obstacle_proxy,Velocity-obstacle proxy,multi_load_clutter,573000,12,13436005b2939db82d5f5dcee6ad2ce0ffb87a8cc7f5e0f2dacca992b8d63c2e,1,1,0,0,0,target_reached,29.549999999999997,0.2734726183477787,0.008554196671246572,0.24166666666666436,0.17258883248730963,0.17258883248730963,0.17258883248730963,0.0,1.0340343203071047e-15,0.0,0.02030456852791878,242.39277451859627,874.4693160125292,0,0.30810150000615977,197,5.367420261044532e-14,0
cbf_wrench_local,Local CBF wrench filter,multi_load_clutter,573000,12,13436005b2939db82d5f5dcee6ad2ce0ffb87a8cc7f5e0f2dacca992b8d63c2e,0,0,0,1,0,timeout,45.0,8.360170083482338,0.0021320868431162765,0.09088695414037634,0.8566666666666667,0.0,0.0,6938.139979782213,7.457792284209375e-16,0.0,0.13,160.23103389321608,882.9688693597384,7200,0.5450581000186503,300,2.13728745827402e-14,0
damped_hamiltonian_raw,Damped Hamiltonian (RAW),multi_load_clutter,573000,12,13436005b2939db82d5f5dcee6ad2ce0ffb87a8cc7f5e0f2dacca992b8d63c2e,0,0,1,0,0,collision,45.0,1.8375608226306175,0.013270885002055532,-0.017612456401978116,0.5,0.5,0.5,0.0,8.989059644232908e-16,0.0,0.0,194.69731706198274,512.4766346732296,0,0.20144340000115335,120,5.092841821757999e-14,0
damped_hamiltonian_cbf,Damped Hamiltonian + CBF,multi_load_clutter,573000,12,13436005b2939db82d5f5dcee6ad2ce0ffb87a8cc7f5e0f2dacca992b8d63c2e,0,0,0,1,0,timeout,45.0,8.360170082912527,0.001224720562403192,0.08849949992065326,0.8533333333333334,0.0,0.0,7281.081544231558,8.166047197247596e-16,0.0,0.13,151.78484930100532,810.1711900161584,7200,0.5311930000025313,300,1.4458497151625688e-14,0
distributed_preview_cbf,Distributed preview-CBF,multi_load_clutter,573000,12,13436005b2939db82d5f5dcee6ad2ce0ffb87a8cc7f5e0f2dacca992b8d63c2e,0,0,0,1,0,timeout,45.0,8.360170083333278,0.0015459101934713892,0.10809628311560354,0.8466666666666667,0.0,0.0,6802.2519277955,8.570254688384873e-16,0.0,0.13333333333333333,146.7305939440973,761.5217484070008,7200,0.5683007999905385,300,1.4546887564889487e-14,0
centralized_preview_reference,Centralized preview reference,multi_load_clutter,573000,12,13436005b2939db82d5f5dcee6ad2ce0ffb87a8cc7f5e0f2dacca992b8d63c2e,0,0,0,1,0,timeout,45.0,8.360170083296573,0.0011242070130608184,0.08952466036305945,0.8433333333333334,0.0,0.0,6759.773820794667,7.519920888234153e-16,0.0,0.13,142.56079292205712,733.3986965508399,39600,0.6001321999938227,300,9.057678187205881e-15,0
pose_pd_raw,Pose PD (RAW),multi_load_clutter,573001,12,2d557ecbd37b2c210bbca24c7f516459bee01cfd426158b12961dbc7d033a675,0,0,1,0,0,collision,45.0,0.9164450329529464,0.011691457463185895,-0.003302703442365107,0.5190839694656488,0.5190839694656488,0.5190839694656488,0.0,1.0295229202680732e-15,0.0,0.0,213.81940807053496,539.189236889821,0,0.237240299989935,131,5.913561019254596e-14,0
apf_wrench_heuristic,APF wrench heuristic,multi_load_clutter,573001,12,2d557ecbd37b2c210bbca24c7f516459bee01cfd426158b12961dbc7d033a675,0,0,0,1,0,timeout,45.0,9.069847669083074,0.0021320868431162765,0.24166666666666425,0.05333333333333334,0.05333333333333334,0.05333333333333334,0.0,9.717306217410448e-16,0.0,0.38333333333333336,169.6090101112461,951.697308432071,0,0.49608599999919534,300,5.913561019254596e-14,0
velocity_obstacle_proxy,Velocity-obstacle proxy,multi_load_clutter,573001,12,2d557ecbd37b2c210bbca24c7f516459bee01cfd426158b12961dbc7d033a675,1,1,0,0,0,target_reached,33.3,0.2667008249740906,0.009392971429731833,0.24166666666666425,0.13963963963963963,0.13963963963963963,0.13963963963963963,0.0,1.0984268189333738e-15,0.0,0.018018018018018018,271.2559953386174,1710.6480649842695,0,0.3774375999928452,222,5.913561019254596e-14,0
cbf_wrench_local,Local CBF wrench filter,multi_load_clutter,573001,12,2d557ecbd37b2c210bbca24c7f516459bee01cfd426158b12961dbc7d033a675,0,0,0,1,0,timeout,45.0,8.360170083482338,0.0021320868431162765,0.09088695414037634,0.8533333333333334,0.0,0.0,6914.327226986988,6.791208531855881e-16,0.0,0.13,164.52383263873867,878.371890786498,7200,0.5317554000066593,300,8.530675149520015e-15,0
damped_hamiltonian_raw,Damped Hamiltonian (RAW),multi_load_clutter,573001,12,2d557ecbd37b2c210bbca24c7f516459bee01cfd426158b12961dbc7d033a675,0,0,1,0,0,collision,45.0,1.8513527447315579,0.013270885002055532,-0.007255927894222525,0.48333333333333334,0.48333333333333334,0.48333333333333334,0.0,1.1182905348963149e-15,0.0,0.0,197.60042418625312,520.0904729865048,0,0.20712390000699088,120,5.6720119769951046e-14,0
damped_hamiltonian_cbf,Damped Hamiltonian + CBF,multi_load_clutter,573001,12,2d557ecbd37b2c210bbca24c7f516459bee01cfd426158b12961dbc7d033a675,0,0,0,1,0,timeout,45.0,8.360170082912527,0.001224720562403192,0.08849949992065326,0.85,0.0,0.0,7255.483368645108,9.888864450604765e-16,0.0,0.13,156.0716284751104,811.0492483393743,7200,0.5717170999851078,300,1.0695084443661336e-14,0
distributed_preview_cbf,Distributed preview-CBF,multi_load_clutter,573001,12,2d557ecbd37b2c210bbca24c7f516459bee01cfd426158b12961dbc7d033a675,0,0,0,1,0,timeout,45.0,8.360170083333278,0.0015459101934713892,0.10809628311561531,0.8433333333333334,0.0,0.0,6785.050100507826,8.316247528469141e-16,0.0,0.13333333333333333,150.80912006589492,782.8844637553976,7200,0.5824578999890946,300,1.0695084443661336e-14,0
centralized_preview_reference,Centralized preview reference,multi_load_clutter,573001,12,2d557ecbd37b2c210bbca24c7f516459bee01cfd426158b12961dbc7d033a675,0,0,0,1,0,timeout,45.0,8.360170083296573,0.0011242070130608184,0.08952466036308343,0.84,0.0,0.0,6742.4751242278535,8.506532081278962e-16,0.0,0.13,146.40988502406157,753.7099838222026,39600,0.586853400018299,300,1.4501059790511035e-14,0
