study,seed,N,N_original,K,M,size_N_plus_M,matrix_elements,rho_M_over_N,requested_delta,observed_delta,capacity_delta,quota_mode,spatial_mode,capacity_mode,treatment,failure_count,failed_robot_was_assigned,total_capacity_kg,total_demand_kg,capacity_mean_kg,capacity_std_kg,capacity_cv,capacity_min_kg,capacity_max_kg,quota_cv,quota_asymmetry_cv,distance_matrix_asymmetry_cv,structurally_feasible,milp_feasible,mission_feasible,milp_complete_load_fraction,milp_missing_load_count,milp_optimal,milp_status,milp_message,milp_mip_gap,milp_node_count,milp_assigned_robot_count,milp_idle_robot_count,milp_robot_utilization,milp_idle_fraction,milp_total_distance,milp_mean_distance_per_assigned_robot,milp_normalized_mean_distance_per_assigned_robot,milp_distance_per_nominal_slot,milp_normalized_distance_p95,milp_assignment_distance_p50,milp_assignment_distance_p95,milp_assignment_distance_max,milp_assignment_distance_std,milp_assignment_distance_cv,milp_assignment_distance_gini,milp_assignment_distance_jain,milp_normalized_assignment_distance_max,milp_load_mean_distance_cv,milp_total_excess_kg,milp_objective_value,milp_matrix_bytes,milp_binary_variable_count,milp_constraint_count,milp_solver_wall_ns,milp_total_wall_ns,milp_total_cpu_ns,milp_matrix_wall_ns,milp_model_wall_ns,milp_post_wall_ns,milp_solver_ns_per_binary_variable,hungarian_feasible,hungarian_coverage,hungarian_assigned_robot_count,hungarian_total_distance,hungarian_mean_distance_per_slot,hungarian_normalized_distance_p95,hungarian_solver_wall_ns,hungarian_total_wall_ns,hungarian_matrix_bytes,both_feasible,same_capacity_model,milp_to_hungarian_distance_ratio,milp_minus_hungarian_assigned_robots,milp_to_hungarian_solver_ratio,base_milp_total_distance,relative_distance_increase,assignment_churn,failure_rate,recovery_feasible,central_logical_messages,central_communication_bytes,central_communication_rounds,retry_messages,nonresponding_count
scaling,810203787,5,5,3,10,15,15,2.0,-0.33,-0.3333333333333333,-0.20206531773399267,symmetric,uniform,homogeneous,none,0,False,25.0,37.66177058253436,5.0,0.0,0.0,5.0,5.0,0.1414213562373095,0.1414213562373095,nan,False,False,False,0.0,3,False,-1,"Capacidad total insuficiente para cargas obligatorias: capacidad=25.000, demanda=37.662.",nan,0,0,5,0.0,1.0,nan,nan,nan,nan,nan,nan,nan,nan,nan,nan,nan,nan,nan,nan,nan,nan,0,15,11,nan,nan,nan,nan,nan,nan,nan,False,0.5,5,269.86809365245307,53.973618730490614,0.5044973604404835,424300,748900,400,False,True,nan,nan,nan,nan,nan,nan,0.0,False,5,492,2,0,0
scaling,3631318694,5,5,3,10,15,15,2.0,-0.33,-0.3333333333333333,-0.2560592834796119,symmetric,uniform,homogeneous,none,0,False,25.0,42.20965648158568,5.0,0.0,0.0,5.0,5.0,0.1414213562373095,0.1414213562373095,nan,False,False,False,0.0,3,False,-1,"Capacidad total insuficiente para cargas obligatorias: capacidad=25.000, demanda=42.210.",nan,0,0,5,0.0,1.0,nan,nan,nan,nan,nan,nan,nan,nan,nan,nan,nan,nan,nan,nan,nan,nan,0,15,11,nan,nan,nan,nan,nan,nan,nan,False,0.5,5,84.69502624052573,16.939005248105147,0.2612938452011737,8400,286700,400,False,True,nan,nan,nan,nan,nan,nan,0.0,False,5,493,2,0,0
scaling,2266623018,7,7,3,10,17,21,1.4285714285714286,-0.2,-0.17647058823529413,-0.09460606959860504,symmetric,uniform,homogeneous,none,0,False,35.0,42.31441270979847,5.0,0.0,0.0,5.0,5.0,0.1414213562373095,0.1414213562373095,nan,False,False,False,0.0,3,False,-1,"Capacidad total insuficiente para cargas obligatorias: capacidad=35.000, demanda=42.314.",nan,0,0,7,0.0,1.0,nan,nan,nan,nan,nan,nan,nan,nan,nan,nan,nan,nan,nan,nan,nan,nan,0,21,13,nan,nan,nan,nan,nan,nan,nan,False,0.7,7,271.3076373288768,38.758233904125255,0.4285093872027992,8600,326200,560,False,True,nan,nan,nan,nan,nan,nan,0.0,False,7,683,2,0,0
scaling,2338375597,7,7,3,10,17,21,1.4285714285714286,-0.2,-0.17647058823529413,-0.045984681148705006,symmetric,uniform,homogeneous,none,0,False,35.0,38.37408385044087,5.0,0.0,0.0,5.0,5.0,0.1414213562373095,0.1414213562373095,nan,False,False,False,0.0,3,False,-1,"Capacidad total insuficiente para cargas obligatorias: capacidad=35.000, demanda=38.374.",nan,0,0,7,0.0,1.0,nan,nan,nan,nan,nan,nan,nan,nan,nan,nan,nan,nan,nan,nan,nan,nan,0,21,13,nan,nan,nan,nan,nan,nan,nan,False,0.7,7,382.2356885256022,54.60509836080031,0.5700075289940184,6900,348600,560,False,True,nan,nan,nan,nan,nan,nan,0.0,False,7,689,2,0,0
scaling,3350397888,10,10,3,10,20,30,1.0,0.0,0.0,0.044752259140296714,symmetric,uniform,homogeneous,none,0,False,50.0,45.7164716564363,5.0,0.0,0.0,5.0,5.0,0.1414213562373095,0.1414213562373095,0.5126541872619472,True,True,True,1.0,0,True,0,Optimization terminated successfully. (HiGHS Status 7: Optimal),0.0,1,10,0,1.0,0.0,260.4742981345114,26.04742981345114,0.1841831425357195,26.04742981345114,0.33232828511776913,24.714645458815944,46.998316797374194,48.26879099940586,11.905770319619066,0.4570804261643816,0.25042484605332693,0.8271828729959586,0.34131189435356074,0.13348373582333561,4.283528343563702,261.5551802204023,1424,30,16,49928400,58228000,125000000,32700,8044100,181300,1664280.0,True,1.0,10,260.4742981345114,26.04742981345114,0.33232828511776913,7600,394200,800,True,True,1.0,0,6569.526315789473,nan,nan,nan,0.0,True,20,1359,2,0,0
scaling,3847875446,10,10,3,10,20,30,1.0,0.0,0.0,0.0786970820284962,symmetric,uniform,homogeneous,none,0,False,50.0,42.70443173161219,5.0,0.0,0.0,5.0,5.0,0.1414213562373095,0.1414213562373095,0.5045416664213968,True,True,True,1.0,0,True,0,Optimization terminated successfully. (HiGHS Status 7: Optimal),0.0,1,10,0,1.0,0.0,376.46842396451905,37.6468423964519,0.26620337548792355,37.6468423964519,0.6171238825414619,23.111992953492575,87.27449643544763,88.45340891647031,34.066959596893405,0.9049088164723239,0.4960728061275439,0.5497949367306534,0.6254600526390278,0.5813288724970772,7.295568268387811,378.302316031616,1424,30,16,3124900,3880800,0,34600,564700,119200,104163.33333333333,True,1.0,10,376.46842396451905,37.6468423964519,0.6171238825414619,13300,537000,800,True,True,1.0,0,234.95488721804512,nan,nan,nan,0.0,True,20,1365,2,0,0
scaling,725456319,15,15,3,10,25,45,0.6666666666666666,0.2,0.2,0.2602167914459727,symmetric,uniform,homogeneous,none,0,False,75.0,44.02713963038852,5.0,0.0,0.0,5.0,5.0,0.1414213562373095,0.1414213562373095,0.5760322596567976,True,True,True,1.0,0,True,0,Optimization terminated successfully. (HiGHS Status 7: Optimal),0.0,1,10,5,0.6666666666666666,0.3333333333333333,276.60941289817646,27.660941289817647,0.19559239160033023,27.660941289817647,0.2791671032311069,30.97362745761913,39.480190355784124,41.20326699668486,10.8456193192924,0.3920914767743214,0.21690212534343223,0.8667496180681917,0.29135109500395734,0.12364090110242072,5.972860369611478,278.1126279905793,2104,45,21,2728800,3378300,0,34200,444100,128900,60640.0,True,1.0,10,276.60941289817646,27.660941289817647,0.2791671032311069,12500,566600,1200,True,True,1.0,0,218.304,nan,nan,nan,0.0,True,25,1863,2,0,0
scaling,3857382383,15,15,3,10,25,45,0.6666666666666666,0.2,0.2,0.28826745838016765,symmetric,uniform,homogeneous,none,0,False,75.0,41.435449039911255,5.0,0.0,0.0,5.0,5.0,0.1414213562373095,0.1414213562373095,0.4361082028801896,True,True,True,1.0,0,True,0,Optimization terminated successfully. (HiGHS Status 7: Optimal),0.0,1,10,5,0.6666666666666666,0.3333333333333333,304.8664317677222,30.48664317677222,0.21557312125910225,30.48664317677222,0.3312703287707361,31.81934317414376,46.84869917593691,47.87060888662186,11.864997078070418,0.3891867336548999,0.19849720566364937,0.8684578855177697,0.3384963216325932,0.09270963052228827,8.564550960088743,307.0175695077444,2104,45,21,2743200,3446200,0,33700,502200,125700,60960.0,True,1.0,10,304.8664317677222,30.48664317677222,0.3312703287707361,13200,542000,1200,True,True,1.0,0,207.8181818181818,nan,nan,nan,0.0,True,25,1859,2,0,0
scaling,2100343080,20,20,3,10,30,60,0.5,0.33,0.3333333333333333,0.42898066433410736,symmetric,uniform,homogeneous,none,0,False,100.0,39.959906380677495,5.0,0.0,0.0,5.0,5.0,0.1414213562373095,0.1414213562373095,0.39277242286380964,True,True,True,1.0,0,True,0,Optimization terminated successfully. (HiGHS Status 7: Optimal),0.0,1,10,10,0.5,0.5,323.2783709510948,32.32783709510948,0.22859232831045934,32.32783709510948,0.34184195952658786,34.524091059908734,48.34375353506952,51.079856599985995,12.409225411260305,0.38385572702411197,0.21210853596015045,0.8715772579103068,0.3611891298388652,0.2215453932229924,10.040093619322509,325.79839435592544,2784,60,26,2835500,3583400,31250000,48100,511800,138200,47258.333333333336,True,1.0,10,323.2783709510948,32.32783709510948,0.34184195952658786,15600,701600,1600,True,True,1.0,0,181.76282051282053,nan,nan,nan,0.0,True,30,2355,2,0,0
scaling,1721755728,20,20,3,10,30,60,0.5,0.33,0.3333333333333333,0.39586155841635595,symmetric,uniform,homogeneous,none,0,False,100.0,43.28068481727199,5.0,0.0,0.0,5.0,5.0,0.1414213562373095,0.1414213562373095,0.5048094358460864,True,True,True,1.0,0,True,0,Optimization terminated successfully. (HiGHS Status 7: Optimal),0.0,1,10,10,0.5,0.5,178.23729666540257,17.823729666540256,0.12603280113246457,17.823729666540256,0.25035727320653023,15.505589313422032,35.405865120742135,38.96114011862801,11.408847199801755,0.640093146229608,0.3623897243601635,0.7093611086302295,0.27549686380641114,0.3759125027794561,6.719315182728012,179.92712546108456,2784,60,26,2749500,3462100,0,38700,494800,131300,45825.0,True,1.0,10,178.23729666540257,17.823729666540256,0.25035727320653023,16500,701400,1600,True,True,1.0,0,166.63636363636363,nan,nan,nan,0.0,True,30,2351,2,0,0
scaling,2757322779,10,10,7,20,30,70,2.0,-0.33,-0.3333333333333333,-0.23783473977575745,symmetric,uniform,homogeneous,none,0,False,50.0,81.20514043185099,5.0,0.0,0.0,5.0,5.0,0.12247448713915891,0.12247448713915891,nan,False,False,False,0.0,7,False,-1,"Capacidad total insuficiente para cargas obligatorias: capacidad=50.000, demanda=81.205.",nan,0,0,10,0.0,1.0,nan,nan,nan,nan,nan,nan,nan,nan,nan,nan,nan,nan,nan,nan,nan,nan,0,70,24,nan,nan,nan,nan,nan,nan,nan,False,0.5,10,218.17664083811692,21.817664083811692,0.282675002109496,10600,432600,1600,False,True,nan,nan,nan,nan,nan,nan,0.0,False,10,983,2,0,0
scaling,2634208519,10,10,7,20,30,70,2.0,-0.33,-0.3333333333333333,-0.2412764188984949,symmetric,uniform,homogeneous,none,0,False,50.0,81.80030579097237,5.0,0.0,0.0,5.0,5.0,0.12247448713915891,0.12247448713915891,nan,False,False,False,0.0,7,False,-1,"Capacidad total insuficiente para cargas obligatorias: capacidad=50.000, demanda=81.800.",nan,0,0,10,0.0,1.0,nan,nan,nan,nan,nan,nan,nan,nan,nan,nan,nan,nan,nan,nan,nan,nan,0,70,24,nan,nan,nan,nan,nan,nan,nan,False,0.5,10,240.90902057347446,24.090902057347446,0.244996769007742,9200,452400,1600,False,True,nan,nan,nan,nan,nan,nan,0.0,False,10,981,2,0,0
scaling,3071447774,13,13,7,20,33,91,1.5384615384615385,-0.2,-0.21212121212121213,-0.16223441212745782,symmetric,uniform,homogeneous,none,0,False,65.0,90.1746716287638,5.0,0.0,0.0,5.0,5.0,0.12247448713915891,0.12247448713915891,nan,False,False,False,0.0,7,False,-1,"Capacidad total insuficiente para cargas obligatorias: capacidad=65.000, demanda=90.175.",nan,0,0,13,0.0,1.0,nan,nan,nan,nan,nan,nan,nan,nan,nan,nan,nan,nan,nan,nan,nan,nan,0,91,27,nan,nan,nan,nan,nan,nan,nan,False,0.65,13,270.4876014880807,20.806738576006207,0.3412450088749584,13100,499700,2080,False,True,nan,nan,nan,nan,nan,nan,0.0,False,13,1285,2,0,0
scaling,70175123,13,13,7,20,33,91,1.5384615384615385,-0.2,-0.21212121212121213,-0.11075167815705161,symmetric,uniform,homogeneous,none,0,False,65.0,81.19088595025711,5.0,0.0,0.0,5.0,5.0,0.12247448713915891,0.12247448713915891,nan,False,False,False,0.0,7,False,-1,"Capacidad total insuficiente para cargas obligatorias: capacidad=65.000, demanda=81.191.",nan,0,0,13,0.0,1.0,nan,nan,nan,nan,nan,nan,nan,nan,nan,nan,nan,nan,nan,nan,nan,nan,0,91,27,nan,nan,nan,nan,nan,nan,nan,False,0.65,13,318.7325821628151,24.517890935601162,0.3512871711331946,11100,530200,2080,False,True,nan,nan,nan,nan,nan,nan,0.0,False,13,1282,2,0,0
scaling,2046450575,20,20,7,20,40,140,1.0,0.0,0.0,0.07510324007713418,symmetric,uniform,homogeneous,none,0,False,100.0,86.0286459425523,5.0,0.0,0.0,5.0,5.0,0.12247448713915893,0.12247448713915893,0.47893801842507205,True,True,True,1.0,0,True,0,Optimization terminated successfully. (HiGHS Status 7: Optimal),0.0,1,20,0,1.0,0.0,448.69440256350424,22.43472012817521,0.15863742736655023,22.43472012817521,0.30075835439042137,20.339665075567666,42.533654377594765,59.2187802338688,14.01318796917406,0.6246205831458198,0.3464129248652801,0.7193463813906064,0.41874001076964507,0.46977416579108355,13.971354057447698,452.2072410778662,6384,140,34,3980500,4824700,15625000,41200,586400,157100,28432.14285714286,True,1.0,20,448.69440256350424,22.43472012817521,0.30075835439042137,16400,698300,3200,True,True,1.0,0,242.71341463414635,nan,nan,nan,0.0,True,40,2735,2,0,0
scaling,1715271374,20,20,7,20,40,140,1.0,0.0,0.0,0.09420149280770763,symmetric,uniform,homogeneous,none,0,False,100.0,82.78169177671514,5.0,0.0,0.0,5.0,5.0,0.12247448713915891,0.12247448713915891,0.45272714195756514,True,True,True,1.0,0,True,0,Optimization terminated successfully. (HiGHS Status 7: Optimal),0.0,1,20,0,1.0,0.0,441.6371292392399,22.081856461961998,0.15614230445441313,22.081856461961998,0.25624894999022046,22.41336545008952,36.23907404200348,42.569774989580274,9.367528145874893,0.4242183243067135,0.2384657977308915,0.8474855031593783,0.301013765687177,0.27611908638136873,17.21830822328487,445.9617062950611,6384,140,34,3727600,4561800,0,39300,580200,162900,26625.714285714286,True,1.0,20,441.6371292392399,22.081856461961998,0.25624894999022046,18200,708900,3200,True,True,1.0,0,204.8131868131868,nan,nan,nan,0.0,True,40,2736,2,0,0
scaling,1369072163,30,30,7,20,50,210,0.6666666666666666,0.2,0.2,0.25560479460319957,symmetric,uniform,homogeneous,none,0,False,150.0,88.92868304537417,5.0,0.0,0.0,5.0,5.0,0.12247448713915891,0.12247448713915891,0.4898688471890695,True,True,True,1.0,0,True,0,Optimization terminated successfully. (HiGHS Status 7: Optimal),0.0,1,20,10,0.6666666666666666,0.3333333333333333,457.40689898870306,22.870344949435154,0.16171776001821106,22.870344949435154,0.28053809357225584,22.835770706694802,39.67407766921767,44.693332847318786,10.042997185799225,0.43912749055616085,0.2482380949633407,0.8383403539587915,0.3160295873016658,0.24948894269661553,11.071316954625827,460.1947282273595,9504,210,44,7224500,8171200,31250000,42100,637400,204700,34402.380952380954,True,1.0,20,457.40689898870306,22.870344949435154,0.28053809357225584,29500,971800,4800,True,True,1.0,0,244.89830508474577,nan,nan,nan,0.0,True,50,3729,2,0,0
scaling,3116673002,30,30,7,20,50,210,0.6666666666666666,0.2,0.2,0.2895142452081845,symmetric,uniform,homogeneous,none,0,False,150.0,82.64574324385751,5.0,0.0,0.0,5.0,5.0,0.12247448713915893,0.12247448713915893,0.4581853051530612,True,True,True,1.0,0,True,0,Optimization terminated successfully. (HiGHS Status 7: Optimal),0.0,1,20,10,0.6666666666666666,0.3333333333333333,414.09172031534825,20.70458601576741,0.14640353173409298,20.70458601576741,0.23991344162244269,20.747981362660173,33.928884293806426,34.90444032084361,8.231991871285437,0.3975926813999773,0.2262355650925041,0.863498248435693,0.2468116644438967,0.2955314684766013,17.354256756142483,418.45028450438383,9504,210,44,4672400,5682100,15625000,53300,687800,201000,22249.52380952381,True,1.0,20,414.09172031534825,20.70458601576741,0.23991344162244269,25800,1078600,4800,True,True,1.0,0,181.10077519379846,nan,nan,nan,0.0,True,50,3726,2,0,0
scaling,3646238093,40,40,7,20,60,280,0.5,0.33,0.3333333333333333,0.4329499115084421,symmetric,uniform,homogeneous,none,0,False,200.0,79.1444395840234,5.0,0.0,0.0,5.0,5.0,0.12247448713915891,0.12247448713915891,0.500164397590171,True,True,True,1.0,0,True,0,Optimization terminated successfully. (HiGHS Status 7: Optimal),0.0,1,20,20,0.5,0.5,242.55277714958373,12.127638857479187,0.08575535675905006,12.127638857479187,0.1565730757754592,10.87137877981581,22.14277672641247,24.439163016753753,5.253821176832976,0.43321055636422695,0.23879972774361535,0.8419837437066731,0.1728109789567006,0.23045090404163765,20.85556041597659,247.7866672535779,12624,280,54,4229200,5151400,0,38100,656700,178900,15104.285714285714,True,1.0,20,242.55277714958373,12.127638857479187,0.1565730757754592,16800,756700,6400,True,True,1.0,0,251.73809523809524,nan,nan,nan,0.0,True,60,4719,2,0,0
scaling,3155890630,40,40,7,20,60,280,0.5,0.33,0.3333333333333333,0.4054084632571231,symmetric,uniform,homogeneous,none,0,False,200.0,84.61476535652466,5.0,0.0,0.0,5.0,5.0,0.12247448713915891,0.12247448713915891,0.5076443671853584,True,True,True,1.0,0,True,0,Optimization terminated successfully. (HiGHS Status 7: Optimal),0.0,1,20,20,0.5,0.5,184.96545162685769,9.248272581342885,0.0653951625652917,9.248272581342885,0.1267584713682721,8.90498576884643,17.926354935469206,18.853469066966937,4.574099517293098,0.49458960871468177,0.27553654296994345,0.8034588059258265,0.1333141582614313,0.28167659444811716,15.385234643475338,188.83176028772652,12624,280,54,4349900,5391500,31250000,60600,703200,210000,15535.357142857143,True,1.0,20,184.96545162685769,9.248272581342885,0.1267584713682721,21200,1067500,6400,True,True,1.0,0,205.18396226415095,nan,nan,nan,0.0,True,60,4719,2,0,0
balance,662676084,1,1,7,20,21,7,20.0,-0.95,-0.9047619047619048,-0.8880532636352537,symmetric,uniform,homogeneous,none,0,False,5.0,84.32819593255381,5.0,0.0,0.0,5.0,5.0,0.12247448713915891,0.12247448713915891,nan,False,False,False,0.0,7,False,-1,"Capacidad total insuficiente para cargas obligatorias: capacidad=5.000, demanda=84.328.",nan,0,0,1,0.0,1.0,nan,nan,nan,nan,nan,nan,nan,nan,nan,nan,nan,nan,nan,nan,nan,nan,0,7,15,nan,nan,nan,nan,nan,nan,nan,False,0.05,1,50.30832119858836,50.30832119858836,0.35573355069632767,7700,149200,160,False,True,nan,nan,nan,nan,nan,nan,0.0,False,1,97,2,0,0
balance,4238918100,1,1,7,20,21,7,20.0,-0.95,-0.9047619047619048,-0.8934558345630724,symmetric,uniform,homogeneous,none,0,False,5.0,88.85779088879195,5.0,0.0,0.0,5.0,5.0,0.12247448713915891,0.12247448713915891,nan,False,False,False,0.0,7,False,-1,"Capacidad total insuficiente para cargas obligatorias: capacidad=5.000, demanda=88.858.",nan,0,0,1,0.0,1.0,nan,nan,nan,nan,nan,nan,nan,nan,nan,nan,nan,nan,nan,nan,nan,nan,0,7,15,nan,nan,nan,nan,nan,nan,nan,False,0.05,1,15.910796719955444,15.910796719955444,0.11250632254761171,4700,111100,160,False,True,nan,nan,nan,nan,nan,nan,0.0,False,1,97,2,0,0
balance,1443759379,7,7,7,20,27,49,2.857142857142857,-0.5,-0.48148148148148145,-0.42122375545849544,symmetric,uniform,homogeneous,none,0,False,35.0,85.94483949570642,5.0,0.0,0.0,5.0,5.0,0.12247448713915891,0.12247448713915891,nan,False,False,False,0.0,7,False,-1,"Capacidad total insuficiente para cargas obligatorias: capacidad=35.000, demanda=85.945.",nan,0,0,7,0.0,1.0,nan,nan,nan,nan,nan,nan,nan,nan,nan,nan,nan,nan,nan,nan,nan,nan,0,49,21,nan,nan,nan,nan,nan,nan,nan,False,0.35,7,110.15857104367545,15.736938720525064,0.15077868987760207,6400,247800,1120,False,True,nan,nan,nan,nan,nan,nan,0.0,False,7,684,2,0,0
balance,2166943102,7,7,7,20,27,49,2.857142857142857,-0.5,-0.48148148148148145,-0.4137238007836325,symmetric,uniform,homogeneous,none,0,False,35.0,84.39764925399305,5.0,0.0,0.0,5.0,5.0,0.12247448713915893,0.12247448713915893,nan,False,False,False,0.0,7,False,-1,"Capacidad total insuficiente para cargas obligatorias: capacidad=35.000, demanda=84.398.",nan,0,0,7,0.0,1.0,nan,nan,nan,nan,nan,nan,nan,nan,nan,nan,nan,nan,nan,nan,nan,nan,0,49,21,nan,nan,nan,nan,nan,nan,nan,False,0.35,7,164.4840011717961,23.49771445311373,0.25157994833029934,8000,365700,1120,False,True,nan,nan,nan,nan,nan,nan,0.0,False,7,690,2,0,0
balance,3962943878,20,20,7,20,40,140,1.0,0.0,0.0,0.10902917284007108,symmetric,uniform,homogeneous,none,0,False,100.0,80.33790715155628,5.0,0.0,0.0,5.0,5.0,0.12247448713915891,0.12247448713915891,0.47347322448833856,True,True,True,1.0,0,True,0,Optimization terminated successfully. (HiGHS Status 7: Optimal),0.0,1,20,0,1.0,0.0,583.6267651105165,29.181338255525826,0.2063432216458073,29.181338255525826,0.36017278610446835,28.59950685709662,50.9361238906643,52.5453428104134,15.242609911034217,0.5223410173160188,0.29774224267911586,0.7856446146332442,0.37155168221015117,0.31304401710613783,19.662092848443713,588.5622883226274,6384,140,34,4299300,5427400,0,61500,820100,181100,30709.285714285714,True,1.0,20,583.6267651105165,29.181338255525826,0.36017278610446835,18000,793000,3200,True,True,1.0,0,238.85,nan,nan,nan,0.0,True,40,2739,2,0,0
balance,3164003947,20,20,7,20,40,140,1.0,0.0,0.0,0.09822767925812285,symmetric,uniform,homogeneous,none,0,False,100.0,82.1116001511676,5.0,0.0,0.0,5.0,5.0,0.12247448713915891,0.12247448713915891,0.44985106939480834,True,True,True,1.0,0,True,0,Optimization terminated successfully. (HiGHS Status 7: Optimal),0.0,1,20,0,1.0,0.0,560.6714781137614,28.03357390568807,0.19822730209606282,28.03357390568807,0.3471208460081548,26.25381472550744,49.09030082071551,53.590052563381974,12.699885489908366,0.4530241321578885,0.2542824701989277,0.8297165544016811,0.37893889571710915,0.278702985412802,17.888399848832403,565.1635780759694,6384,140,34,3888200,4775500,0,46300,619200,167800,27772.85714285714,True,1.0,20,560.6714781137614,28.03357390568807,0.3471208460081548,19200,794200,3200,True,True,1.0,0,202.51041666666666,nan,nan,nan,0.0,True,40,2736,2,0,0
balance,1999125433,60,60,7,20,80,420,0.3333333333333333,0.5,0.5,0.564555432598503,symmetric,uniform,homogeneous,none,0,False,300.0,83.49552051568139,5.0,0.0,0.0,5.0,5.0,0.12247448713915893,0.12247448713915893,0.47869597961218285,True,True,True,1.0,0,True,0,Optimization terminated successfully. (HiGHS Status 7: Optimal),0.0,1,20,40,0.3333333333333333,0.6666666666666666,202.4062987775262,10.120314938876309,0.07156143321022958,10.120314938876309,0.11885473143792485,8.50243688707231,16.80859731517252,23.75924520195741,5.4577903375386825,0.539290562645739,0.30003534182317537,0.774692763827495,0.16800323398178027,0.4192469809246913,16.50447948431861,206.55241864860585,18864,420,74,6836500,8266700,15625000,64000,970200,292800,16277.380952380952,True,1.0,20,202.4062987775262,10.120314938876309,0.11885473143792485,22600,1779500,9600,True,True,1.0,0,302.5,nan,nan,nan,0.0,True,80,6700,2,0,0
balance,1581402331,60,60,7,20,80,420,0.3333333333333333,0.5,0.5,0.5585493025579725,symmetric,uniform,homogeneous,none,0,False,300.0,84.9733845539879,5.0,0.0,0.0,5.0,5.0,0.12247448713915891,0.12247448713915891,0.47505762075587543,True,True,True,1.0,0,True,0,Optimization terminated successfully. (HiGHS Status 7: Optimal),0.0,1,20,40,0.3333333333333333,0.6666666666666666,172.67031753337454,8.633515876668728,0.06104817621874178,8.633515876668728,0.1234728602907381,8.463523680005839,17.46169936081602,19.580904255062187,5.204143888688243,0.6027838441522947,0.34206308092869353,0.7334882465164597,0.13845790180518994,0.44769194662076833,15.026615446012102,176.44697139487758,18864,420,74,7249600,8741900,31250000,65500,999400,319900,17260.95238095238,True,1.0,20,172.67031753337454,8.633515876668728,0.1234728602907381,23900,1811100,9600,True,True,1.0,0,303.3305439330544,nan,nan,nan,0.0,True,80,6694,2,0,0
balance,1625610663,780,780,7,20,800,5460,0.02564102564102564,0.95,0.95,0.9630508869928311,symmetric,uniform,homogeneous,none,0,False,3900.0,73.40693085583024,5.0,0.0,0.0,5.0,5.0,0.12247448713915891,0.12247448713915891,0.4851564494193676,True,True,True,1.0,0,True,0,Optimization terminated successfully. (HiGHS Status 7: Optimal),0.0,1,20,760,0.02564102564102564,0.9743589743589743,42.549588580920854,2.127479429046043,0.015043551311133411,2.127479429046043,0.026849781857448896,2.111884658155372,3.79713256495633,4.574750241210508,0.9698800833458504,0.4558822379686852,0.24870952922375045,0.8279320324652635,0.03234836917794744,0.4535949227175265,26.593069144169753,49.2178558669633,243504,5460,794,246022000,256340700,296875000,488900,7484900,1340200,45058.97435897436,True,1.0,20,42.549588580920854,2.127479429046043,0.026849781857448896,119500,15028300,124800,True,True,1.0,0,2058.7615062761506,nan,nan,nan,0.0,True,800,78804,2,0,0
balance,1921542105,780,780,7,20,800,5460,0.02564102564102564,0.95,0.95,0.9614502147082467,symmetric,uniform,homogeneous,none,0,False,3900.0,76.64949204953467,5.0,0.0,0.0,5.0,5.0,0.12247448713915891,0.12247448713915891,0.46225396056473345,True,True,True,1.0,0,True,0,Optimization terminated successfully. (HiGHS Status 7: Optimal),0.0,1,20,760,0.02564102564102564,0.9743589743589743,61.465540729810925,3.073277036490546,0.021731350329673618,3.073277036490546,0.03238092379506062,3.488933999554013,4.57935415931444,4.863866898787975,1.08184020707668,0.3520151923277509,0.18850497443605474,0.8897472413952783,0.0343927326692176,0.23855445800029057,23.35050795046532,67.32316771742725,243504,5460,794,385947200,396463100,421875000,439100,6925200,2047100,70686.30036630036,True,1.0,20,61.465540729810925,3.073277036490546,0.03238092379506062,135700,19893400,124800,True,True,1.0,0,2844.1208548268237,nan,nan,nan,0.0,True,800,78813,2,0,0
asymmetry,2595176108,30,30,7,20,50,210,0.6666666666666666,0.2,0.2,0.29750217351486763,symmetric,uniform,homogeneous,none,0,False,150.0,81.21348551371996,5.0,0.0,0.0,5.0,5.0,0.12247448713915893,0.12247448713915893,0.5002484160954939,True,True,True,1.0,0,True,0,Optimization terminated successfully. (HiGHS Status 7: Optimal),0.0,1,20,10,0.6666666666666666,0.3333333333333333,278.368011648298,13.9184005824149,0.09841795435096368,13.9184005824149,0.2009596125464049,13.61866057106528,28.41998095523682,29.232613892889724,7.814054788428836,0.5614190180947547,0.31868977946848487,0.7603456542387098,0.20670579515470403,0.4284620515847237,18.78651448628004,283.08464026986803,9504,210,44,4136700,5065600,0,45700,669400,164600,19698.571428571428,True,1.0,20,278.368011648298,13.9184005824149,0.2009596125464049,22800,827700,4800,True,True,1.0,0,181.43421052631578,nan,nan,nan,0.0,True,50,3732,2,0,0
asymmetry,2904527327,30,30,7,20,50,210,0.6666666666666666,0.2,0.2,0.24940041023383797,symmetric,uniform,homogeneous,none,0,False,150.0,90.11517648201504,5.0,0.0,0.0,5.0,5.0,0.12247448713915891,0.12247448713915891,0.48003197545296056,True,True,True,1.0,0,True,0,Optimization terminated successfully. (HiGHS Status 7: Optimal),0.0,1,20,10,0.6666666666666666,0.3333333333333333,299.8033696529924,14.990168482649619,0.10599649785210405,14.990168482649619,0.17959652308141102,14.465908132566245,25.398783869678407,27.650259460137722,6.592619321594918,0.43979621237917027,0.2498312846781332,0.8379274743115169,0.1955168596583087,0.2818792042335704,9.88482351798496,302.29457553248864,9504,210,44,4045500,5283600,15625000,124900,962500,103300,19264.285714285714,True,1.0,20,299.8033696529924,14.990168482649619,0.17959652308141102,16600,700700,4800,True,True,1.0,0,243.70481927710844,nan,nan,nan,0.0,True,50,3729,2,0,0
asymmetry,1683455739,30,30,7,20,50,210,0.6666666666666666,0.2,0.2,0.28297130250481434,symmetric,clustered,homogeneous,none,0,False,150.0,83.83219828400975,5.0,0.0,0.0,5.0,5.0,0.12247448713915891,0.12247448713915891,0.4468143359959105,True,True,True,1.0,0,True,0,Optimization terminated successfully. (HiGHS Status 7: Optimal),0.0,1,20,10,0.6666666666666666,0.3333333333333333,432.1505735215371,21.607528676076857,0.1527883005153673,21.607528676076857,0.2846012514305613,17.10528705692651,40.2486949641455,41.05482122248596,12.30639140526866,0.569541829135411,0.32279965181788284,0.7550714970957241,0.2903014248682121,0.29000233775879125,16.16780171599025,436.21252395053466,9504,210,44,4013400,4710400,0,25200,454100,183800,19111.428571428572,True,1.0,20,432.1505735215371,21.607528676076857,0.2846012514305613,19200,516300,4800,True,True,1.0,0,209.03125,nan,nan,nan,0.0,True,50,3728,2,0,0
asymmetry,3269895362,30,30,7,20,50,210,0.6666666666666666,0.2,0.2,0.29459378376686407,symmetric,clustered,homogeneous,none,0,False,150.0,81.7329217564243,5.0,0.0,0.0,5.0,5.0,0.12247448713915893,0.12247448713915893,0.4679178430222485,True,True,True,1.0,0,True,0,Optimization terminated successfully. (HiGHS Status 7: Optimal),0.0,1,20,10,0.6666666666666666,0.3333333333333333,451.1011069035345,22.555055345176726,0.15948832584612346,22.555055345176726,0.3360231178261201,17.418330933639325,47.52084505005916,50.148351845922825,13.330669246902001,0.5910279998383019,0.31318100374810554,0.7411172850895782,0.35460239655580944,0.4877605612743832,18.267078243575703,455.6878764644284,9504,210,44,2656300,3510800,31250000,43700,652100,96400,12649.047619047618,True,1.0,20,451.1011069035345,22.555055345176726,0.3360231178261201,29900,967800,4800,True,True,1.0,0,88.83946488294315,nan,nan,nan,0.0,True,50,3736,2,0,0
asymmetry,2572157129,30,30,7,20,50,210,0.6666666666666666,0.2,0.2,0.2777238172545436,symmetric,separated,homogeneous,none,0,False,150.0,84.79252397800069,5.0,0.0,0.0,5.0,5.0,0.12247448713915891,0.12247448713915891,0.21364081317049005,True,True,True,1.0,0,True,0,Optimization terminated successfully. (HiGHS Status 7: Optimal),0.0,1,20,10,0.6666666666666666,0.3333333333333333,1319.1979601905693,65.95989800952847,0.4664069116891064,65.95989800952847,0.6083115896558079,66.87984275665656,86.02825002399805,87.08793704573485,12.979714047564453,0.19678189990059447,0.10987839425091583,0.9627204636854374,0.6158047084458625,0.1663812515314148,15.207476021999305,1323.0198291960692,9504,210,44,3768600,4663400,0,57200,542900,156600,17945.714285714286,True,1.0,20,1319.1979601905693,65.95989800952847,0.6083115896558079,19600,445200,4800,True,True,1.0,0,192.27551020408163,nan,nan,nan,0.0,True,50,3740,2,0,0
asymmetry,3870751853,30,30,7,20,50,210,0.6666666666666666,0.2,0.2,0.29610667225924514,symmetric,separated,homogeneous,none,0,False,150.0,81.462430076893,5.0,0.0,0.0,5.0,5.0,0.12247448713915891,0.12247448713915891,0.1877833307079366,True,True,True,1.0,0,True,0,Optimization terminated successfully. (HiGHS Status 7: Optimal),0.0,1,20,10,0.6666666666666666,0.3333333333333333,1146.1259308274705,57.30629654137353,0.40521670889092415,57.30629654137353,0.4750228514045802,58.437786962625836,67.17837588934968,69.217923491175,7.795699662791586,0.13603565634647688,0.0755679602362378,0.9818305387968927,0.4894446308026147,0.061831015813426815,18.537569923107,1150.7803233082473,9504,210,44,3923200,4696600,0,36600,500100,182800,18681.904761904763,True,1.0,20,1146.1259308274705,57.30629654137353,0.4750228514045802,34500,834500,4800,True,True,1.0,0,113.71594202898551,nan,nan,nan,0.0,True,50,3733,2,0,0
asymmetry,1020913754,30,30,7,20,50,210,0.6666666666666666,0.2,0.2,0.3092212766837022,symmetric,ring,homogeneous,none,0,False,150.0,79.14384706602786,5.0,0.0,0.0,5.0,5.0,0.12247448713915891,0.12247448713915891,0.26259818644597166,True,True,True,1.0,0,True,0,Optimization terminated successfully. (HiGHS Status 7: Optimal),0.0,1,20,10,0.6666666666666666,0.3333333333333333,562.8437539373799,28.142187696868994,0.19899531757880692,28.142187696868994,0.2674813856587011,27.769912818581016,37.82758032808834,40.082242722064514,4.957031769161478,0.17614237466382118,0.09691704125472311,0.9699075173128014,0.2834242563393696,0.15484779781108732,20.856152933972137,568.077792170873,9504,210,44,3869300,4708200,0,37600,585200,156900,18425.238095238095,True,1.0,20,562.8437539373799,28.142187696868994,0.2674813856587011,25200,1037500,4800,True,True,1.0,0,153.54365079365078,nan,nan,nan,0.0,True,50,3728,2,0,0
asymmetry,1513431830,30,30,7,20,50,210,0.6666666666666666,0.2,0.2,0.2948574955153727,symmetric,ring,homogeneous,none,0,False,150.0,81.68572683791392,5.0,0.0,0.0,5.0,5.0,0.12247448713915891,0.12247448713915891,0.2915744380669768,True,True,True,1.0,0,True,0,Optimization terminated successfully. (HiGHS Status 7: Optimal),0.0,1,20,10,0.6666666666666666,0.3333333333333333,540.1691581691742,27.008457908458713,0.19097863736462592,27.008457908458713,0.29003301347008703,25.453433368009286,41.01686211853357,43.080737356641976,6.903882381111535,0.25561927321105316,0.14038909391101195,0.9386663990375939,0.3046268152339816,0.23918803623020213,18.31427316208608,544.7677264596957,9504,210,44,3669100,4470200,0,34600,541300,172300,17471.904761904763,True,1.0,20,540.1691581691742,27.008457908458713,0.29003301347008703,19600,842900,4800,True,True,1.0,0,187.19897959183675,nan,nan,nan,0.0,True,50,3729,2,0,0
asymmetry,2720643432,30,30,7,20,50,210,0.6666666666666666,0.2,0.2,0.26820199040905357,symmetric,corridor,homogeneous,none,0,False,150.0,86.55537703677328,5.0,0.0,0.0,5.0,5.0,0.12247448713915891,0.12247448713915891,0.5991345476579161,True,True,True,1.0,0,True,0,Optimization terminated successfully. (HiGHS Status 7: Optimal),0.0,1,20,10,0.6666666666666666,0.3333333333333333,212.7688198356683,10.638440991783416,0.07522513766542993,10.638440991783416,0.11717646675081239,9.933914069866411,16.571254846995892,17.1835042219738,3.8755041808475577,0.36429249208984643,0.20529696457882052,0.8828392663304833,0.12150572359905341,0.3210044788867849,13.44462296322672,216.149975576475,9504,210,44,3960400,4991000,0,39400,764700,168200,18859.04761904762,True,1.0,20,212.7688198356683,10.638440991783416,0.11717646675081239,17500,970900,4800,True,True,1.0,0,226.30857142857144,nan,nan,nan,0.0,True,50,3723,2,0,0
asymmetry,3717772072,30,30,7,20,50,210,0.6666666666666666,0.2,0.2,0.27564922123813496,symmetric,corridor,homogeneous,none,0,False,150.0,85.17436847476174,5.0,0.0,0.0,5.0,5.0,0.12247448713915893,0.12247448713915893,0.6172632901259786,True,True,True,1.0,0,True,0,Optimization terminated successfully. (HiGHS Status 7: Optimal),0.0,1,20,10,0.6666666666666666,0.3333333333333333,177.71389525161584,8.885694762580792,0.06283135022174667,8.885694762580792,0.11061708276853424,7.757778099903371,15.643617868140833,18.693225361985725,4.015042681200304,0.45185467073529784,0.25138154256743483,0.8304457051293352,0.1321810641570846,0.3161538939597332,14.825631525238265,181.4403031329254,9504,210,44,3737300,4566800,0,37000,576600,163100,17796.666666666668,True,1.0,20,177.71389525161584,8.885694762580792,0.11061708276853424,18600,860500,4800,True,True,1.0,0,200.93010752688173,nan,nan,nan,0.0,True,50,3729,2,0,0
asymmetry,4229798115,30,30,7,20,50,210,0.6666666666666666,0.2,0.2,0.2871966347468898,low,uniform,homogeneous,none,0,False,150.0,83.06462423978527,5.0,0.0,0.0,5.0,5.0,0.291547594742265,0.291547594742265,0.4854550421456017,True,True,True,1.0,0,True,0,Optimization terminated successfully. (HiGHS Status 7: Optimal),0.0,1,20,10,0.6666666666666666,0.3333333333333333,329.77292687397,16.4886463436985,0.1165923364221598,16.4886463436985,0.245798371203071,15.190968320797772,34.76113901645994,38.82175530241076,9.758378825092038,0.5918241329022997,0.3279903642937456,0.7406004083271579,0.27451126431899453,0.4258167364611428,16.93537576021473,334.0267708140237,9504,210,44,3601100,4556600,0,43800,744800,109100,17148.095238095237,True,1.0,20,329.77292687397,16.4886463436985,0.245798371203071,21800,1353500,4800,True,True,1.0,0,165.1880733944954,nan,nan,nan,0.0,True,50,3725,2,0,0
asymmetry,1194258407,30,30,7,20,50,210,0.6666666666666666,0.2,0.2,0.2653951483249213,low,uniform,homogeneous,none,0,False,150.0,87.08009343731705,5.0,0.0,0.0,5.0,5.0,0.3464101615137754,0.3464101615137754,0.47662505480939643,True,True,True,1.0,0,True,0,Optimization terminated successfully. (HiGHS Status 7: Optimal),0.0,1,20,10,0.6666666666666666,0.3333333333333333,354.94919111450776,17.74745955572539,0.12549349000687413,17.74745955572539,0.22964264990394054,16.775816566893653,32.47637499934493,37.61936859991704,8.433639011675707,0.4752026049246574,0.2640582090534298,0.8157821104447015,0.26600910640957615,0.24315124874328997,12.919906562682952,358.19916775517845,9504,210,44,2809900,3365900,0,23400,392700,108100,13380.47619047619,True,1.0,20,354.94919111450776,17.74745955572539,0.22964264990394054,14900,469100,4800,True,True,1.0,0,188.58389261744966,nan,nan,nan,0.0,True,50,3720,2,0,0
asymmetry,3091475531,30,30,7,20,50,210,0.6666666666666666,0.2,0.2,0.3191021484009692,low,clustered,homogeneous,none,0,False,150.0,77.42742126806742,5.0,0.0,0.0,5.0,5.0,0.39370039370059057,0.39370039370059057,0.3766937503916009,True,True,True,1.0,0,True,0,Optimization terminated successfully. (HiGHS Status 7: Optimal),0.0,1,20,10,0.6666666666666666,0.3333333333333333,888.8852779701589,44.44426389850794,0.31426840387479427,44.44426389850794,0.4534197036557674,46.701591214292435,64.12322943571759,65.08206308633535,18.506555648274535,0.4163991936177804,0.22676702351041333,0.852232811463257,0.4601996814195841,0.24903427350156135,22.57257873193258,894.548422653142,9504,210,44,3660300,4725900,0,57100,816100,125100,17430.0,True,1.0,20,888.8852779701589,44.44426389850794,0.4534197036557674,41000,1082700,4800,True,True,1.0,0,89.27560975609757,nan,nan,nan,0.0,True,50,3734,2,0,0
asymmetry,1772644410,30,30,7,20,50,210,0.6666666666666666,0.2,0.2,0.2628881498975406,low,clustered,homogeneous,none,0,False,150.0,87.55072848243869,5.0,0.0,0.0,5.0,5.0,0.6324555320336759,0.6324555320336759,0.5316055837200133,True,True,True,1.0,0,True,0,Optimization terminated successfully. (HiGHS Status 7: Optimal),0.0,1,20,10,0.6666666666666666,0.3333333333333333,411.3719882849934,20.568599414249668,0.1454419612532559,20.568599414249668,0.29006548870858095,18.411078964180128,41.02145481080551,44.63761897555892,11.650393950851567,0.5664164932290101,0.31944331018168515,0.7571010530349107,0.3156356307363902,0.5025648549567389,12.449271517561312,414.5043061643837,9504,210,44,2772100,3409600,0,27700,461000,112400,13200.47619047619,True,1.0,20,411.3719882849934,20.568599414249668,0.29006548870858095,22400,536400,4800,True,True,1.0,0,123.75446428571429,nan,nan,nan,0.0,True,50,3724,2,0,0
asymmetry,2945112480,30,30,7,20,50,210,0.6666666666666666,0.2,0.2,0.2835095200798621,low,separated,homogeneous,none,0,False,150.0,83.73414478556693,5.0,0.0,0.0,5.0,5.0,0.5099019513592784,0.5099019513592784,0.24588351234695688,True,True,True,1.0,0,True,0,Optimization terminated successfully. (HiGHS Status 7: Optimal),0.0,1,20,10,0.6666666666666666,0.3333333333333333,1109.0011464285965,55.450057321429824,0.3920911154916579,55.450057321429824,0.5203687346455932,54.878910375046914,73.59125219707242,73.89695153274259,11.933738129713015,0.21521597462985803,0.1226644171206317,0.9557324642546107,0.5225303553781592,0.19747540642749872,16.265855214433067,1113.0876102322047,9504,210,44,3718400,4407400,15625000,26600,439300,183500,17706.666666666668,True,1.0,20,1109.0011464285965,55.450057321429824,0.5203687346455932,18700,504100,4800,True,True,1.0,0,198.84491978609626,nan,nan,nan,0.0,True,50,3739,2,0,0
asymmetry,1887013519,30,30,7,20,50,210,0.6666666666666666,0.2,0.2,0.2712856676686161,low,separated,homogeneous,none,0,False,150.0,85.98157961629792,5.0,0.0,0.0,5.0,5.0,0.43588989435406733,0.43588989435406733,0.1777443442131596,True,True,True,1.0,0,True,0,Optimization terminated successfully. (HiGHS Status 7: Optimal),0.0,1,20,10,0.6666666666666666,0.3333333333333333,1409.0470412844961,70.45235206422481,0.49817335895155423,70.45235206422481,0.6028619194081422,68.97309631580379,85.25755026652705,86.98972769015006,9.912028966508377,0.14069124274903566,0.08021335261876872,0.9805901728331793,0.6151102634327629,0.1094645240944821,14.018420383702074,1412.5716463804217,9504,210,44,4918100,5988700,0,41300,765700,201600,23419.52380952381,True,1.0,20,1409.0470412844961,70.45235206422481,0.6028619194081422,37400,995200,4800,True,True,1.0,0,131.5,nan,nan,nan,0.0,True,50,3738,2,0,0
asymmetry,2906470929,30,30,7,20,50,210,0.6666666666666666,0.2,0.2,0.3199376140364297,low,ring,homogeneous,none,0,False,150.0,77.28346916532385,5.0,0.0,0.0,5.0,5.0,0.3464101615137754,0.3464101615137754,0.2578079631273746,True,True,True,1.0,0,True,0,Optimization terminated successfully. (HiGHS Status 7: Optimal),0.0,1,20,10,0.6666666666666666,0.3333333333333333,524.8841436599367,26.24420718299684,0.18557456865961763,26.24420718299684,0.24394680696884738,25.699413152814834,34.49928829129554,36.60681602432454,5.048055542310067,0.19234932520958808,0.10877732614817992,0.9643217696384461,0.2588492784844825,0.19475218387377738,22.716530834676142,530.5832763686058,9504,210,44,5697800,6714500,0,41200,649100,264400,27132.380952380954,True,1.0,20,524.8841436599367,26.24420718299684,0.24394680696884738,19700,1081900,4800,True,True,1.0,0,289.2284263959391,nan,nan,nan,0.0,True,50,3725,2,0,0
asymmetry,4108196031,30,30,7,20,50,210,0.6666666666666666,0.2,0.2,0.2672816799742087,low,ring,homogeneous,none,0,False,150.0,86.72716550759694,5.0,0.0,0.0,5.0,5.0,0.39370039370059057,0.39370039370059057,0.20432796212555387,True,True,True,1.0,0,True,0,Optimization terminated successfully. (HiGHS Status 7: Optimal),0.0,1,20,10,0.6666666666666666,0.3333333333333333,662.6373046929851,33.131865234649254,0.2342776658077931,33.131865234649254,0.30282683554187456,32.60378158907556,42.826181787384584,42.86675138810291,5.602108644613804,0.16908521765792792,0.09619125711033982,0.972204847326509,0.3031137059396542,0.16737340379375862,13.272834492403064,665.9755133160859,9504,210,44,5688300,6706800,31250000,48500,711900,194200,27087.14285714286,True,1.0,20,662.6373046929851,33.131865234649254,0.30282683554187456,33800,994500,4800,True,True,1.0,0,168.29289940828403,nan,nan,nan,0.0,True,50,3726,2,0,0
asymmetry,1858732257,30,30,7,20,50,210,0.6666666666666666,0.2,0.2,0.2948613329140318,low,corridor,homogeneous,none,0,False,150.0,81.68504022346734,5.0,0.0,0.0,5.0,5.0,0.5099019513592785,0.5099019513592785,0.6485493261704359,True,True,True,1.0,0,True,0,Optimization terminated successfully. (HiGHS Status 7: Optimal),0.0,1,20,10,0.6666666666666666,0.3333333333333333,138.7139016070979,6.935695080354895,0.04904277023561123,6.935695080354895,0.09232446631797642,6.913105425511887,13.056651240574025,15.490472506140222,3.563714802927327,0.5138223006691024,0.2850274772907999,0.7911308806407783,0.10953418152875524,0.20454976360876795,18.314959776532664,143.31264155123108,9504,210,44,4794600,5857400,0,50000,749100,198400,22831.428571428572,True,1.0,20,138.7139016070979,6.935695080354895,0.09232446631797642,20200,1001000,4800,True,True,1.0,0,237.35643564356437,nan,nan,nan,0.0,True,50,3725,2,0,0
asymmetry,2687533526,30,30,7,20,50,210,0.6666666666666666,0.2,0.2,0.2907715822305026,low,corridor,homogeneous,none,0,False,150.0,82.41912366988166,5.0,0.0,0.0,5.0,5.0,0.43588989435406733,0.43588989435406733,0.6027731701405319,True,True,True,1.0,0,True,0,Optimization terminated successfully. (HiGHS Status 7: Optimal),0.0,1,20,10,0.6666666666666666,0.3333333333333333,246.31331799515996,12.315665899757999,0.08708490872546804,12.315665899757999,0.15837880591538403,13.144313250931997,22.398145531799226,22.498757874504943,6.720132837836202,0.5456572866245301,0.31159929711422163,0.7705692631876835,0.1590902426133668,0.6063269429440017,17.58087633011835,250.72853707768957,9504,210,44,4782300,5789700,31250000,50500,694000,196200,22772.85714285714,True,1.0,20,246.31331799515996,12.315665899757999,0.15837880591538403,26400,1027800,4800,True,True,1.0,0,181.14772727272728,nan,nan,nan,0.0,True,50,3725,2,0,0
asymmetry,1695804793,30,30,7,20,50,210,0.6666666666666666,0.2,0.2,0.26588370849531767,moderate,uniform,homogeneous,none,0,False,150.0,86.98859380739843,5.0,0.0,0.0,5.0,5.0,0.5431390245600107,0.5431390245600107,0.45232418786936546,True,True,True,1.0,0,True,0,Optimization terminated successfully. (HiGHS Status 7: Optimal),0.0,1,20,10,0.6666666666666666,0.3333333333333333,343.2795679360108,17.163978396800537,0.12136765516517066,17.163978396800537,0.20959698031776797,17.66162556190031,29.641489219783413,37.480155469493575,9.12651913530814,0.5317251586036356,0.30156596445374384,0.7795862871628924,0.2650247209240497,0.45266737682762387,13.011406192601562,346.55241948416113,9504,210,44,4830700,5868200,0,52300,711500,206600,23003.333333333332,True,1.0,20,343.2795679360108,17.163978396800537,0.20959698031776797,25100,1025500,4800,True,True,1.0,0,192.4581673306773,nan,nan,nan,0.0,True,50,3727,2,0,0
asymmetry,106865192,30,30,7,20,50,210,0.6666666666666666,0.2,0.2,0.29348109770530667,moderate,uniform,homogeneous,none,0,False,150.0,81.93226443912742,5.0,0.0,0.0,5.0,5.0,0.43588989435406733,0.43588989435406733,0.4767954893924597,True,True,True,1.0,0,True,0,Optimization terminated successfully. (HiGHS Status 7: Optimal),0.0,1,20,10,0.6666666666666666,0.3333333333333333,317.3385655948391,15.866928279741956,0.11219612583206137,15.866928279741956,0.19627462747201394,14.802114965250862,27.7574240120649,27.936215068978456,7.139956579640264,0.44998984389159813,0.25440970148614883,0.8316071527795218,0.1975388711596048,0.2556807523002366,18.067735560872574,321.8754994850572,9504,210,44,4665300,5707800,0,46200,695700,234600,22215.714285714286,True,1.0,20,317.3385655948391,15.866928279741956,0.19627462747201394,20700,1011900,4800,True,True,1.0,0,225.3768115942029,nan,nan,nan,0.0,True,50,3726,2,0,0
asymmetry,55850113,30,30,7,20,50,210,0.6666666666666666,0.2,0.2,0.2856828533544827,moderate,clustered,homogeneous,none,0,False,150.0,83.33903786401774,5.0,0.0,0.0,5.0,5.0,0.5431390245600107,0.5431390245600107,0.4507672626824783,True,True,True,1.0,0,True,0,Optimization terminated successfully. (HiGHS Status 7: Optimal),0.0,1,20,10,0.6666666666666666,0.3333333333333333,467.8517720782561,23.392588603912806,0.16541058031333897,23.392588603912806,0.33488795283836004,19.41862084456722,47.36030847793702,56.03776548348947,15.004194053124595,0.6414080248739504,0.3582532345322229,0.7085142310588042,0.3962468397591685,0.46213070877297846,16.660962135982253,472.03701261225166,9504,210,44,5048200,6117500,15625000,51200,736000,215800,24039.04761904762,True,1.0,20,467.8517720782561,23.392588603912806,0.33488795283836004,34100,1077800,4800,True,True,1.0,0,148.04105571847506,nan,nan,nan,0.0,True,50,3720,2,0,0
asymmetry,1690440669,30,30,7,20,50,210,0.6666666666666666,0.2,0.2,0.28633404156701875,moderate,clustered,homogeneous,none,0,False,150.0,83.2209133131068,5.0,0.0,0.0,5.0,5.0,0.5099019513592785,0.5099019513592785,0.3991203585075679,True,True,True,1.0,0,True,0,Optimization terminated successfully. (HiGHS Status 7: Optimal),0.0,1,20,10,0.6666666666666666,0.3333333333333333,591.2338664754618,29.561693323773092,0.20903273812597042,29.561693323773092,0.3635615364021896,29.16341040481438,51.41536555371762,55.848112344865655,14.449060774976916,0.4887764924939934,0.28053635775677943,0.8071660462365828,0.3949057895552264,0.4752216670395154,16.779086686893198,595.4486381471851,9504,210,44,5435400,6448100,0,53900,751100,117500,25882.85714285714,True,1.0,20,591.2338664754618,29.561693323773092,0.3635615364021896,31200,1026000,4800,True,True,1.0,0,174.21153846153845,nan,nan,nan,0.0,True,50,3728,2,0,0
asymmetry,408807630,30,30,7,20,50,210,0.6666666666666666,0.2,0.2,0.3053784024223748,moderate,separated,homogeneous,none,0,False,150.0,79.81841850860536,5.0,0.0,0.0,5.0,5.0,0.8031189202104504,0.8031189202104504,0.23237414272854254,True,True,True,1.0,0,True,0,Optimization terminated successfully. (HiGHS Status 7: Optimal),0.0,1,20,10,0.6666666666666666,0.3333333333333333,1221.821589561953,61.091079478097654,0.4319791656896918,61.091079478097654,0.5440077499792233,59.992105418459055,76.93431380566894,88.94133953607707,11.811719658556184,0.1933460622968844,0.10782871272400274,0.963964407915505,0.6289102431377527,0.21297637590667987,20.181581491394635,1226.8869849348016,9504,210,44,2565300,3213700,15625000,25700,484400,103400,12215.714285714286,True,1.0,20,1221.821589561953,61.091079478097654,0.5440077499792233,20000,481600,4800,True,True,1.0,0,128.265,nan,nan,nan,0.0,True,50,3741,2,0,0
asymmetry,1439610795,30,30,7,20,50,210,0.6666666666666666,0.2,0.2,0.2865982420868152,moderate,separated,homogeneous,none,0,False,150.0,83.17302183890054,5.0,0.0,0.0,5.0,5.0,0.5099019513592784,0.5099019513592784,0.217318846360705,True,True,True,1.0,0,True,0,Optimization terminated successfully. (HiGHS Status 7: Optimal),0.0,1,20,10,0.6666666666666666,0.3333333333333333,1225.5326199797707,61.27663099898854,0.43329121307650603,61.27663099898854,0.5298089675035692,60.45818334564207,74.92630273104339,81.86683696404847,9.286653869540848,0.15155294470569275,0.08551157878443827,0.9775474028275069,0.5788859557157219,0.1276558716984702,16.826978161099458,1229.7593645200457,9504,210,44,2639500,3240500,0,25600,439100,102600,12569.047619047618,True,1.0,20,1225.5326199797707,61.27663099898854,0.5298089675035692,21600,481200,4800,True,True,1.0,0,122.19907407407408,nan,nan,nan,0.0,True,50,3746,2,0,0
asymmetry,2417484288,30,30,7,20,50,210,0.6666666666666666,0.2,0.2,0.30081103889559496,moderate,ring,homogeneous,none,0,False,150.0,80.62534913195678,5.0,0.0,0.0,5.0,5.0,0.5431390245600107,0.5431390245600107,0.23520098726752553,True,True,True,1.0,0,True,0,Optimization terminated successfully. (HiGHS Status 7: Optimal),0.0,1,20,10,0.6666666666666666,0.3333333333333333,588.8522602811216,29.442613014056082,0.20819071318090349,29.442613014056082,0.268301989419772,31.317675475846087,37.94363122491242,37.99030976036247,6.36188474762234,0.2160774502108606,0.11920243057348001,0.9553932029760203,0.26863205650929783,0.19141805917890511,19.37465086804322,593.7159229981324,9504,210,44,3999900,4817800,0,24300,592300,167600,19047.14285714286,True,1.0,20,588.8522602811216,29.442613014056082,0.268301989419772,16300,451400,4800,True,True,1.0,0,245.3926380368098,nan,nan,nan,0.0,True,50,3724,2,0,0
asymmetry,406057868,30,30,7,20,50,210,0.6666666666666666,0.2,0.2,0.28161778373938295,moderate,ring,homogeneous,none,0,False,150.0,84.0791488743925,5.0,0.0,0.0,5.0,5.0,0.7348469228349533,0.7348469228349533,0.18789643266846714,True,True,True,1.0,0,True,0,Optimization terminated successfully. (HiGHS Status 7: Optimal),0.0,1,20,10,0.6666666666666666,0.3333333333333333,619.5535551701486,30.97767775850743,0.2190452600845229,30.97767775850743,0.26143642599699213,31.775617358129033,36.97269393432963,37.61815473624425,3.9359880521179997,0.12705884807769544,0.0724984674358582,0.9841125355704454,0.2660005230972315,0.1306749362057866,15.9208511256075,623.5537679515504,9504,210,44,3955100,4856400,31250000,45400,646700,156400,18833.809523809523,True,1.0,20,619.5535551701486,30.97767775850743,0.26143642599699213,24800,838200,4800,True,True,1.0,0,159.4798387096774,nan,nan,nan,0.0,True,50,3729,2,0,0
asymmetry,1300084857,30,30,7,20,50,210,0.6666666666666666,0.2,0.2,0.26790756134637483,moderate,corridor,homogeneous,none,0,False,150.0,86.61030909969007,5.0,0.0,0.0,5.0,5.0,0.47434164902525683,0.47434164902525683,0.6483468367287815,True,True,True,1.0,0,True,0,Optimization terminated successfully. (HiGHS Status 7: Optimal),0.0,1,20,10,0.6666666666666666,0.3333333333333333,124.86145904316817,6.243072952158409,0.04414519219913529,6.243072952158409,0.08186443433150771,6.382077512404574,11.577379330761982,12.842881809646917,2.902262565612149,0.4648772468065993,0.2587960545368484,0.8222934580500594,0.09081288817578693,0.3111013656234144,13.389690900309935,128.22888176824566,9504,210,44,2828900,3435500,0,27200,431800,112500,13470.952380952382,True,1.0,20,124.86145904316817,6.243072952158409,0.08186443433150771,14400,562500,4800,True,True,1.0,0,196.45138888888889,nan,nan,nan,0.0,True,50,3732,2,0,0
asymmetry,919007392,30,30,7,20,50,210,0.6666666666666666,0.2,0.2,0.28510220968326455,moderate,corridor,homogeneous,none,0,False,150.0,83.44446670427882,5.0,0.0,0.0,5.0,5.0,0.43588989435406733,0.43588989435406733,0.6574423078372945,True,True,True,1.0,0,True,0,Optimization terminated successfully. (HiGHS Status 7: Optimal),0.0,1,20,10,0.6666666666666666,0.3333333333333333,150.7592411036278,7.53796205518139,0.053301440855456454,7.53796205518139,0.08224232505254296,7.275401798423903,11.630821149040283,19.554360588280538,3.8245327628107515,0.5073695960278642,0.26339972746475726,0.7952767515029378,0.13827020973740134,0.48564308297860603,16.55553329572117,154.9181244275581,9504,210,44,4654000,5612900,31250000,31600,690900,197400,22161.904761904763,True,1.0,20,150.7592411036278,7.53796205518139,0.08224232505254296,16800,548400,4800,True,True,1.0,0,277.0238095238095,nan,nan,nan,0.0,True,50,3723,2,0,0
asymmetry,1154706625,30,30,7,20,50,210,0.6666666666666666,0.2,0.2,0.313349324254632,high,uniform,homogeneous,none,0,False,150.0,78.4236146923513,5.0,0.0,0.0,5.0,5.0,0.758287544405155,0.758287544405155,0.4791099846015907,True,True,True,1.0,0,True,0,Optimization terminated successfully. (HiGHS Status 7: Optimal),0.0,1,20,10,0.6666666666666666,0.3333333333333333,385.68076594742195,19.284038297371097,0.13635874248732185,19.284038297371097,0.32081413695426186,13.461987646043319,45.369970348173666,45.853723975948,14.08242921920358,0.7302634957494026,0.38850208692522603,0.6521945678083236,0.3242347916604901,0.606133956143002,21.57638530764871,391.0948622743341,9504,210,44,2984000,3656200,0,27800,428400,182000,14209.52380952381,True,1.0,20,385.68076594742195,19.284038297371097,0.32081413695426186,15300,537100,4800,True,True,1.0,0,195.03267973856208,nan,nan,nan,0.0,True,50,3725,2,0,0
asymmetry,3888313361,30,30,7,20,50,210,0.6666666666666666,0.2,0.2,0.3081086227360547,high,uniform,homogeneous,none,0,False,150.0,79.33875275014748,5.0,0.0,0.0,5.0,5.0,1.1895377253370318,1.1895377253370318,0.44966970237304754,True,True,True,1.0,0,True,0,Optimization terminated successfully. (HiGHS Status 7: Optimal),0.0,1,20,10,0.6666666666666666,0.3333333333333333,565.3066882722001,28.265334413610002,0.19986609636369118,28.265334413610002,0.3536252044211721,27.45997499186278,50.01015600893798,53.277620388191835,14.369459326433415,0.5083774745475643,0.2910364289996856,0.794629792295057,0.37672966661973106,0.39277253188961436,20.66124724985253,570.4920000846632,9504,210,44,4496900,5428300,15625000,43000,641400,184200,21413.809523809523,True,1.0,20,565.3066882722001,28.265334413610002,0.3536252044211721,27600,984300,4800,True,True,1.0,0,162.93115942028984,nan,nan,nan,0.0,True,50,3736,2,0,0
asymmetry,29829887,30,30,7,20,50,210,0.6666666666666666,0.2,0.2,0.3041404108225172,high,clustered,homogeneous,none,0,False,150.0,80.03658004186141,5.0,0.0,0.0,5.0,5.0,0.8660254037844386,0.8660254037844386,0.4964032624301322,True,True,True,1.0,0,True,0,Optimization terminated successfully. (HiGHS Status 7: Optimal),0.0,1,20,10,0.6666666666666666,0.3333333333333333,448.5688974196881,22.428444870984404,0.15859305459741713,22.428444870984404,0.2571788083871894,21.959414492596437,36.37057587761147,44.0284833360058,8.866069267229221,0.3953046819888623,0.21912976412705243,0.8648530530460756,0.3113283913224861,0.3079924118562179,19.96341995813858,453.5797524092227,9504,210,44,4661500,5580800,0,41300,621000,196600,22197.619047619046,True,1.0,20,448.5688974196881,22.428444870984404,0.2571788083871894,35100,977000,4800,True,True,1.0,0,132.8062678062678,nan,nan,nan,0.0,True,50,3725,2,0,0
asymmetry,2657124693,30,30,7,20,50,210,0.6666666666666666,0.2,0.2,0.29996380661373223,high,clustered,homogeneous,none,0,False,150.0,80.7756558095784,5.0,0.0,0.0,5.0,5.0,0.43588989435406733,0.43588989435406733,0.5471097656629909,True,True,True,1.0,0,True,0,Optimization terminated successfully. (HiGHS Status 7: Optimal),0.0,1,20,10,0.6666666666666666,0.3333333333333333,367.9097938733462,18.395489693667308,0.130075755056394,18.395489693667308,0.2135968545140297,21.74594376639758,30.207156853397368,31.12977116131,8.747504706255842,0.475524427559392,0.26392555208881463,0.8155785410916909,0.22012072284947726,0.481020174422008,19.22434419042161,372.73587992095156,9504,210,44,4801000,5812600,31250000,43300,699800,200900,22861.904761904763,True,1.0,20,367.9097938733462,18.395489693667308,0.2135968545140297,30300,992900,4800,True,True,1.0,0,158.44884488448844,nan,nan,nan,0.0,True,50,3730,2,0,0
asymmetry,2571103081,30,30,7,20,50,210,0.6666666666666666,0.2,0.2,0.2799827041382445,high,separated,homogeneous,none,0,False,150.0,84.37816700966805,5.0,0.0,0.0,5.0,5.0,0.6595452979136459,0.6595452979136459,0.20953308030064788,True,True,True,1.0,0,True,0,Optimization terminated successfully. (HiGHS Status 7: Optimal),0.0,1,20,10,0.6666666666666666,0.3333333333333333,1387.3864190506483,69.36932095253242,0.49051517251841725,69.36932095253242,0.6102636397170301,67.76925543845417,86.30431159109922,88.49805787822207,10.34681441324073,0.14915548071056917,0.08420801523992871,0.9782368159091951,0.6257757684753039,0.10478907498454273,15.62183299033195,1391.3118772982314,9504,210,44,5087100,6124600,0,45000,684400,243000,24224.285714285714,True,1.0,20,1387.3864190506483,69.36932095253242,0.6102636397170301,35500,1018400,4800,True,True,1.0,0,143.29859154929576,nan,nan,nan,0.0,True,50,3743,2,0,0
asymmetry,363468456,30,30,7,20,50,210,0.6666666666666666,0.2,0.2,0.2810499205050191,high,separated,homogeneous,none,0,False,150.0,84.18291137454905,5.0,0.0,0.0,5.0,5.0,0.8031189202104504,0.8031189202104504,0.20712241038394824,True,True,True,1.0,0,True,0,Optimization terminated successfully. (HiGHS Status 7: Optimal),0.0,1,20,10,0.6666666666666666,0.3333333333333333,1325.5826859723188,66.27913429861594,0.4686642531372522,66.27913429861594,0.6501475233166357,61.9698346408096,91.94474450176644,92.10908131089745,14.42047347601672,0.2175718441198447,0.12322626842091444,0.9548020508944468,0.6513095600379868,0.18364250885625472,15.817088625450953,1329.5569581286816,9504,210,44,2733400,3455900,0,56300,500300,99700,13016.190476190477,True,1.0,20,1325.5826859723188,66.27913429861594,0.6501475233166357,49700,1014900,4800,True,True,1.0,0,54.99798792756539,nan,nan,nan,0.0,True,50,3731,2,0,0
asymmetry,378183968,30,30,7,20,50,210,0.6666666666666666,0.2,0.2,0.3032393717599712,high,ring,homogeneous,none,0,False,150.0,80.1956236902683,5.0,0.0,0.0,5.0,5.0,1.065363787633126,1.065363787633126,0.19648750439234372,True,True,True,1.0,0,True,0,Optimization terminated successfully. (HiGHS Status 7: Optimal),0.0,1,20,10,0.6666666666666666,0.3333333333333333,653.8756482549242,32.69378241274621,0.2311799524669033,32.69378241274621,0.28155905888797844,33.432541418582986,39.81846396883841,40.46514002090484,5.594480693834167,0.17111757285241694,0.09319265382286179,0.9715517750993875,0.28613174910444966,0.19569181002318953,19.80437630973169,658.846742332357,9504,210,44,2330700,2826900,0,22900,357900,86900,11098.57142857143,True,1.0,20,653.8756482549242,32.69378241274621,0.28155905888797844,16500,420000,4800,True,True,1.0,0,141.25454545454545,nan,nan,nan,0.0,True,50,3724,2,0,0
asymmetry,4005582669,30,30,7,20,50,210,0.6666666666666666,0.2,0.2,0.25531211015604155,high,ring,homogeneous,none,0,False,150.0,88.98439087209037,5.0,0.0,0.0,5.0,5.0,0.9246621004453464,0.9246621004453464,0.22279501384327588,True,True,True,1.0,0,True,0,Optimization terminated successfully. (HiGHS Status 7: Optimal),0.0,1,20,10,0.6666666666666666,0.3333333333333333,566.3859934718394,28.319299673591967,0.2002476883765086,28.319299673591967,0.24251841092166773,30.47647545215183,34.297282585059385,34.84461905130244,5.13794029186347,0.18142893189744558,0.10046132771812011,0.9681325076235576,0.24638866419037916,0.17127478334319476,11.015609127909627,569.1598957538167,9504,210,44,3212600,3836100,15625000,23800,359700,207100,15298.095238095239,True,1.0,20,566.3859934718394,28.319299673591967,0.24251841092166773,12600,413800,4800,True,True,1.0,0,254.96825396825398,nan,nan,nan,0.0,True,50,3734,2,0,0
asymmetry,513131227,30,30,7,20,50,210,0.6666666666666666,0.2,0.2,0.3217724881833298,high,corridor,homogeneous,none,0,False,150.0,76.96795604539017,5.0,0.0,0.0,5.0,5.0,1.4543039572248986,1.4543039572248986,0.600346754896961,True,True,True,1.0,0,True,0,Optimization terminated successfully. (HiGHS Status 7: Optimal),0.0,1,20,10,0.6666666666666666,0.3333333333333333,588.7455124761126,29.43727562380563,0.20815297213250417,29.43727562380563,0.3837873867193947,31.732727753058715,54.275732736629585,54.70539533558201,16.783725786135175,0.5701521431746335,0.3266084947386576,0.7546751371771226,0.38682556009280966,0.5994714309527513,23.03204395460984,594.523523464765,9504,210,44,5028000,6094800,0,49300,756600,196200,23942.85714285714,True,1.0,20,588.7455124761126,29.43727562380563,0.3837873867193947,36900,1024100,4800,True,True,1.0,0,136.260162601626,nan,nan,nan,0.0,True,50,3737,2,0,0
asymmetry,2994113731,30,30,7,20,50,210,0.6666666666666666,0.2,0.2,0.27285746328288346,high,corridor,homogeneous,none,0,False,150.0,85.69017635820481,5.0,0.0,0.0,5.0,5.0,0.8860022573334674,0.8860022573334674,0.6652958059384372,True,True,True,1.0,0,True,0,Optimization terminated successfully. (HiGHS Status 7: Optimal),0.0,1,20,10,0.6666666666666666,0.3333333333333333,265.41033968935994,13.270516984467998,0.09383672549568574,13.270516984467998,0.23219119076226105,8.129851154082896,32.83679310395481,33.87260851934074,10.600375390739448,0.7987914414446912,0.4241480762835934,0.6104753540673329,0.23951551180503056,0.6693511026770882,14.309823641795195,269.00779559980873,9504,210,44,4765900,5762000,15625000,47400,672100,211200,22694.761904761905,True,1.0,20,265.41033968935994,13.270516984467998,0.23219119076226105,28600,998800,4800,True,True,1.0,0,166.63986013986013,nan,nan,nan,0.0,True,50,3728,2,0,0
asymmetry,2586469804,30,30,7,20,50,210,0.6666666666666666,0.2,0.2,0.27374803710760365,extreme,uniform,homogeneous,none,0,False,150.0,85.52538748654936,5.0,0.0,0.0,5.0,5.0,0.8455767262643881,0.8455767262643881,0.48952820380709006,True,True,True,1.0,0,True,0,Optimization terminated successfully. (HiGHS Status 7: Optimal),0.0,1,20,10,0.6666666666666666,0.3333333333333333,303.1657397936517,15.158286989682585,0.10718527521576374,15.158286989682585,0.1815786354301823,15.084009795772594,25.67909688625636,25.897776333190833,6.481898634729739,0.4276141914413951,0.24108558192412421,0.8454129481005195,0.1831249326285172,0.4535434817679576,14.47461251345063,306.80439292201436,9504,210,44,4563600,5554400,0,41600,703400,183100,21731.428571428572,True,1.0,20,303.1657397936517,15.158286989682585,0.1815786354301823,22800,971200,4800,True,True,1.0,0,200.1578947368421,nan,nan,nan,0.0,True,50,3721,2,0,0
asymmetry,2353968141,30,30,7,20,50,210,0.6666666666666666,0.2,0.2,0.32539217531767806,extreme,uniform,homogeneous,none,0,False,150.0,76.34809951861544,5.0,0.0,0.0,5.0,5.0,0.47434164902525683,0.47434164902525683,0.4846659741305281,True,True,True,1.0,0,True,0,Optimization terminated successfully. (HiGHS Status 7: Optimal),0.0,1,20,10,0.6666666666666666,0.3333333333333333,373.1605530690237,18.658027653451185,0.1319321787732146,18.658027653451185,0.2193553546660024,17.324574931412826,31.021531754782096,32.716852823061885,7.390956286688604,0.3961274162503181,0.22065729274958867,0.8643662947191746,0.23134308490269298,0.3377181107036529,23.651900481384565,379.0935281893698,9504,210,44,4866800,5792500,15625000,43300,650700,166600,23175.238095238095,True,1.0,20,373.1605530690237,18.658027653451185,0.2193553546660024,40800,980800,4800,True,True,1.0,0,119.2843137254902,nan,nan,nan,0.0,True,50,3724,2,0,0
asymmetry,3560747074,30,30,7,20,50,210,0.6666666666666666,0.2,0.2,0.2847531779521831,extreme,clustered,homogeneous,none,0,False,150.0,83.50788707771979,5.0,0.0,0.0,5.0,5.0,1.4543039572248986,1.4543039572248986,0.4260353310651344,True,True,True,1.0,0,True,0,Optimization terminated successfully. (HiGHS Status 7: Optimal),0.0,1,20,10,0.6666666666666666,0.3333333333333333,514.5169580889257,25.725847904446283,0.18190921505007698,25.725847904446283,0.2675161829375195,28.30855934071409,37.8325014064522,39.89560690446884,11.205797807953799,0.4355851690321571,0.23866544145209612,0.8405237058081826,0.28210454181702765,0.5970509482400878,16.49211292228021,518.6599863194957,9504,210,44,3686600,4496400,0,38800,588400,136500,17555.238095238095,True,1.0,20,514.5169580889257,25.725847904446283,0.2675161829375195,23200,726300,4800,True,True,1.0,0,158.9051724137931,nan,nan,nan,0.0,True,50,3721,2,0,0
asymmetry,340767564,30,30,7,20,50,210,0.6666666666666666,0.2,0.2,0.283403145795812,extreme,clustered,homogeneous,none,0,False,150.0,83.7535177334914,5.0,0.0,0.0,5.0,5.0,1.4543039572248986,1.4543039572248986,0.4544289840150296,True,True,True,1.0,0,True,0,Optimization terminated successfully. (HiGHS Status 7: Optimal),0.0,1,20,10,0.6666666666666666,0.3333333333333333,581.1591161239149,29.057955806195746,0.20547077597980024,29.057955806195746,0.3578185799972999,25.57900618042173,50.60318887012638,52.520428693643474,15.644082049339843,0.5383751752421693,0.30684186564642446,0.7752852524700463,0.3713755128009983,0.7169627796642851,16.24648226650859,585.2407366905421,9504,210,44,4297400,5127200,31250000,40400,531800,211300,20463.809523809523,True,1.0,20,581.1591161239149,29.057955806195746,0.3578185799972999,24300,762000,4800,True,True,1.0,0,176.84773662551441,nan,nan,nan,0.0,True,50,3725,2,0,0
asymmetry,4008234709,30,30,7,20,50,210,0.6666666666666666,0.2,0.2,0.31056638222494337,extreme,separated,homogeneous,none,0,False,150.0,78.90866427589206,5.0,0.0,0.0,5.0,5.0,1.0653637876331257,1.0653637876331257,0.24897028110989522,True,True,True,1.0,0,True,0,Optimization terminated successfully. (HiGHS Status 7: Optimal),0.0,1,20,10,0.6666666666666666,0.3333333333333333,1217.0295857149222,60.85147928574611,0.430284936481838,60.85147928574611,0.5340205505942377,62.56730624646886,75.52191052363186,82.29415617165729,11.80487403882217,0.19399485727189794,0.10904707986007534,0.9637309451315519,0.5819075588100364,0.2045695537439785,21.09133572410793,1222.3224196459491,9504,210,44,4222200,5093400,0,36200,600300,178200,20105.714285714286,True,1.0,20,1217.0295857149222,60.85147928574611,0.5340205505942377,30700,895200,4800,True,True,1.0,0,137.53094462540716,nan,nan,nan,0.0,True,50,3739,2,0,0
asymmetry,1227111568,30,30,7,20,50,210,0.6666666666666666,0.2,0.2,0.2745170047321816,extreme,separated,homogeneous,none,0,False,150.0,85.38328550040804,5.0,0.0,0.0,5.0,5.0,1.4543039572248986,1.4543039572248986,0.19184883366364316,True,True,True,1.0,0,True,0,Optimization terminated successfully. (HiGHS Status 7: Optimal),0.0,1,20,10,0.6666666666666666,0.3333333333333333,1320.575264806912,66.0287632403456,0.46689386240609404,66.0287632403456,0.5793491172947436,67.12409599697008,81.93233790271074,82.13710059656874,10.540058323227868,0.15962828631004206,0.09006690210630275,0.975151967638244,0.5807970081883538,0.16839730226547245,14.61671449959196,1324.2494434318098,9504,210,44,5467300,6398900,31250000,39800,612800,218400,26034.761904761905,True,1.0,20,1320.575264806912,66.0287632403456,0.5793491172947436,42700,932700,4800,True,True,1.0,0,128.03981264637002,nan,nan,nan,0.0,True,50,3741,2,0,0
asymmetry,1796263267,30,30,7,20,50,210,0.6666666666666666,0.2,0.2,0.32653394960292037,extreme,ring,homogeneous,none,0,False,150.0,76.15327718510397,5.0,0.0,0.0,5.0,5.0,0.9617692030835672,0.9617692030835672,0.21279950035006115,True,True,True,1.0,0,True,0,Optimization terminated successfully. (HiGHS Status 7: Optimal),0.0,1,20,10,0.6666666666666666,0.3333333333333333,663.1703368137015,33.158516840685074,0.2344661211213675,33.158516840685074,0.2873845845749981,34.22041280961207,40.64231771229201,41.16030434279443,6.185568530787292,0.18654539225945352,0.10493163930021465,0.9663710757291137,0.29104730316492045,0.18710550610782872,23.84672281489603,669.1520175174255,9504,210,44,4441500,5405100,15625000,46200,671300,181900,21150.0,True,1.0,20,663.1703368137015,33.158516840685074,0.2873845845749981,26300,985400,4800,True,True,1.0,0,168.87832699619773,nan,nan,nan,0.0,True,50,3727,2,0,0
asymmetry,1096627390,30,30,7,20,50,210,0.6666666666666666,0.2,0.2,0.2681526289570546,extreme,ring,homogeneous,none,0,False,150.0,86.56458469571123,5.0,0.0,0.0,5.0,5.0,1.5921683328090657,1.5921683328090657,0.28503091811934644,True,True,True,1.0,0,True,0,Optimization terminated successfully. (HiGHS Status 7: Optimal),0.0,1,20,10,0.6666666666666666,0.3333333333333333,709.1326620943901,35.4566331047195,0.2507162570639059,35.4566331047195,0.37370795820609437,35.15857962866528,52.85028628618165,54.817094701070324,12.573136967995541,0.3546060600526105,0.2008094128900857,0.8883002752070911,0.38761539388071986,0.3353851975990196,13.435415304288767,712.5115159204622,9504,210,44,5053400,6034100,0,41300,670400,205200,24063.809523809523,True,1.0,20,709.1326620943901,35.4566331047195,0.37370795820609437,32900,990300,4800,True,True,1.0,0,153.5987841945289,nan,nan,nan,0.0,True,50,3712,2,0,0
asymmetry,1869646629,30,30,7,20,50,210,0.6666666666666666,0.2,0.2,0.2851338088890789,extreme,corridor,homogeneous,none,0,False,150.0,83.43872671074773,5.0,0.0,0.0,5.0,5.0,1.4543039572248986,1.4543039572248986,0.6552438724540156,True,True,True,1.0,0,True,0,Optimization terminated successfully. (HiGHS Status 7: Optimal),0.0,1,20,10,0.6666666666666666,0.3333333333333333,291.6547651037081,14.582738255185404,0.10311553108510081,14.582738255185404,0.24898721762863688,9.945382473380256,35.21211000279597,36.31143573302142,12.718524459286881,0.8721629804172315,0.4708125020998333,0.567966163878661,0.25676062441438957,0.8298595968036037,16.561273289252263,295.81508342602115,9504,210,44,4482700,5472200,31250000,46700,692400,185400,21346.190476190477,True,1.0,20,291.6547651037081,14.582738255185404,0.24898721762863688,26300,980700,4800,True,True,1.0,0,170.4448669201521,nan,nan,nan,0.0,True,50,3731,2,0,0
asymmetry,3308867280,30,30,7,20,50,210,0.6666666666666666,0.2,0.2,0.32608550050184254,extreme,corridor,homogeneous,none,0,False,150.0,76.22975659297103,5.0,0.0,0.0,5.0,5.0,1.5921683328090657,1.5921683328090657,0.639907167228892,True,True,True,1.0,0,True,0,Optimization terminated successfully. (HiGHS Status 7: Optimal),0.0,1,20,10,0.6666666666666666,0.3333333333333333,477.87382547646934,23.893691273823467,0.1689539112729841,23.893691273823467,0.3825596520226938,16.70216277203949,54.102104830722546,58.13674413586154,19.33990558914817,0.8094147265699311,0.44516916435910314,0.6041740452924829,0.41108886014574947,0.7569790621900357,23.770243407028975,483.8363863282266,9504,210,44,4761600,5704000,0,42600,649900,183500,22674.285714285714,True,1.0,20,477.87382547646934,23.893691273823467,0.3825596520226938,36400,992500,4800,True,True,1.0,0,130.8131868131868,nan,nan,nan,0.0,True,50,3722,2,0,0
failures,632208692,20,20,7,20,40,140,1.0,0.0,0.0,0.09456288059506829,moderate,uniform,homogeneous,no_failure,0,False,100.0,82.72134342000372,5.0,0.0,0.0,5.0,5.0,0.22360679774997894,0.22360679774997894,0.4584964039638897,True,True,True,1.0,0,True,0,Optimization terminated successfully. (HiGHS Status 7: Optimal),0.0,1,20,0,1.0,0.0,422.58965701135514,21.129482850567758,0.14940800606601323,21.129482850567758,0.3047270026655837,18.604689661335165,43.09490599909708,45.63887627997547,12.286176036867529,0.5814707403753328,0.32983839207236687,0.7473237094161492,0.32271558903304526,0.24474752539742112,17.278656579996284,426.9293211563542,6384,140,34,3670800,4427800,0,36500,512500,161600,26220.0,True,1.0,20,422.58965701135514,21.129482850567758,0.3047270026655837,15300,683000,3200,True,True,1.0,0,239.92156862745097,422.58965701135514,0.0,0.0,0.0,True,40,2734,2,0,0
failures,4219643601,19,20,7,20,39,133,1.0526315789473684,0.0,-0.02564102564102564,0.06908937521915127,moderate,uniform,homogeneous,random_assigned_failure,1,True,95.0,82.72134342000372,5.0,0.0,0.0,5.0,5.0,0.22360679774997894,0.22360679774997894,nan,True,False,False,0.0,7,False,-1,El MILP no encontró una coalición factible. status=2; message=The problem is infeasible. (HiGHS Status 8: model_status is Infeasible; primal_status is None),nan,0,0,19,0.0,1.0,nan,nan,nan,nan,nan,nan,nan,nan,nan,nan,nan,nan,nan,nan,nan,nan,0,133,33,nan,nan,nan,nan,nan,nan,nan,False,0.95,19,381.7494355775577,20.092075556713564,0.3085700907146608,10900,376700,3040,False,True,nan,nan,nan,422.58965701135514,nan,nan,0.05,False,22,1925,2,3,1
failures,219059180,19,20,7,20,39,133,1.0526315789473684,0.0,-0.02564102564102564,0.06908937521915127,moderate,uniform,homogeneous,critical_assigned_failure,1,True,95.0,82.72134342000372,5.0,0.0,0.0,5.0,5.0,0.22360679774997894,0.22360679774997894,nan,True,False,False,0.0,7,False,-1,El MILP no encontró una coalición factible. status=2; message=The problem is infeasible. (HiGHS Status 8: model_status is Infeasible; primal_status is None),nan,0,0,19,0.0,1.0,nan,nan,nan,nan,nan,nan,nan,nan,nan,nan,nan,nan,nan,nan,nan,nan,0,133,33,nan,nan,nan,nan,nan,nan,nan,False,0.95,19,363.00726312468737,19.105645427615126,0.24099266762940594,12800,561700,3040,False,True,nan,nan,nan,422.58965701135514,nan,nan,0.05,False,22,1926,2,3,1
failures,4290636132,19,20,7,20,39,133,1.0526315789473684,0.0,-0.02564102564102564,0.06908937521915127,moderate,uniform,homogeneous,random_5_percent,1,True,95.0,82.72134342000372,5.0,0.0,0.0,5.0,5.0,0.22360679774997894,0.22360679774997894,nan,True,False,False,0.0,7,False,-1,El MILP no encontró una coalición factible. status=2; message=The problem is infeasible. (HiGHS Status 8: model_status is Infeasible; primal_status is None),nan,0,0,19,0.0,1.0,nan,nan,nan,nan,nan,nan,nan,nan,nan,nan,nan,nan,nan,nan,nan,nan,0,133,33,nan,nan,nan,nan,nan,nan,nan,False,0.95,19,396.36477882329734,20.8613041485946,0.3085700907146608,13500,524000,3040,False,True,nan,nan,nan,422.58965701135514,nan,nan,0.05,False,22,1927,2,3,1
failures,2663167619,18,20,7,20,38,126,1.1111111111111112,0.0,-0.05263157894736842,0.04214103732563547,moderate,uniform,homogeneous,random_10_percent,2,True,90.0,82.72134342000372,5.0,0.0,0.0,5.0,5.0,0.22360679774997894,0.22360679774997894,nan,True,False,False,0.0,7,False,-1,El MILP no encontró una coalición factible. status=2; message=The problem is infeasible. (HiGHS Status 8: model_status is Infeasible; primal_status is None),nan,0,0,18,0.0,1.0,nan,nan,nan,nan,nan,nan,nan,nan,nan,nan,nan,nan,nan,nan,nan,nan,0,126,32,nan,nan,nan,nan,nan,nan,nan,False,0.9,18,389.6642503453343,21.64801390807413,0.31096501859097475,18200,1349300,2880,False,True,nan,nan,nan,422.58965701135514,nan,nan,0.1,False,24,1880,2,6,2
failures,1820716673,16,20,7,20,36,112,1.25,0.0,-0.1111111111111111,-0.016723948824461207,moderate,uniform,homogeneous,random_20_percent,4,True,80.0,82.72134342000372,5.0,0.0,0.0,5.0,5.0,0.22360679774997894,0.22360679774997894,nan,False,False,False,0.0,7,False,-1,"Capacidad total insuficiente para cargas obligatorias: capacidad=80.000, demanda=82.721.",nan,0,0,16,0.0,1.0,nan,nan,nan,nan,nan,nan,nan,nan,nan,nan,nan,nan,nan,nan,nan,nan,0,112,30,nan,nan,nan,nan,nan,nan,nan,False,0.8,16,307.58654085299037,19.224158803311898,0.25145726218484393,11600,571300,2560,False,True,nan,nan,nan,422.58965701135514,nan,nan,0.2,False,28,1780,2,12,4
failures,3291530448,14,20,7,20,34,98,1.4285714285714286,0.0,-0.17647058823529413,-0.08329774434355489,moderate,uniform,homogeneous,random_30_percent,6,True,70.0,82.72134342000372,5.0,0.0,0.0,5.0,5.0,0.22360679774997894,0.22360679774997894,nan,False,False,False,0.0,7,False,-1,"Capacidad total insuficiente para cargas obligatorias: capacidad=70.000, demanda=82.721.",nan,0,0,14,0.0,1.0,nan,nan,nan,nan,nan,nan,nan,nan,nan,nan,nan,nan,nan,nan,nan,nan,0,98,28,nan,nan,nan,nan,nan,nan,nan,False,0.7,14,269.7661559088912,19.269011136349373,0.2650610324799901,9700,475700,2240,False,True,nan,nan,nan,422.58965701135514,nan,nan,0.3,False,32,1687,2,18,6
failures,2331279678,20,20,7,20,40,140,1.0,0.0,0.0,0.07108089944488158,moderate,uniform,homogeneous,no_failure,0,False,100.0,86.72725851395141,5.0,0.0,0.0,5.0,5.0,0.5431390245600107,0.5431390245600107,0.4460974847770799,True,True,True,1.0,0,True,0,Optimization terminated successfully. (HiGHS Status 7: Optimal),0.0,1,20,0,1.0,0.0,880.5164365150267,44.025821825751336,0.3113095716029948,44.025821825751336,0.5918649261216076,40.83647479361686,83.70234056141274,97.60017294500022,20.645196037617744,0.4689338025154608,0.2502268789542885,0.8197400545789301,0.6901374413438947,0.2984686499108724,13.272741486048584,883.8546218865389,6384,140,34,3130400,3865500,0,34600,543500,107400,22360.0,True,1.0,20,880.5164365150267,44.025821825751336,0.5918649261216076,22300,680600,3200,True,True,1.0,0,140.37668161434976,880.5164365150267,0.0,0.0,0.0,True,40,2733,2,0,0
failures,3514685491,19,20,7,20,39,133,1.0526315789473684,0.0,-0.02564102564102564,0.04552284315351337,moderate,uniform,homogeneous,random_assigned_failure,1,True,95.0,86.72725851395141,5.0,0.0,0.0,5.0,5.0,0.5431390245600107,0.5431390245600107,nan,True,False,False,0.0,7,False,-1,El MILP no encontró una coalición factible. status=2; message=The problem is infeasible. (HiGHS Status 8: model_status is Infeasible; primal_status is None),nan,0,0,19,0.0,1.0,nan,nan,nan,nan,nan,nan,nan,nan,nan,nan,nan,nan,nan,nan,nan,nan,0,133,33,nan,nan,nan,nan,nan,nan,nan,False,0.95,19,792.460391989931,41.70844168368058,0.45793781038196313,15300,382200,3040,False,True,nan,nan,nan,880.5164365150267,nan,nan,0.05,False,22,1925,2,3,1
failures,3952416933,19,20,7,20,39,133,1.0526315789473684,0.0,-0.02564102564102564,0.04552284315351337,moderate,uniform,homogeneous,critical_assigned_failure,1,True,95.0,86.72725851395141,5.0,0.0,0.0,5.0,5.0,0.5431390245600107,0.5431390245600107,nan,True,False,False,0.0,7,False,-1,El MILP no encontró una coalición factible. status=2; message=The problem is infeasible. (HiGHS Status 8: model_status is Infeasible; primal_status is None),nan,0,0,19,0.0,1.0,nan,nan,nan,nan,nan,nan,nan,nan,nan,nan,nan,nan,nan,nan,nan,nan,0,133,33,nan,nan,nan,nan,nan,nan,nan,False,0.95,19,777.8310947440496,40.93847867073945,0.4475933350954069,13000,357400,3040,False,True,nan,nan,nan,880.5164365150267,nan,nan,0.05,False,22,1923,2,3,1
failures,2605239966,19,20,7,20,39,133,1.0526315789473684,0.0,-0.02564102564102564,0.04552284315351337,moderate,uniform,homogeneous,random_5_percent,1,True,95.0,86.72725851395141,5.0,0.0,0.0,5.0,5.0,0.5431390245600107,0.5431390245600107,nan,True,False,False,0.0,7,False,-1,El MILP no encontró una coalición factible. status=2; message=The problem is infeasible. (HiGHS Status 8: model_status is Infeasible; primal_status is None),nan,0,0,19,0.0,1.0,nan,nan,nan,nan,nan,nan,nan,nan,nan,nan,nan,nan,nan,nan,nan,nan,0,133,33,nan,nan,nan,nan,nan,nan,nan,False,0.95,19,828.6830319432477,43.61489641806567,0.5970371637648855,15400,387100,3040,False,True,nan,nan,nan,880.5164365150267,nan,nan,0.05,False,22,1924,2,3,1
failures,2264627988,18,20,7,20,38,126,1.1111111111111112,0.0,-0.05263157894736842,0.018518600433052194,moderate,uniform,homogeneous,random_10_percent,2,True,90.0,86.72725851395141,5.0,0.0,0.0,5.0,5.0,0.5431390245600107,0.5431390245600107,nan,True,False,False,0.0,7,False,-1,El MILP no encontró una coalición factible. status=2; message=The problem is infeasible. (HiGHS Status 8: model_status is Infeasible; primal_status is None),nan,0,0,18,0.0,1.0,nan,nan,nan,nan,nan,nan,nan,nan,nan,nan,nan,nan,nan,nan,nan,nan,0,126,32,nan,nan,nan,nan,nan,nan,nan,False,0.9,18,791.1265223462347,43.951473463679704,0.6022094014081638,11800,347100,2880,False,True,nan,nan,nan,880.5164365150267,nan,nan,0.1,False,24,1879,2,6,2
failures,4023638692,16,20,7,20,36,112,1.25,0.0,-0.1111111111111111,-0.04034888220385683,moderate,uniform,homogeneous,random_20_percent,4,True,80.0,86.72725851395141,5.0,0.0,0.0,5.0,5.0,0.5431390245600107,0.5431390245600107,nan,False,False,False,0.0,7,False,-1,"Capacidad total insuficiente para cargas obligatorias: capacidad=80.000, demanda=86.727.",nan,0,0,16,0.0,1.0,nan,nan,nan,nan,nan,nan,nan,nan,nan,nan,nan,nan,nan,nan,nan,nan,0,112,30,nan,nan,nan,nan,nan,nan,nan,False,0.8,16,643.6062946328173,40.22539341455108,0.6125538766947206,12800,369300,2560,False,True,nan,nan,nan,880.5164365150267,nan,nan,0.2,False,28,1786,2,12,4
failures,3663221122,14,20,7,20,34,98,1.4285714285714286,0.0,-0.17647058823529413,-0.10672845727383407,moderate,uniform,homogeneous,random_30_percent,6,True,70.0,86.72725851395141,5.0,0.0,0.0,5.0,5.0,0.5431390245600107,0.5431390245600107,nan,False,False,False,0.0,7,False,-1,"Capacidad total insuficiente para cargas obligatorias: capacidad=70.000, demanda=86.727.",nan,0,0,14,0.0,1.0,nan,nan,nan,nan,nan,nan,nan,nan,nan,nan,nan,nan,nan,nan,nan,nan,0,98,28,nan,nan,nan,nan,nan,nan,nan,False,0.7,14,504.84216170976674,36.06015440784048,0.49816003076399096,9000,258700,2240,False,True,nan,nan,nan,880.5164365150267,nan,nan,0.3,False,32,1687,2,18,6
failures,3195693456,30,30,7,20,50,210,0.6666666666666666,0.2,0.2,0.2689498201138257,moderate,uniform,homogeneous,no_failure,0,False,150.0,86.41596794827537,5.0,0.0,0.0,5.0,5.0,0.5431390245600107,0.5431390245600107,0.4736292641517801,True,True,True,1.0,0,True,0,Optimization terminated successfully. (HiGHS Status 7: Optimal),0.0,1,20,10,0.6666666666666666,0.3333333333333333,396.2746570140068,19.81373285070034,0.14010424859348874,19.81373285070034,0.3185314792790798,18.229026879743692,45.04715380392392,45.653107748505114,12.216094805777917,0.616546861604936,0.34305528981795685,0.7245694075280723,0.3228162207120808,0.3497066872117497,13.584032051724638,399.6906650269379,9504,210,44,4476000,5440100,15625000,49700,655700,192500,21314.285714285714,True,1.0,20,396.2746570140068,19.81373285070034,0.3185314792790798,30000,992700,4800,True,True,1.0,0,149.2,396.2746570140068,0.0,0.0,0.0,True,50,3716,2,0,0
failures,2876415599,29,30,7,20,49,203,0.6896551724137931,0.2,0.1836734693877551,0.253154665908011,moderate,uniform,homogeneous,idle_robot_failure,1,False,145.0,86.41596794827537,5.0,0.0,0.0,5.0,5.0,0.5431390245600107,0.5431390245600107,0.47208009426743763,True,True,True,1.0,0,True,0,Optimization terminated successfully. (HiGHS Status 7: Optimal),0.0,1,20,9,0.6896551724137931,0.3103448275862069,396.2746570140068,19.81373285070034,0.14010424859348874,19.81373285070034,0.3185314792790798,18.229026879743692,45.04715380392392,45.653107748505114,12.216094805777917,0.616546861604936,0.34305528981795685,0.7245694075280723,0.3228162207120808,0.3497066872117497,13.584032051724638,399.6906650269379,9192,203,43,4800300,5759100,0,43400,652900,197500,23646.79802955665,True,1.0,20,396.2746570140068,19.81373285070034,0.3185314792790798,28000,971200,4640,True,True,1.0,0,171.43928571428572,396.2746570140068,0.0,0.0,0.03333333333333333,True,52,3669,2,3,1
failures,3942762051,29,30,7,20,49,203,0.6896551724137931,0.2,0.1836734693877551,0.253154665908011,moderate,uniform,homogeneous,random_assigned_failure,1,True,145.0,86.41596794827537,5.0,0.0,0.0,5.0,5.0,0.5431390245600107,0.5431390245600107,0.47170330484600465,True,True,True,1.0,0,True,0,Optimization terminated successfully. (HiGHS Status 7: Optimal),0.0,1,20,9,0.6896551724137931,0.3103448275862069,406.1158841000361,20.305794205001806,0.14358364779735278,20.305794205001806,0.31938715274267765,18.229026879743692,45.1681643056422,48.073317782870696,12.257454819726362,0.603643211192747,0.33249984153674506,0.7329308863286706,0.3399296899840371,0.32085032423991033,13.584032051724638,409.5318921129672,9192,203,43,4437000,5372600,0,43300,641800,186000,21857.14285714286,True,1.0,20,406.1158841000361,20.305794205001806,0.31938715274267765,28800,1006800,4640,True,True,1.0,0,154.0625,396.2746570140068,0.024834358977645864,0.10344827586206896,0.03333333333333333,True,52,3669,2,3,1
failures,1788437668,29,30,7,20,49,203,0.6896551724137931,0.2,0.1836734693877551,0.253154665908011,moderate,uniform,homogeneous,critical_assigned_failure,1,True,145.0,86.41596794827537,5.0,0.0,0.0,5.0,5.0,0.5431390245600107,0.5431390245600107,0.47195409834974666,True,True,True,1.0,0,True,0,Optimization terminated successfully. (HiGHS Status 7: Optimal),0.0,1,20,9,0.6896551724137931,0.3103448275862069,398.83472868493067,19.941736434246533,0.14100937061290564,19.941736434246533,0.31938715274267765,18.229026879743692,45.1681643056422,48.073317782870696,12.477642349341115,0.6257049074178361,0.3465303833712543,0.7186455153012895,0.3399296899840371,0.34968004158378485,13.584032051724638,402.2507366978618,9192,203,43,4113000,4967800,0,37800,583300,164000,20261.083743842366,True,1.0,20,398.83472868493067,19.941736434246533,0.31938715274267765,30400,830900,4640,True,True,1.0,0,135.29605263157896,396.2746570140068,0.006460346695432004,0.06896551724137931,0.03333333333333333,True,52,3669,2,3,1
failures,676206585,28,30,7,20,48,196,0.7142857142857143,0.2,0.16666666666666666,0.23666189508315016,moderate,uniform,homogeneous,random_5_percent,2,True,140.0,86.41596794827537,5.0,0.0,0.0,5.0,5.0,0.5431390245600107,0.5431390245600107,0.47064481782531997,True,True,True,1.0,0,True,0,Optimization terminated successfully. (HiGHS Status 7: Optimal),0.0,1,20,8,0.7142857142857143,0.2857142857142857,425.92295032777554,21.29614751638878,0.15058650321987557,21.29614751638878,0.3185314792790798,19.192685602134024,45.04715380392392,45.653107748505114,11.52981553963331,0.5414038163832384,0.3023398089725011,0.7733245755988158,0.3228162207120808,0.3094843671630355,13.584032051724638,429.33895834070665,8880,196,42,4377300,5212700,0,41600,564400,176100,22333.163265306124,True,1.0,20,425.92295032777554,21.29614751638878,0.3185314792790798,24800,863000,4480,True,True,1.0,0,176.5040322580645,396.2746570140068,0.07481753573941219,0.07142857142857142,0.06666666666666667,True,54,3620,2,6,2
failures,217290167,27,30,7,20,47,189,0.7407407407407407,0.2,0.14893617021276595,0.2194242470492204,moderate,uniform,homogeneous,random_10_percent,3,True,135.0,86.41596794827537,5.0,0.0,0.0,5.0,5.0,0.5431390245600107,0.5431390245600107,0.4683670643447029,True,True,True,1.0,0,True,0,Optimization terminated successfully. (HiGHS Status 7: Optimal),0.0,1,20,7,0.7407407407407407,0.25925925925925924,440.38351194008465,22.01917559700423,0.15569908380779038,22.01917559700423,0.34395418806104205,19.192685602134024,48.642467759095176,59.45631730736018,13.646368682400178,0.6197493008892123,0.3300819379932278,0.7224967891695019,0.42041965152413474,0.32868715709945473,13.584032051724638,443.79951995301576,8568,189,41,4914700,5734200,0,40300,608700,112700,26003.703703703704,True,1.0,20,440.38351194008465,22.01917559700423,0.34395418806104205,30900,898400,4320,True,True,1.0,0,159.05177993527508,396.2746570140068,0.11130879592060007,0.2222222222222222,0.1,True,56,3573,2,9,3
failures,2117811840,24,30,7,20,44,168,0.8333333333333334,0.2,0.09090909090909091,0.16270074638867218,moderate,uniform,homogeneous,random_20_percent,6,True,120.0,86.41596794827537,5.0,0.0,0.0,5.0,5.0,0.5431390245600107,0.5431390245600107,0.4866816244408461,True,True,True,1.0,0,True,0,Optimization terminated successfully. (HiGHS Status 7: Optimal),0.0,1,20,4,0.8333333333333334,0.16666666666666666,450.0665822402653,22.503329112013265,0.1591225661437723,22.503329112013265,0.32367189417567865,19.90366878638543,45.774118250223395,48.073317782870696,13.158702976405875,0.5847447242542074,0.3288311344094621,0.7451973562460955,0.3399296899840371,0.3975470083544388,13.584032051724638,453.4825902531964,7632,168,38,2178900,2655000,0,21600,345500,81700,12969.642857142857,True,1.0,20,450.0665822402653,22.503329112013265,0.32367189417567865,15600,375700,3840,True,True,1.0,0,139.67307692307693,396.2746570140068,0.13574404588875127,0.20833333333333334,0.2,True,62,3431,2,18,6
failures,2282687193,21,30,7,20,41,147,0.9523809523809523,0.2,0.024390243902439025,0.09708715657800521,moderate,uniform,homogeneous,random_30_percent,9,True,105.0,86.41596794827537,5.0,0.0,0.0,5.0,5.0,0.5431390245600107,0.5431390245600107,0.46470520591457365,True,True,True,1.0,0,True,0,Optimization terminated successfully. (HiGHS Status 7: Optimal),0.0,1,20,1,0.9523809523809523,0.047619047619047616,550.7536133324853,27.537680666624265,0.19472080737519704,27.537680666624265,0.4211976001527618,24.51960615007664,59.566335857503574,61.656688310228006,16.99423763214874,0.6171266868072078,0.34530019237319975,0.7241940610945686,0.43597862409667554,0.4045306528533677,13.584032051724638,554.1696213454164,6696,147,35,4112600,5303700,0,22400,997900,143100,27976.87074829932,True,1.0,20,550.7536133324853,27.537680666624265,0.4211976001527618,15800,357700,3360,True,True,1.0,0,260.2911392405063,396.2746570140068,0.38982799829416875,0.47619047619047616,0.3,True,68,3289,2,27,9
failures,332925155,30,30,7,20,50,210,0.6666666666666666,0.2,0.2,0.29081885309765343,moderate,uniform,homogeneous,no_failure,0,False,150.0,82.41061228697774,5.0,0.0,0.0,5.0,5.0,0.6324555320336758,0.6324555320336758,0.4885073335403551,True,True,True,1.0,0,True,0,Optimization terminated successfully. (HiGHS Status 7: Optimal),0.0,1,20,10,0.6666666666666666,0.3333333333333333,425.0402439712603,21.252012198563015,0.15027441939463138,21.252012198563015,0.2571129590645789,20.777699658082646,36.36126337710059,51.27428929462105,11.368909955365064,0.534956871337284,0.2961216281978585,0.7774968440365273,0.3625639766074734,0.665026884396113,17.589387713022266,429.4575908995158,9504,210,44,4420900,5403200,0,43400,683100,190700,21051.904761904763,True,1.0,20,425.0402439712603,21.252012198563015,0.2571129590645789,25400,991300,4800,True,True,1.0,0,174.0511811023622,425.0402439712603,0.0,0.0,0.0,True,50,3726,2,0,0
failures,2481831047,29,30,7,20,49,203,0.6896551724137931,0.2,0.1836734693877551,0.27522632775834766,moderate,uniform,homogeneous,idle_robot_failure,1,False,145.0,82.41061228697774,5.0,0.0,0.0,5.0,5.0,0.6324555320336758,0.6324555320336758,0.49009304116656616,True,True,True,1.0,0,True,0,Optimization terminated successfully. (HiGHS Status 7: Optimal),0.0,1,20,9,0.6896551724137931,0.3103448275862069,425.0402439712603,21.252012198563015,0.15027441939463138,21.252012198563015,0.2571129590645789,20.777699658082646,36.36126337710059,51.27428929462105,11.368909955365064,0.534956871337284,0.2961216281978585,0.7774968440365273,0.3625639766074734,0.665026884396113,17.589387713022266,429.4575908995158,9192,203,43,4200600,5055500,15625000,38800,553600,204000,20692.610837438424,True,1.0,20,425.0402439712603,21.252012198563015,0.2571129590645789,20000,859200,4640,True,True,1.0,0,210.03,425.0402439712603,0.0,0.0,0.03333333333333333,True,52,3677,2,3,1
failures,1967002126,29,30,7,20,49,203,0.6896551724137931,0.2,0.1836734693877551,0.27522632775834766,moderate,uniform,homogeneous,random_assigned_failure,1,True,145.0,82.41061228697774,5.0,0.0,0.0,5.0,5.0,0.6324555320336758,0.6324555320336758,0.4833306566540532,True,True,True,1.0,0,True,0,Optimization terminated successfully. (HiGHS Status 7: Optimal),0.0,1,20,9,0.6896551724137931,0.3103448275862069,442.49960564202286,22.12498028210114,0.1564472359109237,22.12498028210114,0.2571129590645789,22.499173471659844,36.36126337710059,51.27428929462105,11.746792866768931,0.5309289643196633,0.29749859058530337,0.7801008351944546,0.3625639766074734,0.6428541223403896,17.589387713022266,446.9169525702784,9192,203,43,4406300,5370300,0,44500,657800,186400,21705.91133004926,True,1.0,20,442.49960564202286,22.12498028210114,0.2571129590645789,24700,958800,4640,True,True,1.0,0,178.39271255060729,425.0402439712603,0.04107696134284902,0.034482758620689655,0.03333333333333333,True,52,3678,2,3,1
failures,3422477172,29,30,7,20,49,203,0.6896551724137931,0.2,0.1836734693877551,0.27522632775834766,moderate,uniform,homogeneous,critical_assigned_failure,1,True,145.0,82.41061228697774,5.0,0.0,0.0,5.0,5.0,0.6324555320336758,0.6324555320336758,0.4921076638124565,True,True,True,1.0,0,True,0,Optimization terminated successfully. (HiGHS Status 7: Optimal),0.0,1,20,9,0.6896551724137931,0.3103448275862069,426.72697339375185,21.33634866968759,0.15087076830096668,21.33634866968759,0.25770930797091424,20.777699658082646,36.44559984822517,52.961018717112594,11.595309377109503,0.5434533132458077,0.29870622199486685,0.7719971892822963,0.3744909547341798,0.6783511592229569,17.589387713022266,431.1443203220074,9192,203,43,3669500,4945800,31250000,43500,1058300,113900,18076.354679802957,True,1.0,20,426.72697339375185,21.33634866968759,0.25770930797091424,46800,1345700,4640,True,True,1.0,0,78.40811965811966,425.0402439712603,0.003968399337276913,0.034482758620689655,0.03333333333333333,True,52,3678,2,3,1
failures,3895779617,28,30,7,20,48,196,0.7142857142857143,0.2,0.16666666666666666,0.2589327331139862,moderate,uniform,homogeneous,random_5_percent,2,True,140.0,82.41061228697774,5.0,0.0,0.0,5.0,5.0,0.6324555320336758,0.6324555320336758,0.48646087917159414,True,True,True,1.0,0,True,0,Optimization terminated successfully. (HiGHS Status 7: Optimal),0.0,1,20,8,0.7142857142857143,0.2857142857142857,448.5888575757851,22.429442878789253,0.158600111578282,22.429442878789253,0.25770930797091424,22.499173471659844,36.44559984822517,52.961018717112594,11.83855872226788,0.527813320475436,0.2929917941478901,0.7821134402407025,0.3744909547341798,0.6511828602638757,17.589387713022266,453.0062045040406,8880,196,42,2394900,2967000,0,24100,416400,100900,12218.877551020409,True,1.0,20,448.5888575757851,22.429442878789253,0.25770930797091424,16400,437600,4480,True,True,1.0,0,146.03048780487805,425.0402439712603,0.055403256370512244,0.07142857142857142,0.06666666666666667,True,54,3630,2,6,2
failures,4212479827,27,30,7,20,47,189,0.7407407407407407,0.2,0.14893617021276595,0.2418896996785295,moderate,uniform,homogeneous,random_10_percent,3,True,135.0,82.41061228697774,5.0,0.0,0.0,5.0,5.0,0.6324555320336758,0.6324555320336758,0.48512329943994525,True,True,True,1.0,0,True,0,Optimization terminated successfully. (HiGHS Status 7: Optimal),0.0,1,20,7,0.7407407407407407,0.25925925925925924,481.92817958790783,24.09640897939539,0.17038734191574895,24.09640897939539,0.3646998672660794,23.760049383086635,51.57634984833571,57.31550036891415,14.36289537262432,0.5960595782095952,0.33277177052304596,0.7378510859108427,0.4052817897795926,0.6438539190618748,17.589387713022266,486.3455265161634,8568,189,41,2399000,2962200,0,26600,414000,88700,12693.121693121693,True,1.0,20,481.92817958790783,24.09640897939539,0.3646998672660794,16900,464500,4320,True,True,1.0,0,141.9526627218935,425.0402439712603,0.1338412924976914,0.07407407407407407,0.1,True,56,3583,2,9,3
failures,2052853693,24,30,7,20,44,168,0.8333333333333334,0.2,0.09090909090909091,0.18570858162183726,moderate,uniform,homogeneous,random_20_percent,6,True,120.0,82.41061228697774,5.0,0.0,0.0,5.0,5.0,0.6324555320336758,0.6324555320336758,0.48156000679575245,True,True,True,1.0,0,True,0,Optimization terminated successfully. (HiGHS Status 7: Optimal),0.0,1,20,4,0.8333333333333334,0.16666666666666666,524.9269419533668,26.24634709766834,0.18558970014137144,26.24634709766834,0.373805089446831,23.760049383086635,52.86402271797963,52.961018717112594,14.19458878761421,0.5408214992659006,0.30416916275265415,0.7737016374307493,0.3744909547341798,0.5661294539822748,17.589387713022266,529.3442888816224,7632,168,38,2195300,2675600,0,22500,339900,89600,13067.261904761905,True,1.0,20,524.9269419533668,26.24634709766834,0.373805089446831,16500,411600,3840,True,True,1.0,0,133.04848484848486,425.0402439712603,0.2350052716157874,0.2916666666666667,0.2,True,62,3437,2,18,6
failures,997471406,21,30,7,20,41,147,0.9523809523809523,0.2,0.024390243902439025,0.12053419727604128,moderate,uniform,homogeneous,random_30_percent,9,True,105.0,82.41061228697774,5.0,0.0,0.0,5.0,5.0,0.6324555320336758,0.6324555320336758,0.46916497974922966,True,True,True,1.0,0,True,0,Optimization terminated successfully. (HiGHS Status 7: Optimal),0.0,1,20,1,0.9523809523809523,0.047619047619047616,607.3026010051651,30.365130050258255,0.21471389370149022,30.365130050258255,0.41052205628596417,26.162126083718405,58.05658596529016,72.13721229643417,18.430327322195602,0.6069569697772084,0.3432269933415075,0.7307822021515907,0.510087119907022,0.6130366354892147,17.589387713022266,611.7199479334207,6696,147,35,4026400,4732400,31250000,23100,450400,200100,27390.47619047619,True,1.0,20,607.3026010051651,30.365130050258255,0.41052205628596417,14800,371100,3360,True,True,1.0,0,272.05405405405406,425.0402439712603,0.4288119998496631,0.3333333333333333,0.3,True,68,3298,2,27,9
failures,374007014,40,40,7,20,60,280,0.5,0.33,0.3333333333333333,0.4115974235551953,moderate,uniform,homogeneous,no_failure,0,False,200.0,83.36690994559575,5.0,0.0,0.0,5.0,5.0,0.6041522986797286,0.6041522986797286,0.4615661059088074,True,True,True,1.0,0,True,0,Optimization terminated successfully. (HiGHS Status 7: Optimal),0.0,1,20,20,0.5,0.5,246.4386882338832,12.32193441169416,0.08712923379844813,12.32193441169416,0.21755433042064806,11.858596937913472,30.76682846338781,30.768084348334078,7.98960343886219,0.6484049640192564,0.35102128134434873,0.7040126622697825,0.21756321086826702,0.43164252265042824,16.63309005440425,250.61696074748428,12624,280,54,2985500,3992800,0,51600,765000,114100,10662.5,True,1.0,20,246.4386882338832,12.32193441169416,0.21755433042064806,22200,1287300,6400,True,True,1.0,0,134.481981981982,246.4386882338832,0.0,0.0,0.0,True,60,4725,2,0,0
failures,2768775459,39,40,7,20,59,273,0.5128205128205128,0.33,0.3220338983050847,0.40102859235755395,moderate,uniform,homogeneous,idle_robot_failure,1,False,195.0,83.36690994559575,5.0,0.0,0.0,5.0,5.0,0.6041522986797286,0.6041522986797286,0.4656555220616405,True,True,True,1.0,0,True,0,Optimization terminated successfully. (HiGHS Status 7: Optimal),0.0,1,20,19,0.5128205128205128,0.48717948717948717,246.4386882338832,12.32193441169416,0.08712923379844813,12.32193441169416,0.21755433042064806,11.858596937913472,30.76682846338781,30.768084348334078,7.98960343886219,0.6484049640192564,0.35102128134434873,0.7040126622697825,0.21756321086826702,0.43164252265042824,16.63309005440425,250.61696074748428,12312,273,53,2959300,3593400,0,28000,451800,117000,10839.92673992674,True,1.0,20,246.4386882338832,12.32193441169416,0.21755433042064806,14300,552700,6240,True,True,1.0,0,206.94405594405595,246.4386882338832,0.0,0.0,0.025,True,62,4678,2,3,1
failures,1228450650,39,40,7,20,59,273,0.5128205128205128,0.33,0.3220338983050847,0.40102859235755395,moderate,uniform,homogeneous,random_assigned_failure,1,True,195.0,83.36690994559575,5.0,0.0,0.0,5.0,5.0,0.6041522986797286,0.6041522986797286,0.4643659975691341,True,True,True,1.0,0,True,0,Optimization terminated successfully. (HiGHS Status 7: Optimal),0.0,1,20,19,0.5128205128205128,0.48717948717948717,256.60263592986445,12.830131796493223,0.09072273196817499,12.830131796493223,0.21755433042064806,11.981816496943724,30.76682846338781,30.768084348334078,8.299314055993325,0.6468611692875768,0.35689429641123915,0.705005141254135,0.21756321086826702,0.39487807179085177,16.63309005440425,260.7809084434655,12312,273,53,3119300,3797900,0,31800,486600,119600,11426.007326007326,True,1.0,20,256.60263592986445,12.830131796493223,0.21755433042064806,15400,630100,6240,True,True,1.0,0,202.55194805194805,246.4386882338832,0.04124331195244446,0.02564102564102564,0.025,True,62,4678,2,3,1
failures,3890604234,39,40,7,20,59,273,0.5128205128205128,0.33,0.3220338983050847,0.40102859235755395,moderate,uniform,homogeneous,critical_assigned_failure,1,True,195.0,83.36690994559575,5.0,0.0,0.0,5.0,5.0,0.6041522986797286,0.6041522986797286,0.462211356019609,True,True,True,1.0,0,True,0,Optimization terminated successfully. (HiGHS Status 7: Optimal),0.0,1,20,19,0.5128205128205128,0.48717948717948717,248.62160787602318,12.431080393801158,0.08790101243931936,12.431080393801158,0.21832610906151934,11.858596937913472,30.875974445494812,32.951003990474035,8.251469776647397,0.6637773640947611,0.35628036731578705,0.6941550256247239,0.23299878368569177,0.4389752669862336,16.63309005440425,252.79988038962424,12312,273,53,4754100,5901500,31250000,32100,837700,233000,17414.285714285714,True,1.0,20,248.62160787602318,12.431080393801158,0.21832610906151934,16000,635900,6240,True,True,1.0,0,297.13125,246.4386882338832,0.00885786098677929,0.02564102564102564,0.025,True,62,4678,2,3,1
failures,3941745458,38,40,7,20,58,266,0.5263157894736842,0.33,0.3103448275862069,0.3900731440964303,moderate,uniform,homogeneous,random_5_percent,2,True,190.0,83.36690994559575,5.0,0.0,0.0,5.0,5.0,0.6041522986797286,0.6041522986797286,0.46009228532352503,True,True,True,1.0,0,True,0,Optimization terminated successfully. (HiGHS Status 7: Optimal),0.0,1,20,18,0.5263157894736842,0.47368421052631576,262.6521146121926,13.13260573060963,0.09286154566763383,13.13260573060963,0.21755433042064806,11.858596937913472,30.76682846338781,30.768084348334078,8.77153076619547,0.6679200568513745,0.36660520987626133,0.6915068836598238,0.21756321086826702,0.4268555996115918,16.63309005440425,266.8303871257936,12000,266,52,3702300,4655900,0,50600,705200,124100,13918.421052631578,True,1.0,20,262.6521146121926,13.13260573060963,0.21755433042064806,24600,1225600,6080,True,True,1.0,0,150.5,246.4386882338832,0.06579091332819459,0.02631578947368421,0.05,True,64,4628,2,6,2
failures,870400834,36,40,7,20,56,252,0.5555555555555556,0.33,0.2857142857142857,0.36691431765048216,moderate,uniform,homogeneous,random_10_percent,4,True,180.0,83.36690994559575,5.0,0.0,0.0,5.0,5.0,0.6041522986797286,0.6041522986797286,0.4716414162671288,True,True,True,1.0,0,True,0,Optimization terminated successfully. (HiGHS Status 7: Optimal),0.0,1,20,16,0.5555555555555556,0.4444444444444444,275.6300406565304,13.78150203282652,0.09744993542347821,13.78150203282652,0.21755433042064806,14.230753555423926,30.76682846338781,30.768084348334078,8.449089041607799,0.6130746141808558,0.3440292766554063,0.7268178806505368,0.21756321086826702,0.376258249721623,16.63309005440425,279.80831317013144,11376,252,50,3844100,4647200,15625000,28000,509600,224800,15254.36507936508,True,1.0,20,275.6300406565304,13.78150203282652,0.21755433042064806,13900,651800,5760,True,True,1.0,0,276.55395683453236,246.4386882338832,0.11845279907894614,0.05555555555555555,0.1,True,68,4531,2,12,4
failures,1501688271,32,40,7,20,52,224,0.625,0.33,0.23076923076923078,0.31488705704294573,moderate,uniform,homogeneous,random_20_percent,8,True,160.0,83.36690994559575,5.0,0.0,0.0,5.0,5.0,0.6041522986797286,0.6041522986797286,0.46901086708632567,True,True,True,1.0,0,True,0,Optimization terminated successfully. (HiGHS Status 7: Optimal),0.0,1,20,12,0.625,0.375,309.32617008507333,15.466308504253666,0.10936331623280936,15.466308504253666,0.23730366355212337,14.230753555423926,33.55980593962348,45.12704297346272,11.494719750938675,0.7432102979051082,0.4033376632351384,0.6441798316823157,0.3190963810143223,0.5747403006137471,16.63309005440425,313.50444259867436,10128,224,46,4736200,5750100,0,46200,693000,208800,21143.75,True,1.0,20,309.32617008507333,15.466308504253666,0.23730366355212337,21900,1052200,5120,True,True,1.0,0,216.2648401826484,246.4386882338832,0.2551851022332444,0.125,0.2,True,76,4343,2,24,8
failures,3208116671,28,40,7,20,48,196,0.7142857142857143,0.33,0.16666666666666666,0.25354288183598034,moderate,uniform,homogeneous,random_30_percent,12,True,140.0,83.36690994559575,5.0,0.0,0.0,5.0,5.0,0.6041522986797286,0.6041522986797286,0.45643699880033944,True,True,True,1.0,0,True,0,Optimization terminated successfully. (HiGHS Status 7: Optimal),0.0,1,20,8,0.7142857142857143,0.2857142857142857,310.6184461209091,15.530922306045454,0.10982020480686153,15.530922306045454,0.22263986937556987,14.310922552866073,31.48603227959052,45.12704297346272,10.300784712706516,0.6632435929897678,0.3543863586421203,0.6944965009881784,0.3190963810143223,0.3140821518654268,16.63309005440425,314.7967186345101,8880,196,42,3476100,4335200,0,39800,642800,118700,17735.20408163265,True,1.0,20,310.6184461209091,15.530922306045454,0.22263986937556987,21100,923400,4480,True,True,1.0,0,164.7440758293839,246.4386882338832,0.26042890565184285,0.21428571428571427,0.3,True,84,4148,2,36,12
failures,3198531582,40,40,7,20,60,280,0.5,0.33,0.3333333333333333,0.4152684002732718,moderate,uniform,homogeneous,no_failure,0,False,200.0,82.63190213443943,5.0,0.0,0.0,5.0,5.0,0.6595452979136459,0.6595452979136459,0.5205354545192052,True,True,True,1.0,0,True,0,Optimization terminated successfully. (HiGHS Status 7: Optimal),0.0,1,20,20,0.5,0.5,316.25743084621496,15.812871542310749,0.1118138869759971,15.812871542310749,0.18884687453046647,16.808338520378353,26.706981117275593,26.993896553731755,6.955695802590051,0.4398755649142274,0.24952234091424397,0.8378784660921195,0.190875673037919,0.5342369167614657,17.36809786556057,320.61945531260506,12624,280,54,4695400,5363300,31250000,32500,454400,137800,16769.285714285714,True,1.0,20,316.25743084621496,15.812871542310749,0.18884687453046647,16000,708200,6400,True,True,1.0,0,293.4625,316.25743084621496,0.0,0.0,0.0,True,60,4720,2,0,0
failures,911463247,39,40,7,20,59,273,0.5128205128205128,0.33,0.3220338983050847,0.4047377012572131,moderate,uniform,homogeneous,idle_robot_failure,1,False,195.0,82.63190213443943,5.0,0.0,0.0,5.0,5.0,0.6595452979136459,0.6595452979136459,0.5254506500513381,True,True,True,1.0,0,True,0,Optimization terminated successfully. (HiGHS Status 7: Optimal),0.0,1,20,19,0.5128205128205128,0.48717948717948717,316.25743084621496,15.812871542310749,0.1118138869759971,15.812871542310749,0.18884687453046647,16.808338520378353,26.706981117275593,26.993896553731755,6.955695802590051,0.4398755649142274,0.24952234091424397,0.8378784660921195,0.190875673037919,0.5342369167614657,17.36809786556057,320.61945531260506,12312,273,53,4712700,5545900,0,33600,512700,242900,17262.637362637364,True,1.0,20,316.25743084621496,15.812871542310749,0.18884687453046647,15700,741100,6240,True,True,1.0,0,300.171974522293,316.25743084621496,0.0,0.0,0.025,True,62,4672,2,3,1
failures,74484996,39,40,7,20,59,273,0.5128205128205128,0.33,0.3220338983050847,0.4047377012572131,moderate,uniform,homogeneous,random_assigned_failure,1,True,195.0,82.63190213443943,5.0,0.0,0.0,5.0,5.0,0.6595452979136459,0.6595452979136459,0.5220573147125486,True,True,True,1.0,0,True,0,Optimization terminated successfully. (HiGHS Status 7: Optimal),0.0,1,20,19,0.5128205128205128,0.48717948717948717,316.511251167051,15.82556255835255,0.11190362601103016,15.82556255835255,0.18884687453046647,16.808338520378353,26.706981117275593,26.993896553731755,6.969793311623876,0.4404136210592589,0.24992368967998924,0.8375460801084199,0.190875673037919,0.5348363244357038,17.36809786556057,320.87327563344115,12312,273,53,4509700,5472800,15625000,41700,672100,184200,16519.04761904762,True,1.0,20,316.511251167051,15.82556255835255,0.18884687453046647,21400,1345000,6240,True,True,1.0,0,210.7336448598131,316.25743084621496,0.0008025750419741615,0.02564102564102564,0.025,True,62,4673,2,3,1
failures,990656203,39,40,7,20,59,273,0.5128205128205128,0.33,0.3220338983050847,0.4047377012572131,moderate,uniform,homogeneous,critical_assigned_failure,1,True,195.0,82.63190213443943,5.0,0.0,0.0,5.0,5.0,0.6595452979136459,0.6595452979136459,0.5214255815184973,True,True,True,1.0,0,True,0,Optimization terminated successfully. (HiGHS Status 7: Optimal),0.0,1,20,19,0.5128205128205128,0.48717948717948717,320.14262591916565,16.00713129595828,0.11318751086715509,16.00713129595828,0.19013075938659144,16.808338520378353,26.888549854881326,30.62527130584639,7.297947405894093,0.4559185072553748,0.25786464859025804,0.8279093642964798,0.21655337016041776,0.5382056147029555,17.36809786556057,324.5046503855558,12312,273,53,4626900,5546800,0,40500,622800,194100,16948.351648351647,True,1.0,20,320.14262591916565,16.00713129595828,0.19013075938659144,19800,1044600,6240,True,True,1.0,0,233.6818181818182,316.25743084621496,0.012284913156206374,0.05128205128205128,0.025,True,62,4672,2,3,1
failures,3668047463,38,40,7,20,58,266,0.5263157894736842,0.33,0.3103448275862069,0.3938207415382208,moderate,uniform,homogeneous,random_5_percent,2,False,190.0,82.63190213443943,5.0,0.0,0.0,5.0,5.0,0.6595452979136459,0.6595452979136459,0.5300530142734903,True,True,True,1.0,0,True,0,Optimization terminated successfully. (HiGHS Status 7: Optimal),0.0,1,20,18,0.5263157894736842,0.47368421052631576,316.25743084621496,15.812871542310749,0.1118138869759971,15.812871542310749,0.18884687453046647,16.808338520378353,26.706981117275593,26.993896553731755,6.955695802590051,0.4398755649142274,0.24952234091424397,0.8378784660921195,0.190875673037919,0.5342369167614657,17.36809786556057,320.61945531260506,12000,266,52,4415600,5371400,15625000,40700,653000,201900,16600.0,True,1.0,20,316.25743084621496,15.812871542310749,0.18884687453046647,20400,1020300,6080,True,True,1.0,0,216.45098039215685,316.25743084621496,0.0,0.0,0.05,True,64,4621,2,6,2
failures,2430665173,36,40,7,20,56,252,0.5555555555555556,0.33,0.2857142857142857,0.3707397961719004,moderate,uniform,homogeneous,random_10_percent,4,True,180.0,82.63190213443943,5.0,0.0,0.0,5.0,5.0,0.6595452979136459,0.6595452979136459,0.521531193865795,True,True,True,1.0,0,True,0,Optimization terminated successfully. (HiGHS Status 7: Optimal),0.0,1,20,16,0.5555555555555556,0.4444444444444444,320.7927413092291,16.039637065461456,0.1134173613675889,16.039637065461456,0.18884687453046647,16.808338520378353,26.706981117275593,26.993896553731755,7.054056202696153,0.43978901604237836,0.2504153423827604,0.8379319186238481,0.190875673037919,0.5382814197709026,17.36809786556057,325.15476577561924,11376,252,50,4102900,4991600,0,37300,606600,184900,16281.349206349207,True,1.0,20,320.7927413092291,16.039637065461456,0.18884687453046647,19600,966900,5760,True,True,1.0,0,209.33163265306123,316.25743084621496,0.014340565693204192,0.05555555555555555,0.1,True,68,4529,2,12,4
failures,2157021166,32,40,7,20,52,224,0.625,0.33,0.23076923076923078,0.31887026060856516,moderate,uniform,homogeneous,random_20_percent,8,True,160.0,82.63190213443943,5.0,0.0,0.0,5.0,5.0,0.6595452979136459,0.6595452979136459,0.540568492119723,True,True,True,1.0,0,True,0,Optimization terminated successfully. (HiGHS Status 7: Optimal),0.0,1,20,12,0.625,0.375,327.3869152136329,16.369345760681647,0.11574875390965256,16.369345760681647,0.19013075938659144,16.808338520378353,26.888549854881326,30.62527130584639,7.253352316006719,0.4431058163258369,0.2510960423513513,0.835880844274494,0.21655337016041776,0.5300708242164338,17.36809786556057,331.748939680023,10128,224,46,4188300,5092100,31250000,38600,640700,168300,18697.76785714286,True,1.0,20,327.3869152136329,16.369345760681647,0.19013075938659144,21200,910100,5120,True,True,1.0,0,197.56132075471697,316.25743084621496,0.0351912185514143,0.15625,0.2,True,76,4338,2,24,8
failures,2092395911,28,40,7,20,48,196,0.7142857142857143,0.33,0.16666666666666666,0.25768138939458024,moderate,uniform,homogeneous,random_30_percent,12,True,140.0,82.63190213443943,5.0,0.0,0.0,5.0,5.0,0.6595452979136459,0.6595452979136459,0.5191368771834229,True,True,True,1.0,0,True,0,Optimization terminated successfully. (HiGHS Status 7: Optimal),0.0,1,20,8,0.7142857142857143,0.2857142857142857,368.3848481964562,18.419242409822807,0.13024371212304553,18.419242409822807,0.2345557054948483,18.991390961913012,33.1711859842804,34.179707778521646,8.616558143545811,0.46780198402463513,0.2671798127521703,0.8204531108756561,0.24168703149167242,0.48958548288015136,17.36809786556057,372.7468726628463,8880,196,42,3838700,4663400,0,35300,568000,167500,19585.20408163265,True,1.0,20,368.3848481964562,18.419242409822807,0.2345557054948483,17700,866000,4480,True,True,1.0,0,216.87570621468927,316.25743084621496,0.16482590530999722,0.25,0.3,True,84,4147,2,36,12
