world_key,oracle_status,oracle_objective,oracle_bound,oracle_gap,oracle_runtime_s,oracle_feasible,oracle_certified
E3:uniform:p0.7:cv0.0:r0,OPTIMAL,264.73594923612126,264.73594923612126,0.0,0.0043046000064350665,True,True
E3:uniform:p0.7:cv0.0:r1,OPTIMAL,310.7245712787401,310.7245712787401,0.0,0.0026621000142768025,True,True
E3:uniform:p0.7:cv0.0:r2,OPTIMAL,316.90621989605927,316.9062198960593,0.0,0.0025726000021677464,True,True
E3:uniform:p0.7:cv0.0:r3,OPTIMAL,500.84830370978966,500.84830370978966,0.0,0.0036659000033978373,True,True
E3:uniform:p0.7:cv0.0:r4,OPTIMAL,416.1733628977676,416.17336289776756,0.0,0.0025797999987844378,True,True
E3:uniform:p0.7:cv0.0:r5,OPTIMAL,467.4363662230434,467.4363662230434,0.0,0.0016944999806582928,True,True
E3:uniform:p0.7:cv0.0:r6,OPTIMAL,409.2527748014669,409.2527748014669,0.0,0.0021533999824896455,True,True
E3:uniform:p0.7:cv0.0:r7,OPTIMAL,329.64793406370904,329.64793406370904,0.0,0.002470600011292845,True,True
E3:uniform:p0.7:cv0.0:r8,OPTIMAL,352.3852786990581,352.3852786990581,0.0,0.002789699996355921,True,True
E3:uniform:p0.7:cv0.0:r9,OPTIMAL,257.8402272383435,257.8402272383435,0.0,0.0018011000065598637,True,True
E3:uniform:p0.7:cv0.0:r10,OPTIMAL,269.803734814249,269.803734814249,0.0,0.00341209999169223,True,True
E3:uniform:p0.7:cv0.0:r11,OPTIMAL,352.81044115684125,352.81044115684125,0.0,0.002575599995907396,True,True
E3:uniform:p0.7:cv0.0:r12,OPTIMAL,397.11772803173596,397.1177280317359,0.0,0.001672399987000972,True,True
E3:uniform:p0.7:cv0.0:r13,OPTIMAL,372.7766690696519,372.7766690696519,0.0,0.0018617000023368746,True,True
E3:uniform:p0.7:cv0.0:r14,OPTIMAL,254.67301892360308,254.67301892360305,0.0,0.0018192999996244907,True,True
E3:uniform:p0.7:cv0.0:r15,OPTIMAL,249.9440123947179,249.94401239471793,0.0,0.0024757999926805496,True,True
E3:uniform:p0.7:cv0.0:r16,OPTIMAL,271.18695972182365,271.18695972182365,0.0,0.0028223000117577612,True,True
E3:uniform:p0.7:cv0.0:r17,OPTIMAL,470.13472688920535,470.13472688920535,0.0,0.002958199998829514,True,True
E3:uniform:p0.7:cv0.0:r18,OPTIMAL,315.19288260831803,315.19288260831803,0.0,0.0015949000080581754,True,True
E3:uniform:p0.7:cv0.0:r19,OPTIMAL,290.76221416233403,290.76221416233403,0.0,0.0017838999920058995,True,True
E3:uniform:p0.7:cv0.0:r20,OPTIMAL,400.32958532617334,400.32958532617334,0.0,0.002556499995989725,True,True
E3:uniform:p0.7:cv0.0:r21,OPTIMAL,238.64868501511305,238.64868501511305,0.0,0.0017275999998673797,True,True
E3:uniform:p0.7:cv0.0:r22,OPTIMAL,514.3216732541729,514.3216732541729,0.0,0.003624300006777048,True,True
E3:uniform:p0.7:cv0.0:r23,OPTIMAL,233.93365160566563,233.93365160566566,0.0,0.0029343000205699354,True,True
E3:uniform:p0.7:cv0.0:r24,OPTIMAL,387.2835649999082,387.2835649999082,0.0,0.002983199985465035,True,True
E3:uniform:p0.7:cv0.0:r25,OPTIMAL,256.79198899796324,256.79198899796324,0.0,0.002006700000492856,True,True
E3:uniform:p0.7:cv0.0:r26,OPTIMAL,555.2563901651337,555.2563901651337,0.0,0.0026141000271309167,True,True
E3:uniform:p0.7:cv0.0:r27,OPTIMAL,353.55180556823456,353.55180556823456,0.0,0.0018142999906558543,True,True
E3:uniform:p0.7:cv0.0:r28,OPTIMAL,319.71311002892594,319.71311002892594,0.0,0.002567899995483458,True,True
E3:uniform:p0.7:cv0.0:r29,OPTIMAL,352.2953047592763,352.29530475927623,0.0,0.0017144999874290079,True,True
E3:uniform:p0.85:cv0.0:r0,OPTIMAL,469.51428336386937,469.51428336386937,0.0,0.0021908999769948423,True,True
E3:uniform:p0.85:cv0.0:r1,OPTIMAL,633.244855683788,633.2448556837882,0.0,0.002804600022500381,True,True
E3:uniform:p0.85:cv0.0:r2,OPTIMAL,397.6721963002907,397.67219630029064,0.0,0.002857699990272522,True,True
E3:uniform:p0.85:cv0.0:r3,INFEASIBLE,,,0.0,0.0027021999994758517,False,False
E3:uniform:p0.85:cv0.0:r4,OPTIMAL,388.50500374977867,388.5050037497787,0.0,0.0024240000057034194,True,True
E3:uniform:p0.85:cv0.0:r5,OPTIMAL,396.7758467056467,396.77584670564664,0.0,0.0026633999950718135,True,True
E3:uniform:p0.85:cv0.0:r6,OPTIMAL,506.767671478533,506.767671478533,0.0,0.0029383999935816973,True,True
E3:uniform:p0.85:cv0.0:r7,OPTIMAL,673.5221722825343,673.5221722825344,0.0,0.002872000011848286,True,True
E3:uniform:p0.85:cv0.0:r8,OPTIMAL,608.2272907297348,608.2272907297348,0.0,0.0031328000186476856,True,True
E3:uniform:p0.85:cv0.0:r9,OPTIMAL,676.624011898971,676.624011898971,0.0,0.001793500006897375,True,True
E3:uniform:p0.85:cv0.0:r10,OPTIMAL,625.9153385097273,625.9153385097273,0.0,0.002547899988712743,True,True
E3:uniform:p0.85:cv0.0:r11,INFEASIBLE,,,0.0,0.003085099975578487,False,False
E3:uniform:p0.85:cv0.0:r12,OPTIMAL,556.2334052633928,556.2334052633929,0.0,0.0018754000193439424,True,True
E3:uniform:p0.85:cv0.0:r13,OPTIMAL,386.87697585288697,386.87697585288697,0.0,0.0018905999895650893,True,True
E3:uniform:p0.85:cv0.0:r14,OPTIMAL,434.198029612356,434.19802961235604,0.0,0.0030947999912314117,True,True
E3:uniform:p0.85:cv0.0:r15,INFEASIBLE,,,0.0,0.002057200006674975,False,False
E3:uniform:p0.85:cv0.0:r16,OPTIMAL,614.8342490034835,614.8342490034835,0.0,0.0031445999920833856,True,True
E3:uniform:p0.85:cv0.0:r17,OPTIMAL,352.8659247260676,352.86592472606765,0.0,0.002490000013494864,True,True
E3:uniform:p0.85:cv0.0:r18,OPTIMAL,527.7792074362322,527.7792074362322,0.0,0.0031463000050280243,True,True
E3:uniform:p0.85:cv0.0:r19,OPTIMAL,435.40650015512074,435.40650015512074,0.0,0.001908399979583919,True,True
E3:uniform:p0.85:cv0.0:r20,INFEASIBLE,,,0.0,0.0016599000082351267,False,False
E3:uniform:p0.85:cv0.0:r21,OPTIMAL,368.52786741145155,368.5278674114515,0.0,0.0022000999888405204,True,True
E3:uniform:p0.85:cv0.0:r22,OPTIMAL,628.975810488701,628.975810488701,0.0,0.0019589999865274876,True,True
E3:uniform:p0.85:cv0.0:r23,OPTIMAL,577.8725077097922,577.8725077097923,0.0,0.002835400024196133,True,True
E3:uniform:p0.85:cv0.0:r24,OPTIMAL,439.2296397184877,439.2296397184877,0.0,0.0018439999839756638,True,True
E3:uniform:p0.85:cv0.0:r25,INFEASIBLE,,,0.0,0.0031798999989405274,False,False
E3:uniform:p0.85:cv0.0:r26,OPTIMAL,485.1610164178516,485.1610164178516,0.0,0.0019280000124126673,True,True
E3:uniform:p0.85:cv0.0:r27,OPTIMAL,480.13127990509724,480.13127990509724,0.0,0.0018871999927796423,True,True
E3:uniform:p0.85:cv0.0:r28,OPTIMAL,489.09859304298493,489.0985930429849,0.0,0.0017804999952204525,True,True
E3:uniform:p0.85:cv0.0:r29,OPTIMAL,356.40332247738024,356.4033224773802,0.0,0.0020118000102229416,True,True
E3:uniform:p0.7:cv0.35:r0,OPTIMAL,216.60718738573163,216.60718738573166,0.0,0.06727339999633841,True,True
E3:uniform:p0.7:cv0.35:r1,OPTIMAL,246.44500902857632,246.44500902857632,0.0,0.002726600010646507,True,True
E3:uniform:p0.7:cv0.35:r2,OPTIMAL,253.0797928560816,253.0797928560816,0.0,0.08055849999072962,True,True
E3:uniform:p0.7:cv0.35:r3,OPTIMAL,403.5378818787657,403.5378818787657,0.0,0.037300299998605624,True,True
E3:uniform:p0.7:cv0.35:r4,OPTIMAL,338.3448070748497,338.34480707484977,0.0,0.009230099996784702,True,True
E3:uniform:p0.7:cv0.35:r5,OPTIMAL,371.4053469747565,371.4053469747565,0.0,0.010880099987844005,True,True
E3:uniform:p0.7:cv0.35:r6,OPTIMAL,343.5634050115468,343.5634050115468,0.0,0.16704989998834208,True,True
E3:uniform:p0.7:cv0.35:r7,OPTIMAL,317.39039711971657,317.39039711971657,0.0,0.040011399978538975,True,True
E3:uniform:p0.7:cv0.35:r8,OPTIMAL,268.3189095393901,268.3189095393902,0.0,0.02150259999325499,True,True
E3:uniform:p0.7:cv0.35:r9,OPTIMAL,233.1217528094399,233.1217528094399,0.0,0.005012000008719042,True,True
E3:uniform:p0.7:cv0.35:r10,OPTIMAL,238.87400372832184,238.87400372832184,0.0,0.02665099999285303,True,True
E3:uniform:p0.7:cv0.35:r11,OPTIMAL,316.3723367226754,316.3723367226754,0.0,0.035162299987860024,True,True
E3:uniform:p0.7:cv0.35:r12,OPTIMAL,314.47783057073406,314.47783057073406,0.0,0.02482600000803359,True,True
E3:uniform:p0.7:cv0.35:r13,OPTIMAL,330.4872999873983,330.4872999873983,0.0,0.014073099999222904,True,True
E3:uniform:p0.7:cv0.35:r14,OPTIMAL,192.0320612564568,192.03206125645679,0.0,0.0033530000073369592,True,True
E3:uniform:p0.7:cv0.35:r15,OPTIMAL,244.18823921801172,244.18823921801172,0.0,0.011090599989984185,True,True
E3:uniform:p0.7:cv0.35:r16,OPTIMAL,255.70839026243547,255.70839026243547,0.0,0.017190499987918884,True,True
E3:uniform:p0.7:cv0.35:r17,OPTIMAL,391.61071653224667,391.6107165322466,0.0,0.06255479998071678,True,True
E3:uniform:p0.7:cv0.35:r18,OPTIMAL,261.0912143577698,261.0912143577698,0.0,0.009904000005917624,True,True
E3:uniform:p0.7:cv0.35:r19,OPTIMAL,231.06709004657606,231.06709004657606,0.0,0.03208279999671504,True,True
E3:uniform:p0.7:cv0.35:r20,OPTIMAL,339.43887238221,339.43887238221004,0.0,0.016131000011228025,True,True
E3:uniform:p0.7:cv0.35:r21,OPTIMAL,215.2119235383496,215.21192353834957,0.0,0.009337499999674037,True,True
E3:uniform:p0.7:cv0.35:r22,OPTIMAL,477.4258506359457,477.4258506359457,0.0,0.024859299999661744,True,True
E3:uniform:p0.7:cv0.35:r23,OPTIMAL,238.81177538710503,238.81177538710503,0.0,0.008821099996566772,True,True
E3:uniform:p0.7:cv0.35:r24,OPTIMAL,316.1678969179049,316.16789691790484,0.0,0.01643820002209395,True,True
E3:uniform:p0.7:cv0.35:r25,OPTIMAL,199.7875024549508,199.7875024549508,0.0,0.03800119998049922,True,True
E3:uniform:p0.7:cv0.35:r26,OPTIMAL,423.3492469694826,423.34924696948264,0.0,0.047653499990701675,True,True
E3:uniform:p0.7:cv0.35:r27,OPTIMAL,305.92500496042186,305.92500496042186,0.0,0.047819599974900484,True,True
E3:uniform:p0.7:cv0.35:r28,OPTIMAL,306.4831035262428,306.4831035262428,0.0,0.026103300013346598,True,True
E3:uniform:p0.7:cv0.35:r29,OPTIMAL,372.14965849941177,372.1496584994118,0.0,0.02526409999700263,True,True
E3:uniform:p0.85:cv0.35:r0,OPTIMAL,409.499115363372,409.49911536337197,0.0,0.030340700002852827,True,True
E3:uniform:p0.85:cv0.35:r1,OPTIMAL,516.9144574394479,516.914457439448,0.0,0.06902290001744404,True,True
E3:uniform:p0.85:cv0.35:r2,OPTIMAL,357.5681199440351,357.5681199440352,0.0,0.029713900003116578,True,True
E3:uniform:p0.85:cv0.35:r3,OPTIMAL,329.1993194095676,329.1993194095675,0.0,0.05301029997644946,True,True
E3:uniform:p0.85:cv0.35:r4,OPTIMAL,383.3386035854602,383.33860358546025,0.0,0.015896800003247336,True,True
E3:uniform:p0.85:cv0.35:r5,OPTIMAL,399.99440031285786,399.99440031285786,0.0,0.06727980001596734,True,True
E3:uniform:p0.85:cv0.35:r6,OPTIMAL,463.5741694370752,463.5741694370752,0.0,0.058984900009818375,True,True
E3:uniform:p0.85:cv0.35:r7,OPTIMAL,526.6855361327632,526.6855361327633,0.0,0.032551700016483665,True,True
E3:uniform:p0.85:cv0.35:r8,OPTIMAL,525.8851646282717,525.8851646282716,0.0,0.15618769999127835,True,True
E3:uniform:p0.85:cv0.35:r9,OPTIMAL,523.9061367051521,523.906136705152,0.0,0.10358019999694079,True,True
E3:uniform:p0.85:cv0.35:r10,OPTIMAL,542.2329645127072,542.2329645127072,0.0,0.048219599993899465,True,True
E3:uniform:p0.85:cv0.35:r11,OPTIMAL,413.7219871324229,413.7219871324229,0.0,0.04873699997551739,True,True
E3:uniform:p0.85:cv0.35:r12,OPTIMAL,450.6171739241025,450.6171739241025,0.0,0.35640769999008626,True,True
E3:uniform:p0.85:cv0.35:r13,OPTIMAL,289.0755017485481,289.0755017485481,0.0,0.01283959997817874,True,True
E3:uniform:p0.85:cv0.35:r14,OPTIMAL,367.95637624169865,367.95637624169865,0.0,0.017882499989354983,True,True
E3:uniform:p0.85:cv0.35:r15,OPTIMAL,310.5002020180124,310.5002020180124,0.0,0.03348139999434352,True,True
E3:uniform:p0.85:cv0.35:r16,OPTIMAL,511.2837885636825,511.2837885636825,0.0,0.05084999999962747,True,True
E3:uniform:p0.85:cv0.35:r17,OPTIMAL,332.5006912771325,332.5006912771325,0.0,0.021100100013427436,True,True
E3:uniform:p0.85:cv0.35:r18,OPTIMAL,458.04885337055316,458.04885337055316,0.0,0.2543446000199765,True,True
E3:uniform:p0.85:cv0.35:r19,OPTIMAL,452.1749484560167,452.1749484560167,0.0,0.09420809999573976,True,True
E3:uniform:p0.85:cv0.35:r20,OPTIMAL,407.01644103232763,407.01644103232763,0.0,0.034612699993886054,True,True
E3:uniform:p0.85:cv0.35:r21,OPTIMAL,375.2104905137552,375.21049051375525,0.0,0.031085599999642,True,True
E3:uniform:p0.85:cv0.35:r22,OPTIMAL,501.52106226323997,501.52106226323997,0.0,0.04279450001195073,True,True
E3:uniform:p0.85:cv0.35:r23,OPTIMAL,462.9641475656995,462.96414756569953,0.0,0.03994079999392852,True,True
E3:uniform:p0.85:cv0.35:r24,OPTIMAL,411.713272251508,411.713272251508,0.0,0.017158200003905222,True,True
E3:uniform:p0.85:cv0.35:r25,OPTIMAL,351.52243785450776,351.52243785450776,0.0,0.04724720001104288,True,True
E3:uniform:p0.85:cv0.35:r26,OPTIMAL,414.6493661458012,414.6493661458012,0.0,0.07410810000146739,True,True
E3:uniform:p0.85:cv0.35:r27,OPTIMAL,387.0934130297743,387.09341302977435,0.0,0.2829468999989331,True,True
E3:uniform:p0.85:cv0.35:r28,OPTIMAL,365.08758032996315,365.08758032996315,0.0,0.04821690000244416,True,True
E3:uniform:p0.85:cv0.35:r29,OPTIMAL,337.7418044033303,337.7418044033303,0.0,0.029307199991308153,True,True
E3:uniform:p0.7:cv0.65:r0,OPTIMAL,228.7410622229021,228.74106222290212,0.0,0.033201900019776076,True,True
E3:uniform:p0.7:cv0.65:r1,OPTIMAL,272.4644811594279,272.4644811594279,0.0,0.018471999996108934,True,True
E3:uniform:p0.7:cv0.65:r2,OPTIMAL,223.35716894437223,223.35716894437223,0.0,0.02642569999443367,True,True
E3:uniform:p0.7:cv0.65:r3,OPTIMAL,378.9617875990551,378.9617875990551,0.0,0.027254900021944195,True,True
E3:uniform:p0.7:cv0.65:r4,OPTIMAL,320.0302566410262,320.03025664102614,0.0,0.015064300008816645,True,True
E3:uniform:p0.7:cv0.65:r5,OPTIMAL,328.0466848259873,328.0466848259873,0.0,0.030810900003416464,True,True
E3:uniform:p0.7:cv0.65:r6,OPTIMAL,310.8131390371673,310.8131390371673,0.0,0.06385140001657419,True,True
E3:uniform:p0.7:cv0.65:r7,OPTIMAL,254.8228046762597,254.82280467625972,0.0,0.02072749999933876,True,True
E3:uniform:p0.7:cv0.65:r8,OPTIMAL,219.9676051612138,219.96760516121384,0.0,0.011100000003352761,True,True
E3:uniform:p0.7:cv0.65:r9,OPTIMAL,238.04869373801745,238.04869373801742,0.0,0.01294759998563677,True,True
E3:uniform:p0.7:cv0.65:r10,OPTIMAL,236.69266633725647,236.69266633725644,0.0,0.01698499999474734,True,True
E3:uniform:p0.7:cv0.65:r11,OPTIMAL,256.4437867911545,256.4437867911545,0.0,0.009242900006938726,True,True
E3:uniform:p0.7:cv0.65:r12,OPTIMAL,239.9129115237943,239.91291152379432,0.0,0.019913200027076527,True,True
E3:uniform:p0.7:cv0.65:r13,OPTIMAL,286.98898354517723,286.98898354517723,0.0,0.02316909999353811,True,True
E3:uniform:p0.7:cv0.65:r14,OPTIMAL,261.9118364963869,261.9118364963869,0.0,0.01808720000553876,True,True
E3:uniform:p0.7:cv0.65:r15,OPTIMAL,212.72800589466954,212.72800589466954,0.0,0.0049180999922100455,True,True
E3:uniform:p0.7:cv0.65:r16,OPTIMAL,197.48827539981096,197.48827539981096,0.0,0.004672799987019971,True,True
E3:uniform:p0.7:cv0.65:r17,OPTIMAL,341.94579673592267,341.94579673592267,0.0,0.026616699993610382,True,True
E3:uniform:p0.7:cv0.65:r18,OPTIMAL,169.13488567719384,169.13488567719384,0.0,0.005402800015872344,True,True
E3:uniform:p0.7:cv0.65:r19,OPTIMAL,237.16640587653433,237.1664058765343,0.0,0.014636200008681044,True,True
E3:uniform:p0.7:cv0.65:r20,OPTIMAL,289.6173961579369,289.6173961579369,0.0,0.006081500003347173,True,True
E3:uniform:p0.7:cv0.65:r21,OPTIMAL,212.1317560127144,212.1317560127144,0.0,0.00893409998388961,True,True
E3:uniform:p0.7:cv0.65:r22,OPTIMAL,347.133785872419,347.133785872419,0.0,0.04212040000129491,True,True
E3:uniform:p0.7:cv0.65:r23,OPTIMAL,236.04501170416592,236.0450117041659,0.0,0.010897700005443767,True,True
E3:uniform:p0.7:cv0.65:r24,OPTIMAL,364.56506014990714,364.56506014990714,0.0,0.07694070000434294,True,True
E3:uniform:p0.7:cv0.65:r25,OPTIMAL,190.64545977595282,190.64545977595282,0.0,0.01242320000892505,True,True
E3:uniform:p0.7:cv0.65:r26,OPTIMAL,374.23884512052985,374.23884512052985,0.0,0.032628700020723045,True,True
E3:uniform:p0.7:cv0.65:r27,OPTIMAL,235.0933584963198,235.09335849631978,0.0,0.016210700006922707,True,True
E3:uniform:p0.7:cv0.65:r28,OPTIMAL,296.02433409289176,296.0243340928917,0.0,0.03337270001065917,True,True
E3:uniform:p0.7:cv0.65:r29,OPTIMAL,335.66928196555835,335.6692819655583,0.0,0.03832580000744201,True,True
E3:uniform:p0.85:cv0.65:r0,OPTIMAL,360.03608126853976,360.0360812685397,0.0,0.06294189998880029,True,True
E3:uniform:p0.85:cv0.65:r1,OPTIMAL,397.5936600989967,397.59366009899674,0.0,0.05138200000510551,True,True
E3:uniform:p0.85:cv0.65:r2,OPTIMAL,332.7843208688138,332.7843208688138,0.0,0.01617769998847507,True,True
E3:uniform:p0.85:cv0.65:r3,OPTIMAL,292.29183738751226,292.29183738751226,0.0,0.01788880000822246,True,True
E3:uniform:p0.85:cv0.65:r4,OPTIMAL,282.71935521005025,282.71935521005025,0.0,0.03334080000058748,True,True
E3:uniform:p0.85:cv0.65:r5,OPTIMAL,337.5910853233444,337.5910853233444,0.0,0.046118600002955645,True,True
E3:uniform:p0.85:cv0.65:r6,OPTIMAL,406.92713383355465,406.92713383355465,0.0,0.08357660000910982,True,True
E3:uniform:p0.85:cv0.65:r7,OPTIMAL,496.28605192968706,496.28605192968706,0.0,0.04475919998367317,True,True
E3:uniform:p0.85:cv0.65:r8,OPTIMAL,522.4450488622495,522.4450488622495,0.0,0.10105989998555742,True,True
E3:uniform:p0.85:cv0.65:r9,OPTIMAL,455.65037305329713,455.6503730532972,0.0,0.061328799987677485,True,True
E3:uniform:p0.85:cv0.65:r10,OPTIMAL,482.98074253785904,482.98074253785904,0.0,0.1847196000162512,True,True
E3:uniform:p0.85:cv0.65:r11,OPTIMAL,346.90461084526066,346.9046108452607,0.0,0.06776109998463653,True,True
E3:uniform:p0.85:cv0.65:r12,OPTIMAL,398.6449350464766,398.6449350464766,0.0,0.4862356999947224,True,True
E3:uniform:p0.85:cv0.65:r13,OPTIMAL,305.6684396942076,305.6684396942076,0.0,0.030693699984112754,True,True
E3:uniform:p0.85:cv0.65:r14,OPTIMAL,360.5213654691998,360.52136546919974,0.0,0.03086060000350699,True,True
E3:uniform:p0.85:cv0.65:r15,OPTIMAL,345.85811061285904,345.85811061285904,0.0,0.02114669998991303,True,True
E3:uniform:p0.85:cv0.65:r16,OPTIMAL,481.3501956777886,481.3501956777886,0.0,0.16601660000742413,True,True
E3:uniform:p0.85:cv0.65:r17,OPTIMAL,316.57630702976564,316.5763070297656,0.0,0.016575899993767962,True,True
E3:uniform:p0.85:cv0.65:r18,OPTIMAL,364.8903217082004,364.89032170820036,0.0,0.04704429997946136,True,True
E3:uniform:p0.85:cv0.65:r19,OPTIMAL,387.4477037477274,387.4477037477274,0.0,0.039861700002802536,True,True
E3:uniform:p0.85:cv0.65:r20,OPTIMAL,430.2579044014439,430.2579044014439,0.0,0.16819160000886768,True,True
E3:uniform:p0.85:cv0.65:r21,OPTIMAL,365.4971050214973,365.4971050214973,0.0,0.03030620000208728,True,True
E3:uniform:p0.85:cv0.65:r22,OPTIMAL,388.45788042141976,388.45788042141976,0.0,0.05100390000734478,True,True
E3:uniform:p0.85:cv0.65:r23,OPTIMAL,436.75254833584495,436.75254833584495,0.0,0.05533070000819862,True,True
E3:uniform:p0.85:cv0.65:r24,OPTIMAL,352.76681183014966,352.76681183014966,0.0,0.006231399980606511,True,True
E3:uniform:p0.85:cv0.65:r25,OPTIMAL,342.3254844618669,342.3254844618669,0.0,0.06739179999567568,True,True
E3:uniform:p0.85:cv0.65:r26,OPTIMAL,395.08957906320745,395.08957906320745,0.0,0.08900770000764169,True,True
E3:uniform:p0.85:cv0.65:r27,OPTIMAL,315.1552463637263,315.1552463637263,0.0,0.21765350000350736,True,True
E3:uniform:p0.85:cv0.65:r28,OPTIMAL,378.8152220384552,378.8152220384552,0.0,0.027239599992753938,True,True
E3:uniform:p0.85:cv0.65:r29,OPTIMAL,280.65974063447754,280.65974063447754,0.0,0.01888449999387376,True,True
E3:uniform:p0.7:cv1.0:r0,OPTIMAL,174.13474702991374,174.13474702991374,0.0,0.008781899989116937,True,True
E3:uniform:p0.7:cv1.0:r1,OPTIMAL,266.31557787991295,266.31557787991295,0.0,0.028749999997671694,True,True
E3:uniform:p0.7:cv1.0:r2,OPTIMAL,190.9704766645371,190.9704766645371,0.0,0.004088899993803352,True,True
E3:uniform:p0.7:cv1.0:r3,OPTIMAL,267.55799084649493,267.557990846495,0.0,0.011803600005805492,True,True
E3:uniform:p0.7:cv1.0:r4,OPTIMAL,324.15518338006865,324.15518338006865,0.0,0.020390099991345778,True,True
E3:uniform:p0.7:cv1.0:r5,OPTIMAL,334.8679020844461,334.8679020844461,0.0,0.042571600002702326,True,True
E3:uniform:p0.7:cv1.0:r6,OPTIMAL,275.3665227312284,275.3665227312284,0.0,0.04742950000218116,True,True
E3:uniform:p0.7:cv1.0:r7,OPTIMAL,277.4466543572493,277.4466543572493,0.0,0.04721160000190139,True,True
E3:uniform:p0.7:cv1.0:r8,OPTIMAL,345.663845029215,345.663845029215,0.0,0.03519219998270273,True,True
E3:uniform:p0.7:cv1.0:r9,OPTIMAL,194.7082311498918,194.70823114989176,0.0,0.009669199993368238,True,True
E3:uniform:p0.7:cv1.0:r10,OPTIMAL,224.04315497236786,224.04315497236783,0.0,0.030890900001395494,True,True
E3:uniform:p0.7:cv1.0:r11,OPTIMAL,236.2414796269188,236.24147962691876,0.0,0.006373000011080876,True,True
E3:uniform:p0.7:cv1.0:r12,OPTIMAL,213.2385364097124,213.23853640971242,0.0,0.01937769999494776,True,True
E3:uniform:p0.7:cv1.0:r13,OPTIMAL,257.5280862697365,257.5280862697365,0.0,0.006029000011039898,True,True
E3:uniform:p0.7:cv1.0:r14,OPTIMAL,190.8894168693975,190.88941686939748,0.0,0.006819200003519654,True,True
E3:uniform:p0.7:cv1.0:r15,OPTIMAL,247.0574176839574,247.0574176839574,0.0,0.010581999988062307,True,True
E3:uniform:p0.7:cv1.0:r16,OPTIMAL,217.38032005408218,217.3803200540822,0.0,0.03100420002010651,True,True
E3:uniform:p0.7:cv1.0:r17,OPTIMAL,330.6065206475522,330.60652064755214,0.0,0.03092089999699965,True,True
E3:uniform:p0.7:cv1.0:r18,OPTIMAL,223.8751616873212,223.8751616873212,0.0,0.01503840001532808,True,True
E3:uniform:p0.7:cv1.0:r19,OPTIMAL,198.80698392279086,198.80698392279086,0.0,0.027680099999997765,True,True
E3:uniform:p0.7:cv1.0:r20,OPTIMAL,287.3908790801379,287.3908790801379,0.0,0.013096700015012175,True,True
E3:uniform:p0.7:cv1.0:r21,OPTIMAL,222.46543431213092,222.4654343121309,0.0,0.019329800008563325,True,True
E3:uniform:p0.7:cv1.0:r22,OPTIMAL,378.4373514707191,378.4373514707191,0.0,0.019799100002273917,True,True
E3:uniform:p0.7:cv1.0:r23,OPTIMAL,242.36936229357957,242.3693622935796,0.0,0.04764289999729954,True,True
E3:uniform:p0.7:cv1.0:r24,OPTIMAL,210.9155758048152,210.91557580481523,0.0,0.007368699996732175,True,True
E3:uniform:p0.7:cv1.0:r25,OPTIMAL,179.07439197804524,179.07439197804524,0.0,0.08180569999967702,True,True
E3:uniform:p0.7:cv1.0:r26,OPTIMAL,356.83548073144925,356.83548073144925,0.0,0.022561299992958084,True,True
E3:uniform:p0.7:cv1.0:r27,OPTIMAL,250.11024657190038,250.11024657190038,0.0,0.011035400006221607,True,True
E3:uniform:p0.7:cv1.0:r28,OPTIMAL,258.77596827763216,258.77596827763216,0.0,0.006914300000062212,True,True
E3:uniform:p0.7:cv1.0:r29,OPTIMAL,321.27463241992064,321.27463241992064,0.0,0.02552039999864064,True,True
E3:uniform:p0.85:cv1.0:r0,OPTIMAL,346.4174888289059,346.4174888289059,0.0,0.010484300000825897,True,True
E3:uniform:p0.85:cv1.0:r1,OPTIMAL,432.4649353716515,432.46493537165145,0.0,0.05525189999025315,True,True
E3:uniform:p0.85:cv1.0:r2,OPTIMAL,323.1628446566016,323.16284465660164,0.0,0.021308900002622977,True,True
E3:uniform:p0.85:cv1.0:r3,OPTIMAL,292.5451810345014,292.5451810345014,0.0,0.022449599986430258,True,True
E3:uniform:p0.85:cv1.0:r4,OPTIMAL,312.5933562321114,312.59335623211143,0.0,0.049862600018968806,True,True
E3:uniform:p0.85:cv1.0:r5,OPTIMAL,321.1068172886693,321.1068172886693,0.0,0.012551799998618662,True,True
E3:uniform:p0.85:cv1.0:r6,OPTIMAL,414.7703427909771,414.770342790977,0.0,0.02927640001871623,True,True
E3:uniform:p0.85:cv1.0:r7,OPTIMAL,544.8525255389044,544.8525255389044,0.0,0.04088929999852553,True,True
E3:uniform:p0.85:cv1.0:r8,OPTIMAL,506.67291832443897,506.67291832443897,0.0,0.22713019998627715,True,True
E3:uniform:p0.85:cv1.0:r9,OPTIMAL,469.60132510150765,469.60132510150765,0.0,0.033768199995392933,True,True
E3:uniform:p0.85:cv1.0:r10,OPTIMAL,370.41719988348984,370.4171998834898,0.0,0.055181600007927045,True,True
E3:uniform:p0.85:cv1.0:r11,OPTIMAL,293.8197705602093,293.8197705602093,0.0,0.011256099998718128,True,True
E3:uniform:p0.85:cv1.0:r12,OPTIMAL,363.24610085265226,363.24610085265226,0.0,0.05483590002404526,True,True
E3:uniform:p0.85:cv1.0:r13,OPTIMAL,326.3918381692996,326.39183816929955,0.0,0.010078899998916313,True,True
E3:uniform:p0.85:cv1.0:r14,OPTIMAL,352.88414071704443,352.88414071704443,0.0,0.03389360001892783,True,True
E3:uniform:p0.85:cv1.0:r15,OPTIMAL,314.41605356677456,314.41605356677456,0.0,0.01749490000656806,True,True
E3:uniform:p0.85:cv1.0:r16,OPTIMAL,436.8475036995454,436.84750369954537,0.0,0.054492499999469146,True,True
E3:uniform:p0.85:cv1.0:r17,OPTIMAL,435.6508566997114,435.6508566997115,0.0,0.31367400000453927,True,True
E3:uniform:p0.85:cv1.0:r18,OPTIMAL,330.7299005592644,330.7299005592644,0.0,0.04575930000282824,True,True
E3:uniform:p0.85:cv1.0:r19,OPTIMAL,367.0658232563036,367.0658232563036,0.0,0.08845019998261705,True,True
E3:uniform:p0.85:cv1.0:r20,OPTIMAL,390.1027547629477,390.10275476294765,0.0,0.07139190001180395,True,True
E3:uniform:p0.85:cv1.0:r21,OPTIMAL,325.83444114660955,325.83444114660955,0.0,0.0334588999976404,True,True
E3:uniform:p0.85:cv1.0:r22,OPTIMAL,487.6315449468789,487.63154494687893,0.0,0.055285399983404204,True,True
E3:uniform:p0.85:cv1.0:r23,OPTIMAL,373.20338548981766,373.20338548981766,0.0,0.027564899995923042,True,True
E3:uniform:p0.85:cv1.0:r24,OPTIMAL,322.70987602945723,322.70987602945723,0.0,0.008096500008832663,True,True
E3:uniform:p0.85:cv1.0:r25,OPTIMAL,321.300289142846,321.300289142846,0.0,0.03875000000698492,True,True
E3:uniform:p0.85:cv1.0:r26,OPTIMAL,375.00215701759373,375.00215701759373,0.0,0.09483740001451224,True,True
E3:uniform:p0.85:cv1.0:r27,OPTIMAL,319.73067843990896,319.73067843990896,0.0,0.1448124000162352,True,True
E3:uniform:p0.85:cv1.0:r28,OPTIMAL,326.83581637883236,326.83581637883236,0.0,0.04533100000116974,True,True
E3:uniform:p0.85:cv1.0:r29,OPTIMAL,262.7155359405953,262.7155359405954,0.0,0.013274099997943267,True,True
E3:clustered:p0.7:cv0.0:r0,OPTIMAL,489.06019242857474,489.0601924285747,0.0,0.002168599981814623,True,True
E3:clustered:p0.7:cv0.0:r1,OPTIMAL,445.3836966276275,445.3836966276275,0.0,0.0027637000021059066,True,True
E3:clustered:p0.7:cv0.0:r2,OPTIMAL,347.4872826489629,347.4872826489629,0.0,0.0026288999943062663,True,True
E3:clustered:p0.7:cv0.0:r3,OPTIMAL,256.66951438562427,256.66951438562427,0.0,0.0023432000016327947,True,True
E3:clustered:p0.7:cv0.0:r4,OPTIMAL,372.7741609517544,372.7741609517544,0.0,0.002337499987334013,True,True
E3:clustered:p0.7:cv0.0:r5,OPTIMAL,417.82857838916107,417.82857838916107,0.0,0.0020009000145364553,True,True
E3:clustered:p0.7:cv0.0:r6,OPTIMAL,404.51271897510463,404.5127189751046,0.0,0.0024944999895524234,True,True
E3:clustered:p0.7:cv0.0:r7,OPTIMAL,525.4366129226482,525.4366129226482,0.0,0.0019399999873712659,True,True
E3:clustered:p0.7:cv0.0:r8,OPTIMAL,404.7223982805377,404.72239828053773,0.0,0.002672200003871694,True,True
E3:clustered:p0.7:cv0.0:r9,OPTIMAL,304.6702759814347,304.67027598143466,0.0,0.0020198000129312277,True,True
E3:clustered:p0.7:cv0.0:r10,OPTIMAL,341.36103924757646,341.36103924757646,0.0,0.0019335000251885504,True,True
E3:clustered:p0.7:cv0.0:r11,OPTIMAL,326.4453429311416,326.4453429311416,0.0,0.0028426999924704432,True,True
E3:clustered:p0.7:cv0.0:r12,OPTIMAL,297.47573058189346,297.47573058189346,0.0,0.002476499998010695,True,True
E3:clustered:p0.7:cv0.0:r13,OPTIMAL,376.49738971865776,376.49738971865776,0.0,0.002124200022080913,True,True
E3:clustered:p0.7:cv0.0:r14,OPTIMAL,450.21050184569924,450.2105018456993,0.0,0.0018494999967515469,True,True
E3:clustered:p0.7:cv0.0:r15,OPTIMAL,349.91992397914953,349.91992397914953,0.0,0.001983699999982491,True,True
E3:clustered:p0.7:cv0.0:r16,OPTIMAL,358.16774840289236,358.16774840289236,0.0,0.002298999985214323,True,True
E3:clustered:p0.7:cv0.0:r17,OPTIMAL,318.98187676561565,318.98187676561565,0.0,0.0021781999967060983,True,True
E3:clustered:p0.7:cv0.0:r18,OPTIMAL,404.5028372517539,404.5028372517539,0.0,0.002359699981752783,True,True
E3:clustered:p0.7:cv0.0:r19,OPTIMAL,320.1459606661058,320.14596066610585,0.0,0.002657300006831065,True,True
E3:clustered:p0.7:cv0.0:r20,OPTIMAL,399.26227597868467,399.26227597868467,0.0,0.001801500009605661,True,True
E3:clustered:p0.7:cv0.0:r21,OPTIMAL,275.20001485433454,275.20001485433454,0.0,0.0026276000135112554,True,True
E3:clustered:p0.7:cv0.0:r22,OPTIMAL,396.95026107334246,396.95026107334246,0.0,0.002065599983325228,True,True
E3:clustered:p0.7:cv0.0:r23,OPTIMAL,340.05254505464313,340.05254505464313,0.0,0.0019184999982826412,True,True
E3:clustered:p0.7:cv0.0:r24,OPTIMAL,297.6212148392412,297.6212148392412,0.0,0.0028405000048223883,True,True
E3:clustered:p0.7:cv0.0:r25,OPTIMAL,264.7650965262332,264.7650965262332,0.0,0.0017547000024933368,True,True
E3:clustered:p0.7:cv0.0:r26,OPTIMAL,321.9228160780558,321.9228160780558,0.0,0.0015933999966364354,True,True
E3:clustered:p0.7:cv0.0:r27,OPTIMAL,445.2717607013086,445.27176070130855,0.0,0.002117500000167638,True,True
E3:clustered:p0.7:cv0.0:r28,OPTIMAL,288.55912174390267,288.5591217439026,0.0,0.0017530999903101474,True,True
E3:clustered:p0.7:cv0.0:r29,OPTIMAL,262.2483897796741,262.2483897796741,0.0,0.0019193000043742359,True,True
E3:clustered:p0.85:cv0.0:r0,OPTIMAL,430.5763020446005,430.5763020446005,0.0,0.0016679999826010317,True,True
E3:clustered:p0.85:cv0.0:r1,OPTIMAL,398.05795622431395,398.05795622431395,0.0,0.002659799996763468,True,True
E3:clustered:p0.85:cv0.0:r2,OPTIMAL,562.933431141418,562.933431141418,0.0,0.0017823000089265406,True,True
E3:clustered:p0.85:cv0.0:r3,OPTIMAL,608.638340243881,608.6383402438809,0.0,0.0034952000132761896,True,True
E3:clustered:p0.85:cv0.0:r4,INFEASIBLE,,,0.0,0.002783800009638071,False,False
E3:clustered:p0.85:cv0.0:r5,OPTIMAL,603.6965315542272,603.6965315542272,0.0,0.0019172000174876302,True,True
E3:clustered:p0.85:cv0.0:r6,INFEASIBLE,,,0.0,0.00266389999887906,False,False
E3:clustered:p0.85:cv0.0:r7,INFEASIBLE,,,0.0,0.002299999992828816,False,False
E3:clustered:p0.85:cv0.0:r8,INFEASIBLE,,,0.0,0.00270389998331666,False,False
E3:clustered:p0.85:cv0.0:r9,OPTIMAL,664.6353815128477,664.6353815128477,0.0,0.0018832999921869487,True,True
E3:clustered:p0.85:cv0.0:r10,INFEASIBLE,,,0.0,0.0019401000172365457,False,False
E3:clustered:p0.85:cv0.0:r11,OPTIMAL,439.53505082393247,439.5350508239324,0.0,0.001730199990561232,True,True
E3:clustered:p0.85:cv0.0:r12,OPTIMAL,720.9131007036857,720.9131007036857,0.0,0.0016255999798886478,True,True
E3:clustered:p0.85:cv0.0:r13,INFEASIBLE,,,0.0,0.0027900999994017184,False,False
E3:clustered:p0.85:cv0.0:r14,OPTIMAL,599.4424592112033,599.4424592112033,0.0,0.001725899986922741,True,True
E3:clustered:p0.85:cv0.0:r15,OPTIMAL,459.3158573563168,459.3158573563168,0.0,0.0025606999988667667,True,True
E3:clustered:p0.85:cv0.0:r16,OPTIMAL,429.403125033339,429.403125033339,0.0,0.0020616999827325344,True,True
E3:clustered:p0.85:cv0.0:r17,OPTIMAL,674.4919419688987,674.4919419688987,0.0,0.004182000004220754,True,True
E3:clustered:p0.85:cv0.0:r18,INFEASIBLE,,,0.0,0.0017519000102765858,False,False
E3:clustered:p0.85:cv0.0:r19,OPTIMAL,313.2105177031134,313.2105177031134,0.0,0.0020034000044688582,True,True
E3:clustered:p0.85:cv0.0:r20,OPTIMAL,528.4120162784151,528.4120162784151,0.0,0.00279129997943528,True,True
E3:clustered:p0.85:cv0.0:r21,OPTIMAL,496.7984604981732,496.7984604981732,0.0,0.0018007000035140663,True,True
E3:clustered:p0.85:cv0.0:r22,OPTIMAL,476.05622710924024,476.05622710924024,0.0,0.0021523000032175332,True,True
E3:clustered:p0.85:cv0.0:r23,OPTIMAL,449.86978250187934,449.86978250187934,0.0,0.0027342999819666147,True,True
E3:clustered:p0.85:cv0.0:r24,OPTIMAL,554.5679265643597,554.5679265643597,0.0,0.0025787000195123255,True,True
E3:clustered:p0.85:cv0.0:r25,OPTIMAL,623.3796444031839,623.3796444031839,0.0,0.0019397999858483672,True,True
E3:clustered:p0.85:cv0.0:r26,OPTIMAL,425.68291838865315,425.68291838865315,0.0,0.0025954000011552125,True,True
E3:clustered:p0.85:cv0.0:r27,OPTIMAL,691.0478420286736,691.0478420286736,0.0,0.0024836999946273863,True,True
E3:clustered:p0.85:cv0.0:r28,OPTIMAL,484.0517044749564,484.0517044749564,0.0,0.002732699998887256,True,True
E3:clustered:p0.85:cv0.0:r29,INFEASIBLE,,,0.0,0.0018186999950557947,False,False
E3:clustered:p0.7:cv0.35:r0,OPTIMAL,358.77671744977386,358.77671744977386,0.0,0.05961349999415688,True,True
E3:clustered:p0.7:cv0.35:r1,OPTIMAL,325.01196751964653,325.01196751964653,0.0,0.18194239999866113,True,True
E3:clustered:p0.7:cv0.35:r2,OPTIMAL,276.7772829159769,276.7772829159769,0.0,0.0257710000150837,True,True
E3:clustered:p0.7:cv0.35:r3,OPTIMAL,246.4683033822945,246.4683033822945,0.0,0.011738200002582744,True,True
E3:clustered:p0.7:cv0.35:r4,OPTIMAL,299.07386948698394,299.07386948698394,0.0,0.07268749998183921,True,True
E3:clustered:p0.7:cv0.35:r5,OPTIMAL,366.15056104704837,366.15056104704837,0.0,0.1032137000001967,True,True
E3:clustered:p0.7:cv0.35:r6,OPTIMAL,380.93879764047404,380.93879764047404,0.0,0.03144449999672361,True,True
E3:clustered:p0.7:cv0.35:r7,OPTIMAL,360.5508656305699,360.55086563056983,0.0,0.06668470002477989,True,True
E3:clustered:p0.7:cv0.35:r8,OPTIMAL,352.3131297186225,352.3131297186225,0.0,0.020246899977792054,True,True
E3:clustered:p0.7:cv0.35:r9,OPTIMAL,289.8315366162195,289.8315366162196,0.0,0.054337199981091544,True,True
E3:clustered:p0.7:cv0.35:r10,OPTIMAL,280.62047760220514,280.62047760220514,0.0,0.035722300002817065,True,True
E3:clustered:p0.7:cv0.35:r11,OPTIMAL,244.60809778862145,244.60809778862145,0.0,0.06962500000372529,True,True
E3:clustered:p0.7:cv0.35:r12,OPTIMAL,259.7282529490217,259.7282529490217,0.0,0.06576769999810494,True,True
E3:clustered:p0.7:cv0.35:r13,OPTIMAL,318.7663628043132,318.76636280431313,0.0,0.03350900000077672,True,True
E3:clustered:p0.7:cv0.35:r14,OPTIMAL,355.64065938190294,355.64065938190294,0.0,0.17871430001105182,True,True
E3:clustered:p0.7:cv0.35:r15,OPTIMAL,335.0493882938812,335.04938829388107,0.0,0.03126729998621158,True,True
E3:clustered:p0.7:cv0.35:r16,OPTIMAL,315.8507817970682,315.8507817970682,0.0,0.02606709999963641,True,True
E3:clustered:p0.7:cv0.35:r17,OPTIMAL,282.7419752940755,282.7419752940755,0.0,0.013604699983261526,True,True
E3:clustered:p0.7:cv0.35:r18,OPTIMAL,288.6925843542001,288.6925843542001,0.0,0.04498439998133108,True,True
E3:clustered:p0.7:cv0.35:r19,OPTIMAL,239.10989749650952,239.10989749650952,0.0,0.011139000009279698,True,True
E3:clustered:p0.7:cv0.35:r20,OPTIMAL,269.103131213205,269.103131213205,0.0,0.09675799999968149,True,True
E3:clustered:p0.7:cv0.35:r21,OPTIMAL,219.82049941131788,219.82049941131788,0.0,0.16385290000471286,True,True
E3:clustered:p0.7:cv0.35:r22,OPTIMAL,280.69902197908857,280.69902197908857,0.0,0.02094830002170056,True,True
E3:clustered:p0.7:cv0.35:r23,OPTIMAL,308.64106800850135,308.64106800850135,0.0,0.005852399975992739,True,True
E3:clustered:p0.7:cv0.35:r24,OPTIMAL,221.54665416353475,221.54665416353478,0.0,0.007753000012598932,True,True
E3:clustered:p0.7:cv0.35:r25,OPTIMAL,236.36544772905125,236.36544772905128,0.0,0.046644699992612004,True,True
E3:clustered:p0.7:cv0.35:r26,OPTIMAL,252.92875761439444,252.92875761439447,0.0,0.03933670002152212,True,True
E3:clustered:p0.7:cv0.35:r27,OPTIMAL,358.3887336287175,358.3887336287175,0.0,0.02564049998181872,True,True
E3:clustered:p0.7:cv0.35:r28,OPTIMAL,270.7949991450571,270.7949991450571,0.0,0.017237399995792657,True,True
E3:clustered:p0.7:cv0.35:r29,OPTIMAL,237.80196244198874,237.8019624419887,0.0,0.03141549997963011,True,True
E3:clustered:p0.85:cv0.35:r0,OPTIMAL,419.00190031672855,419.0019003167286,0.0,0.05010659998515621,True,True
E3:clustered:p0.85:cv0.35:r1,OPTIMAL,378.04780649619687,378.04780649619687,0.0,0.07149829997797497,True,True
E3:clustered:p0.85:cv0.35:r2,OPTIMAL,499.0209865689221,499.02098656892207,0.0,0.3578752000175882,True,True
E3:clustered:p0.85:cv0.35:r3,OPTIMAL,447.018862129882,447.018862129882,0.0,0.05112150000059046,True,True
E3:clustered:p0.85:cv0.35:r4,OPTIMAL,403.60973588505453,403.60973588505453,0.0,0.07579569998779334,True,True
E3:clustered:p0.85:cv0.35:r5,OPTIMAL,480.0017294284449,480.0017294284449,0.0,0.05589449999388307,True,True
E3:clustered:p0.85:cv0.35:r6,OPTIMAL,418.8649343220153,418.8649343220153,0.0,0.3690612000063993,True,True
E3:clustered:p0.85:cv0.35:r7,OPTIMAL,352.72304816613257,352.72304816613257,0.0,0.28083309999783523,True,True
E3:clustered:p0.85:cv0.35:r8,OPTIMAL,360.3605694597205,360.36056945972047,0.0,0.0954904000100214,True,True
E3:clustered:p0.85:cv0.35:r9,OPTIMAL,513.804075885866,513.804075885866,0.0,0.12944109999807552,True,True
E3:clustered:p0.85:cv0.35:r10,OPTIMAL,489.91810398778716,489.91810398778716,0.0,0.04833329998655245,True,True
E3:clustered:p0.85:cv0.35:r11,OPTIMAL,399.3524613919019,399.3524613919019,0.0,0.2908254000067245,True,True
E3:clustered:p0.85:cv0.35:r12,OPTIMAL,588.653020039372,588.653020039372,0.0,0.021804200019687414,True,True
E3:clustered:p0.85:cv0.35:r13,OPTIMAL,373.8467736720826,373.84677367208246,0.0,0.13789109999197535,True,True
E3:clustered:p0.85:cv0.35:r14,OPTIMAL,457.4218385588743,457.42183855887436,0.0,0.19078279999666847,True,True
E3:clustered:p0.85:cv0.35:r15,OPTIMAL,388.41393737272796,388.413937372728,0.0,0.024204199988162145,True,True
E3:clustered:p0.85:cv0.35:r16,OPTIMAL,347.1684061542029,347.1684061542029,0.0,0.028221999993547797,True,True
E3:clustered:p0.85:cv0.35:r17,OPTIMAL,573.7025868830643,573.7025868830643,0.0,0.5665324000001419,True,True
E3:clustered:p0.85:cv0.35:r18,OPTIMAL,308.8533793726722,308.8533793726722,0.0,0.11615069999243133,True,True
E3:clustered:p0.85:cv0.35:r19,OPTIMAL,292.73320351524666,292.73320351524666,0.0,0.03318600001512095,True,True
E3:clustered:p0.85:cv0.35:r20,OPTIMAL,460.817258276276,460.817258276276,0.0,0.05484779999824241,True,True
E3:clustered:p0.85:cv0.35:r21,OPTIMAL,407.35684639224985,407.35684639224985,0.0,0.2472418999823276,True,True
E3:clustered:p0.85:cv0.35:r22,OPTIMAL,408.61665192234534,408.61665192234534,0.0,0.03655419999267906,True,True
E3:clustered:p0.85:cv0.35:r23,OPTIMAL,362.09746401620504,362.09746401620504,0.0,0.01744440000038594,True,True
E3:clustered:p0.85:cv0.35:r24,OPTIMAL,482.60646500911025,482.60646500911025,0.0,0.0347096000041347,True,True
E3:clustered:p0.85:cv0.35:r25,OPTIMAL,470.5512272708682,470.5512272708682,0.0,0.4455197000061162,True,True
E3:clustered:p0.85:cv0.35:r26,OPTIMAL,422.39807826499083,422.39807826499083,0.0,0.20922689998405986,True,True
E3:clustered:p0.85:cv0.35:r27,OPTIMAL,532.9786541398919,532.978654139892,0.0,0.07114200000069104,True,True
E3:clustered:p0.85:cv0.35:r28,OPTIMAL,363.8591742700146,363.85917427001453,0.0,0.10034160001669079,True,True
E3:clustered:p0.85:cv0.35:r29,OPTIMAL,375.2533913942086,375.25339139420856,0.0,0.07817140000406653,True,True
E3:clustered:p0.7:cv0.65:r0,OPTIMAL,339.2168307857154,339.2168307857154,0.0,0.05549359999713488,True,True
E3:clustered:p0.7:cv0.65:r1,OPTIMAL,277.32488933399446,277.32488933399446,0.0,0.037481100007425994,True,True
E3:clustered:p0.7:cv0.65:r2,OPTIMAL,208.37056729720783,208.37056729720786,0.0,0.022359700000379235,True,True
E3:clustered:p0.7:cv0.65:r3,OPTIMAL,197.67301647989152,197.6730164798915,0.0,0.019335700024385005,True,True
E3:clustered:p0.7:cv0.65:r4,OPTIMAL,260.72980037253836,260.72980037253836,0.0,0.03389289998449385,True,True
E3:clustered:p0.7:cv0.65:r5,OPTIMAL,269.5677109513101,269.56771095131006,0.0,0.06295369999133982,True,True
E3:clustered:p0.7:cv0.65:r6,OPTIMAL,397.7471419975813,397.74714199758125,0.0,0.37181760001112707,True,True
E3:clustered:p0.7:cv0.65:r7,OPTIMAL,375.05249860115447,375.05249860115447,0.0,0.06497860001400113,True,True
E3:clustered:p0.7:cv0.65:r8,OPTIMAL,309.3615196821661,309.3615196821661,0.0,0.022681600006762892,True,True
E3:clustered:p0.7:cv0.65:r9,OPTIMAL,218.7059695534199,218.7059695534199,0.0,0.016418699990026653,True,True
E3:clustered:p0.7:cv0.65:r10,OPTIMAL,278.7521879524616,278.7521879524616,0.0,0.026417899993248284,True,True
E3:clustered:p0.7:cv0.65:r11,OPTIMAL,281.9443337596941,281.9443337596934,2.4193464618837825e-15,0.038747799990233034,True,True
E3:clustered:p0.7:cv0.65:r12,OPTIMAL,288.8661375195044,288.86613751950443,0.0,0.057691499998327345,True,True
E3:clustered:p0.7:cv0.65:r13,OPTIMAL,290.927643830044,290.9276438300441,0.0,0.06877250000252388,True,True
E3:clustered:p0.7:cv0.65:r14,OPTIMAL,320.57331570158965,320.57331570158965,0.0,0.012924799986649305,True,True
E3:clustered:p0.7:cv0.65:r15,OPTIMAL,277.8413553913408,277.8413553913408,0.0,0.010026099975220859,True,True
E3:clustered:p0.7:cv0.65:r16,OPTIMAL,282.21770223567967,282.21770223567967,0.0,0.018328300007851794,True,True
E3:clustered:p0.7:cv0.65:r17,OPTIMAL,265.06621101292984,265.06621101292984,0.0,0.03104400000302121,True,True
E3:clustered:p0.7:cv0.65:r18,OPTIMAL,278.7972713812801,278.79727138128004,0.0,0.043376299989176914,True,True
E3:clustered:p0.7:cv0.65:r19,OPTIMAL,186.35365851721744,186.35365851721744,0.0,0.01793319999706,True,True
E3:clustered:p0.7:cv0.65:r20,OPTIMAL,196.9206568529953,196.9206568529953,0.0,0.1409550000098534,True,True
E3:clustered:p0.7:cv0.65:r21,OPTIMAL,173.22147744976846,173.22147744976846,0.0,0.020606599980965257,True,True
E3:clustered:p0.7:cv0.65:r22,OPTIMAL,302.8142993048298,302.8142993048298,0.0,0.01524129998870194,True,True
E3:clustered:p0.7:cv0.65:r23,OPTIMAL,301.70286569596226,301.70286569596226,0.0,0.02823629998601973,True,True
E3:clustered:p0.7:cv0.65:r24,OPTIMAL,260.17818485566863,260.1781848556686,0.0,0.08406920000561513,True,True
E3:clustered:p0.7:cv0.65:r25,OPTIMAL,235.92670866680766,235.92670866680766,0.0,0.15275880001718178,True,True
E3:clustered:p0.7:cv0.65:r26,OPTIMAL,237.1742998844166,237.1742998844166,0.0,0.032070000015664846,True,True
E3:clustered:p0.7:cv0.65:r27,OPTIMAL,339.2522927237096,339.2522927237097,0.0,0.030923700018320233,True,True
E3:clustered:p0.7:cv0.65:r28,OPTIMAL,261.8526916939434,261.8526916939434,0.0,0.026832600007764995,True,True
E3:clustered:p0.7:cv0.65:r29,OPTIMAL,269.80822901507275,269.80822901507275,0.0,0.046296500018797815,True,True
E3:clustered:p0.85:cv0.65:r0,OPTIMAL,396.07017180746624,396.07017180746624,0.0,0.07699840000714175,True,True
E3:clustered:p0.85:cv0.65:r1,OPTIMAL,330.6739203084959,330.6739203084959,0.0,0.0643524999904912,True,True
E3:clustered:p0.85:cv0.65:r2,OPTIMAL,464.12121727424824,464.1212172742483,0.0,0.24873560000560246,True,True
E3:clustered:p0.85:cv0.65:r3,OPTIMAL,389.09489700088295,389.0948970008829,0.0,0.0677373000071384,True,True
E3:clustered:p0.85:cv0.65:r4,OPTIMAL,402.42535713499564,402.4253571349956,0.0,0.06333370000356808,True,True
E3:clustered:p0.85:cv0.65:r5,OPTIMAL,373.37513049894267,373.3751304989427,0.0,0.04202899997471832,True,True
E3:clustered:p0.85:cv0.65:r6,OPTIMAL,411.94657658581116,411.94657658581116,0.0,0.3230052999861073,True,True
E3:clustered:p0.85:cv0.65:r7,OPTIMAL,355.7831707720756,355.7831707720756,0.0,0.35149319999618456,True,True
E3:clustered:p0.85:cv0.65:r8,OPTIMAL,340.85942782368215,340.8594278236822,0.0,0.04912869998952374,True,True
E3:clustered:p0.85:cv0.65:r9,OPTIMAL,522.6742930325687,522.6742930325686,0.0,0.023215900000650436,True,True
E3:clustered:p0.85:cv0.65:r10,OPTIMAL,445.5099942926487,445.5099942926487,0.0,0.1460559999977704,True,True
E3:clustered:p0.85:cv0.65:r11,OPTIMAL,364.788476053653,364.78847605365297,0.0,0.05681850001565181,True,True
E3:clustered:p0.85:cv0.65:r12,OPTIMAL,437.81890817955195,437.81890817955195,0.0,0.04321110001183115,True,True
E3:clustered:p0.85:cv0.65:r13,OPTIMAL,313.7761592034475,313.7761592034475,0.0,0.0627202000177931,True,True
E3:clustered:p0.85:cv0.65:r14,OPTIMAL,392.39352341336115,392.39352341336115,0.0,0.23689410000224598,True,True
E3:clustered:p0.85:cv0.65:r15,OPTIMAL,368.43458712906715,368.43458712906715,0.0,0.07300090001081116,True,True
E3:clustered:p0.85:cv0.65:r16,OPTIMAL,340.35072418128044,340.3507241812804,0.0,0.06108809998841025,True,True
E3:clustered:p0.85:cv0.65:r17,OPTIMAL,481.9483616008719,481.94836160087186,0.0,0.058247100008884445,True,True
E3:clustered:p0.85:cv0.65:r18,OPTIMAL,290.7982369967028,290.7982369967028,0.0,0.031450700014829636,True,True
E3:clustered:p0.85:cv0.65:r19,OPTIMAL,280.22229175172447,280.22229175172447,0.0,0.25462619998143055,True,True
E3:clustered:p0.85:cv0.65:r20,OPTIMAL,404.86080481311024,404.86080481311024,0.0,0.03792450000764802,True,True
E3:clustered:p0.85:cv0.65:r21,OPTIMAL,370.11045188266615,370.1104518826662,0.0,0.04620519999298267,True,True
E3:clustered:p0.85:cv0.65:r22,OPTIMAL,388.62716068788694,388.62716068788694,0.0,0.30632190001779236,True,True
E3:clustered:p0.85:cv0.65:r23,OPTIMAL,364.52142866068823,364.5214286606883,0.0,0.03741400002036244,True,True
E3:clustered:p0.85:cv0.65:r24,OPTIMAL,449.7335064457544,449.73350644575436,0.0,0.062140800000634044,True,True
E3:clustered:p0.85:cv0.65:r25,OPTIMAL,447.57693971909896,447.57693971909896,0.0,0.04399800000828691,True,True
E3:clustered:p0.85:cv0.65:r26,OPTIMAL,381.52719244973764,381.52719244973764,0.0,0.026335000002291054,True,True
E3:clustered:p0.85:cv0.65:r27,OPTIMAL,514.1305446163066,514.1305446163066,0.0,0.12858250000863336,True,True
E3:clustered:p0.85:cv0.65:r28,OPTIMAL,348.8824074322894,348.8824074322895,0.0,0.12039709999226034,True,True
E3:clustered:p0.85:cv0.65:r29,OPTIMAL,341.08689148903863,341.08689148903863,0.0,0.06412779999664053,True,True
E3:clustered:p0.7:cv1.0:r0,OPTIMAL,412.68657807596105,412.686578075961,0.0,0.03579719999106601,True,True
E3:clustered:p0.7:cv1.0:r1,OPTIMAL,249.3311330849264,249.33113308492636,0.0,0.02583009999943897,True,True
E3:clustered:p0.7:cv1.0:r2,OPTIMAL,251.90935078356702,251.90935078356702,0.0,0.024990800011437386,True,True
E3:clustered:p0.7:cv1.0:r3,OPTIMAL,210.8868517456433,210.88685174564333,0.0,0.01557170000160113,True,True
E3:clustered:p0.7:cv1.0:r4,OPTIMAL,279.89099548277915,279.89099548277915,0.0,0.016256699978839606,True,True
E3:clustered:p0.7:cv1.0:r5,OPTIMAL,237.22350711930883,237.2235071193088,0.0,0.026116499997442588,True,True
E3:clustered:p0.7:cv1.0:r6,OPTIMAL,334.21920704696333,334.21920704696333,0.0,0.06793750001816079,True,True
E3:clustered:p0.7:cv1.0:r7,OPTIMAL,296.90203676839053,296.90203676839053,0.0,0.01294929999858141,True,True
E3:clustered:p0.7:cv1.0:r8,OPTIMAL,276.7820435661522,276.7820435661522,0.0,0.007244699983857572,True,True
E3:clustered:p0.7:cv1.0:r9,OPTIMAL,243.58441329951384,243.58441329951384,0.0,0.044505099998787045,True,True
E3:clustered:p0.7:cv1.0:r10,OPTIMAL,197.16261924123083,197.16261924123083,0.0,0.014040300011401996,True,True
E3:clustered:p0.7:cv1.0:r11,OPTIMAL,210.08374727817778,210.08374727817775,0.0,0.010248999984469265,True,True
E3:clustered:p0.7:cv1.0:r12,OPTIMAL,283.8514421031647,283.8514421031647,0.0,0.13429049999103881,True,True
E3:clustered:p0.7:cv1.0:r13,OPTIMAL,256.96121039893757,256.96121039893757,0.0,0.02316059998702258,True,True
E3:clustered:p0.7:cv1.0:r14,OPTIMAL,255.2072387754326,255.2072387754326,0.0,0.007736400002613664,True,True
E3:clustered:p0.7:cv1.0:r15,OPTIMAL,259.1231134117447,259.1231134117447,0.0,0.007157999993069097,True,True
E3:clustered:p0.7:cv1.0:r16,OPTIMAL,245.81674045989192,245.81674045989192,0.0,0.00801990000763908,True,True
E3:clustered:p0.7:cv1.0:r17,OPTIMAL,284.12656320104645,284.12656320104645,0.0,0.030675499991048127,True,True
E3:clustered:p0.7:cv1.0:r18,OPTIMAL,264.4146499957513,264.4146499957513,0.0,0.049261200008913875,True,True
E3:clustered:p0.7:cv1.0:r19,OPTIMAL,181.14378250194795,181.14378250194795,0.0,0.020602700009476393,True,True
E3:clustered:p0.7:cv1.0:r20,OPTIMAL,229.18602797901994,229.1860279790199,0.0,0.22679190000053495,True,True
E3:clustered:p0.7:cv1.0:r21,OPTIMAL,191.64352238754716,191.64352238754716,0.0,0.020772699994267896,True,True
E3:clustered:p0.7:cv1.0:r22,OPTIMAL,245.71125495771577,245.71125495771577,0.0,0.038196499983314425,True,True
E3:clustered:p0.7:cv1.0:r23,OPTIMAL,294.2452028782104,294.2452028782104,0.0,0.01711700001033023,True,True
E3:clustered:p0.7:cv1.0:r24,OPTIMAL,162.36680464962268,162.36680464962268,0.0,0.008367100002942607,True,True
E3:clustered:p0.7:cv1.0:r25,OPTIMAL,211.1483764585268,211.14837645852683,0.0,0.022754100005840883,True,True
E3:clustered:p0.7:cv1.0:r26,OPTIMAL,214.45174134200238,214.4517413420024,0.0,0.018519100005505607,True,True
E3:clustered:p0.7:cv1.0:r27,OPTIMAL,302.18704120207894,302.18704120207894,0.0,0.022126800002297387,True,True
E3:clustered:p0.7:cv1.0:r28,OPTIMAL,186.7624718321229,186.7624718321229,0.0,0.00992219999898225,True,True
E3:clustered:p0.7:cv1.0:r29,OPTIMAL,208.8103771252043,208.81037712520427,0.0,0.016734400007408112,True,True
E3:clustered:p0.85:cv1.0:r0,OPTIMAL,269.19814294749006,269.19814294749006,0.0,0.01769760000752285,True,True
E3:clustered:p0.85:cv1.0:r1,OPTIMAL,299.443794928722,299.443794928722,0.0,0.01879989998997189,True,True
E3:clustered:p0.85:cv1.0:r2,OPTIMAL,351.3705889777171,351.37058897771715,0.0,0.05249909998383373,True,True
E3:clustered:p0.85:cv1.0:r3,OPTIMAL,425.55342693916117,425.5534269391611,0.0,0.0881867999851238,True,True
E3:clustered:p0.85:cv1.0:r4,OPTIMAL,397.46865204186304,397.46865204186304,0.0,0.16544699997757562,True,True
E3:clustered:p0.85:cv1.0:r5,OPTIMAL,392.6651238947257,392.66512389472564,0.0,0.11574310000287369,True,True
E3:clustered:p0.85:cv1.0:r6,OPTIMAL,414.29209878557015,414.29209878557015,0.0,0.05232600000454113,True,True
E3:clustered:p0.85:cv1.0:r7,OPTIMAL,221.30144600565518,221.3014460056552,0.0,0.009457400010433048,True,True
E3:clustered:p0.85:cv1.0:r8,OPTIMAL,312.988290745681,312.988290745681,0.0,0.05190960000618361,True,True
E3:clustered:p0.85:cv1.0:r9,OPTIMAL,472.9396999754996,472.9396999754996,0.0,0.041094599990174174,True,True
E3:clustered:p0.85:cv1.0:r10,OPTIMAL,407.1899089374153,407.18990893741534,0.0,0.04401219999999739,True,True
E3:clustered:p0.85:cv1.0:r11,OPTIMAL,352.11062673029676,352.1106267302967,0.0,0.07840699999360368,True,True
E3:clustered:p0.85:cv1.0:r12,OPTIMAL,413.29697552972317,413.29697552972317,0.0,0.011016600008588284,True,True
E3:clustered:p0.85:cv1.0:r13,OPTIMAL,321.33482738094153,321.33482738094153,0.0,0.0560461999848485,True,True
E3:clustered:p0.85:cv1.0:r14,OPTIMAL,408.6703595383511,408.6703595383511,0.0,0.3806248999899253,True,True
E3:clustered:p0.85:cv1.0:r15,OPTIMAL,291.86191500188295,291.8619150018829,0.0,0.012820000003557652,True,True
E3:clustered:p0.85:cv1.0:r16,OPTIMAL,283.70345529869337,283.70345529869337,0.0,0.013795499980915338,True,True
E3:clustered:p0.85:cv1.0:r17,OPTIMAL,453.27906633939796,453.27906633939796,0.0,0.03761800000211224,True,True
E3:clustered:p0.85:cv1.0:r18,OPTIMAL,267.7101167746607,267.7101167746607,0.0,0.02916249999543652,True,True
E3:clustered:p0.85:cv1.0:r19,OPTIMAL,275.80879622522434,275.80879622522434,0.0,0.13095509997219779,True,True
E3:clustered:p0.85:cv1.0:r20,OPTIMAL,394.74713347459766,394.74713347459766,0.0,0.12085840001236647,True,True
E3:clustered:p0.85:cv1.0:r21,OPTIMAL,358.3884592954016,358.3884592954016,0.0,0.18373309998423792,True,True
E3:clustered:p0.85:cv1.0:r22,OPTIMAL,325.7992980532026,325.7992980532026,0.0,0.23634909998509102,True,True
E3:clustered:p0.85:cv1.0:r23,OPTIMAL,314.1636807772454,314.16368077724536,0.0,0.05682520000846125,True,True
E3:clustered:p0.85:cv1.0:r24,OPTIMAL,340.5979544898229,340.5979544898229,0.0,0.030806399998255074,True,True
E3:clustered:p0.85:cv1.0:r25,OPTIMAL,403.9655204630527,403.9655204630527,0.0,0.28509889999986626,True,True
E3:clustered:p0.85:cv1.0:r26,OPTIMAL,347.0325109758718,347.0325109758718,0.0,0.04695349998655729,True,True
E3:clustered:p0.85:cv1.0:r27,OPTIMAL,445.64786973313426,445.64786973313426,0.0,0.08126090001314878,True,True
E3:clustered:p0.85:cv1.0:r28,OPTIMAL,310.42342725539777,310.42342725539777,0.0,0.029287900018971413,True,True
E3:clustered:p0.85:cv1.0:r29,OPTIMAL,308.8814582296126,308.8814582296126,0.0,0.04759840000770055,True,True
E3:separated:p0.7:cv0.0:r0,OPTIMAL,865.9888900261457,865.9888900261457,0.0,0.0019788000208791345,True,True
E3:separated:p0.7:cv0.0:r1,OPTIMAL,985.2856362182685,985.2856362182685,0.0,0.0020220000005792826,True,True
E3:separated:p0.7:cv0.0:r2,OPTIMAL,985.9080107382889,985.9080107382889,0.0,0.0027931000222451985,True,True
E3:separated:p0.7:cv0.0:r3,OPTIMAL,1084.6672150081995,1084.6672150081995,0.0,0.0026302000042051077,True,True
E3:separated:p0.7:cv0.0:r4,OPTIMAL,1111.465865158069,1111.465865158069,0.0,0.0026959000097122043,True,True
E3:separated:p0.7:cv0.0:r5,OPTIMAL,930.0817061772655,930.0817061772655,0.0,0.0020443999965209514,True,True
E3:separated:p0.7:cv0.0:r6,OPTIMAL,752.5183079554463,752.5183079554463,0.0,0.001917100016726181,True,True
E3:separated:p0.7:cv0.0:r7,OPTIMAL,837.8345831048485,837.8345831048484,0.0,0.0019619000086095184,True,True
E3:separated:p0.7:cv0.0:r8,OPTIMAL,940.7267593145432,940.7267593145433,0.0,0.0025308000040240586,True,True
E3:separated:p0.7:cv0.0:r9,OPTIMAL,765.3937706687876,765.3937706687876,0.0,0.0030264999950304627,True,True
E3:separated:p0.7:cv0.0:r10,OPTIMAL,849.7648543353744,849.7648543353743,0.0,0.0026199999847449362,True,True
E3:separated:p0.7:cv0.0:r11,OPTIMAL,898.1709248773274,898.1709248773273,0.0,0.0021653999865520746,True,True
E3:separated:p0.7:cv0.0:r12,OPTIMAL,882.608369717618,882.6083697176181,0.0,0.0017633000097703189,True,True
E3:separated:p0.7:cv0.0:r13,OPTIMAL,948.2828548420043,948.2828548420043,0.0,0.0027584000199567527,True,True
E3:separated:p0.7:cv0.0:r14,OPTIMAL,754.4828739699636,754.4828739699637,0.0,0.0019033999997191131,True,True
E3:separated:p0.7:cv0.0:r15,OPTIMAL,803.626540682712,803.626540682712,0.0,0.0018726999987848103,True,True
E3:separated:p0.7:cv0.0:r16,OPTIMAL,1049.0246008380789,1049.0246008380789,0.0,0.0020207999914418906,True,True
E3:separated:p0.7:cv0.0:r17,OPTIMAL,846.6561768484207,846.6561768484207,0.0,0.0020314000139478594,True,True
E3:separated:p0.7:cv0.0:r18,OPTIMAL,1064.285462822271,1064.285462822271,0.0,0.0017364000086672604,True,True
E3:separated:p0.7:cv0.0:r19,OPTIMAL,952.8917436998261,952.8917436998261,0.0,0.0016985999827738851,True,True
E3:separated:p0.7:cv0.0:r20,OPTIMAL,1069.0472464849875,1069.0472464849875,0.0,0.0024462000001221895,True,True
E3:separated:p0.7:cv0.0:r21,OPTIMAL,804.6871187268636,804.6871187268636,0.0,0.002797099994495511,True,True
E3:separated:p0.7:cv0.0:r22,OPTIMAL,879.7863053431807,879.7863053431807,0.0,0.0034499999892432243,True,True
E3:separated:p0.7:cv0.0:r23,OPTIMAL,826.2702924025323,826.2702924025323,0.0,0.002162999997381121,True,True
E3:separated:p0.7:cv0.0:r24,OPTIMAL,818.0074627002161,818.0074627002161,0.0,0.003052999993087724,True,True
E3:separated:p0.7:cv0.0:r25,OPTIMAL,1028.8220158812462,1028.8220158812462,0.0,0.003390800004126504,True,True
E3:separated:p0.7:cv0.0:r26,OPTIMAL,852.8025228696615,852.8025228696615,0.0,0.0018700000073295087,True,True
E3:separated:p0.7:cv0.0:r27,OPTIMAL,836.4698092054392,836.4698092054392,0.0,0.0025012000114656985,True,True
E3:separated:p0.7:cv0.0:r28,OPTIMAL,933.4321515763692,933.4321515763692,0.0,0.0027301000081934035,True,True
E3:separated:p0.7:cv0.0:r29,OPTIMAL,801.3257719177315,801.3257719177315,0.0,0.003272499976446852,True,True
E3:separated:p0.85:cv0.0:r0,INFEASIBLE,,,0.0,0.0025717999960761517,False,False
E3:separated:p0.85:cv0.0:r1,OPTIMAL,1194.799919587619,1194.799919587619,0.0,0.0016849999956320971,True,True
E3:separated:p0.85:cv0.0:r2,OPTIMAL,931.8896335667125,931.8896335667124,0.0,0.0019611000025179237,True,True
E3:separated:p0.85:cv0.0:r3,OPTIMAL,1147.661563593769,1147.6615635937687,0.0,0.0027009000186808407,True,True
E3:separated:p0.85:cv0.0:r4,OPTIMAL,1059.4261768254912,1059.4261768254912,0.0,0.0018865999882109463,True,True
E3:separated:p0.85:cv0.0:r5,OPTIMAL,1244.978625203411,1244.978625203411,0.0,0.002644199994392693,True,True
E3:separated:p0.85:cv0.0:r6,OPTIMAL,915.8346229465773,915.8346229465773,0.0,0.002589000010630116,True,True
E3:separated:p0.85:cv0.0:r7,INFEASIBLE,,,0.0,0.0019192999752704054,False,False
E3:separated:p0.85:cv0.0:r8,OPTIMAL,988.4164999020671,988.4164999020672,0.0,0.0015835000085644424,True,True
E3:separated:p0.85:cv0.0:r9,INFEASIBLE,,,0.0,0.0032590999908279628,False,False
E3:separated:p0.85:cv0.0:r10,INFEASIBLE,,,0.0,0.0016964999958872795,False,False
E3:separated:p0.85:cv0.0:r11,OPTIMAL,1098.9328712196748,1098.9328712196746,0.0,0.0026046999846585095,True,True
E3:separated:p0.85:cv0.0:r12,OPTIMAL,996.6647726915635,996.6647726915636,0.0,0.002731400018092245,True,True
E3:separated:p0.85:cv0.0:r13,INFEASIBLE,,,0.0,0.0018646999960765243,False,False
E3:separated:p0.85:cv0.0:r14,INFEASIBLE,,,0.0,0.0028815999976359308,False,False
E3:separated:p0.85:cv0.0:r15,OPTIMAL,1050.6641086225654,1050.6641086225654,0.0,0.0018159000028390437,True,True
E3:separated:p0.85:cv0.0:r16,OPTIMAL,1055.9950239088744,1055.9950239088744,0.0,0.0019088999833911657,True,True
E3:separated:p0.85:cv0.0:r17,OPTIMAL,840.2009438574595,840.2009438574595,0.0,0.001799399993615225,True,True
E3:separated:p0.85:cv0.0:r18,OPTIMAL,1176.7646898830558,1176.7646898830558,0.0,0.0018592000124044716,True,True
E3:separated:p0.85:cv0.0:r19,OPTIMAL,1207.3893257383256,1207.3893257383256,0.0,0.0027036999817937613,True,True
E3:separated:p0.85:cv0.0:r20,INFEASIBLE,,,0.0,0.002252299978863448,False,False
E3:separated:p0.85:cv0.0:r21,INFEASIBLE,,,0.0,0.003051100007724017,False,False
E3:separated:p0.85:cv0.0:r22,OPTIMAL,1153.1848197634263,1153.1848197634263,0.0,0.0026033000031020492,True,True
E3:separated:p0.85:cv0.0:r23,INFEASIBLE,,,0.0,0.0017694999987725168,False,False
E3:separated:p0.85:cv0.0:r24,OPTIMAL,1089.5951231950733,1089.5951231950733,0.0,0.0018622999778017402,True,True
E3:separated:p0.85:cv0.0:r25,OPTIMAL,1093.8585189876878,1093.8585189876878,0.0,0.0017139000119641423,True,True
E3:separated:p0.85:cv0.0:r26,OPTIMAL,1026.6934021271559,1026.6934021271557,0.0,0.0018345999997109175,True,True
E3:separated:p0.85:cv0.0:r27,OPTIMAL,1213.8987788181919,1213.8987788181919,0.0,0.0025639000232331455,True,True
E3:separated:p0.85:cv0.0:r28,INFEASIBLE,,,0.0,0.0016617999935988337,False,False
E3:separated:p0.85:cv0.0:r29,INFEASIBLE,,,0.0,0.0018393000063952059,False,False
E3:separated:p0.7:cv0.35:r0,OPTIMAL,668.897742484363,668.897742484363,0.0,0.049652399990009144,True,True
E3:separated:p0.7:cv0.35:r1,OPTIMAL,768.5521335276325,768.5521335276325,0.0,0.048644599999533966,True,True
E3:separated:p0.7:cv0.35:r2,OPTIMAL,635.6746159687671,635.6746159687671,0.0,0.45346889999927953,True,True
E3:separated:p0.7:cv0.35:r3,OPTIMAL,755.5487734276733,755.5487734276733,0.0,0.12025230002473108,True,True
E3:separated:p0.7:cv0.35:r4,OPTIMAL,860.5278730122659,860.527873012266,0.0,0.3337413999834098,True,True
E3:separated:p0.7:cv0.35:r5,OPTIMAL,719.0050091898397,719.0050091898397,0.0,0.0686639999912586,True,True
E3:separated:p0.7:cv0.35:r6,OPTIMAL,587.6090920326548,587.6090920326549,0.0,0.025324399990495294,True,True
E3:separated:p0.7:cv0.35:r7,OPTIMAL,736.4364994750422,736.4364994750422,0.0,0.01593759999377653,True,True
E3:separated:p0.7:cv0.35:r8,OPTIMAL,650.0975500213211,650.0975500213211,0.0,0.12241049998556264,True,True
E3:separated:p0.7:cv0.35:r9,OPTIMAL,603.5121554211231,603.5121554211231,0.0,0.03327250000438653,True,True
E3:separated:p0.7:cv0.35:r10,OPTIMAL,645.030647553665,645.0306475536648,0.0,0.04881010000826791,True,True
E3:separated:p0.7:cv0.35:r11,OPTIMAL,724.8483399208781,724.8483399208782,0.0,0.029708499991102144,True,True
E3:separated:p0.7:cv0.35:r12,OPTIMAL,666.3836643523425,666.3836643523426,0.0,0.03803749999497086,True,True
E3:separated:p0.7:cv0.35:r13,OPTIMAL,718.9330233273358,718.9330233273357,0.0,0.0700825999956578,True,True
E3:separated:p0.7:cv0.35:r14,OPTIMAL,668.0884110555623,668.0884110555623,0.0,0.023072100011631846,True,True
E3:separated:p0.7:cv0.35:r15,OPTIMAL,720.6487600579322,720.6487600579323,0.0,0.04564569998183288,True,True
E3:separated:p0.7:cv0.35:r16,OPTIMAL,847.8686622544203,847.8686622544203,0.0,0.042210100014926866,True,True
E3:separated:p0.7:cv0.35:r17,OPTIMAL,654.0629680843665,654.0629680843665,0.0,0.2013827000046149,True,True
E3:separated:p0.7:cv0.35:r18,OPTIMAL,833.1166606540187,833.1166606540187,0.0,0.06632499999250285,True,True
E3:separated:p0.7:cv0.35:r19,OPTIMAL,730.0693375899791,730.069337589979,0.0,0.058348799997475,True,True
E3:separated:p0.7:cv0.35:r20,OPTIMAL,790.1947314270581,790.1947314270581,0.0,0.04160600001341663,True,True
E3:separated:p0.7:cv0.35:r21,OPTIMAL,612.005891973449,612.005891973449,0.0,0.23564480000641197,True,True
E3:separated:p0.7:cv0.35:r22,OPTIMAL,685.9973874004788,685.9973874004787,0.0,0.08786500000860542,True,True
E3:separated:p0.7:cv0.35:r23,OPTIMAL,673.3730068893377,673.3730068893377,0.0,0.13150330001371913,True,True
E3:separated:p0.7:cv0.35:r24,OPTIMAL,641.0942231069425,641.0942231069426,0.0,0.03617000000667758,True,True
E3:separated:p0.7:cv0.35:r25,OPTIMAL,746.0363830885876,746.0363830885876,0.0,0.24662799999350682,True,True
E3:separated:p0.7:cv0.35:r26,OPTIMAL,651.4436537240263,651.4436537240264,0.0,0.08691180002642795,True,True
E3:separated:p0.7:cv0.35:r27,OPTIMAL,704.4142550867458,704.4142550867458,0.0,0.04032900001038797,True,True
E3:separated:p0.7:cv0.35:r28,OPTIMAL,855.756479250351,855.7564792503512,0.0,0.15396830000099726,True,True
E3:separated:p0.7:cv0.35:r29,OPTIMAL,723.5855997207584,723.5855997207585,0.0,0.017567100003361702,True,True
E3:separated:p0.85:cv0.35:r0,OPTIMAL,865.9616565905043,865.9616565905043,0.0,0.7891877999936696,True,True
E3:separated:p0.85:cv0.35:r1,OPTIMAL,947.0066206652639,947.006620665264,0.0,0.049603299994487315,True,True
E3:separated:p0.85:cv0.35:r2,OPTIMAL,747.300025053479,747.3000250534791,0.0,0.2468327000096906,True,True
E3:separated:p0.85:cv0.35:r3,OPTIMAL,961.6039857481456,961.6039857481456,0.0,0.3991999000136275,True,True
E3:separated:p0.85:cv0.35:r4,OPTIMAL,936.4429478997085,936.4429478997084,0.0,0.6415085000044201,True,True
E3:separated:p0.85:cv0.35:r5,OPTIMAL,1055.7098131446453,1055.7098131446453,0.0,0.47278159999405034,True,True
E3:separated:p0.85:cv0.35:r6,OPTIMAL,729.016262298131,729.016262298131,0.0,0.37837210000725463,True,True
E3:separated:p0.85:cv0.35:r7,OPTIMAL,874.7560709417166,874.7560709417166,0.0,0.6349808000086341,True,True
E3:separated:p0.85:cv0.35:r8,OPTIMAL,888.5017726882301,888.5017726882301,0.0,0.048647500021616,True,True
E3:separated:p0.85:cv0.35:r9,OPTIMAL,863.7324572916139,863.7324572916137,0.0,0.22578989999601617,True,True
E3:separated:p0.85:cv0.35:r10,OPTIMAL,827.9469085974321,827.9469085974321,0.0,0.42522909998660907,True,True
E3:separated:p0.85:cv0.35:r11,OPTIMAL,895.817156023217,895.8171560232169,0.0,0.5590957999811508,True,True
E3:separated:p0.85:cv0.35:r12,OPTIMAL,845.1344603727036,845.1344603727036,0.0,0.9165695999981835,True,True
E3:separated:p0.85:cv0.35:r13,OPTIMAL,944.1078795327461,944.1078795327461,0.0,2.6804507999913767,True,True
E3:separated:p0.85:cv0.35:r14,OPTIMAL,865.8444635467845,865.8444635467846,0.0,0.6104301000013947,True,True
E3:separated:p0.85:cv0.35:r15,OPTIMAL,849.4742243911876,849.4742243911875,0.0,0.4425881000061054,True,True
E3:separated:p0.85:cv0.35:r16,OPTIMAL,769.7493932882008,769.7493932882008,0.0,0.19141210001544096,True,True
E3:separated:p0.85:cv0.35:r17,OPTIMAL,731.0811855833895,731.0811855833895,0.0,0.096911500004353,True,True
E3:separated:p0.85:cv0.35:r18,OPTIMAL,912.4125920896449,912.4125920896449,0.0,0.7542793999891728,True,True
E3:separated:p0.85:cv0.35:r19,OPTIMAL,1039.357554812369,1039.357554812369,0.0,0.3140090999950189,True,True
E3:separated:p0.85:cv0.35:r20,OPTIMAL,820.247055682494,820.2470556824941,0.0,0.30573049999657087,True,True
E3:separated:p0.85:cv0.35:r21,OPTIMAL,808.5888067565403,808.5888067565403,0.0,0.22917960002087057,True,True
E3:separated:p0.85:cv0.35:r22,OPTIMAL,900.807836739936,900.807836739936,0.0,0.13537269999505952,True,True
E3:separated:p0.85:cv0.35:r23,OPTIMAL,867.4708631462831,867.4708631462831,0.0,0.07811190001666546,True,True
E3:separated:p0.85:cv0.35:r24,OPTIMAL,864.1061214337358,864.1061214337358,0.0,0.3003585999831557,True,True
E3:separated:p0.85:cv0.35:r25,OPTIMAL,870.0261522975159,870.026152297516,0.0,0.04945900000166148,True,True
E3:separated:p0.85:cv0.35:r26,OPTIMAL,844.4721456316063,844.4721456316063,0.0,0.357800199999474,True,True
E3:separated:p0.85:cv0.35:r27,OPTIMAL,1006.1162080895676,1006.1162080895676,0.0,0.38016509998124093,True,True
E3:separated:p0.85:cv0.35:r28,OPTIMAL,1002.007078966958,1002.007078966958,0.0,0.498169800004689,True,True
E3:separated:p0.85:cv0.35:r29,OPTIMAL,905.9408905688738,905.9408905688738,0.0,0.37867889998597093,True,True
E3:separated:p0.7:cv0.65:r0,OPTIMAL,610.4221352648692,610.4221352648692,0.0,0.05033019999973476,True,True
E3:separated:p0.7:cv0.65:r1,OPTIMAL,751.7036518913015,751.7036518913015,0.0,0.029939500003820285,True,True
E3:separated:p0.7:cv0.65:r2,OPTIMAL,527.1961997625932,527.1961997625932,0.0,0.021769600018160418,True,True
E3:separated:p0.7:cv0.65:r3,OPTIMAL,672.5247008805295,672.5247008805295,0.0,0.12615809999988414,True,True
E3:separated:p0.7:cv0.65:r4,OPTIMAL,772.8013882426442,772.8013882426443,0.0,0.022429100004956126,True,True
E3:separated:p0.7:cv0.65:r5,OPTIMAL,661.9783080862456,661.9783080862456,0.0,0.06387009998434223,True,True
E3:separated:p0.7:cv0.65:r6,OPTIMAL,523.7584615723786,523.7584615723786,0.0,0.020981699984986335,True,True
E3:separated:p0.7:cv0.65:r7,OPTIMAL,737.2882506462022,737.2882506462022,0.0,0.30699519999325275,True,True
E3:separated:p0.7:cv0.65:r8,OPTIMAL,562.8374148768728,562.8374148768727,0.0,0.03356969999731518,True,True
E3:separated:p0.7:cv0.65:r9,OPTIMAL,572.8752247851368,572.8752247851368,0.0,0.034363699989626184,True,True
E3:separated:p0.7:cv0.65:r10,OPTIMAL,695.7984252051094,695.7984252051025,9.966819196197936e-15,0.04226620000554249,True,True
E3:separated:p0.7:cv0.65:r11,OPTIMAL,566.1671623678982,566.1671623678982,0.0,0.024804199987556785,True,True
E3:separated:p0.7:cv0.65:r12,OPTIMAL,629.5896199636951,629.5896199636951,0.0,0.027221199998166412,True,True
E3:separated:p0.7:cv0.65:r13,OPTIMAL,541.0743975035398,541.0743975035397,0.0,0.05978440001490526,True,True
E3:separated:p0.7:cv0.65:r14,OPTIMAL,591.0332285097896,591.0332285097896,0.0,0.04265680001117289,True,True
E3:separated:p0.7:cv0.65:r15,OPTIMAL,601.1491245766499,601.1491245766499,0.0,0.04289829998742789,True,True
E3:separated:p0.7:cv0.65:r16,OPTIMAL,753.9596332656972,753.9596332656972,0.0,0.07019349999609403,True,True
E3:separated:p0.7:cv0.65:r17,OPTIMAL,560.8809961578052,560.8809961578053,0.0,0.2194718999962788,True,True
E3:separated:p0.7:cv0.65:r18,OPTIMAL,842.8856567754926,842.8856567754925,0.0,0.07052789998124354,True,True
E3:separated:p0.7:cv0.65:r19,OPTIMAL,544.4963046699102,544.49630466991,0.0,0.030780900007812306,True,True
E3:separated:p0.7:cv0.65:r20,OPTIMAL,674.7937297460314,674.7937297460314,0.0,0.043681400013156235,True,True
E3:separated:p0.7:cv0.65:r21,OPTIMAL,587.3652301338602,587.3652301338602,0.0,0.06857409997610375,True,True
E3:separated:p0.7:cv0.65:r22,OPTIMAL,626.4257600257072,626.4257600257071,0.0,0.012870500009739771,True,True
E3:separated:p0.7:cv0.65:r23,OPTIMAL,648.5827255415361,648.5827255415361,0.0,0.12352090000058524,True,True
E3:separated:p0.7:cv0.65:r24,OPTIMAL,543.1757148307845,543.1757148307845,0.0,0.16211060000932775,True,True
E3:separated:p0.7:cv0.65:r25,OPTIMAL,624.0237346360879,624.0237346360879,0.0,0.019442099990556017,True,True
E3:separated:p0.7:cv0.65:r26,OPTIMAL,610.306097977585,610.306097977585,0.0,0.059370000002672896,True,True
E3:separated:p0.7:cv0.65:r27,OPTIMAL,626.8687814398272,626.8687814398272,0.0,0.03659290002542548,True,True
E3:separated:p0.7:cv0.65:r28,OPTIMAL,512.0777735444569,512.077773544457,0.0,0.02130249998299405,True,True
E3:separated:p0.7:cv0.65:r29,OPTIMAL,498.5122550636927,498.51225506369263,0.0,0.019074399984674528,True,True
E3:separated:p0.85:cv0.65:r0,OPTIMAL,790.7743595376135,790.7743595376135,0.0,0.1582670999923721,True,True
E3:separated:p0.85:cv0.65:r1,OPTIMAL,890.0169367197944,890.0169367197944,0.0,0.06431660000816919,True,True
E3:separated:p0.85:cv0.65:r2,OPTIMAL,706.3869032543807,706.3869032543806,0.0,0.10375579999526963,True,True
E3:separated:p0.85:cv0.65:r3,OPTIMAL,908.2650327880327,908.2650327880326,0.0,0.22675030000391416,True,True
E3:separated:p0.85:cv0.65:r4,OPTIMAL,792.4920083893478,792.4920083893478,0.0,0.13431080000009388,True,True
E3:separated:p0.85:cv0.65:r5,OPTIMAL,936.4588458772962,936.4588458772961,0.0,0.5015994999848772,True,True
E3:separated:p0.85:cv0.65:r6,OPTIMAL,707.8458561910473,707.8458561910473,0.0,0.3122340000118129,True,True
E3:separated:p0.85:cv0.65:r7,OPTIMAL,761.0883434206596,761.0883434206597,0.0,0.2788894000113942,True,True
E3:separated:p0.85:cv0.65:r8,OPTIMAL,759.7155349069157,759.7155349069157,0.0,0.23596540000289679,True,True
E3:separated:p0.85:cv0.65:r9,OPTIMAL,811.6791293573806,811.6791293573807,0.0,0.6597037999890745,True,True
E3:separated:p0.85:cv0.65:r10,OPTIMAL,812.7816928596576,812.7816928596575,0.0,1.09101340000052,True,True
E3:separated:p0.85:cv0.65:r11,OPTIMAL,825.5404167101806,825.5404167101807,0.0,0.22866870000143535,True,True
E3:separated:p0.85:cv0.65:r12,OPTIMAL,780.3384367437604,780.3384367437604,0.0,0.3889846999954898,True,True
E3:separated:p0.85:cv0.65:r13,OPTIMAL,834.0745604435164,834.0745604435164,0.0,0.09344689999124967,True,True
E3:separated:p0.85:cv0.65:r14,OPTIMAL,796.4964463056499,796.4964463056499,0.0,0.061541899980511516,True,True
E3:separated:p0.85:cv0.65:r15,OPTIMAL,785.1753000434601,785.1753000434601,0.0,0.15208390000043437,True,True
E3:separated:p0.85:cv0.65:r16,OPTIMAL,759.0710165369833,759.071016536983,0.0,0.09559750001062639,True,True
E3:separated:p0.85:cv0.65:r17,OPTIMAL,552.1114244740813,552.1114244740813,0.0,0.10815149999689311,True,True
E3:separated:p0.85:cv0.65:r18,OPTIMAL,784.680396783098,784.6803967830979,0.0,0.16606379998847842,True,True
E3:separated:p0.85:cv0.65:r19,OPTIMAL,874.595040197243,874.5950401972428,0.0,0.0627325999957975,True,True
E3:separated:p0.85:cv0.65:r20,OPTIMAL,628.9731238972897,628.9731238972897,0.0,0.16863030000240542,True,True
E3:separated:p0.85:cv0.65:r21,OPTIMAL,710.7983719626354,710.7983719626353,0.0,0.16953660000581294,True,True
E3:separated:p0.85:cv0.65:r22,OPTIMAL,883.6496912180856,883.6496912180856,0.0,1.0340972999983933,True,True
E3:separated:p0.85:cv0.65:r23,OPTIMAL,870.5978657403837,870.5978657403837,0.0,0.3332197999989148,True,True
E3:separated:p0.85:cv0.65:r24,OPTIMAL,787.329799607907,787.329799607907,0.0,0.23768130000098608,True,True
E3:separated:p0.85:cv0.65:r25,OPTIMAL,796.665667186949,796.6656671869491,0.0,0.3409045000153128,True,True
E3:separated:p0.85:cv0.65:r26,OPTIMAL,748.9339268410845,748.9339268410845,0.0,0.5506112000148278,True,True
E3:separated:p0.85:cv0.65:r27,OPTIMAL,922.2295421145049,922.2295421145047,0.0,0.10551719999057241,True,True
E3:separated:p0.85:cv0.65:r28,OPTIMAL,943.6006258776513,943.6006258776512,0.0,0.16719139998895116,True,True
E3:separated:p0.85:cv0.65:r29,OPTIMAL,822.2092458689671,822.2092458689671,0.0,0.24588909998419695,True,True
E3:separated:p0.7:cv1.0:r0,OPTIMAL,490.2678137662041,490.26781376620403,0.0,0.016556600021431223,True,True
E3:separated:p0.7:cv1.0:r1,OPTIMAL,659.496088121196,659.496088121196,0.0,0.04786039999453351,True,True
E3:separated:p0.7:cv1.0:r2,OPTIMAL,378.68724197472693,378.68724197472693,0.0,0.013480199995683506,True,True
E3:separated:p0.7:cv1.0:r3,OPTIMAL,563.1380851739445,563.1380851739445,0.0,0.0377749000035692,True,True
E3:separated:p0.7:cv1.0:r4,OPTIMAL,633.5889170316784,633.5889170316784,0.0,0.012605900003109127,True,True
E3:separated:p0.7:cv1.0:r5,OPTIMAL,615.269091152715,615.269091152715,0.0,0.03837209998164326,True,True
E3:separated:p0.7:cv1.0:r6,OPTIMAL,557.9013311637418,557.9013311637418,0.0,0.052473299991106614,True,True
E3:separated:p0.7:cv1.0:r7,OPTIMAL,507.37506117056597,507.37506117056597,0.0,0.019022899999981746,True,True
E3:separated:p0.7:cv1.0:r8,OPTIMAL,639.5102593519129,639.5102593519129,0.0,0.029333699989365414,True,True
E3:separated:p0.7:cv1.0:r9,OPTIMAL,540.567195976687,540.5671959766869,0.0,0.05494380000163801,True,True
E3:separated:p0.7:cv1.0:r10,INFEASIBLE,,,0.0,0.0016651999903842807,False,False
E3:separated:p0.7:cv1.0:r11,OPTIMAL,503.20132183476886,503.20132183476886,0.0,0.009606200008420274,True,True
E3:separated:p0.7:cv1.0:r12,OPTIMAL,556.6822893354843,556.6822893354843,0.0,0.018329499987885356,True,True
E3:separated:p0.7:cv1.0:r13,OPTIMAL,458.05702932521757,458.05702932521757,0.0,0.01105729999835603,True,True
E3:separated:p0.7:cv1.0:r14,OPTIMAL,557.7812461727508,557.7812461727508,0.0,0.025613500009058043,True,True
E3:separated:p0.7:cv1.0:r15,OPTIMAL,563.9851880724809,563.9851880724809,0.0,0.052022599993506446,True,True
E3:separated:p0.7:cv1.0:r16,OPTIMAL,711.1486583373502,711.1486583373502,0.0,0.05042499999399297,True,True
E3:separated:p0.7:cv1.0:r17,OPTIMAL,526.8005680798635,526.8005680798635,0.0,0.011262499989243224,True,True
E3:separated:p0.7:cv1.0:r18,OPTIMAL,785.9795725456001,785.9795725456,0.0,0.04160789999878034,True,True
E3:separated:p0.7:cv1.0:r19,OPTIMAL,551.3863436035108,551.3863436035108,0.0,0.015711400017607957,True,True
E3:separated:p0.7:cv1.0:r20,OPTIMAL,718.023792030526,718.0237920305259,0.0,0.03579249998438172,True,True
E3:separated:p0.7:cv1.0:r21,OPTIMAL,488.6926191036189,488.6926191036189,0.0,0.03856899999664165,True,True
E3:separated:p0.7:cv1.0:r22,OPTIMAL,643.5480275603978,643.5480275603978,0.0,0.11022450000746176,True,True
E3:separated:p0.7:cv1.0:r23,OPTIMAL,574.9312947494534,574.9312947494534,0.0,0.03057760000228882,True,True
E3:separated:p0.7:cv1.0:r24,OPTIMAL,543.7020240343819,543.7020240343818,0.0,0.08298969999304973,True,True
E3:separated:p0.7:cv1.0:r25,OPTIMAL,500.86233111265653,500.8623311126566,0.0,0.023798599984729663,True,True
E3:separated:p0.7:cv1.0:r26,OPTIMAL,466.2541780050092,466.2541780050092,0.0,0.009263399988412857,True,True
E3:separated:p0.7:cv1.0:r27,OPTIMAL,521.6287979917138,521.6287979917138,0.0,0.012097999977413565,True,True
E3:separated:p0.7:cv1.0:r28,OPTIMAL,642.0118006132211,642.011800613221,0.0,0.018353200022829697,True,True
E3:separated:p0.7:cv1.0:r29,OPTIMAL,507.9074833421108,507.9074833421108,0.0,0.016791400004876778,True,True
E3:separated:p0.85:cv1.0:r0,OPTIMAL,819.7738209260549,819.7738209260549,0.0,0.30493730001035146,True,True
E3:separated:p0.85:cv1.0:r1,OPTIMAL,772.6888628377474,772.6888628377474,0.0,0.01748000000952743,True,True
E3:separated:p0.85:cv1.0:r2,OPTIMAL,643.7050333570174,643.7050333570176,0.0,0.41194230000837706,True,True
E3:separated:p0.85:cv1.0:r3,OPTIMAL,752.8537396175625,752.8537396175625,0.0,0.19159530001343228,True,True
E3:separated:p0.85:cv1.0:r4,OPTIMAL,770.0881565617633,770.0881565617633,0.0,0.5200762000167742,True,True
E3:separated:p0.85:cv1.0:r5,OPTIMAL,856.4857624852688,856.4857624852689,0.0,0.06717029999708757,True,True
E3:separated:p0.85:cv1.0:r6,OPTIMAL,665.8045827955218,665.8045827955218,0.0,0.20351449999725446,True,True
E3:separated:p0.85:cv1.0:r7,OPTIMAL,728.6634350099765,728.6634350099765,0.0,0.4992729999939911,True,True
E3:separated:p0.85:cv1.0:r8,OPTIMAL,671.3262529744609,671.3262529744609,0.0,0.047413400025106966,True,True
E3:separated:p0.85:cv1.0:r9,OPTIMAL,783.3967561968216,783.3967561968215,0.0,0.11538410000503063,True,True
E3:separated:p0.85:cv1.0:r10,OPTIMAL,825.937314906041,825.937314906041,0.0,0.44840470000053756,True,True
E3:separated:p0.85:cv1.0:r11,OPTIMAL,725.1510793805475,725.1510793805475,0.0,0.11145550000946969,True,True
E3:separated:p0.85:cv1.0:r12,OPTIMAL,804.9954197104862,804.9954197104862,0.0,0.035168100002920255,True,True
E3:separated:p0.85:cv1.0:r13,OPTIMAL,752.1645217389798,752.1645217389798,0.0,0.37245990001247264,True,True
E3:separated:p0.85:cv1.0:r14,OPTIMAL,1015.4175920252121,1015.417592025212,0.0,0.533007699996233,True,True
E3:separated:p0.85:cv1.0:r15,OPTIMAL,691.2534608092164,691.2534608092164,0.0,0.29381390000344254,True,True
E3:separated:p0.85:cv1.0:r16,OPTIMAL,724.4740811489561,724.4740811489561,0.0,0.1754439999931492,True,True
E3:separated:p0.85:cv1.0:r17,OPTIMAL,612.4802769621294,612.4802769621296,0.0,0.0317518999800086,True,True
E3:separated:p0.85:cv1.0:r18,OPTIMAL,723.7878760304422,723.7878760304422,0.0,0.05715310000232421,True,True
E3:separated:p0.85:cv1.0:r19,OPTIMAL,906.9523121541445,906.9523121541446,0.0,0.0592356999986805,True,True
E3:separated:p0.85:cv1.0:r20,OPTIMAL,720.2323661098247,720.2323661098246,0.0,0.29697950000991113,True,True
E3:separated:p0.85:cv1.0:r21,OPTIMAL,594.5206352835369,594.5206352835369,0.0,0.03881549998186529,True,True
E3:separated:p0.85:cv1.0:r22,OPTIMAL,790.3705936741109,790.3705936741109,0.0,0.21792730002198368,True,True
E3:separated:p0.85:cv1.0:r23,OPTIMAL,763.9872910223075,763.9872910223075,0.0,0.14669100000173785,True,True
E3:separated:p0.85:cv1.0:r24,OPTIMAL,784.5954304350287,784.5954304350288,0.0,0.06567789998371154,True,True
E3:separated:p0.85:cv1.0:r25,OPTIMAL,786.742826979625,786.7428269796249,0.0,0.10013760000583716,True,True
E3:separated:p0.85:cv1.0:r26,OPTIMAL,778.3370012186756,778.3370012186755,0.0,0.9721870999783278,True,True
E3:separated:p0.85:cv1.0:r27,OPTIMAL,733.1057670733479,733.1057670733479,0.0,0.1452786999871023,True,True
E3:separated:p0.85:cv1.0:r28,OPTIMAL,848.8947071975825,848.8947071975825,0.0,0.3419489999942016,True,True
E3:separated:p0.85:cv1.0:r29,OPTIMAL,731.102266789547,731.102266789547,0.0,0.061273900006199256,True,True
E3:ring:p0.7:cv0.0:r0,OPTIMAL,489.60287305620056,489.60287305620056,0.0,0.002902999985963106,True,True
E3:ring:p0.7:cv0.0:r1,OPTIMAL,514.5952900890529,514.595290089053,0.0,0.002493900014087558,True,True
E3:ring:p0.7:cv0.0:r2,OPTIMAL,531.176335003101,531.1763350031011,0.0,0.004521299997577444,True,True
E3:ring:p0.7:cv0.0:r3,OPTIMAL,524.778926089421,524.778926089421,0.0,0.0016305999888572842,True,True
E3:ring:p0.7:cv0.0:r4,OPTIMAL,461.73176087099,461.73176087099006,0.0,0.00251719998777844,True,True
E3:ring:p0.7:cv0.0:r5,OPTIMAL,460.01800317504126,460.01800317504126,0.0,0.0017720000178087503,True,True
E3:ring:p0.7:cv0.0:r6,OPTIMAL,498.4345266116915,498.4345266116915,0.0,0.0024775000056251884,True,True
E3:ring:p0.7:cv0.0:r7,OPTIMAL,496.5475868796443,496.5475868796443,0.0,0.002046400011749938,True,True
E3:ring:p0.7:cv0.0:r8,OPTIMAL,465.33585459357175,465.33585459357175,0.0,0.004154700000071898,True,True
E3:ring:p0.7:cv0.0:r9,OPTIMAL,416.39826856630145,416.39826856630145,0.0,0.002552499994635582,True,True
E3:ring:p0.7:cv0.0:r10,OPTIMAL,445.069959160651,445.06995916065097,0.0,0.002355300006456673,True,True
E3:ring:p0.7:cv0.0:r11,OPTIMAL,429.2366104496835,429.2366104496835,0.0,0.002551800018409267,True,True
E3:ring:p0.7:cv0.0:r12,OPTIMAL,448.85046301213754,448.8504630121376,0.0,0.001738499995553866,True,True
E3:ring:p0.7:cv0.0:r13,OPTIMAL,398.97039758834114,398.97039758834114,0.0,0.002861999993911013,True,True
E3:ring:p0.7:cv0.0:r14,OPTIMAL,393.38274276392957,393.3827427639296,0.0,0.002056900004390627,True,True
E3:ring:p0.7:cv0.0:r15,OPTIMAL,485.0388941272986,485.03889412729865,0.0,0.0025698000099509954,True,True
E3:ring:p0.7:cv0.0:r16,OPTIMAL,458.309766258731,458.309766258731,0.0,0.0016047999961301684,True,True
E3:ring:p0.7:cv0.0:r17,OPTIMAL,414.96524122104563,414.96524122104563,0.0,0.0019104000239167362,True,True
E3:ring:p0.7:cv0.0:r18,OPTIMAL,434.51762288475294,434.51762288475294,0.0,0.00276169998687692,True,True
E3:ring:p0.7:cv0.0:r19,OPTIMAL,459.86555228635564,459.86555228635564,0.0,0.001666199997998774,True,True
E3:ring:p0.7:cv0.0:r20,OPTIMAL,402.78298762736097,402.78298762736097,0.0,0.0019674999930430204,True,True
E3:ring:p0.7:cv0.0:r21,OPTIMAL,436.96071925259287,436.9607192525928,0.0,0.0023993000213522464,True,True
E3:ring:p0.7:cv0.0:r22,OPTIMAL,534.1181226294956,534.1181226294956,0.0,0.0017284000059589744,True,True
E3:ring:p0.7:cv0.0:r23,OPTIMAL,399.3054397729885,399.3054397729885,0.0,0.0028150000143796206,True,True
E3:ring:p0.7:cv0.0:r24,OPTIMAL,453.447047647246,453.44704764724605,0.0,0.002892999997129664,True,True
E3:ring:p0.7:cv0.0:r25,OPTIMAL,464.69025849263204,464.69025849263204,0.0,0.0017179000133182853,True,True
E3:ring:p0.7:cv0.0:r26,OPTIMAL,492.72332589250476,492.7233258925047,0.0,0.0027064000023528934,True,True
E3:ring:p0.7:cv0.0:r27,OPTIMAL,411.98961119222395,411.98961119222395,0.0,0.0019323999877087772,True,True
E3:ring:p0.7:cv0.0:r28,OPTIMAL,376.7830812873389,376.783081287339,0.0,0.0018634000152815133,True,True
E3:ring:p0.7:cv0.0:r29,OPTIMAL,492.0661118624697,492.0661118624697,0.0,0.002049500006251037,True,True
E3:ring:p0.85:cv0.0:r0,OPTIMAL,591.0952184691749,591.0952184691749,0.0,0.0019215000211261213,True,True
E3:ring:p0.85:cv0.0:r1,OPTIMAL,556.7948928296148,556.7948928296148,0.0,0.001798199984477833,True,True
E3:ring:p0.85:cv0.0:r2,INFEASIBLE,,,0.0,0.0031792999943718314,False,False
E3:ring:p0.85:cv0.0:r3,INFEASIBLE,,,0.0,0.002354099997319281,False,False
E3:ring:p0.85:cv0.0:r4,INFEASIBLE,,,0.0,0.002310699986992404,False,False
E3:ring:p0.85:cv0.0:r5,OPTIMAL,580.8902186874202,580.8902186874202,0.0,0.002575299993623048,True,True
E3:ring:p0.85:cv0.0:r6,INFEASIBLE,,,0.0,0.0026298000011593103,False,False
E3:ring:p0.85:cv0.0:r7,OPTIMAL,569.791107770777,569.791107770777,0.0,0.002504700009012595,True,True
E3:ring:p0.85:cv0.0:r8,OPTIMAL,477.1869905872299,477.1869905872299,0.0,0.00214529997901991,True,True
E3:ring:p0.85:cv0.0:r9,INFEASIBLE,,,0.0,0.001760399987688288,False,False
E3:ring:p0.85:cv0.0:r10,OPTIMAL,541.8975625688722,541.8975625688722,0.0,0.002688899985514581,True,True
E3:ring:p0.85:cv0.0:r11,INFEASIBLE,,,0.0,0.0016174000047612935,False,False
E3:ring:p0.85:cv0.0:r12,OPTIMAL,580.9485004638129,580.9485004638128,0.0,0.003014299989445135,True,True
E3:ring:p0.85:cv0.0:r13,INFEASIBLE,,,0.0,0.0016877000161912292,False,False
E3:ring:p0.85:cv0.0:r14,OPTIMAL,614.6659540748965,614.6659540748965,0.0,0.0016807999927550554,True,True
E3:ring:p0.85:cv0.0:r15,OPTIMAL,591.9243287857971,591.9243287857971,0.0,0.0025015000137500465,True,True
E3:ring:p0.85:cv0.0:r16,OPTIMAL,489.4117916371616,489.4117916371617,0.0,0.002890699979616329,True,True
E3:ring:p0.85:cv0.0:r17,OPTIMAL,552.9729359792814,552.9729359792814,0.0,0.0015870000061113387,True,True
E3:ring:p0.85:cv0.0:r18,OPTIMAL,567.0052165597458,567.0052165597459,0.0,0.0016983999812509865,True,True
E3:ring:p0.85:cv0.0:r19,OPTIMAL,582.4977747973101,582.4977747973101,0.0,0.001675499981502071,True,True
E3:ring:p0.85:cv0.0:r20,OPTIMAL,609.6785671399225,609.6785671399224,0.0,0.0016333000094164163,True,True
E3:ring:p0.85:cv0.0:r21,OPTIMAL,523.8284527051285,523.8284527051284,0.0,0.003038299997569993,True,True
E3:ring:p0.85:cv0.0:r22,OPTIMAL,512.6485604645612,512.6485604645612,0.0,0.004532699997071177,True,True
E3:ring:p0.85:cv0.0:r23,OPTIMAL,580.7565199122437,580.7565199122438,0.0,0.0019395000126678497,True,True
E3:ring:p0.85:cv0.0:r24,OPTIMAL,524.7263041619254,524.7263041619254,0.0,0.0027424000145401806,True,True
E3:ring:p0.85:cv0.0:r25,OPTIMAL,568.1929449247135,568.1929449247135,0.0,0.0025449000240769237,True,True
E3:ring:p0.85:cv0.0:r26,OPTIMAL,564.5431045672303,564.5431045672303,0.0,0.002002399996854365,True,True
E3:ring:p0.85:cv0.0:r27,OPTIMAL,513.7243081843376,513.7243081843377,0.0,0.0017928000015672296,True,True
E3:ring:p0.85:cv0.0:r28,OPTIMAL,578.3864715257649,578.3864715257649,0.0,0.0027325999981258065,True,True
E3:ring:p0.85:cv0.0:r29,OPTIMAL,568.5340590288799,568.53405902888,0.0,0.002898200007621199,True,True
E3:ring:p0.7:cv0.35:r0,OPTIMAL,393.65421694938016,393.65421694938016,0.0,0.05656019999878481,True,True
E3:ring:p0.7:cv0.35:r1,OPTIMAL,378.3019456538584,378.3019456538584,0.0,0.04181399999652058,True,True
E3:ring:p0.7:cv0.35:r2,OPTIMAL,349.62970132465,349.62970132465,0.0,0.026617399998940527,True,True
E3:ring:p0.7:cv0.35:r3,OPTIMAL,363.73443128815177,363.73443128815177,0.0,0.017083799990359694,True,True
E3:ring:p0.7:cv0.35:r4,OPTIMAL,368.1370778327585,368.1370778327585,0.0,0.019395199982682243,True,True
E3:ring:p0.7:cv0.35:r5,OPTIMAL,391.15784300245036,391.1578430024504,0.0,0.18893619999289513,True,True
E3:ring:p0.7:cv0.35:r6,OPTIMAL,368.07936443552705,368.07936443552705,0.0,0.013715899985982105,True,True
E3:ring:p0.7:cv0.35:r7,OPTIMAL,381.3374724389346,381.3374724389345,0.0,0.030645999999251217,True,True
E3:ring:p0.7:cv0.35:r8,OPTIMAL,356.9748683075576,356.9748683075576,0.0,0.05948899997747503,True,True
E3:ring:p0.7:cv0.35:r9,OPTIMAL,354.72670670657146,354.7267067065714,0.0,0.021572500001639128,True,True
E3:ring:p0.7:cv0.35:r10,OPTIMAL,365.4702722365147,365.4702722365147,0.0,0.11888010002439842,True,True
E3:ring:p0.7:cv0.35:r11,OPTIMAL,289.8608241540622,289.86082415406224,0.0,0.02711910000653006,True,True
E3:ring:p0.7:cv0.35:r12,OPTIMAL,378.63282543354734,378.63282543354734,0.0,0.02844809999805875,True,True
E3:ring:p0.7:cv0.35:r13,OPTIMAL,319.9261142968892,319.9261142968892,0.0,0.02176789997611195,True,True
E3:ring:p0.7:cv0.35:r14,OPTIMAL,356.3838062265011,356.38380622650106,0.0,0.07491540000773966,True,True
E3:ring:p0.7:cv0.35:r15,OPTIMAL,395.1486492475209,395.14864924752084,0.0,0.22623930001282133,True,True
E3:ring:p0.7:cv0.35:r16,OPTIMAL,365.417690143566,365.417690143566,0.0,0.06061220000265166,True,True
E3:ring:p0.7:cv0.35:r17,OPTIMAL,385.46953071651296,385.4695307165129,0.0,0.014108199975453317,True,True
E3:ring:p0.7:cv0.35:r18,OPTIMAL,364.87709563322096,364.87709563322096,0.0,0.04586490002111532,True,True
E3:ring:p0.7:cv0.35:r19,OPTIMAL,364.20307325319845,364.20307325319845,0.0,0.011825000023236498,True,True
E3:ring:p0.7:cv0.35:r20,OPTIMAL,358.3917107560569,358.3917107560569,0.0,0.013965299993287772,True,True
E3:ring:p0.7:cv0.35:r21,OPTIMAL,371.7958315137877,371.7958315137877,0.0,0.013532200013287365,True,True
E3:ring:p0.7:cv0.35:r22,OPTIMAL,385.3466344809856,385.34663448098553,0.0,0.1413855999999214,True,True
E3:ring:p0.7:cv0.35:r23,OPTIMAL,373.2448494170791,373.24484941707914,0.0,0.020455799996852875,True,True
E3:ring:p0.7:cv0.35:r24,OPTIMAL,342.0603375949188,342.0603375949188,0.0,0.07736939997994341,True,True
E3:ring:p0.7:cv0.35:r25,OPTIMAL,380.1804925858206,380.1804925858206,0.0,0.030508199997711927,True,True
E3:ring:p0.7:cv0.35:r26,OPTIMAL,394.78656731388344,394.78656731388344,0.0,0.00459450000198558,True,True
E3:ring:p0.7:cv0.35:r27,OPTIMAL,340.148057555029,340.148057555029,0.0,0.04122429998824373,True,True
E3:ring:p0.7:cv0.35:r28,OPTIMAL,320.8272668596005,320.8272668596005,0.0,0.04100910000852309,True,True
E3:ring:p0.7:cv0.35:r29,OPTIMAL,371.0688918971829,371.0688918971829,0.0,0.04768349998630583,True,True
E3:ring:p0.85:cv0.35:r0,OPTIMAL,515.0609989364685,515.0609989364686,0.0,0.025869799981592223,True,True
E3:ring:p0.85:cv0.35:r1,OPTIMAL,495.2675160667955,495.2675160667955,0.0,0.2132632000138983,True,True
E3:ring:p0.85:cv0.35:r2,OPTIMAL,504.82559120037195,504.82559120037195,0.0,0.7692817999923136,True,True
E3:ring:p0.85:cv0.35:r3,OPTIMAL,406.6186575019768,406.6186575019768,0.0,0.036073199997190386,True,True
E3:ring:p0.85:cv0.35:r4,OPTIMAL,479.35160994046043,479.3516099404604,0.0,0.14160259999334812,True,True
E3:ring:p0.85:cv0.35:r5,OPTIMAL,481.6772413461574,481.6772413461574,0.0,0.10049070001696236,True,True
E3:ring:p0.85:cv0.35:r6,OPTIMAL,606.4382282427696,606.4382282427696,0.0,0.18195569998351857,True,True
E3:ring:p0.85:cv0.35:r7,OPTIMAL,489.2077810206033,489.2077810206033,0.0,0.03498619998572394,True,True
E3:ring:p0.85:cv0.35:r8,OPTIMAL,406.3999549187489,406.3999549187489,0.0,0.023155000002589077,True,True
E3:ring:p0.85:cv0.35:r9,OPTIMAL,454.8599751212223,454.8599751212223,0.0,0.043604600010439754,True,True
E3:ring:p0.85:cv0.35:r10,OPTIMAL,466.30482490907923,466.30482490907923,0.0,0.1308126999938395,True,True
E3:ring:p0.85:cv0.35:r11,OPTIMAL,421.9344242776077,421.9344242776078,0.0,0.0503067999961786,True,True
E3:ring:p0.85:cv0.35:r12,OPTIMAL,465.27262988318836,465.2726298831884,0.0,0.09745729999849573,True,True
E3:ring:p0.85:cv0.35:r13,OPTIMAL,456.91329126908636,456.91329126908636,0.0,0.33793760000844486,True,True
E3:ring:p0.85:cv0.35:r14,OPTIMAL,515.3392376253773,515.3392376253773,0.0,0.6267700000025798,True,True
E3:ring:p0.85:cv0.35:r15,OPTIMAL,497.2386981291359,497.2386981291359,0.0,0.4094492000003811,True,True
E3:ring:p0.85:cv0.35:r16,OPTIMAL,410.87121271113745,410.87121271113745,0.0,0.06884559997706674,True,True
E3:ring:p0.85:cv0.35:r17,OPTIMAL,447.6078405417424,447.6078405417424,0.0,0.0919372999924235,True,True
E3:ring:p0.85:cv0.35:r18,OPTIMAL,471.1361202199973,471.13612021999734,0.0,0.05933370001730509,True,True
E3:ring:p0.85:cv0.35:r19,OPTIMAL,472.1570926937159,472.15709269371587,0.0,0.06561590000637807,True,True
E3:ring:p0.85:cv0.35:r20,OPTIMAL,521.9827790836347,521.9827790836347,0.0,0.010071299999253824,True,True
E3:ring:p0.85:cv0.35:r21,OPTIMAL,476.94950984563104,476.94950984563104,0.0,0.010534400003962219,True,True
E3:ring:p0.85:cv0.35:r22,OPTIMAL,451.6655760921001,451.6655760921001,0.0,0.029229900013888255,True,True
E3:ring:p0.85:cv0.35:r23,OPTIMAL,505.5505497529471,505.5505497529471,0.0,0.24051790000521578,True,True
E3:ring:p0.85:cv0.35:r24,OPTIMAL,476.66650180752896,476.66650180752896,0.0,0.19409550001728348,True,True
E3:ring:p0.85:cv0.35:r25,OPTIMAL,448.60802505254287,448.6080250525429,0.0,0.282695000001695,True,True
E3:ring:p0.85:cv0.35:r26,OPTIMAL,466.5707165806893,466.57071658068924,0.0,0.06823720000102185,True,True
E3:ring:p0.85:cv0.35:r27,OPTIMAL,434.7567592710632,434.7567592710632,0.0,0.0562670000072103,True,True
E3:ring:p0.85:cv0.35:r28,OPTIMAL,466.4842042399164,466.4842042399164,0.0,0.23865079999086447,True,True
E3:ring:p0.85:cv0.35:r29,OPTIMAL,466.7835015119154,466.7835015119154,0.0,0.23279909999109805,True,True
E3:ring:p0.7:cv0.65:r0,OPTIMAL,348.47818746319587,348.47818746319587,0.0,0.033558900002390146,True,True
E3:ring:p0.7:cv0.65:r1,OPTIMAL,348.8905599398031,348.8905599398031,0.0,0.029859900008887053,True,True
E3:ring:p0.7:cv0.65:r2,OPTIMAL,347.20890512398296,347.20890512398296,0.0,0.016119100007927045,True,True
E3:ring:p0.7:cv0.65:r3,OPTIMAL,349.97696431641276,349.97696431641276,0.0,0.01990089999162592,True,True
E3:ring:p0.7:cv0.65:r4,OPTIMAL,301.38214099589607,301.38214099589607,0.0,0.018233400012832135,True,True
E3:ring:p0.7:cv0.65:r5,OPTIMAL,380.45175404045267,380.45175404045267,0.0,0.2372581999807153,True,True
E3:ring:p0.7:cv0.65:r6,OPTIMAL,286.59440141504416,286.5944014150442,0.0,0.00855169998249039,True,True
E3:ring:p0.7:cv0.65:r7,OPTIMAL,311.0513960773962,311.05139607739625,0.0,0.021914800017839298,True,True
E3:ring:p0.7:cv0.65:r8,OPTIMAL,289.4776657074103,289.4776657074104,0.0,0.007917300012195483,True,True
E3:ring:p0.7:cv0.65:r9,OPTIMAL,248.11034371880993,248.11034371880993,0.0,0.007295200019143522,True,True
E3:ring:p0.7:cv0.65:r10,OPTIMAL,323.07096998185807,323.070969981858,0.0,0.009621400007745251,True,True
E3:ring:p0.7:cv0.65:r11,OPTIMAL,278.949187695711,278.949187695711,0.0,0.018314599990844727,True,True
E3:ring:p0.7:cv0.65:r12,OPTIMAL,372.9673579330297,372.9673579330297,0.0,0.0208340999961365,True,True
E3:ring:p0.7:cv0.65:r13,OPTIMAL,314.8728855617902,314.8728855617902,0.0,0.0471980000147596,True,True
E3:ring:p0.7:cv0.65:r14,OPTIMAL,370.2495018428971,370.2495018428971,0.0,0.2462989000196103,True,True
E3:ring:p0.7:cv0.65:r15,OPTIMAL,286.26687967086997,286.2668796708699,0.0,0.007129900011932477,True,True
E3:ring:p0.7:cv0.65:r16,OPTIMAL,365.7306763129135,365.73067631291343,0.0,0.013025499996729195,True,True
E3:ring:p0.7:cv0.65:r17,OPTIMAL,360.1579508354862,360.15795083548613,0.0,0.04168949997983873,True,True
E3:ring:p0.7:cv0.65:r18,OPTIMAL,331.4995380320968,331.4995380320968,0.0,0.08398049999959767,True,True
E3:ring:p0.7:cv0.65:r19,OPTIMAL,317.14272666764765,317.14272666764765,0.0,0.01525170000968501,True,True
E3:ring:p0.7:cv0.65:r20,OPTIMAL,316.8700875744338,316.8700875744338,0.0,0.022590700013097376,True,True
E3:ring:p0.7:cv0.65:r21,OPTIMAL,352.4165686934952,352.4165686934952,0.0,0.02019439998548478,True,True
E3:ring:p0.7:cv0.65:r22,OPTIMAL,364.96546743713196,364.96546743713196,0.0,0.0560066000034567,True,True
E3:ring:p0.7:cv0.65:r23,OPTIMAL,339.14441666616426,339.1444166661642,0.0,0.027090300020063296,True,True
E3:ring:p0.7:cv0.65:r24,OPTIMAL,342.30832398208366,342.30832398208366,0.0,0.023816400003852323,True,True
E3:ring:p0.7:cv0.65:r25,OPTIMAL,383.08819401718983,383.08819401718983,0.0,0.23112650000257418,True,True
E3:ring:p0.7:cv0.65:r26,OPTIMAL,385.4326450109014,385.4326450109013,0.0,0.03603069999371655,True,True
E3:ring:p0.7:cv0.65:r27,OPTIMAL,266.8551034136808,266.8551034136808,0.0,0.006915700010722503,True,True
E3:ring:p0.7:cv0.65:r28,OPTIMAL,329.6846149341528,329.6846149341529,0.0,0.0381718999997247,True,True
E3:ring:p0.7:cv0.65:r29,OPTIMAL,371.5861983031898,371.58619830318975,0.0,0.027809999999590218,True,True
E3:ring:p0.85:cv0.65:r0,OPTIMAL,466.921249061141,466.921249061141,0.0,0.5163287000032142,True,True
E3:ring:p0.85:cv0.65:r1,OPTIMAL,470.4534261581742,470.4534261581742,0.0,0.3167787999846041,True,True
E3:ring:p0.85:cv0.65:r2,OPTIMAL,472.4181265942576,472.4181265942577,0.0,0.13182660000165924,True,True
E3:ring:p0.85:cv0.65:r3,OPTIMAL,345.16593290868104,345.1659329086811,0.0,0.029841900017345324,True,True
E3:ring:p0.85:cv0.65:r4,OPTIMAL,449.85208440919735,449.85208440919735,0.0,0.04941780000808649,True,True
E3:ring:p0.85:cv0.65:r5,OPTIMAL,460.7568869412999,460.7568869412999,0.0,0.1674442000221461,True,True
E3:ring:p0.85:cv0.65:r6,OPTIMAL,547.8500037461223,547.8500037461223,0.0,0.9090804000152275,True,True
E3:ring:p0.85:cv0.65:r7,OPTIMAL,457.2029945096939,457.2029945096939,0.0,0.04122909999568947,True,True
E3:ring:p0.85:cv0.65:r8,OPTIMAL,371.0840920682628,371.0840920682628,0.0,0.01061130000744015,True,True
E3:ring:p0.85:cv0.65:r9,OPTIMAL,451.04773211257117,451.04773211257117,0.0,0.08275180001510307,True,True
E3:ring:p0.85:cv0.65:r10,OPTIMAL,432.87367145011143,432.87367145011143,0.0,0.2980876000074204,True,True
E3:ring:p0.85:cv0.65:r11,OPTIMAL,393.3516718306446,393.3516718306446,0.0,0.08903260002261959,True,True
E3:ring:p0.85:cv0.65:r12,OPTIMAL,428.01255498690136,428.0125549869013,0.0,0.05262380000203848,True,True
E3:ring:p0.85:cv0.65:r13,OPTIMAL,415.82556550871226,415.82556550871226,0.0,0.12389510002685711,True,True
E3:ring:p0.85:cv0.65:r14,OPTIMAL,496.8445994282037,496.8445994282037,0.0,0.38916200000676326,True,True
E3:ring:p0.85:cv0.65:r15,OPTIMAL,407.7438712181591,407.7438712181591,0.0,0.04320479999296367,True,True
E3:ring:p0.85:cv0.65:r16,OPTIMAL,393.6987705783076,393.69877057830763,0.0,0.06931369999074377,True,True
E3:ring:p0.85:cv0.65:r17,OPTIMAL,465.7954067797315,465.7954067797315,0.0,0.4593716000090353,True,True
E3:ring:p0.85:cv0.65:r18,OPTIMAL,413.29110138202293,413.29110138202293,0.0,0.0485876000020653,True,True
E3:ring:p0.85:cv0.65:r19,OPTIMAL,446.91092652086286,446.91092652086286,0.0,0.04531309998128563,True,True
E3:ring:p0.85:cv0.65:r20,OPTIMAL,477.2478984731698,477.24789847316987,0.0,0.06900250000762753,True,True
E3:ring:p0.85:cv0.65:r21,OPTIMAL,427.4458148279038,427.44581482790386,0.0,0.40799609999521635,True,True
E3:ring:p0.85:cv0.65:r22,OPTIMAL,452.82625514481265,452.82625514481265,0.0,0.06062560001737438,True,True
E3:ring:p0.85:cv0.65:r23,OPTIMAL,516.9169042029569,516.9169042029569,0.0,0.07093760001589544,True,True
E3:ring:p0.85:cv0.65:r24,OPTIMAL,447.70402188171,447.70402188171,0.0,0.6693564000015613,True,True
E3:ring:p0.85:cv0.65:r25,OPTIMAL,446.306456321198,446.306456321198,0.0,0.2840302000113297,True,True
E3:ring:p0.85:cv0.65:r26,OPTIMAL,415.99128881879824,415.9912888187983,0.0,0.2502845000126399,True,True
E3:ring:p0.85:cv0.65:r27,OPTIMAL,398.996445423056,398.99644542305595,0.0,0.147727199975634,True,True
E3:ring:p0.85:cv0.65:r28,OPTIMAL,454.7660288900255,454.76602889002555,0.0,0.21781939998618327,True,True
E3:ring:p0.85:cv0.65:r29,OPTIMAL,442.1723064219881,442.17230642198797,0.0,0.07061799999792129,True,True
E3:ring:p0.7:cv1.0:r0,OPTIMAL,306.28913420551294,306.28913420551294,0.0,0.015524599992204458,True,True
E3:ring:p0.7:cv1.0:r1,OPTIMAL,339.4781420155408,339.4781420155408,0.0,0.06221110001206398,True,True
E3:ring:p0.7:cv1.0:r2,OPTIMAL,295.49756712907197,295.49756712907197,0.0,0.03199350001523271,True,True
E3:ring:p0.7:cv1.0:r3,OPTIMAL,300.62982864870173,300.62982864870173,0.0,0.04856120000476949,True,True
E3:ring:p0.7:cv1.0:r4,OPTIMAL,287.6832763614058,287.68327636140583,0.0,0.019152299995766953,True,True
E3:ring:p0.7:cv1.0:r5,OPTIMAL,299.19719184808525,299.19719184808525,0.0,0.04048679998959415,True,True
E3:ring:p0.7:cv1.0:r6,OPTIMAL,313.49389969300415,313.49389969300415,0.0,0.016763699997682124,True,True
E3:ring:p0.7:cv1.0:r7,OPTIMAL,254.81733938323845,254.81733938323845,0.0,0.007857299991883337,True,True
E3:ring:p0.7:cv1.0:r8,OPTIMAL,304.3437969169642,304.3437969169642,0.0,0.03472880000481382,True,True
E3:ring:p0.7:cv1.0:r9,OPTIMAL,308.46863511509616,308.46863511509616,0.0,0.020547399995848536,True,True
E3:ring:p0.7:cv1.0:r10,OPTIMAL,306.8773268091695,306.8773268091696,0.0,0.021556799998506904,True,True
E3:ring:p0.7:cv1.0:r11,OPTIMAL,257.70213069283204,257.70213069283204,0.0,0.005641299998387694,True,True
E3:ring:p0.7:cv1.0:r12,OPTIMAL,297.85304567046046,297.85304567046046,0.0,0.008792899985564873,True,True
E3:ring:p0.7:cv1.0:r13,OPTIMAL,238.44879350704363,238.44879350704363,0.0,0.017545899987453595,True,True
E3:ring:p0.7:cv1.0:r14,OPTIMAL,337.4839436195966,337.48394361959663,0.0,0.03353270000661723,True,True
E3:ring:p0.7:cv1.0:r15,OPTIMAL,308.89299064262593,308.892990642626,0.0,0.014418300008401275,True,True
E3:ring:p0.7:cv1.0:r16,OPTIMAL,330.2611720760117,330.2611720760117,0.0,0.03245599998626858,True,True
E3:ring:p0.7:cv1.0:r17,OPTIMAL,283.64997853279374,283.6499785327938,0.0,0.018720799998845905,True,True
E3:ring:p0.7:cv1.0:r18,OPTIMAL,242.63977151676482,242.63977151676482,0.0,0.023898000014014542,True,True
E3:ring:p0.7:cv1.0:r19,OPTIMAL,321.4379230375111,321.4379230375111,0.0,0.014040499983821064,True,True
E3:ring:p0.7:cv1.0:r20,OPTIMAL,242.48240024982618,242.48240024982618,0.0,0.006751499982783571,True,True
E3:ring:p0.7:cv1.0:r21,OPTIMAL,295.27218665592983,295.27218665592983,0.0,0.02631200000178069,True,True
E3:ring:p0.7:cv1.0:r22,OPTIMAL,266.7571222884176,266.7571222884176,0.0,0.01218459999654442,True,True
E3:ring:p0.7:cv1.0:r23,OPTIMAL,247.73661765956118,247.73661765956118,0.0,0.007709400000749156,True,True
E3:ring:p0.7:cv1.0:r24,OPTIMAL,297.918137867398,297.918137867398,0.0,0.018882800010032952,True,True
E3:ring:p0.7:cv1.0:r25,OPTIMAL,253.7818338258161,253.7818338258161,0.0,0.008250500017311424,True,True
E3:ring:p0.7:cv1.0:r26,OPTIMAL,362.28553867409556,362.28553867409556,0.0,0.17440620000706986,True,True
E3:ring:p0.7:cv1.0:r27,OPTIMAL,282.2010938166578,282.20109381665776,0.0,0.03294639999512583,True,True
E3:ring:p0.7:cv1.0:r28,OPTIMAL,271.54688963389964,271.5468896338997,0.0,0.022165700007462874,True,True
E3:ring:p0.7:cv1.0:r29,OPTIMAL,330.01240760968506,330.012407609685,0.0,0.024236799974460155,True,True
E3:ring:p0.85:cv1.0:r0,OPTIMAL,437.0535134346513,437.0535134346513,0.0,0.04437699998379685,True,True
E3:ring:p0.85:cv1.0:r1,OPTIMAL,454.855570388419,454.8555703884189,0.0,0.6794886999996379,True,True
E3:ring:p0.85:cv1.0:r2,OPTIMAL,425.9859147428803,425.98591474288025,0.0,0.032919199991738424,True,True
E3:ring:p0.85:cv1.0:r3,OPTIMAL,323.10189119628785,323.10189119628785,0.0,0.03178320001461543,True,True
E3:ring:p0.85:cv1.0:r4,OPTIMAL,434.89876174390247,434.89876174390247,0.0,0.22046579999732785,True,True
E3:ring:p0.85:cv1.0:r5,OPTIMAL,430.01089194199596,430.010891941996,0.0,0.28931889997329563,True,True
E3:ring:p0.85:cv1.0:r6,OPTIMAL,449.55299586484534,449.5529958648453,0.0,0.22758380000595935,True,True
E3:ring:p0.85:cv1.0:r7,OPTIMAL,405.9115339813439,405.9115339813439,0.0,0.03990800000610761,True,True
E3:ring:p0.85:cv1.0:r8,OPTIMAL,403.11691989968176,403.1169198996817,0.0,0.03720140000223182,True,True
E3:ring:p0.85:cv1.0:r9,OPTIMAL,376.94811176628957,376.94811176628957,0.0,0.060365800018189475,True,True
E3:ring:p0.85:cv1.0:r10,OPTIMAL,398.44762321016526,398.44762321016526,0.0,0.19156810001004487,True,True
E3:ring:p0.85:cv1.0:r11,OPTIMAL,374.25495668279325,374.2549566827933,0.0,0.04853570001432672,True,True
E3:ring:p0.85:cv1.0:r12,OPTIMAL,389.6984552579212,389.6984552579211,0.0,0.2470307000039611,True,True
E3:ring:p0.85:cv1.0:r13,OPTIMAL,366.8065090729547,366.8065090729547,0.0,0.0607192000024952,True,True
E3:ring:p0.85:cv1.0:r14,OPTIMAL,414.7107237655709,414.7107237655709,0.0,0.03591159998904914,True,True
E3:ring:p0.85:cv1.0:r15,OPTIMAL,397.0508889719227,397.0508889719227,0.0,0.049886199994944036,True,True
E3:ring:p0.85:cv1.0:r16,OPTIMAL,372.7174794326912,372.7174794326912,0.0,0.08296400000108406,True,True
E3:ring:p0.85:cv1.0:r17,OPTIMAL,380.88385337525256,380.8838533752525,0.0,0.24114790000021458,True,True
E3:ring:p0.85:cv1.0:r18,OPTIMAL,419.4557817414257,419.4557817414257,0.0,0.2813421999744605,True,True
E3:ring:p0.85:cv1.0:r19,OPTIMAL,340.44037001281544,340.44037001281544,0.0,0.019720899988897145,True,True
E3:ring:p0.85:cv1.0:r20,OPTIMAL,495.2720736020693,495.2720736020693,0.0,0.2317648000025656,True,True
E3:ring:p0.85:cv1.0:r21,OPTIMAL,378.62588927663126,378.6258892766312,0.0,0.023567600001115352,True,True
E3:ring:p0.85:cv1.0:r22,OPTIMAL,386.8103711433621,386.81037114336203,0.0,0.05908520001685247,True,True
E3:ring:p0.85:cv1.0:r23,OPTIMAL,425.9087740251367,425.9087740251367,0.0,0.16903399999137037,True,True
E3:ring:p0.85:cv1.0:r24,OPTIMAL,412.05323929565503,412.053239295655,0.0,0.10992290001013316,True,True
E3:ring:p0.85:cv1.0:r25,OPTIMAL,358.15412183292466,358.15412183292466,0.0,0.07962989999214187,True,True
E3:ring:p0.85:cv1.0:r26,OPTIMAL,427.36077469534155,427.3607746953415,0.0,0.2904063999885693,True,True
E3:ring:p0.85:cv1.0:r27,OPTIMAL,408.9290577939288,408.9290577939288,0.0,0.3804621000017505,True,True
E3:ring:p0.85:cv1.0:r28,OPTIMAL,416.8747581782991,416.8747581782991,0.0,0.14025779999792576,True,True
E3:ring:p0.85:cv1.0:r29,OPTIMAL,424.63201953436095,424.63201953436095,0.0,0.05746560002444312,True,True
E3:corridor:p0.7:cv0.0:r0,OPTIMAL,214.57028101913207,214.57028101913207,0.0,0.003116100007900968,True,True
E3:corridor:p0.7:cv0.0:r1,OPTIMAL,185.97028580957084,185.97028580957087,0.0,0.0017862999811768532,True,True
E3:corridor:p0.7:cv0.0:r2,OPTIMAL,182.97433749827664,182.97433749827664,0.0,0.0024569999950472265,True,True
E3:corridor:p0.7:cv0.0:r3,OPTIMAL,235.60598640011517,235.6059864001152,0.0,0.002654300013091415,True,True
E3:corridor:p0.7:cv0.0:r4,OPTIMAL,172.8173039106718,172.81730391067182,0.0,0.002315599995199591,True,True
E3:corridor:p0.7:cv0.0:r5,OPTIMAL,130.04198550502076,130.04198550502073,0.0,0.001644000003580004,True,True
E3:corridor:p0.7:cv0.0:r6,OPTIMAL,178.57390721279867,178.57390721279867,0.0,0.0018912000232376158,True,True
E3:corridor:p0.7:cv0.0:r7,OPTIMAL,311.22443456491555,311.2244345649156,0.0,0.001854700007243082,True,True
E3:corridor:p0.7:cv0.0:r8,OPTIMAL,135.84711842032317,135.84711842032317,0.0,0.001865199999883771,True,True
E3:corridor:p0.7:cv0.0:r9,OPTIMAL,147.25808118910493,147.25808118910493,0.0,0.0019634999916888773,True,True
E3:corridor:p0.7:cv0.0:r10,OPTIMAL,161.14847647627357,161.1484764762736,0.0,0.0017617999983485788,True,True
E3:corridor:p0.7:cv0.0:r11,OPTIMAL,169.4568818047352,169.4568818047352,0.0,0.003096700005698949,True,True
E3:corridor:p0.7:cv0.0:r12,OPTIMAL,242.2335830205718,242.23358302057184,0.0,0.0025533999723847955,True,True
E3:corridor:p0.7:cv0.0:r13,OPTIMAL,279.15228085688705,279.15228085688705,0.0,0.0026031000015791506,True,True
E3:corridor:p0.7:cv0.0:r14,OPTIMAL,160.61172075256314,160.61172075256317,0.0,0.0016788000066298991,True,True
E3:corridor:p0.7:cv0.0:r15,OPTIMAL,193.6245159335027,193.6245159335027,0.0,0.0025701999838929623,True,True
E3:corridor:p0.7:cv0.0:r16,OPTIMAL,154.6394745140416,154.6394745140416,0.0,0.002666699991095811,True,True
E3:corridor:p0.7:cv0.0:r17,OPTIMAL,140.19634669383157,140.19634669383154,0.0,0.0033380000095348805,True,True
E3:corridor:p0.7:cv0.0:r18,OPTIMAL,142.6138845643592,142.6138845643592,0.0,0.003424900001846254,True,True
E3:corridor:p0.7:cv0.0:r19,OPTIMAL,184.4845391027025,184.4845391027025,0.0,0.0026849000132642686,True,True
E3:corridor:p0.7:cv0.0:r20,OPTIMAL,187.0813221595479,187.0813221595479,0.0,0.00202240000362508,True,True
E3:corridor:p0.7:cv0.0:r21,OPTIMAL,229.95117139461087,229.95117139461084,0.0,0.0022136000043246895,True,True
E3:corridor:p0.7:cv0.0:r22,OPTIMAL,310.43143404326395,310.4314340432639,0.0,0.0018386000010650605,True,True
E3:corridor:p0.7:cv0.0:r23,OPTIMAL,183.54078572793156,183.54078572793156,0.0,0.0026590999914333224,True,True
E3:corridor:p0.7:cv0.0:r24,OPTIMAL,149.04440612161517,149.04440612161517,0.0,0.002486399986082688,True,True
E3:corridor:p0.7:cv0.0:r25,OPTIMAL,161.12063906042795,161.12063906042795,0.0,0.0016863000055309385,True,True
E3:corridor:p0.7:cv0.0:r26,OPTIMAL,193.89777590878987,193.89777590878987,0.0,0.002489400008926168,True,True
E3:corridor:p0.7:cv0.0:r27,OPTIMAL,267.47731475073914,267.47731475073914,0.0,0.0027006999880541116,True,True
E3:corridor:p0.7:cv0.0:r28,OPTIMAL,229.18156864804416,229.18156864804416,0.0,0.003565599996363744,True,True
E3:corridor:p0.7:cv0.0:r29,OPTIMAL,251.55457005930384,251.55457005930384,0.0,0.0026079000090248883,True,True
E3:corridor:p0.85:cv0.0:r0,OPTIMAL,190.2524707854408,190.2524707854408,0.0,0.001718400017125532,True,True
E3:corridor:p0.85:cv0.0:r1,INFEASIBLE,,,0.0,0.0022699999972246587,False,False
E3:corridor:p0.85:cv0.0:r2,INFEASIBLE,,,0.0,0.0016656999941915274,False,False
E3:corridor:p0.85:cv0.0:r3,OPTIMAL,185.3701830121089,185.37018301210892,0.0,0.0024631000123918056,True,True
E3:corridor:p0.85:cv0.0:r4,OPTIMAL,286.1471759514851,286.14717595148505,0.0,0.0028037999873049557,True,True
E3:corridor:p0.85:cv0.0:r5,OPTIMAL,255.69185175546525,255.69185175546525,0.0,0.0026962999836541712,True,True
E3:corridor:p0.85:cv0.0:r6,OPTIMAL,205.981255287093,205.98125528709303,0.0,0.002459200011799112,True,True
E3:corridor:p0.85:cv0.0:r7,INFEASIBLE,,,0.0,0.0015921999874990433,False,False
E3:corridor:p0.85:cv0.0:r8,OPTIMAL,226.90779952209022,226.90779952209022,0.0,0.0016519999771844596,True,True
E3:corridor:p0.85:cv0.0:r9,OPTIMAL,349.6926642469612,349.6926642469612,0.0,0.001846899976953864,True,True
E3:corridor:p0.85:cv0.0:r10,OPTIMAL,271.8611314437692,271.8611314437691,0.0,0.0027021999994758517,True,True
E3:corridor:p0.85:cv0.0:r11,INFEASIBLE,,,0.0,0.0017300999897997826,False,False
E3:corridor:p0.85:cv0.0:r12,INFEASIBLE,,,0.0,0.0016445000073872507,False,False
E3:corridor:p0.85:cv0.0:r13,OPTIMAL,326.3838449219541,326.3838449219541,0.0,0.002689399989321828,True,True
E3:corridor:p0.85:cv0.0:r14,OPTIMAL,308.92152795966626,308.92152795966626,0.0,0.0017448999860789627,True,True
E3:corridor:p0.85:cv0.0:r15,OPTIMAL,274.2147721183437,274.2147721183437,0.0,0.0016902000061236322,True,True
E3:corridor:p0.85:cv0.0:r16,OPTIMAL,389.95198263484383,389.95198263484383,0.0,0.0026786000235006213,True,True
E3:corridor:p0.85:cv0.0:r17,OPTIMAL,231.17057850432207,231.17057850432207,0.0,0.0026843000086955726,True,True
E3:corridor:p0.85:cv0.0:r18,OPTIMAL,493.00144794050186,493.0014479405018,0.0,0.0017943000129889697,True,True
E3:corridor:p0.85:cv0.0:r19,OPTIMAL,155.8981436908677,155.8981436908677,0.0,0.0018789999885484576,True,True
E3:corridor:p0.85:cv0.0:r20,INFEASIBLE,,,0.0,0.0015459000132977962,False,False
E3:corridor:p0.85:cv0.0:r21,OPTIMAL,272.80651558941577,272.80651558941577,0.0,0.0026541000115685165,True,True
E3:corridor:p0.85:cv0.0:r22,OPTIMAL,196.43774796915187,196.4377479691519,0.0,0.0017110999906435609,True,True
E3:corridor:p0.85:cv0.0:r23,INFEASIBLE,,,0.0,0.0015219000051729381,False,False
E3:corridor:p0.85:cv0.0:r24,OPTIMAL,246.8754417300609,246.8754417300609,0.0,0.001720300002489239,True,True
E3:corridor:p0.85:cv0.0:r25,OPTIMAL,439.15621070506006,439.15621070506006,0.0,0.0017315000004600734,True,True
E3:corridor:p0.85:cv0.0:r26,OPTIMAL,186.96474436610202,186.96474436610202,0.0,0.001622700016014278,True,True
E3:corridor:p0.85:cv0.0:r27,INFEASIBLE,,,0.0,0.002257799991639331,False,False
E3:corridor:p0.85:cv0.0:r28,OPTIMAL,381.6860343710833,381.6860343710833,0.0,0.0028110000130254775,True,True
E3:corridor:p0.85:cv0.0:r29,OPTIMAL,225.49739254549002,225.49739254549002,0.0,0.0026190000062342733,True,True
E3:corridor:p0.7:cv0.35:r0,OPTIMAL,176.98253551130088,176.98253551130088,0.0,0.02462880001985468,True,True
E3:corridor:p0.7:cv0.35:r1,OPTIMAL,169.65848319422165,169.65848319422165,0.0,0.013125199999194592,True,True
E3:corridor:p0.7:cv0.35:r2,OPTIMAL,167.11285021777215,167.11285021777215,0.0,0.0629369999805931,True,True
E3:corridor:p0.7:cv0.35:r3,OPTIMAL,194.2599482145343,194.25994821453426,0.0,0.03062780000618659,True,True
E3:corridor:p0.7:cv0.35:r4,OPTIMAL,146.90567120264745,146.90567120264745,0.0,0.01588710001669824,True,True
E3:corridor:p0.7:cv0.35:r5,OPTIMAL,110.34254512201429,110.34254512201429,0.0,0.006946899986360222,True,True
E3:corridor:p0.7:cv0.35:r6,OPTIMAL,146.38223612950966,146.38223612950966,0.0,0.023733399983029813,True,True
E3:corridor:p0.7:cv0.35:r7,OPTIMAL,278.43695286616406,278.43695286616406,0.0,0.22223249997477978,True,True
E3:corridor:p0.7:cv0.35:r8,OPTIMAL,116.01746580705668,116.01746580705667,0.0,0.019360099977348,True,True
E3:corridor:p0.7:cv0.35:r9,OPTIMAL,154.39670328501927,154.39670328501927,0.0,0.031183899991447106,True,True
E3:corridor:p0.7:cv0.35:r10,OPTIMAL,117.11843230714561,117.11843230714561,0.0,0.012281800009077415,True,True
E3:corridor:p0.7:cv0.35:r11,OPTIMAL,156.75709260934588,156.75709260934588,0.0,0.010937000013655052,True,True
E3:corridor:p0.7:cv0.35:r12,OPTIMAL,218.9884369520081,218.9884369520081,0.0,0.0070872000069357455,True,True
E3:corridor:p0.7:cv0.35:r13,OPTIMAL,186.4186761538545,186.4186761538545,0.0,0.3724723999912385,True,True
E3:corridor:p0.7:cv0.35:r14,OPTIMAL,139.21152861280692,139.21152861280692,0.0,0.00799169999663718,True,True
E3:corridor:p0.7:cv0.35:r15,OPTIMAL,195.74814800428155,195.74814800428155,0.0,0.017844799993326887,True,True
E3:corridor:p0.7:cv0.35:r16,OPTIMAL,122.92021932203657,122.92021932203657,0.0,0.01478789999964647,True,True
E3:corridor:p0.7:cv0.35:r17,OPTIMAL,137.95421150787507,137.95421150787507,0.0,0.013867200003005564,True,True
E3:corridor:p0.7:cv0.35:r18,OPTIMAL,118.04937653788286,118.04937653788285,0.0,0.02330550001352094,True,True
E3:corridor:p0.7:cv0.35:r19,OPTIMAL,180.80452928658167,180.80452928658167,0.0,0.004731299995910376,True,True
E3:corridor:p0.7:cv0.35:r20,OPTIMAL,194.69314557174164,194.69314557174164,0.0,0.015516999992541969,True,True
E3:corridor:p0.7:cv0.35:r21,OPTIMAL,174.94711289003249,174.94711289003249,0.0,0.009868299996014684,True,True
E3:corridor:p0.7:cv0.35:r22,OPTIMAL,199.83721139036086,199.83721139036086,0.0,0.03850880000391044,True,True
E3:corridor:p0.7:cv0.35:r23,OPTIMAL,177.21558001841146,177.2155800184115,0.0,0.019900199986295775,True,True
E3:corridor:p0.7:cv0.35:r24,OPTIMAL,124.21357373136992,124.2135737313699,0.0,0.018953400023747236,True,True
E3:corridor:p0.7:cv0.35:r25,OPTIMAL,124.14828627055293,124.14828627055293,0.0,0.019283299974631518,True,True
E3:corridor:p0.7:cv0.35:r26,OPTIMAL,153.4933212754593,153.4933212754593,0.0,0.02407739998307079,True,True
E3:corridor:p0.7:cv0.35:r27,OPTIMAL,227.69655059403175,227.69655059403172,0.0,0.049135199980810285,True,True
E3:corridor:p0.7:cv0.35:r28,OPTIMAL,183.62246284164172,183.62246284164172,0.0,0.012441599974408746,True,True
E3:corridor:p0.7:cv0.35:r29,OPTIMAL,146.36251095446337,146.36251095446337,0.0,0.0957166000152938,True,True
E3:corridor:p0.85:cv0.35:r0,OPTIMAL,192.71967954812322,192.71967954812322,0.0,0.013814700010698289,True,True
E3:corridor:p0.85:cv0.35:r1,OPTIMAL,183.27355476169956,183.2735547616996,0.0,0.02899949997663498,True,True
E3:corridor:p0.85:cv0.35:r2,OPTIMAL,195.74902378904278,195.74902378904278,0.0,0.0387339000008069,True,True
E3:corridor:p0.85:cv0.35:r3,OPTIMAL,169.32245352417152,169.32245352417152,0.0,0.03333320000092499,True,True
E3:corridor:p0.85:cv0.35:r4,OPTIMAL,261.14358057812694,261.14358057812694,0.0,0.09845429999404587,True,True
E3:corridor:p0.85:cv0.35:r5,OPTIMAL,183.74902149800394,183.7490214980039,1.5467679337118403e-16,0.012106299982406199,True,True
E3:corridor:p0.85:cv0.35:r6,OPTIMAL,154.37789151659422,154.37789151659425,0.0,0.02271569997537881,True,True
E3:corridor:p0.85:cv0.35:r7,OPTIMAL,256.11154009376116,256.11154009376116,0.0,0.1179790000023786,True,True
E3:corridor:p0.85:cv0.35:r8,OPTIMAL,177.58626496117807,177.58626496117805,0.0,0.01195649997680448,True,True
E3:corridor:p0.85:cv0.35:r9,OPTIMAL,274.7131893386432,274.7131893386432,0.0,0.04150429999572225,True,True
E3:corridor:p0.85:cv0.35:r10,OPTIMAL,197.78486296079225,197.78486296079225,0.0,0.0282524999929592,True,True
E3:corridor:p0.85:cv0.35:r11,OPTIMAL,287.71400521207596,287.71400521207596,0.0,0.3543677999987267,True,True
E3:corridor:p0.85:cv0.35:r12,OPTIMAL,301.94689323118416,301.9468932311841,0.0,0.6371450000151526,True,True
E3:corridor:p0.85:cv0.35:r13,OPTIMAL,257.3215079952183,257.3215079952183,0.0,0.22915259998990223,True,True
E3:corridor:p0.85:cv0.35:r14,OPTIMAL,207.42017498843603,207.42017498843603,0.0,0.010281900002155453,True,True
E3:corridor:p0.85:cv0.35:r15,OPTIMAL,230.70752229812697,230.707522298127,0.0,0.08388489999924786,True,True
E3:corridor:p0.85:cv0.35:r16,OPTIMAL,303.8005484881049,303.8005484881049,0.0,0.03990060000796802,True,True
E3:corridor:p0.85:cv0.35:r17,OPTIMAL,169.619450179497,169.619450179497,0.0,0.007822099985787645,True,True
E3:corridor:p0.85:cv0.35:r18,OPTIMAL,300.68601152121255,300.68601152121255,0.0,0.03647989997989498,True,True
E3:corridor:p0.85:cv0.35:r19,OPTIMAL,161.70416882904993,161.70416882904993,0.0,0.02119299999321811,True,True
E3:corridor:p0.85:cv0.35:r20,OPTIMAL,212.61233000458853,212.61233000458853,0.0,0.01111660001333803,True,True
E3:corridor:p0.85:cv0.35:r21,OPTIMAL,225.34647513884482,225.3464751388448,0.0,0.03958819998661056,True,True
E3:corridor:p0.85:cv0.35:r22,OPTIMAL,149.3762925396801,149.3762925396801,0.0,0.0036159000010229647,True,True
E3:corridor:p0.85:cv0.35:r23,OPTIMAL,202.73734144498945,202.73734144498948,0.0,0.01288689998909831,True,True
E3:corridor:p0.85:cv0.35:r24,OPTIMAL,209.62493263647275,209.62493263647275,0.0,0.028312899987213314,True,True
E3:corridor:p0.85:cv0.35:r25,OPTIMAL,316.78516149127506,316.78516149127506,0.0,0.08536619998631068,True,True
E3:corridor:p0.85:cv0.35:r26,OPTIMAL,170.17533091735922,170.17533091735922,0.0,0.017787099990528077,True,True
E3:corridor:p0.85:cv0.35:r27,OPTIMAL,236.87231572202228,236.87231572202228,0.0,0.017213600018294528,True,True
E3:corridor:p0.85:cv0.35:r28,OPTIMAL,274.5334091909271,274.5334091909271,0.0,0.13700769998831674,True,True
E3:corridor:p0.85:cv0.35:r29,OPTIMAL,202.42444135059839,202.42444135059839,0.0,0.029757100011920556,True,True
E3:corridor:p0.7:cv0.65:r0,OPTIMAL,195.34618222655274,195.34618222655277,0.0,0.021000499982619658,True,True
E3:corridor:p0.7:cv0.65:r1,OPTIMAL,130.1265128323559,130.1265128323559,0.0,0.011141199996927753,True,True
E3:corridor:p0.7:cv0.65:r2,OPTIMAL,149.13927083261885,149.13927083261885,0.0,0.06302010000217706,True,True
E3:corridor:p0.7:cv0.65:r3,OPTIMAL,201.95376127975643,201.95376127975643,0.0,0.02253069999278523,True,True
E3:corridor:p0.7:cv0.65:r4,OPTIMAL,131.0553772015889,131.0553772015889,0.0,0.011453300016000867,True,True
E3:corridor:p0.7:cv0.65:r5,OPTIMAL,107.03393159137656,107.03393159137657,0.0,0.00899189998744987,True,True
E3:corridor:p0.7:cv0.65:r6,OPTIMAL,107.41460676397341,107.4146067639734,0.0,0.00519890000578016,True,True
E3:corridor:p0.7:cv0.65:r7,OPTIMAL,204.4021789564427,204.4021789564427,0.0,0.024231000017607585,True,True
E3:corridor:p0.7:cv0.65:r8,OPTIMAL,117.46383133824617,117.46383133824617,0.0,0.011212100012926385,True,True
E3:corridor:p0.7:cv0.65:r9,OPTIMAL,140.3842137717374,140.38421377173736,0.0,0.0033753000025171787,True,True
E3:corridor:p0.7:cv0.65:r10,OPTIMAL,123.88753275487173,123.88753275487171,0.0,0.03258669999195263,True,True
E3:corridor:p0.7:cv0.65:r11,OPTIMAL,136.76202232386728,136.76202232386728,0.0,0.008318799984408543,True,True
E3:corridor:p0.7:cv0.65:r12,OPTIMAL,124.07494303593538,124.07494303593538,0.0,0.02501240000128746,True,True
E3:corridor:p0.7:cv0.65:r13,OPTIMAL,141.1015055534815,141.1015055534815,0.0,0.021431000001030043,True,True
E3:corridor:p0.7:cv0.65:r14,OPTIMAL,144.01373214116245,144.01373214116248,0.0,0.025152299989713356,True,True
E3:corridor:p0.7:cv0.65:r15,OPTIMAL,77.27388280433959,77.27388280433959,0.0,0.002651299990247935,True,True
E3:corridor:p0.7:cv0.65:r16,OPTIMAL,110.43972508537722,110.4397250853772,0.0,0.020518300007097423,True,True
E3:corridor:p0.7:cv0.65:r17,OPTIMAL,163.84876909312243,163.84876909312243,0.0,0.04019249998964369,True,True
E3:corridor:p0.7:cv0.65:r18,OPTIMAL,129.4295774689178,129.4295774689178,0.0,0.0348770999989938,True,True
E3:corridor:p0.7:cv0.65:r19,OPTIMAL,183.80489037736174,183.80489037736174,0.0,0.03435270002228208,True,True
E3:corridor:p0.7:cv0.65:r20,OPTIMAL,173.51513380731672,173.51513380731672,0.0,0.13146270002471283,True,True
E3:corridor:p0.7:cv0.65:r21,OPTIMAL,209.0483543237873,209.04835432378727,0.0,0.07196239999029785,True,True
E3:corridor:p0.7:cv0.65:r22,OPTIMAL,217.16290852101565,217.16290852101565,0.0,0.017450700019253418,True,True
E3:corridor:p0.7:cv0.65:r23,OPTIMAL,174.69925503919507,174.69925503919507,0.0,0.03425930000958033,True,True
E3:corridor:p0.7:cv0.65:r24,OPTIMAL,96.62840264389911,96.62840264389911,0.0,0.009760000015376136,True,True
E3:corridor:p0.7:cv0.65:r25,OPTIMAL,148.3872191434693,148.3872191434693,0.0,0.03442159999394789,True,True
E3:corridor:p0.7:cv0.65:r26,OPTIMAL,155.38591479513488,155.38591479513485,0.0,0.05064589998801239,True,True
E3:corridor:p0.7:cv0.65:r27,OPTIMAL,164.19355319479658,164.19355319479658,0.0,0.042053300014231354,True,True
E3:corridor:p0.7:cv0.65:r28,OPTIMAL,194.38053104967784,194.38053104967787,0.0,0.018053000007057562,True,True
E3:corridor:p0.7:cv0.65:r29,OPTIMAL,163.58380813249045,163.58380813249045,0.0,0.20915780001087114,True,True
E3:corridor:p0.85:cv0.65:r0,OPTIMAL,207.64609217107346,207.6460921710734,0.0,0.07963120000204071,True,True
E3:corridor:p0.85:cv0.65:r1,OPTIMAL,222.62683109559276,222.62683109559276,0.0,0.08269660000223666,True,True
E3:corridor:p0.85:cv0.65:r2,OPTIMAL,173.03437568354985,173.03437568354983,0.0,0.056833500013453886,True,True
E3:corridor:p0.85:cv0.65:r3,OPTIMAL,172.81337803560365,172.81337803560365,0.0,0.03979839998646639,True,True
E3:corridor:p0.85:cv0.65:r4,OPTIMAL,214.74647174877344,214.74647174877342,0.0,0.03644860000349581,True,True
E3:corridor:p0.85:cv0.65:r5,OPTIMAL,125.65547751495245,125.65547751495244,0.0,0.01316259999293834,True,True
E3:corridor:p0.85:cv0.65:r6,OPTIMAL,160.82920596246282,160.82920596246282,0.0,0.03536259999964386,True,True
E3:corridor:p0.85:cv0.65:r7,OPTIMAL,230.67106912459587,230.67106912459587,0.0,0.04304049999336712,True,True
E3:corridor:p0.85:cv0.65:r8,OPTIMAL,183.57216551246157,183.57216551246157,0.0,0.014608199999202043,True,True
E3:corridor:p0.85:cv0.65:r9,OPTIMAL,300.3981641267286,300.3981641267286,0.0,0.12968739998177625,True,True
E3:corridor:p0.85:cv0.65:r10,OPTIMAL,189.61260980727099,189.612609807271,0.0,0.037599500006763265,True,True
E3:corridor:p0.85:cv0.65:r11,OPTIMAL,285.71538226380096,285.71538226380096,0.0,0.20502200000919402,True,True
E3:corridor:p0.85:cv0.65:r12,OPTIMAL,267.3706306657927,267.3706306657927,0.0,0.33045539999147877,True,True
E3:corridor:p0.85:cv0.65:r13,OPTIMAL,210.503108210731,210.50310821073103,0.0,0.029148500005248934,True,True
E3:corridor:p0.85:cv0.65:r14,OPTIMAL,216.31179362825503,216.31179362825503,0.0,0.03825529999448918,True,True
E3:corridor:p0.85:cv0.65:r15,OPTIMAL,224.23764077651597,224.237640776516,0.0,0.21168350000516511,True,True
E3:corridor:p0.85:cv0.65:r16,OPTIMAL,332.29975239224757,332.29975239224757,0.0,0.24418119998881593,True,True
E3:corridor:p0.85:cv0.65:r17,OPTIMAL,190.7390752030114,190.73907520301137,0.0,0.208203299989691,True,True
E3:corridor:p0.85:cv0.65:r18,OPTIMAL,327.27231608629813,327.27231608629813,0.0,0.257610200002091,True,True
E3:corridor:p0.85:cv0.65:r19,OPTIMAL,164.14726826724416,164.1472682672442,0.0,0.028511099983006716,True,True
E3:corridor:p0.85:cv0.65:r20,OPTIMAL,187.6389372440657,187.6389372440657,0.0,0.015762299997732043,True,True
E3:corridor:p0.85:cv0.65:r21,OPTIMAL,190.46631067950318,190.46631067950318,0.0,0.03679230000125244,True,True
E3:corridor:p0.85:cv0.65:r22,OPTIMAL,168.9489159441759,168.9489159441759,0.0,0.036101500008953735,True,True
E3:corridor:p0.85:cv0.65:r23,OPTIMAL,214.34594661756995,214.34594661756992,0.0,0.037386100011644885,True,True
E3:corridor:p0.85:cv0.65:r24,OPTIMAL,185.2774736968111,185.2774736968111,0.0,0.0517894999939017,True,True
E3:corridor:p0.85:cv0.65:r25,OPTIMAL,278.7321699888246,278.7321699888246,0.0,0.04623160001938231,True,True
E3:corridor:p0.85:cv0.65:r26,OPTIMAL,174.2589716899817,174.25897168998168,0.0,0.047995999979320914,True,True
E3:corridor:p0.85:cv0.65:r27,OPTIMAL,246.8967504471399,246.8967504471399,0.0,0.039959399990038946,True,True
E3:corridor:p0.85:cv0.65:r28,OPTIMAL,219.83867264354694,219.83867264354694,0.0,0.0629878000181634,True,True
E3:corridor:p0.85:cv0.65:r29,OPTIMAL,177.40942634382844,177.40942634382841,0.0,0.011800000007497147,True,True
E3:corridor:p0.7:cv1.0:r0,OPTIMAL,168.49547192457536,168.49547192457536,0.0,0.013677300012204796,True,True
E3:corridor:p0.7:cv1.0:r1,OPTIMAL,233.83254649409278,233.83254649409275,0.0,0.14381209999555722,True,True
E3:corridor:p0.7:cv1.0:r2,OPTIMAL,162.59110275670957,162.59110275670957,0.0,0.04561450000619516,True,True
E3:corridor:p0.7:cv1.0:r3,OPTIMAL,191.20732185669797,191.207321856698,0.0,0.031987200025469065,True,True
E3:corridor:p0.7:cv1.0:r4,OPTIMAL,132.25380463923946,132.25380463923946,0.0,0.00788660001126118,True,True
E3:corridor:p0.7:cv1.0:r5,OPTIMAL,110.2363095702628,110.23630957026279,0.0,0.025896599981933832,True,True
E3:corridor:p0.7:cv1.0:r6,OPTIMAL,135.1112937417705,135.1112937417705,0.0,0.013969699997687712,True,True
E3:corridor:p0.7:cv1.0:r7,OPTIMAL,147.72984030315837,147.72984030315837,0.0,0.027675499994074926,True,True
E3:corridor:p0.7:cv1.0:r8,OPTIMAL,115.93875408837314,115.93875408837314,0.0,0.027693799987901002,True,True
E3:corridor:p0.7:cv1.0:r9,OPTIMAL,169.65912161608105,169.65912161608108,0.0,0.023832200007745996,True,True
E3:corridor:p0.7:cv1.0:r10,OPTIMAL,99.476313536706,99.476313536706,0.0,0.008323399990331382,True,True
E3:corridor:p0.7:cv1.0:r11,OPTIMAL,123.62056304857978,123.62056304857978,0.0,0.01882840000325814,True,True
E3:corridor:p0.7:cv1.0:r12,OPTIMAL,157.6153877632743,157.6153877632743,0.0,0.013803899986669421,True,True
E3:corridor:p0.7:cv1.0:r13,OPTIMAL,135.743466686566,135.743466686566,0.0,0.030130800005281344,True,True
E3:corridor:p0.7:cv1.0:r14,OPTIMAL,120.81176332312981,120.81176332312982,0.0,0.025067799986572936,True,True
E3:corridor:p0.7:cv1.0:r15,OPTIMAL,166.42108613869277,166.42108613869274,0.0,0.005858100019395351,True,True
E3:corridor:p0.7:cv1.0:r16,OPTIMAL,131.0704444873764,131.0704444873764,0.0,0.10738180001499131,True,True
E3:corridor:p0.7:cv1.0:r17,OPTIMAL,134.6104512490187,134.6104512490187,0.0,0.020848799991654232,True,True
E3:corridor:p0.7:cv1.0:r18,OPTIMAL,128.4223261485182,128.4223261485182,0.0,0.035988899995572865,True,True
E3:corridor:p0.7:cv1.0:r19,OPTIMAL,142.1525021162449,142.1525021162449,0.0,0.008517000009305775,True,True
E3:corridor:p0.7:cv1.0:r20,OPTIMAL,159.98515289612408,159.98515289612408,0.0,0.010382000007666647,True,True
E3:corridor:p0.7:cv1.0:r21,OPTIMAL,136.34643723269562,136.34643723269562,0.0,0.011571999988518655,True,True
E3:corridor:p0.7:cv1.0:r22,OPTIMAL,215.79817053451194,215.79817053451194,0.0,0.026420400012284517,True,True
E3:corridor:p0.7:cv1.0:r23,OPTIMAL,136.19970860310718,136.19970860310718,0.0,0.011360000004060566,True,True
E3:corridor:p0.7:cv1.0:r24,OPTIMAL,122.75826869835163,122.75826869835161,0.0,0.008660600025905296,True,True
E3:corridor:p0.7:cv1.0:r25,OPTIMAL,131.41194650356908,131.41194650356908,0.0,0.02222280000569299,True,True
E3:corridor:p0.7:cv1.0:r26,OPTIMAL,119.82042719523349,119.8204271952335,0.0,0.0089919000165537,True,True
E3:corridor:p0.7:cv1.0:r27,OPTIMAL,168.130501055568,168.130501055568,0.0,0.0370579999871552,True,True
E3:corridor:p0.7:cv1.0:r28,OPTIMAL,189.1050649138955,189.10506491389552,0.0,0.013875400007236749,True,True
E3:corridor:p0.7:cv1.0:r29,OPTIMAL,174.991239932664,174.99123993266403,0.0,0.10031430001254193,True,True
E3:corridor:p0.85:cv1.0:r0,OPTIMAL,257.3874712255015,257.38747122550154,0.0,0.04826019998290576,True,True
E3:corridor:p0.85:cv1.0:r1,OPTIMAL,189.00069914532628,189.00069914532628,0.0,0.10980129998642951,True,True
E3:corridor:p0.85:cv1.0:r2,OPTIMAL,189.32334998003776,189.32334998003776,0.0,0.026044800004456192,True,True
E3:corridor:p0.85:cv1.0:r3,OPTIMAL,134.10448925116805,134.10448925116805,0.0,0.0075600999989546835,True,True
E3:corridor:p0.85:cv1.0:r4,OPTIMAL,264.72842028002844,264.72842028002844,0.0,0.13507190000382252,True,True
E3:corridor:p0.85:cv1.0:r5,OPTIMAL,190.73824650178074,190.73824650178074,0.0,0.016627600009087473,True,True
E3:corridor:p0.85:cv1.0:r6,OPTIMAL,174.79430144593664,174.79430144593664,0.0,0.14333170000463724,True,True
E3:corridor:p0.85:cv1.0:r7,OPTIMAL,281.95521434247826,281.9552143424782,0.0,0.17755930000566877,True,True
E3:corridor:p0.85:cv1.0:r8,OPTIMAL,210.60356757536863,210.60356757536863,0.0,0.09463410000898875,True,True
E3:corridor:p0.85:cv1.0:r9,OPTIMAL,225.33447930369536,225.33447930369536,0.0,0.013788700016448274,True,True
E3:corridor:p0.85:cv1.0:r10,OPTIMAL,193.32932414658111,193.32932414658111,0.0,0.14279670000541955,True,True
E3:corridor:p0.85:cv1.0:r11,OPTIMAL,222.67922422541872,222.6792242254187,0.0,0.05593660002341494,True,True
E3:corridor:p0.85:cv1.0:r12,OPTIMAL,252.67774367650287,252.6777436765029,0.0,0.18270949998986907,True,True
E3:corridor:p0.85:cv1.0:r13,OPTIMAL,172.85488022573333,172.85488022573333,0.0,0.047357500006910414,True,True
E3:corridor:p0.85:cv1.0:r14,OPTIMAL,181.256318087472,181.256318087472,0.0,0.013972900022054091,True,True
E3:corridor:p0.85:cv1.0:r15,OPTIMAL,161.51107128154246,161.51107128154246,0.0,0.023679700010688975,True,True
E3:corridor:p0.85:cv1.0:r16,OPTIMAL,253.42744127989346,253.42744127989343,0.0,0.10283829999389127,True,True
E3:corridor:p0.85:cv1.0:r17,OPTIMAL,187.6561669855618,187.65616698556184,0.0,0.0725566000037361,True,True
E3:corridor:p0.85:cv1.0:r18,OPTIMAL,208.87983539454393,208.87983539454396,0.0,0.006675999989965931,True,True
E3:corridor:p0.85:cv1.0:r19,OPTIMAL,164.91952716000515,164.91952716000512,0.0,0.035904299991670996,True,True
E3:corridor:p0.85:cv1.0:r20,OPTIMAL,160.84241300776844,160.84241300776844,0.0,0.006749699998181313,True,True
E3:corridor:p0.85:cv1.0:r21,OPTIMAL,190.6063164522595,190.60631645225953,0.0,0.06161699999938719,True,True
E3:corridor:p0.85:cv1.0:r22,OPTIMAL,164.07334468954252,164.07334468954255,0.0,0.015528199990512803,True,True
E3:corridor:p0.85:cv1.0:r23,OPTIMAL,224.11247874707635,224.11247874707635,0.0,0.1404579000081867,True,True
E3:corridor:p0.85:cv1.0:r24,OPTIMAL,157.8870329682099,157.8870329682099,0.0,0.004536399996140972,True,True
E3:corridor:p0.85:cv1.0:r25,OPTIMAL,326.89810177333,326.89810177333,0.0,0.24303330000839196,True,True
E3:corridor:p0.85:cv1.0:r26,OPTIMAL,153.5872492487554,153.58724924875537,0.0,0.017678100004559383,True,True
E3:corridor:p0.85:cv1.0:r27,OPTIMAL,213.42683459086376,213.4268345908638,0.0,0.10233130000415258,True,True
E3:corridor:p0.85:cv1.0:r28,OPTIMAL,257.5827161866756,257.5827161866756,0.0,0.04507049999665469,True,True
E3:corridor:p0.85:cv1.0:r29,OPTIMAL,160.66095139105474,160.66095139105474,0.0,0.03322540002409369,True,True
