experiment_id,scenario_generator,scenario_variant_id,seed,method,method_label,assigned_robot_rate,collision_risk_rate,communication_messages,communication_radius_m,complexity_score,energy_proxy_wh,estimated_memory_mb,false_positive_rate,force_error_n_mean,loads_per_robot,mean_travel_distance_m,messages_per_robot,method_communication_pattern,method_comparison_group,method_execution_model,method_family,method_ownership,method_scope,method_trainable_parameters,method_training_type,method_tuned_parameters,method_uses_decoder,method_uses_neural_policy,method_variant,mobile_conflict_rate,mobile_obstacle_count,n_loads,n_robots,obstacle_count,obstacle_intersection_rate,performance_gap_vs_reference,reference_score_value,route_crossing_rate,runtime_ms,scalar_feasible_rate,score_value,solved,solved_rate,task_completion_rate,throughput_tasks_per_min,timeout,timeout_rate,torque_error_nm_mean,total_travel_distance_m,transport_success_rate,warehouse_archetype,world_size_m,wrench_feasible_rate,wrench_residual_norm_mean
SP8_MC_fleet_ladder_extended,fleet_ladder_extended,fleet_5r_1l_seed10000,10000,centralized_hungarian_expanded,Centralized Hungarian expanded,0.4,0.0,5,15.108241808752197,125.0,0.5547918376898544,24.00012,1.0,50.687024833447516,0.2,12.785889423330325,1.0,global_all_robot_load_slots,baseline_classic_centralized_scale,centralized_expanded_assignment,classic,baseline,centralized,0,none,1,False,False,expanded_slot_hungarian_polynomial_but_scalar,0.0,1,1,5,4,0.0,0.9991459267191406,1169.7041983156519,0.0,0.08809997234493494,1.0,-0.15551877305230882,True,1.0,0.0,0.0,False,0.0,19.209670756491604,12.785889423330325,0.0,fleet_ladder_extended,30.186917696247164,0.0,0.6024601427391869
SP8_MC_fleet_ladder_extended,fleet_ladder_extended,fleet_5r_1l_seed10000,10000,centralized_coalition_oracle,Centralized coalition oracle,0.4,0.0,5,15.108241808752197,32.0,1.051827932959448,24.00012,0.0,0.5508263779789535,0.2,24.240723690509224,1.0,global_all_subsets,reference_model_based_oracle_centralized_scale,centralized_subset_coalition_search,model_based_oracle,reference,centralized,0,none,2,False,False,exact_like_small_scale_coalition_search_timeout_large,0.0,1,1,5,4,0.0,0.0,1169.7041983156519,0.0,2.91300006210804,1.0,1169.7041983156519,True,1.0,1.0,0.46153846153846156,False,0.0,1.3359953846730335,24.240723690509224,1.0,fleet_ladder_extended,30.186917696247164,1.0,0.017746629521158123
SP8_MC_fleet_ladder_extended,fleet_ladder_extended,fleet_5r_1l_seed10000,10000,centralized_time_expanded_mpc,Centralized time-expanded MPC,0.4,0.0,5,15.108241808752197,1728.0,1.0571476820400338,0.002304,0.0,0.5508263779789535,0.2,24.363324130680553,1.0,global_time_expanded_state,baseline_sota_centralized_scale,centralized_time_expanded_mpc,sota,baseline,centralized,0,none,8,False,False,time_expanded_mpc_timeout_large,0.0,1,1,5,4,0.0,0.0,1169.7041983156519,0.0,0.15580002218484879,1.0,1169.7054843104097,True,1.0,1.0,0.46153846153846156,False,0.0,1.3359953846730335,24.363324130680553,1.0,fleet_ladder_extended,30.186917696247164,1.0,0.017746629521158123
SP8_MC_fleet_ladder_extended,fleet_ladder_extended,fleet_5r_1l_seed10000,10000,classic_local_greedy,Classic local greedy,0.4,0.0,14,15.108241808752197,5.0,1.0506266992960898,2.000048,1.0,77.04242476826524,0.2,24.213039720147957,2.8,local_distance_beacons,baseline_classic_decentralized_scale,distributed_nearest_greedy,classic,baseline,decentralized,0,none,2,False,False,nearest_local_greedy,0.0,1,1,5,4,0.0,0.999146029392858,1169.7041983156519,0.0,0.13589998707175255,1.0,-0.2962923766288472,True,1.0,0.0,0.0,False,0.0,49.7609945824114,24.213039720147957,0.0,fleet_ladder_extended,30.186917696247164,0.0,1.0450985997474054
SP8_MC_fleet_ladder_extended,fleet_ladder_extended,fleet_5r_1l_seed10000,10000,cbba_partitioned,CBBA partitioned,0.4,0.0,14,15.108241808752197,11.60964047443681,0.8997249079512257,2.000048,1.0,74.31074585547516,0.2,20.735314406178038,2.8,zone_auction_bids,baseline_sota_decentralized_scale,partitioned_cbba_auction,sota,baseline,decentralized,0,none,6,False,False,partitioned_cbba_like_auction,0.0,1,1,5,4,0.0,0.9991459990379836,1169.7041983156519,0.0,0.24620001204311848,1.0,-0.2546699728861796,True,1.0,0.0,0.0,False,0.0,42.26798725823405,20.735314406178038,0.0,fleet_ladder_extended,30.186917696247164,0.0,0.9671371570606386
SP8_MC_fleet_ladder_extended,fleet_ladder_extended,fleet_5r_1l_seed10000,10000,auction_market_local,Auction market local,0.4,0.0,14,15.108241808752197,11.60964047443681,1.053029166622806,2.000048,1.0,77.04242476826524,0.2,24.268407660870494,2.8,local_prices_and_bids,baseline_sota_decentralized_scale,local_market_auction,sota,baseline,decentralized,0,none,6,False,False,local_market_auction,0.0,1,1,5,4,0.0,0.9991460298707567,1169.7041983156519,0.0,0.12679991777986288,1.0,-0.2969476918482258,True,1.0,0.0,0.0,False,0.0,49.7609945824114,24.268407660870494,0.0,fleet_ladder_extended,30.186917696247164,0.0,1.0450985997474054
SP8_MC_fleet_ladder_extended,fleet_ladder_extended,fleet_5r_1l_seed10000,10000,ours_primal_dual_spatial,Ours primal-dual spatial,0.4,0.0,14,15.108241808752197,5.0,1.0547452147133176,2.000048,0.0,0.5508263779789535,0.2,24.30795618995802,2.8,local_deficit_capacity_prices,proposed_model_based_decentralized_scale,distributed_primal_dual_prices,model_based,proposed,decentralized,0,model_based_tuning_optional,9,False,False,spatial_primal_dual_capacity_prices,0.0,1,1,5,4,0.0,7.37132504266736e-07,1169.7041983156519,0.0,0.2313998993486166,1.0,1169.7024731258211,True,1.0,1.0,0.46153846153846156,False,0.0,1.3359953846730335,24.30795618995802,1.0,fleet_ladder_extended,30.186917696247164,1.0,0.017746629521158123
SP8_MC_fleet_ladder_extended,fleet_ladder_extended,fleet_5r_1l_seed10000,10000,ours_tensor_quorum_flow,Ours tensor quorum flow,0.4,0.0,14,15.108241808752197,15.509775004326936,0.90255638730057,2.000048,0.0,0.5508263779789535,0.2,20.800569479172456,2.8,local_density_tensor_field,proposed_model_based_decentralized_scale,distributed_tensor_quorum_flow,model_based,proposed,decentralized,0,model_based_tuning_optional,11,False,False,tensor_quorum_flow_density_obstacle_aware,0.0,1,1,5,4,0.0,0.0,1169.7041983156519,0.0,0.29660004656761885,1.0,1169.7444965662035,True,1.0,1.0,0.46153846153846156,False,0.0,1.3359953846730335,20.800569479172456,1.0,fleet_ladder_extended,30.186917696247164,1.0,0.017746629521158123
SP8_MC_fleet_ladder_extended,fleet_ladder_extended,fleet_5r_1l_seed10000,10000,ours_wrench_market_hierarchical,Ours wrench-market hierarchical,0.4,0.0,15,15.108241808752197,15.509775004326936,1.0556032387585734,2.000048,0.0,0.5508263779789535,0.2,24.327730454501783,3.0,zone_summaries_plus_local_wrench_bids,proposed_model_based_hierarchical_scale,hierarchical_wrench_market,model_based,proposed,hierarchical,0,model_based_tuning_optional,13,False,False,zone_hierarchical_wrench_market,0.0,1,1,5,4,0.0,9.755918375534773e-07,1169.7041983156519,0.0,0.15219999477267265,1.0,1169.7019150345511,True,1.0,1.0,0.46153846153846156,False,0.0,1.3359953846730335,24.327730454501783,1.0,fleet_ladder_extended,30.186917696247164,1.0,0.017746629521158123
SP8_MC_fleet_ladder_extended,fleet_ladder_extended,fleet_5r_1l_seed10000,10000,ours_mean_field_approximation,Ours mean-field approximation,0.4,0.0,6,15.108241808752197,5.0,1.0538871906680618,2.000048,1.0,77.04242476826524,0.2,24.288181925414257,1.2,aggregate_density_broadcasts,proposed_model_based_decentralized_scale,mean_field_density_controller,model_based,proposed,decentralized,0,model_based_tuning_optional,7,False,False,mean_field_density_allocation,0.0,1,1,5,4,0.0,0.9991460277150377,1169.7041983156519,0.0,0.13349996879696846,1.0,-0.29399168307376805,True,1.0,0.0,0.0,False,0.0,49.7609945824114,24.288181925414257,0.0,fleet_ladder_extended,30.186917696247164,0.0,1.0450985997474054
SP8_MC_fleet_ladder_extended,fleet_ladder_extended,fleet_10r_2l_seed10000,10000,centralized_hungarian_expanded,Centralized Hungarian expanded,0.4,0.0,20,17.308241808752197,1000.0,1.6099453917351423,24.00048,0.5,8.556736624571561,0.2,14.43732308712264,2.0,global_all_robot_load_slots,baseline_classic_centralized_scale,centralized_expanded_assignment,classic,baseline,centralized,0,none,1,False,False,expanded_slot_hungarian_polynomial_but_scalar,0.0,1,2,10,6,0.0,0.0,584.2581782123659,0.0,0.05709996912628412,1.0,584.6454471459399,True,1.0,0.5,0.46153846153846156,False,0.0,5.383789557995128,28.87464617424528,0.5,fleet_ladder_extended,42.69074841227312,0.5,0.12406577034036398
SP8_MC_fleet_ladder_extended,fleet_ladder_extended,fleet_10r_2l_seed10000,10000,centralized_coalition_oracle,Centralized coalition oracle,0.4,0.0,20,17.308241808752197,2048.0,3.4066052891430005,24.00048,0.5,28.790488074752016,0.2,30.549024483775465,2.0,global_all_subsets,reference_model_based_oracle_centralized_scale,centralized_subset_coalition_search,model_based_oracle,reference,centralized,0,none,2,False,False,exact_like_small_scale_coalition_search_timeout_large,0.0,1,2,10,6,0.0,0.0,584.2581782123659,0.0,0.6452000234276056,1.0,584.2581782123659,True,1.0,0.5,0.46153846153846156,False,0.0,12.715324927514333,61.09804896755093,0.5,fleet_ladder_extended,42.69074841227312,0.5,0.3850271037396263
SP8_MC_fleet_ladder_extended,fleet_ladder_extended,fleet_10r_2l_seed10000,10000,centralized_time_expanded_mpc,Centralized time-expanded MPC,0.4,0.0,20,17.308241808752197,13824.0,3.412291843888988,0.009216,0.5,28.790488074752016,0.2,30.600019150142344,2.0,global_time_expanded_state,baseline_sota_centralized_scale,centralized_time_expanded_mpc,sota,baseline,centralized,0,none,8,False,False,time_expanded_mpc_timeout_large,0.0,1,2,10,6,0.0,7.33442082367285e-07,584.2581782123659,0.0,0.27909991331398487,1.0,584.2573204404832,True,1.0,0.5,0.46153846153846156,False,0.0,12.715324927514333,61.20003830028469,0.5,fleet_ladder_extended,42.69074841227312,0.5,0.3850271037396263
SP8_MC_fleet_ladder_extended,fleet_ladder_extended,fleet_10r_2l_seed10000,10000,classic_local_greedy,Classic local greedy,0.4,0.0,28,17.308241808752197,20.0,2.57733693811938,2.000096,1.0,20.345164749198375,0.2,23.11248957326524,2.8,local_distance_beacons,baseline_classic_decentralized_scale,distributed_nearest_greedy,classic,baseline,decentralized,0,none,2,False,False,nearest_local_greedy,0.0,1,2,10,6,0.0,0.998293003524097,584.2581782123659,0.0,0.2128999913111329,1.0,-0.5661126497496769,True,1.0,0.0,0.0,False,0.0,15.442745770258506,46.22497914653048,0.0,fleet_ladder_extended,42.69074841227312,0.0,0.33386917460779375
SP8_MC_fleet_ladder_extended,fleet_ladder_extended,fleet_10r_2l_seed10000,10000,cbba_partitioned,CBBA partitioned,0.4,0.0,28,17.308241808752197,66.43856189774725,2.613280845869196,2.000096,1.0,15.500368879192678,0.2,23.434819642261267,2.8,zone_auction_bids,baseline_sota_decentralized_scale,partitioned_cbba_auction,sota,baseline,decentralized,0,none,6,False,False,partitioned_cbba_like_auction,0.0,1,2,10,6,0.0,0.998293026965948,584.2581782123659,0.0,0.5221000174060464,1.0,-0.5741577714316765,True,1.0,0.0,0.0,False,0.0,8.553051939685671,46.869639284522535,0.0,fleet_ladder_extended,42.69074841227312,0.0,0.23742828943122057
SP8_MC_fleet_ladder_extended,fleet_ladder_extended,fleet_10r_2l_seed10000,10000,auction_market_local,Auction market local,0.4,0.0,28,17.308241808752197,66.43856189774725,2.579905059617567,2.000096,1.0,20.345164749198375,0.2,23.135519422592214,2.8,local_prices_and_bids,baseline_sota_decentralized_scale,local_market_auction,sota,baseline,decentralized,0,none,6,False,False,local_market_auction,0.0,1,2,10,6,0.0,0.9982930050999465,584.2581782123659,0.0,0.20100001711398363,1.0,-0.5666534661593271,True,1.0,0.0,0.0,False,0.0,15.442745770258506,46.27103884518443,0.0,fleet_ladder_extended,42.69074841227312,0.0,0.33386917460779375
SP8_MC_fleet_ladder_extended,fleet_ladder_extended,fleet_10r_2l_seed10000,10000,ours_primal_dual_spatial,Ours primal-dual spatial,0.4,0.0,28,17.308241808752197,20.0,3.4097237223907997,2.000096,0.5,28.790488074752016,0.2,30.576989300815363,2.8,local_deficit_capacity_prices,proposed_model_based_decentralized_scale,distributed_primal_dual_prices,model_based,proposed,decentralized,0,model_based_tuning_optional,9,False,False,spatial_primal_dual_capacity_prices,0.0,1,2,10,6,0.0,2.968548393144423e-06,584.2581782123659,0.0,0.24580000899732113,1.0,584.2547064567714,True,1.0,0.5,0.46153846153846156,False,0.0,12.715324927514333,61.153978601630726,0.5,fleet_ladder_extended,42.69074841227312,0.5,0.3850271037396263
SP8_MC_fleet_ladder_extended,fleet_ladder_extended,fleet_10r_2l_seed10000,10000,ours_tensor_quorum_flow,Ours tensor quorum flow,0.4,0.0,28,17.308241808752197,43.01955000865387,2.630835286275334,2.000096,0.5,28.790488074752066,0.2,23.59224058899531,2.8,local_density_tensor_field,proposed_model_based_decentralized_scale,distributed_tensor_quorum_flow,model_based,proposed,decentralized,0,model_based_tuning_optional,11,False,False,tensor_quorum_flow_density_obstacle_aware,0.0,1,2,10,6,0.0,0.0,584.2581782123659,0.0,0.6089999806135893,1.0,584.4219772258834,True,1.0,0.5,0.46153846153846156,False,0.0,12.715324927514358,47.18448117799062,0.5,fleet_ladder_extended,42.69074841227312,0.5,0.3850271037396268
SP8_MC_fleet_ladder_extended,fleet_ladder_extended,fleet_10r_2l_seed10000,10000,ours_wrench_market_hierarchical,Ours wrench-market hierarchical,0.4,0.0,30,17.308241808752197,43.01955000865387,3.4106409086401532,2.000096,0.5,28.790488074752016,0.2,30.58521424700357,3.0,zone_summaries_plus_local_wrench_bids,proposed_model_based_hierarchical_scale,hierarchical_wrench_market,model_based,proposed,hierarchical,0,model_based_tuning_optional,13,False,False,zone_hierarchical_wrench_market,0.0,1,2,10,6,0.0,3.826343538325049e-06,584.2581782123659,0.0,0.25159993674606085,1.0,584.2537032581353,True,1.0,0.5,0.46153846153846156,False,0.0,12.715324927514333,61.17042849400714,0.5,fleet_ladder_extended,42.69074841227312,0.5,0.3850271037396263
SP8_MC_fleet_ladder_extended,fleet_ladder_extended,fleet_10r_2l_seed10000,10000,ours_mean_field_approximation,Ours mean-field approximation,0.4,0.0,12,17.308241808752197,20.0,2.365714233496349,2.000096,0.5,12.637786048188557,0.2,21.21474485788669,1.2,aggregate_density_broadcasts,proposed_model_based_decentralized_scale,mean_field_density_controller,model_based,proposed,decentralized,0,model_based_tuning_optional,7,False,False,mean_field_density_allocation,0.0,1,2,10,6,0.0,0.0,584.2581782123659,0.0,0.22489996626973152,1.0,584.4858212234444,True,1.0,0.5,0.46153846153846156,False,0.0,2.471335058726318,42.42948971577338,0.5,fleet_ladder_extended,42.69074841227312,0.5,0.157006835046764
SP8_MC_fleet_ladder_extended,fleet_ladder_extended,fleet_25r_6l_seed10000,10000,centralized_hungarian_expanded,Centralized Hungarian expanded,0.44,0.031599999999999996,150,20.216483617504394,15625.0,7.448662390593739,24.0036,0.5,37.259792506309736,0.24,21.878485058066104,6.0,global_all_robot_load_slots,baseline_classic_centralized_scale,centralized_expanded_assignment,classic,baseline,centralized,0,none,1,False,False,expanded_slot_hungarian_polynomial_but_scalar,0.0,2,6,25,9,0.0,0.0027405263067411378,190.61732526942092,0.12639999999999998,0.08500006515532732,0.6666666666666666,189.5726640757541,True,1.0,0.16666666666666666,0.4363636363636364,False,0.0,31.27397322318686,131.27091034839663,0.16666666666666666,fleet_ladder_extended,67.5,0.16666666666666666,0.46553455292142915
SP8_MC_fleet_ladder_extended,fleet_ladder_extended,fleet_25r_6l_seed10000,10000,centralized_coalition_oracle,Centralized coalition oracle,0.44,0.029433333333333332,150,20.216483617504394,201326592.0,11.088546586655157,24.0036,0.5,27.6263566780502,0.24,32.56968675586153,6.0,global_all_subsets,reference_model_based_oracle_centralized_scale,centralized_subset_coalition_search,model_based_oracle,reference,centralized,0,none,2,False,False,exact_like_small_scale_coalition_search_timeout_large,0.0,2,6,25,9,0.0,0.004084910200065491,190.61732526942092,0.11773333333333333,0.6992999697104096,0.6666666666666666,189.06228325360826,True,1.0,0.16666666666666666,0.4363636363636364,False,0.0,50.58697243257524,195.41812053516918,0.16666666666666666,fleet_ladder_extended,67.5,0.16666666666666666,0.5054169976026008
SP8_MC_fleet_ladder_extended,fleet_ladder_extended,fleet_25r_6l_seed10000,10000,centralized_time_expanded_mpc,Centralized time-expanded MPC,0.44,0.016,150,20.216483617504394,238328.0,11.07587026057959,0.061504,0.5,27.6263566780502,0.24,32.532453384808804,6.0,global_time_expanded_state,baseline_sota_centralized_scale,centralized_time_expanded_mpc,sota,baseline,centralized,0,none,8,False,False,time_expanded_mpc_timeout_large,0.0,2,6,25,9,0.0,0.0,190.61732526942092,0.064,0.586699927225709,0.6666666666666666,190.67707665636655,True,1.0,0.16666666666666666,0.4363636363636364,False,0.0,50.58697243257524,195.19472030885282,0.16666666666666666,fleet_ladder_extended,67.5,0.16666666666666666,0.5054169976026008
SP8_MC_fleet_ladder_extended,fleet_ladder_extended,fleet_25r_6l_seed10000,10000,classic_local_greedy,Classic local greedy,0.44,0.032466666666666665,78,20.216483617504394,150.0,10.716041340796624,2.000248,0.6666666666666666,54.69075941785466,0.24,31.475550650853076,3.12,local_distance_beacons,baseline_classic_decentralized_scale,distributed_nearest_greedy,classic,baseline,decentralized,0,none,2,False,False,nearest_local_greedy,0.0,2,6,25,9,0.0,0.7881760624992848,190.61732526942092,0.12986666666666666,0.498599954880774,0.6666666666666666,22.13939508651703,True,1.0,0.0,0.0,False,0.0,30.84880009908836,188.85330390511845,0.0,fleet_ladder_extended,67.5,0.16666666666666666,0.6060975055445296
SP8_MC_fleet_ladder_extended,fleet_ladder_extended,fleet_25r_6l_seed10000,10000,cbba_partitioned,CBBA partitioned,0.44,0.02575,78,20.216483617504394,696.5784284662087,8.890365075439721,2.000248,0.6666666666666666,40.70281548003479,0.24,26.113107194841774,3.12,zone_auction_bids,baseline_sota_decentralized_scale,partitioned_cbba_auction,sota,baseline,decentralized,0,none,6,False,False,partitioned_cbba_like_auction,0.0,2,6,25,9,0.0,0.994914054190807,190.61732526942092,0.103,1.5934999100863934,0.6666666666666666,-5.002937217938694,True,1.0,0.0,0.0,False,0.0,28.25255248423348,156.67864316905064,0.0,fleet_ladder_extended,67.5,0.0,0.5029828780296238
SP8_MC_fleet_ladder_extended,fleet_ladder_extended,fleet_25r_6l_seed10000,10000,auction_market_local,Auction market local,0.44,0.0264,78,20.216483617504394,696.5784284662087,10.7103165483754,2.000248,0.6666666666666666,54.69075941785466,0.24,31.458735580055073,3.12,local_prices_and_bids,baseline_sota_decentralized_scale,local_market_auction,sota,baseline,decentralized,0,none,6,False,False,local_market_auction,0.0,2,6,25,9,0.0,0.7820965457341459,190.61732526942092,0.1056,0.4909000126644969,0.6666666666666666,22.868613471556706,True,1.0,0.0,0.0,False,0.0,30.84880009908836,188.75241348033043,0.0,fleet_ladder_extended,67.5,0.16666666666666666,0.6060975055445296
SP8_MC_fleet_ladder_extended,fleet_ladder_extended,fleet_25r_6l_seed10000,10000,ours_primal_dual_spatial,Ours primal-dual spatial,0.44,0.022066666666666665,78,20.216483617504394,150.0,11.081595053000813,2.000248,0.5,27.6263566780502,0.24,32.54926845560681,3.12,local_deficit_capacity_prices,proposed_model_based_decentralized_scale,distributed_primal_dual_prices,model_based,proposed,decentralized,0,model_based_tuning_optional,9,False,False,spatial_primal_dual_capacity_prices,0.0,2,6,25,9,0.0,0.0016789576036905622,190.61732526942092,0.08826666666666666,0.6074999691918492,0.6666666666666666,189.97664517122712,True,1.0,0.16666666666666666,0.4363636363636364,False,0.0,50.58697243257524,195.29561073364084,0.16666666666666666,fleet_ladder_extended,67.5,0.16666666666666666,0.5054169976026008
SP8_MC_fleet_ladder_extended,fleet_ladder_extended,fleet_25r_6l_seed10000,10000,ours_tensor_quorum_flow,Ours tensor quorum flow,0.44,0.0186,78,20.216483617504394,153.58008562199313,10.506486525959097,2.000248,0.5,31.08725898954329,0.24,30.860038543463393,3.12,local_density_tensor_field,proposed_model_based_decentralized_scale,distributed_tensor_quorum_flow,model_based,proposed,decentralized,0,model_based_tuning_optional,11,False,False,tensor_quorum_flow_density_obstacle_aware,0.0,2,6,25,9,0.0,0.0002740393669012192,190.61732526942092,0.0744,2.2706000600010157,0.6666666666666666,190.51260662481062,True,1.0,0.16666666666666666,0.4363636363636364,False,0.0,45.077967901060155,185.16023126078036,0.16666666666666666,fleet_ladder_extended,67.5,0.16666666666666666,0.5268682011155585
SP8_MC_fleet_ladder_extended,fleet_ladder_extended,fleet_25r_6l_seed10000,10000,ours_wrench_market_hierarchical,Ours wrench-market hierarchical,0.44,0.019899999999999998,81,20.216483617504394,153.58008562199313,9.275895191003562,2.000248,0.6666666666666666,31.08725898954329,0.24,27.245500426068034,3.24,zone_summaries_plus_local_wrench_bids,proposed_model_based_hierarchical_scale,hierarchical_wrench_market,model_based,proposed,hierarchical,0,model_based_tuning_optional,13,False,False,zone_hierarchical_wrench_market,0.0,2,6,25,9,0.0,0.0,190.61732526942092,0.07959999999999999,0.5986999021843076,0.8333333333333334,190.61732526942092,True,1.0,0.16666666666666666,0.4363636363636364,False,0.0,45.077967901060155,163.4730025564082,0.16666666666666666,fleet_ladder_extended,67.5,0.16666666666666666,0.5268682011155585
SP8_MC_fleet_ladder_extended,fleet_ladder_extended,fleet_25r_6l_seed10000,10000,ours_mean_field_approximation,Ours mean-field approximation,0.44,0.024233333333333332,31,20.216483617504394,150.0,8.504520275047248,2.000248,0.6666666666666666,40.94737151051871,0.24,24.979789659766013,1.24,aggregate_density_broadcasts,proposed_model_based_decentralized_scale,mean_field_density_controller,model_based,proposed,decentralized,0,model_based_tuning_optional,7,False,False,mean_field_density_allocation,0.0,2,6,25,9,0.0,0.9949067119634292,190.61732526942092,0.09693333333333333,0.5544999148696661,0.6666666666666666,-4.719499355418023,True,1.0,0.0,0.0,False,0.0,27.24890049943974,149.87873795859608,0.0,fleet_ladder_extended,67.5,0.0,0.49991122764335777
SP8_MC_fleet_ladder_extended,fleet_ladder_extended,fleet_50r_12l_seed10000,10000,centralized_hungarian_expanded,Centralized Hungarian expanded,0.46,0.04827272727272727,600,22.416483617504394,125000.0,20.491983321281374,24.0144,0.9166666666666666,40.48631722307026,0.24,30.093899669943923,12.0,global_all_robot_load_slots,baseline_classic_centralized_scale,centralized_expanded_assignment,classic,baseline,centralized,0,none,1,False,False,expanded_slot_hungarian_polynomial_but_scalar,0.0,3,12,50,13,0.08333333333333333,0.995005100020431,188.83786558614526,0.04309090909090909,0.09470002260059118,0.9166666666666666,-10.366343525221799,True,1.0,0.0,0.0,False,0.0,40.14477038706779,361.1267960393271,0.0,fleet_ladder_extended,95.45941546018392,0.0,0.6048884518481911
SP8_MC_fleet_ladder_extended,fleet_ladder_extended,fleet_50r_12l_seed10000,10000,centralized_coalition_oracle,Centralized coalition oracle,0.46,0.04753409090909091,600,22.416483617504394,3221225472.0,25.05199556001147,24.0144,0.75,29.278920453533605,0.24,36.790594111596384,12.0,global_all_subsets,reference_model_based_oracle_centralized_scale,centralized_subset_coalition_search,model_based_oracle,reference,centralized,0,none,2,False,False,exact_like_small_scale_coalition_search_timeout_large,0.0,3,12,50,13,0.08333333333333333,0.01360009280196986,188.83786558614526,0.04013636363636364,1.121999928727746,0.9166666666666666,183.75694153891047,True,1.0,0.16666666666666666,0.8059594091304639,False,0.0,35.28179436241289,441.48712933915664,0.16666666666666666,fleet_ladder_extended,95.45941546018392,0.16666666666666666,0.46906484927758035
SP8_MC_fleet_ladder_extended,fleet_ladder_extended,fleet_50r_12l_seed10000,10000,centralized_time_expanded_mpc,Centralized time-expanded MPC,0.46,0.005454545454545454,600,22.416483617504394,1906624.0,25.16557362003388,0.246016,0.75,29.278920453533605,0.24,36.95739137516197,12.0,global_time_expanded_state,baseline_sota_centralized_scale,centralized_time_expanded_mpc,sota,baseline,centralized,0,none,8,False,False,time_expanded_mpc_timeout_large,0.0,3,12,50,13,0.0,0.00014637988885554814,188.83786558614526,0.021818181818181816,1.1470000026747584,0.9166666666666666,188.78244318742853,True,1.0,0.16666666666666666,0.8059594091304639,False,0.0,35.28179436241289,443.4886965019436,0.16666666666666666,fleet_ladder_extended,95.45941546018392,0.16666666666666666,0.46906484927758035
SP8_MC_fleet_ladder_extended,fleet_ladder_extended,fleet_50r_12l_seed10000,10000,classic_local_greedy,Classic local greedy,0.46,0.048568181818181816,162,22.416483617504394,600.0,24.509782671860503,2.000496,0.8333333333333334,33.8331105547999,0.24,35.994316855269524,3.24,local_distance_beacons,baseline_classic_decentralized_scale,distributed_nearest_greedy,classic,baseline,decentralized,0,none,2,False,False,nearest_local_greedy,0.0,3,12,50,13,0.08333333333333333,0.013150123647053164,188.83786558614526,0.044272727272727276,0.9708000579848886,1.0,183.92286575460142,True,1.0,0.16666666666666666,0.8059594091304639,False,0.0,39.63248450297174,431.9318022632343,0.16666666666666666,fleet_ladder_extended,95.45941546018392,0.16666666666666666,0.5264974644932708
SP8_MC_fleet_ladder_extended,fleet_ladder_extended,fleet_50r_12l_seed10000,10000,cbba_partitioned,CBBA partitioned,0.46,0.04627840909090909,162,22.416483617504394,3386.3137138648344,24.10713955894871,2.000496,0.9166666666666666,39.782664224060944,0.24,35.4030075001532,3.24,zone_auction_bids,baseline_sota_decentralized_scale,partitioned_cbba_auction,sota,baseline,decentralized,0,none,6,False,False,partitioned_cbba_like_auction,0.0,3,12,50,13,0.08333333333333333,0.9950139056675529,188.83786558614526,0.03511363636363636,3.6702000070363283,0.9166666666666666,-10.719912370938188,True,1.0,0.0,0.0,False,0.0,39.53398010698863,424.8360900018384,0.0,fleet_ladder_extended,95.45941546018392,0.0,0.6036139497129954
SP8_MC_fleet_ladder_extended,fleet_ladder_extended,fleet_50r_12l_seed10000,10000,auction_market_local,Auction market local,0.46,0.0465,162,22.416483617504394,3386.3137138648344,25.611355669589162,2.000496,0.75,34.35228918797566,0.24,37.61205325262146,3.24,local_prices_and_bids,baseline_sota_decentralized_scale,local_market_auction,sota,baseline,decentralized,0,none,6,False,False,local_market_auction,0.0,3,12,50,13,0.08333333333333333,0.013108839388164133,188.83786558614526,0.036000000000000004,0.9678000351414084,0.9166666666666666,183.93809653158738,True,1.0,0.16666666666666666,0.8059594091304639,False,0.0,41.53132773542509,451.34463903145746,0.16666666666666666,fleet_ladder_extended,95.45941546018392,0.16666666666666666,0.5365286561356467
SP8_MC_fleet_ladder_extended,fleet_ladder_extended,fleet_50r_12l_seed10000,10000,ours_primal_dual_spatial,Ours primal-dual spatial,0.46,0.007522727272727272,162,22.416483617504394,600.0,25.1142803026044,2.000496,0.75,29.278920453533605,0.24,36.88206357871299,3.24,local_deficit_capacity_prices,proposed_model_based_decentralized_scale,distributed_primal_dual_prices,model_based,proposed,decentralized,0,model_based_tuning_optional,9,False,False,spatial_primal_dual_capacity_prices,0.0,3,12,50,13,0.0,0.0003111820005056652,188.83786558614526,0.03009090909090909,1.3903999933972955,0.9166666666666666,188.72006517194467,True,1.0,0.16666666666666666,0.8059594091304639,False,0.0,35.28179436241289,442.58476294455585,0.16666666666666666,fleet_ladder_extended,95.45941546018392,0.16666666666666666,0.46906484927758035
SP8_MC_fleet_ladder_extended,fleet_ladder_extended,fleet_50r_12l_seed10000,10000,ours_tensor_quorum_flow,Ours tensor quorum flow,0.46,0.006340909090909091,162,22.416483617504394,369.16017124398627,24.905958975121457,2.000496,0.75,29.278920453533605,0.24,36.57612925161101,3.24,local_density_tensor_field,proposed_model_based_decentralized_scale,distributed_tensor_quorum_flow,model_based,proposed,decentralized,0,model_based_tuning_optional,11,False,False,tensor_quorum_flow_density_obstacle_aware,0.0,3,12,50,13,0.0,0.0,188.83786558614526,0.025363636363636363,5.227799993008375,0.9166666666666666,188.90210049686593,True,1.0,0.16666666666666666,0.8059594091304639,False,0.0,35.28179436241289,438.9135510193321,0.16666666666666666,fleet_ladder_extended,95.45941546018392,0.16666666666666666,0.46906484927758035
SP8_MC_fleet_ladder_extended,fleet_ladder_extended,fleet_50r_12l_seed10000,10000,ours_wrench_market_hierarchical,Ours wrench-market hierarchical,0.46,0.006784090909090909,166,22.416483617504394,369.16017124398627,24.96892365583775,2.000496,0.5833333333333334,28.247963908427803,0.24,36.6685972550501,3.32,zone_summaries_plus_local_wrench_bids,proposed_model_based_hierarchical_scale,hierarchical_wrench_market,model_based,proposed,hierarchical,0,model_based_tuning_optional,13,False,False,zone_hierarchical_wrench_market,0.0,3,12,50,13,0.0,0.0,188.83786558614526,0.027136363636363636,1.3655000366270542,0.75,188.83786558614526,True,1.0,0.16666666666666666,0.8059594091304639,False,0.0,36.05865222473696,440.0231670606012,0.16666666666666666,fleet_ladder_extended,95.45941546018392,0.16666666666666666,0.46429685224925593
SP8_MC_fleet_ladder_extended,fleet_ladder_extended,fleet_50r_12l_seed10000,10000,ours_mean_field_approximation,Ours mean-field approximation,0.46,0.045761363636363635,62,22.416483617504394,600.0,24.34622211814873,2.000496,0.9166666666666666,41.28018478074166,0.24,35.75411683088971,1.24,aggregate_density_broadcasts,proposed_model_based_decentralized_scale,mean_field_density_controller,model_based,proposed,decentralized,0,model_based_tuning_optional,7,False,False,mean_field_density_allocation,0.0,3,12,50,13,0.08333333333333333,0.9950125594810953,188.83786558614526,0.033045454545454545,1.0222999844700098,0.9166666666666666,-10.665778759996225,True,1.0,0.0,0.0,False,0.0,38.293687967336645,429.0494019706765,0.0,fleet_ladder_extended,95.45941546018392,0.0,0.6160521445600902
SP8_MC_fleet_ladder_extended,fleet_ladder_extended,fleet_100r_25l_seed10000,10000,centralized_hungarian_expanded,Centralized Hungarian expanded,0.5,0.03538,2500,24.616483617504393,1000000.0,56.45470887326147,24.06,0.6,50.23471133405827,0.25,35.74465539293632,25.0,global_all_robot_load_slots,baseline_classic_centralized_scale,centralized_expanded_assignment,classic,baseline,centralized,0,none,1,False,False,expanded_slot_hungarian_polynomial_but_scalar,0.0,4,25,100,18,0.04,0.16789547088856333,53.01821307614066,0.06952,0.23859995417296886,0.64,37.63076478216493,True,1.0,0.04,0.36363636363636365,False,0.0,39.3247278345085,893.616384823408,0.04,fleet_ladder_extended,135.0,0.08,0.6278928894151574
SP8_MC_fleet_ladder_extended,fleet_ladder_extended,fleet_100r_25l_seed10000,10000,centralized_coalition_oracle,Centralized coalition oracle,0.0,1.0,2500,24.616483617504393,6710886400.0,nan,24.06,0.0,nan,0.25,nan,25.0,global_all_subsets,reference_model_based_oracle_centralized_scale,centralized_subset_coalition_search,model_based_oracle,reference,centralized,0,none,2,False,False,exact_like_small_scale_coalition_search_timeout_large,nan,4,25,100,18,nan,1.0,53.01821307614066,nan,60000.0,0.0,-1000000.0,False,0.0,0.0,0.0,True,1.0,nan,nan,0.0,fleet_ladder_extended,135.0,0.0,nan
SP8_MC_fleet_ladder_extended,fleet_ladder_extended,fleet_100r_25l_seed10000,10000,centralized_time_expanded_mpc,Centralized time-expanded MPC,0.5,0.0088,2500,24.616483617504393,15625000.0,66.71612704875811,1.0,0.52,32.930703831998905,0.25,42.241737104036304,25.0,global_time_expanded_state,baseline_sota_centralized_scale,centralized_time_expanded_mpc,sota,baseline,centralized,0,none,8,False,False,time_expanded_mpc_timeout_large,0.0,4,25,100,18,0.0,0.0,53.01821307614066,0.0352,2.6581999845802784,0.64,132.4688206688045,True,1.0,0.12,1.0909090909090908,False,0.0,43.8438907056402,1056.0434276009075,0.12,fleet_ladder_extended,135.0,0.16,0.526603913337919
SP8_MC_fleet_ladder_extended,fleet_ladder_extended,fleet_100r_25l_seed10000,10000,classic_local_greedy,Classic local greedy,0.5,0.03585666666666667,350,24.616483617504393,2500.0,64.99730789987804,2.001,0.76,46.306824009719456,0.25,41.1534559068482,3.5,local_distance_beacons,baseline_classic_decentralized_scale,distributed_nearest_greedy,classic,baseline,decentralized,0,none,2,False,False,nearest_local_greedy,0.0,4,25,100,18,0.04,0.17847054902934242,53.01821307614066,0.07142666666666667,2.8162000235170126,0.8,36.808347027922025,True,1.0,0.04,0.36363636363636365,False,0.0,32.058354060063635,1028.836397671205,0.04,fleet_ladder_extended,135.0,0.08,0.5781295545709413
SP8_MC_fleet_ladder_extended,fleet_ladder_extended,fleet_100r_25l_seed10000,10000,cbba_partitioned,CBBA partitioned,0.5,0.032162500000000004,350,24.616483617504393,16609.640474436812,65.77349952116296,2.001,0.68,54.85684048932846,0.25,41.64490653294212,3.5,zone_auction_bids,baseline_sota_decentralized_scale,partitioned_cbba_auction,sota,baseline,decentralized,0,none,6,False,False,partitioned_cbba_like_auction,0.0,4,25,100,18,0.04,0.9843060549387794,53.01821307614066,0.05665,7.656599977053702,0.68,-9.700628559859691,True,1.0,0.0,0.0,False,0.0,34.719787311119156,1041.122663323553,0.0,fleet_ladder_extended,135.0,0.04,0.6417224380700237
SP8_MC_fleet_ladder_extended,fleet_ladder_extended,fleet_100r_25l_seed10000,10000,auction_market_local,Auction market local,0.5,0.03252,350,24.616483617504393,16609.640474436812,65.0502131222857,2.001,0.76,46.306824009719456,0.25,41.186953182473054,3.5,local_prices_and_bids,baseline_sota_decentralized_scale,local_market_auction,sota,baseline,decentralized,0,none,6,False,False,local_market_auction,0.0,4,25,100,18,0.04,0.17341908353792487,53.01821307614066,0.05808,2.1666999673470855,0.8,37.19934734529074,True,1.0,0.04,0.36363636363636365,False,0.0,32.058354060063635,1029.6738295618263,0.04,fleet_ladder_extended,135.0,0.08,0.5781295545709413
SP8_MC_fleet_ladder_extended,fleet_ladder_extended,fleet_100r_25l_seed10000,10000,ours_primal_dual_spatial,Ours primal-dual spatial,0.5,0.012136666666666665,350,24.616483617504393,2500.0,66.66322182635045,2.001,0.52,32.930703831998905,0.25,42.20823982841144,3.5,local_deficit_capacity_prices,proposed_model_based_decentralized_scale,distributed_primal_dual_prices,model_based,proposed,decentralized,0,model_based_tuning_optional,9,False,False,spatial_primal_dual_capacity_prices,0.0,4,25,100,18,0.0,0.0,53.01821307614066,0.04854666666666666,2.4831000482663512,0.64,132.9386449514283,True,1.0,0.12,1.0909090909090908,False,0.0,43.8438907056402,1055.205995710286,0.12,fleet_ladder_extended,135.0,0.16,0.526603913337919
SP8_MC_fleet_ladder_extended,fleet_ladder_extended,fleet_100r_25l_seed10000,10000,ours_tensor_quorum_flow,Ours tensor quorum flow,0.5,0.01023,350,24.616483617504393,870.7230355827609,65.95947799766847,2.001,0.6,32.200407496104134,0.25,41.76265997965844,3.5,local_density_tensor_field,proposed_model_based_decentralized_scale,distributed_tensor_quorum_flow,model_based,proposed,decentralized,0,model_based_tuning_optional,11,False,False,tensor_quorum_flow_density_obstacle_aware,0.0,4,25,100,18,0.0,0.0,53.01821307614066,0.04092,12.946399976499379,0.68,93.29065560612598,True,1.0,0.08,0.7272727272727273,False,0.0,44.80836061856148,1044.066499491461,0.08,fleet_ladder_extended,135.0,0.16,0.5259638445594874
SP8_MC_fleet_ladder_extended,fleet_ladder_extended,fleet_100r_25l_seed10000,10000,ours_wrench_market_hierarchical,Ours wrench-market hierarchical,0.5,0.010945,350,24.616483617504393,870.7230355827609,66.99727875091153,2.001,0.6,29.810051994435025,0.25,42.419750079520284,3.5,zone_summaries_plus_local_wrench_bids,proposed_model_based_hierarchical_scale,hierarchical_wrench_market,model_based,proposed,hierarchical,0,model_based_tuning_optional,13,False,False,zone_hierarchical_wrench_market,0.0,4,25,100,18,0.0,0.0,53.01821307614066,0.04378,2.4619000032544136,0.64,53.01821307614066,True,1.0,0.04,0.36363636363636365,False,0.0,47.992029192954895,1060.493751988007,0.04,fleet_ladder_extended,135.0,0.16,0.5175614054689691
SP8_MC_fleet_ladder_extended,fleet_ladder_extended,fleet_100r_25l_seed10000,10000,ours_mean_field_approximation,Ours mean-field approximation,0.5,0.03132833333333333,125,24.616483617504393,2500.0,66.44818379808767,2.001,0.64,49.786744206788725,0.25,42.07208714301039,1.25,aggregate_density_broadcasts,proposed_model_based_decentralized_scale,mean_field_density_controller,model_based,proposed,decentralized,0,model_based_tuning_optional,7,False,False,mean_field_density_allocation,0.0,4,25,100,18,0.04,0.17383699829142812,53.01821307614066,0.05331333333333333,2.1021999418735504,0.68,37.16687165715501,True,1.0,0.04,0.36363636363636365,False,0.0,30.697956584559865,1051.8021785752599,0.04,fleet_ladder_extended,135.0,0.08,0.5688157621523866
SP8_MC_fleet_ladder_extended,fleet_ladder_extended,fleet_250r_62l_seed10000,10000,centralized_hungarian_expanded,Centralized Hungarian expanded,0.5,0.04456213643574829,15500,27.52472542625659,15625000.0,220.74095230926702,24.372,0.7419354838709677,46.43330920627555,0.248,57.493972173531326,62.0,global_all_robot_load_slots,baseline_classic_centralized_scale,centralized_expanded_assignment,classic,baseline,centralized,0,none,1,False,False,expanded_slot_hungarian_polynomial_but_scalar,0.0,7,62,250,29,0.08064516129032258,0.9954297647513893,185.0963468276814,0.03308725542041248,0.7019999902695417,0.7580645161290323,-32.71077044358092,True,1.0,0.016129032258064516,0.3046263053933166,False,0.0,62.844227402913425,3564.626274758942,0.016129032258064516,fleet_ladder_extended,213.4537420613656,0.03225806451612903,0.6691893350632943
SP8_MC_fleet_ladder_extended,fleet_ladder_extended,fleet_250r_62l_seed10000,10000,centralized_coalition_oracle,Centralized coalition oracle,0.0,1.0,15500,27.52472542625659,16642998272.0,nan,24.372,0.0,nan,0.248,nan,62.0,global_all_subsets,reference_model_based_oracle_centralized_scale,centralized_subset_coalition_search,model_based_oracle,reference,centralized,0,none,2,False,False,exact_like_small_scale_coalition_search_timeout_large,nan,7,62,250,29,nan,1.0,185.0963468276814,nan,60000.0,0.0,-1000000.0,False,0.0,0.0,0.0,True,1.0,nan,nan,0.0,fleet_ladder_extended,213.4537420613656,0.0,nan
SP8_MC_fleet_ladder_extended,fleet_ladder_extended,fleet_250r_62l_seed10000,10000,centralized_time_expanded_mpc,Centralized time-expanded MPC,0.0,1.0,15500,27.52472542625659,242970624.0,nan,6.230016,0.0,nan,0.248,nan,62.0,global_time_expanded_state,baseline_sota_centralized_scale,centralized_time_expanded_mpc,sota,baseline,centralized,0,none,8,False,False,time_expanded_mpc_timeout_large,nan,7,62,250,29,nan,1.0,185.0963468276814,nan,60000.0,0.0,-1000000.0,False,0.0,0.0,0.0,True,1.0,nan,nan,0.0,fleet_ladder_extended,213.4537420613656,0.0,nan
SP8_MC_fleet_ladder_extended,fleet_ladder_extended,fleet_250r_62l_seed10000,10000,classic_local_greedy,Classic local greedy,0.5,0.04478900052882073,874,27.52472542625659,15500.0,241.5659545046809,2.002496,0.7580645161290323,45.9447330248012,0.248,62.9180318426197,3.496,local_distance_beacons,baseline_classic_decentralized_scale,distributed_nearest_greedy,classic,baseline,decentralized,0,none,2,False,False,nearest_local_greedy,0.0,7,62,250,29,0.08064516129032258,0.9952727534555706,185.0963468276814,0.03399471179270227,4.7647999599576,0.8064516129032258,-25.44328636077912,True,1.0,0.016129032258064516,0.3046263053933166,False,0.0,46.5817239899216,3900.917974242421,0.016129032258064516,fleet_ladder_extended,213.4537420613656,0.06451612903225806,0.6020345720929886
SP8_MC_fleet_ladder_extended,fleet_ladder_extended,fleet_250r_62l_seed10000,10000,cbba_partitioned,CBBA partitioned,0.5,0.04303080380750925,874,27.52472542625659,123469.65641226235,250.30800639042627,2.002496,0.7741935483870968,48.19612522479626,0.248,65.19497811199352,3.496,zone_auction_bids,baseline_sota_decentralized_scale,partitioned_cbba_auction,sota,baseline,decentralized,0,none,6,False,False,partitioned_cbba_like_auction,0.0,7,62,250,29,0.08064516129032258,0.9949911837855377,185.0963468276814,0.02696192490745637,17.13609998114407,0.8225806451612904,-13.551625304463498,True,1.0,0.03225806451612903,0.6092526107866332,False,0.0,58.75336255174376,4042.0886429435986,0.03225806451612903,fleet_ladder_extended,213.4537420613656,0.04838709677419355,0.6648280603188877
SP8_MC_fleet_ladder_extended,fleet_ladder_extended,fleet_250r_62l_seed10000,10000,auction_market_local,Auction market local,0.5,0.04320095187731359,874,27.52472542625659,123469.65641226235,244.05275000540885,2.002496,0.7741935483870968,48.275546802009366,0.248,63.56574016236909,3.496,local_prices_and_bids,baseline_sota_decentralized_scale,local_market_auction,sota,baseline,decentralized,0,none,6,False,False,local_market_auction,0.0,7,62,250,29,0.08064516129032258,0.9953983915033172,185.0963468276814,0.027642517186673717,5.246500018984079,0.7903225806451613,-31.218968180292762,True,1.0,0.016129032258064516,0.3046263053933166,False,0.0,45.14915147178908,3941.0758900668834,0.016129032258064516,fleet_ladder_extended,213.4537420613656,0.03225806451612903,0.6205276750852489
SP8_MC_fleet_ladder_extended,fleet_ladder_extended,fleet_250r_62l_seed10000,10000,ours_primal_dual_spatial,Ours primal-dual spatial,0.5,0.005776308831306186,874,27.52472542625659,15500.0,251.15691454791107,2.002496,0.6129032258064516,33.435059246448965,0.248,65.41608389899734,3.496,local_deficit_capacity_prices,proposed_model_based_decentralized_scale,distributed_primal_dual_prices,model_based,proposed,decentralized,0,model_based_tuning_optional,9,False,False,spatial_primal_dual_capacity_prices,0.0,7,62,250,29,0.0,0.0003757413379967732,185.0963468276814,0.023105235325224745,8.169100037775934,0.8064516129032258,184.95692677419015,True,1.0,0.1935483870967742,3.655515664719799,False,0.0,48.790153927499,4055.7972017378356,0.1935483870967742,fleet_ladder_extended,213.4537420613656,0.24193548387096775,0.4881873417061665
SP8_MC_fleet_ladder_extended,fleet_ladder_extended,fleet_250r_62l_seed10000,10000,ours_tensor_quorum_flow,Ours tensor quorum flow,0.5,0.0048688524590163925,874,27.52472542625659,2585.0454922850217,250.65700557657527,2.002496,0.6290322580645161,32.72600752503567,0.248,65.28587809809545,3.496,local_density_tensor_field,proposed_model_based_decentralized_scale,distributed_tensor_quorum_flow,model_based,proposed,decentralized,0,model_based_tuning_optional,11,False,False,tensor_quorum_flow_density_obstacle_aware,0.0,7,62,250,29,0.0,0.0,185.0963468276814,0.01947540983606557,30.44979996047914,0.8225806451612904,185.1404139548132,True,1.0,0.1935483870967742,3.655515664719799,False,0.0,49.227755992700224,4047.724442081918,0.1935483870967742,fleet_ladder_extended,213.4537420613656,0.24193548387096775,0.4836531535866808
SP8_MC_fleet_ladder_extended,fleet_ladder_extended,fleet_250r_62l_seed10000,10000,ours_wrench_market_hierarchical,Ours wrench-market hierarchical,0.5,0.005209148598625066,874,27.52472542625659,2585.0454922850217,250.8003158960916,2.002496,0.5806451612903226,31.930100541877795,0.248,65.32320456351228,3.496,zone_summaries_plus_local_wrench_bids,proposed_model_based_hierarchical_scale,hierarchical_wrench_market,model_based,proposed,hierarchical,0,model_based_tuning_optional,13,False,False,zone_hierarchical_wrench_market,0.0,7,62,250,29,0.0,0.0,185.0963468276814,0.020836594394500262,5.9105000691488385,0.7741935483870968,185.0963468276814,True,1.0,0.1935483870967742,3.655515664719799,False,0.0,50.62443812562377,4050.0386829377608,0.1935483870967742,fleet_ladder_extended,213.4537420613656,0.24193548387096775,0.4797602991372383
SP8_MC_fleet_ladder_extended,fleet_ladder_extended,fleet_250r_62l_seed10000,10000,ours_mean_field_approximation,Ours mean-field approximation,0.5,0.04263379164463247,312,27.52472542625659,15500.0,248.75511977027566,2.002496,0.7580645161290323,46.642752909864,0.248,64.79051478430749,1.248,aggregate_density_broadcasts,proposed_model_based_decentralized_scale,mean_field_density_controller,model_based,proposed,decentralized,0,model_based_tuning_optional,7,False,False,mean_field_density_allocation,0.0,7,62,250,29,0.08064516129032258,0.9949764614403928,185.0963468276814,0.02537387625594923,5.395499989390373,0.8064516129032258,-12.966522529128127,True,1.0,0.03225806451612903,0.6092526107866332,False,0.0,58.31430030037273,4017.0119166270647,0.03225806451612903,fleet_ladder_extended,213.4537420613656,0.04838709677419355,0.6445195773311105
SP8_MC_fleet_ladder_extended,fleet_ladder_extended,fleet_500r_125l_seed10000,10000,centralized_hungarian_expanded,Centralized Hungarian expanded,0.49,0.025301999999999998,62500,29.724725426256594,125000000.0,574.5669080641511,25.5,0.624,46.09106600982878,0.25,75.4070530960266,125.0,global_all_robot_load_slots,baseline_classic_centralized_scale,centralized_expanded_assignment,classic,baseline,centralized,0,none,1,False,False,expanded_slot_hungarian_polynomial_but_scalar,0.0,9,125,500,41,0.032,0.9940884367769178,95.24952266640521,0.043607999999999994,3.651799983344972,0.68,-72.91047144402326,True,1.0,0.056,1.802700919089303,False,0.0,50.45064394607532,9425.881637003326,0.056,fleet_ladder_extended,301.8691769624716,0.072,0.6198142931593262
SP8_MC_fleet_ladder_extended,fleet_ladder_extended,fleet_500r_125l_seed10000,10000,centralized_coalition_oracle,Centralized coalition oracle,0.0,1.0,62500,29.724725426256594,33554432000.0,nan,25.5,0.0,nan,0.25,nan,125.0,global_all_subsets,reference_model_based_oracle_centralized_scale,centralized_subset_coalition_search,model_based_oracle,reference,centralized,0,none,2,False,False,exact_like_small_scale_coalition_search_timeout_large,nan,9,125,500,41,nan,1.0,95.24952266640521,nan,60000.0,0.0,-1000000.0,False,0.0,0.0,0.0,True,1.0,nan,nan,0.0,fleet_ladder_extended,301.8691769624716,0.0,nan
SP8_MC_fleet_ladder_extended,fleet_ladder_extended,fleet_500r_125l_seed10000,10000,centralized_time_expanded_mpc,Centralized time-expanded MPC,0.0,1.0,62500,29.724725426256594,1953125000.0,nan,25.0,0.0,nan,0.25,nan,125.0,global_time_expanded_state,baseline_sota_centralized_scale,centralized_time_expanded_mpc,sota,baseline,centralized,0,none,8,False,False,time_expanded_mpc_timeout_large,nan,9,125,500,41,nan,1.0,95.24952266640521,nan,60000.0,0.0,-1000000.0,False,0.0,0.0,0.0,True,1.0,nan,nan,0.0,fleet_ladder_extended,301.8691769624716,0.0,nan
SP8_MC_fleet_ladder_extended,fleet_ladder_extended,fleet_500r_125l_seed10000,10000,classic_local_greedy,Classic local greedy,0.49,0.025601,1720,29.724725426256594,62500.0,631.4256378673657,2.005,0.728,44.03461073909324,0.25,82.8692810751655,3.44,local_distance_beacons,baseline_classic_decentralized_scale,distributed_nearest_greedy,classic,baseline,decentralized,0,none,2,False,False,nearest_local_greedy,0.0,9,125,500,41,0.032,0.9935931825918756,95.24952266640521,0.044804,10.172200039960444,0.784,-59.83421381278822,True,1.0,0.056,1.802700919089303,False,0.0,46.08341229826594,10358.660134395688,0.056,fleet_ladder_extended,301.8691769624716,0.072,0.6030693138762726
SP8_MC_fleet_ladder_extended,fleet_ladder_extended,fleet_500r_125l_seed10000,10000,cbba_partitioned,CBBA partitioned,0.49,0.02328375,1720,29.724725426256594,560361.5177913805,646.390622344636,2.005,0.792,50.238963977387094,0.25,84.83330887283454,3.44,zone_auction_bids,baseline_sota_decentralized_scale,partitioned_cbba_auction,sota,baseline,decentralized,0,none,6,False,False,partitioned_cbba_like_auction,0.0,9,125,500,41,0.032,0.9947251815214524,95.24952266640521,0.035535,38.44749997369945,0.824,-93.3304608092255,True,1.0,0.032,1.0301148109081733,False,0.0,47.37817316748235,10604.163609104316,0.032,fleet_ladder_extended,301.8691769624716,0.032,0.663949719809172
SP8_MC_fleet_ladder_extended,fleet_ladder_extended,fleet_500r_125l_seed10000,10000,auction_market_local,Auction market local,0.49,0.023508,1720,29.724725426256594,560361.5177913805,639.5511655399271,2.005,0.752,41.49196301677757,0.25,83.93568794273548,3.44,local_prices_and_bids,baseline_sota_decentralized_scale,local_market_auction,sota,baseline,decentralized,0,none,6,False,False,local_market_auction,0.0,9,125,500,41,0.032,0.9922692487792858,95.24952266640521,0.036432,11.520599946379662,0.832,-33.104012514049614,True,1.0,0.08,2.575287027270433,False,0.0,47.31989205688689,10491.960992841936,0.08,fleet_ladder_extended,301.8691769624716,0.096,0.58809009768401
SP8_MC_fleet_ladder_extended,fleet_ladder_extended,fleet_500r_125l_seed10000,10000,ours_primal_dual_spatial,Ours primal-dual spatial,0.49,0.007612999999999999,1720,29.724725426256594,62500.0,655.5713663200244,2.005,0.624,27.971353575681643,0.25,86.0382039663331,3.44,local_deficit_capacity_prices,proposed_model_based_decentralized_scale,distributed_primal_dual_prices,model_based,proposed,decentralized,0,model_based_tuning_optional,9,False,False,spatial_primal_dual_capacity_prices,0.0,9,125,500,41,0.0,0.41247297097942437,95.24952266640521,0.030451999999999996,13.517000013962388,0.76,39.32761705048641,True,1.0,0.136,4.377987946359736,False,0.0,47.312871373174914,10754.775495791637,0.136,fleet_ladder_extended,301.8691769624716,0.2,0.4809386563593388
SP8_MC_fleet_ladder_extended,fleet_ladder_extended,fleet_500r_125l_seed10000,10000,ours_tensor_quorum_flow,Ours tensor quorum flow,0.49,0.006416999999999999,1720,29.724725426256594,5804.820237218405,659.2790198751696,2.005,0.592,28.19993249096854,0.25,86.52480217547202,3.44,local_density_tensor_field,proposed_model_based_decentralized_scale,distributed_tensor_quorum_flow,model_based,proposed,decentralized,0,model_based_tuning_optional,11,False,False,tensor_quorum_flow_density_obstacle_aware,0.0,9,125,500,41,0.0,0.41911418040827075,95.24952266640521,0.025667999999999996,61.617299914360046,0.728,38.693139436877615,True,1.0,0.136,4.377987946359736,False,0.0,47.31312260397963,10815.600271934003,0.136,fleet_ladder_extended,301.8691769624716,0.2,0.48311652857181564
SP8_MC_fleet_ladder_extended,fleet_ladder_extended,fleet_500r_125l_seed10000,10000,ours_wrench_market_hierarchical,Ours wrench-market hierarchical,0.49,0.006865499999999999,1730,29.724725426256594,5804.820237218405,656.3958678129356,2.005,0.64,28.176444324045317,0.25,86.14641282239685,3.46,zone_summaries_plus_local_wrench_bids,proposed_model_based_hierarchical_scale,hierarchical_wrench_market,model_based,proposed,hierarchical,0,model_based_tuning_optional,13,False,False,zone_hierarchical_wrench_market,0.0,9,125,500,41,0.0,0.0,95.24952266640521,0.027461999999999997,14.998099999502301,0.832,95.24952266640521,True,1.0,0.192,6.1806888654490395,False,0.0,47.25702981772955,10768.301602799607,0.192,fleet_ladder_extended,301.8691769624716,0.2,0.4822432213246673
SP8_MC_fleet_ladder_extended,fleet_ladder_extended,fleet_500r_125l_seed10000,10000,ours_mean_field_approximation,Ours mean-field approximation,0.49,0.022760500000000003,625,29.724725426256594,62500.0,642.8307521190661,2.005,0.776,48.58208424484461,0.25,84.3661059773198,1.25,aggregate_density_broadcasts,proposed_model_based_decentralized_scale,mean_field_density_controller,model_based,proposed,decentralized,0,model_based_tuning_optional,7,False,False,mean_field_density_allocation,0.0,9,125,500,41,0.032,0.9946521695749236,95.24952266640521,0.033442,11.776599916629493,0.808,-90.74219556589634,True,1.0,0.032,1.0301148109081733,False,0.0,47.92424096048055,10545.763247164976,0.032,fleet_ladder_extended,301.8691769624716,0.04,0.6512695491258149
SP8_MC_fleet_ladder_extended,fleet_ladder_extended,fleet_1000r_250l_seed10000,10000,centralized_hungarian_expanded,Centralized Hungarian expanded,0.474,0.038643000000000004,250000,31.924725426256593,1000000000.0,1433.0130664190472,30.0,0.64,42.240345898284374,0.25,97.80519433408362,250.0,global_all_robot_load_slots,baseline_classic_centralized_scale,centralized_expanded_assignment,classic,baseline,centralized,0,none,1,False,False,expanded_slot_hungarian_polynomial_but_scalar,0.02,13,250,1000,59,0.052,0.23831262883055412,-190.75023262069257,0.036972,12.168300105258822,0.712,-310.4249113023562,True,1.0,0.072,3.8038177969146956,False,0.0,42.53602753437564,24451.298583520907,0.072,fleet_ladder_extended,426.9074841227312,0.092,0.5996266478285844
SP8_MC_fleet_ladder_extended,fleet_ladder_extended,fleet_1000r_250l_seed10000,10000,centralized_coalition_oracle,Centralized coalition oracle,0.0,1.0,250000,31.924725426256593,67108864000.0,nan,30.0,0.0,nan,0.25,nan,250.0,global_all_subsets,reference_model_based_oracle_centralized_scale,centralized_subset_coalition_search,model_based_oracle,reference,centralized,0,none,2,False,False,exact_like_small_scale_coalition_search_timeout_large,nan,13,250,1000,59,nan,1.0,-190.75023262069257,nan,60000.0,0.0,-1000000.0,False,0.0,0.0,0.0,True,1.0,nan,nan,0.0,fleet_ladder_extended,426.9074841227312,0.0,nan
SP8_MC_fleet_ladder_extended,fleet_ladder_extended,fleet_1000r_250l_seed10000,10000,centralized_time_expanded_mpc,Centralized time-expanded MPC,0.0,1.0,250000,31.924725426256593,15625000000.0,nan,100.0,0.0,nan,0.25,nan,250.0,global_time_expanded_state,baseline_sota_centralized_scale,centralized_time_expanded_mpc,sota,baseline,centralized,0,none,8,False,False,time_expanded_mpc_timeout_large,nan,13,250,1000,59,nan,1.0,-190.75023262069257,nan,60000.0,0.0,-1000000.0,False,0.0,0.0,0.0,True,1.0,nan,nan,0.0,fleet_ladder_extended,426.9074841227312,0.0,nan
SP8_MC_fleet_ladder_extended,fleet_ladder_extended,fleet_1000r_250l_seed10000,10000,classic_local_greedy,Classic local greedy,0.474,0.0388965,3344,31.924725426256593,250000.0,1542.26636171398,2.01,0.752,42.73642125477482,0.25,105.26188822499279,3.344,local_distance_beacons,baseline_classic_decentralized_scale,distributed_nearest_greedy,classic,baseline,decentralized,0,none,2,False,False,nearest_local_greedy,0.02,13,250,1000,59,0.052,0.17933053164554544,-190.75023262069257,0.037986,22.38260000012815,0.792,-274.3332272749785,True,1.0,0.04,2.113232109397053,False,0.0,41.63812931488657,26315.472056248196,0.04,fleet_ladder_extended,426.9074841227312,0.044,0.6056285778665457
SP8_MC_fleet_ladder_extended,fleet_ladder_extended,fleet_1000r_250l_seed10000,10000,cbba_partitioned,CBBA partitioned,0.474,0.036931875,3344,31.924725426256593,2491446.071165522,1549.953370952571,2.01,0.716,42.537494865857354,0.25,105.7865376158787,3.344,zone_auction_bids,baseline_sota_decentralized_scale,partitioned_cbba_auction,sota,baseline,decentralized,0,none,6,False,False,partitioned_cbba_like_auction,0.02,13,250,1000,59,0.052,0.1281214649474516,-190.75023262069257,0.030127499999999998,69.16180008556694,0.78,-246.95819964772164,True,1.0,0.064,3.381171375035285,False,0.0,41.78397088518536,26446.634403969674,0.064,fleet_ladder_extended,426.9074841227312,0.072,0.6017585295572325
SP8_MC_fleet_ladder_extended,fleet_ladder_extended,fleet_1000r_250l_seed10000,10000,auction_market_local,Auction market local,0.474,0.037122,3344,31.924725426256593,2491446.071165522,1556.1136890552132,2.01,0.768,42.726006420362054,0.25,106.20698815000698,3.344,local_prices_and_bids,baseline_sota_decentralized_scale,local_market_auction,sota,baseline,decentralized,0,none,6,False,False,local_market_auction,0.02,13,250,1000,59,0.052,0.18966114194378106,-190.75023262069257,0.030888000000000002,21.89089998137206,0.804,-280.27509535000235,True,1.0,0.036,1.9019088984573478,False,0.0,42.50996219320019,26551.747037501744,0.036,fleet_ladder_extended,426.9074841227312,0.048,0.608963546477159
SP8_MC_fleet_ladder_extended,fleet_ladder_extended,fleet_1000r_250l_seed10000,10000,ours_primal_dual_spatial,Ours primal-dual spatial,0.474,0.0124545,3344,31.924725426256593,250000.0,1577.3221636944822,2.01,0.668,29.25882797464952,0.25,107.65449692172159,3.344,local_deficit_capacity_prices,proposed_model_based_decentralized_scale,distributed_primal_dual_prices,model_based,proposed,decentralized,0,model_based_tuning_optional,9,False,False,spatial_primal_dual_capacity_prices,0.02,13,250,1000,59,0.0,0.0,-190.75023262069257,0.025817999999999997,25.590800098143518,0.8,-171.3012215652629,True,1.0,0.128,6.76234275007057,False,0.0,42.43371683014732,26913.624230430396,0.128,fleet_ladder_extended,426.9074841227312,0.156,0.48566809659475974
SP8_MC_fleet_ladder_extended,fleet_ladder_extended,fleet_1000r_250l_seed10000,10000,ours_tensor_quorum_flow,Ours tensor quorum flow,0.474,0.006640499999999999,3344,31.924725426256593,12859.64047443681,1579.4859424354188,2.01,0.668,29.401204057659005,0.25,107.80217792004079,3.344,local_density_tensor_field,proposed_model_based_decentralized_scale,distributed_tensor_quorum_flow,model_based,proposed,decentralized,0,model_based_tuning_optional,11,False,False,tensor_quorum_flow_density_obstacle_aware,0.004,13,250,1000,59,0.0,0.0,-190.75023262069257,0.021761999999999997,126.4822999946773,0.792,-179.14747606011707,True,1.0,0.12,6.33969632819116,False,0.0,42.329979739317814,26950.544480010198,0.12,fleet_ladder_extended,426.9074841227312,0.156,0.4868062778246354
SP8_MC_fleet_ladder_extended,fleet_ladder_extended,fleet_1000r_250l_seed10000,10000,ours_wrench_market_hierarchical,Ours wrench-market hierarchical,0.474,0.01182075,3396,31.924725426256593,12859.64047443681,1571.5804368459344,2.01,0.644,28.913992420515125,0.25,107.26261584024704,3.396,zone_summaries_plus_local_wrench_bids,proposed_model_based_hierarchical_scale,hierarchical_wrench_market,model_based,proposed,hierarchical,0,model_based_tuning_optional,13,False,False,zone_hierarchical_wrench_market,0.02,13,250,1000,59,0.0,0.0,-190.75023262069257,0.023282999999999998,25.49509995151311,0.752,-190.75023262069257,True,1.0,0.108,5.705726695372044,False,0.0,42.500006573292445,26815.653960061758,0.108,fleet_ladder_extended,426.9074841227312,0.152,0.4830317365865583
SP8_MC_fleet_ladder_extended,fleet_ladder_extended,fleet_1000r_250l_seed10000,10000,ours_mean_field_approximation,Ours mean-field approximation,0.474,0.03648825,1250,31.924725426256593,250000.0,1551.5050596148576,2.01,0.704,41.89717736778494,0.25,105.89244258961364,1.25,aggregate_density_broadcasts,proposed_model_based_decentralized_scale,mean_field_density_controller,model_based,proposed,decentralized,0,model_based_tuning_optional,7,False,False,mean_field_density_allocation,0.02,13,250,1000,59,0.052,0.11745582469358065,-190.75023262069257,0.028353,20.443800021894276,0.772,-241.65636156886285,True,1.0,0.068,3.59249458597499,False,0.0,40.7532223818308,26473.11064740341,0.068,fleet_ladder_extended,426.9074841227312,0.076,0.5909003102712285
SP8_MC_fleet_ladder_extended,fleet_ladder_extended,fleet_1250r_312l_seed10000,10000,centralized_hungarian_expanded,Centralized Hungarian expanded,0.0,1.0,390000,32.63296723500879,1953125000.0,nan,33.36,0.0,nan,0.2496,nan,312.0,global_all_robot_load_slots,baseline_classic_centralized_scale,centralized_expanded_assignment,classic,baseline,centralized,0,none,1,False,False,expanded_slot_hungarian_polynomial_but_scalar,nan,15,312,1250,65,nan,1.0,-282.44818205961406,nan,60000.0,0.0,-1000000.0,False,0.0,0.0,0.0,True,1.0,nan,nan,0.0,fleet_ladder_extended,477.29707730091957,0.0,nan
SP8_MC_fleet_ladder_extended,fleet_ladder_extended,fleet_1250r_312l_seed10000,10000,centralized_coalition_oracle,Centralized coalition oracle,0.0,1.0,390000,32.63296723500879,83751862272.0,nan,33.36,0.0,nan,0.2496,nan,312.0,global_all_subsets,reference_model_based_oracle_centralized_scale,centralized_subset_coalition_search,model_based_oracle,reference,centralized,0,none,2,False,False,exact_like_small_scale_coalition_search_timeout_large,nan,15,312,1250,65,nan,1.0,-282.44818205961406,nan,60000.0,0.0,-1000000.0,False,0.0,0.0,0.0,True,1.0,nan,nan,0.0,fleet_ladder_extended,477.29707730091957,0.0,nan
SP8_MC_fleet_ladder_extended,fleet_ladder_extended,fleet_1250r_312l_seed10000,10000,centralized_time_expanded_mpc,Centralized time-expanded MPC,0.0,1.0,390000,32.63296723500879,30488290624.0,nan,156.150016,0.0,nan,0.2496,nan,312.0,global_time_expanded_state,baseline_sota_centralized_scale,centralized_time_expanded_mpc,sota,baseline,centralized,0,none,8,False,False,time_expanded_mpc_timeout_large,nan,15,312,1250,65,nan,1.0,-282.44818205961406,nan,60000.0,0.0,-1000000.0,False,0.0,0.0,0.0,True,1.0,nan,nan,0.0,fleet_ladder_extended,477.29707730091957,0.0,nan
SP8_MC_fleet_ladder_extended,fleet_ladder_extended,fleet_1250r_312l_seed10000,10000,classic_local_greedy,Classic local greedy,0.4864,0.025848884615384614,4272,32.63296723500879,390000.0,2195.2942783408675,2.012496,0.7211538461538461,42.56409223215492,0.2496,117.86895872416805,3.4176,local_distance_beacons,baseline_classic_decentralized_scale,distributed_nearest_greedy,classic,baseline,decentralized,0,none,2,False,False,nearest_local_greedy,0.0,15,312,1250,65,0.035256410256410256,0.10539753778627801,-282.44818205961406,0.039934,26.41290007159114,0.8012820512820513,-349.1192297479722,True,1.0,0.08012820512820513,4.926846757003436,False,0.0,42.92736209564624,36775.115121940435,0.08012820512820513,fleet_ladder_extended,477.29707730091957,0.09935897435897435,0.5902123020032122
SP8_MC_fleet_ladder_extended,fleet_ladder_extended,fleet_1250r_312l_seed10000,10000,cbba_partitioned,CBBA partitioned,0.4864,0.023783509615384613,4272,32.63296723500879,4012207.828024285,2211.599891329316,2.012496,0.7243589743589743,47.3400037182865,0.2496,118.74443389087791,3.4176,zone_auction_bids,baseline_sota_decentralized_scale,partitioned_cbba_auction,sota,baseline,decentralized,0,none,6,False,False,partitioned_cbba_like_auction,0.0,15,312,1250,65,0.035256410256410256,0.1613841909968189,-282.44818205961406,0.0316725,92.56310004275292,0.7724358974358975,-391.34992935672045,True,1.0,0.04807692307692308,2.956108054202062,False,0.0,48.29127333948494,37048.26337395391,0.04807692307692308,fleet_ladder_extended,477.29707730091957,0.057692307692307696,0.6563313130976205
SP8_MC_fleet_ladder_extended,fleet_ladder_extended,fleet_1250r_312l_seed10000,10000,auction_market_local,Auction market local,0.4864,0.023983384615384615,4272,32.63296723500879,4012207.828024285,2206.7449212459983,2.012496,0.7243589743589743,42.66944384972962,0.2496,118.48376256585168,3.4176,local_prices_and_bids,baseline_sota_decentralized_scale,local_market_auction,sota,baseline,decentralized,0,none,6,False,False,local_market_auction,0.0,15,312,1250,65,0.035256410256410256,0.12312173304963249,-282.44818205961406,0.032472,29.299499932676554,0.7948717948717948,-361.9052101362249,True,1.0,0.07051282051282051,4.335625146163024,False,0.0,43.83377338898544,36966.93392054572,0.07051282051282051,fleet_ladder_extended,477.29707730091957,0.09294871794871795,0.5943594298030058
SP8_MC_fleet_ladder_extended,fleet_ladder_extended,fleet_1250r_312l_seed10000,10000,ours_primal_dual_spatial,Ours primal-dual spatial,0.4864,0.008227807692307692,4272,32.63296723500879,390000.0,2242.852068396164,2.012496,0.6410256410256411,27.731139232371078,0.2496,120.42241465412971,3.4176,local_deficit_capacity_prices,proposed_model_based_decentralized_scale,distributed_primal_dual_prices,model_based,proposed,decentralized,0,model_based_tuning_optional,9,False,False,spatial_primal_dual_capacity_prices,0.0,15,312,1250,65,0.003205128205128205,0.0,-282.44818205961406,0.027142,32.46879996731877,0.7980769230769231,-263.3016646496443,True,1.0,0.15705128205128205,9.656619643726735,False,0.0,40.46872284907795,37571.79337208847,0.15705128205128205,fleet_ladder_extended,477.29707730091957,0.1955128205128205,0.4490231656383611
SP8_MC_fleet_ladder_extended,fleet_ladder_extended,fleet_1250r_312l_seed10000,10000,ours_tensor_quorum_flow,Ours tensor quorum flow,0.4864,0.0057195,4272,32.63296723500879,16571.53718897777,2245.2852559515723,2.012496,0.6410256410256411,27.826290073065177,0.2496,120.55305649398059,3.4176,local_density_tensor_field,proposed_model_based_decentralized_scale,distributed_tensor_quorum_flow,model_based,proposed,decentralized,0,model_based_tuning_optional,11,False,False,tensor_quorum_flow_density_obstacle_aware,0.0,15,312,1250,65,0.0,0.0,-282.44818205961406,0.022878,165.85960006341338,0.8044871794871795,-257.75779695968066,True,1.0,0.16346153846153846,10.05076738428701,False,0.0,40.46694955463339,37612.553626121946,0.16346153846153846,fleet_ladder_extended,477.29707730091957,0.19230769230769232,0.4498134343806238
SP8_MC_fleet_ladder_extended,fleet_ladder_extended,fleet_1250r_312l_seed10000,10000,ours_wrench_market_hierarchical,Ours wrench-market hierarchical,0.4864,0.007561557692307692,4306,32.63296723500879,16571.53718897777,2237.335997088507,2.012496,0.6474358974358975,26.6382995511639,0.2496,120.12624771756157,3.4448,zone_summaries_plus_local_wrench_bids,proposed_model_based_hierarchical_scale,hierarchical_wrench_market,model_based,proposed,hierarchical,0,model_based_tuning_optional,13,False,False,zone_hierarchical_wrench_market,0.0,15,312,1250,65,0.003205128205128205,0.0,-282.44818205961406,0.024477,33.67239993531257,0.7884615384615384,-282.44818205961406,True,1.0,0.13782051282051283,8.474176422045911,False,0.0,41.51407341836807,37479.38928787921,0.13782051282051283,fleet_ladder_extended,477.29707730091957,0.1891025641025641,0.44697185204779816
SP8_MC_fleet_ladder_extended,fleet_ladder_extended,fleet_1250r_312l_seed10000,10000,ours_mean_field_approximation,Ours mean-field approximation,0.4864,0.023317134615384615,1562,32.63296723500879,390000.0,2207.2588969105755,2.012496,0.7467948717948718,46.915407937230825,0.2496,118.51135876422515,1.2496,aggregate_density_broadcasts,proposed_model_based_decentralized_scale,mean_field_density_controller,model_based,proposed,decentralized,0,model_based_tuning_optional,7,False,False,mean_field_density_allocation,0.0,15,312,1250,65,0.035256410256410256,0.1634597817985475,-282.44818205961406,0.029807,29.44399998523295,0.7916666666666666,-393.024211982475,True,1.0,0.04487179487179487,2.7590341839219246,False,0.0,48.42940966940176,36975.54393443825,0.04487179487179487,fleet_ladder_extended,477.29707730091957,0.05448717948717949,0.6508751320429466
SP8_MC_fleet_ladder_extended,fleet_ladder_extended,fleet_1500r_375l_seed10000,10000,centralized_hungarian_expanded,Centralized Hungarian expanded,0.0,1.0,562500,33.21164292784314,3375000000.0,nan,37.5,0.0,nan,0.25,nan,375.0,global_all_robot_load_slots,baseline_classic_centralized_scale,centralized_expanded_assignment,classic,baseline,centralized,0,none,1,False,False,expanded_slot_hungarian_polynomial_but_scalar,nan,16,375,1500,72,nan,1.0,-374.14638370326185,nan,60000.0,0.0,-1000000.0,False,0.0,0.0,0.0,True,1.0,nan,nan,0.0,fleet_ladder_extended,522.8527517380013,0.0,nan
SP8_MC_fleet_ladder_extended,fleet_ladder_extended,fleet_1500r_375l_seed10000,10000,centralized_coalition_oracle,Centralized coalition oracle,0.0,1.0,562500,33.21164292784314,100663296000.0,nan,37.5,0.0,nan,0.25,nan,375.0,global_all_subsets,reference_model_based_oracle_centralized_scale,centralized_subset_coalition_search,model_based_oracle,reference,centralized,0,none,2,False,False,exact_like_small_scale_coalition_search_timeout_large,nan,16,375,1500,72,nan,1.0,-374.14638370326185,nan,60000.0,0.0,-1000000.0,False,0.0,0.0,0.0,True,1.0,nan,nan,0.0,fleet_ladder_extended,522.8527517380013,0.0,nan
SP8_MC_fleet_ladder_extended,fleet_ladder_extended,fleet_1500r_375l_seed10000,10000,centralized_time_expanded_mpc,Centralized time-expanded MPC,0.0,1.0,562500,33.21164292784314,52734375000.0,nan,225.0,0.0,nan,0.25,nan,375.0,global_time_expanded_state,baseline_sota_centralized_scale,centralized_time_expanded_mpc,sota,baseline,centralized,0,none,8,False,False,time_expanded_mpc_timeout_large,nan,16,375,1500,72,nan,1.0,-374.14638370326185,nan,60000.0,0.0,-1000000.0,False,0.0,0.0,0.0,True,1.0,nan,nan,0.0,fleet_ladder_extended,522.8527517380013,0.0,nan
SP8_MC_fleet_ladder_extended,fleet_ladder_extended,fleet_1500r_375l_seed10000,10000,classic_local_greedy,Classic local greedy,0.472,0.034192,4998,33.21164292784314,562500.0,2648.3005819880013,2.015,0.7253333333333334,44.10718204248435,0.25,122.28297819998103,3.332,local_distance_beacons,baseline_classic_decentralized_scale,distributed_nearest_greedy,classic,baseline,decentralized,0,none,2,False,False,nearest_local_greedy,0.008,16,375,1500,72,0.05333333333333334,0.11840372995645622,-374.14638370326185,0.031168,31.975000048987567,0.7946666666666666,-474.78095023329695,True,1.0,0.06666666666666667,4.643760362497727,False,0.0,45.15569965276584,45856.11682499289,0.06666666666666667,fleet_ladder_extended,522.8527517380013,0.088,0.6099068885583594
SP8_MC_fleet_ladder_extended,fleet_ladder_extended,fleet_1500r_375l_seed10000,10000,cbba_partitioned,CBBA partitioned,0.472,0.03258,4998,33.21164292784314,5934795.066778074,2683.0390823935777,2.015,0.7333333333333333,47.18950259737352,0.25,123.88699827107368,3.332,zone_auction_bids,baseline_sota_decentralized_scale,partitioned_cbba_auction,sota,baseline,decentralized,0,none,6,False,False,partitioned_cbba_like_auction,0.008,16,375,1500,72,0.05333333333333334,0.15088764491689685,-374.14638370326185,0.02472,109.08439999911934,0.784,-507.2960432864973,True,1.0,0.04533333333333334,3.1577570464984546,False,0.0,48.945360661094774,46457.62435165263,0.04533333333333334,fleet_ladder_extended,522.8527517380013,0.064,0.6556181793897922
SP8_MC_fleet_ladder_extended,fleet_ladder_extended,fleet_1500r_375l_seed10000,10000,auction_market_local,Auction market local,0.472,0.032736,4998,33.21164292784314,5934795.066778074,2669.0997102031256,2.015,0.728,44.22789915500601,0.25,123.24335987244186,3.332,local_prices_and_bids,baseline_sota_decentralized_scale,local_market_auction,sota,baseline,decentralized,0,none,6,False,False,local_market_auction,0.008,16,375,1500,72,0.05333333333333334,0.13971941966635879,-374.14638370326185,0.025344000000000002,37.471899995580316,0.784,-495.84011132598397,True,1.0,0.050666666666666665,3.5292578754982724,False,0.0,44.93946784705107,46216.259952165696,0.050666666666666665,fleet_ladder_extended,522.8527517380013,0.08266666666666667,0.6079531242569413
SP8_MC_fleet_ladder_extended,fleet_ladder_extended,fleet_1500r_375l_seed10000,10000,ours_primal_dual_spatial,Ours primal-dual spatial,0.472,0.011296,4998,33.21164292784314,562500.0,2694.4861684187495,2.015,0.6453333333333333,29.115607214594114,0.25,124.41555752163225,3.332,local_deficit_capacity_prices,proposed_model_based_decentralized_scale,distributed_primal_dual_prices,model_based,proposed,decentralized,0,model_based_tuning_optional,9,False,False,spatial_primal_dual_capacity_prices,0.008,16,375,1500,72,0.008,0.0,-374.14638370326185,0.021183999999999998,42.52659995108843,0.8026666666666666,-370.5739221139629,True,1.0,0.15733333333333333,10.959274455494636,False,0.0,45.0850319151292,46655.834070612094,0.15733333333333333,fleet_ladder_extended,522.8527517380013,0.208,0.4849274160163682
SP8_MC_fleet_ladder_extended,fleet_ladder_extended,fleet_1500r_375l_seed10000,10000,ours_tensor_quorum_flow,Ours tensor quorum flow,0.472,0.004463999999999999,4998,33.21164292784314,20386.265400507385,2698.289199784321,2.015,0.64,28.952696945353626,0.25,124.5911591903903,3.332,local_density_tensor_field,proposed_model_based_decentralized_scale,distributed_tensor_quorum_flow,model_based,proposed,decentralized,0,model_based_tuning_optional,11,False,False,tensor_quorum_flow_density_obstacle_aware,0.0,16,375,1500,72,0.0,0.0,-374.14638370326185,0.017855999999999997,195.4879000550136,0.7973333333333333,-370.697250923478,True,1.0,0.15733333333333333,10.959274455494636,False,0.0,45.16302859788471,46721.68469639636,0.15733333333333333,fleet_ladder_extended,522.8527517380013,0.208,0.48421909722616857
SP8_MC_fleet_ladder_extended,fleet_ladder_extended,fleet_1500r_375l_seed10000,10000,ours_wrench_market_hierarchical,Ours wrench-market hierarchical,0.472,0.010776,5082,33.21164292784314,20386.265400507385,2709.654828553553,2.015,0.6213333333333333,28.564171343474296,0.25,125.11595722293607,3.388,zone_summaries_plus_local_wrench_bids,proposed_model_based_hierarchical_scale,hierarchical_wrench_market,model_based,proposed,hierarchical,0,model_based_tuning_optional,13,False,False,zone_hierarchical_wrench_market,0.008,16,375,1500,72,0.008,0.0,-374.14638370326185,0.019104,38.65620004944503,0.7813333333333333,-374.14638370326185,True,1.0,0.15733333333333333,10.959274455494636,False,0.0,45.541157315831164,46918.48395860103,0.15733333333333333,fleet_ladder_extended,522.8527517380013,0.20533333333333334,0.48333954216815755
SP8_MC_fleet_ladder_extended,fleet_ladder_extended,fleet_1500r_375l_seed10000,10000,ours_mean_field_approximation,Ours mean-field approximation,0.472,0.032216,1875,33.21164292784314,562500.0,2678.940535984014,2.015,0.736,47.59641790443007,0.25,123.69775145193954,1.25,aggregate_density_broadcasts,proposed_model_based_decentralized_scale,mean_field_density_controller,model_based,proposed,decentralized,0,model_based_tuning_optional,7,False,False,mean_field_density_allocation,0.008,16,375,1500,72,0.05333333333333334,0.14571725076388375,-374.14638370326185,0.023264,32.74950000923127,0.7866666666666666,-501.9552177004038,True,1.0,0.048,3.3435074609983637,False,0.0,49.37766165283745,46386.65679447733,0.048,fleet_ladder_extended,522.8527517380013,0.06666666666666667,0.6615023954597681
SP8_MC_fleet_ladder_extended,fleet_ladder_extended,fleet_2000r_500l_seed10000,10000,centralized_hungarian_expanded,Centralized Hungarian expanded,0.0,1.0,1000000,34.12472542625659,8000000000.0,nan,48.0,0.0,nan,0.25,nan,500.0,global_all_robot_load_slots,baseline_classic_centralized_scale,centralized_expanded_assignment,classic,baseline,centralized,0,none,1,False,False,expanded_slot_hungarian_polynomial_but_scalar,nan,19,500,2000,83,nan,1.0,-710.3263627386009,nan,60000.0,0.0,-1000000.0,False,0.0,0.0,0.0,True,1.0,nan,nan,0.0,fleet_ladder_extended,603.7383539249432,0.0,nan
SP8_MC_fleet_ladder_extended,fleet_ladder_extended,fleet_2000r_500l_seed10000,10000,centralized_coalition_oracle,Centralized coalition oracle,0.0,1.0,1000000,34.12472542625659,134217728000.0,nan,48.0,0.0,nan,0.25,nan,500.0,global_all_subsets,reference_model_based_oracle_centralized_scale,centralized_subset_coalition_search,model_based_oracle,reference,centralized,0,none,2,False,False,exact_like_small_scale_coalition_search_timeout_large,nan,19,500,2000,83,nan,1.0,-710.3263627386009,nan,60000.0,0.0,-1000000.0,False,0.0,0.0,0.0,True,1.0,nan,nan,0.0,fleet_ladder_extended,603.7383539249432,0.0,nan
SP8_MC_fleet_ladder_extended,fleet_ladder_extended,fleet_2000r_500l_seed10000,10000,centralized_time_expanded_mpc,Centralized time-expanded MPC,0.0,1.0,1000000,34.12472542625659,125000000000.0,nan,400.0,0.0,nan,0.25,nan,500.0,global_time_expanded_state,baseline_sota_centralized_scale,centralized_time_expanded_mpc,sota,baseline,centralized,0,none,8,False,False,time_expanded_mpc_timeout_large,nan,19,500,2000,83,nan,1.0,-710.3263627386009,nan,60000.0,0.0,-1000000.0,False,0.0,0.0,0.0,True,1.0,nan,nan,0.0,fleet_ladder_extended,603.7383539249432,0.0,nan
SP8_MC_fleet_ladder_extended,fleet_ladder_extended,fleet_2000r_500l_seed10000,10000,classic_local_greedy,Classic local greedy,0.48,0.03857025,6760,34.12472542625659,1000000.0,4266.946913971856,2.02,0.752,43.972290251365635,0.25,141.73183843964534,3.38,local_distance_beacons,baseline_classic_decentralized_scale,distributed_nearest_greedy,classic,baseline,decentralized,0,none,2,False,False,nearest_local_greedy,0.01,19,500,2000,83,0.062,0.05002151894786377,-710.3263627386009,0.030681,40.62799992971122,0.812,-785.1840886378018,True,1.0,0.06,5.056641726135503,False,0.0,44.95481078990175,70865.91921982267,0.06,fleet_ladder_extended,603.7383539249432,0.074,0.605593124948549
SP8_MC_fleet_ladder_extended,fleet_ladder_extended,fleet_2000r_500l_seed10000,10000,cbba_partitioned,CBBA partitioned,0.48,0.0369834375,6760,34.12472542625659,10965784.284662088,4288.987069410265,2.02,0.708,47.063216803427174,0.25,142.46392904512078,3.38,zone_auction_bids,baseline_sota_decentralized_scale,partitioned_cbba_auction,sota,baseline,decentralized,0,none,6,False,False,partitioned_cbba_like_auction,0.01,19,500,2000,83,0.062,0.05590822575311825,-710.3263627386009,0.024333749999999998,149.71150003839284,0.766,-794.515298270763,True,1.0,0.056,4.719532277726469,False,0.0,46.127690418646644,71231.96452256039,0.056,fleet_ladder_extended,603.7383539249432,0.068,0.6340629250608006
SP8_MC_fleet_ladder_extended,fleet_ladder_extended,fleet_2000r_500l_seed10000,10000,auction_market_local,Auction market local,0.48,0.037137,6760,34.12472542625659,10965784.284662088,4283.555888918445,2.02,0.736,44.80998869288962,0.25,142.283525770479,3.38,local_prices_and_bids,baseline_sota_decentralized_scale,local_market_auction,sota,baseline,decentralized,0,none,6,False,False,local_market_auction,0.01,19,500,2000,83,0.062,0.053273443368170637,-710.3263627386009,0.024948,42.87890007253736,0.794,-790.3244735229465,True,1.0,0.058,4.8880870019309866,False,0.0,45.28993250165775,71141.7628852395,0.058,fleet_ladder_extended,603.7383539249432,0.074,0.6140316753698113
SP8_MC_fleet_ladder_extended,fleet_ladder_extended,fleet_2000r_500l_seed10000,10000,ours_primal_dual_spatial,Ours primal-dual spatial,0.48,0.00911325,6760,34.12472542625659,1000000.0,4327.992032795225,2.02,0.662,30.082184042683867,0.25,143.75952640789077,3.38,local_deficit_capacity_prices,proposed_model_based_decentralized_scale,distributed_primal_dual_prices,model_based,proposed,decentralized,0,model_based_tuning_optional,9,False,False,spatial_primal_dual_capacity_prices,0.01,19,500,2000,83,0.002,0.0,-710.3263627386009,0.020852999999999997,51.941400044597685,0.798,-701.1666898473893,True,1.0,0.136,11.46172124590714,False,0.0,47.1218720579677,71879.76320394539,0.136,fleet_ladder_extended,603.7383539249432,0.172,0.49874573263330557
SP8_MC_fleet_ladder_extended,fleet_ladder_extended,fleet_2000r_500l_seed10000,10000,ours_tensor_quorum_flow,Ours tensor quorum flow,0.48,0.00439425,6760,34.12472542625659,28219.28094887362,4329.339172494843,2.02,0.654,30.172049302776887,0.25,143.8042732936879,3.38,local_density_tensor_field,proposed_model_based_decentralized_scale,distributed_tensor_quorum_flow,model_based,proposed,decentralized,0,model_based_tuning_optional,11,False,False,tensor_quorum_flow_density_obstacle_aware,0.0,19,500,2000,83,0.0,0.0,-710.3263627386009,0.017577,274.0983999101445,0.794,-697.0910481620376,True,1.0,0.14,11.798830694316173,False,0.0,47.02603054968746,71902.13664684395,0.14,fleet_ladder_extended,603.7383539249432,0.172,0.4990242682826004
SP8_MC_fleet_ladder_extended,fleet_ladder_extended,fleet_2000r_500l_seed10000,10000,ours_wrench_market_hierarchical,Ours wrench-market hierarchical,0.48,0.008601375,6840,34.12472542625659,28219.28094887362,4320.503077583407,2.02,0.652,29.47659968901293,0.25,143.5107716397713,3.42,zone_summaries_plus_local_wrench_bids,proposed_model_based_hierarchical_scale,hierarchical_wrench_market,model_based,proposed,hierarchical,0,model_based_tuning_optional,13,False,False,zone_hierarchical_wrench_market,0.01,19,500,2000,83,0.002,0.0,-710.3263627386009,0.0188055,53.567899973131716,0.778,-710.3263627386009,True,1.0,0.126,10.618947624884557,False,0.0,47.99620818139932,71755.38581988565,0.126,fleet_ladder_extended,603.7383539249432,0.168,0.49788047577119515
SP8_MC_fleet_ladder_extended,fleet_ladder_extended,fleet_2000r_500l_seed10000,10000,ours_mean_field_approximation,Ours mean-field approximation,0.48,0.036625125,2500,34.12472542625659,1000000.0,4280.293516834671,2.02,0.716,46.59514536491709,0.25,142.17516210849078,1.25,aggregate_density_broadcasts,proposed_model_based_decentralized_scale,mean_field_density_controller,model_based,proposed,decentralized,0,model_based_tuning_optional,7,False,False,mean_field_density_allocation,0.01,19,500,2000,83,0.062,0.05888048381263111,-710.3263627386009,0.0229005,45.082799973897636,0.766,-799.2710704509185,True,1.0,0.048,4.045313380908403,False,0.0,46.236082839724844,71087.58105424538,0.048,fleet_ladder_extended,603.7383539249432,0.066,0.6331795302140925
SP8_MC_fleet_ladder_extended,fleet_ladder_extended,fleet_2500r_625l_seed10000,10000,centralized_hungarian_expanded,Centralized Hungarian expanded,0.0,1.0,1562500,34.83296723500879,15625000000.0,nan,61.5,0.0,nan,0.25,nan,625.0,global_all_robot_load_slots,baseline_classic_centralized_scale,centralized_expanded_assignment,classic,baseline,centralized,0,none,1,False,False,expanded_slot_hungarian_polynomial_but_scalar,nan,21,625,2500,92,nan,1.0,-1008.9989143898302,nan,60000.0,0.0,-1000000.0,False,0.0,0.0,0.0,True,1.0,nan,nan,0.0,fleet_ladder_extended,675.0,0.0,nan
SP8_MC_fleet_ladder_extended,fleet_ladder_extended,fleet_2500r_625l_seed10000,10000,centralized_coalition_oracle,Centralized coalition oracle,0.0,1.0,1562500,34.83296723500879,167772160000.0,nan,61.5,0.0,nan,0.25,nan,625.0,global_all_subsets,reference_model_based_oracle_centralized_scale,centralized_subset_coalition_search,model_based_oracle,reference,centralized,0,none,2,False,False,exact_like_small_scale_coalition_search_timeout_large,nan,21,625,2500,92,nan,1.0,-1008.9989143898302,nan,60000.0,0.0,-1000000.0,False,0.0,0.0,0.0,True,1.0,nan,nan,0.0,fleet_ladder_extended,675.0,0.0,nan
SP8_MC_fleet_ladder_extended,fleet_ladder_extended,fleet_2500r_625l_seed10000,10000,centralized_time_expanded_mpc,Centralized time-expanded MPC,0.0,1.0,1562500,34.83296723500879,244140625000.0,nan,625.0,0.0,nan,0.25,nan,625.0,global_time_expanded_state,baseline_sota_centralized_scale,centralized_time_expanded_mpc,sota,baseline,centralized,0,none,8,False,False,time_expanded_mpc_timeout_large,nan,21,625,2500,92,nan,1.0,-1008.9989143898302,nan,60000.0,0.0,-1000000.0,False,0.0,0.0,0.0,True,1.0,nan,nan,0.0,fleet_ladder_extended,675.0,0.0,nan
SP8_MC_fleet_ladder_extended,fleet_ladder_extended,fleet_2500r_625l_seed10000,10000,classic_local_greedy,Classic local greedy,0.4824,0.026999000000000002,8486,34.83296723500879,1562500.0,5955.804140422102,2.025,0.7424,42.63739164820337,0.25,160.19748639131,3.3944,local_distance_beacons,baseline_classic_decentralized_scale,distributed_nearest_greedy,classic,baseline,decentralized,0,none,2,False,False,nearest_local_greedy,0.0,21,625,2500,92,0.0416,0.05948567025174411,-1008.9989143898302,0.033116,53.10390004888177,0.8016,-1136.6965318348737,True,1.0,0.0576,5.6103896103896105,False,0.0,43.23108875939416,100123.42899456875,0.0576,fleet_ladder_extended,675.0,0.0816,0.5952977505863307
SP8_MC_fleet_ladder_extended,fleet_ladder_extended,fleet_2500r_625l_seed10000,10000,cbba_partitioned,CBBA partitioned,0.4824,0.02528625,8486,34.83296723500879,17637050.593046013,6002.196698329161,2.025,0.7376,45.161055734186164,0.25,161.44533991179992,3.3944,zone_auction_bids,baseline_sota_decentralized_scale,partitioned_cbba_auction,sota,baseline,decentralized,0,none,6,False,False,partitioned_cbba_like_auction,0.0,21,625,2500,92,0.0416,0.07001619938439745,-1008.9989143898302,0.026265,199.50960006099194,0.784,-1161.0043089385604,True,1.0,0.0464,4.51948051948052,False,0.0,44.970962925868946,100903.33744487495,0.0464,fleet_ladder_extended,675.0,0.0592,0.6198034625984091
SP8_MC_fleet_ladder_extended,fleet_ladder_extended,fleet_2500r_625l_seed10000,10000,auction_market_local,Auction market local,0.4824,0.025452000000000002,8486,34.83296723500879,17637050.593046013,5991.704406329558,2.025,0.7472,42.89885351168005,0.25,161.1631212952722,3.3944,local_prices_and_bids,baseline_sota_decentralized_scale,local_market_auction,sota,baseline,decentralized,0,none,6,False,False,local_market_auction,0.0,21,625,2500,92,0.0416,0.06338322698864951,-1008.9989143898302,0.026928000000000004,57.556499959900975,0.8048,-1145.6296062145013,True,1.0,0.056,5.454545454545454,False,0.0,42.73988803618328,100726.95080954512,0.056,fleet_ladder_extended,675.0,0.08,0.5996959925223703
SP8_MC_fleet_ladder_extended,fleet_ladder_extended,fleet_2500r_625l_seed10000,10000,ours_primal_dual_spatial,Ours primal-dual spatial,0.4824,0.007067,8486,34.83296723500879,1562500.0,6060.9921552071755,2.025,0.6448,28.029405190653378,0.25,163.02680299906982,3.3944,local_deficit_capacity_prices,proposed_model_based_decentralized_scale,distributed_primal_dual_prices,model_based,proposed,decentralized,0,model_based_tuning_optional,9,False,False,spatial_primal_dual_capacity_prices,0.0,21,625,2500,92,0.0032,0.011737853245108076,-1008.9989143898302,0.022508,67.62789993081242,0.8032,-1032.9790903929543,True,1.0,0.1584,15.428571428571427,False,0.0,43.32744385649845,101891.75187441864,0.1584,fleet_ladder_extended,675.0,0.2096,0.46829990030964525
SP8_MC_fleet_ladder_extended,fleet_ladder_extended,fleet_2500r_625l_seed10000,10000,ours_tensor_quorum_flow,Ours tensor quorum flow,0.4824,0.004743,8486,34.83296723500879,36280.12648261504,6061.499576496097,2.025,0.6464,27.945049216473528,0.25,163.04045146921928,3.3944,local_density_tensor_field,proposed_model_based_decentralized_scale,distributed_tensor_quorum_flow,model_based,proposed,decentralized,0,model_based_tuning_optional,11,False,False,tensor_quorum_flow_density_obstacle_aware,0.0,21,625,2500,92,0.0,0.0125652519141281,-1008.9989143898302,0.018972,356.01170000154525,0.8032,-1034.690957719146,True,1.0,0.1568,15.272727272727272,False,0.0,43.39885211419023,101900.28216826204,0.1568,fleet_ladder_extended,675.0,0.2096,0.46786753553325705
SP8_MC_fleet_ladder_extended,fleet_ladder_extended,fleet_2500r_625l_seed10000,10000,ours_wrench_market_hierarchical,Ours wrench-market hierarchical,0.4824,0.0065145,8574,34.83296723500879,36280.12648261504,6045.393077938406,2.025,0.6064,27.425203586655506,0.25,162.60722355865127,3.4296,zone_summaries_plus_local_wrench_bids,proposed_model_based_hierarchical_scale,hierarchical_wrench_market,model_based,proposed,hierarchical,0,model_based_tuning_optional,13,False,False,zone_hierarchical_wrench_market,0.0,21,625,2500,92,0.0032,0.0,-1008.9989143898302,0.020298,65.39769994560629,0.7856,-1008.9989143898302,True,1.0,0.1792,17.454545454545453,False,0.0,44.03885953057858,101629.51472415705,0.1792,fleet_ladder_extended,675.0,0.2096,0.4664880269973644
SP8_MC_fleet_ladder_extended,fleet_ladder_extended,fleet_2500r_625l_seed10000,10000,ours_mean_field_approximation,Ours mean-field approximation,0.4824,0.0248995,3125,34.83296723500879,1562500.0,6000.546700342509,2.025,0.7344,45.40587713229565,0.25,161.40095874617055,1.25,aggregate_density_broadcasts,proposed_model_based_decentralized_scale,mean_field_density_controller,model_based,proposed,decentralized,0,model_based_tuning_optional,7,False,False,mean_field_density_allocation,0.0,21,625,2500,92,0.0416,0.07047674893832953,-1008.9989143898302,0.024718,54.842200013808906,0.7776,-1162.0799727962929,True,1.0,0.0432,4.207792207792208,False,0.0,45.04909276154954,100875.59921635658,0.0432,fleet_ladder_extended,675.0,0.056,0.624216371209127
SP8_MC_fleet_ladder_extended,fleet_ladder_extended,fleet_5000r_1250l_seed10000,10000,centralized_hungarian_expanded,Centralized Hungarian expanded,0.0,1.0,6250000,37.03296723500879,125000000000.0,nan,174.0,0.0,nan,0.25,nan,1250.0,global_all_robot_load_slots,baseline_classic_centralized_scale,centralized_expanded_assignment,classic,baseline,centralized,0,none,1,False,False,expanded_slot_hungarian_polynomial_but_scalar,nan,30,1250,5000,131,nan,1.0,-3179.1070604810716,nan,60000.0,0.0,-1000000.0,False,0.0,0.0,0.0,True,1.0,nan,nan,0.0,fleet_ladder_extended,954.5941546018391,0.0,nan
SP8_MC_fleet_ladder_extended,fleet_ladder_extended,fleet_5000r_1250l_seed10000,10000,centralized_coalition_oracle,Centralized coalition oracle,0.0,1.0,6250000,37.03296723500879,335544320000.0,nan,174.0,0.0,nan,0.25,nan,1250.0,global_all_subsets,reference_model_based_oracle_centralized_scale,centralized_subset_coalition_search,model_based_oracle,reference,centralized,0,none,2,False,False,exact_like_small_scale_coalition_search_timeout_large,nan,30,1250,5000,131,nan,1.0,-3179.1070604810716,nan,60000.0,0.0,-1000000.0,False,0.0,0.0,0.0,True,1.0,nan,nan,0.0,fleet_ladder_extended,954.5941546018391,0.0,nan
SP8_MC_fleet_ladder_extended,fleet_ladder_extended,fleet_5000r_1250l_seed10000,10000,centralized_time_expanded_mpc,Centralized time-expanded MPC,0.0,1.0,6250000,37.03296723500879,1953125000000.0,nan,2500.0,0.0,nan,0.25,nan,1250.0,global_time_expanded_state,baseline_sota_centralized_scale,centralized_time_expanded_mpc,sota,baseline,centralized,0,none,8,False,False,time_expanded_mpc_timeout_large,nan,30,1250,5000,131,nan,1.0,-3179.1070604810716,nan,60000.0,0.0,-1000000.0,False,0.0,0.0,0.0,True,1.0,nan,nan,0.0,fleet_ladder_extended,954.5941546018391,0.0,nan
SP8_MC_fleet_ladder_extended,fleet_ladder_extended,fleet_5000r_1250l_seed10000,10000,classic_local_greedy,Classic local greedy,0.4866,0.02867375,17098,37.03296723500879,6250000.0,16595.13508054266,2.05,0.7472,43.73580701751527,0.25,220.1705928958294,3.4196,local_distance_beacons,baseline_classic_decentralized_scale,distributed_nearest_greedy,classic,baseline,decentralized,0,none,2,False,False,nearest_local_greedy,0.008,30,1250,5000,131,0.0408,0.009446652902001857,-3179.1070604810716,0.031655,106.30910005420446,0.8112,-3239.753252537495,True,1.0,0.06,9.01968583138128,False,0.0,43.18125783688618,275213.24111978675,0.06,fleet_ladder_extended,954.5941546018391,0.0776,0.607224322195706
SP8_MC_fleet_ladder_extended,fleet_ladder_extended,fleet_5000r_1250l_seed10000,10000,cbba_partitioned,CBBA partitioned,0.4866,0.0270365625,17098,37.03296723500879,76798202.37218405,16724.568735785047,2.05,0.74,46.43252085696443,0.25,221.88781209754617,3.4196,zone_auction_bids,baseline_sota_decentralized_scale,partitioned_cbba_auction,sota,baseline,decentralized,0,none,6,False,False,partitioned_cbba_like_auction,0.008,30,1250,5000,131,0.0408,0.01544444303419016,-3179.1070604810716,0.02510625,413.4749999502674,0.792,-3278.862243963143,True,1.0,0.0488,7.336011142856774,False,0.0,46.31994509161948,277359.7651219327,0.0488,fleet_ladder_extended,954.5941546018391,0.0656,0.643073141194056
SP8_MC_fleet_ladder_extended,fleet_ladder_extended,fleet_5000r_1250l_seed10000,10000,auction_market_local,Auction market local,0.4866,0.027195,17098,37.03296723500879,76798202.37218405,16693.352364546747,2.05,0.7432,43.55123155690144,0.25,221.47365897795805,3.4196,local_prices_and_bids,baseline_sota_decentralized_scale,local_market_auction,sota,baseline,decentralized,0,none,6,False,False,local_market_auction,0.008,30,1250,5000,131,0.0408,0.012673227157300876,-3179.1070604810716,0.025740000000000002,117.80869995709509,0.808,-3260.733293369328,True,1.0,0.0584,8.779160875877778,False,0.0,43.78388386013512,276842.07372244756,0.0584,fleet_ladder_extended,954.5941546018391,0.0776,0.6095628886764533
SP8_MC_fleet_ladder_extended,fleet_ladder_extended,fleet_5000r_1250l_seed10000,10000,ours_primal_dual_spatial,Ours primal-dual spatial,0.4866,0.00957875,17098,37.03296723500879,6250000.0,16818.642411521156,2.05,0.6528,28.08996937563949,0.25,223.13590419575348,3.4196,local_deficit_capacity_prices,proposed_model_based_decentralized_scale,distributed_primal_dual_prices,model_based,proposed,decentralized,0,model_based_tuning_optional,9,False,False,spatial_primal_dual_capacity_prices,0.008,30,1250,5000,131,0.004,0.00030881364875979134,-3179.1070604810716,0.021515,132.2663000319153,0.7984,-3181.071479236334,True,1.0,0.1424,21.40672103981157,False,0.0,43.64848969879585,278919.88024469186,0.1424,fleet_ladder_extended,954.5941546018391,0.1864,0.47172303905047275
SP8_MC_fleet_ladder_extended,fleet_ladder_extended,fleet_5000r_1250l_seed10000,10000,ours_tensor_quorum_flow,Ours tensor quorum flow,0.4866,0.00489375,17098,37.03296723500879,78810.25296523007,16839.275729952064,2.05,0.6552,28.16487920338569,0.25,223.4096500815383,3.4196,local_density_tensor_field,proposed_model_based_decentralized_scale,distributed_tensor_quorum_flow,model_based,proposed,decentralized,0,model_based_tuning_optional,11,False,False,tensor_quorum_flow_density_obstacle_aware,0.0,30,1250,5000,131,0.0008,0.0009825215705919692,-3179.1070604810716,0.018135,742.069200030528,0.7976,-3185.361270423105,True,1.0,0.1424,21.40672103981157,False,0.0,43.46667705444887,279262.0626019229,0.1424,fleet_ladder_extended,954.5941546018391,0.1856,0.472251506073286
SP8_MC_fleet_ladder_extended,fleet_ladder_extended,fleet_5000r_1250l_seed10000,10000,ours_wrench_market_hierarchical,Ours wrench-market hierarchical,0.4866,0.009050625,17232,37.03296723500879,78810.25296523007,16825.60041298384,2.05,0.6416,27.642876834998688,0.25,223.22821723207255,3.4464,zone_summaries_plus_local_wrench_bids,proposed_model_based_hierarchical_scale,hierarchical_wrench_market,model_based,proposed,hierarchical,0,model_based_tuning_optional,13,False,False,zone_hierarchical_wrench_market,0.008,30,1250,5000,131,0.004,0.0,-3179.1070604810716,0.0194025,128.92699998337775,0.7904,-3179.1070604810716,True,1.0,0.1456,21.88777095081857,False,0.0,43.918209630280515,279035.2715400907,0.1456,fleet_ladder_extended,954.5941546018391,0.1872,0.47073596373186727
SP8_MC_fleet_ladder_extended,fleet_ladder_extended,fleet_5000r_1250l_seed10000,10000,ours_mean_field_approximation,Ours mean-field approximation,0.4866,0.026666875,6250,37.03296723500879,6250000.0,16718.808145359584,2.05,0.7368,46.527010775276715,0.25,221.81138532528738,1.25,aggregate_density_broadcasts,proposed_model_based_decentralized_scale,mean_field_density_controller,model_based,proposed,decentralized,0,model_based_tuning_optional,7,False,False,mean_field_density_allocation,0.008,30,1250,5000,131,0.0408,0.01441207148881498,-3179.1070604810716,0.0236275,113.87719993945211,0.7888,-3272.0966820792505,True,1.0,0.0496,7.456273620608524,False,0.0,46.2729788387452,277264.2316566092,0.0496,fleet_ladder_extended,954.5941546018391,0.0664,0.6434414408385312
SP8_MC_fleet_ladder_extended,fleet_ladder_extended,fleet_7500r_1875l_seed10000,10000,centralized_hungarian_expanded,Centralized Hungarian expanded,0.0,1.0,14062500,38.319884736595334,421875000000.0,nan,361.5,0.0,nan,0.25,nan,1875.0,global_all_robot_load_slots,baseline_classic_centralized_scale,centralized_expanded_assignment,classic,baseline,centralized,0,none,1,False,False,expanded_slot_hungarian_polynomial_but_scalar,nan,36,1875,7500,160,nan,1.0,-5836.880023006716,nan,60000.0,0.0,-1000000.0,False,0.0,0.0,0.0,True,1.0,nan,nan,0.0,fleet_ladder_extended,1169.134295108992,0.0,nan
SP8_MC_fleet_ladder_extended,fleet_ladder_extended,fleet_7500r_1875l_seed10000,10000,centralized_coalition_oracle,Centralized coalition oracle,0.0,1.0,14062500,38.319884736595334,503316480000.0,nan,361.5,0.0,nan,0.25,nan,1875.0,global_all_subsets,reference_model_based_oracle_centralized_scale,centralized_subset_coalition_search,model_based_oracle,reference,centralized,0,none,2,False,False,exact_like_small_scale_coalition_search_timeout_large,nan,36,1875,7500,160,nan,1.0,-5836.880023006716,nan,60000.0,0.0,-1000000.0,False,0.0,0.0,0.0,True,1.0,nan,nan,0.0,fleet_ladder_extended,1169.134295108992,0.0,nan
SP8_MC_fleet_ladder_extended,fleet_ladder_extended,fleet_7500r_1875l_seed10000,10000,centralized_time_expanded_mpc,Centralized time-expanded MPC,0.0,1.0,14062500,38.319884736595334,6591796875000.0,nan,5625.0,0.0,nan,0.25,nan,1875.0,global_time_expanded_state,baseline_sota_centralized_scale,centralized_time_expanded_mpc,sota,baseline,centralized,0,none,8,False,False,time_expanded_mpc_timeout_large,nan,36,1875,7500,160,nan,1.0,-5836.880023006716,nan,60000.0,0.0,-1000000.0,False,0.0,0.0,0.0,True,1.0,nan,nan,0.0,fleet_ladder_extended,1169.134295108992,0.0,nan
SP8_MC_fleet_ladder_extended,fleet_ladder_extended,fleet_7500r_1875l_seed10000,10000,classic_local_greedy,Classic local greedy,0.48306666666666664,0.0331835,25488,38.319884736595334,14062500.0,29497.72313770735,2.075,0.7274666666666667,43.40850834842688,0.25,264.1594014505956,3.3984,local_distance_beacons,baseline_classic_decentralized_scale,distributed_nearest_greedy,classic,baseline,decentralized,0,none,2,False,False,nearest_local_greedy,0.006933333333333333,36,1875,7500,160,0.046933333333333334,0.004342791288146696,-5836.880023006716,0.039934,161.12770000472665,0.7866666666666666,-5887.80221367174,True,1.0,0.05706666666666667,10.949764640963114,False,0.0,44.253864727477094,495298.8777198668,0.05706666666666667,fleet_ladder_extended,1169.134295108992,0.0768,0.6091001807996316
SP8_MC_fleet_ladder_extended,fleet_ladder_extended,fleet_7500r_1875l_seed10000,10000,cbba_partitioned,CBBA partitioned,0.48306666666666664,0.031118124999999996,25488,38.319884736595334,181021990.5038054,29656.035904324104,2.075,0.7157333333333333,45.41504814524903,0.25,265.57713140474283,3.3984,zone_auction_bids,baseline_sota_decentralized_scale,partitioned_cbba_auction,sota,baseline,decentralized,0,none,6,False,False,partitioned_cbba_like_auction,0.006933333333333333,36,1875,7500,160,0.046933333333333334,0.0076334939663262056,-5836.880023006716,0.0316725,619.2590000573546,0.7690666666666667,-5926.684757273439,True,1.0,0.0512,9.824087902172513,False,0.0,44.71176972024274,497957.12138389284,0.0512,fleet_ladder_extended,1169.134295108992,0.07146666666666666,0.629453606404975
SP8_MC_fleet_ladder_extended,fleet_ladder_extended,fleet_7500r_1875l_seed10000,10000,auction_market_local,Auction market local,0.48306666666666664,0.031318,25488,38.319884736595334,181021990.5038054,29622.74783683573,2.075,0.7285333333333334,43.295346374172645,0.25,265.2790285327983,3.3984,local_prices_and_bids,baseline_sota_decentralized_scale,local_market_auction,sota,baseline,decentralized,0,none,6,False,False,local_market_auction,0.006933333333333333,36,1875,7500,160,0.046933333333333334,0.0063912142471262865,-5836.880023006716,0.032472,172.36739990767092,0.7877333333333333,-5911.975869387869,True,1.0,0.0576,11.052098889944078,False,0.0,44.669859764738845,497398.1784989968,0.0576,fleet_ladder_extended,1169.134295108992,0.0784,0.6114667272024019
SP8_MC_fleet_ladder_extended,fleet_ladder_extended,fleet_7500r_1875l_seed10000,10000,ours_primal_dual_spatial,Ours primal-dual spatial,0.48306666666666664,0.0115055,25488,38.319884736595334,14062500.0,29846.957598916782,2.075,0.6378666666666667,28.072963980313048,0.25,267.28688236864235,3.3984,local_deficit_capacity_prices,proposed_model_based_decentralized_scale,distributed_primal_dual_prices,model_based,proposed,decentralized,0,model_based_tuning_optional,9,False,False,spatial_primal_dual_capacity_prices,0.006933333333333333,36,1875,7500,160,0.005866666666666667,0.0005335311165658514,-5836.880023006716,0.027142,200.14920004177839,0.7888,-5843.112195827828,True,1.0,0.1488,28.551255465688868,False,0.0,43.39109190561879,501162.9044412044,0.1488,fleet_ladder_extended,1169.134295108992,0.19893333333333332,0.46970547342308827
SP8_MC_fleet_ladder_extended,fleet_ladder_extended,fleet_7500r_1875l_seed10000,10000,ours_tensor_quorum_flow,Ours tensor quorum flow,0.48306666666666664,0.0061195,25488,38.319884736595334,123699.40289210595,29893.48656229823,2.075,0.6410666666666667,28.08088865448842,0.25,267.7035607359719,3.3984,local_density_tensor_field,proposed_model_based_decentralized_scale,distributed_tensor_quorum_flow,model_based,proposed,decentralized,0,model_based_tuning_optional,11,False,False,tensor_quorum_flow_density_obstacle_aware,0.0005333333333333334,36,1875,7500,160,0.0005333333333333334,0.0010854034300763502,-5836.880023006716,0.022878,1124.6267000678927,0.7930666666666667,-5849.5656165927685,True,1.0,0.152,29.16526095957465,False,0.0,43.385792123869805,501944.1763799473,0.152,fleet_ladder_extended,1169.134295108992,0.19893333333333332,0.4697310574322029
SP8_MC_fleet_ladder_extended,fleet_ladder_extended,fleet_7500r_1875l_seed10000,10000,ours_wrench_market_hierarchical,Ours wrench-market hierarchical,0.48306666666666664,0.01083925,25742,38.319884736595334,123699.40289210595,29829.555298639232,2.075,0.6224,27.597259480030967,0.25,267.1310404684482,3.4322666666666666,zone_summaries_plus_local_wrench_bids,proposed_model_based_hierarchical_scale,hierarchical_wrench_market,model_based,proposed,hierarchical,0,model_based_tuning_optional,13,False,False,zone_hierarchical_wrench_market,0.006933333333333333,36,1875,7500,160,0.005866666666666667,0.0,-5836.880023006716,0.024477,199.43579996470362,0.7765333333333333,-5836.880023006716,True,1.0,0.152,29.16526095957465,False,0.0,43.891561230123834,500870.7008783404,0.152,fleet_ladder_extended,1169.134295108992,0.19626666666666667,0.4695700695353372
SP8_MC_fleet_ladder_extended,fleet_ladder_extended,fleet_7500r_1875l_seed10000,10000,ours_mean_field_approximation,Ours mean-field approximation,0.48306666666666664,0.03065175,9375,38.319884736595334,14062500.0,29661.747645090734,2.075,0.7141333333333333,45.486135226931886,0.25,265.6282814550403,1.25,aggregate_density_broadcasts,proposed_model_based_decentralized_scale,mean_field_density_controller,model_based,proposed,decentralized,0,model_based_tuning_optional,7,False,False,mean_field_density_allocation,0.006933333333333333,36,1875,7500,160,0.046933333333333334,0.007098942231811988,-5836.880023006716,0.029807,169.1498999716714,0.768,-5920.351025971712,True,1.0,0.05173333333333333,9.926422151153478,False,0.0,44.69370367260498,498053.02772820054,0.05173333333333333,fleet_ladder_extended,1169.134295108992,0.07146666666666666,0.6306611339981331
SP8_MC_fleet_ladder_extended,fleet_ladder_extended,fleet_10000r_2500l_seed10000,10000,centralized_hungarian_expanded,Centralized Hungarian expanded,0.0,1.0,25000000,39.232967235008786,1000000000000.0,nan,624.0,0.0,nan,0.25,nan,2500.0,global_all_robot_load_slots,baseline_classic_centralized_scale,centralized_expanded_assignment,classic,baseline,centralized,0,none,1,False,False,expanded_slot_hungarian_polynomial_but_scalar,nan,42,2500,10000,185,nan,1.0,-8866.19830037987,nan,60000.0,0.0,-1000000.0,False,0.0,0.0,0.0,True,1.0,nan,nan,0.0,fleet_ladder_extended,1350.0,0.0,nan
SP8_MC_fleet_ladder_extended,fleet_ladder_extended,fleet_10000r_2500l_seed10000,10000,centralized_coalition_oracle,Centralized coalition oracle,0.0,1.0,25000000,39.232967235008786,671088640000.0,nan,624.0,0.0,nan,0.25,nan,2500.0,global_all_subsets,reference_model_based_oracle_centralized_scale,centralized_subset_coalition_search,model_based_oracle,reference,centralized,0,none,2,False,False,exact_like_small_scale_coalition_search_timeout_large,nan,42,2500,10000,185,nan,1.0,-8866.19830037987,nan,60000.0,0.0,-1000000.0,False,0.0,0.0,0.0,True,1.0,nan,nan,0.0,fleet_ladder_extended,1350.0,0.0,nan
SP8_MC_fleet_ladder_extended,fleet_ladder_extended,fleet_10000r_2500l_seed10000,10000,centralized_time_expanded_mpc,Centralized time-expanded MPC,0.0,1.0,25000000,39.232967235008786,15625000000000.0,nan,10000.0,0.0,nan,0.25,nan,2500.0,global_time_expanded_state,baseline_sota_centralized_scale,centralized_time_expanded_mpc,sota,baseline,centralized,0,none,8,False,False,time_expanded_mpc_timeout_large,nan,42,2500,10000,185,nan,1.0,-8866.19830037987,nan,60000.0,0.0,-1000000.0,False,0.0,0.0,0.0,True,1.0,nan,nan,0.0,fleet_ladder_extended,1350.0,0.0,nan
SP8_MC_fleet_ladder_extended,fleet_ladder_extended,fleet_10000r_2500l_seed10000,10000,classic_local_greedy,Classic local greedy,0.4791,0.030101500000000003,33746,39.232967235008786,25000000.0,43987.36841908533,2.1,0.7516,61.806364457018404,0.25,297.52704558833267,3.3746,local_distance_beacons,baseline_classic_decentralized_scale,distributed_nearest_greedy,classic,baseline,decentralized,0,none,2,False,False,nearest_local_greedy,0.0048,42,2500,10000,185,0.048,0.0013895417034234228,-8866.19830037987,0.028246,219.93460005614907,0.7956,-8890.873882250038,True,1.0,0.042,9.545454545454545,False,0.0,50.588782068135494,743817.6139708317,0.042,fleet_ladder_extended,1350.0,0.0604,0.8376539715486939
SP8_MC_fleet_ladder_extended,fleet_ladder_extended,fleet_10000r_2500l_seed10000,10000,cbba_partitioned,CBBA partitioned,0.4791,0.028640625000000003,33746,39.232967235008786,332192809.4887362,44258.10290151689,2.1,0.7428,67.59938322752342,0.25,299.35827199699867,3.3746,zone_auction_bids,baseline_sota_decentralized_scale,partitioned_cbba_auction,sota,baseline,decentralized,0,none,6,False,False,partitioned_cbba_like_auction,0.0048,42,2500,10000,185,0.048,0.0050610870461886785,-8866.19830037987,0.0224025,881.6738000605255,0.7788,-8956.40510871002,True,1.0,0.034,7.7272727272727275,False,0.0,54.71111648150574,748395.6799924966,0.034,fleet_ladder_extended,1350.0,0.048,0.9053863043115115
SP8_MC_fleet_ladder_extended,fleet_ladder_extended,fleet_10000r_2500l_seed10000,10000,auction_market_local,Auction market local,0.4791,0.028782000000000002,33746,39.232967235008786,332192809.4887362,44167.99408073086,2.1,0.7584,61.35564273290869,0.25,298.74878313250264,3.3746,local_prices_and_bids,baseline_sota_decentralized_scale,local_market_auction,sota,baseline,decentralized,0,none,6,False,False,local_market_auction,0.0048,42,2500,10000,185,0.048,0.0033593213531969623,-8866.19830037987,0.022968000000000002,227.54089999943972,0.8032,-8925.971274875079,True,1.0,0.0432,9.818181818181818,False,0.0,51.49605148082598,746871.9578312566,0.0432,fleet_ladder_extended,1350.0,0.0616,0.8382627381935046
SP8_MC_fleet_ladder_extended,fleet_ladder_extended,fleet_10000r_2500l_seed10000,10000,ours_primal_dual_spatial,Ours primal-dual spatial,0.4791,0.0074995,33746,39.232967235008786,25000000.0,44438.79178315578,2.1,0.6456,30.691543360712334,0.25,300.5804371561527,3.3746,local_deficit_capacity_prices,proposed_model_based_decentralized_scale,distributed_primal_dual_prices,model_based,proposed,decentralized,0,model_based_tuning_optional,9,False,False,spatial_primal_dual_capacity_prices,0.0048,42,2500,10000,185,0.0028,0.0,-8866.19830037987,0.019198,268.4509999817237,0.7888,-8857.719905684564,True,1.0,0.1424,32.36363636363637,False,0.0,42.6218189877733,751451.0928903818,0.1424,fleet_ladder_extended,1350.0,0.188,0.49216086600362324
SP8_MC_fleet_ladder_extended,fleet_ladder_extended,fleet_10000r_2500l_seed10000,10000,ours_tensor_quorum_flow,Ours tensor quorum flow,0.4791,0.0041655,33746,39.232967235008786,170120.50593046015,44496.477406262864,2.1,0.6436,30.70915868970358,0.25,300.97061810201996,3.3746,local_density_tensor_field,proposed_model_based_decentralized_scale,distributed_tensor_quorum_flow,model_based,proposed,decentralized,0,model_based_tuning_optional,11,False,False,tensor_quorum_flow_density_obstacle_aware,0.0004,42,2500,10000,185,0.0,0.00027742429018797626,-8866.19830037987,0.016182,1562.5374999362975,0.7852,-8871.119340560537,True,1.0,0.1416,32.18181818181818,False,0.0,42.598396431088126,752426.54525505,0.1416,fleet_ladder_extended,1350.0,0.188,0.49248473429352124
SP8_MC_fleet_ladder_extended,fleet_ladder_extended,fleet_10000r_2500l_seed10000,10000,ours_wrench_market_hierarchical,Ours wrench-market hierarchical,0.4791,0.00702825,34164,39.232967235008786,170120.50593046015,44481.01741298303,2.1,0.6396,30.390887495856575,0.25,300.86604794266106,3.4164,zone_summaries_plus_local_wrench_bids,proposed_model_based_hierarchical_scale,hierarchical_wrench_market,model_based,proposed,hierarchical,0,model_based_tuning_optional,13,False,False,zone_hierarchical_wrench_market,0.0048,42,2500,10000,185,0.0028,0.0,-8866.19830037987,0.017313,263.8721000403166,0.7832,-8866.19830037987,True,1.0,0.1428,32.45454545454545,False,0.0,42.9688029000333,752165.1198566526,0.1428,fleet_ladder_extended,1350.0,0.1868,0.4921066117711687
SP8_MC_fleet_ladder_extended,fleet_ladder_extended,fleet_10000r_2500l_seed10000,10000,ours_mean_field_approximation,Ours mean-field approximation,0.4791,0.028310750000000003,12500,39.232967235008786,25000000.0,44265.30619057986,2.1,0.744,67.96448776649471,0.25,299.4069944687093,1.25,aggregate_density_broadcasts,proposed_model_based_decentralized_scale,mean_field_density_controller,model_based,proposed,decentralized,0,model_based_tuning_optional,7,False,False,mean_field_density_allocation,0.0048,42,2500,10000,185,0.048,0.0047000767877337065,-8866.19830037987,0.021083,225.09550000540912,0.7788,-8949.940219561282,True,1.0,0.0328,7.454545454545454,False,0.0,54.830952638466016,748517.4861717732,0.0328,fleet_ladder_extended,1350.0,0.0476,0.9082924600483814
SP8_MC_fleet_ladder_extended,fleet_ladder_extended,fleet_12500r_3125l_seed10000,10000,centralized_hungarian_expanded,Centralized Hungarian expanded,0.0,1.0,39062500,39.94120904376099,1953125000000.0,nan,961.5,0.0,nan,0.25,nan,3125.0,global_all_robot_load_slots,baseline_classic_centralized_scale,centralized_expanded_assignment,classic,baseline,centralized,0,none,1,False,False,expanded_slot_hungarian_polynomial_but_scalar,nan,47,3125,12500,207,nan,1.0,-12367.221213667483,nan,60000.0,0.0,-1000000.0,False,0.0,0.0,0.0,True,1.0,nan,nan,0.0,fleet_ladder_extended,1509.345884812358,0.0,nan
SP8_MC_fleet_ladder_extended,fleet_ladder_extended,fleet_12500r_3125l_seed10000,10000,centralized_coalition_oracle,Centralized coalition oracle,0.0,1.0,39062500,39.94120904376099,838860800000.0,nan,961.5,0.0,nan,0.25,nan,3125.0,global_all_subsets,reference_model_based_oracle_centralized_scale,centralized_subset_coalition_search,model_based_oracle,reference,centralized,0,none,2,False,False,exact_like_small_scale_coalition_search_timeout_large,nan,47,3125,12500,207,nan,1.0,-12367.221213667483,nan,60000.0,0.0,-1000000.0,False,0.0,0.0,0.0,True,1.0,nan,nan,0.0,fleet_ladder_extended,1509.345884812358,0.0,nan
SP8_MC_fleet_ladder_extended,fleet_ladder_extended,fleet_12500r_3125l_seed10000,10000,centralized_time_expanded_mpc,Centralized time-expanded MPC,0.0,1.0,39062500,39.94120904376099,30517578125000.0,nan,15625.0,0.0,nan,0.25,nan,3125.0,global_time_expanded_state,baseline_sota_centralized_scale,centralized_time_expanded_mpc,sota,baseline,centralized,0,none,8,False,False,time_expanded_mpc_timeout_large,nan,47,3125,12500,207,nan,1.0,-12367.221213667483,nan,60000.0,0.0,-1000000.0,False,0.0,0.0,0.0,True,1.0,nan,nan,0.0,fleet_ladder_extended,1509.345884812358,0.0,nan
SP8_MC_fleet_ladder_extended,fleet_ladder_extended,fleet_12500r_3125l_seed10000,10000,classic_local_greedy,Classic local greedy,0.48248,0.026567,42436,39.94120904376099,39062500.0,61095.76554371949,2.125,0.73984,61.05153876100327,0.25,329.5370493533006,3.39488,local_distance_beacons,baseline_classic_decentralized_scale,distributed_nearest_greedy,classic,baseline,decentralized,0,none,2,False,False,nearest_local_greedy,0.00576,47,3125,12500,207,0.0368,0.0,-12367.221213667483,0.033116,273.62929994706064,0.78816,-12321.544220048718,True,1.0,0.04576,11.835810102891207,False,0.0,53.74251760120562,1029803.2792290642,0.04576,fleet_ladder_extended,1509.345884812358,0.06336,0.8356818281563344
SP8_MC_fleet_ladder_extended,fleet_ladder_extended,fleet_12500r_3125l_seed10000,10000,cbba_partitioned,CBBA partitioned,0.48248,0.02485425,42436,39.94120904376099,531626581.03268796,61472.98732411293,2.125,0.74304,67.10731196072295,0.25,331.5717002224136,3.39488,zone_auction_bids,baseline_sota_decentralized_scale,partitioned_cbba_auction,sota,baseline,decentralized,0,none,6,False,False,partitioned_cbba_like_auction,0.00576,47,3125,12500,207,0.0368,0.0018420949569072725,-12367.221213667483,0.026265,1102.6690999278799,0.77792,-12412.870337440436,True,1.0,0.03424,8.856165601464049,False,0.0,57.56605240353597,1036161.5631950424,0.03424,fleet_ladder_extended,1509.345884812358,0.0464,0.9031204775765931
SP8_MC_fleet_ladder_extended,fleet_ladder_extended,fleet_12500r_3125l_seed10000,10000,auction_market_local,Auction market local,0.48248,0.025020000000000004,42436,39.94120904376099,531626581.03268796,61370.60014080747,2.125,0.7392,61.32112427039597,0.25,331.0194463963455,3.39488,local_prices_and_bids,baseline_sota_decentralized_scale,local_market_auction,sota,baseline,decentralized,0,none,6,False,False,local_market_auction,0.00576,47,3125,12500,207,0.0368,0.00029655302287435976,-12367.221213667483,0.026928000000000004,287.1199999935925,0.79008,-12374.558759862948,True,1.0,0.048,12.415185422613154,False,0.0,53.366604984890856,1034435.7699885797,0.048,fleet_ladder_extended,1509.345884812358,0.06432,0.8353455435620252
SP8_MC_fleet_ladder_extended,fleet_ladder_extended,fleet_12500r_3125l_seed10000,10000,ours_primal_dual_spatial,Ours primal-dual spatial,0.48248,0.009226999999999999,42436,39.94120904376099,39062500.0,61833.841011842545,2.125,0.64992,31.53760104596397,0.25,333.51806521914284,3.39488,local_deficit_capacity_prices,proposed_model_based_decentralized_scale,distributed_primal_dual_prices,model_based,proposed,decentralized,0,model_based_tuning_optional,9,False,False,spatial_primal_dual_capacity_prices,0.00576,47,3125,12500,207,0.00416,0.0,-12367.221213667483,0.022508,342.70429995376617,0.792,-12354.951790017809,True,1.0,0.14048,36.33510933684783,False,0.0,44.190923452011944,1042243.9538098214,0.14048,fleet_ladder_extended,1509.345884812358,0.176,0.5045850900813152
SP8_MC_fleet_ladder_extended,fleet_ladder_extended,fleet_12500r_3125l_seed10000,10000,ours_tensor_quorum_flow,Ours tensor quorum flow,0.48248,0.005031,42436,39.94120904376099,217680.75889569023,61942.82043599167,2.125,0.65184,31.524245890744048,0.25,334.10587613459205,3.39488,local_density_tensor_field,proposed_model_based_decentralized_scale,distributed_tensor_quorum_flow,model_based,proposed,decentralized,0,model_based_tuning_optional,11,False,False,tensor_quorum_flow_density_obstacle_aware,0.0,47,3125,12500,207,0.00064,0.00041743177939555434,-12367.221213667483,0.018972,1988.0103000905365,0.79296,-12377.550885347291,True,1.0,0.14112,36.500645142482675,False,0.0,44.23430374164221,1044080.8629206002,0.14112,fleet_ladder_extended,1509.345884812358,0.17568,0.5047253287083104
SP8_MC_fleet_ladder_extended,fleet_ladder_extended,fleet_12500r_3125l_seed10000,10000,ours_wrench_market_hierarchical,Ours wrench-market hierarchical,0.48248,0.0086745,42874,39.94120904376099,217680.75889569023,61834.65084382831,2.125,0.6416,30.753327546266327,0.25,333.5224332737975,3.42992,zone_summaries_plus_local_wrench_bids,proposed_model_based_hierarchical_scale,hierarchical_wrench_market,model_based,proposed,hierarchical,0,model_based_tuning_optional,13,False,False,zone_hierarchical_wrench_market,0.00576,47,3125,12500,207,0.00416,0.0,-12367.221213667483,0.020298,323.4259000746533,0.77248,-12367.221213667483,True,1.0,0.12928,33.43823273823809,False,0.0,45.098586677001876,1042257.6039806171,0.12928,fleet_ladder_extended,1509.345884812358,0.1712,0.5009230180291474
SP8_MC_fleet_ladder_extended,fleet_ladder_extended,fleet_12500r_3125l_seed10000,10000,ours_mean_field_approximation,Ours mean-field approximation,0.48248,0.024467500000000003,15625,39.94120904376099,39062500.0,61487.256637136874,2.125,0.74304,66.74107188521705,0.25,331.6486657415188,1.25,aggregate_density_broadcasts,proposed_model_based_decentralized_scale,mean_field_density_controller,model_based,proposed,decentralized,0,model_based_tuning_optional,7,False,False,mean_field_density_allocation,0.00576,47,3125,12500,207,0.0368,0.00143072991885927,-12367.221213667483,0.024718,276.19160001631826,0.7792,-12402.661656906972,True,1.0,0.03552,9.187237212733734,False,0.0,57.17791691431656,1036402.0804422463,0.03552,fleet_ladder_extended,1509.345884812358,0.04768,0.8978490411314922
SP8_MC_fleet_ladder_extended,fleet_ladder_extended,fleet_15000r_3750l_seed10000,10000,centralized_hungarian_expanded,Centralized Hungarian expanded,0.0,1.0,56250000,40.51988473659533,3375000000000.0,nan,1374.0,0.0,nan,0.25,nan,3750.0,global_all_robot_load_slots,baseline_classic_centralized_scale,centralized_expanded_assignment,classic,baseline,centralized,0,none,1,False,False,expanded_slot_hungarian_polynomial_but_scalar,nan,51,3750,15000,227,nan,1.0,-16047.56310604119,nan,60000.0,0.0,-1000000.0,False,0.0,0.0,0.0,True,1.0,nan,nan,0.0,fleet_ladder_extended,1653.4055763786453,0.0,nan
SP8_MC_fleet_ladder_extended,fleet_ladder_extended,fleet_15000r_3750l_seed10000,10000,centralized_coalition_oracle,Centralized coalition oracle,0.0,1.0,56250000,40.51988473659533,1006632960000.0,nan,1374.0,0.0,nan,0.25,nan,3750.0,global_all_subsets,reference_model_based_oracle_centralized_scale,centralized_subset_coalition_search,model_based_oracle,reference,centralized,0,none,2,False,False,exact_like_small_scale_coalition_search_timeout_large,nan,51,3750,15000,227,nan,1.0,-16047.56310604119,nan,60000.0,0.0,-1000000.0,False,0.0,0.0,0.0,True,1.0,nan,nan,0.0,fleet_ladder_extended,1653.4055763786453,0.0,nan
SP8_MC_fleet_ladder_extended,fleet_ladder_extended,fleet_15000r_3750l_seed10000,10000,centralized_time_expanded_mpc,Centralized time-expanded MPC,0.0,1.0,56250000,40.51988473659533,52734375000000.0,nan,22500.0,0.0,nan,0.25,nan,3750.0,global_time_expanded_state,baseline_sota_centralized_scale,centralized_time_expanded_mpc,sota,baseline,centralized,0,none,8,False,False,time_expanded_mpc_timeout_large,nan,51,3750,15000,227,nan,1.0,-16047.56310604119,nan,60000.0,0.0,-1000000.0,False,0.0,0.0,0.0,True,1.0,nan,nan,0.0,fleet_ladder_extended,1653.4055763786453,0.0,nan
SP8_MC_fleet_ladder_extended,fleet_ladder_extended,fleet_15000r_3750l_seed10000,10000,classic_local_greedy,Classic local greedy,0.48546666666666666,0.0273555,51192,40.51988473659533,56250000.0,79980.9091439791,2.15,0.7501333333333333,62.02596591799998,0.25,356.4528239167737,3.4128,local_distance_beacons,baseline_classic_decentralized_scale,distributed_nearest_greedy,classic,baseline,decentralized,0,none,2,False,False,nearest_local_greedy,0.0056,51,3750,15000,227,0.0392,0.0,-16047.56310604119,0.032142000000000004,332.6448000734672,0.7976,-16008.578514388222,True,1.0,0.0456,13.093253275812831,False,0.0,52.50052242313545,1336698.0896879013,0.0456,fleet_ladder_extended,1653.4055763786453,0.060533333333333335,0.8382055397637789
SP8_MC_fleet_ladder_extended,fleet_ladder_extended,fleet_15000r_3750l_seed10000,10000,cbba_partitioned,CBBA partitioned,0.48546666666666666,0.025693125,51192,40.51988473659533,780337962.0152216,80403.96131923463,2.15,0.7384,66.2298583486964,0.25,358.338250628572,3.4128,zone_auction_bids,baseline_sota_decentralized_scale,partitioned_cbba_auction,sota,baseline,decentralized,0,none,6,False,False,partitioned_cbba_like_auction,0.0056,51,3750,15000,227,0.0392,0.0016754518720961786,-16047.56310604119,0.0254925,1351.617000065744,0.7808,-16101.428870285805,True,1.0,0.04,11.485309891063887,False,0.0,56.40422349242595,1343768.4398571448,0.04,fleet_ladder_extended,1653.4055763786453,0.0512,0.9056196515998278
SP8_MC_fleet_ladder_extended,fleet_ladder_extended,fleet_15000r_3750l_seed10000,10000,auction_market_local,Auction market local,0.48546666666666666,0.025854000000000002,51192,40.51988473659533,780337962.0152216,80303.48813193121,2.15,0.7496,62.417898518949116,0.25,357.8904693802024,3.4128,local_prices_and_bids,baseline_sota_decentralized_scale,local_market_auction,sota,baseline,decentralized,0,none,6,False,False,local_market_auction,0.0056,51,3750,15000,227,0.0392,0.0008365108386413964,-16047.56310604119,0.026136000000000003,341.27279999665916,0.7962666666666667,-16074.434341575772,True,1.0,0.04426666666666667,12.710409612777369,False,0.0,53.22067003600644,1342089.260175759,0.04426666666666667,fleet_ladder_extended,1653.4055763786453,0.060533333333333335,0.8490394258896165
SP8_MC_fleet_ladder_extended,fleet_ladder_extended,fleet_15000r_3750l_seed10000,10000,ours_primal_dual_spatial,Ours primal-dual spatial,0.48546666666666666,0.0088215,51192,40.51988473659533,56250000.0,80771.41126221536,2.15,0.6344,31.142888441100343,0.25,359.975873546658,3.4128,local_deficit_capacity_prices,proposed_model_based_decentralized_scale,distributed_primal_dual_prices,model_based,proposed,decentralized,0,model_based_tuning_optional,9,False,False,spatial_primal_dual_capacity_prices,0.0056,51,3750,15000,227,0.0037333333333333333,0.0,-16047.56310604119,0.021845999999999997,408.4118999307975,0.7893333333333333,-16034.53276816621,True,1.0,0.15386666666666668,44.18015871429242,False,0.0,43.8094475100091,1349909.5257999676,0.15386666666666668,fleet_ladder_extended,1653.4055763786453,0.19093333333333334,0.4984702501715165
SP8_MC_fleet_ladder_extended,fleet_ladder_extended,fleet_15000r_3750l_seed10000,10000,ours_tensor_quorum_flow,Ours tensor quorum flow,0.48546666666666666,0.0049235,51192,40.51988473659533,266148.8057842119,80895.754943304,2.15,0.6338666666666667,31.154624575024087,0.25,360.53003899357066,3.4128,local_density_tensor_field,proposed_model_based_decentralized_scale,distributed_tensor_quorum_flow,model_based,proposed,decentralized,0,model_based_tuning_optional,11,False,False,tensor_quorum_flow_density_obstacle_aware,0.0002666666666666667,51,3750,15000,227,0.0005333333333333334,0.00042007108252304563,-16047.56310604119,0.018414,2457.38519995939,0.7877333333333333,-16061.051426577305,True,1.0,0.15386666666666668,44.18015871429242,False,0.0,43.79636710816911,1351987.64622589,0.15386666666666668,fleet_ladder_extended,1653.4055763786453,0.19093333333333334,0.49847189314222656
SP8_MC_fleet_ladder_extended,fleet_ladder_extended,fleet_15000r_3750l_seed10000,10000,ours_wrench_market_hierarchical,Ours wrench-market hierarchical,0.48546666666666666,0.008285250000000001,51628,40.51988473659533,266148.8057842119,80806.7805462957,2.15,0.6298666666666667,30.400066347476937,0.25,360.1335046779528,3.441866666666667,zone_summaries_plus_local_wrench_bids,proposed_model_based_hierarchical_scale,hierarchical_wrench_market,model_based,proposed,hierarchical,0,model_based_tuning_optional,13,False,False,zone_hierarchical_wrench_market,0.0056,51,3750,15000,227,0.0037333333333333333,0.0,-16047.56310604119,0.019701,408.6321999784559,0.7797333333333333,-16047.56310604119,True,1.0,0.14826666666666666,42.572215329543475,False,0.0,44.38057276390529,1350500.642542323,0.14826666666666666,fleet_ladder_extended,1653.4055763786453,0.1896,0.49576502180680365
SP8_MC_fleet_ladder_extended,fleet_ladder_extended,fleet_15000r_3750l_seed10000,10000,ours_mean_field_approximation,Ours mean-field approximation,0.48546666666666666,0.02531775,18750,40.51988473659533,56250000.0,80419.69412842003,2.15,0.7344,66.24501489022559,0.25,358.4083674142187,1.25,aggregate_density_broadcasts,proposed_model_based_decentralized_scale,mean_field_density_controller,model_based,proposed,decentralized,0,model_based_tuning_optional,7,False,False,mean_field_density_allocation,0.0056,51,3750,15000,227,0.0392,0.0013513945666352985,-16047.56310604119,0.023991000000000002,337.6684000249952,0.7762666666666667,-16090.996332039866,True,1.0,0.039733333333333336,11.408741158456795,False,0.0,56.349913344832835,1344031.37780332,0.039733333333333336,fleet_ladder_extended,1653.4055763786453,0.050133333333333335,0.9040465436202725
SP8_MC_fleet_ladder_extended,fleet_ladder_extended,fleet_20000r_5000l_seed10000,10000,centralized_hungarian_expanded,Centralized Hungarian expanded,0.0,1.0,100000000,41.43296723500879,8000000000000.0,nan,2424.0,0.0,nan,0.25,nan,5000.0,global_all_robot_load_slots,baseline_classic_centralized_scale,centralized_expanded_assignment,classic,baseline,centralized,0,none,1,False,False,expanded_slot_hungarian_polynomial_but_scalar,nan,59,5000,20000,262,nan,1.0,-24879.89185941367,nan,60000.0,0.0,-1000000.0,False,0.0,0.0,0.0,True,1.0,nan,nan,0.0,fleet_ladder_extended,1909.1883092036783,0.0,nan
SP8_MC_fleet_ladder_extended,fleet_ladder_extended,fleet_20000r_5000l_seed10000,10000,centralized_coalition_oracle,Centralized coalition oracle,0.0,1.0,100000000,41.43296723500879,1342177280000.0,nan,2424.0,0.0,nan,0.25,nan,5000.0,global_all_subsets,reference_model_based_oracle_centralized_scale,centralized_subset_coalition_search,model_based_oracle,reference,centralized,0,none,2,False,False,exact_like_small_scale_coalition_search_timeout_large,nan,59,5000,20000,262,nan,1.0,-24879.89185941367,nan,60000.0,0.0,-1000000.0,False,0.0,0.0,0.0,True,1.0,nan,nan,0.0,fleet_ladder_extended,1909.1883092036783,0.0,nan
SP8_MC_fleet_ladder_extended,fleet_ladder_extended,fleet_20000r_5000l_seed10000,10000,centralized_time_expanded_mpc,Centralized time-expanded MPC,0.0,1.0,100000000,41.43296723500879,125000000000000.0,nan,40000.0,0.0,nan,0.25,nan,5000.0,global_time_expanded_state,baseline_sota_centralized_scale,centralized_time_expanded_mpc,sota,baseline,centralized,0,none,8,False,False,time_expanded_mpc_timeout_large,nan,59,5000,20000,262,nan,1.0,-24879.89185941367,nan,60000.0,0.0,-1000000.0,False,0.0,0.0,0.0,True,1.0,nan,nan,0.0,fleet_ladder_extended,1909.1883092036783,0.0,nan
SP8_MC_fleet_ladder_extended,fleet_ladder_extended,fleet_20000r_5000l_seed10000,10000,classic_local_greedy,Classic local greedy,0.4812,0.028421249999999995,67744,41.43296723500879,100000000.0,122680.9321703618,2.2,0.7488,63.14308034700831,0.25,412.7969676831144,3.3872,local_distance_beacons,baseline_classic_decentralized_scale,distributed_nearest_greedy,classic,baseline,decentralized,0,none,2,False,False,nearest_local_greedy,0.0052,59,5000,20000,262,0.0394,0.0,-24879.89185941367,0.036524999999999995,433.4638000000268,0.7916,-24747.873674786864,True,1.0,0.0414,13.98936219357499,False,0.0,53.76710749395276,2063984.838415572,0.0414,fleet_ladder_extended,1909.1883092036783,0.0558,0.8525743493535112
SP8_MC_fleet_ladder_extended,fleet_ladder_extended,fleet_20000r_5000l_seed10000,10000,cbba_partitioned,CBBA partitioned,0.4812,0.0265321875,67744,41.43296723500879,1428771237.9549448,123287.8644418693,2.2,0.732,67.31060431112832,0.25,414.8391742170475,3.3872,zone_auction_bids,baseline_sota_decentralized_scale,partitioned_cbba_auction,sota,baseline,decentralized,0,none,6,False,False,partitioned_cbba_like_auction,0.0052,59,5000,20000,262,0.0394,0.0,-24879.89185941367,0.028968749999999998,1886.2985000014305,0.7692,-24878.350214022856,True,1.0,0.0356,12.029499857277045,False,0.0,57.32009682907683,2074195.8710852377,0.0356,fleet_ladder_extended,1909.1883092036783,0.0504,0.9086627282501529
SP8_MC_fleet_ladder_extended,fleet_ladder_extended,fleet_20000r_5000l_seed10000,10000,auction_market_local,Auction market local,0.4812,0.026715,67744,41.43296723500879,1428771237.9549448,123191.0289407779,2.2,0.748,62.701220801293104,0.25,414.5133419910656,3.3872,local_prices_and_bids,baseline_sota_decentralized_scale,local_market_auction,sota,baseline,decentralized,0,none,6,False,False,local_market_auction,0.0052,59,5000,20000,262,0.0394,0.0,-24879.89185941367,0.0297,464.4759999355301,0.792,-24849.908395463874,True,1.0,0.0418,14.124525113319676,False,0.0,53.20469160284734,2072566.7099553281,0.0418,fleet_ladder_extended,1909.1883092036783,0.058,0.8459682168516467
SP8_MC_fleet_ladder_extended,fleet_ladder_extended,fleet_20000r_5000l_seed10000,10000,ours_primal_dual_spatial,Ours primal-dual spatial,0.4812,0.01046625,67744,41.43296723500879,100000000.0,123870.71559955737,2.2,0.6516,31.644272058181283,0.25,416.80035258639765,3.3872,local_deficit_capacity_prices,proposed_model_based_decentralized_scale,distributed_primal_dual_prices,model_based,proposed,decentralized,0,model_based_tuning_optional,9,False,False,spatial_primal_dual_capacity_prices,0.0052,59,5000,20000,262,0.006,0.0,-24879.89185941367,0.024824999999999996,546.5699000051245,0.7888,-24872.193275083868,True,1.0,0.1344,45.41474103421446,False,0.0,44.11113501491273,2084001.7629319883,0.1344,fleet_ladder_extended,1909.1883092036783,0.1784,0.5037318644844107
SP8_MC_fleet_ladder_extended,fleet_ladder_extended,fleet_20000r_5000l_seed10000,10000,ours_tensor_quorum_flow,Ours tensor quorum flow,0.4812,0.005681249999999999,67744,41.43296723500879,365241.0118609203,124051.5852042904,2.2,0.6534,31.617020286611183,0.25,417.40894287878444,3.3872,local_density_tensor_field,proposed_model_based_decentralized_scale,distributed_tensor_quorum_flow,model_based,proposed,decentralized,0,model_based_tuning_optional,11,False,False,tensor_quorum_flow_density_obstacle_aware,0.0,59,5000,20000,262,0.001,0.0005881299388855874,-24879.89185941367,0.020924999999999996,3420.965600060299,0.79,-24909.17488832713,True,1.0,0.1362,46.02297417306555,False,0.0,44.07119945159098,2087044.7143939221,0.1362,fleet_ladder_extended,1909.1883092036783,0.1786,0.5032238376709002
SP8_MC_fleet_ladder_extended,fleet_ladder_extended,fleet_20000r_5000l_seed10000,10000,ours_wrench_market_hierarchical,Ours wrench-market hierarchical,0.4812,0.009856875,68496,41.43296723500879,365241.0118609203,123907.6045950144,2.2,0.636,30.905501695895754,0.25,416.9244767285618,3.4248,zone_summaries_plus_local_wrench_bids,proposed_model_based_hierarchical_scale,hierarchical_wrench_market,model_based,proposed,hierarchical,0,model_based_tuning_optional,13,False,False,zone_hierarchical_wrench_market,0.0052,59,5000,20000,262,0.006,0.0,-24879.89185941367,0.022387499999999998,536.0306999646127,0.7726,-24879.89185941367,True,1.0,0.1344,45.41474103421446,False,0.0,44.774993313574605,2084622.383642809,0.1344,fleet_ladder_extended,1909.1883092036783,0.1782,0.5006650261380707
SP8_MC_fleet_ladder_extended,fleet_ladder_extended,fleet_20000r_5000l_seed10000,10000,ours_mean_field_approximation,Ours mean-field approximation,0.4812,0.026105624999999997,25000,41.43296723500879,100000000.0,123320.16898917701,2.2,0.7334,67.46746630638191,0.25,414.94787260183386,1.25,aggregate_density_broadcasts,proposed_model_based_decentralized_scale,mean_field_density_controller,model_based,proposed,decentralized,0,model_based_tuning_optional,7,False,False,mean_field_density_allocation,0.0052,59,5000,20000,262,0.0394,0.0,-24879.89185941367,0.0272625,450.88929997291416,0.7694,-24867.593920410007,True,1.0,0.0346,11.69159255791533,False,0.0,57.48533234788925,2074739.3630091695,0.0346,fleet_ladder_extended,1909.1883092036783,0.0486,0.9106489425746864
SP8_MC_fleet_ladder_extended,fleet_ladder_extended,fleet_25000r_6250l_seed10000,10000,centralized_hungarian_expanded,Centralized Hungarian expanded,0.0,1.0,156250000,42.14120904376099,15625000000000.0,nan,3774.0,0.0,nan,0.25,nan,6250.0,global_all_robot_load_slots,baseline_classic_centralized_scale,centralized_expanded_assignment,classic,baseline,centralized,0,none,1,False,False,expanded_slot_hungarian_polynomial_but_scalar,nan,66,6250,25000,293,nan,1.0,-34480.558966069766,nan,60000.0,0.0,-1000000.0,False,0.0,0.0,0.0,True,1.0,nan,nan,0.0,fleet_ladder_extended,2134.537420613656,0.0,nan
SP8_MC_fleet_ladder_extended,fleet_ladder_extended,fleet_25000r_6250l_seed10000,10000,centralized_coalition_oracle,Centralized coalition oracle,0.0,1.0,156250000,42.14120904376099,1677721600000.0,nan,3774.0,0.0,nan,0.25,nan,6250.0,global_all_subsets,reference_model_based_oracle_centralized_scale,centralized_subset_coalition_search,model_based_oracle,reference,centralized,0,none,2,False,False,exact_like_small_scale_coalition_search_timeout_large,nan,66,6250,25000,293,nan,1.0,-34480.558966069766,nan,60000.0,0.0,-1000000.0,False,0.0,0.0,0.0,True,1.0,nan,nan,0.0,fleet_ladder_extended,2134.537420613656,0.0,nan
SP8_MC_fleet_ladder_extended,fleet_ladder_extended,fleet_25000r_6250l_seed10000,10000,centralized_time_expanded_mpc,Centralized time-expanded MPC,0.0,1.0,156250000,42.14120904376099,244140625000000.0,nan,62500.0,0.0,nan,0.25,nan,6250.0,global_time_expanded_state,baseline_sota_centralized_scale,centralized_time_expanded_mpc,sota,baseline,centralized,0,none,8,False,False,time_expanded_mpc_timeout_large,nan,66,6250,25000,293,nan,1.0,-34480.558966069766,nan,60000.0,0.0,-1000000.0,False,0.0,0.0,0.0,True,1.0,nan,nan,0.0,fleet_ladder_extended,2134.537420613656,0.0,nan
SP8_MC_fleet_ladder_extended,fleet_ladder_extended,fleet_25000r_6250l_seed10000,10000,classic_local_greedy,Classic local greedy,0.48008,0.02843425,84512,42.14120904376099,156250000.0,169454.85120492664,2.25,0.74672,61.84682742578929,0.25,456.87313297050804,3.38048,local_distance_beacons,baseline_classic_decentralized_scale,distributed_nearest_greedy,classic,baseline,decentralized,0,none,2,False,False,nearest_local_greedy,0.00464,66,6250,25000,293,0.03872,0.0,-34480.558966069766,0.038473,524.0766999777406,0.79872,-34242.093159488075,True,1.0,0.0496,20.666666666666668,False,0.0,51.931874088674,2855457.0810656752,0.0496,fleet_ladder_extended,2134.537420613656,0.06784,0.83118032645879
SP8_MC_fleet_ladder_extended,fleet_ladder_extended,fleet_25000r_6250l_seed10000,10000,cbba_partitioned,CBBA partitioned,0.48008,0.0264444375,84512,42.14120904376099,2282756324.1307516,170346.87523392218,2.25,0.73888,68.28377419256505,0.25,459.278150058625,3.38048,zone_auction_bids,baseline_sota_decentralized_scale,partitioned_cbba_auction,sota,baseline,decentralized,0,none,6,False,False,partitioned_cbba_like_auction,0.00464,66,6250,25000,293,0.03872,0.0,-34480.558966069766,0.03051375,2558.7192999664694,0.77616,-34440.45250619684,True,1.0,0.03616,15.066666666666666,False,0.0,57.8423083445374,2870488.437866406,0.03616,fleet_ladder_extended,2134.537420613656,0.05168,0.9188260967373099
SP8_MC_fleet_ladder_extended,fleet_ladder_extended,fleet_25000r_6250l_seed10000,10000,auction_market_local,Auction market local,0.48008,0.026637,84512,42.14120904376099,2282756324.1307516,170100.0881848295,2.25,0.74544,61.469035277695504,0.25,458.61277889047136,3.38048,local_prices_and_bids,baseline_sota_decentralized_scale,local_market_auction,sota,baseline,decentralized,0,none,6,False,False,local_market_auction,0.00464,66,6250,25000,293,0.03872,0.0,-34480.558966069766,0.031284,593.5786999762058,0.79808,-34371.64763548533,True,1.0,0.0504,21.0,False,0.0,51.61912943582865,2866329.868065446,0.0504,fleet_ladder_extended,2134.537420613656,0.06768,0.8271957007565856
SP8_MC_fleet_ladder_extended,fleet_ladder_extended,fleet_25000r_6250l_seed10000,10000,ours_primal_dual_spatial,Ours primal-dual spatial,0.48008,0.00994525,84512,42.14120904376099,156250000.0,171019.89757720605,2.25,0.65088,31.86271135920459,0.25,461.09270906563387,3.38048,local_deficit_capacity_prices,proposed_model_based_decentralized_scale,distributed_primal_dual_prices,model_based,proposed,decentralized,0,model_based_tuning_optional,9,False,False,spatial_primal_dual_capacity_prices,0.00464,66,6250,25000,293,0.00448,0.0,-34480.558966069766,0.026149,702.4277000455186,0.79024,-34449.45703762258,True,1.0,0.13776,57.4,False,0.0,44.292851986023614,2881829.4316602116,0.13776,fleet_ladder_extended,2134.537420613656,0.17904,0.5083104956591521
SP8_MC_fleet_ladder_extended,fleet_ladder_extended,fleet_25000r_6250l_seed10000,10000,ours_tensor_quorum_flow,Ours tensor quorum flow,0.48008,0.006110249999999999,84512,42.14120904376099,466611.51779138047,171294.97472166136,2.25,0.64992,31.845420369483865,0.25,461.834354146328,3.38048,local_density_tensor_field,proposed_model_based_decentralized_scale,distributed_tensor_quorum_flow,model_based,proposed,decentralized,0,model_based_tuning_optional,11,False,False,tensor_quorum_flow_density_obstacle_aware,0.00032,66,6250,25000,293,0.00112,0.000384759972615131,-34480.558966069766,0.022040999999999998,4652.450800058432,0.78912,-34507.10304177466,True,1.0,0.1392,58.0,False,0.0,44.276967388931745,2886464.71341455,0.1392,fleet_ladder_extended,2134.537420613656,0.1792,0.5080955767620214
SP8_MC_fleet_ladder_extended,fleet_ladder_extended,fleet_25000r_6250l_seed10000,10000,ours_wrench_market_hierarchical,Ours wrench-market hierarchical,0.48008,0.009303375,85508,42.14120904376099,466611.51779138047,171148.29618886588,2.25,0.64304,31.244805236329505,0.25,461.4388890395972,3.42032,zone_summaries_plus_local_wrench_bids,proposed_model_based_hierarchical_scale,hierarchical_wrench_market,model_based,proposed,hierarchical,0,model_based_tuning_optional,13,False,False,zone_hierarchical_wrench_market,0.00464,66,6250,25000,293,0.00448,0.0,-34480.558966069766,0.0235815,665.0830999715254,0.77744,-34480.558966069766,True,1.0,0.13296,55.4,False,0.0,45.142987760360676,2883993.0564974826,0.13296,fleet_ladder_extended,2134.537420613656,0.17872,0.5074903852823714
SP8_MC_fleet_ladder_extended,fleet_ladder_extended,fleet_25000r_6250l_seed10000,10000,ours_mean_field_approximation,Ours mean-field approximation,0.48008,0.025995125,31250,42.14120904376099,156250000.0,170392.4691643163,2.25,0.74032,68.43316951507731,0.25,459.4010774441527,1.25,aggregate_density_broadcasts,proposed_model_based_decentralized_scale,mean_field_density_controller,model_based,proposed,decentralized,0,model_based_tuning_optional,7,False,False,mean_field_density_allocation,0.00464,66,6250,25000,293,0.03872,0.0,-34480.558966069766,0.0287165,573.7437000498176,0.7768,-34427.529967011506,True,1.0,0.03504,14.6,False,0.0,58.026948665188996,2871256.7340259543,0.03504,fleet_ladder_extended,2134.537420613656,0.0512,0.9204554067745162
SP8_MC_fleet_ladder_extended,fleet_ladder_extended,fleet_50000r_12500l_seed10000,10000,centralized_hungarian_expanded,Centralized Hungarian expanded,0.0,1.0,625000000,44.34120904376099,125000000000000.0,nan,15024.0,0.0,nan,0.25,nan,12500.0,global_all_robot_load_slots,baseline_classic_centralized_scale,centralized_expanded_assignment,classic,baseline,centralized,0,none,1,False,False,expanded_slot_hungarian_polynomial_but_scalar,nan,94,12500,50000,414,nan,1.0,-98794.6731055334,nan,60000.0,0.0,-1000000.0,False,0.0,0.0,0.0,True,1.0,nan,nan,0.0,fleet_ladder_extended,3018.691769624716,0.0,nan
SP8_MC_fleet_ladder_extended,fleet_ladder_extended,fleet_50000r_12500l_seed10000,10000,centralized_coalition_oracle,Centralized coalition oracle,0.0,1.0,625000000,44.34120904376099,3355443200000.0,nan,15024.0,0.0,nan,0.25,nan,12500.0,global_all_subsets,reference_model_based_oracle_centralized_scale,centralized_subset_coalition_search,model_based_oracle,reference,centralized,0,none,2,False,False,exact_like_small_scale_coalition_search_timeout_large,nan,94,12500,50000,414,nan,1.0,-98794.6731055334,nan,60000.0,0.0,-1000000.0,False,0.0,0.0,0.0,True,1.0,nan,nan,0.0,fleet_ladder_extended,3018.691769624716,0.0,nan
SP8_MC_fleet_ladder_extended,fleet_ladder_extended,fleet_50000r_12500l_seed10000,10000,centralized_time_expanded_mpc,Centralized time-expanded MPC,0.0,1.0,625000000,44.34120904376099,1953125000000000.0,nan,250000.0,0.0,nan,0.25,nan,12500.0,global_time_expanded_state,baseline_sota_centralized_scale,centralized_time_expanded_mpc,sota,baseline,centralized,0,none,8,False,False,time_expanded_mpc_timeout_large,nan,94,12500,50000,414,nan,1.0,-98794.6731055334,nan,60000.0,0.0,-1000000.0,False,0.0,0.0,0.0,True,1.0,nan,nan,0.0,fleet_ladder_extended,3018.691769624716,0.0,nan
SP8_MC_fleet_ladder_extended,fleet_ladder_extended,fleet_50000r_12500l_seed10000,10000,classic_local_greedy,Classic local greedy,0.48638,0.027382999999999998,170914,44.34120904376099,625000000.0,487932.058494496,2.5,0.74408,62.273058572721595,0.25,653.6275628432635,3.41828,local_distance_beacons,baseline_classic_decentralized_scale,distributed_nearest_greedy,classic,baseline,decentralized,0,none,2,False,False,nearest_local_greedy,0.0056,94,12500,50000,414,0.03872,0.0,-98794.6731055334,0.033116,1090.6025000149384,0.79312,-98059.01818898955,True,1.0,0.04672,38.93333333333333,False,0.0,52.71748100079784,8170344.535540794,0.04672,fleet_ladder_extended,3018.691769624716,0.06552,0.842305639196205
SP8_MC_fleet_ladder_extended,fleet_ladder_extended,fleet_50000r_12500l_seed10000,10000,cbba_partitioned,CBBA partitioned,0.48638,0.02567025,170914,44.34120904376099,9756025296.523006,490139.0710785137,2.5,0.74096,68.23563370773432,0.25,656.5840487542464,3.41828,zone_auction_bids,baseline_sota_decentralized_scale,partitioned_cbba_auction,sota,baseline,decentralized,0,none,6,False,False,partitioned_cbba_like_auction,0.0056,94,12500,50000,414,0.03872,0.0,-98794.6731055334,0.026265,5667.463299934752,0.77776,-98521.5272064369,True,1.0,0.03536,29.466666666666665,False,0.0,58.08897350943007,8207300.60942808,0.03536,fleet_ladder_extended,3018.691769624716,0.04608,0.9210503863588853
SP8_MC_fleet_ladder_extended,fleet_ladder_extended,fleet_50000r_12500l_seed10000,10000,auction_market_local,Auction market local,0.48638,0.025836,170914,44.34120904376099,9756025296.523006,489713.4152642835,2.5,0.74752,62.58510011371539,0.25,656.0138456539955,3.41828,local_prices_and_bids,baseline_sota_decentralized_scale,local_market_auction,sota,baseline,decentralized,0,none,6,False,False,local_market_auction,0.0056,94,12500,50000,414,0.03872,0.0,-98794.6731055334,0.026928000000000004,1199.1911999648437,0.79712,-98416.2075592993,True,1.0,0.0476,39.666666666666664,False,0.0,52.87411540082553,8200173.070674945,0.0476,fleet_ladder_extended,3018.691769624716,0.06432,0.8471880176170132
SP8_MC_fleet_ladder_extended,fleet_ladder_extended,fleet_50000r_12500l_seed10000,10000,ours_primal_dual_spatial,Ours primal-dual spatial,0.48638,0.009755,170914,44.34120904376099,625000000.0,491908.0578061515,2.5,0.64848,31.257590547247602,0.25,658.953760814273,3.41828,local_deficit_capacity_prices,proposed_model_based_decentralized_scale,distributed_primal_dual_prices,model_based,proposed,decentralized,0,model_based_tuning_optional,9,False,False,spatial_primal_dual_capacity_prices,0.0056,94,12500,50000,414,0.00544,0.0,-98794.6731055334,0.022508,1394.7567999130115,0.7924,-98740.23667894087,True,1.0,0.14256,118.8,False,0.0,44.00263995638685,8236922.010178412,0.14256,fleet_ladder_extended,3018.691769624716,0.18352,0.4997502577898087
SP8_MC_fleet_ladder_extended,fleet_ladder_extended,fleet_50000r_12500l_seed10000,10000,ours_tensor_quorum_flow,Ours tensor quorum flow,0.48638,0.005175,170914,44.34120904376099,995723.0355827609,492719.76545901725,2.5,0.6484,31.26663979502284,0.25,660.0411140341473,3.41828,local_density_tensor_field,proposed_model_based_decentralized_scale,distributed_tensor_quorum_flow,model_based,proposed,decentralized,0,model_based_tuning_optional,11,False,False,tensor_quorum_flow_density_obstacle_aware,0.00024,94,12500,50000,414,0.0008,0.0005858462673756519,-98794.6731055334,0.018972,10463.223100057803,0.7924,-98910.49852822216,True,1.0,0.14392,119.93333333333334,False,0.0,44.01014328194783,8250513.925426841,0.14392,fleet_ladder_extended,3018.691769624716,0.18352,0.4998280981445967
SP8_MC_fleet_ladder_extended,fleet_ladder_extended,fleet_50000r_12500l_seed10000,10000,ours_wrench_market_hierarchical,Ours wrench-market hierarchical,0.48638,0.009202499999999999,172276,44.34120904376099,995723.0355827609,492168.7894940614,2.5,0.63328,30.60034995166678,0.25,659.3030336582226,3.44552,zone_summaries_plus_local_wrench_bids,proposed_model_based_hierarchical_scale,hierarchical_wrench_market,model_based,proposed,hierarchical,0,model_based_tuning_optional,13,False,False,zone_hierarchical_wrench_market,0.0056,94,12500,50000,414,0.00544,0.0,-98794.6731055334,0.020298,1360.1568000158295,0.77584,-98794.6731055334,True,1.0,0.14104,117.53333333333333,False,0.0,44.64084273725353,8241287.920727783,0.14104,fleet_ladder_extended,3018.691769624716,0.18304,0.4976198678942275
SP8_MC_fleet_ladder_extended,fleet_ladder_extended,fleet_50000r_12500l_seed10000,10000,ours_mean_field_approximation,Ours mean-field approximation,0.48638,0.0252835,62500,44.34120904376099,625000000.0,490372.8599474972,2.5,0.73992,68.05930460574052,0.25,656.8972293415706,1.25,aggregate_density_broadcasts,proposed_model_based_decentralized_scale,mean_field_density_controller,model_based,proposed,decentralized,0,model_based_tuning_optional,7,False,False,mean_field_density_allocation,0.0056,94,12500,50000,414,0.03872,0.0,-98794.6731055334,0.024718,1125.788199948147,0.77736,-98519.69620943553,True,1.0,0.03616,30.133333333333333,False,0.0,58.02306338261974,8211215.366769631,0.03616,fleet_ladder_extended,3018.691769624716,0.0464,0.9191938069054173
SP8_MC_fleet_ladder_extended,fleet_ladder_extended,fleet_5r_1l_seed10001,10001,centralized_hungarian_expanded,Centralized Hungarian expanded,0.4,0.0,5,15.108241808752197,125.0,1.0817000788795093,24.00012,1.0,93.21033013040142,0.2,17.48154431518599,1.0,global_all_robot_load_slots,baseline_classic_centralized_scale,centralized_expanded_assignment,classic,baseline,centralized,0,none,1,False,False,expanded_slot_hungarian_polynomial_but_scalar,0.0,1,1,5,4,0.0,0.9991459350299061,1169.6591818999432,0.0,0.15009997878223658,1.0,-0.21192863176101412,True,1.0,0.0,0.0,False,0.0,37.901810864237135,17.48154431518599,0.0,fleet_ladder_extended,30.186917696247164,0.0,0.9479381715826514
SP8_MC_fleet_ladder_extended,fleet_ladder_extended,fleet_5r_1l_seed10001,10001,centralized_coalition_oracle,Centralized coalition oracle,0.4,0.0,5,15.108241808752197,32.0,1.7458456211051128,24.00012,0.0,1.1890326625554157,0.2,28.214916674904003,1.0,global_all_subsets,reference_model_based_oracle_centralized_scale,centralized_subset_coalition_search,model_based_oracle,reference,centralized,0,none,2,False,False,exact_like_small_scale_coalition_search_timeout_large,0.0,1,1,5,4,0.0,0.0,1169.6591818999432,0.0,0.23909995798021555,1.0,1169.6591818999432,True,1.0,1.0,0.46153846153846156,False,0.0,4.36962373787707,28.214916674904003,1.0,fleet_ladder_extended,30.186917696247164,1.0,0.055615423432959755
SP8_MC_fleet_ladder_extended,fleet_ladder_extended,fleet_5r_1l_seed10001,10001,centralized_time_expanded_mpc,Centralized time-expanded MPC,0.4,0.0,5,15.108241808752197,1728.0,1.760671041934787,0.002304,0.0,1.1890326625554157,0.2,28.45451289596899,1.0,global_time_expanded_state,baseline_sota_centralized_scale,centralized_time_expanded_mpc,sota,baseline,centralized,0,none,8,False,False,time_expanded_mpc_timeout_large,0.0,1,1,5,4,0.0,1.1863591094407733e-06,1169.6591818999432,0.0,0.1404000213369727,1.0,1169.6564054452272,True,1.0,1.0,0.46153846153846156,False,0.0,4.36962373787707,28.45451289596899,1.0,fleet_ladder_extended,30.186917696247164,1.0,0.055615423432959755
SP8_MC_fleet_ladder_extended,fleet_ladder_extended,fleet_5r_1l_seed10001,10001,classic_local_greedy,Classic local greedy,0.4,0.0,14,15.108241808752197,5.0,1.7424979454338965,2.000048,1.0,82.90248889502993,0.2,28.16081430240546,2.8,local_distance_beacons,baseline_classic_decentralized_scale,distributed_nearest_greedy,classic,baseline,decentralized,0,none,2,False,False,nearest_local_greedy,0.0,1,1,5,4,0.0,0.9991460310999778,1169.6591818999432,0.0,0.11989998165518045,1.0,-0.3436496716105207,True,1.0,0.0,0.0,False,0.0,53.64319382109831,28.16081430240546,0.0,fleet_ladder_extended,30.186917696247164,0.0,0.9914107077084897
SP8_MC_fleet_ladder_extended,fleet_ladder_extended,fleet_5r_1l_seed10001,10001,cbba_partitioned,CBBA partitioned,0.4,0.0,14,15.108241808752197,11.60964047443681,1.7499106558487332,2.000048,1.0,82.90248889502993,0.2,28.28061241293795,2.8,zone_auction_bids,baseline_sota_decentralized_scale,partitioned_cbba_auction,sota,baseline,decentralized,0,none,6,False,False,partitioned_cbba_like_auction,0.0,1,1,5,4,0.0,0.9991460322300256,1169.6591818999432,0.0,0.2319000195711851,1.0,-0.34519924897482657,True,1.0,0.0,0.0,False,0.0,53.64319382109831,28.28061241293795,0.0,fleet_ladder_extended,30.186917696247164,0.0,0.9914107077084897
SP8_MC_fleet_ladder_extended,fleet_ladder_extended,fleet_5r_1l_seed10001,10001,auction_market_local,Auction market local,0.4,0.0,14,15.108241808752197,11.60964047443681,1.7491932967763295,2.000048,1.0,82.90248889502993,0.2,28.269019047402548,2.8,local_prices_and_bids,baseline_sota_decentralized_scale,local_market_auction,sota,baseline,decentralized,0,none,6,False,False,local_market_auction,0.0,1,1,5,4,0.0,0.9991460320503938,1169.6591818999432,0.0,0.12470001820474863,1.0,-0.3449529285870353,True,1.0,0.0,0.0,False,0.0,53.64319382109831,28.269019047402548,0.0,fleet_ladder_extended,30.186917696247164,0.0,0.9914107077084897
SP8_MC_fleet_ladder_extended,fleet_ladder_extended,fleet_5r_1l_seed10001,10001,ours_primal_dual_spatial,Ours primal-dual spatial,0.4,0.0,14,15.108241808752197,5.0,1.7539756905923534,2.000048,0.0,1.1890326625554157,0.2,28.346308150971897,2.8,local_deficit_capacity_prices,proposed_model_based_decentralized_scale,distributed_primal_dual_prices,model_based,proposed,decentralized,0,model_based_tuning_optional,9,False,False,spatial_primal_dual_capacity_prices,0.0,1,1,5,4,0.0,2.1648801512545274e-06,1169.6591818999432,0.0,0.12890005018562078,1.0,1169.6541154021381,True,1.0,1.0,0.46153846153846156,False,0.0,4.36962373787707,28.346308150971897,1.0,fleet_ladder_extended,30.186917696247164,1.0,0.055615423432959755
SP8_MC_fleet_ladder_extended,fleet_ladder_extended,fleet_5r_1l_seed10001,10001,ours_tensor_quorum_flow,Ours tensor quorum flow,0.4,0.0,14,15.108241808752197,15.509775004326936,1.7578016056451724,2.000048,0.0,1.1890326625554157,0.2,28.40813943382738,2.8,local_density_tensor_field,proposed_model_based_decentralized_scale,distributed_tensor_quorum_flow,model_based,proposed,decentralized,0,model_based_tuning_optional,11,False,False,tensor_quorum_flow_density_obstacle_aware,0.0,1,1,5,4,0.0,2.5322572121212156e-06,1169.6591818999432,0.0,0.24669989943504333,1.0,1169.6532556268946,True,1.0,1.0,0.46153846153846156,False,0.0,4.36962373787707,28.40813943382738,1.0,fleet_ladder_extended,30.186917696247164,1.0,0.055615423432959755
SP8_MC_fleet_ladder_extended,fleet_ladder_extended,fleet_5r_1l_seed10001,10001,ours_wrench_market_hierarchical,Ours wrench-market hierarchical,0.4,0.0,15,15.108241808752197,15.509775004326936,1.7563668875003655,2.000048,0.0,1.1890326625554157,0.2,28.38495270275657,3.0,zone_summaries_plus_local_wrench_bids,proposed_model_based_hierarchical_scale,hierarchical_wrench_market,model_based,proposed,hierarchical,0,model_based_tuning_optional,13,False,False,zone_hierarchical_wrench_market,0.0,1,1,5,4,0.0,2.547195112455373e-06,1169.6591818999432,0.0,0.15989993698894978,1.0,1169.6532206676297,True,1.0,1.0,0.46153846153846156,False,0.0,4.36962373787707,28.38495270275657,1.0,fleet_ladder_extended,30.186917696247164,1.0,0.055615423432959755
SP8_MC_fleet_ladder_extended,fleet_ladder_extended,fleet_5r_1l_seed10001,10001,ours_mean_field_approximation,Ours mean-field approximation,0.4,0.0,6,15.108241808752197,5.0,1.7515844936843417,2.000048,1.0,82.90248889502993,0.2,28.307663599187222,1.2,aggregate_density_broadcasts,proposed_model_based_decentralized_scale,mean_field_density_controller,model_based,proposed,decentralized,0,model_based_tuning_optional,7,False,False,mean_field_density_allocation,0.0,1,1,5,4,0.0,0.9991460300599686,1169.6591818999432,0.0,0.13159995432943106,1.0,-0.34222356314457614,True,1.0,0.0,0.0,False,0.0,53.64319382109831,28.307663599187222,0.0,fleet_ladder_extended,30.186917696247164,0.0,0.9914107077084897
SP8_MC_fleet_ladder_extended,fleet_ladder_extended,fleet_10r_2l_seed10001,10001,centralized_hungarian_expanded,Centralized Hungarian expanded,0.5,0.0,20,17.308241808752197,1000.0,2.079066608879962,24.00048,1.0,46.93653552902157,0.2,17.049655503405617,2.0,global_all_robot_load_slots,baseline_classic_centralized_scale,centralized_expanded_assignment,classic,baseline,centralized,0,none,1,False,False,expanded_slot_hungarian_polynomial_but_scalar,0.0,1,2,10,6,0.0,0.9982931541447457,584.4586766069262,0.0,0.1186000881716609,1.0,-0.4173103321699065,True,1.0,0.0,0.0,False,0.0,22.859490837657248,34.099311006811234,0.0,fleet_ladder_extended,42.69074841227312,0.0,0.5252549800823113
SP8_MC_fleet_ladder_extended,fleet_ladder_extended,fleet_10r_2l_seed10001,10001,centralized_coalition_oracle,Centralized coalition oracle,0.5,0.0,20,17.308241808752197,2048.0,2.708571418203484,24.00048,0.5,6.559137392284597,0.2,22.21199137608124,2.0,global_all_subsets,reference_model_based_oracle_centralized_scale,centralized_subset_coalition_search,model_based_oracle,reference,centralized,0,none,2,False,False,exact_like_small_scale_coalition_search_timeout_large,0.0,1,2,10,6,0.0,0.0,584.4586766069262,0.0,0.23560004774481058,1.0,584.4586766069262,True,1.0,0.5,0.46153846153846156,False,0.0,12.642948044691124,44.42398275216248,0.5,fleet_ladder_extended,42.69074841227312,0.5,0.17097247273971444
SP8_MC_fleet_ladder_extended,fleet_ladder_extended,fleet_10r_2l_seed10001,10001,centralized_time_expanded_mpc,Centralized time-expanded MPC,0.5,0.0,20,17.308241808752197,13824.0,2.7147363111929685,0.009216,0.5,6.559137392284597,0.2,22.26254738099091,2.0,global_time_expanded_state,baseline_sota_centralized_scale,centralized_time_expanded_mpc,sota,baseline,centralized,0,none,8,False,False,time_expanded_mpc_timeout_large,0.0,1,2,10,6,0.0,1.0243846243681222e-06,584.4586766069262,0.0,0.2207000507041812,1.0,584.4574781628055,True,1.0,0.5,0.46153846153846156,False,0.0,12.642948044691124,44.52509476198182,0.5,fleet_ladder_extended,42.69074841227312,0.5,0.17097247273971444
SP8_MC_fleet_ladder_extended,fleet_ladder_extended,fleet_10r_2l_seed10001,10001,classic_local_greedy,Classic local greedy,0.5,0.0,34,17.308241808752197,20.0,2.430270196784525,2.000096,1.0,40.3788899776684,0.2,19.929746097789522,3.4,local_distance_beacons,baseline_classic_decentralized_scale,distributed_nearest_greedy,classic,baseline,decentralized,0,none,2,False,False,nearest_local_greedy,0.0,1,2,10,6,0.0,0.9982933720124252,584.4586766069262,0.0,0.1892000436782837,1.0,-0.4921031063906268,True,1.0,0.0,0.0,False,0.0,5.164436672403497,39.859492195579044,0.0,fleet_ladder_extended,42.69074841227312,0.0,0.40621316160891724
SP8_MC_fleet_ladder_extended,fleet_ladder_extended,fleet_10r_2l_seed10001,10001,cbba_partitioned,CBBA partitioned,0.5,0.0,34,17.308241808752197,66.43856189774725,2.4333526432792665,2.000096,1.0,40.3788899776684,0.2,19.955024100244355,3.4,zone_auction_bids,baseline_sota_decentralized_scale,partitioned_cbba_auction,sota,baseline,decentralized,0,none,6,False,False,partitioned_cbba_like_auction,0.0,1,2,10,6,0.0,0.9982933747364746,584.4586766069262,0.0,0.5177999846637249,1.0,-0.4930383783905283,True,1.0,0.0,0.0,False,0.0,5.164436672403497,39.91004820048871,0.0,fleet_ladder_extended,42.69074841227312,0.0,0.40621316160891724
SP8_MC_fleet_ladder_extended,fleet_ladder_extended,fleet_10r_2l_seed10001,10001,auction_market_local,Auction market local,0.5,0.0,34,17.308241808752197,66.43856189774725,2.433054342005582,2.000096,1.0,40.3788899776684,0.2,19.952577841942276,3.4,local_prices_and_bids,baseline_sota_decentralized_scale,local_market_auction,sota,baseline,decentralized,0,none,6,False,False,local_market_auction,0.0,1,2,10,6,0.0,0.9982933736730649,584.4586766069262,0.0,0.21139997988939285,1.0,-0.49267326818650403,True,1.0,0.0,0.0,False,0.0,5.164436672403497,39.90515568388455,0.0,fleet_ladder_extended,42.69074841227312,0.0,0.40621316160891724
SP8_MC_fleet_ladder_extended,fleet_ladder_extended,fleet_10r_2l_seed10001,10001,ours_primal_dual_spatial,Ours primal-dual spatial,0.5,0.0,34,17.308241808752197,20.0,2.711952165971911,2.000096,0.5,6.559137392284597,0.2,22.239715636838156,3.4,local_deficit_capacity_prices,proposed_model_based_decentralized_scale,distributed_primal_dual_prices,model_based,proposed,decentralized,0,model_based_tuning_optional,9,False,False,spatial_primal_dual_capacity_prices,0.0,1,2,10,6,0.0,5.546475728664509e-06,584.4586766069262,0.0,0.4591000033542514,1.0,584.4521877247125,True,1.0,0.5,0.46153846153846156,False,0.0,12.642948044691124,44.47943127367631,0.5,fleet_ladder_extended,42.69074841227312,0.5,0.17097247273971444
SP8_MC_fleet_ladder_extended,fleet_ladder_extended,fleet_10r_2l_seed10001,10001,ours_tensor_quorum_flow,Ours tensor quorum flow,0.5,0.0,34,17.308241808752197,43.01955000865387,2.713543106098229,2.000096,0.5,6.559137392284597,0.2,22.252762347782586,3.4,local_density_tensor_field,proposed_model_based_decentralized_scale,distributed_tensor_quorum_flow,model_based,proposed,decentralized,0,model_based_tuning_optional,11,False,False,tensor_quorum_flow_density_obstacle_aware,0.0,1,2,10,6,0.0,5.89224860415657e-06,584.4586766069262,0.0,0.5505000008270144,1.0,584.4517832036524,True,1.0,0.5,0.46153846153846156,False,0.0,12.642948044691124,44.50552469556517,0.5,fleet_ladder_extended,42.69074841227312,0.5,0.17097247273971444
SP8_MC_fleet_ladder_extended,fleet_ladder_extended,fleet_10r_2l_seed10001,10001,ours_wrench_market_hierarchical,Ours wrench-market hierarchical,0.5,0.0,34,17.308241808752197,43.01955000865387,2.7129465035508593,2.000096,0.5,6.559137392284597,0.2,22.247869831178424,3.4,zone_summaries_plus_local_wrench_bids,proposed_model_based_hierarchical_scale,hierarchical_wrench_market,model_based,proposed,hierarchical,0,model_based_tuning_optional,13,False,False,zone_hierarchical_wrench_market,0.0,1,2,10,6,0.0,5.5510065359913305e-06,584.4586766069262,0.0,0.26869995053857565,1.0,584.4521824241012,True,1.0,0.5,0.46153846153846156,False,0.0,12.642948044691124,44.49573966235685,0.5,fleet_ladder_extended,42.69074841227312,0.5,0.17097247273971444
SP8_MC_fleet_ladder_extended,fleet_ladder_extended,fleet_10r_2l_seed10001,10001,ours_mean_field_approximation,Ours mean-field approximation,0.5,0.0,12,17.308241808752197,20.0,2.4340486795845306,2.000096,1.0,40.3788899776684,0.2,19.960732036282543,1.2,aggregate_density_broadcasts,proposed_model_based_decentralized_scale,mean_field_density_controller,model_based,proposed,decentralized,0,model_based_tuning_optional,7,False,False,mean_field_density_allocation,0.0,1,2,10,6,0.0,0.9982933486140823,584.4586766069262,0.0,0.2120999852195382,1.0,-0.4840696688560006,True,1.0,0.0,0.0,False,0.0,5.164436672403497,39.92146407256509,0.0,fleet_ladder_extended,42.69074841227312,0.0,0.40621316160891724
SP8_MC_fleet_ladder_extended,fleet_ladder_extended,fleet_25r_6l_seed10001,10001,centralized_hungarian_expanded,Centralized Hungarian expanded,0.48,0.0,150,20.216483617504394,15625.0,8.516531831496964,24.0036,0.8333333333333334,34.02349509608302,0.24,22.071171469436447,6.0,global_all_robot_load_slots,baseline_classic_centralized_scale,centralized_expanded_assignment,classic,baseline,centralized,0,none,1,False,False,expanded_slot_hungarian_polynomial_but_scalar,0.0,2,6,25,9,0.0,0.5011807606242525,582.8879214624048,0.0,0.05709996912628412,1.0,193.35081855423144,True,1.0,0.16666666666666666,0.4363636363636364,False,0.0,24.650432716168677,132.42702881661867,0.16666666666666666,fleet_ladder_extended,67.5,0.16666666666666666,0.4202752302850566
SP8_MC_fleet_ladder_extended,fleet_ladder_extended,fleet_25r_6l_seed10001,10001,centralized_coalition_oracle,Centralized coalition oracle,0.48,0.0,150,20.216483617504394,201326592.0,11.70100194759385,24.0036,0.3333333333333333,28.349067357704726,0.24,30.32394235813709,6.0,global_all_subsets,reference_model_based_oracle_centralized_scale,centralized_subset_coalition_search,model_based_oracle,reference,centralized,0,none,2,False,False,exact_like_small_scale_coalition_search_timeout_large,0.0,2,6,25,9,0.0,0.16680227631008163,582.8879214624048,0.0,0.5855000345036387,0.6666666666666666,416.0894239835129,True,1.0,0.3333333333333333,0.8727272727272728,False,0.0,12.54799609480344,181.94365414882253,0.3333333333333333,fleet_ladder_extended,67.5,0.5,0.31169528313070244
SP8_MC_fleet_ladder_extended,fleet_ladder_extended,fleet_25r_6l_seed10001,10001,centralized_time_expanded_mpc,Centralized time-expanded MPC,0.48,0.0,150,20.216483617504394,238328.0,11.778586603130002,0.061504,0.3333333333333333,28.349067357704726,0.24,30.525008269662553,6.0,global_time_expanded_state,baseline_sota_centralized_scale,centralized_time_expanded_mpc,sota,baseline,centralized,0,none,8,False,False,time_expanded_mpc_timeout_large,0.0,2,6,25,9,0.0,0.1668191838394934,582.8879214624048,0.0,0.5986999021843076,0.6666666666666666,416.07493403801544,True,1.0,0.3333333333333333,0.8727272727272728,False,0.0,12.54799609480344,183.15004961797533,0.3333333333333333,fleet_ladder_extended,67.5,0.5,0.31169528313070244
SP8_MC_fleet_ladder_extended,fleet_ladder_extended,fleet_25r_6l_seed10001,10001,classic_local_greedy,Classic local greedy,0.48,0.0,84,20.216483617504394,150.0,11.376960163150313,2.000248,1.0,57.49771271436962,0.24,29.48416603495527,3.36,local_distance_beacons,baseline_classic_decentralized_scale,distributed_nearest_greedy,classic,baseline,decentralized,0,none,2,False,False,nearest_local_greedy,0.0,2,6,25,9,0.0,0.9982936460118393,582.8879214624048,0.0,0.4878999898210168,1.0,-2.1569478545066003,True,1.0,0.0,0.0,False,0.0,29.633879515036863,176.90499620973162,0.0,fleet_ladder_extended,67.5,0.0,0.6756070152333508
SP8_MC_fleet_ladder_extended,fleet_ladder_extended,fleet_25r_6l_seed10001,10001,cbba_partitioned,CBBA partitioned,0.48,0.0,84,20.216483617504394,696.5784284662087,10.616344735630527,2.000248,1.0,40.64890760523239,0.24,27.51297942340507,3.36,zone_auction_bids,baseline_sota_decentralized_scale,partitioned_cbba_auction,sota,baseline,decentralized,0,none,6,False,False,partitioned_cbba_like_auction,0.0,2,6,25,9,0.0,0.9982932351194542,582.8879214624048,0.0,1.3268999755382538,1.0,-2.0158614184607035,True,1.0,0.0,0.0,False,0.0,32.61941974979675,165.07787654043042,0.0,fleet_ladder_extended,67.5,0.0,0.5137805203826679
SP8_MC_fleet_ladder_extended,fleet_ladder_extended,fleet_25r_6l_seed10001,10001,auction_market_local,Auction market local,0.48,0.0,84,20.216483617504394,696.5784284662087,11.41199839468277,2.000248,1.0,57.49771271436962,0.24,29.574969994999034,3.36,local_prices_and_bids,baseline_sota_decentralized_scale,local_market_auction,sota,baseline,decentralized,0,none,6,False,False,local_market_auction,0.0,2,6,25,9,0.0,0.9982936650211253,582.8879214624048,0.0,0.47880003694444895,1.0,-2.1634766396768748,True,1.0,0.0,0.0,False,0.0,29.633879515036863,177.4498199699942,0.0,fleet_ladder_extended,67.5,0.0,0.6756070152333508
SP8_MC_fleet_ladder_extended,fleet_ladder_extended,fleet_25r_6l_seed10001,10001,ours_primal_dual_spatial,Ours primal-dual spatial,0.48,0.0,84,20.216483617504394,150.0,11.743548371597544,2.000248,0.3333333333333333,28.349067357704726,0.24,30.434204309618792,3.36,local_deficit_capacity_prices,proposed_model_based_decentralized_scale,distributed_primal_dual_prices,model_based,proposed,decentralized,0,model_based_tuning_optional,9,False,False,spatial_primal_dual_capacity_prices,0.0,2,6,25,9,0.0,0.16678071121762045,582.8879214624048,0.0,0.5644999910145998,0.6666666666666666,416.10790612304976,True,1.0,0.3333333333333333,0.8727272727272728,False,0.0,12.54799609480344,182.60522585771275,0.3333333333333333,fleet_ladder_extended,67.5,0.5,0.31169528313070244
SP8_MC_fleet_ladder_extended,fleet_ladder_extended,fleet_25r_6l_seed10001,10001,ours_tensor_quorum_flow,Ours tensor quorum flow,0.48,0.0,84,20.216483617504394,153.58008562199313,11.992631917708401,2.000248,0.5,28.349067357704726,0.24,31.079721260086373,3.36,local_density_tensor_field,proposed_model_based_decentralized_scale,distributed_tensor_quorum_flow,model_based,proposed,decentralized,0,model_based_tuning_optional,11,False,False,tensor_quorum_flow_density_obstacle_aware,0.0,2,6,25,9,0.0,0.16683718721372615,582.8879214624048,0.0,2.487999969162047,0.8333333333333334,416.05950540263797,True,1.0,0.3333333333333333,0.8727272727272728,False,0.0,12.54799609480344,186.47832756051824,0.3333333333333333,fleet_ladder_extended,67.5,0.5,0.31169528313070244
SP8_MC_fleet_ladder_extended,fleet_ladder_extended,fleet_25r_6l_seed10001,10001,ours_wrench_market_hierarchical,Ours wrench-market hierarchical,0.48,0.0,85,20.216483617504394,153.58008562199313,11.13375735265863,2.000248,0.5,28.349067357704723,0.24,28.853889410806577,3.4,zone_summaries_plus_local_wrench_bids,proposed_model_based_hierarchical_scale,hierarchical_wrench_market,model_based,proposed,hierarchical,0,model_based_tuning_optional,13,False,False,zone_hierarchical_wrench_market,0.0,2,6,25,9,0.0,0.0,582.8879214624048,0.0,0.5985000170767307,1.0,582.8879214624048,True,1.0,0.5,1.309090909090909,False,0.0,12.547996094803445,173.12333646483947,0.5,fleet_ladder_extended,67.5,0.5,0.31169528313070244
SP8_MC_fleet_ladder_extended,fleet_ladder_extended,fleet_25r_6l_seed10001,10001,ours_mean_field_approximation,Ours mean-field approximation,0.48,0.0,31,20.216483617504394,150.0,10.459806772097053,2.000248,0.8333333333333334,46.85644325275419,0.24,27.107300644415947,1.24,aggregate_density_broadcasts,proposed_model_based_decentralized_scale,mean_field_density_controller,model_based,proposed,decentralized,0,model_based_tuning_optional,7,False,False,mean_field_density_allocation,0.0,2,6,25,9,0.0,0.9119429308182067,582.8879214624048,0.0,0.5026999861001968,0.8333333333333334,26.368704986949282,True,1.0,0.0,0.0,False,0.0,24.485464925671845,162.6438038664957,0.0,fleet_ladder_extended,67.5,0.16666666666666666,0.5131796250161516
SP8_MC_fleet_ladder_extended,fleet_ladder_extended,fleet_50r_12l_seed10001,10001,centralized_hungarian_expanded,Centralized Hungarian expanded,0.5,0.003590909090909091,600,22.416483617504394,125000.0,23.553042444873714,24.0144,0.6666666666666666,43.67693066034534,0.24,31.18129219365653,12.0,global_all_robot_load_slots,baseline_classic_centralized_scale,centralized_expanded_assignment,classic,baseline,centralized,0,none,1,False,False,expanded_slot_hungarian_polynomial_but_scalar,0.0,3,12,50,13,0.0,0.9948903593082639,189.5471913644029,0.014363636363636363,0.27089996729046106,0.6666666666666666,-5.161286066762922,True,1.0,0.0,0.0,False,0.0,44.281959756982786,374.1755063238784,0.0,fleet_ladder_extended,95.45941546018392,0.0,0.5728547491251866
SP8_MC_fleet_ladder_extended,fleet_ladder_extended,fleet_50r_12l_seed10001,10001,centralized_coalition_oracle,Centralized coalition oracle,0.5,0.0033446969696969697,600,22.416483617504394,3221225472.0,28.55732308414969,24.0144,0.75,23.828198462505863,0.24,37.80633595169911,12.0,global_all_subsets,reference_model_based_oracle_centralized_scale,centralized_subset_coalition_search,model_based_oracle,reference,centralized,0,none,2,False,False,exact_like_small_scale_coalition_search_timeout_large,0.0,3,12,50,13,0.0,0.0016702830747265703,189.5471913644029,0.013378787878787879,1.139200059697032,0.9166666666666666,188.913384786532,True,1.0,0.16666666666666666,0.8059594091304639,False,0.0,44.18151235827289,453.67603142038934,0.16666666666666666,fleet_ladder_extended,95.45941546018392,0.16666666666666666,0.40701429461270217
SP8_MC_fleet_ladder_extended,fleet_ladder_extended,fleet_50r_12l_seed10001,10001,centralized_time_expanded_mpc,Centralized time-expanded MPC,0.5,0.0018181818181818182,600,22.416483617504394,1906624.0,28.53623035748152,0.246016,0.75,23.828198462505863,0.24,37.77841181090327,12.0,global_time_expanded_state,baseline_sota_centralized_scale,centralized_time_expanded_mpc,sota,baseline,centralized,0,none,8,False,False,time_expanded_mpc_timeout_large,0.0,3,12,50,13,0.0,0.0011761045174893416,189.5471913644029,0.007272727272727273,1.0411000112071633,0.9166666666666666,189.1006857810369,True,1.0,0.16666666666666666,0.8059594091304639,False,0.0,44.18151235827289,453.34094173083923,0.16666666666666666,fleet_ladder_extended,95.45941546018392,0.16666666666666666,0.40701429461270217
SP8_MC_fleet_ladder_extended,fleet_ladder_extended,fleet_50r_12l_seed10001,10001,classic_local_greedy,Classic local greedy,0.5,0.0036893939393939394,174,22.416483617504394,600.0,29.402963835288546,2.000496,0.8333333333333334,42.83096356860573,0.24,38.9258588929004,3.48,local_distance_beacons,baseline_classic_decentralized_scale,distributed_nearest_greedy,classic,baseline,decentralized,0,none,2,False,False,nearest_local_greedy,0.0,3,12,50,13,0.0,0.34819376594378265,189.5471913644029,0.014757575757575758,0.9391000494360924,0.9166666666666666,91.38140994664565,True,1.0,0.08333333333333333,0.40297970456523197,False,0.0,60.47914981349438,467.11030671480484,0.08333333333333333,fleet_ladder_extended,95.45941546018392,0.08333333333333333,0.6367786897547326
SP8_MC_fleet_ladder_extended,fleet_ladder_extended,fleet_50r_12l_seed10001,10001,cbba_partitioned,CBBA partitioned,0.5,0.0029261363636363634,174,22.416483617504394,3386.3137138648344,26.91512698928237,2.000496,0.75,39.795588904829785,0.24,35.63227302996882,3.48,zone_auction_bids,baseline_sota_decentralized_scale,partitioned_cbba_auction,sota,baseline,decentralized,0,none,6,False,False,partitioned_cbba_like_auction,0.0,3,12,50,13,0.0,0.34550376030979385,189.5471913644029,0.011704545454545454,3.159099956974387,0.8333333333333334,91.94505722009116,True,1.0,0.08333333333333333,0.40297970456523197,False,0.0,49.28972249746968,427.5872763596259,0.08333333333333333,fleet_ladder_extended,95.45941546018392,0.08333333333333333,0.5823642319462301
SP8_MC_fleet_ladder_extended,fleet_ladder_extended,fleet_50r_12l_seed10001,10001,auction_market_local,Auction market local,0.5,0.003,174,22.416483617504394,3386.3137138648344,29.393438087760984,2.000496,0.8333333333333334,42.83096356860573,0.24,38.913247990605505,3.48,local_prices_and_bids,baseline_sota_decentralized_scale,local_market_auction,sota,baseline,decentralized,0,none,6,False,False,local_market_auction,0.0,3,12,50,13,0.0,0.34778960469107084,189.5471913644029,0.012,0.9405000600963831,0.9166666666666666,91.46595178929272,True,1.0,0.08333333333333333,0.40297970456523197,False,0.0,60.47914981349438,466.9589758872661,0.08333333333333333,fleet_ladder_extended,95.45941546018392,0.08333333333333333,0.6367786897547326
SP8_MC_fleet_ladder_extended,fleet_ladder_extended,fleet_50r_12l_seed10001,10001,ours_primal_dual_spatial,Ours primal-dual spatial,0.5,0.0025075757575757575,174,22.416483617504394,600.0,28.545756105009083,2.000496,0.75,23.828198462505863,0.24,37.79102271319817,3.48,local_deficit_capacity_prices,proposed_model_based_decentralized_scale,distributed_primal_dual_prices,model_based,proposed,decentralized,0,model_based_tuning_optional,9,False,False,spatial_primal_dual_capacity_prices,0.0,3,12,50,13,0.0,0.0009518437604140009,189.5471913644029,0.01003030303030303,1.8387000309303403,0.9166666666666666,189.18574493835942,True,1.0,0.16666666666666666,0.8059594091304639,False,0.0,44.18151235827289,453.492272558378,0.16666666666666666,fleet_ladder_extended,95.45941546018392,0.16666666666666666,0.40701429461270217
SP8_MC_fleet_ladder_extended,fleet_ladder_extended,fleet_50r_12l_seed10001,10001,ours_tensor_quorum_flow,Ours tensor quorum flow,0.5,0.0021136363636363635,174,22.416483617504394,369.16017124398627,27.562901203046508,2.000496,0.6666666666666666,23.828198462495624,0.24,36.48984534072955,3.48,local_density_tensor_field,proposed_model_based_decentralized_scale,distributed_tensor_quorum_flow,model_based,proposed,decentralized,0,model_based_tuning_optional,11,False,False,tensor_quorum_flow_density_obstacle_aware,0.0,3,12,50,13,0.0,0.00034264533500711155,189.5471913644029,0.008454545454545454,5.227499990724027,0.8333333333333334,189.41699840730786,True,1.0,0.16666666666666666,0.8059594091304639,False,0.0,44.18151235828148,437.8781440887546,0.16666666666666666,fleet_ladder_extended,95.45941546018392,0.16666666666666666,0.40701429461266914
SP8_MC_fleet_ladder_extended,fleet_ladder_extended,fleet_50r_12l_seed10001,10001,ours_wrench_market_hierarchical,Ours wrench-market hierarchical,0.5,0.0022613636363636364,174,22.416483617504394,369.16017124398627,26.808906236528824,2.000496,0.5833333333333334,22.758401655681116,0.24,35.49164999426588,3.48,zone_summaries_plus_local_wrench_bids,proposed_model_based_hierarchical_scale,hierarchical_wrench_market,model_based,proposed,hierarchical,0,model_based_tuning_optional,13,False,False,zone_hierarchical_wrench_market,0.0,3,12,50,13,0.0,0.0,189.5471913644029,0.009045454545454546,1.0474000591784716,0.75,189.5471913644029,True,1.0,0.16666666666666666,0.8059594091304639,False,0.0,44.631711640300466,425.89979993119056,0.16666666666666666,fleet_ladder_extended,95.45941546018392,0.16666666666666666,0.40555292239517454
SP8_MC_fleet_ladder_extended,fleet_ladder_extended,fleet_50r_12l_seed10001,10001,ours_mean_field_approximation,Ours mean-field approximation,0.5,0.002753787878787879,62,22.416483617504394,600.0,28.00413233389702,2.000496,0.6666666666666666,38.496142664319265,0.24,37.073980356330544,1.24,aggregate_density_broadcasts,proposed_model_based_decentralized_scale,mean_field_density_controller,model_based,proposed,decentralized,0,model_based_tuning_optional,7,False,False,mean_field_density_allocation,0.0,3,12,50,13,0.0,0.3461705978362719,189.5471913644029,0.011015151515151516,0.9701000526547432,0.75,91.8051221831812,True,1.0,0.08333333333333333,0.40297970456523197,False,0.0,51.208219926225695,444.8877642759665,0.08333333333333333,fleet_ladder_extended,95.45941546018392,0.08333333333333333,0.5789615293285714
SP8_MC_fleet_ladder_extended,fleet_ladder_extended,fleet_100r_25l_seed10001,10001,centralized_hungarian_expanded,Centralized Hungarian expanded,0.48,0.04232,2500,24.616483617504393,1000000.0,53.70955941063004,24.06,0.6,34.431607007344844,0.25,36.98855103264622,25.0,global_all_robot_load_slots,baseline_classic_centralized_scale,centralized_expanded_assignment,classic,baseline,centralized,0,none,1,False,False,expanded_slot_hungarian_polynomial_but_scalar,0.0,4,25,100,18,0.08,0.34944499565769277,173.17030523133624,0.02528,0.1799999736249447,0.68,83.22485469023252,True,1.0,0.08,0.7272727272727273,False,0.0,30.61585550418075,924.7137758161555,0.08,fleet_ladder_extended,135.0,0.12,0.49921614954665094
SP8_MC_fleet_ladder_extended,fleet_ladder_extended,fleet_100r_25l_seed10001,10001,centralized_coalition_oracle,Centralized coalition oracle,0.0,1.0,2500,24.616483617504393,6710886400.0,nan,24.06,0.0,nan,0.25,nan,25.0,global_all_subsets,reference_model_based_oracle_centralized_scale,centralized_subset_coalition_search,model_based_oracle,reference,centralized,0,none,2,False,False,exact_like_small_scale_coalition_search_timeout_large,nan,4,25,100,18,nan,1.0,173.17030523133624,nan,60000.0,0.0,-1000000.0,False,0.0,0.0,0.0,True,1.0,nan,nan,0.0,fleet_ladder_extended,135.0,0.0,nan
SP8_MC_fleet_ladder_extended,fleet_ladder_extended,fleet_100r_25l_seed10001,10001,centralized_time_expanded_mpc,Centralized time-expanded MPC,0.48,0.0032,2500,24.616483617504393,15625000.0,67.56559126856838,1.0,0.6,20.63541360571725,0.25,46.530884783123575,25.0,global_time_expanded_state,baseline_sota_centralized_scale,centralized_time_expanded_mpc,sota,baseline,centralized,0,none,8,False,False,time_expanded_mpc_timeout_large,0.0,4,25,100,18,0.0,0.00380251615986731,173.17030523133624,0.0128,2.19440006185323,0.76,171.85454016500108,True,1.0,0.16,1.4545454545454546,False,0.0,34.86489102927468,1163.2721195780894,0.16,fleet_ladder_extended,135.0,0.16,0.3941481257600643
SP8_MC_fleet_ladder_extended,fleet_ladder_extended,fleet_100r_25l_seed10001,10001,classic_local_greedy,Classic local greedy,0.48,0.04249333333333334,338,24.616483617504393,2500.0,65.0203483241188,2.001,0.68,32.834500319214754,0.25,44.77803390193346,3.38,local_distance_beacons,baseline_classic_decentralized_scale,distributed_nearest_greedy,classic,baseline,decentralized,0,none,2,False,False,nearest_local_greedy,0.0,4,25,100,18,0.08,0.3573259786573079,173.17030523133624,0.025973333333333334,1.8375000217929482,0.76,81.73035232939819,True,1.0,0.08,0.7272727272727273,False,0.0,27.723729454225772,1119.4508475483365,0.08,fleet_ladder_extended,135.0,0.12,0.46854681972118284
SP8_MC_fleet_ladder_extended,fleet_ladder_extended,fleet_100r_25l_seed10001,10001,cbba_partitioned,CBBA partitioned,0.48,0.041150000000000006,338,24.616483617504393,16609.640474436812,64.8135481892489,2.001,0.8,42.63535977384462,0.25,44.63561535621962,3.38,zone_auction_bids,baseline_sota_decentralized_scale,partitioned_cbba_auction,sota,baseline,decentralized,0,none,6,False,False,partitioned_cbba_like_auction,0.0,4,25,100,18,0.08,0.39327395803604887,173.17030523133624,0.0206,8.277600049041212,0.88,75.12783779308506,True,1.0,0.08,0.7272727272727273,False,0.0,34.14628264519377,1115.8903839054904,0.08,fleet_ladder_extended,135.0,0.08,0.598157728324341
SP8_MC_fleet_ladder_extended,fleet_ladder_extended,fleet_100r_25l_seed10001,10001,auction_market_local,Auction market local,0.48,0.041280000000000004,338,24.616483617504393,16609.640474436812,65.39330079866018,2.001,0.72,32.34084754078822,0.25,45.034877782030435,3.38,local_prices_and_bids,baseline_sota_decentralized_scale,local_market_auction,sota,baseline,decentralized,0,none,6,False,False,local_market_auction,0.0,4,25,100,18,0.08,0.3569625075276574,173.17030523133624,0.021120000000000003,1.8397000385448337,0.8,81.79889696535234,True,1.0,0.08,0.7272727272727273,False,0.0,29.12630349859545,1125.8719445507609,0.08,fleet_ladder_extended,135.0,0.12,0.4799028788301296
SP8_MC_fleet_ladder_extended,fleet_ladder_extended,fleet_100r_25l_seed10001,10001,ours_primal_dual_spatial,Ours primal-dual spatial,0.48,0.004413333333333333,338,24.616483617504393,2500.0,67.5600783183576,2.001,0.6,20.63541360571725,0.25,46.52708813979881,3.38,local_deficit_capacity_prices,proposed_model_based_decentralized_scale,distributed_primal_dual_prices,model_based,proposed,decentralized,0,model_based_tuning_optional,9,False,False,spatial_primal_dual_capacity_prices,0.0,4,25,100,18,0.0,0.001718880920031464,173.17030523133624,0.017653333333333333,2.7809999883174896,0.76,172.57429255807205,True,1.0,0.16,1.4545454545454546,False,0.0,34.86489102927468,1163.1772034949704,0.16,fleet_ladder_extended,135.0,0.16,0.3941481257600643
SP8_MC_fleet_ladder_extended,fleet_ladder_extended,fleet_100r_25l_seed10001,10001,ours_tensor_quorum_flow,Ours tensor quorum flow,0.48,0.0037199999999999998,338,24.616483617504393,870.7230355827609,70.00513546313682,2.001,0.64,20.66440337163846,0.25,48.21094334117854,3.38,local_density_tensor_field,proposed_model_based_decentralized_scale,distributed_tensor_quorum_flow,model_based,proposed,decentralized,0,model_based_tuning_optional,11,False,False,tensor_quorum_flow_density_obstacle_aware,0.0,4,25,100,18,0.0,0.0029659355799751897,173.17030523133624,0.014879999999999999,11.955199996009469,0.8,172.1431617976504,True,1.0,0.16,1.4545454545454546,False,0.0,34.86178387476912,1205.2735835294636,0.16,fleet_ladder_extended,135.0,0.16,0.3941672378001403
SP8_MC_fleet_ladder_extended,fleet_ladder_extended,fleet_100r_25l_seed10001,10001,ours_wrench_market_hierarchical,Ours wrench-market hierarchical,0.48,0.00398,342,24.616483617504393,870.7230355827609,64.9150024006667,2.001,0.6,20.202191698911577,0.25,44.70548456232896,3.42,zone_summaries_plus_local_wrench_bids,proposed_model_based_hierarchical_scale,hierarchical_wrench_market,model_based,proposed,hierarchical,0,model_based_tuning_optional,13,False,False,zone_hierarchical_wrench_market,0.0,4,25,100,18,0.0,0.0,173.17030523133624,0.01592,3.649399965070188,0.76,173.17030523133624,True,1.0,0.16,1.4545454545454546,False,0.0,35.0554057877477,1117.6371140582241,0.16,fleet_ladder_extended,135.0,0.16,0.3951093622003914
SP8_MC_fleet_ladder_extended,fleet_ladder_extended,fleet_100r_25l_seed10001,10001,ours_mean_field_approximation,Ours mean-field approximation,0.48,0.04084666666666667,125,24.616483617504393,2500.0,64.32798448456954,2.001,0.84,42.31890740071486,0.25,44.30121868517601,1.25,aggregate_density_broadcasts,proposed_model_based_decentralized_scale,mean_field_density_controller,model_based,proposed,decentralized,0,model_based_tuning_optional,7,False,False,mean_field_density_allocation,0.0,4,25,100,18,0.08,0.7133482529944267,173.17030523133624,0.019386666666666667,2.122199977748096,0.88,28.555912194469446,True,1.0,0.04,0.36363636363636365,False,0.0,28.90021968015193,1107.5304671294002,0.04,fleet_ladder_extended,135.0,0.04,0.5572484894323572
SP8_MC_fleet_ladder_extended,fleet_ladder_extended,fleet_250r_62l_seed10001,10001,centralized_hungarian_expanded,Centralized Hungarian expanded,0.448,0.035347964040190374,15500,27.52472542625659,15625000.0,192.94845143524432,24.372,0.6935483870967742,42.39074335891411,0.248,55.08355570437511,62.0,global_all_robot_load_slots,baseline_classic_centralized_scale,centralized_expanded_assignment,classic,baseline,centralized,0,none,1,False,False,expanded_slot_hungarian_polynomial_but_scalar,0.03225806451612903,7,62,250,29,0.03225806451612903,0.9269333921967369,7.229255519274319,0.044617662612374404,0.7076999172568321,0.7258064516129032,-5.456886893311311,True,1.0,0.03225806451612903,0.6092526107866332,False,0.0,45.03692048434257,3415.1804536712566,0.03225806451612903,fleet_ladder_extended,213.4537420613656,0.08064516129032258,0.6354532732582044
SP8_MC_fleet_ladder_extended,fleet_ladder_extended,fleet_250r_62l_seed10001,10001,centralized_coalition_oracle,Centralized coalition oracle,0.0,1.0,15500,27.52472542625659,16642998272.0,nan,24.372,0.0,nan,0.248,nan,62.0,global_all_subsets,reference_model_based_oracle_centralized_scale,centralized_subset_coalition_search,model_based_oracle,reference,centralized,0,none,2,False,False,exact_like_small_scale_coalition_search_timeout_large,nan,7,62,250,29,nan,1.0,7.229255519274319,nan,60000.0,0.0,-1000000.0,False,0.0,0.0,0.0,True,1.0,nan,nan,0.0,fleet_ladder_extended,213.4537420613656,0.0,nan
SP8_MC_fleet_ladder_extended,fleet_ladder_extended,fleet_250r_62l_seed10001,10001,centralized_time_expanded_mpc,Centralized time-expanded MPC,0.0,1.0,15500,27.52472542625659,242970624.0,nan,6.230016,0.0,nan,0.248,nan,62.0,global_time_expanded_state,baseline_sota_centralized_scale,centralized_time_expanded_mpc,sota,baseline,centralized,0,none,8,False,False,time_expanded_mpc_timeout_large,nan,7,62,250,29,nan,1.0,7.229255519274319,nan,60000.0,0.0,-1000000.0,False,0.0,0.0,0.0,True,1.0,nan,nan,0.0,fleet_ladder_extended,213.4537420613656,0.0,nan
SP8_MC_fleet_ladder_extended,fleet_ladder_extended,fleet_250r_62l_seed10001,10001,classic_local_greedy,Classic local greedy,0.448,0.035653886832363826,796,27.52472542625659,15500.0,216.1817169349931,2.002496,0.8064516129032258,46.128165056280785,0.248,61.716264414035074,3.184,local_distance_beacons,baseline_classic_decentralized_scale,distributed_nearest_greedy,classic,baseline,decentralized,0,none,2,False,False,nearest_local_greedy,0.03225806451612903,7,62,250,29,0.03225806451612903,0.9217599934724544,7.229255519274319,0.04584135378106822,5.90430002193898,0.8709677419354839,-4.551929508463818,True,1.0,0.03225806451612903,0.6092526107866332,False,0.0,46.52853993236702,3826.4083936701745,0.03225806451612903,fleet_ladder_extended,213.4537420613656,0.08064516129032258,0.6674885438691291
SP8_MC_fleet_ladder_extended,fleet_ladder_extended,fleet_250r_62l_seed10001,10001,cbba_partitioned,CBBA partitioned,0.448,0.03328298519301957,796,27.52472542625659,123469.65641226235,219.1906708097755,2.002496,0.8064516129032258,50.646450849565106,0.248,62.57527041869896,3.184,zone_auction_bids,baseline_sota_decentralized_scale,partitioned_cbba_auction,sota,baseline,decentralized,0,none,6,False,False,partitioned_cbba_like_auction,0.03225806451612903,7,62,250,29,0.03225806451612903,0.0,7.229255519274319,0.036357747223691166,16.149000031873584,0.8548387096774194,8.470330294971166,True,1.0,0.04838709677419355,0.9138789161799498,False,0.0,49.85469926379191,3879.666765959336,0.04838709677419355,fleet_ladder_extended,213.4537420613656,0.06451612903225806,0.7164746105613875
SP8_MC_fleet_ladder_extended,fleet_ladder_extended,fleet_250r_62l_seed10001,10001,auction_market_local,Auction market local,0.448,0.033512427287149656,796,27.52472542625659,123469.65641226235,218.28298191193062,2.002496,0.7741935483870968,47.98895999283155,0.248,62.31614042001398,3.184,local_prices_and_bids,baseline_sota_decentralized_scale,local_market_auction,sota,baseline,decentralized,0,none,6,False,False,local_market_auction,0.03225806451612903,7,62,250,29,0.03225806451612903,0.0,7.229255519274319,0.037275515600211535,4.638099926523864,0.8548387096774194,14.130971830544457,True,1.0,0.04838709677419355,0.9138789161799498,False,0.0,45.99254275422154,3863.600706040867,0.04838709677419355,fleet_ladder_extended,213.4537420613656,0.0967741935483871,0.6775617998271566
SP8_MC_fleet_ladder_extended,fleet_ladder_extended,fleet_250r_62l_seed10001,10001,ours_primal_dual_spatial,Ours primal-dual spatial,0.448,0.017466684294024322,796,27.52472542625659,15500.0,223.67403556800832,2.002496,0.8870967741935484,31.02240454514166,0.248,63.85519607016774,3.184,local_deficit_capacity_prices,proposed_model_based_decentralized_scale,distributed_primal_dual_prices,model_based,proposed,decentralized,0,model_based_tuning_optional,9,False,False,spatial_primal_dual_capacity_prices,0.03225806451612903,7,62,250,29,0.0,0.036513760837907104,7.229255519274319,0.03115705975674246,5.54399995598942,0.9354838709677419,6.6846912343627345,True,1.0,0.04838709677419355,0.9138789161799498,False,0.0,47.75033128650568,3959.0221563504,0.04838709677419355,fleet_ladder_extended,213.4537420613656,0.04838709677419355,0.5427791629419484
SP8_MC_fleet_ladder_extended,fleet_ladder_extended,fleet_250r_62l_seed10001,10001,ours_tensor_quorum_flow,Ours tensor quorum flow,0.448,0.006565573770491803,796,27.52472542625659,2585.0454922850217,224.5127193129255,2.002496,0.9032258064516129,31.022404545141637,0.248,64.09462625184507,3.184,local_density_tensor_field,proposed_model_based_decentralized_scale,distributed_tensor_quorum_flow,model_based,proposed,decentralized,0,model_based_tuning_optional,11,False,False,tensor_quorum_flow_density_obstacle_aware,0.0,7,62,250,29,0.0,0.9396533627678921,7.229255519274319,0.026262295081967212,32.876300043426454,0.9354838709677419,-8.34167611613324,True,1.0,0.03225806451612903,0.6092526107866332,False,0.0,47.7503312865057,3973.8668276143944,0.03225806451612903,fleet_ladder_extended,213.4537420613656,0.04838709677419355,0.5427791629419483
SP8_MC_fleet_ladder_extended,fleet_ladder_extended,fleet_250r_62l_seed10001,10001,ours_wrench_market_hierarchical,Ours wrench-market hierarchical,0.448,0.016701877313590692,822,27.52472542625659,2585.0454922850217,221.4922402961671,2.002496,0.8225806451612904,29.52544387783019,0.248,63.23233001191207,3.288,zone_summaries_plus_local_wrench_bids,proposed_model_based_hierarchical_scale,hierarchical_wrench_market,model_based,proposed,hierarchical,0,model_based_tuning_optional,13,False,False,zone_hierarchical_wrench_market,0.03225806451612903,7,62,250,29,0.0,0.0,7.229255519274319,0.02809783183500793,5.768900038674474,0.8709677419354839,7.229255519274319,True,1.0,0.04838709677419355,0.9138789161799498,False,0.0,48.63237775193357,3920.404460738548,0.04838709677419355,fleet_ladder_extended,213.4537420613656,0.04838709677419355,0.5401098307957405
SP8_MC_fleet_ladder_extended,fleet_ladder_extended,fleet_250r_62l_seed10001,10001,ours_mean_field_approximation,Ours mean-field approximation,0.448,0.03274762030671602,312,27.52472542625659,15500.0,217.04514473663758,2.002496,0.7903225806451613,49.69729651982018,0.248,61.96275861004863,1.248,aggregate_density_broadcasts,proposed_model_based_decentralized_scale,mean_field_density_controller,model_based,proposed,decentralized,0,model_based_tuning_optional,7,False,False,mean_field_density_allocation,0.03225806451612903,7,62,250,29,0.03225806451612903,0.0,7.229255519274319,0.034216287678476995,5.024299956858158,0.8387096774193549,9.195007567038452,True,1.0,0.04838709677419355,0.9138789161799498,False,0.0,48.92810367051558,3841.691033823015,0.04838709677419355,fleet_ladder_extended,213.4537420613656,0.06451612903225806,0.7061565019846769
SP8_MC_fleet_ladder_extended,fleet_ladder_extended,fleet_500r_125l_seed10001,10001,centralized_hungarian_expanded,Centralized Hungarian expanded,0.518,0.047761500000000005,62500,29.724725426256594,125000000.0,554.4816260706815,25.5,0.688,41.70108954667788,0.25,73.78612347184374,125.0,global_all_robot_load_slots,baseline_classic_centralized_scale,centralized_expanded_assignment,classic,baseline,centralized,0,none,1,False,False,expanded_slot_hungarian_polynomial_but_scalar,0.008,9,125,500,41,0.08,0.9943958045326096,104.263651681599,0.037446,3.5278000868856907,0.752,-73.17409300785249,True,1.0,0.056,1.802700919089303,False,0.0,43.81127351978706,9223.265433980467,0.056,fleet_ladder_extended,301.8691769624716,0.072,0.5859174336063327
SP8_MC_fleet_ladder_extended,fleet_ladder_extended,fleet_500r_125l_seed10001,10001,centralized_coalition_oracle,Centralized coalition oracle,0.0,1.0,62500,29.724725426256594,33554432000.0,nan,25.5,0.0,nan,0.25,nan,125.0,global_all_subsets,reference_model_based_oracle_centralized_scale,centralized_subset_coalition_search,model_based_oracle,reference,centralized,0,none,2,False,False,exact_like_small_scale_coalition_search_timeout_large,nan,9,125,500,41,nan,1.0,104.263651681599,nan,60000.0,0.0,-1000000.0,False,0.0,0.0,0.0,True,1.0,nan,nan,0.0,fleet_ladder_extended,301.8691769624716,0.0,nan
SP8_MC_fleet_ladder_extended,fleet_ladder_extended,fleet_500r_125l_seed10001,10001,centralized_time_expanded_mpc,Centralized time-expanded MPC,0.0,1.0,62500,29.724725426256594,1953125000.0,nan,25.0,0.0,nan,0.25,nan,125.0,global_time_expanded_state,baseline_sota_centralized_scale,centralized_time_expanded_mpc,sota,baseline,centralized,0,none,8,False,False,time_expanded_mpc_timeout_large,nan,9,125,500,41,nan,1.0,104.263651681599,nan,60000.0,0.0,-1000000.0,False,0.0,0.0,0.0,True,1.0,nan,nan,0.0,fleet_ladder_extended,301.8691769624716,0.0,nan
SP8_MC_fleet_ladder_extended,fleet_ladder_extended,fleet_500r_125l_seed10001,10001,classic_local_greedy,Classic local greedy,0.518,0.048018250000000005,1804,29.724725426256594,62500.0,606.9615951963374,2.005,0.768,45.06340868763857,0.25,80.76975160240072,3.608,local_distance_beacons,baseline_classic_decentralized_scale,distributed_nearest_greedy,classic,baseline,decentralized,0,none,2,False,False,nearest_local_greedy,0.008,9,125,500,41,0.08,0.9942985163249972,104.263651681599,0.038473,10.873699910007417,0.816,-70.1292911035111,True,1.0,0.048,1.5451722163622599,False,0.0,47.502378674808945,10096.21895030009,0.048,fleet_ladder_extended,301.8691769624716,0.056,0.6204385590332835
SP8_MC_fleet_ladder_extended,fleet_ladder_extended,fleet_500r_125l_seed10001,10001,cbba_partitioned,CBBA partitioned,0.518,0.046028437500000005,1804,29.724725426256594,560361.5177913805,616.0596824225526,2.005,0.752,45.424039463459586,0.25,81.98045463721246,3.608,zone_auction_bids,baseline_sota_decentralized_scale,partitioned_cbba_auction,sota,baseline,decentralized,0,none,6,False,False,partitioned_cbba_like_auction,0.008,9,125,500,41,0.08,0.9943931993938565,104.263651681599,0.03051375,35.48940003383905,0.8,-73.09118385585253,True,1.0,0.048,1.5451722163622599,False,0.0,48.542199378923016,10247.556829651558,0.048,fleet_ladder_extended,301.8691769624716,0.048,0.632535048016912
SP8_MC_fleet_ladder_extended,fleet_ladder_extended,fleet_500r_125l_seed10001,10001,auction_market_local,Auction market local,0.518,0.046221000000000005,1804,29.724725426256594,560361.5177913805,613.0285056236185,2.005,0.76,44.79443016700856,0.25,81.577089088139,3.608,local_prices_and_bids,baseline_sota_decentralized_scale,local_market_auction,sota,baseline,decentralized,0,none,6,False,False,local_market_auction,0.008,9,125,500,41,0.08,0.9936575249141164,104.263651681599,0.031284,9.749299963004887,0.824,-52.40350293217153,True,1.0,0.064,2.0602296218163465,False,0.0,44.3261262298498,10197.136136017376,0.064,fleet_ladder_extended,301.8691769624716,0.072,0.6061317681500228
SP8_MC_fleet_ladder_extended,fleet_ladder_extended,fleet_500r_125l_seed10001,10001,ours_primal_dual_spatial,Ours primal-dual spatial,0.518,0.01253725,1804,29.724725426256594,62500.0,624.1346340650288,2.005,0.664,27.40713249056008,0.25,83.0550067069414,3.608,local_deficit_capacity_prices,proposed_model_based_decentralized_scale,distributed_primal_dual_prices,model_based,proposed,decentralized,0,model_based_tuning_optional,9,False,False,spatial_primal_dual_capacity_prices,0.008,9,125,500,41,0.008,0.18698239911707515,104.263651681599,0.026149,14.08570003695786,0.824,71.25733423955094,True,1.0,0.16,5.150574054540866,False,0.0,42.67261476825538,10381.875838367674,0.16,fleet_ladder_extended,301.8691769624716,0.224,0.4578723575622308
SP8_MC_fleet_ladder_extended,fleet_ladder_extended,fleet_500r_125l_seed10001,10001,ours_tensor_quorum_flow,Ours tensor quorum flow,0.518,0.0055102499999999995,1804,29.724725426256594,5804.820237218405,624.6189428597826,2.005,0.64,27.471273984002067,0.25,83.11945477311347,3.608,local_density_tensor_field,proposed_model_based_decentralized_scale,distributed_tensor_quorum_flow,model_based,proposed,decentralized,0,model_based_tuning_optional,11,False,False,tensor_quorum_flow_density_obstacle_aware,0.0,9,125,500,41,0.0,0.18234277987133243,104.263651681599,0.022040999999999998,67.96939997002482,0.8,71.95001844035976,True,1.0,0.16,5.150574054540866,False,0.0,42.65903577307522,10389.931846639185,0.16,fleet_ladder_extended,301.8691769624716,0.224,0.45810920435942526
SP8_MC_fleet_ladder_extended,fleet_ladder_extended,fleet_500r_125l_seed10001,10001,ours_wrench_market_hierarchical,Ours wrench-market hierarchical,0.518,0.011895375,1786,29.724725426256594,5804.820237218405,619.5206669993713,2.005,0.6,26.934608805488736,0.25,82.44101567893532,3.572,zone_summaries_plus_local_wrench_bids,proposed_model_based_hierarchical_scale,hierarchical_wrench_market,model_based,proposed,hierarchical,0,model_based_tuning_optional,13,False,False,zone_hierarchical_wrench_market,0.008,9,125,500,41,0.008,0.0,104.263651681599,0.0235815,12.979799997992814,0.792,104.263651681599,True,1.0,0.192,6.1806888654490395,False,0.0,42.97849027527721,10305.126959866915,0.192,fleet_ladder_extended,301.8691769624716,0.224,0.4597328052023239
SP8_MC_fleet_ladder_extended,fleet_ladder_extended,fleet_500r_125l_seed10001,10001,ours_mean_field_approximation,Ours mean-field approximation,0.518,0.045579125000000005,625,29.724725426256594,62500.0,609.8522896710617,2.005,0.728,45.12446170069529,0.25,81.15442285100978,1.25,aggregate_density_broadcasts,proposed_model_based_decentralized_scale,mean_field_density_controller,model_based,proposed,decentralized,0,model_based_tuning_optional,7,False,False,mean_field_density_allocation,0.008,9,125,500,41,0.08,0.9940193563862378,104.263651681599,0.0287165,11.303299921564758,0.784,-61.942432576436254,True,1.0,0.056,1.802700919089303,False,0.0,48.336711658162095,10144.302856376224,0.056,fleet_ladder_extended,301.8691769624716,0.056,0.6297690766571531
SP8_MC_fleet_ladder_extended,fleet_ladder_extended,fleet_1000r_250l_seed10001,10001,centralized_hungarian_expanded,Centralized Hungarian expanded,0.483,0.0323985,250000,31.924725426256593,1000000000.0,1481.574382805521,30.0,0.648,43.143646126170694,0.25,99.02149716922874,250.0,global_all_robot_load_slots,baseline_classic_centralized_scale,centralized_expanded_assignment,classic,baseline,centralized,0,none,1,False,False,expanded_slot_hungarian_polynomial_but_scalar,0.004,13,250,1000,59,0.048,0.337562086350248,-159.22284295299212,0.038394,12.205000035464764,0.716,-322.0045165077217,True,1.0,0.064,3.381171375035285,False,0.0,43.97869215336321,24755.374292307184,0.064,fleet_ladder_extended,426.9074841227312,0.088,0.6025919566398172
SP8_MC_fleet_ladder_extended,fleet_ladder_extended,fleet_1000r_250l_seed10001,10001,centralized_coalition_oracle,Centralized coalition oracle,0.0,1.0,250000,31.924725426256593,67108864000.0,nan,30.0,0.0,nan,0.25,nan,250.0,global_all_subsets,reference_model_based_oracle_centralized_scale,centralized_subset_coalition_search,model_based_oracle,reference,centralized,0,none,2,False,False,exact_like_small_scale_coalition_search_timeout_large,nan,13,250,1000,59,nan,1.0,-159.22284295299212,nan,60000.0,0.0,-1000000.0,False,0.0,0.0,0.0,True,1.0,nan,nan,0.0,fleet_ladder_extended,426.9074841227312,0.0,nan
SP8_MC_fleet_ladder_extended,fleet_ladder_extended,fleet_1000r_250l_seed10001,10001,centralized_time_expanded_mpc,Centralized time-expanded MPC,0.0,1.0,250000,31.924725426256593,15625000000.0,nan,100.0,0.0,nan,0.25,nan,250.0,global_time_expanded_state,baseline_sota_centralized_scale,centralized_time_expanded_mpc,sota,baseline,centralized,0,none,8,False,False,time_expanded_mpc_timeout_large,nan,13,250,1000,59,nan,1.0,-159.22284295299212,nan,60000.0,0.0,-1000000.0,False,0.0,0.0,0.0,True,1.0,nan,nan,0.0,fleet_ladder_extended,426.9074841227312,0.0,nan
SP8_MC_fleet_ladder_extended,fleet_ladder_extended,fleet_1000r_250l_seed10001,10001,classic_local_greedy,Classic local greedy,0.483,0.03266175,3398,31.924725426256593,250000.0,1600.3687060427535,2.01,0.74,40.13893165709793,0.25,106.96115371207553,3.398,local_distance_beacons,baseline_classic_decentralized_scale,distributed_nearest_greedy,classic,baseline,decentralized,0,none,2,False,False,nearest_local_greedy,0.004,13,250,1000,59,0.048,0.22488364975382047,-159.22284295299212,0.039447,21.195500041358173,0.808,-251.90326663626792,True,1.0,0.06,3.16984816409558,False,0.0,41.46498675761444,26740.28842801888,0.06,fleet_ladder_extended,426.9074841227312,0.084,0.5682488971174646
SP8_MC_fleet_ladder_extended,fleet_ladder_extended,fleet_1000r_250l_seed10001,10001,cbba_partitioned,CBBA partitioned,0.483,0.0306215625,3398,31.924725426256593,2491446.071165522,1601.9863863277596,2.01,0.752,45.19362295720916,0.25,107.06927189069785,3.398,zone_auction_bids,baseline_sota_decentralized_scale,partitioned_cbba_auction,sota,baseline,decentralized,0,none,6,False,False,partitioned_cbba_like_auction,0.004,13,250,1000,59,0.048,0.23382445974221194,-159.22284295299212,0.03128625,70.92850003391504,0.816,-256.71253167212745,True,1.0,0.056,2.9585249531558744,False,0.0,45.5764912338723,26767.317972674464,0.056,fleet_ladder_extended,426.9074841227312,0.08,0.6288288787841588
SP8_MC_fleet_ladder_extended,fleet_ladder_extended,fleet_1000r_250l_seed10001,10001,auction_market_local,Auction market local,0.483,0.030819,3398,31.924725426256593,2491446.071165522,1611.8421607100329,2.01,0.752,41.498552291276134,0.25,107.72798572000073,3.398,local_prices_and_bids,baseline_sota_decentralized_scale,local_market_auction,sota,baseline,decentralized,0,none,6,False,False,local_market_auction,0.004,13,250,1000,59,0.048,0.248233319745079,-159.22284295299212,0.032076,22.355100023560226,0.808,-264.70379226002575,True,1.0,0.052,2.747201742216169,False,0.0,40.89581933655132,26931.99643000018,0.052,fleet_ladder_extended,426.9074841227312,0.068,0.5770144800804619
SP8_MC_fleet_ladder_extended,fleet_ladder_extended,fleet_1000r_250l_seed10001,10001,ours_primal_dual_spatial,Ours primal-dual spatial,0.483,0.00790275,3398,31.924725426256593,250000.0,1634.2796242485233,2.01,0.704,28.846005508424184,0.25,109.2276007633265,3.398,local_deficit_capacity_prices,proposed_model_based_decentralized_scale,distributed_primal_dual_prices,model_based,proposed,decentralized,0,model_based_tuning_optional,9,False,False,spatial_primal_dual_capacity_prices,0.004,13,250,1000,59,0.0,0.0,-159.22284295299212,0.026810999999999998,27.41849992889911,0.848,-155.4177507899084,True,1.0,0.144,7.607635593829391,False,0.0,44.95921854576728,27306.900190831628,0.144,fleet_ladder_extended,426.9074841227312,0.18,0.4770088763339007
SP8_MC_fleet_ladder_extended,fleet_ladder_extended,fleet_1000r_250l_seed10001,10001,ours_tensor_quorum_flow,Ours tensor quorum flow,0.483,0.005649749999999999,3398,31.924725426256593,12859.64047443681,1636.4383221390715,2.01,0.7,28.628258167612213,0.25,109.37187802644534,3.398,local_density_tensor_field,proposed_model_based_decentralized_scale,distributed_tensor_quorum_flow,model_based,proposed,decentralized,0,model_based_tuning_optional,11,False,False,tensor_quorum_flow_density_obstacle_aware,0.0,13,250,1000,59,0.0,0.0,-159.22284295299212,0.022598999999999998,137.46660004835576,0.86,-139.69027067938435,True,1.0,0.16,8.452928437588213,False,0.0,45.09107663773409,27342.969506611335,0.16,fleet_ladder_extended,426.9074841227312,0.18,0.4757990165266843
SP8_MC_fleet_ladder_extended,fleet_ladder_extended,fleet_1000r_250l_seed10001,10001,ours_wrench_market_hierarchical,Ours wrench-market hierarchical,0.483,0.007244624999999999,3432,31.924725426256593,12859.64047443681,1610.3099762825584,2.01,0.688,28.026707131316673,0.25,107.62558168432847,3.432,zone_summaries_plus_local_wrench_bids,proposed_model_based_hierarchical_scale,hierarchical_wrench_market,model_based,proposed,hierarchical,0,model_based_tuning_optional,13,False,False,zone_hierarchical_wrench_market,0.004,13,250,1000,59,0.0,0.0,-159.22284295299212,0.0241785,23.94290000665933,0.824,-159.22284295299212,True,1.0,0.136,7.18498917194998,False,0.0,45.73094735988455,26906.395421082118,0.136,fleet_ladder_extended,426.9074841227312,0.176,0.4757568280803994
SP8_MC_fleet_ladder_extended,fleet_ladder_extended,fleet_1000r_250l_seed10001,10001,ours_mean_field_approximation,Ours mean-field approximation,0.483,0.030160875,1250,31.924725426256593,250000.0,1596.6412154280977,2.01,0.748,45.3799057068618,0.25,106.71202568608432,1.25,aggregate_density_broadcasts,proposed_model_based_decentralized_scale,mean_field_density_controller,model_based,proposed,decentralized,0,model_based_tuning_optional,7,False,False,mean_field_density_allocation,0.004,13,250,1000,59,0.048,0.23988473757392892,-159.22284295299212,0.0294435,21.308899973519146,0.808,-260.0366909582265,True,1.0,0.052,2.747201742216169,False,0.0,45.423247138414176,26678.00642152108,0.052,fleet_ladder_extended,426.9074841227312,0.072,0.6277225598867227
SP8_MC_fleet_ladder_extended,fleet_ladder_extended,fleet_1250r_312l_seed10001,10001,centralized_hungarian_expanded,Centralized Hungarian expanded,0.0,1.0,390000,32.63296723500879,1953125000.0,nan,33.36,0.0,nan,0.2496,nan,312.0,global_all_robot_load_slots,baseline_classic_centralized_scale,centralized_expanded_assignment,classic,baseline,centralized,0,none,1,False,False,expanded_slot_hungarian_polynomial_but_scalar,nan,15,312,1250,65,nan,1.0,-333.88051404397777,nan,60000.0,0.0,-1000000.0,False,0.0,0.0,0.0,True,1.0,nan,nan,0.0,fleet_ladder_extended,477.29707730091957,0.0,nan
SP8_MC_fleet_ladder_extended,fleet_ladder_extended,fleet_1250r_312l_seed10001,10001,centralized_coalition_oracle,Centralized coalition oracle,0.0,1.0,390000,32.63296723500879,83751862272.0,nan,33.36,0.0,nan,0.2496,nan,312.0,global_all_subsets,reference_model_based_oracle_centralized_scale,centralized_subset_coalition_search,model_based_oracle,reference,centralized,0,none,2,False,False,exact_like_small_scale_coalition_search_timeout_large,nan,15,312,1250,65,nan,1.0,-333.88051404397777,nan,60000.0,0.0,-1000000.0,False,0.0,0.0,0.0,True,1.0,nan,nan,0.0,fleet_ladder_extended,477.29707730091957,0.0,nan
SP8_MC_fleet_ladder_extended,fleet_ladder_extended,fleet_1250r_312l_seed10001,10001,centralized_time_expanded_mpc,Centralized time-expanded MPC,0.0,1.0,390000,32.63296723500879,30488290624.0,nan,156.150016,0.0,nan,0.2496,nan,312.0,global_time_expanded_state,baseline_sota_centralized_scale,centralized_time_expanded_mpc,sota,baseline,centralized,0,none,8,False,False,time_expanded_mpc_timeout_large,nan,15,312,1250,65,nan,1.0,-333.88051404397777,nan,60000.0,0.0,-1000000.0,False,0.0,0.0,0.0,True,1.0,nan,nan,0.0,fleet_ladder_extended,477.29707730091957,0.0,nan
SP8_MC_fleet_ladder_extended,fleet_ladder_extended,fleet_1250r_312l_seed10001,10001,classic_local_greedy,Classic local greedy,0.4736,0.03003536538461539,4176,32.63296723500879,390000.0,2200.691179867954,2.012496,0.7275641025641025,42.315949827940415,0.2496,119.07354999990038,3.3408,local_distance_beacons,baseline_classic_decentralized_scale,distributed_nearest_greedy,classic,baseline,decentralized,0,none,2,False,False,nearest_local_greedy,0.0,15,312,1250,65,0.04807692307692308,0.08211727777168884,-333.88051404397777,0.033603,28.249099967069924,0.7756410256410257,-393.71041799190175,True,1.0,0.04487179487179487,2.7590341839219246,False,0.0,42.35395729896363,37150.94759996892,0.04487179487179487,fleet_ladder_extended,477.29707730091957,0.07371794871794872,0.5976835851244121
SP8_MC_fleet_ladder_extended,fleet_ladder_extended,fleet_1250r_312l_seed10001,10001,cbba_partitioned,CBBA partitioned,0.4736,0.028297427884615388,4176,32.63296723500879,4012207.828024285,2206.1127032852464,2.012496,0.7083333333333334,45.44190801334791,0.2496,119.36689422084797,3.3408,zone_auction_bids,baseline_sota_decentralized_scale,partitioned_cbba_auction,sota,baseline,decentralized,0,none,6,False,False,partitioned_cbba_like_auction,0.0,15,312,1250,65,0.04807692307692308,0.06896063323520016,-333.88051404397777,0.02665125,92.70279994234443,0.7660256410256411,-383.4145999551048,True,1.0,0.05448717948717949,3.3502557947623366,False,0.0,46.276968160866595,37242.470996904565,0.05448717948717949,fleet_ladder_extended,477.29707730091957,0.08333333333333333,0.6388422881025588
SP8_MC_fleet_ladder_extended,fleet_ladder_extended,fleet_1250r_312l_seed10001,10001,auction_market_local,Auction market local,0.4736,0.028465615384615388,4176,32.63296723500879,4012207.828024285,2213.582443041762,2.012496,0.75,42.8739787947526,0.2496,119.77106198346749,3.3408,local_prices_and_bids,baseline_sota_decentralized_scale,local_market_auction,sota,baseline,decentralized,0,none,6,False,False,local_market_auction,0.0,15,312,1250,65,0.04807692307692308,0.07706707244279122,-333.88051404397777,0.027324000000000005,28.60710001550615,0.8044871794871795,-389.7236344481691,True,1.0,0.05128205128205128,3.1531819244821992,False,0.0,41.47432092177811,37368.57133884186,0.05128205128205128,fleet_ladder_extended,477.29707730091957,0.07371794871794872,0.597365762972989
SP8_MC_fleet_ladder_extended,fleet_ladder_extended,fleet_1250r_312l_seed10001,10001,ours_primal_dual_spatial,Ours primal-dual spatial,0.4736,0.011478980769230769,4176,32.63296723500879,390000.0,2243.4379703324985,2.012496,0.6891025641025641,28.46879394688872,0.2496,121.38646520503181,3.3408,local_deficit_capacity_prices,proposed_model_based_decentralized_scale,distributed_primal_dual_prices,model_based,proposed,decentralized,0,model_based_tuning_optional,9,False,False,spatial_primal_dual_capacity_prices,0.0,15,312,1250,65,0.01282051282051282,0.0,-333.88051404397777,0.022838999999999998,32.754499930888414,0.7980769230769231,-322.9682245865443,True,1.0,0.10897435897435898,6.700511589524673,False,0.0,46.4836068840075,37872.577143969924,0.10897435897435898,fleet_ladder_extended,477.29707730091957,0.15064102564102563,0.49272444016340156
SP8_MC_fleet_ladder_extended,fleet_ladder_extended,fleet_1250r_312l_seed10001,10001,ours_tensor_quorum_flow,Ours tensor quorum flow,0.4736,0.00481275,4176,32.63296723500879,16571.53718897777,2243.7225365216827,2.012496,0.6762820512820513,28.48007963461513,0.2496,121.40186232511213,3.3408,local_density_tensor_field,proposed_model_based_decentralized_scale,distributed_tensor_quorum_flow,model_based,proposed,decentralized,0,model_based_tuning_optional,11,False,False,tensor_quorum_flow_density_obstacle_aware,0.0,15,312,1250,65,0.0,0.0,-333.88051404397777,0.019251,160.4517000960186,0.782051282051282,-325.55874911711066,True,1.0,0.10576923076923077,6.503437719244536,False,0.0,46.48056948903507,37877.38104543499,0.10576923076923077,fleet_ladder_extended,477.29707730091957,0.15064102564102563,0.49273639568792066
SP8_MC_fleet_ladder_extended,fleet_ladder_extended,fleet_1250r_312l_seed10001,10001,ours_wrench_market_hierarchical,Ours wrench-market hierarchical,0.4736,0.01091835576923077,4242,32.63296723500879,16571.53718897777,2221.0864915023103,2.012496,0.6634615384615384,27.92012852921829,0.2496,120.17708609886489,3.3936,zone_summaries_plus_local_wrench_bids,proposed_model_based_hierarchical_scale,hierarchical_wrench_market,model_based,proposed,hierarchical,0,model_based_tuning_optional,13,False,False,zone_hierarchical_wrench_market,0.0,15,312,1250,65,0.01282051282051282,0.0,-333.88051404397777,0.0205965,33.06510008405894,0.7564102564102564,-333.88051404397777,True,1.0,0.09294871794871795,5.7151422381239865,False,0.0,46.868665941838884,37495.250862845845,0.09294871794871795,fleet_ladder_extended,477.29707730091957,0.15384615384615385,0.49073444481551776
SP8_MC_fleet_ladder_extended,fleet_ladder_extended,fleet_1250r_312l_seed10001,10001,ours_mean_field_approximation,Ours mean-field approximation,0.4736,0.02790499038461539,1562,32.63296723500879,390000.0,2204.5607800186613,2.012496,0.7051282051282052,45.396163075122736,0.2496,119.28292377812063,1.2496,aggregate_density_broadcasts,proposed_model_based_decentralized_scale,mean_field_density_controller,model_based,proposed,decentralized,0,model_based_tuning_optional,7,False,False,mean_field_density_allocation,0.0,15,312,1250,65,0.04807692307692308,0.06775469630651675,-333.88051404397777,0.025081500000000003,25.7343000266701,0.7628205128205128,-382.4854254124898,True,1.0,0.05448717948717949,3.3502557947623366,False,0.0,45.89731360050729,37216.272218773636,0.05448717948717949,fleet_ladder_extended,477.29707730091957,0.08012820512820513,0.6371144526186672
SP8_MC_fleet_ladder_extended,fleet_ladder_extended,fleet_1500r_375l_seed10001,10001,centralized_hungarian_expanded,Centralized Hungarian expanded,0.0,1.0,562500,33.21164292784314,3375000000.0,nan,37.5,0.0,nan,0.25,nan,375.0,global_all_robot_load_slots,baseline_classic_centralized_scale,centralized_expanded_assignment,classic,baseline,centralized,0,none,1,False,False,expanded_slot_hungarian_polynomial_but_scalar,nan,16,375,1500,72,nan,1.0,-378.0198321356314,nan,60000.0,0.0,-1000000.0,False,0.0,0.0,0.0,True,1.0,nan,nan,0.0,fleet_ladder_extended,522.8527517380013,0.0,nan
SP8_MC_fleet_ladder_extended,fleet_ladder_extended,fleet_1500r_375l_seed10001,10001,centralized_coalition_oracle,Centralized coalition oracle,0.0,1.0,562500,33.21164292784314,100663296000.0,nan,37.5,0.0,nan,0.25,nan,375.0,global_all_subsets,reference_model_based_oracle_centralized_scale,centralized_subset_coalition_search,model_based_oracle,reference,centralized,0,none,2,False,False,exact_like_small_scale_coalition_search_timeout_large,nan,16,375,1500,72,nan,1.0,-378.0198321356314,nan,60000.0,0.0,-1000000.0,False,0.0,0.0,0.0,True,1.0,nan,nan,0.0,fleet_ladder_extended,522.8527517380013,0.0,nan
SP8_MC_fleet_ladder_extended,fleet_ladder_extended,fleet_1500r_375l_seed10001,10001,centralized_time_expanded_mpc,Centralized time-expanded MPC,0.0,1.0,562500,33.21164292784314,52734375000.0,nan,225.0,0.0,nan,0.25,nan,375.0,global_time_expanded_state,baseline_sota_centralized_scale,centralized_time_expanded_mpc,sota,baseline,centralized,0,none,8,False,False,time_expanded_mpc_timeout_large,nan,16,375,1500,72,nan,1.0,-378.0198321356314,nan,60000.0,0.0,-1000000.0,False,0.0,0.0,0.0,True,1.0,nan,nan,0.0,fleet_ladder_extended,522.8527517380013,0.0,nan
SP8_MC_fleet_ladder_extended,fleet_ladder_extended,fleet_1500r_375l_seed10001,10001,classic_local_greedy,Classic local greedy,0.4846666666666667,0.028904999999999997,5112,33.21164292784314,562500.0,2836.188143937114,2.015,0.7226666666666667,43.81422205796887,0.25,125.15940000918833,3.408,local_distance_beacons,baseline_classic_decentralized_scale,distributed_nearest_greedy,classic,baseline,decentralized,0,none,2,False,False,nearest_local_greedy,0.008,16,375,1500,72,0.042666666666666665,0.14358804377115947,-378.0198321356314,0.02922,29.51690007466823,0.784,-504.9468836080888,True,1.0,0.050666666666666665,3.5292578754982724,False,0.0,47.465482784773414,46934.775003445626,0.050666666666666665,fleet_ladder_extended,522.8527517380013,0.07733333333333334,0.6065903336442607
SP8_MC_fleet_ladder_extended,fleet_ladder_extended,fleet_1500r_375l_seed10001,10001,cbba_partitioned,CBBA partitioned,0.4846666666666667,0.027393749999999998,5112,33.21164292784314,5934795.066778074,2860.430352813375,2.015,0.752,47.70548312087026,0.25,126.22919515812312,3.408,zone_auction_bids,baseline_sota_decentralized_scale,partitioned_cbba_auction,sota,baseline,decentralized,0,none,6,False,False,partitioned_cbba_like_auction,0.008,16,375,1500,72,0.042666666666666665,0.15658297645181746,-378.0198321356314,0.023174999999999998,109.82339992187917,0.7946666666666666,-518.5665849448093,True,1.0,0.042666666666666665,2.9720066319985454,False,0.0,51.37969165560349,47335.94818429617,0.042666666666666665,fleet_ladder_extended,522.8527517380013,0.072,0.6546954831694235
SP8_MC_fleet_ladder_extended,fleet_ladder_extended,fleet_1500r_375l_seed10001,10001,auction_market_local,Auction market local,0.4846666666666667,0.02754,5112,33.21164292784314,5934795.066778074,2858.3833864928274,2.015,0.7253333333333334,43.49359391330505,0.25,126.13886367674152,3.408,local_prices_and_bids,baseline_sota_decentralized_scale,local_market_auction,sota,baseline,decentralized,0,none,6,False,False,local_market_auction,0.008,16,375,1500,72,0.042666666666666665,0.12978724726907498,-378.0198321356314,0.02376,33.47499994561076,0.8,-490.9279615452824,True,1.0,0.06666666666666667,4.643760362497727,False,0.0,48.613819490423076,47302.07387877807,0.06666666666666667,fleet_ladder_extended,522.8527517380013,0.09066666666666667,0.6067861250782075
SP8_MC_fleet_ladder_extended,fleet_ladder_extended,fleet_1500r_375l_seed10001,10001,ours_primal_dual_spatial,Ours primal-dual spatial,0.4846666666666667,0.009765,5112,33.21164292784314,562500.0,2903.7448669368955,2.015,0.6426666666666667,31.243026150185294,0.25,128.14064049399698,3.408,local_deficit_capacity_prices,proposed_model_based_decentralized_scale,distributed_primal_dual_prices,model_based,proposed,decentralized,0,model_based_tuning_optional,9,False,False,spatial_primal_dual_capacity_prices,0.008,16,375,1500,72,0.005333333333333333,0.006822627951899302,-378.0198321356314,0.019859999999999996,37.4974999576807,0.8053333333333333,-383.2203130562775,True,1.0,0.16266666666666665,11.330775284494454,False,0.0,52.99228312935756,48052.74018524887,0.16266666666666665,fleet_ladder_extended,522.8527517380013,0.2,0.5206089613903011
SP8_MC_fleet_ladder_extended,fleet_ladder_extended,fleet_1500r_375l_seed10001,10001,ours_tensor_quorum_flow,Ours tensor quorum flow,0.4846666666666667,0.0041849999999999995,5112,33.21164292784314,20386.265400507385,2903.4337993944528,2.015,0.648,31.181358433267057,0.25,128.12691325694547,3.408,local_density_tensor_field,proposed_model_based_decentralized_scale,distributed_tensor_quorum_flow,model_based,proposed,decentralized,0,model_based_tuning_optional,11,False,False,tensor_quorum_flow_density_obstacle_aware,0.0,16,375,1500,72,0.0,0.016989467727654937,-378.0198321356314,0.016739999999999998,199.04680002946407,0.8026666666666666,-391.10382312295076,True,1.0,0.15466666666666667,10.773524040994728,False,0.0,53.09307136967197,48047.592471354554,0.15466666666666667,fleet_ladder_extended,522.8527517380013,0.19733333333333333,0.5207785443624819
SP8_MC_fleet_ladder_extended,fleet_ladder_extended,fleet_1500r_375l_seed10001,10001,ours_wrench_market_hierarchical,Ours wrench-market hierarchical,0.4846666666666667,0.0092775,5158,33.21164292784314,20386.265400507385,2891.1771089721124,2.015,0.6213333333333333,30.452841501209875,0.25,127.58603234866096,3.4386666666666668,zone_summaries_plus_local_wrench_bids,proposed_model_based_hierarchical_scale,hierarchical_wrench_market,model_based,proposed,hierarchical,0,model_based_tuning_optional,13,False,False,zone_hierarchical_wrench_market,0.008,16,375,1500,72,0.005333333333333333,0.0,-378.0198321356314,0.01791,39.51989999040961,0.7866666666666666,-378.0198321356314,True,1.0,0.16533333333333333,11.516525698994363,False,0.0,53.373809071568076,47844.76213074786,0.16533333333333333,fleet_ladder_extended,522.8527517380013,0.2,0.5180516915515142
SP8_MC_fleet_ladder_extended,fleet_ladder_extended,fleet_1500r_375l_seed10001,10001,ours_mean_field_approximation,Ours mean-field approximation,0.4846666666666667,0.027052499999999997,1875,33.21164292784314,562500.0,2856.7923905395273,2.015,0.76,48.03129045784233,0.25,126.0686539132046,1.25,aggregate_density_broadcasts,proposed_model_based_decentralized_scale,mean_field_density_controller,model_based,proposed,decentralized,0,model_based_tuning_optional,7,False,False,mean_field_density_allocation,0.008,16,375,1500,72,0.042666666666666665,0.1579328502498604,-378.0198321356314,0.02181,33.54949993081391,0.8,-520.0054587760181,True,1.0,0.04,2.7862562174986363,False,0.0,51.270796223145965,47275.745217451724,0.04,fleet_ladder_extended,522.8527517380013,0.06666666666666667,0.6587928664765221
SP8_MC_fleet_ladder_extended,fleet_ladder_extended,fleet_2000r_500l_seed10001,10001,centralized_hungarian_expanded,Centralized Hungarian expanded,0.0,1.0,1000000,34.12472542625659,8000000000.0,nan,48.0,0.0,nan,0.25,nan,500.0,global_all_robot_load_slots,baseline_classic_centralized_scale,centralized_expanded_assignment,classic,baseline,centralized,0,none,1,False,False,expanded_slot_hungarian_polynomial_but_scalar,nan,19,500,2000,83,nan,1.0,-678.8204898524003,nan,60000.0,0.0,-1000000.0,False,0.0,0.0,0.0,True,1.0,nan,nan,0.0,fleet_ladder_extended,603.7383539249432,0.0,nan
SP8_MC_fleet_ladder_extended,fleet_ladder_extended,fleet_2000r_500l_seed10001,10001,centralized_coalition_oracle,Centralized coalition oracle,0.0,1.0,1000000,34.12472542625659,134217728000.0,nan,48.0,0.0,nan,0.25,nan,500.0,global_all_subsets,reference_model_based_oracle_centralized_scale,centralized_subset_coalition_search,model_based_oracle,reference,centralized,0,none,2,False,False,exact_like_small_scale_coalition_search_timeout_large,nan,19,500,2000,83,nan,1.0,-678.8204898524003,nan,60000.0,0.0,-1000000.0,False,0.0,0.0,0.0,True,1.0,nan,nan,0.0,fleet_ladder_extended,603.7383539249432,0.0,nan
SP8_MC_fleet_ladder_extended,fleet_ladder_extended,fleet_2000r_500l_seed10001,10001,centralized_time_expanded_mpc,Centralized time-expanded MPC,0.0,1.0,1000000,34.12472542625659,125000000000.0,nan,400.0,0.0,nan,0.25,nan,500.0,global_time_expanded_state,baseline_sota_centralized_scale,centralized_time_expanded_mpc,sota,baseline,centralized,0,none,8,False,False,time_expanded_mpc_timeout_large,nan,19,500,2000,83,nan,1.0,-678.8204898524003,nan,60000.0,0.0,-1000000.0,False,0.0,0.0,0.0,True,1.0,nan,nan,0.0,fleet_ladder_extended,603.7383539249432,0.0,nan
SP8_MC_fleet_ladder_extended,fleet_ladder_extended,fleet_2000r_500l_seed10001,10001,classic_local_greedy,Classic local greedy,0.4855,0.029774749999999996,6826,34.12472542625659,1000000.0,4265.200779374203,2.02,0.736,43.26565539710792,0.25,143.82758218858928,3.413,local_distance_beacons,baseline_classic_decentralized_scale,distributed_nearest_greedy,classic,baseline,decentralized,0,none,2,False,False,nearest_local_greedy,0.002,19,500,2000,83,0.044,0.07417412473593525,-678.8204898524003,0.037499,41.47440008819103,0.804,-787.6703375316238,True,1.0,0.066,5.562305898749053,False,0.0,43.08027143821299,71913.79109429463,0.066,fleet_ladder_extended,603.7383539249432,0.092,0.6057193206779994
SP8_MC_fleet_ladder_extended,fleet_ladder_extended,fleet_2000r_500l_seed10001,10001,cbba_partitioned,CBBA partitioned,0.4855,0.027835312499999997,6826,34.12472542625659,10965784.284662088,4300.835607825936,2.02,0.722,45.24559608447614,0.25,145.02923047738793,3.413,zone_auction_bids,baseline_sota_decentralized_scale,partitioned_cbba_auction,sota,baseline,decentralized,0,none,6,False,False,partitioned_cbba_like_auction,0.002,19,500,2000,83,0.044,0.08341143562851364,-678.8204898524003,0.029741249999999997,153.5797999240458,0.784,-802.4596001642517,True,1.0,0.06,5.056641726135503,False,0.0,44.47301155182475,72514.61523869396,0.06,fleet_ladder_extended,603.7383539249432,0.082,0.6294619431811381
SP8_MC_fleet_ladder_extended,fleet_ladder_extended,fleet_2000r_500l_seed10001,10001,auction_market_local,Auction market local,0.4855,0.028023,6826,34.12472542625659,10965784.284662088,4288.60582076257,2.02,0.714,41.74352292336988,0.25,144.61682768675936,3.413,local_prices_and_bids,baseline_sota_decentralized_scale,local_market_auction,sota,baseline,decentralized,0,none,6,False,False,local_market_auction,0.002,19,500,2000,83,0.044,0.06491672858770284,-678.8204898524003,0.030492000000000002,47.939600073732436,0.798,-773.1420657206298,True,1.0,0.082,6.9107436923851875,False,0.0,41.051418063672735,72308.41384337968,0.082,fleet_ladder_extended,603.7383539249432,0.11,0.5839037678913074
SP8_MC_fleet_ladder_extended,fleet_ladder_extended,fleet_2000r_500l_seed10001,10001,ours_primal_dual_spatial,Ours primal-dual spatial,0.4855,0.007871749999999999,6826,34.12472542625659,1000000.0,4335.254018761215,2.02,0.63,27.55500312747389,0.25,146.18985973815649,3.413,local_deficit_capacity_prices,proposed_model_based_decentralized_scale,distributed_primal_dual_prices,model_based,proposed,decentralized,0,model_based_tuning_optional,9,False,False,spatial_primal_dual_capacity_prices,0.002,19,500,2000,83,0.002,0.0017237689006952132,-678.8204898524003,0.025486999999999996,52.34850000124425,0.794,-681.1665169289403,True,1.0,0.164,13.821487384770375,False,0.0,42.86761830129691,73094.92986907825,0.164,fleet_ladder_extended,603.7383539249432,0.21,0.4645180326997432
SP8_MC_fleet_ladder_extended,fleet_ladder_extended,fleet_2000r_500l_seed10001,10001,ours_tensor_quorum_flow,Ours tensor quorum flow,0.4855,0.0059707499999999995,6826,34.12472542625659,28219.28094887362,4339.285874019941,2.02,0.626,27.615721212391346,0.25,146.32581863519155,3.413,local_density_tensor_field,proposed_model_based_decentralized_scale,distributed_tensor_quorum_flow,model_based,proposed,decentralized,0,model_based_tuning_optional,11,False,False,tensor_quorum_flow_density_obstacle_aware,0.002,19,500,2000,83,0.0,0.0023240343165707696,-678.8204898524003,0.021483,283.5715999826789,0.79,-681.9853734111321,True,1.0,0.164,13.821487384770375,False,0.0,42.82507519779723,73162.90931759578,0.164,fleet_ladder_extended,603.7383539249432,0.21,0.46501206126187106
SP8_MC_fleet_ladder_extended,fleet_ladder_extended,fleet_2000r_500l_seed10001,10001,ours_wrench_market_hierarchical,Ours wrench-market hierarchical,0.4855,0.007246124999999999,6884,34.12472542625659,28219.28094887362,4333.807383840161,2.02,0.616,27.190977376970448,0.25,146.14107750872174,3.442,zone_summaries_plus_local_wrench_bids,proposed_model_based_hierarchical_scale,hierarchical_wrench_market,model_based,proposed,hierarchical,0,model_based_tuning_optional,13,False,False,zone_hierarchical_wrench_market,0.002,19,500,2000,83,0.002,0.0,-678.8204898524003,0.022984499999999998,50.88980006985366,0.784,-678.8204898524003,True,1.0,0.166,13.990042108974892,False,0.0,43.30532875763619,73070.53875436087,0.166,fleet_ladder_extended,603.7383539249432,0.21,0.4636098551399645
SP8_MC_fleet_ladder_extended,fleet_ladder_extended,fleet_2000r_500l_seed10001,10001,ours_mean_field_approximation,Ours mean-field approximation,0.4855,0.027397374999999998,2500,34.12472542625659,1000000.0,4304.166743404863,2.02,0.718,45.6334728764687,0.25,145.14156028342578,1.25,aggregate_density_broadcasts,proposed_model_based_decentralized_scale,mean_field_density_controller,model_based,proposed,decentralized,0,model_based_tuning_optional,7,False,False,mean_field_density_allocation,0.002,19,500,2000,83,0.044,0.08368537722158798,-678.8204898524003,0.0279895,45.696199988014996,0.778,-802.9027429005428,True,1.0,0.058,4.8880870019309866,False,0.0,44.246866237262836,72570.7801417129,0.058,fleet_ladder_extended,603.7383539249432,0.084,0.6313266925852817
SP8_MC_fleet_ladder_extended,fleet_ladder_extended,fleet_2500r_625l_seed10001,10001,centralized_hungarian_expanded,Centralized Hungarian expanded,0.0,1.0,1562500,34.83296723500879,15625000000.0,nan,61.5,0.0,nan,0.25,nan,625.0,global_all_robot_load_slots,baseline_classic_centralized_scale,centralized_expanded_assignment,classic,baseline,centralized,0,none,1,False,False,expanded_slot_hungarian_polynomial_but_scalar,nan,21,625,2500,92,nan,1.0,-1032.3262291540539,nan,60000.0,0.0,-1000000.0,False,0.0,0.0,0.0,True,1.0,nan,nan,0.0,fleet_ladder_extended,675.0,0.0,nan
SP8_MC_fleet_ladder_extended,fleet_ladder_extended,fleet_2500r_625l_seed10001,10001,centralized_coalition_oracle,Centralized coalition oracle,0.0,1.0,1562500,34.83296723500879,167772160000.0,nan,61.5,0.0,nan,0.25,nan,625.0,global_all_subsets,reference_model_based_oracle_centralized_scale,centralized_subset_coalition_search,model_based_oracle,reference,centralized,0,none,2,False,False,exact_like_small_scale_coalition_search_timeout_large,nan,21,625,2500,92,nan,1.0,-1032.3262291540539,nan,60000.0,0.0,-1000000.0,False,0.0,0.0,0.0,True,1.0,nan,nan,0.0,fleet_ladder_extended,675.0,0.0,nan
SP8_MC_fleet_ladder_extended,fleet_ladder_extended,fleet_2500r_625l_seed10001,10001,centralized_time_expanded_mpc,Centralized time-expanded MPC,0.0,1.0,1562500,34.83296723500879,244140625000.0,nan,625.0,0.0,nan,0.25,nan,625.0,global_time_expanded_state,baseline_sota_centralized_scale,centralized_time_expanded_mpc,sota,baseline,centralized,0,none,8,False,False,time_expanded_mpc_timeout_large,nan,21,625,2500,92,nan,1.0,-1032.3262291540539,nan,60000.0,0.0,-1000000.0,False,0.0,0.0,0.0,True,1.0,nan,nan,0.0,fleet_ladder_extended,675.0,0.0,nan
SP8_MC_fleet_ladder_extended,fleet_ladder_extended,fleet_2500r_625l_seed10001,10001,classic_local_greedy,Classic local greedy,0.4888,0.030355500000000004,8582,34.83296723500879,1562500.0,5925.820202402122,2.025,0.7328,41.125130022521816,0.25,158.21911386426282,3.4328,local_distance_beacons,baseline_classic_decentralized_scale,distributed_nearest_greedy,classic,baseline,decentralized,0,none,2,False,False,nearest_local_greedy,0.0096,21,625,2500,92,0.0432,0.043748007871803996,-1032.3262291540539,0.032142000000000004,53.89019998256117,0.792,-1126.8287041819538,True,1.0,0.0528,5.142857142857142,False,0.0,41.11002969083912,98886.94616516426,0.0528,fleet_ladder_extended,675.0,0.0832,0.5812430483681194
SP8_MC_fleet_ladder_extended,fleet_ladder_extended,fleet_2500r_625l_seed10001,10001,cbba_partitioned,CBBA partitioned,0.4888,0.028693125000000003,8582,34.83296723500879,17637050.593046013,5975.771095970599,2.025,0.7312,42.795550593848546,0.25,159.55280031562174,3.4328,zone_auction_bids,baseline_sota_decentralized_scale,partitioned_cbba_auction,sota,baseline,decentralized,0,none,6,False,False,partitioned_cbba_like_auction,0.0096,21,625,2500,92,0.0432,0.049667023857148045,-1032.3262291540539,0.0254925,200.94960008282214,0.7872,-1140.2829269672459,True,1.0,0.0512,4.987012987012987,False,0.0,41.44950910034137,99720.50019726358,0.0512,fleet_ladder_extended,675.0,0.072,0.5973173057553538
SP8_MC_fleet_ladder_extended,fleet_ladder_extended,fleet_2500r_625l_seed10001,10001,auction_market_local,Auction market local,0.4888,0.028854000000000005,8582,34.83296723500879,17637050.593046013,5956.959090129519,2.025,0.7392,41.100520118690596,0.25,159.0505206661348,3.4328,local_prices_and_bids,baseline_sota_decentralized_scale,local_market_auction,sota,baseline,decentralized,0,none,6,False,False,local_market_auction,0.0096,21,625,2500,92,0.0432,0.04193472196371715,-1032.3262291540539,0.026136000000000003,54.09370001871139,0.808,-1122.7402786960297,True,1.0,0.0624,6.077922077922078,False,0.0,40.99215700436338,99406.57541633425,0.0624,fleet_ladder_extended,675.0,0.0864,0.5819952396648127
SP8_MC_fleet_ladder_extended,fleet_ladder_extended,fleet_2500r_625l_seed10001,10001,ours_primal_dual_spatial,Ours primal-dual spatial,0.4888,0.0126615,8582,34.83296723500879,1562500.0,6024.885693189385,2.025,0.6416,25.6942685124809,0.25,160.8641576947414,3.4328,local_deficit_capacity_prices,proposed_model_based_decentralized_scale,distributed_primal_dual_prices,model_based,proposed,decentralized,0,model_based_tuning_optional,9,False,False,spatial_primal_dual_capacity_prices,0.0096,21,625,2500,92,0.0096,0.0016048807287704927,-1032.3262291540539,0.021845999999999997,69.32120001874864,0.7904,-1035.6466839105794,True,1.0,0.1424,13.870129870129869,False,0.0,40.948112787431434,100540.09855921338,0.1424,fleet_ladder_extended,675.0,0.1968,0.4501294247467709
SP8_MC_fleet_ladder_extended,fleet_ladder_extended,fleet_2500r_625l_seed10001,10001,ours_tensor_quorum_flow,Ours tensor quorum flow,0.4888,0.0046035,8582,34.83296723500879,36280.12648261504,6032.391416815276,2.025,0.6384,25.620788037301814,0.25,161.06456015388403,3.4328,local_density_tensor_field,proposed_model_based_decentralized_scale,distributed_tensor_quorum_flow,model_based,proposed,decentralized,0,model_based_tuning_optional,11,False,False,tensor_quorum_flow_density_obstacle_aware,0.0,21,625,2500,92,0.0,0.0,-1032.3262291540539,0.018414,344.157199957408,0.7872,-1030.057578354088,True,1.0,0.1488,14.493506493506493,False,0.0,41.08016045054453,100665.35009617753,0.1488,fleet_ladder_extended,675.0,0.1968,0.44982327169026487
SP8_MC_fleet_ladder_extended,fleet_ladder_extended,fleet_2500r_625l_seed10001,10001,ours_wrench_market_hierarchical,Ours wrench-market hierarchical,0.4888,0.01212525,8638,34.83296723500879,36280.12648261504,6023.153410130115,2.025,0.6496,25.04671571505777,0.25,160.8179058205302,3.4552,zone_summaries_plus_local_wrench_bids,proposed_model_based_hierarchical_scale,hierarchical_wrench_market,model_based,proposed,hierarchical,0,model_based_tuning_optional,13,False,False,zone_hierarchical_wrench_market,0.0096,21,625,2500,92,0.0096,0.0,-1032.3262291540539,0.019701,65.70550007745624,0.8016,-1032.3262291540539,True,1.0,0.1456,14.181818181818182,False,0.0,41.81932806435272,100511.19113783137,0.1456,fleet_ladder_extended,675.0,0.1952,0.44849737183153193
SP8_MC_fleet_ladder_extended,fleet_ladder_extended,fleet_2500r_625l_seed10001,10001,ours_mean_field_approximation,Ours mean-field approximation,0.4888,0.028317750000000003,3125,34.83296723500879,1562500.0,5972.098226631407,2.025,0.7296,43.08911536933355,0.25,159.45473488124512,1.25,aggregate_density_broadcasts,proposed_model_based_decentralized_scale,mean_field_density_controller,model_based,proposed,decentralized,0,model_based_tuning_optional,7,False,False,mean_field_density_allocation,0.0096,21,625,2500,92,0.0432,0.04982468927686564,-1032.3262291540539,0.023991000000000002,52.95879999175668,0.7824,-1140.64360040933,True,1.0,0.048,4.675324675324675,False,0.0,42.44027247631513,99659.2093007782,0.048,fleet_ladder_extended,675.0,0.0704,0.6014076722512933
SP8_MC_fleet_ladder_extended,fleet_ladder_extended,fleet_5000r_1250l_seed10001,10001,centralized_hungarian_expanded,Centralized Hungarian expanded,0.0,1.0,6250000,37.03296723500879,125000000000.0,nan,174.0,0.0,nan,0.25,nan,1250.0,global_all_robot_load_slots,baseline_classic_centralized_scale,centralized_expanded_assignment,classic,baseline,centralized,0,none,1,False,False,expanded_slot_hungarian_polynomial_but_scalar,nan,30,1250,5000,131,nan,1.0,-3026.7572138869336,nan,60000.0,0.0,-1000000.0,False,0.0,0.0,0.0,True,1.0,nan,nan,0.0,fleet_ladder_extended,954.5941546018391,0.0,nan
SP8_MC_fleet_ladder_extended,fleet_ladder_extended,fleet_5000r_1250l_seed10001,10001,centralized_coalition_oracle,Centralized coalition oracle,0.0,1.0,6250000,37.03296723500879,335544320000.0,nan,174.0,0.0,nan,0.25,nan,1250.0,global_all_subsets,reference_model_based_oracle_centralized_scale,centralized_subset_coalition_search,model_based_oracle,reference,centralized,0,none,2,False,False,exact_like_small_scale_coalition_search_timeout_large,nan,30,1250,5000,131,nan,1.0,-3026.7572138869336,nan,60000.0,0.0,-1000000.0,False,0.0,0.0,0.0,True,1.0,nan,nan,0.0,fleet_ladder_extended,954.5941546018391,0.0,nan
SP8_MC_fleet_ladder_extended,fleet_ladder_extended,fleet_5000r_1250l_seed10001,10001,centralized_time_expanded_mpc,Centralized time-expanded MPC,0.0,1.0,6250000,37.03296723500879,1953125000000.0,nan,2500.0,0.0,nan,0.25,nan,1250.0,global_time_expanded_state,baseline_sota_centralized_scale,centralized_time_expanded_mpc,sota,baseline,centralized,0,none,8,False,False,time_expanded_mpc_timeout_large,nan,30,1250,5000,131,nan,1.0,-3026.7572138869336,nan,60000.0,0.0,-1000000.0,False,0.0,0.0,0.0,True,1.0,nan,nan,0.0,fleet_ladder_extended,954.5941546018391,0.0,nan
SP8_MC_fleet_ladder_extended,fleet_ladder_extended,fleet_5000r_1250l_seed10001,10001,classic_local_greedy,Classic local greedy,0.483,0.03242175,16990,37.03296723500879,6250000.0,15609.01352552597,2.05,0.7488,43.805366963380095,0.25,210.8899045733122,3.398,local_distance_beacons,baseline_classic_decentralized_scale,distributed_nearest_greedy,classic,baseline,decentralized,0,none,2,False,False,nearest_local_greedy,0.0056,30,1250,5000,131,0.0464,0.014294861375963452,-3026.7572138869336,0.039447,101.61979997064918,0.8008,-3114.560798399654,True,1.0,0.0472,7.095486187353273,False,0.0,43.966682312987444,263612.38071664027,0.0472,fleet_ladder_extended,954.5941546018391,0.0728,0.6095792598844908
SP8_MC_fleet_ladder_extended,fleet_ladder_extended,fleet_5000r_1250l_seed10001,10001,cbba_partitioned,CBBA partitioned,0.483,0.0303815625,16990,37.03296723500879,76798202.37218405,15702.835396374823,2.05,0.7504,46.04744683783011,0.25,212.15751096995274,3.398,zone_auction_bids,baseline_sota_decentralized_scale,partitioned_cbba_auction,sota,baseline,decentralized,0,none,6,False,False,partitioned_cbba_like_auction,0.0056,30,1250,5000,131,0.0464,0.018415688381115576,-3026.7572138869336,0.03128625,414.64880004059523,0.796,-3140.347100849331,True,1.0,0.0424,6.373911320842771,False,0.0,47.94015416680409,265196.8887124409,0.0424,fleet_ladder_extended,954.5941546018391,0.0616,0.6445019254759701
SP8_MC_fleet_ladder_extended,fleet_ladder_extended,fleet_5000r_1250l_seed10001,10001,auction_market_local,Auction market local,0.483,0.030579000000000002,16990,37.03296723500879,76798202.37218405,15677.043939546826,2.05,0.7568,43.64578097305982,0.25,211.80904834223008,3.398,local_prices_and_bids,baseline_sota_decentralized_scale,local_market_auction,sota,baseline,decentralized,0,none,6,False,False,local_market_auction,0.0056,30,1250,5000,131,0.0464,0.01572026429584311,-3026.7572138869336,0.032076,110.70479999762028,0.8104,-3123.4559099334488,True,1.0,0.0512,7.696798576112025,False,0.0,43.946583860095984,264761.3104277876,0.0512,fleet_ladder_extended,954.5941546018391,0.0768,0.6084139916422364
SP8_MC_fleet_ladder_extended,fleet_ladder_extended,fleet_5000r_1250l_seed10001,10001,ours_primal_dual_spatial,Ours primal-dual spatial,0.483,0.01054275,16990,37.03296723500879,6250000.0,15808.027253113056,2.05,0.6472,28.310016746970167,0.25,213.57873471308918,3.398,local_deficit_capacity_prices,proposed_model_based_decentralized_scale,distributed_primal_dual_prices,model_based,proposed,decentralized,0,model_based_tuning_optional,9,False,False,spatial_primal_dual_capacity_prices,0.0056,30,1250,5000,131,0.0048,0.0008259797555963486,-3026.7572138869336,0.026810999999999998,132.10359995719045,0.796,-3031.762254296295,True,1.0,0.1472,22.128295906322073,False,0.0,44.23922602647542,266973.4183913615,0.1472,fleet_ladder_extended,954.5941546018391,0.1936,0.47457621736982675
SP8_MC_fleet_ladder_extended,fleet_ladder_extended,fleet_5000r_1250l_seed10001,10001,ours_tensor_quorum_flow,Ours tensor quorum flow,0.483,0.005649749999999999,16990,37.03296723500879,78810.25296523007,15824.913315719608,2.05,0.6456,28.279312130853278,0.25,213.8068785433121,3.398,local_density_tensor_field,proposed_model_based_decentralized_scale,distributed_tensor_quorum_flow,model_based,proposed,decentralized,0,model_based_tuning_optional,11,False,False,tensor_quorum_flow_density_obstacle_aware,0.0,30,1250,5000,131,0.0,0.0013900180515832065,-3026.7572138869336,0.022598999999999998,719.6645999792963,0.7928,-3035.184812749661,True,1.0,0.1472,22.128295906322073,False,0.0,44.36867437261322,267258.5981791401,0.1472,fleet_ladder_extended,954.5941546018391,0.1936,0.47476232923993184
SP8_MC_fleet_ladder_extended,fleet_ladder_extended,fleet_5000r_1250l_seed10001,10001,ours_wrench_market_hierarchical,Ours wrench-market hierarchical,0.483,0.009884625,17160,37.03296723500879,78810.25296523007,15807.100011074619,2.05,0.6296,28.059396610447223,0.25,213.5662069524666,3.432,zone_summaries_plus_local_wrench_bids,proposed_model_based_hierarchical_scale,hierarchical_wrench_market,model_based,proposed,hierarchical,0,model_based_tuning_optional,13,False,False,zone_hierarchical_wrench_market,0.0056,30,1250,5000,131,0.0048,0.0,-3026.7572138869336,0.0241785,125.9545999346301,0.7832,-3026.7572138869336,True,1.0,0.152,22.849870772832574,False,0.0,44.60782329261928,266957.7586905832,0.152,fleet_ladder_extended,954.5941546018391,0.1936,0.47388747964483974
SP8_MC_fleet_ladder_extended,fleet_ladder_extended,fleet_5000r_1250l_seed10001,10001,ours_mean_field_approximation,Ours mean-field approximation,0.483,0.029920875,6250,37.03296723500879,6250000.0,15698.91923105223,2.05,0.7496,45.983231394313464,0.25,212.1046005326708,1.25,aggregate_density_broadcasts,proposed_model_based_decentralized_scale,mean_field_density_controller,model_based,proposed,decentralized,0,model_based_tuning_optional,7,False,False,mean_field_density_allocation,0.0056,30,1250,5000,131,0.0464,0.017312992665867746,-3026.7572138869336,0.0294435,102.21599997021258,0.7968,-3133.425728990032,True,1.0,0.044,6.614436276346272,False,0.0,48.056794636163765,265130.7506658385,0.044,fleet_ladder_extended,954.5941546018391,0.0608,0.6445277724679833
SP8_MC_fleet_ladder_extended,fleet_ladder_extended,fleet_7500r_1875l_seed10001,10001,centralized_hungarian_expanded,Centralized Hungarian expanded,0.0,1.0,14062500,38.319884736595334,421875000000.0,nan,361.5,0.0,nan,0.25,nan,1875.0,global_all_robot_load_slots,baseline_classic_centralized_scale,centralized_expanded_assignment,classic,baseline,centralized,0,none,1,False,False,expanded_slot_hungarian_polynomial_but_scalar,nan,36,1875,7500,160,nan,1.0,-5752.70659222431,nan,60000.0,0.0,-1000000.0,False,0.0,0.0,0.0,True,1.0,nan,nan,0.0,fleet_ladder_extended,1169.134295108992,0.0,nan
SP8_MC_fleet_ladder_extended,fleet_ladder_extended,fleet_7500r_1875l_seed10001,10001,centralized_coalition_oracle,Centralized coalition oracle,0.0,1.0,14062500,38.319884736595334,503316480000.0,nan,361.5,0.0,nan,0.25,nan,1875.0,global_all_subsets,reference_model_based_oracle_centralized_scale,centralized_subset_coalition_search,model_based_oracle,reference,centralized,0,none,2,False,False,exact_like_small_scale_coalition_search_timeout_large,nan,36,1875,7500,160,nan,1.0,-5752.70659222431,nan,60000.0,0.0,-1000000.0,False,0.0,0.0,0.0,True,1.0,nan,nan,0.0,fleet_ladder_extended,1169.134295108992,0.0,nan
SP8_MC_fleet_ladder_extended,fleet_ladder_extended,fleet_7500r_1875l_seed10001,10001,centralized_time_expanded_mpc,Centralized time-expanded MPC,0.0,1.0,14062500,38.319884736595334,6591796875000.0,nan,5625.0,0.0,nan,0.25,nan,1875.0,global_time_expanded_state,baseline_sota_centralized_scale,centralized_time_expanded_mpc,sota,baseline,centralized,0,none,8,False,False,time_expanded_mpc_timeout_large,nan,36,1875,7500,160,nan,1.0,-5752.70659222431,nan,60000.0,0.0,-1000000.0,False,0.0,0.0,0.0,True,1.0,nan,nan,0.0,fleet_ladder_extended,1169.134295108992,0.0,nan
SP8_MC_fleet_ladder_extended,fleet_ladder_extended,fleet_7500r_1875l_seed10001,10001,classic_local_greedy,Classic local greedy,0.49093333333333333,0.0265885,25842,38.319884736595334,14062500.0,29442.511925081275,2.075,0.7328,43.18840348365006,0.25,260.7582623990187,3.4456,local_distance_beacons,baseline_classic_decentralized_scale,distributed_nearest_greedy,classic,baseline,decentralized,0,none,2,False,False,nearest_local_greedy,0.007466666666666667,36,1875,7500,160,0.037333333333333336,0.0047316298544226015,-5752.70659222431,0.030194,154.52370001003146,0.7941333333333334,-5807.4095143445975,True,1.0,0.05973333333333333,11.461435885867933,False,0.0,43.68398957247562,488921.7419981601,0.05973333333333333,fleet_ladder_extended,1169.134295108992,0.08,0.5988403984738179
SP8_MC_fleet_ladder_extended,fleet_ladder_extended,fleet_7500r_1875l_seed10001,10001,cbba_partitioned,CBBA partitioned,0.49093333333333333,0.025026875,25842,38.319884736595334,181021990.5038054,29610.297128165825,2.075,0.7274666666666667,45.496654847207516,0.25,262.2442557858575,3.4456,zone_auction_bids,baseline_sota_decentralized_scale,partitioned_cbba_auction,sota,baseline,decentralized,0,none,6,False,False,partitioned_cbba_like_auction,0.007466666666666667,36,1875,7500,160,0.037333333333333336,0.008471643845851027,-5752.70659222431,0.0239475,600.5697000073269,0.7802666666666667,-5851.017683215135,True,1.0,0.05226666666666667,10.02875640013444,False,0.0,46.66871899248489,491707.97959848284,0.05226666666666667,fleet_ladder_extended,1169.134295108992,0.0656,0.6317559516053463
SP8_MC_fleet_ladder_extended,fleet_ladder_extended,fleet_7500r_1875l_seed10001,10001,auction_market_local,Auction market local,0.49093333333333333,0.025178000000000002,25842,38.319884736595334,181021990.5038054,29587.307786227502,2.075,0.7306666666666667,43.08220612257588,0.25,262.04065016712536,3.4456,local_prices_and_bids,baseline_sota_decentralized_scale,local_market_auction,sota,baseline,decentralized,0,none,6,False,False,local_market_auction,0.007466666666666667,36,1875,7500,160,0.037333333333333336,0.006882896024448365,-5752.70659222431,0.024552,166.80140001699328,0.7957333333333333,-5832.45292349367,True,1.0,0.06293333333333333,12.075441379753714,False,0.0,43.86923069660074,491326.21906336,0.06293333333333333,fleet_ladder_extended,1169.134295108992,0.08266666666666667,0.5996013655345912
SP8_MC_fleet_ladder_extended,fleet_ladder_extended,fleet_7500r_1875l_seed10001,10001,ours_primal_dual_spatial,Ours primal-dual spatial,0.49093333333333333,0.0097705,25842,38.319884736595334,14062500.0,29804.395050194085,2.075,0.6304,28.087491558927933,0.25,263.9632883538713,3.4456,local_deficit_capacity_prices,proposed_model_based_decentralized_scale,distributed_primal_dual_prices,model_based,proposed,decentralized,0,model_based_tuning_optional,9,False,False,spatial_primal_dual_capacity_prices,0.007466666666666667,36,1875,7500,160,0.005333333333333333,0.0,-5752.70659222431,0.020522,211.20090002659708,0.7973333333333333,-5749.859782195464,True,1.0,0.1664,31.928285682060668,False,0.0,43.48711722557107,494931.16566350864,0.1664,fleet_ladder_extended,1169.134295108992,0.20373333333333332,0.4680304342573954
SP8_MC_fleet_ladder_extended,fleet_ladder_extended,fleet_7500r_1875l_seed10001,10001,ours_tensor_quorum_flow,Ours tensor quorum flow,0.49093333333333333,0.0053644999999999995,25842,38.319884736595334,123699.40289210595,29847.208211011406,2.075,0.6288,28.09211196604803,0.25,264.34246406588056,3.4456,local_density_tensor_field,proposed_model_based_decentralized_scale,distributed_tensor_quorum_flow,model_based,proposed,decentralized,0,model_based_tuning_optional,11,False,False,tensor_quorum_flow_density_obstacle_aware,0.0010666666666666667,36,1875,7500,160,0.0016,0.0005329380550428144,-5752.70659222431,0.017297999999999997,1190.752699971199,0.7957333333333333,-5758.842067515618,True,1.0,0.1664,31.928285682060668,False,0.0,43.48902986560373,495642.1201235261,0.1664,fleet_ladder_extended,1169.134295108992,0.20373333333333332,0.4680058436505137
SP8_MC_fleet_ladder_extended,fleet_ladder_extended,fleet_7500r_1875l_seed10001,10001,ours_wrench_market_hierarchical,Ours wrench-market hierarchical,0.49093333333333333,0.00926675,25978,38.319884736595334,123699.40289210595,29783.991704085627,2.075,0.6234666666666666,27.534428893260912,0.25,263.7825856647833,3.4637333333333333,zone_summaries_plus_local_wrench_bids,proposed_model_based_hierarchical_scale,hierarchical_wrench_market,model_based,proposed,hierarchical,0,model_based_tuning_optional,13,False,False,zone_hierarchical_wrench_market,0.007466666666666667,36,1875,7500,160,0.005333333333333333,0.0,-5752.70659222431,0.018507,196.53810001909733,0.7834666666666666,-5752.70659222431,True,1.0,0.15946666666666667,30.59794044530814,False,0.0,44.18623387188787,494592.3481214687,0.15946666666666667,fleet_ladder_extended,1169.134295108992,0.20373333333333332,0.46712082061929067
SP8_MC_fleet_ladder_extended,fleet_ladder_extended,fleet_7500r_1875l_seed10001,10001,ours_mean_field_approximation,Ours mean-field approximation,0.49093333333333333,0.024674250000000002,9375,38.319884736595334,14062500.0,29611.986538927504,2.075,0.7285333333333334,45.65156728062518,0.25,262.25921808988284,1.25,aggregate_density_broadcasts,proposed_model_based_decentralized_scale,mean_field_density_controller,model_based,proposed,decentralized,0,model_based_tuning_optional,7,False,False,mean_field_density_allocation,0.007466666666666667,36,1875,7500,160,0.037333333333333336,0.008011253563550558,-5752.70659222431,0.022536999999999998,168.51650003809482,0.7802666666666667,-5845.631833522402,True,1.0,0.0512,9.824087902172513,False,0.0,46.52236833817606,491736.03391853033,0.0512,fleet_ladder_extended,1169.134295108992,0.064,0.6335216520930725
SP8_MC_fleet_ladder_extended,fleet_ladder_extended,fleet_10000r_2500l_seed10001,10001,centralized_hungarian_expanded,Centralized Hungarian expanded,0.0,1.0,25000000,39.232967235008786,1000000000000.0,nan,624.0,0.0,nan,0.25,nan,2500.0,global_all_robot_load_slots,baseline_classic_centralized_scale,centralized_expanded_assignment,classic,baseline,centralized,0,none,1,False,False,expanded_slot_hungarian_polynomial_but_scalar,nan,42,2500,10000,185,nan,1.0,-8810.843517179079,nan,60000.0,0.0,-1000000.0,False,0.0,0.0,0.0,True,1.0,nan,nan,0.0,fleet_ladder_extended,1350.0,0.0,nan
SP8_MC_fleet_ladder_extended,fleet_ladder_extended,fleet_10000r_2500l_seed10001,10001,centralized_coalition_oracle,Centralized coalition oracle,0.0,1.0,25000000,39.232967235008786,671088640000.0,nan,624.0,0.0,nan,0.25,nan,2500.0,global_all_subsets,reference_model_based_oracle_centralized_scale,centralized_subset_coalition_search,model_based_oracle,reference,centralized,0,none,2,False,False,exact_like_small_scale_coalition_search_timeout_large,nan,42,2500,10000,185,nan,1.0,-8810.843517179079,nan,60000.0,0.0,-1000000.0,False,0.0,0.0,0.0,True,1.0,nan,nan,0.0,fleet_ladder_extended,1350.0,0.0,nan
SP8_MC_fleet_ladder_extended,fleet_ladder_extended,fleet_10000r_2500l_seed10001,10001,centralized_time_expanded_mpc,Centralized time-expanded MPC,0.0,1.0,25000000,39.232967235008786,15625000000000.0,nan,10000.0,0.0,nan,0.25,nan,2500.0,global_time_expanded_state,baseline_sota_centralized_scale,centralized_time_expanded_mpc,sota,baseline,centralized,0,none,8,False,False,time_expanded_mpc_timeout_large,nan,42,2500,10000,185,nan,1.0,-8810.843517179079,nan,60000.0,0.0,-1000000.0,False,0.0,0.0,0.0,True,1.0,nan,nan,0.0,fleet_ladder_extended,1350.0,0.0,nan
SP8_MC_fleet_ladder_extended,fleet_ladder_extended,fleet_10000r_2500l_seed10001,10001,classic_local_greedy,Classic local greedy,0.4804,0.030673,33824,39.232967235008786,25000000.0,43911.0730852229,2.1,0.752,62.5575921161114,0.25,294.7372015058731,3.3824,local_distance_beacons,baseline_classic_decentralized_scale,distributed_nearest_greedy,classic,baseline,decentralized,0,none,2,False,False,nearest_local_greedy,0.0048,42,2500,10000,185,0.0444,0.0,-8810.843517179079,0.037011999999999996,218.64119998645037,0.7988,-8805.217046376178,True,1.0,0.0444,10.090909090909092,False,0.0,54.0386862354927,736843.0037646827,0.0444,fleet_ladder_extended,1350.0,0.0584,0.8537206098584502
SP8_MC_fleet_ladder_extended,fleet_ladder_extended,fleet_10000r_2500l_seed10001,10001,cbba_partitioned,CBBA partitioned,0.4804,0.02875875,33824,39.232967235008786,332192809.4887362,44170.410651831626,2.1,0.7464,67.38255149012285,0.25,296.47791115510546,3.3824,zone_auction_bids,baseline_sota_decentralized_scale,partitioned_cbba_auction,sota,baseline,decentralized,0,none,6,False,False,partitioned_cbba_like_auction,0.0048,42,2500,10000,185,0.0444,0.003395668632242429,-8810.843517179079,0.029355,854.2300000553951,0.782,-8870.88821465322,True,1.0,0.0336,7.636363636363637,False,0.0,58.13171756629805,741194.7778877637,0.0336,fleet_ladder_extended,1350.0,0.0452,0.9138921479096042
SP8_MC_fleet_ladder_extended,fleet_ladder_extended,fleet_10000r_2500l_seed10001,10001,auction_market_local,Auction market local,0.4804,0.028944,33824,39.232967235008786,332192809.4887362,44114.555554924096,2.1,0.7476,62.97483803236444,0.25,296.1030040121985,3.3824,local_prices_and_bids,baseline_sota_decentralized_scale,local_market_auction,sota,baseline,decentralized,0,none,6,False,False,local_market_auction,0.0048,42,2500,10000,185,0.0444,0.0019713138642363875,-8810.843517179079,0.030096,226.98250005487353,0.7948,-8845.65198286601,True,1.0,0.0444,10.090909090909092,False,0.0,53.88373869723483,740257.5100304962,0.0444,fleet_ladder_extended,1350.0,0.0604,0.854554123193222
SP8_MC_fleet_ladder_extended,fleet_ladder_extended,fleet_10000r_2500l_seed10001,10001,ours_primal_dual_spatial,Ours primal-dual spatial,0.4804,0.009349,33824,39.232967235008786,25000000.0,44411.76302401691,2.1,0.6676,31.91429148470983,0.25,298.0979016895348,3.3824,local_deficit_capacity_prices,proposed_model_based_decentralized_scale,distributed_primal_dual_prices,model_based,proposed,decentralized,0,model_based_tuning_optional,9,False,False,spatial_primal_dual_capacity_prices,0.0048,42,2500,10000,185,0.0036,0.0,-8810.843517179079,0.025155999999999998,259.83459991402924,0.796,-8802.42836528596,True,1.0,0.1272,28.90909090909091,False,0.0,45.83503688135205,745244.754223837,0.1272,fleet_ladder_extended,1350.0,0.166,0.5128646805798498
SP8_MC_fleet_ladder_extended,fleet_ladder_extended,fleet_10000r_2500l_seed10001,10001,ours_tensor_quorum_flow,Ours tensor quorum flow,0.4804,0.005600999999999999,33824,39.232967235008786,170120.50593046015,44476.41400978068,2.1,0.6688,31.88966316586642,0.25,298.53184805612955,3.3824,local_density_tensor_field,proposed_model_based_decentralized_scale,distributed_tensor_quorum_flow,model_based,proposed,decentralized,0,model_based_tuning_optional,11,False,False,tensor_quorum_flow_density_obstacle_aware,0.0004,42,2500,10000,185,0.0004,0.00027981542832984603,-8810.843517179079,0.021203999999999997,1506.8354000104591,0.7964,-8815.775997083898,True,1.0,0.1276,29.0,False,0.0,45.904420471251115,746329.6201403239,0.1276,fleet_ladder_extended,1350.0,0.1664,0.5128304382600892
SP8_MC_fleet_ladder_extended,fleet_ladder_extended,fleet_10000r_2500l_seed10001,10001,ours_wrench_market_hierarchical,Ours wrench-market hierarchical,0.4804,0.0087315,34216,39.232967235008786,170120.50593046015,44421.66738664476,2.1,0.6608,30.993703958431723,0.25,298.16438114263235,3.4216,zone_summaries_plus_local_wrench_bids,proposed_model_based_hierarchical_scale,hierarchical_wrench_market,model_based,proposed,hierarchical,0,model_based_tuning_optional,13,False,False,zone_hierarchical_wrench_market,0.0048,42,2500,10000,185,0.0036,0.0,-8810.843517179079,0.022685999999999998,257.9029001062736,0.7836,-8810.843517179079,True,1.0,0.1212,27.545454545454547,False,0.0,46.811230387865365,745410.9528565808,0.1212,fleet_ladder_extended,1350.0,0.164,0.5093649335834716
SP8_MC_fleet_ladder_extended,fleet_ladder_extended,fleet_10000r_2500l_seed10001,10001,ours_mean_field_approximation,Ours mean-field approximation,0.4804,0.0283265,12500,39.232967235008786,25000000.0,44163.413798143345,2.1,0.754,67.06792371005163,0.25,296.4309473045198,1.25,aggregate_density_broadcasts,proposed_model_based_decentralized_scale,mean_field_density_controller,model_based,proposed,decentralized,0,model_based_tuning_optional,7,False,False,mean_field_density_allocation,0.0048,42,2500,10000,185,0.0444,0.002932328551595579,-8810.843517179079,0.027625999999999998,219.40159995574504,0.7876,-8862.67100073555,True,1.0,0.0316,7.181818181818182,False,0.0,57.90392277270228,741077.3682612996,0.0316,fleet_ladder_extended,1350.0,0.0428,0.9099109739756149
SP8_MC_fleet_ladder_extended,fleet_ladder_extended,fleet_12500r_3125l_seed10001,10001,centralized_hungarian_expanded,Centralized Hungarian expanded,0.0,1.0,39062500,39.94120904376099,1953125000000.0,nan,961.5,0.0,nan,0.25,nan,3125.0,global_all_robot_load_slots,baseline_classic_centralized_scale,centralized_expanded_assignment,classic,baseline,centralized,0,none,1,False,False,expanded_slot_hungarian_polynomial_but_scalar,nan,47,3125,12500,207,nan,1.0,-12432.521486235153,nan,60000.0,0.0,-1000000.0,False,0.0,0.0,0.0,True,1.0,nan,nan,0.0,fleet_ladder_extended,1509.345884812358,0.0,nan
SP8_MC_fleet_ladder_extended,fleet_ladder_extended,fleet_12500r_3125l_seed10001,10001,centralized_coalition_oracle,Centralized coalition oracle,0.0,1.0,39062500,39.94120904376099,838860800000.0,nan,961.5,0.0,nan,0.25,nan,3125.0,global_all_subsets,reference_model_based_oracle_centralized_scale,centralized_subset_coalition_search,model_based_oracle,reference,centralized,0,none,2,False,False,exact_like_small_scale_coalition_search_timeout_large,nan,47,3125,12500,207,nan,1.0,-12432.521486235153,nan,60000.0,0.0,-1000000.0,False,0.0,0.0,0.0,True,1.0,nan,nan,0.0,fleet_ladder_extended,1509.345884812358,0.0,nan
SP8_MC_fleet_ladder_extended,fleet_ladder_extended,fleet_12500r_3125l_seed10001,10001,centralized_time_expanded_mpc,Centralized time-expanded MPC,0.0,1.0,39062500,39.94120904376099,30517578125000.0,nan,15625.0,0.0,nan,0.25,nan,3125.0,global_time_expanded_state,baseline_sota_centralized_scale,centralized_time_expanded_mpc,sota,baseline,centralized,0,none,8,False,False,time_expanded_mpc_timeout_large,nan,47,3125,12500,207,nan,1.0,-12432.521486235153,nan,60000.0,0.0,-1000000.0,False,0.0,0.0,0.0,True,1.0,nan,nan,0.0,fleet_ladder_extended,1509.345884812358,0.0,nan
SP8_MC_fleet_ladder_extended,fleet_ladder_extended,fleet_12500r_3125l_seed10001,10001,classic_local_greedy,Classic local greedy,0.47976,0.029394250000000004,42232,39.94120904376099,39062500.0,61657.39118544013,2.125,0.74944,62.09547647508494,0.25,332.04221939179575,3.37856,local_distance_beacons,baseline_classic_decentralized_scale,distributed_nearest_greedy,classic,baseline,decentralized,0,none,2,False,False,nearest_local_greedy,0.0016,47,3125,12500,207,0.04288,0.0,-12432.521486235153,0.038473,274.1585000185296,0.79264,-12421.967095692358,True,1.0,0.04128,10.677059463447312,False,0.0,53.27682518399061,1037631.9355993618,0.04128,fleet_ladder_extended,1509.345884812358,0.05312,0.8458391679101228
SP8_MC_fleet_ladder_extended,fleet_ladder_extended,fleet_12500r_3125l_seed10001,10001,cbba_partitioned,CBBA partitioned,0.47976,0.027404437500000003,42232,39.94120904376099,531626581.03268796,61981.278364901395,2.125,0.74592,66.48203516219135,0.25,333.7864420362054,3.37856,zone_auction_bids,baseline_sota_decentralized_scale,partitioned_cbba_auction,sota,baseline,decentralized,0,none,6,False,False,partitioned_cbba_like_auction,0.0016,47,3125,12500,207,0.04288,0.0024874713453775597,-12432.521486235153,0.03051375,1138.7893999926746,0.78368,-12494.529298257696,True,1.0,0.03584,9.270005115551156,False,0.0,56.28742876238559,1043082.6313631419,0.03584,fleet_ladder_extended,1509.345884812358,0.04672,0.9016229215237179
SP8_MC_fleet_ladder_extended,fleet_ladder_extended,fleet_12500r_3125l_seed10001,10001,auction_market_local,Auction market local,0.47976,0.027597000000000003,42232,39.94120904376099,531626581.03268796,61883.68410073504,2.125,0.75392,61.29249701534929,0.25,333.2608697495635,3.37856,local_prices_and_bids,baseline_sota_decentralized_scale,local_market_auction,sota,baseline,decentralized,0,none,6,False,False,local_market_auction,0.0016,47,3125,12500,207,0.04288,0.0013453968783243722,-12432.521486235153,0.031284,348.5977000091225,0.79776,-12466.02125330864,True,1.0,0.04224,10.925363171899576,False,0.0,53.05852563156506,1041440.2179673859,0.04224,fleet_ladder_extended,1509.345884812358,0.05632,0.8372085309994974
SP8_MC_fleet_ladder_extended,fleet_ladder_extended,fleet_12500r_3125l_seed10001,10001,ours_primal_dual_spatial,Ours primal-dual spatial,0.47976,0.00946525,42232,39.94120904376099,39062500.0,62261.66457657525,2.125,0.65344,31.572955642258357,0.25,335.29639985668854,3.37856,local_deficit_capacity_prices,proposed_model_based_decentralized_scale,distributed_primal_dual_prices,model_based,proposed,decentralized,0,model_based_tuning_optional,9,False,False,spatial_primal_dual_capacity_prices,0.0016,47,3125,12500,207,0.00544,0.0,-12432.521486235153,0.026149,353.37339993566275,0.79552,-12419.820998025754,True,1.0,0.14144,36.58341304530009,False,0.0,43.39070248714121,1047801.2495521517,0.14144,fleet_ladder_extended,1509.345884812358,0.1808,0.5019212896122167
SP8_MC_fleet_ladder_extended,fleet_ladder_extended,fleet_12500r_3125l_seed10001,10001,ours_tensor_quorum_flow,Ours tensor quorum flow,0.47976,0.0056542499999999996,42232,39.94120904376099,217680.75889569023,62349.3701443314,2.125,0.65312,31.552506037310824,0.25,335.76871875975706,3.37856,local_density_tensor_field,proposed_model_based_decentralized_scale,distributed_tensor_quorum_flow,model_based,proposed,decentralized,0,model_based_tuning_optional,11,False,False,tensor_quorum_flow_density_obstacle_aware,0.0,47,3125,12500,207,0.00032,0.0002319333088612504,-12432.521486235153,0.022040999999999998,1942.2243000008166,0.79488,-12438.29008779089,True,1.0,0.14176,36.666180948117514,False,0.0,43.440269635602796,1049277.2461242408,0.14176,fleet_ladder_extended,1509.345884812358,0.18112,0.5023378856815343
SP8_MC_fleet_ladder_extended,fleet_ladder_extended,fleet_12500r_3125l_seed10001,10001,ours_wrench_market_hierarchical,Ours wrench-market hierarchical,0.47976,0.008823375,42738,39.94120904376099,217680.75889569023,62292.404354182276,2.125,0.64448,30.891515553922726,0.25,335.4619421182732,3.41904,zone_summaries_plus_local_wrench_bids,proposed_model_based_hierarchical_scale,hierarchical_wrench_market,model_based,proposed,hierarchical,0,model_based_tuning_optional,13,False,False,zone_hierarchical_wrench_market,0.0016,47,3125,12500,207,0.00544,0.0,-12432.521486235153,0.0235815,320.6517999060452,0.78112,-12432.521486235153,True,1.0,0.13504,34.92805498895167,False,0.0,43.94577437703831,1048318.5691196038,0.13504,fleet_ladder_extended,1509.345884812358,0.1808,0.49944376897185777
SP8_MC_fleet_ladder_extended,fleet_ladder_extended,fleet_12500r_3125l_seed10001,10001,ours_mean_field_approximation,Ours mean-field approximation,0.47976,0.026955125000000003,15625,39.94120904376099,39062500.0,61986.82093809436,2.125,0.74464,66.41317733795853,0.25,333.8162903361213,1.25,aggregate_density_broadcasts,proposed_model_based_decentralized_scale,mean_field_density_controller,model_based,proposed,decentralized,0,model_based_tuning_optional,7,False,False,mean_field_density_allocation,0.0016,47,3125,12500,207,0.04288,0.0020698436558790846,-12432.521486235153,0.0287165,283.95830001682043,0.7824,-12484.097060904565,True,1.0,0.03584,9.270005115551156,False,0.0,56.458865953324185,1043175.9073003791,0.03584,fleet_ladder_extended,1509.345884812358,0.04672,0.9017543200890495
SP8_MC_fleet_ladder_extended,fleet_ladder_extended,fleet_15000r_3750l_seed10001,10001,centralized_hungarian_expanded,Centralized Hungarian expanded,0.0,1.0,56250000,40.51988473659533,3375000000000.0,nan,1374.0,0.0,nan,0.25,nan,3750.0,global_all_robot_load_slots,baseline_classic_centralized_scale,centralized_expanded_assignment,classic,baseline,centralized,0,none,1,False,False,expanded_slot_hungarian_polynomial_but_scalar,nan,51,3750,15000,227,nan,1.0,-16140.027841258761,nan,60000.0,0.0,-1000000.0,False,0.0,0.0,0.0,True,1.0,nan,nan,0.0,fleet_ladder_extended,1653.4055763786453,0.0,nan
SP8_MC_fleet_ladder_extended,fleet_ladder_extended,fleet_15000r_3750l_seed10001,10001,centralized_coalition_oracle,Centralized coalition oracle,0.0,1.0,56250000,40.51988473659533,1006632960000.0,nan,1374.0,0.0,nan,0.25,nan,3750.0,global_all_subsets,reference_model_based_oracle_centralized_scale,centralized_subset_coalition_search,model_based_oracle,reference,centralized,0,none,2,False,False,exact_like_small_scale_coalition_search_timeout_large,nan,51,3750,15000,227,nan,1.0,-16140.027841258761,nan,60000.0,0.0,-1000000.0,False,0.0,0.0,0.0,True,1.0,nan,nan,0.0,fleet_ladder_extended,1653.4055763786453,0.0,nan
SP8_MC_fleet_ladder_extended,fleet_ladder_extended,fleet_15000r_3750l_seed10001,10001,centralized_time_expanded_mpc,Centralized time-expanded MPC,0.0,1.0,56250000,40.51988473659533,52734375000000.0,nan,22500.0,0.0,nan,0.25,nan,3750.0,global_time_expanded_state,baseline_sota_centralized_scale,centralized_time_expanded_mpc,sota,baseline,centralized,0,none,8,False,False,time_expanded_mpc_timeout_large,nan,51,3750,15000,227,nan,1.0,-16140.027841258761,nan,60000.0,0.0,-1000000.0,False,0.0,0.0,0.0,True,1.0,nan,nan,0.0,fleet_ladder_extended,1653.4055763786453,0.0,nan
SP8_MC_fleet_ladder_extended,fleet_ladder_extended,fleet_15000r_3750l_seed10001,10001,classic_local_greedy,Classic local greedy,0.4826666666666667,0.030851249999999997,50940,40.51988473659533,56250000.0,79666.70276070287,2.15,0.7501333333333333,62.609919336324104,0.25,358.51932749109653,3.396,local_distance_beacons,baseline_classic_decentralized_scale,distributed_nearest_greedy,classic,baseline,decentralized,0,none,2,False,False,nearest_local_greedy,0.0048,51,3750,15000,227,0.045066666666666665,0.0,-16140.027841258761,0.036524999999999995,342.7636999404058,0.7944,-16108.617317465953,True,1.0,0.0392,11.255603693242609,False,0.0,52.112398550815506,1344447.478091612,0.0392,fleet_ladder_extended,1653.4055763786453,0.058666666666666666,0.8447092880158972
SP8_MC_fleet_ladder_extended,fleet_ladder_extended,fleet_15000r_3750l_seed10001,10001,cbba_partitioned,CBBA partitioned,0.4826666666666667,0.0289621875,50940,40.51988473659533,780337962.0152216,80047.68410690845,2.15,0.7581333333333333,66.76162798378562,0.25,360.23383520002676,3.396,zone_auction_bids,baseline_sota_decentralized_scale,partitioned_cbba_auction,sota,baseline,decentralized,0,none,6,False,False,partitioned_cbba_like_auction,0.0048,51,3750,15000,227,0.045066666666666665,0.0016364121056851454,-16140.027841258761,0.028968749999999998,1397.4904000060633,0.7952,-16192.93953690121,True,1.0,0.0344,9.877366506314942,False,0.0,56.566302832119824,1350876.8820001003,0.0344,fleet_ladder_extended,1653.4055763786453,0.0496,0.9037684739022305
SP8_MC_fleet_ladder_extended,fleet_ladder_extended,fleet_15000r_3750l_seed10001,10001,auction_market_local,Auction market local,0.4826666666666667,0.029145,50940,40.51988473659533,780337962.0152216,79974.71036973,2.15,0.7544,63.13744390947571,0.25,359.90543582775314,3.396,local_prices_and_bids,baseline_sota_decentralized_scale,local_market_auction,sota,baseline,decentralized,0,none,6,False,False,local_market_auction,0.0048,51,3750,15000,227,0.045066666666666665,0.0009436206067181692,-16140.027841258761,0.0297,339.6692000096664,0.7984,-16170.5176814489,True,1.0,0.039466666666666664,11.332172425849702,False,0.0,51.945012231861504,1349645.3843540743,0.039466666666666664,fleet_ladder_extended,1653.4055763786453,0.058666666666666666,0.8471543574879024
SP8_MC_fleet_ladder_extended,fleet_ladder_extended,fleet_15000r_3750l_seed10001,10001,ours_primal_dual_spatial,Ours primal-dual spatial,0.4826666666666667,0.009806249999999999,50940,40.51988473659533,56250000.0,80454.95521557257,2.15,0.6434666666666666,31.208557315492087,0.25,362.0666531644328,3.396,local_deficit_capacity_prices,proposed_model_based_decentralized_scale,distributed_primal_dual_prices,model_based,proposed,decentralized,0,model_based_tuning_optional,9,False,False,spatial_primal_dual_capacity_prices,0.0048,51,3750,15000,227,0.0048,0.0,-16140.027841258761,0.024824999999999996,408.9649000670761,0.7954666666666667,-16131.433107299545,True,1.0,0.15093333333333334,43.3379026556144,False,0.0,43.395538818210845,1357749.949366623,0.15093333333333334,fleet_ladder_extended,1653.4055763786453,0.19173333333333334,0.5011391406548275
SP8_MC_fleet_ladder_extended,fleet_ladder_extended,fleet_15000r_3750l_seed10001,10001,ours_tensor_quorum_flow,Ours tensor quorum flow,0.4826666666666667,0.005511249999999999,50940,40.51988473659533,266148.8057842119,80566.47448587499,2.15,0.6426666666666667,31.222971224121057,0.25,362.56851670849363,3.396,local_density_tensor_field,proposed_model_based_decentralized_scale,distributed_tensor_quorum_flow,model_based,proposed,decentralized,0,model_based_tuning_optional,11,False,False,tensor_quorum_flow_density_obstacle_aware,0.0005333333333333334,51,3750,15000,227,0.0002666666666666667,0.0004952753163840679,-16140.027841258761,0.020924999999999996,2397.8385000955313,0.7933333333333333,-16156.02377371564,True,1.0,0.1504,43.18476519040021,False,0.0,43.34031307819372,1359631.937656851,0.1504,fleet_ladder_extended,1653.4055763786453,0.19173333333333334,0.5009456103377365
SP8_MC_fleet_ladder_extended,fleet_ladder_extended,fleet_15000r_3750l_seed10001,10001,ours_wrench_market_hierarchical,Ours wrench-market hierarchical,0.4826666666666667,0.009196875,51460,40.51988473659533,266148.8057842119,80474.24635165796,2.15,0.6333333333333333,30.706114112140384,0.25,362.1534679176007,3.4306666666666668,zone_summaries_plus_local_wrench_bids,proposed_model_based_hierarchical_scale,hierarchical_wrench_market,model_based,proposed,hierarchical,0,model_based_tuning_optional,13,False,False,zone_hierarchical_wrench_market,0.0048,51,3750,15000,227,0.0048,0.0,-16140.027841258761,0.022387499999999998,383.4933000616729,0.7808,-16140.027841258761,True,1.0,0.1464,42.03623420129383,False,0.0,43.996855692235634,1358075.5046910027,0.1464,fleet_ladder_extended,1653.4055763786453,0.19146666666666667,0.5000567616452095
SP8_MC_fleet_ladder_extended,fleet_ladder_extended,fleet_15000r_3750l_seed10001,10001,ours_mean_field_approximation,Ours mean-field approximation,0.4826666666666667,0.028535625,18750,40.51988473659533,56250000.0,80055.10721270922,2.15,0.7562666666666666,67.23918187967568,0.25,360.26724096187417,1.25,aggregate_density_broadcasts,proposed_model_based_decentralized_scale,mean_field_density_controller,model_based,proposed,decentralized,0,model_based_tuning_optional,7,False,False,mean_field_density_allocation,0.0048,51,3750,15000,227,0.045066666666666665,0.0013390081536808073,-16140.027841258761,0.0272625,338.9421000611037,0.7904,-16183.310393717731,True,1.0,0.032,9.188247912851109,False,0.0,57.09202261857263,1351002.153607028,0.032,fleet_ladder_extended,1653.4055763786453,0.046933333333333334,0.9108122821863426
SP8_MC_fleet_ladder_extended,fleet_ladder_extended,fleet_20000r_5000l_seed10001,10001,centralized_hungarian_expanded,Centralized Hungarian expanded,0.0,1.0,100000000,41.43296723500879,8000000000000.0,nan,2424.0,0.0,nan,0.25,nan,5000.0,global_all_robot_load_slots,baseline_classic_centralized_scale,centralized_expanded_assignment,classic,baseline,centralized,0,none,1,False,False,expanded_slot_hungarian_polynomial_but_scalar,nan,59,5000,20000,262,nan,1.0,-24971.788106052536,nan,60000.0,0.0,-1000000.0,False,0.0,0.0,0.0,True,1.0,nan,nan,0.0,fleet_ladder_extended,1909.1883092036783,0.0,nan
SP8_MC_fleet_ladder_extended,fleet_ladder_extended,fleet_20000r_5000l_seed10001,10001,centralized_coalition_oracle,Centralized coalition oracle,0.0,1.0,100000000,41.43296723500879,1342177280000.0,nan,2424.0,0.0,nan,0.25,nan,5000.0,global_all_subsets,reference_model_based_oracle_centralized_scale,centralized_subset_coalition_search,model_based_oracle,reference,centralized,0,none,2,False,False,exact_like_small_scale_coalition_search_timeout_large,nan,59,5000,20000,262,nan,1.0,-24971.788106052536,nan,60000.0,0.0,-1000000.0,False,0.0,0.0,0.0,True,1.0,nan,nan,0.0,fleet_ladder_extended,1909.1883092036783,0.0,nan
SP8_MC_fleet_ladder_extended,fleet_ladder_extended,fleet_20000r_5000l_seed10001,10001,centralized_time_expanded_mpc,Centralized time-expanded MPC,0.0,1.0,100000000,41.43296723500879,125000000000000.0,nan,40000.0,0.0,nan,0.25,nan,5000.0,global_time_expanded_state,baseline_sota_centralized_scale,centralized_time_expanded_mpc,sota,baseline,centralized,0,none,8,False,False,time_expanded_mpc_timeout_large,nan,59,5000,20000,262,nan,1.0,-24971.788106052536,nan,60000.0,0.0,-1000000.0,False,0.0,0.0,0.0,True,1.0,nan,nan,0.0,fleet_ladder_extended,1909.1883092036783,0.0,nan
SP8_MC_fleet_ladder_extended,fleet_ladder_extended,fleet_20000r_5000l_seed10001,10001,classic_local_greedy,Classic local greedy,0.48095,0.0261555,67714,41.43296723500879,100000000.0,122774.83502170951,2.2,0.7494,63.677108330053485,0.25,414.3585696975605,3.3857,local_distance_beacons,baseline_classic_decentralized_scale,distributed_nearest_greedy,classic,baseline,decentralized,0,none,2,False,False,nearest_local_greedy,0.0058,59,5000,20000,262,0.0364,0.0,-24971.788106052536,0.032142000000000004,474.6175999753177,0.7912,-24842.4930594536,True,1.0,0.0402,13.583873434340932,False,0.0,52.85089819872982,2071792.8484878023,0.0402,fleet_ladder_extended,1909.1883092036783,0.056,0.857240102164668
SP8_MC_fleet_ladder_extended,fleet_ladder_extended,fleet_20000r_5000l_seed10001,10001,cbba_partitioned,CBBA partitioned,0.48095,0.024493125,67714,41.43296723500879,1428771237.9549448,123378.38580323222,2.2,0.747,68.62207045175614,0.25,416.3955216391156,3.3857,zone_auction_bids,baseline_sota_decentralized_scale,partitioned_cbba_auction,sota,baseline,decentralized,0,none,6,False,False,partitioned_cbba_like_auction,0.0058,59,5000,20000,262,0.0364,0.00014445885879027826,-24971.788106052536,0.0254925,1852.0116000436246,0.7772,-24979.004084946977,True,1.0,0.0296,10.002056061106757,False,0.0,58.59903006947022,2081977.608195578,0.0296,fleet_ladder_extended,1909.1883092036783,0.0412,0.9326654156955044
SP8_MC_fleet_ladder_extended,fleet_ladder_extended,fleet_20000r_5000l_seed10001,10001,auction_market_local,Auction market local,0.48095,0.024654000000000002,67714,41.43296723500879,1428771237.9549448,123294.93846596357,2.2,0.745,62.57105017601545,0.25,416.113891292721,3.3857,local_prices_and_bids,baseline_sota_decentralized_scale,local_market_auction,sota,baseline,decentralized,0,none,6,False,False,local_market_auction,0.0058,59,5000,20000,262,0.0364,0.0,-24971.788106052536,0.026136000000000003,454.42139997612685,0.7878,-24947.003978963236,True,1.0,0.0404,13.651454894213275,False,0.0,52.101187843265215,2080569.4564636052,0.0404,fleet_ladder_extended,1909.1883092036783,0.0584,0.8438158838855626
SP8_MC_fleet_ladder_extended,fleet_ladder_extended,fleet_20000r_5000l_seed10001,10001,ours_primal_dual_spatial,Ours primal-dual spatial,0.48095,0.009271499999999998,67714,41.43296723500879,100000000.0,123986.24795018588,2.2,0.6486,31.39734367858429,0.25,418.44702421079876,3.3857,local_deficit_capacity_prices,proposed_model_based_decentralized_scale,distributed_primal_dual_prices,model_based,proposed,decentralized,0,model_based_tuning_optional,9,False,False,spatial_primal_dual_capacity_prices,0.0058,59,5000,20000,262,0.0046,0.0,-24971.788106052536,0.021845999999999997,540.5062000500038,0.7888,-24965.450138847973,True,1.0,0.139,46.96911461127835,False,0.0,42.71911743018455,2092235.1210539937,0.139,fleet_ladder_extended,1909.1883092036783,0.183,0.49828602190308413
SP8_MC_fleet_ladder_extended,fleet_ladder_extended,fleet_20000r_5000l_seed10001,10001,ours_tensor_quorum_flow,Ours tensor quorum flow,0.48095,0.0049935,67714,41.43296723500879,365241.0118609203,124182.83519927479,2.2,0.6496,31.350687203563155,0.25,419.11049577106485,3.3857,local_density_tensor_field,proposed_model_based_decentralized_scale,distributed_tensor_quorum_flow,model_based,proposed,decentralized,0,model_based_tuning_optional,11,False,False,tensor_quorum_flow_density_obstacle_aware,0.0004,59,5000,20000,262,0.0006,0.0007139930593807294,-24971.788106052536,0.018414,3601.0997999692336,0.789,-25007.47366606386,True,1.0,0.1394,47.10427753102304,False,0.0,42.790343823210605,2095552.4788553242,0.1394,fleet_ladder_extended,1909.1883092036783,0.1826,0.49814333903138397
SP8_MC_fleet_ladder_extended,fleet_ladder_extended,fleet_20000r_5000l_seed10001,10001,ours_wrench_market_hierarchical,Ours wrench-market hierarchical,0.48095,0.00873525,68476,41.43296723500879,365241.0118609203,124019.67975847138,2.2,0.6312,31.02824443481751,0.25,418.55985479420895,3.4238,zone_summaries_plus_local_wrench_bids,proposed_model_based_hierarchical_scale,hierarchical_wrench_market,model_based,proposed,hierarchical,0,model_based_tuning_optional,13,False,False,zone_hierarchical_wrench_market,0.0058,59,5000,20000,262,0.0046,0.0,-24971.788106052536,0.019701,558.1883999984711,0.7726,-24971.788106052536,True,1.0,0.1402,47.3746033705124,False,0.0,43.411774714971806,2092799.2739710447,0.1402,fleet_ladder_extended,1909.1883092036783,0.18,0.4986521598944247
SP8_MC_fleet_ladder_extended,fleet_ladder_extended,fleet_20000r_5000l_seed10001,10001,ours_mean_field_approximation,Ours mean-field approximation,0.48095,0.02411775,25000,41.43296723500879,100000000.0,123406.18250316783,2.2,0.7456,68.13820346265945,0.25,416.48933403011256,1.25,aggregate_density_broadcasts,proposed_model_based_decentralized_scale,mean_field_density_controller,model_based,proposed,decentralized,0,model_based_tuning_optional,7,False,False,mean_field_density_allocation,0.0058,59,5000,20000,262,0.0364,0.0,-24971.788106052536,0.023991000000000002,438.31220001447946,0.777,-24964.61648400677,True,1.0,0.0308,10.407544820340814,False,0.0,58.28439040953027,2082446.670150563,0.0308,fleet_ladder_extended,1909.1883092036783,0.0428,0.9269927359425707
SP8_MC_fleet_ladder_extended,fleet_ladder_extended,fleet_25000r_6250l_seed10001,10001,centralized_hungarian_expanded,Centralized Hungarian expanded,0.0,1.0,156250000,42.14120904376099,15625000000000.0,nan,3774.0,0.0,nan,0.25,nan,6250.0,global_all_robot_load_slots,baseline_classic_centralized_scale,centralized_expanded_assignment,classic,baseline,centralized,0,none,1,False,False,expanded_slot_hungarian_polynomial_but_scalar,nan,66,6250,25000,293,nan,1.0,-35070.84760806785,nan,60000.0,0.0,-1000000.0,False,0.0,0.0,0.0,True,1.0,nan,nan,0.0,fleet_ladder_extended,2134.537420613656,0.0,nan
SP8_MC_fleet_ladder_extended,fleet_ladder_extended,fleet_25000r_6250l_seed10001,10001,centralized_coalition_oracle,Centralized coalition oracle,0.0,1.0,156250000,42.14120904376099,1677721600000.0,nan,3774.0,0.0,nan,0.25,nan,6250.0,global_all_subsets,reference_model_based_oracle_centralized_scale,centralized_subset_coalition_search,model_based_oracle,reference,centralized,0,none,2,False,False,exact_like_small_scale_coalition_search_timeout_large,nan,66,6250,25000,293,nan,1.0,-35070.84760806785,nan,60000.0,0.0,-1000000.0,False,0.0,0.0,0.0,True,1.0,nan,nan,0.0,fleet_ladder_extended,2134.537420613656,0.0,nan
SP8_MC_fleet_ladder_extended,fleet_ladder_extended,fleet_25000r_6250l_seed10001,10001,centralized_time_expanded_mpc,Centralized time-expanded MPC,0.0,1.0,156250000,42.14120904376099,244140625000000.0,nan,62500.0,0.0,nan,0.25,nan,6250.0,global_time_expanded_state,baseline_sota_centralized_scale,centralized_time_expanded_mpc,sota,baseline,centralized,0,none,8,False,False,time_expanded_mpc_timeout_large,nan,66,6250,25000,293,nan,1.0,-35070.84760806785,nan,60000.0,0.0,-1000000.0,False,0.0,0.0,0.0,True,1.0,nan,nan,0.0,fleet_ladder_extended,2134.537420613656,0.0,nan
SP8_MC_fleet_ladder_extended,fleet_ladder_extended,fleet_25000r_6250l_seed10001,10001,classic_local_greedy,Classic local greedy,0.48364,0.025978750000000002,85046,42.14120904376099,156250000.0,172933.57872675936,2.25,0.7432,61.9594547350891,0.25,464.4893261278154,3.40184,local_distance_beacons,baseline_classic_decentralized_scale,distributed_nearest_greedy,classic,baseline,decentralized,0,none,2,False,False,nearest_local_greedy,0.0064,66,6250,25000,293,0.03696,0.0,-35070.84760806785,0.029706999999999997,568.0359000107273,0.79024,-34818.03534548617,True,1.0,0.04576,19.066666666666666,False,0.0,50.812256566330696,2903058.288298846,0.04576,fleet_ladder_extended,2134.537420613656,0.0624,0.837554250920559
SP8_MC_fleet_ladder_extended,fleet_ladder_extended,fleet_25000r_6250l_seed10001,10001,cbba_partitioned,CBBA partitioned,0.48364,0.0244423125,85046,42.14120904376099,2282756324.1307516,173889.58237752548,2.25,0.74336,67.50205105562237,0.25,467.0570951798958,3.40184,zone_auction_bids,baseline_sota_decentralized_scale,partitioned_cbba_auction,sota,baseline,decentralized,0,none,6,False,False,partitioned_cbba_like_auction,0.0064,66,6250,25000,293,0.03696,0.0,-35070.84760806785,0.02356125,2638.1214999128133,0.77584,-35029.9229374921,True,1.0,0.03136,13.066666666666666,False,0.0,56.44056277949189,2919106.8448743485,0.03136,fleet_ladder_extended,2134.537420613656,0.04464,0.9153144070817146
SP8_MC_fleet_ladder_extended,fleet_ladder_extended,fleet_25000r_6250l_seed10001,10001,auction_market_local,Auction market local,0.48364,0.024591000000000002,85046,42.14120904376099,2282756324.1307516,173694.2716133318,2.25,0.74,62.083049963235354,0.25,466.53250206204234,3.40184,local_prices_and_bids,baseline_sota_decentralized_scale,local_market_auction,sota,baseline,decentralized,0,none,6,False,False,local_market_auction,0.0064,66,6250,25000,293,0.03696,0.0,-35070.84760806785,0.024156,593.3961999835446,0.78688,-34971.506770853164,True,1.0,0.04544,18.933333333333334,False,0.0,50.88904001714106,2915828.1378877647,0.04544,fleet_ladder_extended,2134.537420613656,0.06208,0.8395136725158113
SP8_MC_fleet_ladder_extended,fleet_ladder_extended,fleet_25000r_6250l_seed10001,10001,ours_primal_dual_spatial,Ours primal-dual spatial,0.48364,0.00876775,85046,42.14120904376099,156250000.0,174625.36586102107,2.25,0.6488,30.557003153065004,0.25,469.03336593622373,3.40184,local_deficit_capacity_prices,proposed_model_based_decentralized_scale,distributed_primal_dual_prices,model_based,proposed,decentralized,0,model_based_tuning_optional,9,False,False,spatial_primal_dual_capacity_prices,0.0064,66,6250,25000,293,0.004,0.0,-35070.84760806785,0.020190999999999997,721.2251001037657,0.78944,-35043.116600316884,True,1.0,0.13936,58.06666666666667,False,0.0,42.59026993449422,2931458.537101398,0.13936,fleet_ladder_extended,2134.537420613656,0.18128,0.4932936329242756
SP8_MC_fleet_ladder_extended,fleet_ladder_extended,fleet_25000r_6250l_seed10001,10001,ours_tensor_quorum_flow,Ours tensor quorum flow,0.48364,0.00473475,85046,42.14120904376099,466611.51779138047,174942.38429929252,2.25,0.65024,30.563473418179388,0.25,469.8848586413824,3.40184,local_density_tensor_field,proposed_model_based_decentralized_scale,distributed_tensor_quorum_flow,model_based,proposed,decentralized,0,model_based_tuning_optional,11,False,False,tensor_quorum_flow_density_obstacle_aware,0.00064,66,6250,25000,293,0.00064,0.0005536973237791938,-35070.84760806785,0.017019,4706.378899980336,0.79056,-35109.70694700366,True,1.0,0.14016,58.4,False,0.0,42.55162039786419,2936780.36650864,0.14016,fleet_ladder_extended,2134.537420613656,0.18112,0.49318739548111096
SP8_MC_fleet_ladder_extended,fleet_ladder_extended,fleet_25000r_6250l_seed10001,10001,ours_wrench_market_hierarchical,Ours wrench-market hierarchical,0.48364,0.008272125,85864,42.14120904376099,466611.51779138047,174757.09310280666,2.25,0.63008,29.970994824978533,0.25,469.3871774875729,3.43456,zone_summaries_plus_local_wrench_bids,proposed_model_based_hierarchical_scale,hierarchical_wrench_market,model_based,proposed,hierarchical,0,model_based_tuning_optional,13,False,False,zone_hierarchical_wrench_market,0.0064,66,6250,25000,293,0.004,0.0,-35070.84760806785,0.0182085,682.241499889642,0.77008,-35070.84760806785,True,1.0,0.13872,57.8,False,0.0,43.353135540654286,2933669.8592973305,0.13872,fleet_ladder_extended,2134.537420613656,0.17936,0.49238814076798065
SP8_MC_fleet_ladder_extended,fleet_ladder_extended,fleet_25000r_6250l_seed10001,10001,ours_mean_field_approximation,Ours mean-field approximation,0.48364,0.024095375000000002,31250,42.14120904376099,156250000.0,173957.33929350929,2.25,0.74144,67.60113206237368,0.25,467.2390862337878,1.25,aggregate_density_broadcasts,proposed_model_based_decentralized_scale,mean_field_density_controller,model_based,proposed,decentralized,0,model_based_tuning_optional,7,False,False,mean_field_density_allocation,0.0064,66,6250,25000,293,0.03696,0.0,-35070.84760806785,0.0221735,578.8968000560999,0.77344,-35020.05860933414,True,1.0,0.0312,13.0,False,0.0,56.516597352301524,2920244.288961174,0.0312,fleet_ladder_extended,2134.537420613656,0.04496,0.9172664221450169
SP8_MC_fleet_ladder_extended,fleet_ladder_extended,fleet_50000r_12500l_seed10001,10001,centralized_hungarian_expanded,Centralized Hungarian expanded,0.0,1.0,625000000,44.34120904376099,125000000000000.0,nan,15024.0,0.0,nan,0.25,nan,12500.0,global_all_robot_load_slots,baseline_classic_centralized_scale,centralized_expanded_assignment,classic,baseline,centralized,0,none,1,False,False,expanded_slot_hungarian_polynomial_but_scalar,nan,94,12500,50000,414,nan,1.0,-97045.94036394727,nan,60000.0,0.0,-1000000.0,False,0.0,0.0,0.0,True,1.0,nan,nan,0.0,fleet_ladder_extended,3018.691769624716,0.0,nan
SP8_MC_fleet_ladder_extended,fleet_ladder_extended,fleet_50000r_12500l_seed10001,10001,centralized_coalition_oracle,Centralized coalition oracle,0.0,1.0,625000000,44.34120904376099,3355443200000.0,nan,15024.0,0.0,nan,0.25,nan,12500.0,global_all_subsets,reference_model_based_oracle_centralized_scale,centralized_subset_coalition_search,model_based_oracle,reference,centralized,0,none,2,False,False,exact_like_small_scale_coalition_search_timeout_large,nan,94,12500,50000,414,nan,1.0,-97045.94036394727,nan,60000.0,0.0,-1000000.0,False,0.0,0.0,0.0,True,1.0,nan,nan,0.0,fleet_ladder_extended,3018.691769624716,0.0,nan
SP8_MC_fleet_ladder_extended,fleet_ladder_extended,fleet_50000r_12500l_seed10001,10001,centralized_time_expanded_mpc,Centralized time-expanded MPC,0.0,1.0,625000000,44.34120904376099,1953125000000000.0,nan,250000.0,0.0,nan,0.25,nan,12500.0,global_time_expanded_state,baseline_sota_centralized_scale,centralized_time_expanded_mpc,sota,baseline,centralized,0,none,8,False,False,time_expanded_mpc_timeout_large,nan,94,12500,50000,414,nan,1.0,-97045.94036394727,nan,60000.0,0.0,-1000000.0,False,0.0,0.0,0.0,True,1.0,nan,nan,0.0,fleet_ladder_extended,3018.691769624716,0.0,nan
SP8_MC_fleet_ladder_extended,fleet_ladder_extended,fleet_50000r_12500l_seed10001,10001,classic_local_greedy,Classic local greedy,0.48238,0.02759225,169714,44.34120904376099,625000000.0,476634.5135117613,2.5,0.7396,61.92894009720412,0.25,641.800542900982,3.39428,local_distance_beacons,baseline_classic_decentralized_scale,distributed_nearest_greedy,classic,baseline,decentralized,0,none,2,False,False,nearest_local_greedy,0.0052,94,12500,50000,414,0.03864,0.0,-97045.94036394727,0.034577,1134.9003999494016,0.78816,-96284.75860554725,True,1.0,0.04672,38.93333333333333,False,0.0,52.675273524707045,8022506.786262276,0.04672,fleet_ladder_extended,3018.691769624716,0.06432,0.8377687533638848
SP8_MC_fleet_ladder_extended,fleet_ladder_extended,fleet_50000r_12500l_seed10001,10001,cbba_partitioned,CBBA partitioned,0.48238,0.0258039375,169714,44.34120904376099,9756025296.523006,478816.895131346,2.5,0.72768,66.6422658285294,0.25,644.7391754770135,3.39428,zone_auction_bids,baseline_sota_decentralized_scale,partitioned_cbba_auction,sota,baseline,decentralized,0,none,6,False,False,partitioned_cbba_like_auction,0.0052,94,12500,50000,414,0.03864,0.0,-97045.94036394727,0.027423749999999997,5612.635500030592,0.76888,-96738.51742955206,True,1.0,0.03976,33.13333333333333,False,0.0,56.863429930501376,8059239.693462669,0.03976,fleet_ladder_extended,3018.691769624716,0.05408,0.8998175402297253
SP8_MC_fleet_ladder_extended,fleet_ladder_extended,fleet_50000r_12500l_seed10001,10001,auction_market_local,Auction market local,0.48238,0.025977,169714,44.34120904376099,9756025296.523006,478442.33428047766,2.5,0.7424,61.75332390095975,0.25,644.2348197272261,3.39428,local_prices_and_bids,baseline_sota_decentralized_scale,local_market_auction,sota,baseline,decentralized,0,none,6,False,False,local_market_auction,0.0052,94,12500,50000,414,0.03864,0.0,-97045.94036394727,0.028116,1189.8972999770194,0.78976,-96651.03249638388,True,1.0,0.04568,38.06666666666667,False,0.0,52.39658592960855,8052935.246590326,0.04568,fleet_ladder_extended,3018.691769624716,0.06296,0.8345111267653478
SP8_MC_fleet_ladder_extended,fleet_ladder_extended,fleet_50000r_12500l_seed10001,10001,ours_primal_dual_spatial,Ours primal-dual spatial,0.48238,0.008947249999999999,169714,44.34120904376099,625000000.0,480660.5092670005,2.5,0.64536,31.24148166325786,0.25,647.221648985793,3.39428,local_deficit_capacity_prices,proposed_model_based_decentralized_scale,distributed_primal_dual_prices,model_based,proposed,decentralized,0,model_based_tuning_optional,9,False,False,spatial_primal_dual_capacity_prices,0.0052,94,12500,50000,414,0.00336,0.0,-97045.94036394727,0.023500999999999994,1420.799299958162,0.78592,-96982.99701716889,True,1.0,0.13984,116.53333333333333,False,0.0,44.43991977249646,8090270.6123224115,0.13984,fleet_ladder_extended,3018.691769624716,0.18112,0.5006783517776987
SP8_MC_fleet_ladder_extended,fleet_ladder_extended,fleet_50000r_12500l_seed10001,10001,ours_tensor_quorum_flow,Ours tensor quorum flow,0.48238,0.005240249999999999,169714,44.34120904376099,995723.0355827609,481480.04278633447,2.5,0.64376,31.229861905318984,0.25,648.3251717956684,3.39428,local_density_tensor_field,proposed_model_based_decentralized_scale,distributed_tensor_quorum_flow,model_based,proposed,decentralized,0,model_based_tuning_optional,11,False,False,tensor_quorum_flow_density_obstacle_aware,0.00024,94,12500,50000,414,0.00048,0.0005696614049291957,-97045.94036394727,0.019808999999999997,10404.409499955364,0.78408,-97156.57060885022,True,1.0,0.14032,116.93333333333334,False,0.0,44.44583186483523,8104064.647445856,0.14032,fleet_ladder_extended,3018.691769624716,0.1812,0.5006078007260064
SP8_MC_fleet_ladder_extended,fleet_ladder_extended,fleet_50000r_12500l_seed10001,10001,ours_wrench_market_hierarchical,Ours wrench-market hierarchical,0.48238,0.008370375,171476,44.34120904376099,995723.0355827609,480949.2703086548,2.5,0.63352,30.727941015035203,0.25,647.6104731016484,3.42952,zone_summaries_plus_local_wrench_bids,proposed_model_based_hierarchical_scale,hierarchical_wrench_market,model_based,proposed,hierarchical,0,model_based_tuning_optional,13,False,False,zone_hierarchical_wrench_market,0.0052,94,12500,50000,414,0.00336,0.0,-97045.94036394727,0.021193499999999997,1377.7537000132725,0.77032,-97045.94036394727,True,1.0,0.13584,113.2,False,0.0,45.06264169742756,8095130.913770605,0.13584,fleet_ladder_extended,3018.691769624716,0.18096,0.4998515737105776
SP8_MC_fleet_ladder_extended,fleet_ladder_extended,fleet_50000r_12500l_seed10001,10001,ours_mean_field_approximation,Ours mean-field approximation,0.48238,0.025400125,62500,44.34120904376099,625000000.0,479083.80520801654,2.5,0.72768,66.88570690500477,0.25,645.0985767105725,1.25,aggregate_density_broadcasts,proposed_model_based_decentralized_scale,mean_field_density_controller,model_based,proposed,decentralized,0,model_based_tuning_optional,7,False,False,mean_field_density_allocation,0.0052,94,12500,50000,414,0.03864,0.0,-97045.94036394727,0.025808499999999998,1165.0183000601828,0.76832,-96745.60753988594,True,1.0,0.03928,32.733333333333334,False,0.0,57.02397555395892,8063732.208882156,0.03928,fleet_ladder_extended,3018.691769624716,0.0536,0.9029200577174402
SP8_MC_fleet_ladder_extended,fleet_ladder_extended,fleet_5r_1l_seed10002,10002,centralized_hungarian_expanded,Centralized Hungarian expanded,0.4,0.0,5,15.108241808752197,125.0,0.8184751665388419,24.00012,1.0,14.956296877236793,0.2,13.419429299103408,1.0,global_all_robot_load_slots,baseline_classic_centralized_scale,centralized_expanded_assignment,classic,baseline,centralized,0,none,1,False,False,expanded_slot_hungarian_polynomial_but_scalar,0.0,1,1,5,4,0.0,0.0,-0.21975158521708407,0.0,0.1412000274285674,1.0,-0.16317435161666946,True,1.0,0.0,0.0,False,0.0,6.740196032648207,13.419429299103408,0.0,fleet_ladder_extended,30.186917696247164,0.0,0.20506136994452787
SP8_MC_fleet_ladder_extended,fleet_ladder_extended,fleet_5r_1l_seed10002,10002,centralized_coalition_oracle,Centralized coalition oracle,0.4,0.0,5,15.108241808752197,32.0,1.1049517953901205,24.00012,1.0,10.389617920557118,0.2,18.11639876608452,1.0,global_all_subsets,reference_model_based_oracle_centralized_scale,centralized_subset_coalition_search,model_based_oracle,reference,centralized,0,none,2,False,False,exact_like_small_scale_coalition_search_timeout_large,0.0,1,1,5,4,0.0,0.0,-0.21975158521708407,0.0,0.3548000240698457,1.0,-0.21975158521708407,True,1.0,0.0,0.0,False,0.0,27.32639222912818,18.11639876608452,0.0,fleet_ladder_extended,30.186917696247164,0.0,0.36543550063488434
SP8_MC_fleet_ladder_extended,fleet_ladder_extended,fleet_5r_1l_seed10002,10002,centralized_time_expanded_mpc,Centralized time-expanded MPC,0.4,0.0,5,15.108241808752197,1728.0,1.1160073420886838,0.002304,1.0,10.389617920557118,0.2,18.297661598910206,1.0,global_time_expanded_state,baseline_sota_centralized_scale,centralized_time_expanded_mpc,sota,baseline,centralized,0,none,8,False,False,time_expanded_mpc_timeout_large,0.0,1,1,5,4,0.0,0.001367110464864147,-0.21975158521708407,0.0,0.15029998030513525,1.0,-0.2217222391672276,True,1.0,0.0,0.0,False,0.0,27.32639222912818,18.297661598910206,0.0,fleet_ladder_extended,30.186917696247164,0.0,0.36543550063488434
SP8_MC_fleet_ladder_extended,fleet_ladder_extended,fleet_5r_1l_seed10002,10002,classic_local_greedy,Classic local greedy,0.4,0.0,14,15.108241808752197,5.0,1.102455381619477,2.000048,0.0,4.134940200311963,0.2,18.075468448994847,2.8,local_distance_beacons,baseline_classic_decentralized_scale,distributed_nearest_greedy,classic,baseline,decentralized,0,none,2,False,False,nearest_local_greedy,0.0,1,1,5,4,0.0,0.0,-0.21975158521708407,0.0,0.152900000102818,1.0,1169.777341478612,True,1.0,1.0,0.46153846153846156,False,0.0,6.091043779670976,18.075468448994847,1.0,fleet_ladder_extended,30.186917696247164,1.0,0.09202457618927845
SP8_MC_fleet_ladder_extended,fleet_ladder_extended,fleet_5r_1l_seed10002,10002,cbba_partitioned,CBBA partitioned,0.4,0.0,14,15.108241808752197,11.60964047443681,1.1079831549687587,2.000048,0.0,4.134940200311963,0.2,18.16609986540769,2.8,zone_auction_bids,baseline_sota_decentralized_scale,partitioned_cbba_auction,sota,baseline,decentralized,0,none,6,False,False,partitioned_cbba_like_auction,0.0,1,1,5,4,0.0,0.0,-0.21975158521708407,0.0,0.23850006982684135,1.0,1169.7761683015453,True,1.0,1.0,0.46153846153846156,False,0.0,6.091043779670976,18.16609986540769,1.0,fleet_ladder_extended,30.186917696247164,1.0,0.09202457618927845
SP8_MC_fleet_ladder_extended,fleet_ladder_extended,fleet_5r_1l_seed10002,10002,auction_market_local,Auction market local,0.4,0.0,14,15.108241808752197,11.60964047443681,1.1074482091607638,2.000048,0.0,4.134940200311963,0.2,18.15732908317419,2.8,local_prices_and_bids,baseline_sota_decentralized_scale,local_market_auction,sota,baseline,decentralized,0,none,6,False,False,local_market_auction,0.0,1,1,5,4,0.0,0.0,-0.21975158521708407,0.0,0.1268000341951847,1.0,1169.7763852509677,True,1.0,1.0,0.46153846153846156,False,0.0,6.091043779670976,18.15732908317419,1.0,fleet_ladder_extended,30.186917696247164,1.0,0.09202457618927845
SP8_MC_fleet_ladder_extended,fleet_ladder_extended,fleet_5r_1l_seed10002,10002,ours_primal_dual_spatial,Ours primal-dual spatial,0.4,0.0,14,15.108241808752197,5.0,1.1110145145473969,2.000048,1.0,10.389617920557118,0.2,18.21580096473086,2.8,local_deficit_capacity_prices,proposed_model_based_decentralized_scale,distributed_primal_dual_prices,model_based,proposed,decentralized,0,model_based_tuning_optional,9,False,False,spatial_primal_dual_capacity_prices,0.0,1,1,5,4,0.0,0.0031756533915146936,-0.21975158521708407,0.0,0.147900078445673,1.0,-0.22433751165521598,True,1.0,0.0,0.0,False,0.0,27.32639222912818,18.21580096473086,0.0,fleet_ladder_extended,30.186917696247164,0.0,0.36543550063488434
SP8_MC_fleet_ladder_extended,fleet_ladder_extended,fleet_5r_1l_seed10002,10002,ours_tensor_quorum_flow,Ours tensor quorum flow,0.4,0.0,14,15.108241808752197,15.509775004326936,1.1138675588567037,2.000048,1.0,10.389617920557118,0.2,18.2625784699762,2.8,local_density_tensor_field,proposed_model_based_decentralized_scale,distributed_tensor_quorum_flow,model_based,proposed,decentralized,0,model_based_tuning_optional,11,False,False,tensor_quorum_flow_density_obstacle_aware,0.0,1,1,5,4,0.0,0.003634015585420841,-0.21975158521708407,0.0,0.2509000478312373,1.0,-0.22500184168754567,True,1.0,0.0,0.0,False,0.0,27.32639222912818,18.2625784699762,0.0,fleet_ladder_extended,30.186917696247164,0.0,0.36543550063488434
SP8_MC_fleet_ladder_extended,fleet_ladder_extended,fleet_5r_1l_seed10002,10002,ours_wrench_market_hierarchical,Ours wrench-market hierarchical,0.4,0.0,15,15.108241808752197,15.509775004326936,1.1127976672407138,2.000048,1.0,10.389617920557118,0.2,18.2450369055092,3.0,zone_summaries_plus_local_wrench_bids,proposed_model_based_hierarchical_scale,hierarchical_wrench_market,model_based,proposed,hierarchical,0,model_based_tuning_optional,13,False,False,zone_hierarchical_wrench_market,0.0,1,1,5,4,0.0,0.0037042172968206563,-0.21975158521708407,0.0,0.16320007853209972,1.0,-0.2251036429446425,True,1.0,0.0,0.0,False,0.0,27.32639222912818,18.2450369055092,0.0,fleet_ladder_extended,30.186917696247164,0.0,0.36543550063488434
SP8_MC_fleet_ladder_extended,fleet_ladder_extended,fleet_5r_1l_seed10002,10002,ours_mean_field_approximation,Ours mean-field approximation,0.4,0.0,6,15.108241808752197,5.0,1.1092313618540803,2.000048,0.0,4.134940200311963,0.2,18.186565023952525,1.2,aggregate_density_broadcasts,proposed_model_based_decentralized_scale,mean_field_density_controller,model_based,proposed,decentralized,0,model_based_tuning_optional,7,False,False,mean_field_density_allocation,0.0,1,1,5,4,0.0,0.0,-0.21975158521708407,0.0,0.1306000631302595,1.0,1169.7792306196493,True,1.0,1.0,0.46153846153846156,False,0.0,6.091043779670976,18.186565023952525,1.0,fleet_ladder_extended,30.186917696247164,1.0,0.09202457618927845
SP8_MC_fleet_ladder_extended,fleet_ladder_extended,fleet_10r_2l_seed10002,10002,centralized_hungarian_expanded,Centralized Hungarian expanded,0.4,0.0,20,17.308241808752197,1000.0,2.1974126677264456,24.00048,0.5,20.291008773682545,0.2,19.2372981352568,2.0,global_all_robot_load_slots,baseline_classic_centralized_scale,centralized_expanded_assignment,classic,baseline,centralized,0,none,1,False,False,expanded_slot_hungarian_polynomial_but_scalar,0.0,1,2,10,6,0.0,0.7461429509398537,584.3762366183364,0.0,0.06409990601241589,0.5,84.53024074484783,True,1.0,0.0,0.0,False,0.0,9.368192325201811,38.4745962705136,0.0,fleet_ladder_extended,42.69074841227312,0.5,0.23176209800664654
SP8_MC_fleet_ladder_extended,fleet_ladder_extended,fleet_10r_2l_seed10002,10002,centralized_coalition_oracle,Centralized coalition oracle,0.4,0.0,20,17.308241808752197,2048.0,2.9294425530623283,24.00048,0.0,40.845881662832454,0.2,25.645870068490648,2.0,global_all_subsets,reference_model_based_oracle_centralized_scale,centralized_subset_coalition_search,model_based_oracle,reference,centralized,0,none,2,False,False,exact_like_small_scale_coalition_search_timeout_large,0.0,1,2,10,6,0.0,0.0,584.3762366183364,0.0,0.2625000197440386,0.5,584.3762366183364,True,1.0,0.5,0.46153846153846156,False,0.0,5.518825943682421,51.291740136981296,0.5,fleet_ladder_extended,42.69074841227312,0.5,0.3994213880168005
SP8_MC_fleet_ladder_extended,fleet_ladder_extended,fleet_10r_2l_seed10002,10002,centralized_time_expanded_mpc,Centralized time-expanded MPC,0.4,0.0,20,17.308241808752197,13824.0,2.9278905997935776,0.009216,0.0,40.845881662832454,0.2,25.632283459037893,2.0,global_time_expanded_state,baseline_sota_centralized_scale,centralized_time_expanded_mpc,sota,baseline,centralized,0,none,8,False,False,time_expanded_mpc_timeout_large,0.0,1,2,10,6,0.0,0.0,584.3762366183364,0.0,0.22899999748915434,0.5,584.3765961969856,True,1.0,0.5,0.46153846153846156,False,0.0,5.518825943682421,51.264566918075786,0.5,fleet_ladder_extended,42.69074841227312,0.5,0.3994213880168005
SP8_MC_fleet_ladder_extended,fleet_ladder_extended,fleet_10r_2l_seed10002,10002,classic_local_greedy,Classic local greedy,0.4,0.0,28,17.308241808752197,20.0,2.601663044316459,2.000096,1.0,29.56528555173554,0.2,22.776317059634835,2.8,local_distance_beacons,baseline_classic_decentralized_scale,distributed_nearest_greedy,classic,baseline,decentralized,0,none,2,False,False,nearest_local_greedy,0.0,1,2,10,6,0.0,0.9982933239288009,584.3762366183364,0.0,0.20300003234297037,1.0,-0.558034609463579,True,1.0,0.0,0.0,False,0.0,9.685590651030978,45.55263411926967,0.0,fleet_ladder_extended,42.69074841227312,0.0,0.33630342465715235
SP8_MC_fleet_ladder_extended,fleet_ladder_extended,fleet_10r_2l_seed10002,10002,cbba_partitioned,CBBA partitioned,0.4,0.0,28,17.308241808752197,66.43856189774725,2.600887067682083,2.000096,1.0,29.56528555173554,0.2,22.76952375490846,2.8,zone_auction_bids,baseline_sota_decentralized_scale,partitioned_cbba_auction,sota,baseline,decentralized,0,none,6,False,False,partitioned_cbba_like_auction,0.0,1,2,10,6,0.0,0.9982933243868607,584.3762366183364,0.0,0.5233000265434384,1.0,-0.5581918701443465,True,1.0,0.0,0.0,False,0.0,9.685590651030978,45.53904750981692,0.0,fleet_ladder_extended,42.69074841227312,0.0,0.33630342465715235
SP8_MC_fleet_ladder_extended,fleet_ladder_extended,fleet_10r_2l_seed10002,10002,auction_market_local,Auction market local,0.4,0.0,28,17.308241808752197,66.43856189774725,2.600962162195088,2.000096,1.0,29.56528555173554,0.2,22.770181171494883,2.8,local_prices_and_bids,baseline_sota_decentralized_scale,local_market_auction,sota,baseline,decentralized,0,none,6,False,False,local_market_auction,0.0,1,2,10,6,0.0,0.9982933234756903,584.3762366183364,0.0,0.1946999691426754,1.0,-0.5578790480850199,True,1.0,0.0,0.0,False,0.0,9.685590651030978,45.540362342989766,0.0,fleet_ladder_extended,42.69074841227312,0.0,0.33630342465715235
SP8_MC_fleet_ladder_extended,fleet_ladder_extended,fleet_10r_2l_seed10002,10002,ours_primal_dual_spatial,Ours primal-dual spatial,0.4,0.0,28,17.308241808752197,20.0,2.9285914819149483,2.000096,0.0,40.845881662832454,0.2,25.638419347177845,2.8,local_deficit_capacity_prices,proposed_model_based_decentralized_scale,distributed_primal_dual_prices,model_based,proposed,decentralized,0,model_based_tuning_optional,9,False,False,spatial_primal_dual_capacity_prices,0.0,1,2,10,6,0.0,2.5551476750753247e-06,584.3762366183364,0.0,0.23020000662654638,0.5,584.373247735661,True,1.0,0.5,0.46153846153846156,False,0.0,5.518825943682421,51.27683869435569,0.5,fleet_ladder_extended,42.69074841227312,0.5,0.3994213880168005
SP8_MC_fleet_ladder_extended,fleet_ladder_extended,fleet_10r_2l_seed10002,10002,ours_tensor_quorum_flow,Ours tensor quorum flow,0.4,0.0,28,17.308241808752197,43.01955000865387,2.928190977845594,2.000096,0.0,40.845881662832454,0.2,25.63491312538359,2.8,local_density_tensor_field,proposed_model_based_decentralized_scale,distributed_tensor_quorum_flow,model_based,proposed,decentralized,0,model_based_tuning_optional,11,False,False,tensor_quorum_flow_density_obstacle_aware,0.0,1,2,10,6,0.0,2.7800260596154497e-06,584.3762366183364,0.0,0.5773999728262424,0.5,584.372984685018,True,1.0,0.5,0.46153846153846156,False,0.0,5.518825943682421,51.26982625076718,0.5,fleet_ladder_extended,42.69074841227312,0.5,0.3994213880168005
SP8_MC_fleet_ladder_extended,fleet_ladder_extended,fleet_10r_2l_seed10002,10002,ours_wrench_market_hierarchical,Ours wrench-market hierarchical,0.4,0.0,30,17.308241808752197,43.01955000865387,2.928341166871602,2.000096,0.0,40.845881662832454,0.2,25.636227958556436,3.0,zone_summaries_plus_local_wrench_bids,proposed_model_based_hierarchical_scale,hierarchical_wrench_market,model_based,proposed,hierarchical,0,model_based_tuning_optional,13,False,False,zone_hierarchical_wrench_market,0.0,1,2,10,6,0.0,3.404055987489515e-06,584.3762366183364,0.0,0.47580001410096884,0.5,584.3722547289806,True,1.0,0.5,0.46153846153846156,False,0.0,5.518825943682421,51.27245591711287,0.5,fleet_ladder_extended,42.69074841227312,0.5,0.3994213880168005
SP8_MC_fleet_ladder_extended,fleet_ladder_extended,fleet_10r_2l_seed10002,10002,ours_mean_field_approximation,Ours mean-field approximation,0.4,0.0,12,17.308241808752197,20.0,2.6007118471517408,2.000096,1.0,29.56528555173554,0.2,22.76798978287347,1.2,aggregate_density_broadcasts,proposed_model_based_decentralized_scale,mean_field_density_controller,model_based,proposed,decentralized,0,model_based_tuning_optional,7,False,False,mean_field_density_allocation,0.0,1,2,10,6,0.0,0.9982933047311177,584.3762366183364,0.0,0.21199998445808887,1.0,-0.5514437547734214,True,1.0,0.0,0.0,False,0.0,9.685590651030978,45.53597956574694,0.0,fleet_ladder_extended,42.69074841227312,0.0,0.33630342465715235
SP8_MC_fleet_ladder_extended,fleet_ladder_extended,fleet_25r_6l_seed10002,10002,centralized_hungarian_expanded,Centralized Hungarian expanded,0.6,0.0,150,20.216483617504394,15625.0,12.129013893154763,24.0036,0.6666666666666666,53.849537953865244,0.24,25.880161782670182,6.0,global_all_robot_load_slots,baseline_classic_centralized_scale,centralized_expanded_assignment,classic,baseline,centralized,0,none,1,False,False,expanded_slot_hungarian_polynomial_but_scalar,0.0,2,6,25,9,0.0,0.9955342236315542,221.00180045464225,0.0,0.05780009087175131,0.6666666666666666,-1.923429448443125,True,1.0,0.0,0.0,False,0.0,53.25814601649188,155.2809706960211,0.0,fleet_ladder_extended,67.5,0.0,0.7320685423941616
SP8_MC_fleet_ladder_extended,fleet_ladder_extended,fleet_25r_6l_seed10002,10002,centralized_coalition_oracle,Centralized coalition oracle,0.6,0.0,150,20.216483617504394,201326592.0,15.836736418404527,24.0036,0.5,29.71149315807212,0.24,33.79147754535301,6.0,global_all_subsets,reference_model_based_oracle_centralized_scale,centralized_subset_coalition_search,model_based_oracle,reference,centralized,0,none,2,False,False,exact_like_small_scale_coalition_search_timeout_large,0.0,2,6,25,9,0.0,0.0003674249786724457,221.00180045464225,0.0,1.2573000276461244,0.6666666666666666,220.83908965004025,True,1.0,0.16666666666666666,0.4363636363636364,False,0.0,29.974573844793067,202.74886527211808,0.16666666666666666,fleet_ladder_extended,67.5,0.3333333333333333,0.3735234468828701
SP8_MC_fleet_ladder_extended,fleet_ladder_extended,fleet_25r_6l_seed10002,10002,centralized_time_expanded_mpc,Centralized time-expanded MPC,0.6,0.0,150,20.216483617504394,238328.0,15.965565642886233,0.061504,0.5,29.71149315807212,0.24,34.06636561138154,6.0,global_time_expanded_state,baseline_sota_centralized_scale,centralized_time_expanded_mpc,sota,baseline,centralized,0,none,8,False,False,time_expanded_mpc_timeout_large,0.0,2,6,25,9,0.0,0.0004105598392243119,221.00180045464225,0.0,0.5594000685960054,0.6666666666666666,220.81999560924524,True,1.0,0.16666666666666666,0.4363636363636364,False,0.0,29.974573844793067,204.39819366828925,0.16666666666666666,fleet_ladder_extended,67.5,0.3333333333333333,0.3735234468828701
SP8_MC_fleet_ladder_extended,fleet_ladder_extended,fleet_25r_6l_seed10002,10002,classic_local_greedy,Classic local greedy,0.6,0.0,102,20.216483617504394,150.0,16.604457294540342,2.000248,0.6666666666666666,43.81427954747331,0.24,35.42959426723602,4.08,local_distance_beacons,baseline_classic_decentralized_scale,distributed_nearest_greedy,classic,baseline,decentralized,0,none,2,False,False,nearest_local_greedy,0.0,2,6,25,9,0.0,0.9955475219561861,221.00180045464225,0.0,0.5015999777242541,0.6666666666666666,-2.592232387218718,True,1.0,0.0,0.0,False,0.0,57.841064996885756,212.57756560341613,0.0,fleet_ladder_extended,67.5,0.0,0.6110579845551495
SP8_MC_fleet_ladder_extended,fleet_ladder_extended,fleet_25r_6l_seed10002,10002,cbba_partitioned,CBBA partitioned,0.6,0.0,102,20.216483617504394,696.5784284662087,15.581932465972573,2.000248,0.8333333333333334,34.386221816253524,0.24,33.24779216664927,4.08,zone_auction_bids,baseline_sota_decentralized_scale,partitioned_cbba_auction,sota,baseline,decentralized,0,none,6,False,False,partitioned_cbba_like_auction,0.0,2,6,25,9,0.0,0.9955444210775047,221.00180045464225,0.0,1.2841999996453524,0.8333333333333334,-2.4359252359983925,True,1.0,0.0,0.0,False,0.0,39.29464329314597,199.4867529998956,0.0,fleet_ladder_extended,67.5,0.0,0.4903490278599984
SP8_MC_fleet_ladder_extended,fleet_ladder_extended,fleet_25r_6l_seed10002,10002,auction_market_local,Auction market local,0.6,0.0,102,20.216483617504394,696.5784284662087,17.521783689643204,2.000248,0.5,41.08292183314591,0.24,37.386930265191644,4.08,local_prices_and_bids,baseline_sota_decentralized_scale,local_market_auction,sota,baseline,decentralized,0,none,6,False,False,local_market_auction,0.0,2,6,25,9,0.0,0.9955503135269342,221.00180045464225,0.0,0.4755000118166208,0.5,-2.733134479105615,True,1.0,0.0,0.0,False,0.0,31.165295818278192,224.32158159114985,0.0,fleet_ladder_extended,67.5,0.0,0.5296714814919792
SP8_MC_fleet_ladder_extended,fleet_ladder_extended,fleet_25r_6l_seed10002,10002,ours_primal_dual_spatial,Ours primal-dual spatial,0.6,0.0,102,20.216483617504394,150.0,15.907384702797719,2.000248,0.5,29.71149315807212,0.24,33.94222261382027,4.08,local_deficit_capacity_prices,proposed_model_based_decentralized_scale,distributed_primal_dual_prices,model_based,proposed,decentralized,0,model_based_tuning_optional,9,False,False,spatial_primal_dual_capacity_prices,0.0,2,6,25,9,0.0,0.0003477319314027889,221.00180045464225,0.0,0.8857999928295612,0.6666666666666666,220.84780750514543,True,1.0,0.16666666666666666,0.4363636363636364,False,0.0,29.974573844793067,203.6533356829216,0.16666666666666666,fleet_ladder_extended,67.5,0.3333333333333333,0.3735234468828701
SP8_MC_fleet_ladder_extended,fleet_ladder_extended,fleet_25r_6l_seed10002,10002,ours_tensor_quorum_flow,Ours tensor quorum flow,0.6,0.0,102,20.216483617504394,153.58008562199313,14.165708914931885,2.000248,0.5,29.711493158068176,0.24,30.22593936441562,4.08,local_density_tensor_field,proposed_model_based_decentralized_scale,distributed_tensor_quorum_flow,model_based,proposed,decentralized,0,model_based_tuning_optional,11,False,False,tensor_quorum_flow_density_obstacle_aware,0.0,2,6,25,9,0.0,0.0,221.00180045464225,0.0,2.2418000735342503,0.6666666666666666,221.11402389902187,True,1.0,0.16666666666666666,0.4363636363636364,False,0.0,29.974573844797348,181.3556361864937,0.16666666666666666,fleet_ladder_extended,67.5,0.3333333333333333,0.3735234468828362
SP8_MC_fleet_ladder_extended,fleet_ladder_extended,fleet_25r_6l_seed10002,10002,ours_wrench_market_hierarchical,Ours wrench-market hierarchical,0.6,0.0,97,20.216483617504394,153.58008562199313,14.914432373544216,2.000248,0.5,23.410489276326985,0.24,31.82352053713596,3.88,zone_summaries_plus_local_wrench_bids,proposed_model_based_hierarchical_scale,hierarchical_wrench_market,model_based,proposed,hierarchical,0,model_based_tuning_optional,13,False,False,zone_hierarchical_wrench_market,0.0,2,6,25,9,0.0,0.0,221.00180045464225,0.0,1.4394000172615051,0.6666666666666666,221.00180045464225,True,1.0,0.16666666666666666,0.4363636363636364,False,0.0,34.33201489512403,190.94112322281575,0.16666666666666666,fleet_ladder_extended,67.5,0.3333333333333333,0.336178470198438
SP8_MC_fleet_ladder_extended,fleet_ladder_extended,fleet_25r_6l_seed10002,10002,ours_mean_field_approximation,Ours mean-field approximation,0.6,0.0,31,20.216483617504394,150.0,15.596477700994697,2.000248,0.8333333333333334,34.386221816253524,0.24,33.27882791603958,1.24,aggregate_density_broadcasts,proposed_model_based_decentralized_scale,mean_field_density_controller,model_based,proposed,decentralized,0,model_based_tuning_optional,7,False,False,mean_field_density_allocation,0.0,2,6,25,9,0.0,0.9955438866000405,221.00180045464225,0.0,0.5299999611452222,0.8333333333333334,-2.409005609915995,True,1.0,0.0,0.0,False,0.0,39.29464329314597,199.67296749623748,0.0,fleet_ladder_extended,67.5,0.0,0.4903490278599984
SP8_MC_fleet_ladder_extended,fleet_ladder_extended,fleet_50r_12l_seed10002,10002,centralized_hungarian_expanded,Centralized Hungarian expanded,0.5,0.003590909090909091,600,22.416483617504394,125000.0,20.377202790591873,24.0144,0.5833333333333334,47.13460541624226,0.24,28.397701691908853,12.0,global_all_robot_load_slots,baseline_classic_centralized_scale,centralized_expanded_assignment,classic,baseline,centralized,0,none,1,False,False,expanded_slot_hungarian_polynomial_but_scalar,0.0,3,12,50,13,0.0,0.31008699535151,203.45573167414165,0.014363636363636363,0.10089995339512825,0.6666666666666666,106.9063876321693,True,1.0,0.08333333333333333,0.40297970456523197,False,0.0,53.558412855374,340.77242030290626,0.08333333333333333,fleet_ladder_extended,95.45941546018392,0.16666666666666666,0.6687506628823313
SP8_MC_fleet_ladder_extended,fleet_ladder_extended,fleet_50r_12l_seed10002,10002,centralized_coalition_oracle,Centralized coalition oracle,0.5,0.0033446969696969697,600,22.416483617504394,3221225472.0,25.25425290474964,24.0144,0.5833333333333334,23.286963076066215,0.24,35.19436636181567,12.0,global_all_subsets,reference_model_based_oracle_centralized_scale,centralized_subset_coalition_search,model_based_oracle,reference,centralized,0,none,2,False,False,exact_like_small_scale_coalition_search_timeout_large,0.0,3,12,50,13,0.0,0.0,203.45573167414165,0.013378787878787879,1.5826000599190593,0.75,203.45573167414165,True,1.0,0.16666666666666666,0.8059594091304639,False,0.0,46.740021891767675,422.332396341788,0.16666666666666666,fleet_ladder_extended,95.45941546018392,0.25,0.4356740592256778
SP8_MC_fleet_ladder_extended,fleet_ladder_extended,fleet_50r_12l_seed10002,10002,centralized_time_expanded_mpc,Centralized time-expanded MPC,0.5,0.0018181818181818182,600,22.416483617504394,1906624.0,25.449047462588368,0.246016,0.5833333333333334,23.286963076066215,0.24,35.46583236240263,12.0,global_time_expanded_state,baseline_sota_centralized_scale,centralized_time_expanded_mpc,sota,baseline,centralized,0,none,8,False,False,time_expanded_mpc_timeout_large,0.0,3,12,50,13,0.0,0.0,203.45573167414165,0.007272727272727273,1.0860000038519502,0.75,203.600318988295,True,1.0,0.16666666666666666,0.8059594091304639,False,0.0,46.740021891767675,425.5899883488316,0.16666666666666666,fleet_ladder_extended,95.45941546018392,0.25,0.4356740592256778
SP8_MC_fleet_ladder_extended,fleet_ladder_extended,fleet_50r_12l_seed10002,10002,classic_local_greedy,Classic local greedy,0.5,0.0036893939393939394,174,22.416483617504394,600.0,25.59568477113296,2.000496,0.5,34.57712877648319,0.24,35.67018634502464,3.48,local_distance_beacons,baseline_classic_decentralized_scale,distributed_nearest_greedy,classic,baseline,decentralized,0,none,2,False,False,nearest_local_greedy,0.0,3,12,50,13,0.0,0.2565064848735901,203.45573167414165,0.014757575757575758,0.8690999820828438,0.5833333333333334,120.18363012694043,True,1.0,0.08333333333333333,0.40297970456523197,False,0.0,43.75958659866277,428.04223614029564,0.08333333333333333,fleet_ladder_extended,95.45941546018392,0.25,0.5003885063582556
SP8_MC_fleet_ladder_extended,fleet_ladder_extended,fleet_50r_12l_seed10002,10002,cbba_partitioned,CBBA partitioned,0.5,0.0029261363636363634,174,22.416483617504394,3386.3137138648344,24.889757639719004,2.000496,0.5833333333333334,40.97566968632078,0.24,34.686405190165935,3.48,zone_auction_bids,baseline_sota_decentralized_scale,partitioned_cbba_auction,sota,baseline,decentralized,0,none,6,False,False,partitioned_cbba_like_auction,0.0,3,12,50,13,0.0,0.91325792877475,203.45573167414165,0.011704545454545454,4.2727000545710325,0.5833333333333334,8.746815255591835,True,1.0,0.0,0.0,False,0.0,41.18443881349001,416.23686228199125,0.0,fleet_ladder_extended,95.45941546018392,0.08333333333333333,0.5782279759057397
SP8_MC_fleet_ladder_extended,fleet_ladder_extended,fleet_50r_12l_seed10002,10002,auction_market_local,Auction market local,0.5,0.003,174,22.416483617504394,3386.3137138648344,25.901168326260905,2.000496,0.5833333333333334,40.749789393629435,0.24,36.09590870542203,3.48,local_prices_and_bids,baseline_sota_decentralized_scale,local_market_auction,sota,baseline,decentralized,0,none,6,False,False,local_market_auction,0.0,3,12,50,13,0.0,0.3765564003686603,203.45573167414165,0.012,0.8595999097451568,0.6666666666666666,91.87172954650948,True,1.0,0.08333333333333333,0.40297970456523197,False,0.0,48.0979259169186,433.1509044650644,0.08333333333333333,fleet_ladder_extended,95.45941546018392,0.08333333333333333,0.5858654337054291
SP8_MC_fleet_ladder_extended,fleet_ladder_extended,fleet_50r_12l_seed10002,10002,ours_primal_dual_spatial,Ours primal-dual spatial,0.5,0.0025075757575757575,174,22.416483617504394,600.0,25.361075726790233,2.000496,0.5833333333333334,23.286963076066215,0.24,35.34323481375045,3.48,local_deficit_capacity_prices,proposed_model_based_decentralized_scale,distributed_primal_dual_prices,model_based,proposed,decentralized,0,model_based_tuning_optional,9,False,False,spatial_primal_dual_capacity_prices,0.0,3,12,50,13,0.0,0.0,203.45573167414165,0.01003030303030303,1.0586000280454755,0.75,203.70567316254943,True,1.0,0.16666666666666666,0.8059594091304639,False,0.0,46.740021891767675,424.1188177650054,0.16666666666666666,fleet_ladder_extended,95.45941546018392,0.25,0.4356740592256778
SP8_MC_fleet_ladder_extended,fleet_ladder_extended,fleet_50r_12l_seed10002,10002,ours_tensor_quorum_flow,Ours tensor quorum flow,0.5,0.0021136363636363635,174,22.416483617504394,369.16017124398627,25.111405155440412,2.000496,0.6666666666666666,23.53032936825647,0.24,34.99529351487335,3.48,local_density_tensor_field,proposed_model_based_decentralized_scale,distributed_tensor_quorum_flow,model_based,proposed,decentralized,0,model_based_tuning_optional,11,False,False,tensor_quorum_flow_density_obstacle_aware,0.0,3,12,50,13,0.0,0.0,203.45573167414165,0.008454545454545454,5.585100036114454,0.8333333333333334,203.7985229368524,True,1.0,0.16666666666666666,0.8059594091304639,False,0.0,46.63998042144656,419.94352217848024,0.16666666666666666,fleet_ladder_extended,95.45941546018392,0.25,0.4351944061936099
SP8_MC_fleet_ladder_extended,fleet_ladder_extended,fleet_50r_12l_seed10002,10002,ours_wrench_market_hierarchical,Ours wrench-market hierarchical,0.5,0.0022613636363636364,174,22.416483617504394,369.16017124398627,24.18771183114682,2.000496,0.6666666666666666,23.286963076066215,0.24,33.70803305289239,3.48,zone_summaries_plus_local_wrench_bids,proposed_model_based_hierarchical_scale,hierarchical_wrench_market,model_based,proposed,hierarchical,0,model_based_tuning_optional,13,False,False,zone_hierarchical_wrench_market,0.0,3,12,50,13,0.0,0.25475295639932494,203.45573167414165,0.009045454545454546,1.0963999666273594,0.75,120.63731653738657,True,1.0,0.08333333333333333,0.40297970456523197,False,0.0,46.74002189176766,404.4963966347087,0.08333333333333333,fleet_ladder_extended,95.45941546018392,0.25,0.4356740592256776
SP8_MC_fleet_ladder_extended,fleet_ladder_extended,fleet_50r_12l_seed10002,10002,ours_mean_field_approximation,Ours mean-field approximation,0.5,0.002753787878787879,62,22.416483617504394,600.0,25.445119577949473,2.000496,0.5833333333333334,42.15153866963502,0.24,35.46035845622415,1.24,aggregate_density_broadcasts,proposed_model_based_decentralized_scale,mean_field_density_controller,model_based,proposed,decentralized,0,model_based_tuning_optional,7,False,False,mean_field_density_allocation,0.0,3,12,50,13,0.0,0.9136411654149229,203.45573167414165,0.011015151515151516,1.0023999493569136,0.5833333333333334,8.704118103566485,True,1.0,0.0,0.0,False,0.0,40.11859838688079,425.5243014746898,0.0,fleet_ladder_extended,95.45941546018392,0.08333333333333333,0.585129109348275
SP8_MC_fleet_ladder_extended,fleet_ladder_extended,fleet_100r_25l_seed10002,10002,centralized_hungarian_expanded,Centralized Hungarian expanded,0.54,0.00869,2500,24.616483617504393,1000000.0,58.84478094285331,24.06,0.76,45.01486948494161,0.25,36.7397102186168,25.0,global_all_robot_load_slots,baseline_classic_centralized_scale,centralized_expanded_assignment,classic,baseline,centralized,0,none,1,False,False,expanded_slot_hungarian_polynomial_but_scalar,0.0,4,25,100,18,0.0,0.6035828704956805,327.302126153019,0.03476,0.2620000159367919,0.84,80.53502493439902,True,1.0,0.08,0.7272727272727273,False,0.0,37.240161877038744,918.4927554654199,0.08,fleet_ladder_extended,135.0,0.08,0.6049824948847786
SP8_MC_fleet_ladder_extended,fleet_ladder_extended,fleet_100r_25l_seed10002,10002,centralized_coalition_oracle,Centralized coalition oracle,0.0,1.0,2500,24.616483617504393,6710886400.0,nan,24.06,0.0,nan,0.25,nan,25.0,global_all_subsets,reference_model_based_oracle_centralized_scale,centralized_subset_coalition_search,model_based_oracle,reference,centralized,0,none,2,False,False,exact_like_small_scale_coalition_search_timeout_large,nan,4,25,100,18,nan,1.0,327.302126153019,nan,60000.0,0.0,-1000000.0,False,0.0,0.0,0.0,True,1.0,nan,nan,0.0,fleet_ladder_extended,135.0,0.0,nan
SP8_MC_fleet_ladder_extended,fleet_ladder_extended,fleet_100r_25l_seed10002,10002,centralized_time_expanded_mpc,Centralized time-expanded MPC,0.54,0.0044,2500,24.616483617504393,15625000.0,73.31916505694983,1.0,0.56,20.13871528971864,0.25,45.77678486524171,25.0,global_time_expanded_state,baseline_sota_centralized_scale,centralized_time_expanded_mpc,sota,baseline,centralized,0,none,8,False,False,time_expanded_mpc_timeout_large,0.0,4,25,100,18,0.0,0.0020870998971006197,327.302126153019,0.0176,2.3000999353826046,0.84,325.93666444049205,True,1.0,0.28,2.5454545454545454,False,0.0,28.350925854320327,1144.4196216310427,0.28,fleet_ladder_extended,135.0,0.36,0.3297615153461887
SP8_MC_fleet_ladder_extended,fleet_ladder_extended,fleet_100r_25l_seed10002,10002,classic_local_greedy,Classic local greedy,0.54,0.008928333333333333,374,24.616483617504393,2500.0,71.663986715395,2.001,0.88,46.010276346032704,0.25,44.74337507673538,3.74,local_distance_beacons,baseline_classic_decentralized_scale,distributed_nearest_greedy,classic,baseline,decentralized,0,none,2,False,False,nearest_local_greedy,0.0,4,25,100,18,0.0,0.8188179793554722,327.302126153019,0.03571333333333333,1.8943999893963337,0.92,32.15409307698999,True,1.0,0.04,0.36363636363636365,False,0.0,49.66156764346332,1118.5843769183846,0.04,fleet_ladder_extended,135.0,0.04,0.6735623559697937
SP8_MC_fleet_ladder_extended,fleet_ladder_extended,fleet_100r_25l_seed10002,10002,cbba_partitioned,CBBA partitioned,0.54,0.00708125,374,24.616483617504393,16609.640474436812,69.830369959955,2.001,0.72,37.25674674485942,0.25,43.59855735173971,3.74,zone_auction_bids,baseline_sota_decentralized_scale,partitioned_cbba_auction,sota,baseline,decentralized,0,none,6,False,False,partitioned_cbba_like_auction,0.0,4,25,100,18,0.0,0.3075044046547838,327.302126153019,0.028325,6.731900037266314,0.88,173.1143508944408,True,1.0,0.16,1.4545454545454546,False,0.0,32.306478580947484,1089.9639337934927,0.16,fleet_ladder_extended,135.0,0.16,0.5242025876451466
SP8_MC_fleet_ladder_extended,fleet_ladder_extended,fleet_100r_25l_seed10002,10002,auction_market_local,Auction market local,0.54,0.00726,374,24.616483617504393,16609.640474436812,72.93465519660583,2.001,0.88,45.07199340896971,0.25,45.53671632188256,3.74,local_prices_and_bids,baseline_sota_decentralized_scale,local_market_auction,sota,baseline,decentralized,0,none,6,False,False,local_market_auction,0.0,4,25,100,18,0.0,0.8190084966994438,327.302126153019,0.02904,1.845099963247776,0.92,32.11634000347198,True,1.0,0.04,0.36363636363636365,False,0.0,48.576343740229916,1138.417908047064,0.04,fleet_ladder_extended,135.0,0.04,0.657214190495985
SP8_MC_fleet_ladder_extended,fleet_ladder_extended,fleet_100r_25l_seed10002,10002,ours_primal_dual_spatial,Ours primal-dual spatial,0.54,0.006068333333333333,374,24.616483617504393,2500.0,73.08743188497158,2.001,0.56,20.13871528971864,0.25,45.63210237258718,3.74,local_deficit_capacity_prices,proposed_model_based_decentralized_scale,distributed_primal_dual_prices,model_based,proposed,decentralized,0,model_based_tuning_optional,9,False,False,spatial_primal_dual_capacity_prices,0.0,4,25,100,18,0.0,0.0010259418174187723,327.302126153019,0.02427333333333333,2.365599968470633,0.84,326.63020368825534,True,1.0,0.28,2.5454545454545454,False,0.0,28.350925854320327,1140.8025593146795,0.28,fleet_ladder_extended,135.0,0.36,0.3297615153461887
SP8_MC_fleet_ladder_extended,fleet_ladder_extended,fleet_100r_25l_seed10002,10002,ours_tensor_quorum_flow,Ours tensor quorum flow,0.54,0.005115,374,24.616483617504393,870.7230355827609,73.31447016594905,2.001,0.6,19.97668592382105,0.25,45.77385361234022,3.74,local_density_tensor_field,proposed_model_based_decentralized_scale,distributed_tensor_quorum_flow,model_based,proposed,decentralized,0,model_based_tuning_optional,11,False,False,tensor_quorum_flow_density_obstacle_aware,0.0,4,25,100,18,0.0,0.0009319301890513962,327.302126153019,0.02046,12.726299930363894,0.88,326.6917176163675,True,1.0,0.28,2.5454545454545454,False,0.0,27.988273204876833,1144.3463403085054,0.28,fleet_ladder_extended,135.0,0.36,0.32676464011763223
SP8_MC_fleet_ladder_extended,fleet_ladder_extended,fleet_100r_25l_seed10002,10002,ours_wrench_market_hierarchical,Ours wrench-market hierarchical,0.54,0.0054725,366,24.616483617504393,870.7230355827609,69.89897011208795,2.001,0.64,20.47544999979311,0.25,43.64138782319249,3.66,zone_summaries_plus_local_wrench_bids,proposed_model_based_hierarchical_scale,hierarchical_wrench_market,model_based,proposed,hierarchical,0,model_based_tuning_optional,13,False,False,zone_hierarchical_wrench_market,0.0,4,25,100,18,0.0,0.0,327.302126153019,0.02189,2.3575000232085586,0.92,327.302126153019,True,1.0,0.28,2.5454545454545454,False,0.0,29.416004030654154,1091.0346955798123,0.28,fleet_ladder_extended,135.0,0.36,0.3345111143911184
SP8_MC_fleet_ladder_extended,fleet_ladder_extended,fleet_100r_25l_seed10002,10002,ours_mean_field_approximation,Ours mean-field approximation,0.54,0.006664166666666666,125,24.616483617504393,2500.0,71.12752795208914,2.001,0.84,40.88574930510531,0.25,44.40843731008391,1.25,aggregate_density_broadcasts,proposed_model_based_decentralized_scale,mean_field_density_controller,model_based,proposed,decentralized,0,model_based_tuning_optional,7,False,False,mean_field_density_allocation,0.0,4,25,100,18,0.0,0.6079461007444128,327.302126153019,0.026656666666666665,2.1409000037238,0.92,79.4256279069711,True,1.0,0.08,0.7272727272727273,False,0.0,38.532405878363555,1110.2109327520977,0.08,fleet_ladder_extended,135.0,0.08,0.573804678275827
SP8_MC_fleet_ladder_extended,fleet_ladder_extended,fleet_250r_62l_seed10002,10002,centralized_hungarian_expanded,Centralized Hungarian expanded,0.488,0.04244262295081967,15500,27.52472542625659,15625000.0,227.42169953081407,24.372,0.7096774193548387,43.38281763048853,0.248,61.30754952383075,62.0,global_all_robot_load_slots,baseline_classic_centralized_scale,centralized_expanded_assignment,classic,baseline,centralized,0,none,1,False,False,expanded_slot_hungarian_polynomial_but_scalar,0.0,7,62,250,29,0.06451612903225806,0.995302734762468,198.20890830255513,0.05364145954521417,0.7969998987391591,0.7419354838709677,-13.680922148114274,True,1.0,0.03225806451612903,0.6092526107866332,False,0.0,45.18814089999108,3801.0680704775064,0.03225806451612903,fleet_ladder_extended,213.4537420613656,0.06451612903225806,0.6168112550748669
SP8_MC_fleet_ladder_extended,fleet_ladder_extended,fleet_250r_62l_seed10002,10002,centralized_coalition_oracle,Centralized coalition oracle,0.0,1.0,15500,27.52472542625659,16642998272.0,nan,24.372,0.0,nan,0.248,nan,62.0,global_all_subsets,reference_model_based_oracle_centralized_scale,centralized_subset_coalition_search,model_based_oracle,reference,centralized,0,none,2,False,False,exact_like_small_scale_coalition_search_timeout_large,nan,7,62,250,29,nan,1.0,198.20890830255513,nan,60000.0,0.0,-1000000.0,False,0.0,0.0,0.0,True,1.0,nan,nan,0.0,fleet_ladder_extended,213.4537420613656,0.0,nan
SP8_MC_fleet_ladder_extended,fleet_ladder_extended,fleet_250r_62l_seed10002,10002,centralized_time_expanded_mpc,Centralized time-expanded MPC,0.0,1.0,15500,27.52472542625659,242970624.0,nan,6.230016,0.0,nan,0.248,nan,62.0,global_time_expanded_state,baseline_sota_centralized_scale,centralized_time_expanded_mpc,sota,baseline,centralized,0,none,8,False,False,time_expanded_mpc_timeout_large,nan,7,62,250,29,nan,1.0,198.20890830255513,nan,60000.0,0.0,-1000000.0,False,0.0,0.0,0.0,True,1.0,nan,nan,0.0,fleet_ladder_extended,213.4537420613656,0.0,nan
SP8_MC_fleet_ladder_extended,fleet_ladder_extended,fleet_250r_62l_seed10002,10002,classic_local_greedy,Classic local greedy,0.488,0.04281041776837652,856,27.52472542625659,15500.0,250.66546883972933,2.002496,0.7580645161290323,40.89428723141376,0.248,67.57352388321125,3.424,local_distance_beacons,baseline_classic_decentralized_scale,distributed_nearest_greedy,classic,baseline,decentralized,0,none,2,False,False,nearest_local_greedy,0.0,7,62,250,29,0.06451612903225806,0.5319678371858712,198.20890830255513,0.05511263881544157,5.744699970819056,0.8548387096774194,60.20764533419869,True,1.0,0.0967741935483871,1.8277578323598995,False,0.0,41.41310629328528,4189.558480759098,0.0967741935483871,fleet_ladder_extended,213.4537420613656,0.11290322580645161,0.5786102394650442
SP8_MC_fleet_ladder_extended,fleet_ladder_extended,fleet_250r_62l_seed10002,10002,cbba_partitioned,CBBA partitioned,0.488,0.03996000793231095,856,27.52472542625659,123469.65641226235,250.68894228107675,2.002496,0.7580645161290323,46.54108594923145,0.248,67.57985177175868,3.424,zone_auction_bids,baseline_sota_decentralized_scale,partitioned_cbba_auction,sota,baseline,decentralized,0,none,6,False,False,partitioned_cbba_like_auction,0.0,7,62,250,29,0.06451612903225806,0.9832426824271616,198.20890830255513,0.04371099947117927,16.91080001182854,0.8064516129032258,1.1789817557288393,True,1.0,0.04838709677419355,0.9138789161799498,False,0.0,44.266084191764584,4189.950809849039,0.04838709677419355,fleet_ladder_extended,213.4537420613656,0.04838709677419355,0.649134276802817
SP8_MC_fleet_ladder_extended,fleet_ladder_extended,fleet_250r_62l_seed10002,10002,auction_market_local,Auction market local,0.488,0.04023585404547858,856,27.52472542625659,123469.65641226235,251.1839638985356,2.002496,0.7258064516129032,40.50518415780569,0.248,67.7132979749589,3.424,local_prices_and_bids,baseline_sota_decentralized_scale,local_market_auction,sota,baseline,decentralized,0,none,6,False,False,local_market_auction,0.0,7,62,250,29,0.06451612903225806,0.5307534281177695,198.20890830255513,0.044814383923849815,4.894700017757714,0.8225806451612904,60.413451056639246,True,1.0,0.0967741935483871,1.8277578323598995,False,0.0,37.46872125962111,4198.224474447452,0.0967741935483871,fleet_ladder_extended,213.4537420613656,0.11290322580645161,0.5702277749004856
SP8_MC_fleet_ladder_extended,fleet_ladder_extended,fleet_250r_62l_seed10002,10002,ours_primal_dual_spatial,Ours primal-dual spatial,0.488,0.009364621893178212,856,27.52472542625659,15500.0,255.90713738433143,2.002496,0.5967741935483871,24.507321168735377,0.248,68.98655462983162,3.424,local_deficit_capacity_prices,proposed_model_based_decentralized_scale,distributed_primal_dual_prices,model_based,proposed,decentralized,0,model_based_tuning_optional,9,False,False,spatial_primal_dual_capacity_prices,0.0,7,62,250,29,0.0,0.0,198.20890830255513,0.03745848757271285,7.31480005197227,0.8387096774193549,230.26505005720418,True,1.0,0.24193548387096775,4.569394580899749,False,0.0,39.020433053479664,4277.16638704956,0.24193548387096775,fleet_ladder_extended,213.4537420613656,0.24193548387096775,0.42353519756994973
SP8_MC_fleet_ladder_extended,fleet_ladder_extended,fleet_250r_62l_seed10002,10002,ours_tensor_quorum_flow,Ours tensor quorum flow,0.488,0.007893442622950818,856,27.52472542625659,2585.0454922850217,256.43294962642466,2.002496,0.5645161290322581,24.542133226137057,0.248,69.12830126235997,3.424,local_density_tensor_field,proposed_model_based_decentralized_scale,distributed_tensor_quorum_flow,model_based,proposed,decentralized,0,model_based_tuning_optional,11,False,False,tensor_quorum_flow_density_obstacle_aware,0.0,7,62,250,29,0.0,0.0,198.20890830255513,0.03157377049180327,31.105600064620376,0.8064516129032258,230.3123412750177,True,1.0,0.24193548387096775,4.569394580899749,False,0.0,38.90818040674063,4285.954678266318,0.24193548387096775,fleet_ladder_extended,213.4537420613656,0.24193548387096775,0.42358764736757376
SP8_MC_fleet_ladder_extended,fleet_ladder_extended,fleet_250r_62l_seed10002,10002,ours_wrench_market_hierarchical,Ours wrench-market hierarchical,0.488,0.008445134849286091,862,27.52472542625659,2585.0454922850217,255.44658818982964,2.002496,0.6129032258064516,23.891987028942488,0.248,68.86240138232564,3.448,zone_summaries_plus_local_wrench_bids,proposed_model_based_hierarchical_scale,hierarchical_wrench_market,model_based,proposed,hierarchical,0,model_based_tuning_optional,13,False,False,zone_hierarchical_wrench_market,0.0,7,62,250,29,0.0,0.0,198.20890830255513,0.033780539397144364,5.700499983504415,0.8225806451612904,198.20890830255513,True,1.0,0.20967741935483872,3.9601419701131158,False,0.0,38.68259055718703,4269.46888570419,0.20967741935483872,fleet_ladder_extended,213.4537420613656,0.24193548387096775,0.4209888867011755
SP8_MC_fleet_ladder_extended,fleet_ladder_extended,fleet_250r_62l_seed10002,10002,ours_mean_field_approximation,Ours mean-field approximation,0.488,0.039316367001586465,312,27.52472542625659,15500.0,250.17178970888145,2.002496,0.7096774193548387,47.97496676771088,0.248,67.440439582875,1.248,aggregate_density_broadcasts,proposed_model_based_decentralized_scale,mean_field_density_controller,model_based,proposed,decentralized,0,model_based_tuning_optional,7,False,False,mean_field_density_allocation,0.0,7,62,250,29,0.06451612903225806,0.8091632136492758,198.20890830255513,0.04113643574828133,4.9177000764757395,0.7741935483870968,20.460502177816082,True,1.0,0.06451612903225806,1.2185052215732664,False,0.0,47.06331366264958,4181.30725413825,0.06451612903225806,fleet_ladder_extended,213.4537420613656,0.06451612903225806,0.6649015035618493
SP8_MC_fleet_ladder_extended,fleet_ladder_extended,fleet_500r_125l_seed10002,10002,centralized_hungarian_expanded,Centralized Hungarian expanded,0.458,0.017199,62500,29.724725426256594,125000000.0,497.6340568910075,25.5,0.712,49.24585969100992,0.25,70.07603627066948,125.0,global_all_robot_load_slots,baseline_classic_centralized_scale,centralized_expanded_assignment,classic,baseline,centralized,0,none,1,False,False,expanded_slot_hungarian_polynomial_but_scalar,0.0,9,125,500,41,0.024,0.9950335096963548,96.24923655726184,0.025595999999999997,2.2606999846175313,0.736,-104.10019510598883,True,1.0,0.024,0.7725861081811299,False,0.0,47.1314354584179,8759.504533833684,0.024,fleet_ladder_extended,301.8691769624716,0.024,0.6751391606912712
SP8_MC_fleet_ladder_extended,fleet_ladder_extended,fleet_500r_125l_seed10002,10002,centralized_coalition_oracle,Centralized coalition oracle,0.0,1.0,62500,29.724725426256594,33554432000.0,nan,25.5,0.0,nan,0.25,nan,125.0,global_all_subsets,reference_model_based_oracle_centralized_scale,centralized_subset_coalition_search,model_based_oracle,reference,centralized,0,none,2,False,False,exact_like_small_scale_coalition_search_timeout_large,nan,9,125,500,41,nan,1.0,96.24923655726184,nan,60000.0,0.0,-1000000.0,False,0.0,0.0,0.0,True,1.0,nan,nan,0.0,fleet_ladder_extended,301.8691769624716,0.0,nan
SP8_MC_fleet_ladder_extended,fleet_ladder_extended,fleet_500r_125l_seed10002,10002,centralized_time_expanded_mpc,Centralized time-expanded MPC,0.0,1.0,62500,29.724725426256594,1953125000.0,nan,25.0,0.0,nan,0.25,nan,125.0,global_time_expanded_state,baseline_sota_centralized_scale,centralized_time_expanded_mpc,sota,baseline,centralized,0,none,8,False,False,time_expanded_mpc_timeout_large,nan,9,125,500,41,nan,1.0,96.24923655726184,nan,60000.0,0.0,-1000000.0,False,0.0,0.0,0.0,True,1.0,nan,nan,0.0,fleet_ladder_extended,301.8691769624716,0.0,nan
SP8_MC_fleet_ladder_extended,fleet_ladder_extended,fleet_500r_125l_seed10002,10002,classic_local_greedy,Classic local greedy,0.458,0.0173745,1624,29.724725426256594,62500.0,548.8564990014661,2.005,0.768,45.03566244687931,0.25,77.28909908560244,3.248,local_distance_beacons,baseline_classic_decentralized_scale,distributed_nearest_greedy,classic,baseline,decentralized,0,none,2,False,False,nearest_local_greedy,0.0,9,125,500,41,0.024,0.9942663383191912,96.24923655726184,0.026298,11.191099998541176,0.808,-77.15937972840223,True,1.0,0.032,1.0301148109081733,False,0.0,45.33526418407711,9661.137385700305,0.032,fleet_ladder_extended,301.8691769624716,0.056,0.6295062587561604
SP8_MC_fleet_ladder_extended,fleet_ladder_extended,fleet_500r_125l_seed10002,10002,cbba_partitioned,CBBA partitioned,0.458,0.016014375,1624,29.724725426256594,560361.5177913805,563.5081973729361,2.005,0.76,49.41393262420677,0.25,79.3523279428085,3.248,zone_auction_bids,baseline_sota_decentralized_scale,partitioned_cbba_auction,sota,baseline,decentralized,0,none,6,False,False,partitioned_cbba_like_auction,0.0,9,125,500,41,0.024,0.9929895828159077,96.24923655726184,0.020857499999999998,35.809700028039515,0.824,-45.395626614240776,True,1.0,0.064,2.0602296218163465,False,0.0,45.054231846680416,9919.040992851062,0.064,fleet_ladder_extended,301.8691769624716,0.072,0.6658550095210233
SP8_MC_fleet_ladder_extended,fleet_ladder_extended,fleet_500r_125l_seed10002,10002,auction_market_local,Auction market local,0.458,0.016146,1624,29.724725426256594,560361.5177913805,552.4170641450147,2.005,0.776,44.32167417823253,0.25,77.79049220508107,3.248,local_prices_and_bids,baseline_sota_decentralized_scale,local_market_auction,sota,baseline,decentralized,0,none,6,False,False,local_market_auction,0.0,9,125,500,41,0.024,0.9942861111614912,96.24923655726184,0.021384,10.060300002805889,0.816,-77.76291860762443,True,1.0,0.032,1.0301148109081733,False,0.0,44.10308810275661,9723.811525635134,0.032,fleet_ladder_extended,301.8691769624716,0.056,0.6164061267486656
SP8_MC_fleet_ladder_extended,fleet_ladder_extended,fleet_500r_125l_seed10002,10002,ours_primal_dual_spatial,Ours primal-dual spatial,0.458,0.004468499999999999,1624,29.724725426256594,62500.0,560.8462647725788,2.005,0.608,29.8497432481188,0.25,78.97747882854546,3.248,local_deficit_capacity_prices,proposed_model_based_decentralized_scale,distributed_primal_dual_prices,model_based,proposed,decentralized,0,model_based_tuning_optional,9,False,False,spatial_primal_dual_capacity_prices,0.0,9,125,500,41,0.0,0.3111013733644728,96.24923655726184,0.017873999999999998,12.52099999692291,0.744,50.335440757184905,True,1.0,0.136,4.377987946359736,False,0.0,45.76717595256678,9872.184853568182,0.136,fleet_ladder_extended,301.8691769624716,0.2,0.5072325203115912
SP8_MC_fleet_ladder_extended,fleet_ladder_extended,fleet_500r_125l_seed10002,10002,ours_tensor_quorum_flow,Ours tensor quorum flow,0.458,0.0037664999999999994,1624,29.724725426256594,5804.820237218405,562.0921029998993,2.005,0.6,29.878295478249225,0.25,79.15291578587616,3.248,local_density_tensor_field,proposed_model_based_decentralized_scale,distributed_tensor_quorum_flow,model_based,proposed,decentralized,0,model_based_tuning_optional,11,False,False,tensor_quorum_flow_density_obstacle_aware,0.0,9,125,500,41,0.0,0.18452963235702932,96.24923655726184,0.015065999999999998,63.59100004192442,0.752,66.10545532114384,True,1.0,0.152,4.893045351813823,False,0.0,45.31512173662276,9894.11447323452,0.152,fleet_ladder_extended,301.8691769624716,0.2,0.5054040244083844
SP8_MC_fleet_ladder_extended,fleet_ladder_extended,fleet_500r_125l_seed10002,10002,ours_wrench_market_hierarchical,Ours wrench-market hierarchical,0.458,0.0040297499999999995,1666,29.724725426256594,5804.820237218405,570.8945650929783,2.005,0.64,28.55120033235699,0.25,80.39246449514164,3.332,zone_summaries_plus_local_wrench_bids,proposed_model_based_hierarchical_scale,hierarchical_wrench_market,model_based,proposed,hierarchical,0,model_based_tuning_optional,13,False,False,zone_hierarchical_wrench_market,0.0,9,125,500,41,0.0,0.0,96.24923655726184,0.016118999999999998,12.096700025722384,0.824,96.24923655726184,True,1.0,0.184,5.923160162721996,False,0.0,47.729950552043945,10049.058061892705,0.184,fleet_ladder_extended,301.8691769624716,0.2,0.5046082713832071
SP8_MC_fleet_ladder_extended,fleet_ladder_extended,fleet_500r_125l_seed10002,10002,ours_mean_field_approximation,Ours mean-field approximation,0.458,0.01570725,625,29.724725426256594,62500.0,558.0820843265539,2.005,0.784,50.802397074031795,0.25,78.58823133530817,1.25,aggregate_density_broadcasts,proposed_model_based_decentralized_scale,mean_field_density_controller,model_based,proposed,decentralized,0,model_based_tuning_optional,7,False,False,mean_field_density_allocation,0.0,9,125,500,41,0.024,0.994397094852092,96.24923655726184,0.019629,12.384400004521012,0.816,-81.22960140296678,True,1.0,0.032,1.0301148109081733,False,0.0,44.821049503268256,9823.528916913521,0.032,fleet_ladder_extended,301.8691769624716,0.04,0.6789661569420703
SP8_MC_fleet_ladder_extended,fleet_ladder_extended,fleet_1000r_250l_seed10002,10002,centralized_hungarian_expanded,Centralized Hungarian expanded,0.482,0.0361245,250000,31.924725426256593,1000000000.0,1499.4796860863873,30.0,0.708,45.44327832886242,0.25,100.89729202221598,250.0,global_all_robot_load_slots,baseline_classic_centralized_scale,centralized_expanded_assignment,classic,baseline,centralized,0,none,1,False,False,expanded_slot_hungarian_polynomial_but_scalar,0.012,13,250,1000,59,0.052,0.46882487130980055,-125.34103576880914,0.036497999999999996,13.413400040008128,0.756,-347.48022946668794,True,1.0,0.048,2.5358785312764636,False,0.0,45.54542026464231,25224.323005553993,0.048,fleet_ladder_extended,426.9074841227312,0.068,0.6319475175887317
SP8_MC_fleet_ladder_extended,fleet_ladder_extended,fleet_1000r_250l_seed10002,10002,centralized_coalition_oracle,Centralized coalition oracle,0.0,1.0,250000,31.924725426256593,67108864000.0,nan,30.0,0.0,nan,0.25,nan,250.0,global_all_subsets,reference_model_based_oracle_centralized_scale,centralized_subset_coalition_search,model_based_oracle,reference,centralized,0,none,2,False,False,exact_like_small_scale_coalition_search_timeout_large,nan,13,250,1000,59,nan,1.0,-125.34103576880914,nan,60000.0,0.0,-1000000.0,False,0.0,0.0,0.0,True,1.0,nan,nan,0.0,fleet_ladder_extended,426.9074841227312,0.0,nan
SP8_MC_fleet_ladder_extended,fleet_ladder_extended,fleet_1000r_250l_seed10002,10002,centralized_time_expanded_mpc,Centralized time-expanded MPC,0.0,1.0,250000,31.924725426256593,15625000000.0,nan,100.0,0.0,nan,0.25,nan,250.0,global_time_expanded_state,baseline_sota_centralized_scale,centralized_time_expanded_mpc,sota,baseline,centralized,0,none,8,False,False,time_expanded_mpc_timeout_large,nan,13,250,1000,59,nan,1.0,-125.34103576880914,nan,60000.0,0.0,-1000000.0,False,0.0,0.0,0.0,True,1.0,nan,nan,0.0,fleet_ladder_extended,426.9074841227312,0.0,nan
SP8_MC_fleet_ladder_extended,fleet_ladder_extended,fleet_1000r_250l_seed10002,10002,classic_local_greedy,Classic local greedy,0.482,0.03637475,3392,31.924725426256593,250000.0,1597.3711582730248,2.01,0.764,42.890789590746444,0.25,107.48423317743664,3.392,local_distance_beacons,baseline_classic_decentralized_scale,distributed_nearest_greedy,classic,baseline,decentralized,0,none,2,False,False,nearest_local_greedy,0.012,13,250,1000,59,0.052,0.3473243131822808,-125.34103576880914,0.037499,20.316799986176193,0.82,-259.2747863322961,True,1.0,0.056,2.9585249531558744,False,0.0,42.788395014017794,26871.058294359158,0.056,fleet_ladder_extended,426.9074841227312,0.076,0.6024698434332579
SP8_MC_fleet_ladder_extended,fleet_ladder_extended,fleet_1000r_250l_seed10002,10002,cbba_partitioned,CBBA partitioned,0.482,0.034435312499999995,3392,31.924725426256593,2491446.071165522,1614.1528761613338,2.01,0.736,45.63442297689614,0.25,108.6134448007234,3.392,zone_auction_bids,baseline_sota_decentralized_scale,partitioned_cbba_auction,sota,baseline,decentralized,0,none,6,False,False,partitioned_cbba_like_auction,0.012,13,250,1000,59,0.052,0.3527130787766959,-125.34103576880914,0.029741249999999997,75.72690001688898,0.8,-262.4850988021871,True,1.0,0.056,2.9585249531558744,False,0.0,44.198395227468325,27153.36120018085,0.056,fleet_ladder_extended,426.9074841227312,0.076,0.628401134255709
SP8_MC_fleet_ladder_extended,fleet_ladder_extended,fleet_1000r_250l_seed10002,10002,auction_market_local,Auction market local,0.482,0.034623,3392,31.924725426256593,2491446.071165522,1613.4210742238567,2.01,0.752,42.18760346772513,0.25,108.56420316412563,3.392,local_prices_and_bids,baseline_sota_decentralized_scale,local_market_auction,sota,baseline,decentralized,0,none,6,False,False,local_market_auction,0.012,13,250,1000,59,0.052,0.3293618345396603,-125.34103576880914,0.030492000000000002,22.221700055524707,0.82,-248.9463911924324,True,1.0,0.068,3.59249458597499,False,0.0,42.57373434145769,27141.050791031408,0.068,fleet_ladder_extended,426.9074841227312,0.084,0.5961517006957529
SP8_MC_fleet_ladder_extended,fleet_ladder_extended,fleet_1000r_250l_seed10002,10002,ours_primal_dual_spatial,Ours primal-dual spatial,0.482,0.013571749999999999,3392,31.924725426256593,250000.0,1636.483477929703,2.01,0.636,27.09564770223158,0.25,110.11603084344301,3.392,local_deficit_capacity_prices,proposed_model_based_decentralized_scale,distributed_primal_dual_prices,model_based,proposed,decentralized,0,model_based_tuning_optional,9,False,False,spatial_primal_dual_capacity_prices,0.012,13,250,1000,59,0.008,0.0,-125.34103576880914,0.025486999999999996,29.151699971407652,0.812,-123.96265423030046,True,1.0,0.172,9.086898070407328,False,0.0,38.959489189029725,27529.007710860755,0.172,fleet_ladder_extended,426.9074841227312,0.22,0.4508197213535475
SP8_MC_fleet_ladder_extended,fleet_ladder_extended,fleet_1000r_250l_seed10002,10002,ours_tensor_quorum_flow,Ours tensor quorum flow,0.482,0.00717075,3392,31.924725426256593,12859.64047443681,1636.756213210365,2.01,0.628,27.07799344249235,0.25,110.13438271010254,3.392,local_density_tensor_field,proposed_model_based_decentralized_scale,distributed_tensor_quorum_flow,model_based,proposed,decentralized,0,model_based_tuning_optional,11,False,False,tensor_quorum_flow_density_obstacle_aware,0.0,13,250,1000,59,0.004,0.0,-125.34103576880914,0.021483,135.19360008649528,0.808,-115.35563173039411,True,1.0,0.18,9.50954449228674,False,0.0,39.01845237443778,27533.595677525635,0.18,fleet_ladder_extended,426.9074841227312,0.22,0.45088549525548177
SP8_MC_fleet_ladder_extended,fleet_ladder_extended,fleet_1000r_250l_seed10002,10002,ours_wrench_market_hierarchical,Ours wrench-market hierarchical,0.482,0.012946125,3428,31.924725426256593,12859.64047443681,1640.2657786193422,2.01,0.62,26.753928180218224,0.25,110.37053505629726,3.428,zone_summaries_plus_local_wrench_bids,proposed_model_based_hierarchical_scale,hierarchical_wrench_market,model_based,proposed,hierarchical,0,model_based_tuning_optional,13,False,False,zone_hierarchical_wrench_market,0.012,13,250,1000,59,0.008,0.0,-125.34103576880914,0.022984499999999998,24.695599917322397,0.796,-125.34103576880914,True,1.0,0.172,9.086898070407328,False,0.0,38.9651928067545,27592.633764074315,0.172,fleet_ladder_extended,426.9074841227312,0.216,0.4500520891875018
SP8_MC_fleet_ladder_extended,fleet_ladder_extended,fleet_1000r_250l_seed10002,10002,ours_mean_field_approximation,Ours mean-field approximation,0.482,0.033997374999999996,1250,31.924725426256593,250000.0,1610.8360017438756,2.01,0.768,46.448965487752965,0.25,108.39025828489088,1.25,aggregate_density_broadcasts,proposed_model_based_decentralized_scale,mean_field_density_controller,model_based,proposed,decentralized,0,model_based_tuning_optional,7,False,False,mean_field_density_allocation,0.012,13,250,1000,59,0.052,0.3674934427812874,-125.34103576880914,0.0279895,20.69779997691512,0.82,-271.57115765464954,True,1.0,0.048,2.5358785312764636,False,0.0,45.03553773642439,27097.56457122272,0.048,fleet_ladder_extended,426.9074841227312,0.06,0.6394974135116334
SP8_MC_fleet_ladder_extended,fleet_ladder_extended,fleet_1250r_312l_seed10002,10002,centralized_hungarian_expanded,Centralized Hungarian expanded,0.0,1.0,390000,32.63296723500879,1953125000.0,nan,33.36,0.0,nan,0.2496,nan,312.0,global_all_robot_load_slots,baseline_classic_centralized_scale,centralized_expanded_assignment,classic,baseline,centralized,0,none,1,False,False,expanded_slot_hungarian_polynomial_but_scalar,nan,15,312,1250,65,nan,1.0,-284.3636376743588,nan,60000.0,0.0,-1000000.0,False,0.0,0.0,0.0,True,1.0,nan,nan,0.0,fleet_ladder_extended,477.29707730091957,0.0,nan
SP8_MC_fleet_ladder_extended,fleet_ladder_extended,fleet_1250r_312l_seed10002,10002,centralized_coalition_oracle,Centralized coalition oracle,0.0,1.0,390000,32.63296723500879,83751862272.0,nan,33.36,0.0,nan,0.2496,nan,312.0,global_all_subsets,reference_model_based_oracle_centralized_scale,centralized_subset_coalition_search,model_based_oracle,reference,centralized,0,none,2,False,False,exact_like_small_scale_coalition_search_timeout_large,nan,15,312,1250,65,nan,1.0,-284.3636376743588,nan,60000.0,0.0,-1000000.0,False,0.0,0.0,0.0,True,1.0,nan,nan,0.0,fleet_ladder_extended,477.29707730091957,0.0,nan
SP8_MC_fleet_ladder_extended,fleet_ladder_extended,fleet_1250r_312l_seed10002,10002,centralized_time_expanded_mpc,Centralized time-expanded MPC,0.0,1.0,390000,32.63296723500879,30488290624.0,nan,156.150016,0.0,nan,0.2496,nan,312.0,global_time_expanded_state,baseline_sota_centralized_scale,centralized_time_expanded_mpc,sota,baseline,centralized,0,none,8,False,False,time_expanded_mpc_timeout_large,nan,15,312,1250,65,nan,1.0,-284.3636376743588,nan,60000.0,0.0,-1000000.0,False,0.0,0.0,0.0,True,1.0,nan,nan,0.0,fleet_ladder_extended,477.29707730091957,0.0,nan
SP8_MC_fleet_ladder_extended,fleet_ladder_extended,fleet_1250r_312l_seed10002,10002,classic_local_greedy,Classic local greedy,0.5032,0.03018203846153846,4398,32.63296723500879,390000.0,2305.34906228628,2.012496,0.75,43.62025881832604,0.2496,120.02410792253025,3.5184,local_distance_beacons,baseline_classic_decentralized_scale,distributed_nearest_greedy,classic,baseline,decentralized,0,none,2,False,False,nearest_local_greedy,0.003205128205128205,15,312,1250,65,0.041666666666666664,0.1392222035463501,-284.3636376743588,0.041881999999999996,29.255099943839014,0.8141025641025641,-376.51132900805095,True,1.0,0.0641025641025641,3.941477405602749,False,0.0,44.76060550130256,37447.52167182944,0.0641025641025641,fleet_ladder_extended,477.29707730091957,0.08333333333333333,0.6037589637957145
SP8_MC_fleet_ladder_extended,fleet_ladder_extended,fleet_1250r_312l_seed10002,10002,cbba_partitioned,CBBA partitioned,0.5032,0.02801591346153846,4398,32.63296723500879,4012207.828024285,2319.1071950807327,2.012496,0.7596153846153846,44.733562215953185,0.2496,120.74040188527455,3.5184,zone_auction_bids,baseline_sota_decentralized_scale,partitioned_cbba_auction,sota,baseline,decentralized,0,none,6,False,False,partitioned_cbba_like_auction,0.003205128205128205,15,312,1250,65,0.041666666666666664,0.1845429663755299,-284.3636376743588,0.0332175,97.62579994276166,0.7980769230769231,-413.2964410994364,True,1.0,0.035256410256410256,2.167812573081512,False,0.0,47.21150607033092,37671.00538820566,0.035256410256410256,fleet_ladder_extended,477.29707730091957,0.05128205128205128,0.6251716018488772
SP8_MC_fleet_ladder_extended,fleet_ladder_extended,fleet_1250r_312l_seed10002,10002,auction_market_local,Auction market local,0.5032,0.02822553846153846,4398,32.63296723500879,4012207.828024285,2321.2398858699353,2.012496,0.7628205128205128,44.271022014075186,0.2496,120.85143683162438,3.5184,local_prices_and_bids,baseline_sota_decentralized_scale,local_market_auction,sota,baseline,decentralized,0,none,6,False,False,local_market_auction,0.003205128205128205,15,312,1250,65,0.041666666666666664,0.17098916877183692,-284.3636376743588,0.034055999999999996,28.98169995751232,0.8076923076923077,-401.87379504371313,True,1.0,0.04487179487179487,2.7590341839219246,False,0.0,44.93256360355088,37705.64829146681,0.04487179487179487,fleet_ladder_extended,477.29707730091957,0.0641025641025641,0.6139101554661277
SP8_MC_fleet_ladder_extended,fleet_ladder_extended,fleet_1250r_312l_seed10002,10002,ours_primal_dual_spatial,Ours primal-dual spatial,0.5032,0.00807803846153846,4398,32.63296723500879,390000.0,2349.2582056581205,2.012496,0.6698717948717948,27.997065195384213,0.2496,122.31016336162331,3.5184,local_deficit_capacity_prices,proposed_model_based_decentralized_scale,distributed_primal_dual_prices,model_based,proposed,decentralized,0,model_based_tuning_optional,9,False,False,spatial_primal_dual_capacity_prices,0.003205128205128205,15,312,1250,65,0.0,0.0,-284.3636376743588,0.028465999999999995,32.10959990974516,0.8141025641025641,-283.22197712326334,True,1.0,0.14423076923076922,8.868324162606186,False,0.0,42.749018964030995,38160.77096882647,0.14423076923076922,fleet_ladder_extended,477.29707730091957,0.1955128205128205,0.46232664160497394
SP8_MC_fleet_ladder_extended,fleet_ladder_extended,fleet_1250r_312l_seed10002,10002,ours_tensor_quorum_flow,Ours tensor quorum flow,0.5032,0.005998499999999999,4398,32.63296723500879,16571.53718897777,2348.708629378595,2.012496,0.6666666666666666,27.988276876270795,0.2496,122.28155060021355,3.5184,local_density_tensor_field,proposed_model_based_decentralized_scale,distributed_tensor_quorum_flow,model_based,proposed,decentralized,0,model_based_tuning_optional,11,False,False,tensor_quorum_flow_density_obstacle_aware,0.0,15,312,1250,65,0.0,0.00878552831766565,-284.3636376743588,0.023993999999999994,169.90410001017153,0.8044871794871795,-289.41335723951744,True,1.0,0.13782051282051283,8.474176422045911,False,0.0,42.779146835988556,38151.843787266625,0.13782051282051283,fleet_ladder_extended,477.29707730091957,0.1955128205128205,0.46256649003421874
SP8_MC_fleet_ladder_extended,fleet_ladder_extended,fleet_1250r_312l_seed10002,10002,ours_wrench_market_hierarchical,Ours wrench-market hierarchical,0.5032,0.007379288461538461,4390,32.63296723500879,16571.53718897777,2341.9029430750384,2.012496,0.6506410256410257,27.221098101389963,0.2496,121.92722402956618,3.512,zone_summaries_plus_local_wrench_bids,proposed_model_based_hierarchical_scale,hierarchical_wrench_market,model_based,proposed,hierarchical,0,model_based_tuning_optional,13,False,False,zone_hierarchical_wrench_market,0.003205128205128205,15,312,1250,65,0.0,0.0,-284.3636376743588,0.025670999999999996,34.28859997075051,0.7916666666666666,-284.3636376743588,True,1.0,0.14102564102564102,8.671250292326048,False,0.0,43.678567953695996,38041.29389722465,0.14102564102564102,fleet_ladder_extended,477.29707730091957,0.1987179487179487,0.4617799042858729
SP8_MC_fleet_ladder_extended,fleet_ladder_extended,fleet_1250r_312l_seed10002,10002,ours_mean_field_approximation,Ours mean-field approximation,0.5032,0.02752678846153846,1562,32.63296723500879,390000.0,2317.0649594139727,2.012496,0.7564102564102564,45.060203440277746,0.2496,120.63407633220304,1.2496,aggregate_density_broadcasts,proposed_model_based_decentralized_scale,mean_field_density_controller,model_based,proposed,decentralized,0,model_based_tuning_optional,7,False,False,mean_field_density_allocation,0.003205128205128205,15,312,1250,65,0.041666666666666664,0.1756644671169646,-284.3636376743588,0.031261,29.275499982759356,0.7980769230769231,-405.7715283133919,True,1.0,0.041666666666666664,2.561960313641787,False,0.0,47.65437362708386,37637.83181564735,0.041666666666666664,fleet_ladder_extended,477.29707730091957,0.04807692307692308,0.6293352247257575
SP8_MC_fleet_ladder_extended,fleet_ladder_extended,fleet_1500r_375l_seed10002,10002,centralized_hungarian_expanded,Centralized Hungarian expanded,0.0,1.0,562500,33.21164292784314,3375000000.0,nan,37.5,0.0,nan,0.25,nan,375.0,global_all_robot_load_slots,baseline_classic_centralized_scale,centralized_expanded_assignment,classic,baseline,centralized,0,none,1,False,False,expanded_slot_hungarian_polynomial_but_scalar,nan,16,375,1500,72,nan,1.0,-423.893616595635,nan,60000.0,0.0,-1000000.0,False,0.0,0.0,0.0,True,1.0,nan,nan,0.0,fleet_ladder_extended,522.8527517380013,0.0,nan
SP8_MC_fleet_ladder_extended,fleet_ladder_extended,fleet_1500r_375l_seed10002,10002,centralized_coalition_oracle,Centralized coalition oracle,0.0,1.0,562500,33.21164292784314,100663296000.0,nan,37.5,0.0,nan,0.25,nan,375.0,global_all_subsets,reference_model_based_oracle_centralized_scale,centralized_subset_coalition_search,model_based_oracle,reference,centralized,0,none,2,False,False,exact_like_small_scale_coalition_search_timeout_large,nan,16,375,1500,72,nan,1.0,-423.893616595635,nan,60000.0,0.0,-1000000.0,False,0.0,0.0,0.0,True,1.0,nan,nan,0.0,fleet_ladder_extended,522.8527517380013,0.0,nan
SP8_MC_fleet_ladder_extended,fleet_ladder_extended,fleet_1500r_375l_seed10002,10002,centralized_time_expanded_mpc,Centralized time-expanded MPC,0.0,1.0,562500,33.21164292784314,52734375000.0,nan,225.0,0.0,nan,0.25,nan,375.0,global_time_expanded_state,baseline_sota_centralized_scale,centralized_time_expanded_mpc,sota,baseline,centralized,0,none,8,False,False,time_expanded_mpc_timeout_large,nan,16,375,1500,72,nan,1.0,-423.893616595635,nan,60000.0,0.0,-1000000.0,False,0.0,0.0,0.0,True,1.0,nan,nan,0.0,fleet_ladder_extended,522.8527517380013,0.0,nan
SP8_MC_fleet_ladder_extended,fleet_ladder_extended,fleet_1500r_375l_seed10002,10002,classic_local_greedy,Classic local greedy,0.486,0.0351835,5124,33.21164292784314,562500.0,2948.2793038702507,2.015,0.7493333333333333,46.726732866812554,0.25,129.46536046342132,3.416,local_distance_beacons,baseline_classic_decentralized_scale,distributed_nearest_greedy,classic,baseline,decentralized,0,none,2,False,False,nearest_local_greedy,0.008,16,375,1500,72,0.050666666666666665,0.10443202126484573,-423.893616595635,0.039934,31.4681000309065,0.808,-522.8705435187602,True,1.0,0.05333333333333334,3.7150082899981816,False,0.0,46.07412739022235,48549.510173783,0.05333333333333334,fleet_ladder_extended,522.8527517380013,0.07466666666666667,0.637556620328603
SP8_MC_fleet_ladder_extended,fleet_ladder_extended,fleet_1500r_375l_seed10002,10002,cbba_partitioned,CBBA partitioned,0.486,0.033118125,5124,33.21164292784314,5934795.066778074,2960.0161070130334,2.015,0.7706666666666667,47.517346252610075,0.25,129.9807490317886,3.416,zone_auction_bids,baseline_sota_decentralized_scale,partitioned_cbba_auction,sota,baseline,decentralized,0,none,6,False,False,partitioned_cbba_like_auction,0.008,16,375,1500,72,0.050666666666666665,0.11313484430999846,-423.893616595635,0.0316725,113.8238999992609,0.8213333333333334,-532.170969543048,True,1.0,0.048,3.3435074609983637,False,0.0,44.17679418254551,48742.78088692073,0.048,fleet_ladder_extended,522.8527517380013,0.064,0.6336745894144347
SP8_MC_fleet_ladder_extended,fleet_ladder_extended,fleet_1500r_375l_seed10002,10002,auction_market_local,Auction market local,0.486,0.033318,5124,33.21164292784314,5934795.066778074,2964.7151228361517,2.015,0.744,46.71502519724031,0.25,130.18709304287492,3.416,local_prices_and_bids,baseline_sota_decentralized_scale,local_market_auction,sota,baseline,decentralized,0,none,6,False,False,local_market_auction,0.008,16,375,1500,72,0.050666666666666665,0.09541004887043186,-423.893616595635,0.032472,34.95900006964803,0.8133333333333334,-513.4179710263402,True,1.0,0.064,4.458009947997818,False,0.0,45.54285486285844,48820.159891078096,0.064,fleet_ladder_extended,522.8527517380013,0.08533333333333333,0.6361491182557577
SP8_MC_fleet_ladder_extended,fleet_ladder_extended,fleet_1500r_375l_seed10002,10002,ours_primal_dual_spatial,Ours primal-dual spatial,0.486,0.0151855,5124,33.21164292784314,562500.0,2993.2016786799863,2.015,0.6693333333333333,30.400373064003784,0.25,131.43799970420858,3.416,local_deficit_capacity_prices,proposed_model_based_decentralized_scale,distributed_primal_dual_prices,model_based,proposed,decentralized,0,model_based_tuning_optional,9,False,False,spatial_primal_dual_capacity_prices,0.008,16,375,1500,72,0.013333333333333334,0.008558488124241133,-423.893616595635,0.027142,37.8017999464646,0.808,-431.220660468885,True,1.0,0.13333333333333333,9.287520724995455,False,0.0,47.402801197361065,49289.249889078215,0.13333333333333333,fleet_ladder_extended,522.8527517380013,0.18133333333333335,0.4979818979648723
SP8_MC_fleet_ladder_extended,fleet_ladder_extended,fleet_1500r_375l_seed10002,10002,ours_tensor_quorum_flow,Ours tensor quorum flow,0.486,0.0081195,5124,33.21164292784314,20386.265400507385,2999.5774713573487,2.015,0.6613333333333333,30.46029015640286,0.25,131.7179746360718,3.416,local_density_tensor_field,proposed_model_based_decentralized_scale,distributed_tensor_quorum_flow,model_based,proposed,decentralized,0,model_based_tuning_optional,11,False,False,tensor_quorum_flow_density_obstacle_aware,0.0,16,375,1500,72,0.005333333333333333,0.0024833138918509395,-423.893616595635,0.022878,198.50990001577884,0.8026666666666666,-426.0066690956722,True,1.0,0.13866666666666666,9.659021553995272,False,0.0,47.26660811652164,49394.24048852692,0.13866666666666666,fleet_ladder_extended,522.8527517380013,0.184,0.49817255793343185
SP8_MC_fleet_ladder_extended,fleet_ladder_extended,fleet_1500r_375l_seed10002,10002,ours_wrench_market_hierarchical,Ours wrench-market hierarchical,0.486,0.01451925,5166,33.21164292784314,20386.265400507385,2983.4376278747695,2.015,0.6773333333333333,29.56167324893719,0.25,131.00923898421127,3.444,zone_summaries_plus_local_wrench_bids,proposed_model_based_hierarchical_scale,hierarchical_wrench_market,model_based,proposed,hierarchical,0,model_based_tuning_optional,13,False,False,zone_hierarchical_wrench_market,0.008,16,375,1500,72,0.013333333333333334,0.0,-423.893616595635,0.024477,36.664500017650425,0.824,-423.893616595635,True,1.0,0.13866666666666666,9.659021553995272,False,0.0,48.10137482436063,49128.46461907923,0.13866666666666666,fleet_ladder_extended,522.8527517380013,0.18133333333333335,0.4946204196517398
SP8_MC_fleet_ladder_extended,fleet_ladder_extended,fleet_1500r_375l_seed10002,10002,ours_mean_field_approximation,Ours mean-field approximation,0.486,0.03265175,1875,33.21164292784314,562500.0,2955.1517478298324,2.015,0.776,47.30934425355533,0.25,129.7671444339305,1.25,aggregate_density_broadcasts,proposed_model_based_decentralized_scale,mean_field_density_controller,model_based,proposed,decentralized,0,model_based_tuning_optional,7,False,False,mean_field_density_allocation,0.008,16,375,1500,72,0.050666666666666665,0.10799418442917422,-423.893616595635,0.029807,35.01380002126098,0.8293333333333334,-526.6553737527086,True,1.0,0.050666666666666665,3.5292578754982724,False,0.0,44.32660140274027,48662.679162723936,0.050666666666666665,fleet_ladder_extended,522.8527517380013,0.06666666666666667,0.6329408947600154
SP8_MC_fleet_ladder_extended,fleet_ladder_extended,fleet_2000r_500l_seed10002,10002,centralized_hungarian_expanded,Centralized Hungarian expanded,0.0,1.0,1000000,34.12472542625659,8000000000.0,nan,48.0,0.0,nan,0.25,nan,500.0,global_all_robot_load_slots,baseline_classic_centralized_scale,centralized_expanded_assignment,classic,baseline,centralized,0,none,1,False,False,expanded_slot_hungarian_polynomial_but_scalar,nan,19,500,2000,83,nan,1.0,-695.6724617004222,nan,60000.0,0.0,-1000000.0,False,0.0,0.0,0.0,True,1.0,nan,nan,0.0,fleet_ladder_extended,603.7383539249432,0.0,nan
SP8_MC_fleet_ladder_extended,fleet_ladder_extended,fleet_2000r_500l_seed10002,10002,centralized_coalition_oracle,Centralized coalition oracle,0.0,1.0,1000000,34.12472542625659,134217728000.0,nan,48.0,0.0,nan,0.25,nan,500.0,global_all_subsets,reference_model_based_oracle_centralized_scale,centralized_subset_coalition_search,model_based_oracle,reference,centralized,0,none,2,False,False,exact_like_small_scale_coalition_search_timeout_large,nan,19,500,2000,83,nan,1.0,-695.6724617004222,nan,60000.0,0.0,-1000000.0,False,0.0,0.0,0.0,True,1.0,nan,nan,0.0,fleet_ladder_extended,603.7383539249432,0.0,nan
SP8_MC_fleet_ladder_extended,fleet_ladder_extended,fleet_2000r_500l_seed10002,10002,centralized_time_expanded_mpc,Centralized time-expanded MPC,0.0,1.0,1000000,34.12472542625659,125000000000.0,nan,400.0,0.0,nan,0.25,nan,500.0,global_time_expanded_state,baseline_sota_centralized_scale,centralized_time_expanded_mpc,sota,baseline,centralized,0,none,8,False,False,time_expanded_mpc_timeout_large,nan,19,500,2000,83,nan,1.0,-695.6724617004222,nan,60000.0,0.0,-1000000.0,False,0.0,0.0,0.0,True,1.0,nan,nan,0.0,fleet_ladder_extended,603.7383539249432,0.0,nan
SP8_MC_fleet_ladder_extended,fleet_ladder_extended,fleet_2000r_500l_seed10002,10002,classic_local_greedy,Classic local greedy,0.492,0.03592675,6904,34.12472542625659,1000000.0,4328.658884910651,2.02,0.77,43.413791697125745,0.25,144.75954284809472,3.452,local_distance_beacons,baseline_classic_decentralized_scale,distributed_nearest_greedy,classic,baseline,decentralized,0,none,2,False,False,nearest_local_greedy,0.008,19,500,2000,83,0.058,0.06911716331246051,-695.6724617004222,0.029706999999999997,42.67800005618483,0.834,-799.0527450886245,True,1.0,0.062,5.22519645034002,False,0.0,43.250443892125844,72379.77142404736,0.062,fleet_ladder_extended,603.7383539249432,0.086,0.5960109312186344
SP8_MC_fleet_ladder_extended,fleet_ladder_extended,fleet_2000r_500l_seed10002,10002,cbba_partitioned,CBBA partitioned,0.492,0.0343903125,6904,34.12472542625659,10965784.284662088,4345.4031461909,2.02,0.75,46.26583202539882,0.25,145.31950649334925,3.452,zone_auction_bids,baseline_sota_decentralized_scale,partitioned_cbba_auction,sota,baseline,decentralized,0,none,6,False,False,partitioned_cbba_like_auction,0.008,19,500,2000,83,0.058,0.08884684281588406,-695.6724617004222,0.02356125,154.9947999883443,0.792,-831.4404712600839,True,1.0,0.038,3.2025397598858185,False,0.0,47.32305232135623,72659.75324667462,0.038,fleet_ladder_extended,603.7383539249432,0.056,0.6384317001207209
SP8_MC_fleet_ladder_extended,fleet_ladder_extended,fleet_2000r_500l_seed10002,10002,auction_market_local,Auction market local,0.492,0.034539,6904,34.12472542625659,10965784.284662088,4349.922164527755,2.02,0.78,42.72226010806268,0.25,145.4706320604032,3.452,local_prices_and_bids,baseline_sota_decentralized_scale,local_market_auction,sota,baseline,decentralized,0,none,6,False,False,local_market_auction,0.008,19,500,2000,83,0.058,0.07021280613531333,-695.6724617004222,0.024156,45.2056999783963,0.846,-800.8152780623976,True,1.0,0.064,5.393751174544537,False,0.0,42.43986548693284,72735.3160302016,0.064,fleet_ladder_extended,603.7383539249432,0.088,0.5858182779944054
SP8_MC_fleet_ladder_extended,fleet_ladder_extended,fleet_2000r_500l_seed10002,10002,ours_primal_dual_spatial,Ours primal-dual spatial,0.492,0.00834775,6904,34.12472542625659,1000000.0,4400.08413191807,2.02,0.678,27.988730102398055,0.25,147.14815474372108,3.452,local_deficit_capacity_prices,proposed_model_based_decentralized_scale,distributed_primal_dual_prices,model_based,proposed,decentralized,0,model_based_tuning_optional,9,False,False,spatial_primal_dual_capacity_prices,0.008,19,500,2000,83,0.002,0.00812880447381748,-695.6724617004222,0.020190999999999997,51.059499965049326,0.828,-707.0833179622916,True,1.0,0.148,12.473049591134242,False,0.0,43.99038387756278,73574.07737186053,0.148,fleet_ladder_extended,603.7383539249432,0.186,0.46360725502654043
SP8_MC_fleet_ladder_extended,fleet_ladder_extended,fleet_2000r_500l_seed10002,10002,ours_tensor_quorum_flow,Ours tensor quorum flow,0.492,0.00425475,6904,34.12472542625659,28219.28094887362,4402.574741814918,2.02,0.68,27.793030629732968,0.25,147.23144602623293,3.452,local_density_tensor_field,proposed_model_based_decentralized_scale,distributed_tensor_quorum_flow,model_based,proposed,decentralized,0,model_based_tuning_optional,11,False,False,tensor_quorum_flow_density_obstacle_aware,0.0,19,500,2000,83,0.0,0.006883430099706114,-695.6724617004222,0.017019,282.1533000096679,0.83,-705.3229994574074,True,1.0,0.15,12.641604315338757,False,0.0,44.326176215048825,73615.72301311647,0.15,fleet_ladder_extended,603.7383539249432,0.186,0.46249092991129814
SP8_MC_fleet_ladder_extended,fleet_ladder_extended,fleet_2000r_500l_seed10002,10002,ours_wrench_market_hierarchical,Ours wrench-market hierarchical,0.492,0.007852125,6936,34.12472542625659,28219.28094887362,4373.356778902191,2.02,0.65,27.413376921458955,0.25,146.25433531673747,3.468,zone_summaries_plus_local_wrench_bids,proposed_model_based_hierarchical_scale,hierarchical_wrench_market,model_based,proposed,hierarchical,0,model_based_tuning_optional,13,False,False,zone_hierarchical_wrench_market,0.008,19,500,2000,83,0.002,0.0,-695.6724617004222,0.0182085,49.79479999747127,0.806,-695.6724617004222,True,1.0,0.154,12.978713763747791,False,0.0,44.44843671020298,73127.16765836874,0.154,fleet_ladder_extended,603.7383539249432,0.186,0.46016329328216854
SP8_MC_fleet_ladder_extended,fleet_ladder_extended,fleet_2000r_500l_seed10002,10002,ours_mean_field_approximation,Ours mean-field approximation,0.492,0.034043375,2500,34.12472542625659,1000000.0,4341.049818386911,2.02,0.748,46.22447275814508,0.25,145.17392196947512,1.25,aggregate_density_broadcasts,proposed_model_based_decentralized_scale,mean_field_density_controller,model_based,proposed,decentralized,0,model_based_tuning_optional,7,False,False,mean_field_density_allocation,0.008,19,500,2000,83,0.058,0.08577951507886603,-695.6724617004222,0.0221735,44.71830010879785,0.792,-826.3134551169594,True,1.0,0.04,3.3710944840903356,False,0.0,46.830741944962746,72586.96098473755,0.04,fleet_ladder_extended,603.7383539249432,0.058,0.6376588875690024
SP8_MC_fleet_ladder_extended,fleet_ladder_extended,fleet_2500r_625l_seed10002,10002,centralized_hungarian_expanded,Centralized Hungarian expanded,0.0,1.0,1562500,34.83296723500879,15625000000.0,nan,61.5,0.0,nan,0.25,nan,625.0,global_all_robot_load_slots,baseline_classic_centralized_scale,centralized_expanded_assignment,classic,baseline,centralized,0,none,1,False,False,expanded_slot_hungarian_polynomial_but_scalar,nan,21,625,2500,92,nan,1.0,-1045.9135272955548,nan,60000.0,0.0,-1000000.0,False,0.0,0.0,0.0,True,1.0,nan,nan,0.0,fleet_ladder_extended,675.0,0.0,nan
SP8_MC_fleet_ladder_extended,fleet_ladder_extended,fleet_2500r_625l_seed10002,10002,centralized_coalition_oracle,Centralized coalition oracle,0.0,1.0,1562500,34.83296723500879,167772160000.0,nan,61.5,0.0,nan,0.25,nan,625.0,global_all_subsets,reference_model_based_oracle_centralized_scale,centralized_subset_coalition_search,model_based_oracle,reference,centralized,0,none,2,False,False,exact_like_small_scale_coalition_search_timeout_large,nan,21,625,2500,92,nan,1.0,-1045.9135272955548,nan,60000.0,0.0,-1000000.0,False,0.0,0.0,0.0,True,1.0,nan,nan,0.0,fleet_ladder_extended,675.0,0.0,nan
SP8_MC_fleet_ladder_extended,fleet_ladder_extended,fleet_2500r_625l_seed10002,10002,centralized_time_expanded_mpc,Centralized time-expanded MPC,0.0,1.0,1562500,34.83296723500879,244140625000.0,nan,625.0,0.0,nan,0.25,nan,625.0,global_time_expanded_state,baseline_sota_centralized_scale,centralized_time_expanded_mpc,sota,baseline,centralized,0,none,8,False,False,time_expanded_mpc_timeout_large,nan,21,625,2500,92,nan,1.0,-1045.9135272955548,nan,60000.0,0.0,-1000000.0,False,0.0,0.0,0.0,True,1.0,nan,nan,0.0,fleet_ladder_extended,675.0,0.0,nan
SP8_MC_fleet_ladder_extended,fleet_ladder_extended,fleet_2500r_625l_seed10002,10002,classic_local_greedy,Classic local greedy,0.49,0.03276950000000001,8600,34.83296723500879,1562500.0,6011.187103991036,2.025,0.7248,41.982990139955994,0.25,162.35564284481924,3.44,local_distance_beacons,baseline_classic_decentralized_scale,distributed_nearest_greedy,classic,baseline,decentralized,0,none,2,False,False,nearest_local_greedy,0.0144,21,625,2500,92,0.0432,0.04382960707440685,-1045.9135272955548,0.036038,54.33590000029653,0.7952,-1141.8459972361447,True,1.0,0.0672,6.545454545454545,False,0.0,42.040191817885756,101472.27677801202,0.0672,fleet_ladder_extended,675.0,0.0944,0.5837256449144578
SP8_MC_fleet_ladder_extended,fleet_ladder_extended,fleet_2500r_625l_seed10002,10002,cbba_partitioned,CBBA partitioned,0.49,0.030905625000000003,8600,34.83296723500879,17637050.593046013,6047.204417221867,2.025,0.7376,45.06504765640877,0.25,163.3284314042125,3.44,zone_auction_bids,baseline_sota_decentralized_scale,partitioned_cbba_auction,sota,baseline,decentralized,0,none,6,False,False,partitioned_cbba_like_auction,0.0144,21,625,2500,92,0.0432,0.057199214227304236,-1045.9135272955548,0.028582499999999997,196.3032999774441,0.7872,-1172.8842138315713,True,1.0,0.048,4.675324675324675,False,0.0,44.37913475079739,102080.2696276328,0.048,fleet_ladder_extended,675.0,0.0672,0.6174589375333066
SP8_MC_fleet_ladder_extended,fleet_ladder_extended,fleet_2500r_625l_seed10002,10002,auction_market_local,Auction market local,0.49,0.031086000000000003,8600,34.83296723500879,17637050.593046013,6045.326365797398,2.025,0.7248,41.59136787444228,0.25,163.27770727251595,3.44,local_prices_and_bids,baseline_sota_decentralized_scale,local_market_auction,sota,baseline,decentralized,0,none,6,False,False,local_market_auction,0.0144,21,625,2500,92,0.0432,0.05011124505091976,-1045.9135272955548,0.029304,55.19390001427382,0.7872,-1156.3203184438842,True,1.0,0.0608,5.922077922077921,False,0.0,42.63295782741588,102048.56704532247,0.0608,fleet_ladder_extended,675.0,0.0864,0.5813895722720615
SP8_MC_fleet_ladder_extended,fleet_ladder_extended,fleet_2500r_625l_seed10002,10002,ours_primal_dual_spatial,Ours primal-dual spatial,0.49,0.013323499999999999,8600,34.83296723500879,1562500.0,6122.794400278804,2.025,0.6192,27.90928195845394,0.25,165.37003484784677,3.44,local_deficit_capacity_prices,proposed_model_based_decentralized_scale,distributed_primal_dual_prices,model_based,proposed,decentralized,0,model_based_tuning_optional,9,False,False,spatial_primal_dual_capacity_prices,0.0144,21,625,2500,92,0.0064,0.0022010773325946338,-1045.9135272955548,0.024493999999999995,64.0816999366507,0.7808,-1050.5301630587874,True,1.0,0.1584,15.428571428571427,False,0.0,41.1441730803107,103356.27177990423,0.1584,fleet_ladder_extended,675.0,0.2144,0.46235664210036914
SP8_MC_fleet_ladder_extended,fleet_ladder_extended,fleet_2500r_625l_seed10002,10002,ours_tensor_quorum_flow,Ours tensor quorum flow,0.49,0.006121499999999999,8600,34.83296723500879,36280.12648261504,6127.329106753414,2.025,0.6128,27.867981751504434,0.25,165.49251235055317,3.44,local_density_tensor_field,proposed_model_based_decentralized_scale,distributed_tensor_quorum_flow,model_based,proposed,decentralized,0,model_based_tuning_optional,11,False,False,tensor_quorum_flow_density_obstacle_aware,0.0032,21,625,2500,92,0.0,8.162451287117106e-05,-1045.9135272955548,0.020645999999999998,363.9445999870077,0.776,-1046.0843672291358,True,1.0,0.1632,15.896103896103895,False,0.0,41.18844888339266,103432.82021909574,0.1632,fleet_ladder_extended,675.0,0.2144,0.46205391861083106
SP8_MC_fleet_ladder_extended,fleet_ladder_extended,fleet_2500r_625l_seed10002,10002,ours_wrench_market_hierarchical,Ours wrench-market hierarchical,0.49,0.01272225,8650,34.83296723500879,36280.12648261504,6091.028710016287,2.025,0.6208,27.091786872631182,0.25,164.51207801273907,3.46,zone_summaries_plus_local_wrench_bids,proposed_model_based_hierarchical_scale,hierarchical_wrench_market,model_based,proposed,hierarchical,0,model_based_tuning_optional,13,False,False,zone_hierarchical_wrench_market,0.0144,21,625,2500,92,0.0064,0.0,-1045.9135272955548,0.022088999999999998,62.27220001164824,0.7808,-1045.9135272955548,True,1.0,0.1568,15.272727272727272,False,0.0,42.14993006206381,102820.04875796192,0.1568,fleet_ladder_extended,675.0,0.2128,0.45970096096372526
SP8_MC_fleet_ladder_extended,fleet_ladder_extended,fleet_2500r_625l_seed10002,10002,ours_mean_field_approximation,Ours mean-field approximation,0.49,0.030484750000000005,3125,34.83296723500879,1562500.0,6044.631766582685,2.025,0.7376,45.34486660220189,0.25,163.258946901216,1.25,aggregate_density_broadcasts,proposed_model_based_decentralized_scale,mean_field_density_controller,model_based,proposed,decentralized,0,model_based_tuning_optional,7,False,False,mean_field_density_allocation,0.0144,21,625,2500,92,0.0432,0.05687686076955001,-1045.9135272955548,0.026899,55.22940005175769,0.784,-1172.1255011591718,True,1.0,0.0464,4.51948051948052,False,0.0,44.526591208749814,102036.84181326,0.0464,fleet_ladder_extended,675.0,0.064,0.6208715253706898
SP8_MC_fleet_ladder_extended,fleet_ladder_extended,fleet_5000r_1250l_seed10002,10002,centralized_hungarian_expanded,Centralized Hungarian expanded,0.0,1.0,6250000,37.03296723500879,125000000000.0,nan,174.0,0.0,nan,0.25,nan,1250.0,global_all_robot_load_slots,baseline_classic_centralized_scale,centralized_expanded_assignment,classic,baseline,centralized,0,none,1,False,False,expanded_slot_hungarian_polynomial_but_scalar,nan,30,1250,5000,131,nan,1.0,-3100.8049332022765,nan,60000.0,0.0,-1000000.0,False,0.0,0.0,0.0,True,1.0,nan,nan,0.0,fleet_ladder_extended,954.5941546018391,0.0,nan
SP8_MC_fleet_ladder_extended,fleet_ladder_extended,fleet_5000r_1250l_seed10002,10002,centralized_coalition_oracle,Centralized coalition oracle,0.0,1.0,6250000,37.03296723500879,335544320000.0,nan,174.0,0.0,nan,0.25,nan,1250.0,global_all_subsets,reference_model_based_oracle_centralized_scale,centralized_subset_coalition_search,model_based_oracle,reference,centralized,0,none,2,False,False,exact_like_small_scale_coalition_search_timeout_large,nan,30,1250,5000,131,nan,1.0,-3100.8049332022765,nan,60000.0,0.0,-1000000.0,False,0.0,0.0,0.0,True,1.0,nan,nan,0.0,fleet_ladder_extended,954.5941546018391,0.0,nan
SP8_MC_fleet_ladder_extended,fleet_ladder_extended,fleet_5000r_1250l_seed10002,10002,centralized_time_expanded_mpc,Centralized time-expanded MPC,0.0,1.0,6250000,37.03296723500879,1953125000000.0,nan,2500.0,0.0,nan,0.25,nan,1250.0,global_time_expanded_state,baseline_sota_centralized_scale,centralized_time_expanded_mpc,sota,baseline,centralized,0,none,8,False,False,time_expanded_mpc_timeout_large,nan,30,1250,5000,131,nan,1.0,-3100.8049332022765,nan,60000.0,0.0,-1000000.0,False,0.0,0.0,0.0,True,1.0,nan,nan,0.0,fleet_ladder_extended,954.5941546018391,0.0,nan
SP8_MC_fleet_ladder_extended,fleet_ladder_extended,fleet_5000r_1250l_seed10002,10002,classic_local_greedy,Classic local greedy,0.4822,0.030246,16966,37.03296723500879,6250000.0,16048.475457779412,2.05,0.7144,43.639520220726276,0.25,214.99799225817546,3.3932,local_distance_beacons,baseline_classic_decentralized_scale,distributed_nearest_greedy,classic,baseline,decentralized,0,none,2,False,False,nearest_local_greedy,0.0056,30,1250,5000,131,0.044,0.008931669677169157,-3100.8049332022765,0.035064,110.06259999703616,0.78,-3156.703866472629,True,1.0,0.0656,9.861523175643532,False,0.0,43.91290012296082,268747.4903227193,0.0656,fleet_ladder_extended,954.5941546018391,0.0776,0.6117799328292128
SP8_MC_fleet_ladder_extended,fleet_ladder_extended,fleet_5000r_1250l_seed10002,10002,cbba_partitioned,CBBA partitioned,0.4822,0.0284325,16966,37.03296723500879,76798202.37218405,16167.341169636482,2.05,0.708,45.09518193133664,0.25,216.59041076950646,3.3932,zone_auction_bids,baseline_sota_decentralized_scale,partitioned_cbba_auction,sota,baseline,decentralized,0,none,6,False,False,partitioned_cbba_like_auction,0.0056,30,1250,5000,131,0.044,0.01467879107469993,-3100.8049332022765,0.027809999999999998,401.65300003718585,0.7648,-3193.208114542634,True,1.0,0.0536,8.057586009367276,False,0.0,44.93961052804435,270738.01346188306,0.0536,fleet_ladder_extended,954.5941546018391,0.0744,0.6260302523546618
SP8_MC_fleet_ladder_extended,fleet_ladder_extended,fleet_5000r_1250l_seed10002,10002,auction_market_local,Auction market local,0.4822,0.028607999999999998,16966,37.03296723500879,76798202.37218405,16137.801194922518,2.05,0.7256,43.88322038716756,0.25,216.19467004811716,3.3932,local_prices_and_bids,baseline_sota_decentralized_scale,local_market_auction,sota,baseline,decentralized,0,none,6,False,False,local_market_auction,0.0056,30,1250,5000,131,0.044,0.012640576753541067,-3100.8049332022765,0.028512,113.85570000857115,0.7864,-3180.213266421766,True,1.0,0.0608,9.139948309133029,False,0.0,43.59308240719142,270243.33756014646,0.0608,fleet_ladder_extended,954.5941546018391,0.072,0.6120087271942293
SP8_MC_fleet_ladder_extended,fleet_ladder_extended,fleet_5000r_1250l_seed10002,10002,ours_primal_dual_spatial,Ours primal-dual spatial,0.4822,0.010877999999999999,16966,37.03296723500879,6250000.0,16306.52908893884,2.05,0.628,27.621900570290595,0.25,218.45508154619964,3.3932,local_deficit_capacity_prices,proposed_model_based_decentralized_scale,distributed_primal_dual_prices,model_based,proposed,decentralized,0,model_based_tuning_optional,9,False,False,spatial_primal_dual_capacity_prices,0.0056,30,1250,5000,131,0.0072,0.00014900965369124886,-3100.8049332022765,0.023831999999999996,139.33649996761233,0.7784,-3101.7293196929622,True,1.0,0.1496,22.489083339577324,False,0.0,43.390712757939006,273068.85193274956,0.1496,fleet_ladder_extended,954.5941546018391,0.1984,0.47058801110113874
SP8_MC_fleet_ladder_extended,fleet_ladder_extended,fleet_5000r_1250l_seed10002,10002,ours_tensor_quorum_flow,Ours tensor quorum flow,0.4822,0.005021999999999999,16966,37.03296723500879,78810.25296523007,16324.87379008257,2.05,0.6312,27.589999250732163,0.25,218.70084158271243,3.3932,local_density_tensor_field,proposed_model_based_decentralized_scale,distributed_tensor_quorum_flow,model_based,proposed,decentralized,0,model_based_tuning_optional,11,False,False,tensor_quorum_flow_density_obstacle_aware,0.0,30,1250,5000,131,0.0,0.0007427546646454308,-3100.8049332022765,0.020087999999999995,705.7113000191748,0.7808,-3105.415375040706,True,1.0,0.1496,22.489083339577324,False,0.0,43.43373895326643,273376.05197839055,0.1496,fleet_ladder_extended,954.5941546018391,0.1976,0.4706947593680472
SP8_MC_fleet_ladder_extended,fleet_ladder_extended,fleet_5000r_1250l_seed10002,10002,ours_wrench_market_hierarchical,Ours wrench-market hierarchical,0.4822,0.010293,17144,37.03296723500879,78810.25296523007,16284.13360656254,2.05,0.6072,27.38025823043421,0.25,218.15505406014813,3.4288,zone_summaries_plus_local_wrench_bids,proposed_model_based_hierarchical_scale,hierarchical_wrench_market,model_based,proposed,hierarchical,0,model_based_tuning_optional,13,False,False,zone_hierarchical_wrench_market,0.0056,30,1250,5000,131,0.0072,0.0,-3100.8049332022765,0.021491999999999997,122.36230005510151,0.7536,-3100.8049332022765,True,1.0,0.1456,21.88777095081857,False,0.0,43.47202004557838,272693.81757518515,0.1456,fleet_ladder_extended,954.5941546018391,0.2008,0.47046679499125393
SP8_MC_fleet_ladder_extended,fleet_ladder_extended,fleet_5000r_1250l_seed10002,10002,ours_mean_field_approximation,Ours mean-field approximation,0.4822,0.028023,6250,37.03296723500879,6250000.0,16169.401936560123,2.05,0.7144,45.098020981401966,0.25,216.61801842309697,1.25,aggregate_density_broadcasts,proposed_model_based_decentralized_scale,mean_field_density_controller,model_based,proposed,decentralized,0,model_based_tuning_optional,7,False,False,mean_field_density_allocation,0.0056,30,1250,5000,131,0.044,0.014228914255824256,-3100.8049332022765,0.026171999999999997,106.22009995859116,0.7696,-3190.3352564464135,True,1.0,0.0528,7.937323531615526,False,0.0,44.79054631272346,270772.5230288712,0.0528,fleet_ladder_extended,954.5941546018391,0.0712,0.6251932655285366
SP8_MC_fleet_ladder_extended,fleet_ladder_extended,fleet_7500r_1875l_seed10002,10002,centralized_hungarian_expanded,Centralized Hungarian expanded,0.0,1.0,14062500,38.319884736595334,421875000000.0,nan,361.5,0.0,nan,0.25,nan,1875.0,global_all_robot_load_slots,baseline_classic_centralized_scale,centralized_expanded_assignment,classic,baseline,centralized,0,none,1,False,False,expanded_slot_hungarian_polynomial_but_scalar,nan,36,1875,7500,160,nan,1.0,-5737.7720359705745,nan,60000.0,0.0,-1000000.0,False,0.0,0.0,0.0,True,1.0,nan,nan,0.0,fleet_ladder_extended,1169.134295108992,0.0,nan
SP8_MC_fleet_ladder_extended,fleet_ladder_extended,fleet_7500r_1875l_seed10002,10002,centralized_coalition_oracle,Centralized coalition oracle,0.0,1.0,14062500,38.319884736595334,503316480000.0,nan,361.5,0.0,nan,0.25,nan,1875.0,global_all_subsets,reference_model_based_oracle_centralized_scale,centralized_subset_coalition_search,model_based_oracle,reference,centralized,0,none,2,False,False,exact_like_small_scale_coalition_search_timeout_large,nan,36,1875,7500,160,nan,1.0,-5737.7720359705745,nan,60000.0,0.0,-1000000.0,False,0.0,0.0,0.0,True,1.0,nan,nan,0.0,fleet_ladder_extended,1169.134295108992,0.0,nan
SP8_MC_fleet_ladder_extended,fleet_ladder_extended,fleet_7500r_1875l_seed10002,10002,centralized_time_expanded_mpc,Centralized time-expanded MPC,0.0,1.0,14062500,38.319884736595334,6591796875000.0,nan,5625.0,0.0,nan,0.25,nan,1875.0,global_time_expanded_state,baseline_sota_centralized_scale,centralized_time_expanded_mpc,sota,baseline,centralized,0,none,8,False,False,time_expanded_mpc_timeout_large,nan,36,1875,7500,160,nan,1.0,-5737.7720359705745,nan,60000.0,0.0,-1000000.0,False,0.0,0.0,0.0,True,1.0,nan,nan,0.0,fleet_ladder_extended,1169.134295108992,0.0,nan
SP8_MC_fleet_ladder_extended,fleet_ladder_extended,fleet_7500r_1875l_seed10002,10002,classic_local_greedy,Classic local greedy,0.48373333333333335,0.0309365,25518,38.319884736595334,14062500.0,28855.387440905502,2.075,0.7328,42.96865099637876,0.25,259.780982851646,3.4024,local_distance_beacons,baseline_classic_decentralized_scale,distributed_nearest_greedy,classic,baseline,decentralized,0,none,2,False,False,nearest_local_greedy,0.007466666666666667,36,1875,7500,160,0.042666666666666665,0.004177296431192638,-5737.7720359705745,0.037986,165.03859998192638,0.7957333333333333,-5785.91406609535,True,1.0,0.05973333333333333,11.461435885867933,False,0.0,42.92621817657451,487089.34284683625,0.05973333333333333,fleet_ladder_extended,1169.134295108992,0.07946666666666667,0.596233435223565
SP8_MC_fleet_ladder_extended,fleet_ladder_extended,fleet_7500r_1875l_seed10002,10002,cbba_partitioned,CBBA partitioned,0.48373333333333335,0.028971874999999998,25518,38.319884736595334,181021990.5038054,29038.320291920398,2.075,0.7306666666666667,46.15072089189645,0.25,261.427901505219,3.4024,zone_auction_bids,baseline_sota_decentralized_scale,partitioned_cbba_auction,sota,baseline,decentralized,0,none,6,False,False,partitioned_cbba_like_auction,0.007466666666666667,36,1875,7500,160,0.042666666666666665,0.008449328836290813,-5737.7720359705745,0.030127499999999998,609.1606999980286,0.7829333333333334,-5835.567436234092,True,1.0,0.04906666666666667,9.414750906248658,False,0.0,45.73561881166903,490177.31532228563,0.04906666666666667,fleet_ladder_extended,1169.134295108992,0.06933333333333333,0.6287400003779922
SP8_MC_fleet_ladder_extended,fleet_ladder_extended,fleet_7500r_1875l_seed10002,10002,auction_market_local,Auction market local,0.48373333333333335,0.029161999999999997,25518,38.319884736595334,181021990.5038054,28994.627786795558,2.075,0.7392,42.40991789452741,0.25,261.03454404475076,3.4024,local_prices_and_bids,baseline_sota_decentralized_scale,local_market_auction,sota,baseline,decentralized,0,none,6,False,False,local_market_auction,0.007466666666666667,36,1875,7500,160,0.042666666666666665,0.007011417444533675,-5737.7720359705745,0.030888000000000002,164.49989995453507,0.7962666666666667,-5818.807047573513,True,1.0,0.055466666666666664,10.642761894020223,False,0.0,42.47079481625959,489439.77008390764,0.055466666666666664,fleet_ladder_extended,1169.134295108992,0.07573333333333333,0.5920657159962422
SP8_MC_fleet_ladder_extended,fleet_ladder_extended,fleet_7500r_1875l_seed10002,10002,ours_primal_dual_spatial,Ours primal-dual spatial,0.48373333333333335,0.010374499999999998,25518,38.319884736595334,14062500.0,29212.043204821635,2.075,0.6309333333333333,27.829498009762393,0.25,262.99190438508884,3.4024,local_deficit_capacity_prices,proposed_model_based_decentralized_scale,distributed_primal_dual_prices,model_based,proposed,decentralized,0,model_based_tuning_optional,9,False,False,spatial_primal_dual_capacity_prices,0.007466666666666667,36,1875,7500,160,0.0037333333333333333,0.0,-5737.7720359705745,0.025817999999999997,195.4664000077173,0.7914666666666667,-5735.045455064505,True,1.0,0.15946666666666667,30.59794044530814,False,0.0,42.73027515072309,493109.82072204154,0.15946666666666667,fleet_ladder_extended,1169.134295108992,0.20266666666666666,0.46568410081677836
SP8_MC_fleet_ladder_extended,fleet_ladder_extended,fleet_7500r_1875l_seed10002,10002,ours_tensor_quorum_flow,Ours tensor quorum flow,0.48373333333333335,0.006000499999999999,25518,38.319884736595334,123699.40289210595,29247.930913723412,2.075,0.6330666666666667,27.837854419675967,0.25,263.3149963660885,3.4024,local_density_tensor_field,proposed_model_based_decentralized_scale,distributed_tensor_quorum_flow,model_based,proposed,decentralized,0,model_based_tuning_optional,11,False,False,tensor_quorum_flow_density_obstacle_aware,0.0010666666666666667,36,1875,7500,160,0.0005333333333333334,0.0005790371874677754,-5737.7720359705745,0.021761999999999997,1135.8869998948649,0.7909333333333334,-5744.421231903553,True,1.0,0.15786666666666666,30.29093769836525,False,0.0,42.74354465084767,493715.618186416,0.15786666666666666,fleet_ladder_extended,1169.134295108992,0.20213333333333333,0.46577199553847665
SP8_MC_fleet_ladder_extended,fleet_ladder_extended,fleet_7500r_1875l_seed10002,10002,ours_wrench_market_hierarchical,Ours wrench-market hierarchical,0.48373333333333335,0.00974075,25762,38.319884736595334,123699.40289210595,29201.659492480263,2.075,0.6234666666666666,27.508121231804807,0.25,262.8984212875835,3.4349333333333334,zone_summaries_plus_local_wrench_bids,proposed_model_based_hierarchical_scale,hierarchical_wrench_market,model_based,proposed,hierarchical,0,model_based_tuning_optional,13,False,False,zone_hierarchical_wrench_market,0.007466666666666667,36,1875,7500,160,0.0037333333333333333,0.0,-5737.7720359705745,0.023282999999999998,203.8669999456033,0.7786666666666666,-5737.7720359705745,True,1.0,0.15466666666666667,29.676932204479467,False,0.0,43.05891531690074,492934.53991421906,0.15466666666666667,fleet_ladder_extended,1169.134295108992,0.20266666666666666,0.4653160247828884
SP8_MC_fleet_ladder_extended,fleet_ladder_extended,fleet_7500r_1875l_seed10002,10002,ours_mean_field_approximation,Ours mean-field approximation,0.48373333333333335,0.028528249999999998,9375,38.319884736595334,14062500.0,29035.334686411174,2.075,0.7317333333333333,46.020095684427034,0.25,261.40102251996257,1.25,aggregate_density_broadcasts,proposed_model_based_decentralized_scale,mean_field_density_controller,model_based,proposed,decentralized,0,model_based_tuning_optional,7,False,False,mean_field_density_allocation,0.007466666666666667,36,1875,7500,160,0.042666666666666665,0.0077639149841354956,-5737.7720359705745,0.028353,171.7521999962628,0.7845333333333333,-5827.572148899153,True,1.0,0.0496,9.517085155229623,False,0.0,45.789035553829436,490126.9172249298,0.0496,fleet_ladder_extended,1169.134295108992,0.0688,0.6290772744005172
SP8_MC_fleet_ladder_extended,fleet_ladder_extended,fleet_10000r_2500l_seed10002,10002,centralized_hungarian_expanded,Centralized Hungarian expanded,0.0,1.0,25000000,39.232967235008786,1000000000000.0,nan,624.0,0.0,nan,0.25,nan,2500.0,global_all_robot_load_slots,baseline_classic_centralized_scale,centralized_expanded_assignment,classic,baseline,centralized,0,none,1,False,False,expanded_slot_hungarian_polynomial_but_scalar,nan,42,2500,10000,185,nan,1.0,-8923.923439898384,nan,60000.0,0.0,-1000000.0,False,0.0,0.0,0.0,True,1.0,nan,nan,0.0,fleet_ladder_extended,1350.0,0.0,nan
SP8_MC_fleet_ladder_extended,fleet_ladder_extended,fleet_10000r_2500l_seed10002,10002,centralized_coalition_oracle,Centralized coalition oracle,0.0,1.0,25000000,39.232967235008786,671088640000.0,nan,624.0,0.0,nan,0.25,nan,2500.0,global_all_subsets,reference_model_based_oracle_centralized_scale,centralized_subset_coalition_search,model_based_oracle,reference,centralized,0,none,2,False,False,exact_like_small_scale_coalition_search_timeout_large,nan,42,2500,10000,185,nan,1.0,-8923.923439898384,nan,60000.0,0.0,-1000000.0,False,0.0,0.0,0.0,True,1.0,nan,nan,0.0,fleet_ladder_extended,1350.0,0.0,nan
SP8_MC_fleet_ladder_extended,fleet_ladder_extended,fleet_10000r_2500l_seed10002,10002,centralized_time_expanded_mpc,Centralized time-expanded MPC,0.0,1.0,25000000,39.232967235008786,15625000000000.0,nan,10000.0,0.0,nan,0.25,nan,2500.0,global_time_expanded_state,baseline_sota_centralized_scale,centralized_time_expanded_mpc,sota,baseline,centralized,0,none,8,False,False,time_expanded_mpc_timeout_large,nan,42,2500,10000,185,nan,1.0,-8923.923439898384,nan,60000.0,0.0,-1000000.0,False,0.0,0.0,0.0,True,1.0,nan,nan,0.0,fleet_ladder_extended,1350.0,0.0,nan
SP8_MC_fleet_ladder_extended,fleet_ladder_extended,fleet_10000r_2500l_seed10002,10002,classic_local_greedy,Classic local greedy,0.4805,0.030623499999999998,33830,39.232967235008786,25000000.0,44421.030148241145,2.1,0.7476,61.59761661779564,0.25,299.4169302317568,3.383,local_distance_beacons,baseline_classic_decentralized_scale,distributed_nearest_greedy,classic,baseline,decentralized,0,none,2,False,False,nearest_local_greedy,0.0028,42,2500,10000,185,0.044,0.0014589908016778255,-8923.923439898384,0.039934,216.06589993461967,0.7908,-8950.002792852638,True,1.0,0.04,9.090909090909092,False,0.0,51.157175189272515,748542.325579392,0.04,fleet_ladder_extended,1350.0,0.0584,0.8376852550331623
SP8_MC_fleet_ladder_extended,fleet_ladder_extended,fleet_10000r_2500l_seed10002,10002,cbba_partitioned,CBBA partitioned,0.4805,0.028558124999999997,33830,39.232967235008786,332192809.4887362,44661.55829226058,2.1,0.7532,66.20673738941825,0.25,301.038193815161,3.383,zone_auction_bids,baseline_sota_decentralized_scale,partitioned_cbba_auction,sota,baseline,decentralized,0,none,6,False,False,partitioned_cbba_like_auction,0.0028,42,2500,10000,185,0.044,0.004719634007624912,-8923.923439898384,0.0316725,882.1425999049097,0.7868,-9008.562932054732,True,1.0,0.0324,7.363636363636363,False,0.0,57.26024976635051,752595.4845379024,0.0324,fleet_ladder_extended,1350.0,0.0472,0.9108619683452954
SP8_MC_fleet_ladder_extended,fleet_ladder_extended,fleet_10000r_2500l_seed10002,10002,auction_market_local,Auction market local,0.4805,0.028758,33830,39.232967235008786,332192809.4887362,44592.86398372866,2.1,0.7484,60.988336884061724,0.25,300.5751645041256,3.383,local_prices_and_bids,baseline_sota_decentralized_scale,local_market_auction,sota,baseline,decentralized,0,none,6,False,False,local_market_auction,0.0028,42,2500,10000,185,0.044,0.003421993863287697,-8923.923439898384,0.032472,237.91770008392632,0.7912,-8985.211812823853,True,1.0,0.0392,8.909090909090908,False,0.0,50.93302888446624,751437.911260314,0.0392,fleet_ladder_extended,1350.0,0.0592,0.8281550298669892
SP8_MC_fleet_ladder_extended,fleet_ladder_extended,fleet_10000r_2500l_seed10002,10002,ours_primal_dual_spatial,Ours primal-dual spatial,0.4805,0.0096055,33830,39.232967235008786,25000000.0,44878.31947923206,2.1,0.6556,30.83675702613045,0.25,302.4992578422626,3.383,local_deficit_capacity_prices,proposed_model_based_decentralized_scale,distributed_primal_dual_prices,model_based,proposed,decentralized,0,model_based_tuning_optional,9,False,False,spatial_primal_dual_capacity_prices,0.0028,42,2500,10000,185,0.0044,0.0,-8923.923439898384,0.027142,279.96319998055696,0.796,-8921.954358467858,True,1.0,0.138,31.363636363636363,False,0.0,42.984627598240614,756248.1446056565,0.138,fleet_ladder_extended,1350.0,0.1764,0.4954352878796388
SP8_MC_fleet_ladder_extended,fleet_ladder_extended,fleet_10000r_2500l_seed10002,10002,ours_tensor_quorum_flow,Ours tensor quorum flow,0.4805,0.0057195,33830,39.232967235008786,170120.50593046015,44937.28736183159,2.1,0.6528,30.793009396546356,0.25,302.8967268413222,3.383,local_density_tensor_field,proposed_model_based_decentralized_scale,distributed_tensor_quorum_flow,model_based,proposed,decentralized,0,model_based_tuning_optional,11,False,False,tensor_quorum_flow_density_obstacle_aware,0.0,42,2500,10000,185,0.0,0.0006024670654390927,-8923.923439898384,0.022878,1551.1194999562576,0.7908,-8934.683264739624,True,1.0,0.138,31.363636363636363,False,0.0,43.021082712797345,757241.8171033056,0.138,fleet_ladder_extended,1350.0,0.1764,0.4949362465128951
SP8_MC_fleet_ladder_extended,fleet_ladder_extended,fleet_10000r_2500l_seed10002,10002,ours_wrench_market_hierarchical,Ours wrench-market hierarchical,0.4805,0.00893925,34220,39.232967235008786,170120.50593046015,44907.589032908996,2.1,0.6452,29.97161070500107,0.25,302.6965472766128,3.422,zone_summaries_plus_local_wrench_bids,proposed_model_based_hierarchical_scale,hierarchical_wrench_market,model_based,proposed,hierarchical,0,model_based_tuning_optional,13,False,False,zone_hierarchical_wrench_market,0.0028,42,2500,10000,185,0.0044,0.0,-8923.923439898384,0.024477,254.31160000152886,0.7888,-8923.923439898384,True,1.0,0.142,32.27272727272727,False,0.0,43.95998789212342,756741.368191532,0.142,fleet_ladder_extended,1350.0,0.1764,0.49224349332068795
SP8_MC_fleet_ladder_extended,fleet_ladder_extended,fleet_10000r_2500l_seed10002,10002,ours_mean_field_approximation,Ours mean-field approximation,0.4805,0.02809175,12500,39.232967235008786,25000000.0,44663.757991035476,2.1,0.7508,66.53786247530005,0.25,301.0530207350324,1.25,aggregate_density_broadcasts,proposed_model_based_decentralized_scale,mean_field_density_controller,model_based,proposed,decentralized,0,model_based_tuning_optional,7,False,False,mean_field_density_allocation,0.0028,42,2500,10000,185,0.044,0.004078046652887351,-8923.923439898384,0.029807,212.28820004034787,0.7876,-8997.009920251012,True,1.0,0.0348,7.909090909090909,False,0.0,56.94732038157398,752632.551837581,0.0348,fleet_ladder_extended,1350.0,0.0492,0.911033657048118
SP8_MC_fleet_ladder_extended,fleet_ladder_extended,fleet_12500r_3125l_seed10002,10002,centralized_hungarian_expanded,Centralized Hungarian expanded,0.0,1.0,39062500,39.94120904376099,1953125000000.0,nan,961.5,0.0,nan,0.25,nan,3125.0,global_all_robot_load_slots,baseline_classic_centralized_scale,centralized_expanded_assignment,classic,baseline,centralized,0,none,1,False,False,expanded_slot_hungarian_polynomial_but_scalar,nan,47,3125,12500,207,nan,1.0,-12659.155842753002,nan,60000.0,0.0,-1000000.0,False,0.0,0.0,0.0,True,1.0,nan,nan,0.0,fleet_ladder_extended,1509.345884812358,0.0,nan
SP8_MC_fleet_ladder_extended,fleet_ladder_extended,fleet_12500r_3125l_seed10002,10002,centralized_coalition_oracle,Centralized coalition oracle,0.0,1.0,39062500,39.94120904376099,838860800000.0,nan,961.5,0.0,nan,0.25,nan,3125.0,global_all_subsets,reference_model_based_oracle_centralized_scale,centralized_subset_coalition_search,model_based_oracle,reference,centralized,0,none,2,False,False,exact_like_small_scale_coalition_search_timeout_large,nan,47,3125,12500,207,nan,1.0,-12659.155842753002,nan,60000.0,0.0,-1000000.0,False,0.0,0.0,0.0,True,1.0,nan,nan,0.0,fleet_ladder_extended,1509.345884812358,0.0,nan
SP8_MC_fleet_ladder_extended,fleet_ladder_extended,fleet_12500r_3125l_seed10002,10002,centralized_time_expanded_mpc,Centralized time-expanded MPC,0.0,1.0,39062500,39.94120904376099,30517578125000.0,nan,15625.0,0.0,nan,0.25,nan,3125.0,global_time_expanded_state,baseline_sota_centralized_scale,centralized_time_expanded_mpc,sota,baseline,centralized,0,none,8,False,False,time_expanded_mpc_timeout_large,nan,47,3125,12500,207,nan,1.0,-12659.155842753002,nan,60000.0,0.0,-1000000.0,False,0.0,0.0,0.0,True,1.0,nan,nan,0.0,fleet_ladder_extended,1509.345884812358,0.0,nan
SP8_MC_fleet_ladder_extended,fleet_ladder_extended,fleet_12500r_3125l_seed10002,10002,classic_local_greedy,Classic local greedy,0.48696,0.02464825,42772,39.94120904376099,39062500.0,62481.02568289682,2.125,0.75872,62.069358711028045,0.25,337.4198625990462,3.42176,local_distance_beacons,baseline_classic_decentralized_scale,distributed_nearest_greedy,classic,baseline,decentralized,0,none,2,False,False,nearest_local_greedy,0.0032,47,3125,12500,207,0.03776,0.0,-12659.155842753002,0.026785,262.4767000088468,0.8048,-12620.425114164242,True,1.0,0.04352,11.25643478316926,False,0.0,51.5481857062871,1054437.0706220195,0.04352,fleet_ladder_extended,1509.345884812358,0.05664,0.833637553467016
SP8_MC_fleet_ladder_extended,fleet_ladder_extended,fleet_12500r_3125l_seed10002,10002,cbba_partitioned,CBBA partitioned,0.48696,0.023262937499999997,42772,39.94120904376099,531626581.03268796,62909.26020441484,2.125,0.74976,66.67536857960879,0.25,339.7324820196062,3.42176,zone_auction_bids,baseline_sota_decentralized_scale,partitioned_cbba_auction,sota,baseline,decentralized,0,none,6,False,False,partitioned_cbba_like_auction,0.0032,47,3125,12500,207,0.03776,0.002191414901715943,-12659.155842753002,0.02124375,1140.7893999712542,0.78912,-12714.762817635206,True,1.0,0.03776,9.766612532455682,False,0.0,55.923143584891186,1061664.0063112695,0.03776,fleet_ladder_extended,1509.345884812358,0.04992,0.8953667608208612
SP8_MC_fleet_ladder_extended,fleet_ladder_extended,fleet_12500r_3125l_seed10002,10002,auction_market_local,Auction market local,0.48696,0.023397,42772,39.94120904376099,531626581.03268796,62747.28148012654,2.125,0.75648,61.68746360629182,0.25,338.8577390349006,3.42176,local_prices_and_bids,baseline_sota_decentralized_scale,local_market_auction,sota,baseline,decentralized,0,none,6,False,False,local_market_auction,0.0032,47,3125,12500,207,0.03776,0.0006347242122293952,-12659.155842753002,0.02178,295.9760999074206,0.80224,-12675.23682990868,True,1.0,0.04224,10.925363171899576,False,0.0,51.297784523044974,1058930.4344840643,0.04224,fleet_ladder_extended,1509.345884812358,0.05824,0.8317779058898221
SP8_MC_fleet_ladder_extended,fleet_ladder_extended,fleet_12500r_3125l_seed10002,10002,ours_primal_dual_spatial,Ours primal-dual spatial,0.48696,0.00781525,42772,39.94120904376099,39062500.0,63184.99015089255,2.125,0.66208,30.9505407755557,0.25,341.2215222464285,3.42176,local_deficit_capacity_prices,proposed_model_based_decentralized_scale,distributed_primal_dual_prices,model_based,proposed,decentralized,0,model_based_tuning_optional,9,False,False,spatial_primal_dual_capacity_prices,0.0032,47,3125,12500,207,0.00512,0.0,-12659.155842753002,0.018205,344.057000009343,0.80576,-12641.714571241078,True,1.0,0.1424,36.83171675375235,False,0.0,43.393430078627055,1066317.257020089,0.1424,fleet_ladder_extended,1509.345884812358,0.17696,0.4968274160372927
SP8_MC_fleet_ladder_extended,fleet_ladder_extended,fleet_12500r_3125l_seed10002,10002,ours_tensor_quorum_flow,Ours tensor quorum flow,0.48696,0.003980249999999999,42772,39.94120904376099,217680.75889569023,63290.65949247228,2.125,0.66432,31.0591865600901,0.25,341.79217444566933,3.42176,local_density_tensor_field,proposed_model_based_decentralized_scale,distributed_tensor_quorum_flow,model_based,proposed,decentralized,0,model_based_tuning_optional,11,False,False,tensor_quorum_flow_density_obstacle_aware,0.0,47,3125,12500,207,0.00032,7.923771395259348e-05,-12659.155842753002,0.015345,2052.4744000285864,0.80992,-12661.16224611263,True,1.0,0.1456,37.65939578192657,False,0.0,43.32499493525162,1068100.5451427167,0.1456,fleet_ladder_extended,1509.345884812358,0.17696,0.4974919250730623
SP8_MC_fleet_ladder_extended,fleet_ladder_extended,fleet_12500r_3125l_seed10002,10002,ours_wrench_market_hierarchical,Ours wrench-market hierarchical,0.48696,0.007368375,43098,39.94120904376099,217680.75889569023,63241.36493745639,2.125,0.64416,30.496302753970426,0.25,341.5259662360801,3.44784,zone_summaries_plus_local_wrench_bids,proposed_model_based_hierarchical_scale,hierarchical_wrench_market,model_based,proposed,hierarchical,0,model_based_tuning_optional,13,False,False,zone_hierarchical_wrench_market,0.0032,47,3125,12500,207,0.00512,0.0,-12659.155842753002,0.016417499999999998,314.3038999987766,0.78176,-12659.155842753002,True,1.0,0.13664,35.34189450303878,False,0.0,44.04974039271351,1067268.6444877503,0.13664,fleet_ladder_extended,1509.345884812358,0.17568,0.49715367252979087
SP8_MC_fleet_ladder_extended,fleet_ladder_extended,fleet_12500r_3125l_seed10002,10002,ours_mean_field_approximation,Ours mean-field approximation,0.48696,0.022950125,15625,39.94120904376099,39062500.0,62925.431240668455,2.125,0.744,66.86520508363765,0.25,339.81981139314234,1.25,aggregate_density_broadcasts,proposed_model_based_decentralized_scale,mean_field_density_controller,model_based,proposed,decentralized,0,model_based_tuning_optional,7,False,False,mean_field_density_allocation,0.0032,47,3125,12500,207,0.03776,0.0017667346216966304,-12659.155842753002,0.0199925,267.77539995964617,0.78528,-12703.967517642797,True,1.0,0.03968,10.263219949360208,False,0.0,56.04224980096754,1061936.9106035698,0.03968,fleet_ladder_extended,1509.345884812358,0.05216,0.8946238551360558
SP8_MC_fleet_ladder_extended,fleet_ladder_extended,fleet_15000r_3750l_seed10002,10002,centralized_hungarian_expanded,Centralized Hungarian expanded,0.0,1.0,56250000,40.51988473659533,3375000000000.0,nan,1374.0,0.0,nan,0.25,nan,3750.0,global_all_robot_load_slots,baseline_classic_centralized_scale,centralized_expanded_assignment,classic,baseline,centralized,0,none,1,False,False,expanded_slot_hungarian_polynomial_but_scalar,nan,51,3750,15000,227,nan,1.0,-16343.038844260927,nan,60000.0,0.0,-1000000.0,False,0.0,0.0,0.0,True,1.0,nan,nan,0.0,fleet_ladder_extended,1653.4055763786453,0.0,nan
SP8_MC_fleet_ladder_extended,fleet_ladder_extended,fleet_15000r_3750l_seed10002,10002,centralized_coalition_oracle,Centralized coalition oracle,0.0,1.0,56250000,40.51988473659533,1006632960000.0,nan,1374.0,0.0,nan,0.25,nan,3750.0,global_all_subsets,reference_model_based_oracle_centralized_scale,centralized_subset_coalition_search,model_based_oracle,reference,centralized,0,none,2,False,False,exact_like_small_scale_coalition_search_timeout_large,nan,51,3750,15000,227,nan,1.0,-16343.038844260927,nan,60000.0,0.0,-1000000.0,False,0.0,0.0,0.0,True,1.0,nan,nan,0.0,fleet_ladder_extended,1653.4055763786453,0.0,nan
SP8_MC_fleet_ladder_extended,fleet_ladder_extended,fleet_15000r_3750l_seed10002,10002,centralized_time_expanded_mpc,Centralized time-expanded MPC,0.0,1.0,56250000,40.51988473659533,52734375000000.0,nan,22500.0,0.0,nan,0.25,nan,3750.0,global_time_expanded_state,baseline_sota_centralized_scale,centralized_time_expanded_mpc,sota,baseline,centralized,0,none,8,False,False,time_expanded_mpc_timeout_large,nan,51,3750,15000,227,nan,1.0,-16343.038844260927,nan,60000.0,0.0,-1000000.0,False,0.0,0.0,0.0,True,1.0,nan,nan,0.0,fleet_ladder_extended,1653.4055763786453,0.0,nan
SP8_MC_fleet_ladder_extended,fleet_ladder_extended,fleet_15000r_3750l_seed10002,10002,classic_local_greedy,Classic local greedy,0.4806666666666667,0.03131925,50760,40.51988473659533,56250000.0,80623.3984166503,2.15,0.736,61.847964777950864,0.25,363.07428222075947,3.384,local_distance_beacons,baseline_classic_decentralized_scale,distributed_nearest_greedy,classic,baseline,decentralized,0,none,2,False,False,nearest_local_greedy,0.005866666666666667,51,3750,15000,227,0.04106666666666667,0.0,-16343.038844260927,0.044316999999999995,317.2578999074176,0.7890666666666667,-16299.202267834085,True,1.0,0.05173333333333333,14.85433412577596,False,0.0,51.721541125571925,1361528.558327848,0.05173333333333333,fleet_ladder_extended,1653.4055763786453,0.06933333333333333,0.8343708019359595
SP8_MC_fleet_ladder_extended,fleet_ladder_extended,fleet_15000r_3750l_seed10002,10002,cbba_partitioned,CBBA partitioned,0.4806666666666667,0.029027187500000003,50760,40.51988473659533,780337962.0152216,80972.15460804664,2.15,0.7394666666666667,67.73716932323772,0.25,364.6448486611232,3.384,zone_auction_bids,baseline_sota_decentralized_scale,partitioned_cbba_auction,sota,baseline,decentralized,0,none,6,False,False,partitioned_cbba_like_auction,0.005866666666666667,51,3750,15000,227,0.04106666666666667,0.0013903902353363871,-16343.038844260927,0.03514875,1384.4638000009581,0.7784,-16388.549916050546,True,1.0,0.0368,10.566485099778776,False,0.0,56.90698682581512,1367418.182479212,0.0368,fleet_ladder_extended,1653.4055763786453,0.052,0.9139166085844604
SP8_MC_fleet_ladder_extended,fleet_ladder_extended,fleet_15000r_3750l_seed10002,10002,auction_market_local,Auction market local,0.4806666666666667,0.029249,50760,40.51988473659533,780337962.0152216,80911.6960117452,2.15,0.7405333333333334,61.33288694911958,0.25,364.3725832656263,3.384,local_prices_and_bids,baseline_sota_decentralized_scale,local_market_auction,sota,baseline,decentralized,0,none,6,False,False,local_market_auction,0.005866666666666667,51,3750,15000,227,0.04106666666666667,0.0005335686564842838,-16343.038844260927,0.036036,354.161600000225,0.7917333333333333,-16360.48895521985,True,1.0,0.04906666666666667,14.088646799705035,False,0.0,51.52805894152225,1366397.1872460986,0.04906666666666667,fleet_ladder_extended,1653.4055763786453,0.06693333333333333,0.8280049288626403
SP8_MC_fleet_ladder_extended,fleet_ladder_extended,fleet_15000r_3750l_seed10002,10002,ours_primal_dual_spatial,Ours primal-dual spatial,0.4806666666666667,0.011930249999999998,50760,40.51988473659533,56250000.0,81362.9829204353,2.15,0.6450666666666667,31.285305330008487,0.25,366.4048800140407,3.384,local_deficit_capacity_prices,proposed_model_based_decentralized_scale,distributed_primal_dual_prices,model_based,proposed,decentralized,0,model_based_tuning_optional,9,False,False,spatial_primal_dual_capacity_prices,0.005866666666666667,51,3750,15000,227,0.005866666666666667,9.776980729541707e-05,-16343.038844260927,0.030120999999999995,423.7353999633342,0.7802666666666667,-16346.234966031794,True,1.0,0.13413333333333333,38.514072501367565,False,0.0,43.73642908334205,1374018.3000526526,0.13413333333333333,fleet_ladder_extended,1653.4055763786453,0.17653333333333332,0.5008090489838454
SP8_MC_fleet_ladder_extended,fleet_ladder_extended,fleet_15000r_3750l_seed10002,10002,ours_tensor_quorum_flow,Ours tensor quorum flow,0.4806666666666667,0.007307249999999999,50760,40.51988473659533,266148.8057842119,81463.95070961579,2.15,0.6461333333333333,31.25308165850052,0.25,366.859571931078,3.384,local_density_tensor_field,proposed_model_based_decentralized_scale,distributed_tensor_quorum_flow,model_based,proposed,decentralized,0,model_based_tuning_optional,11,False,False,tensor_quorum_flow_density_obstacle_aware,0.0008,51,3750,15000,227,0.0016,0.0007417199280400633,-16343.038844260927,0.025388999999999995,2429.2236999608576,0.7810666666666667,-16367.301497265138,True,1.0,0.13493333333333332,38.743778699188844,False,0.0,43.764223442015435,1375723.3947415424,0.13493333333333332,fleet_ladder_extended,1653.4055763786453,0.1768,0.5008090394614549
SP8_MC_fleet_ladder_extended,fleet_ladder_extended,fleet_15000r_3750l_seed10002,10002,ours_wrench_market_hierarchical,Ours wrench-market hierarchical,0.4806666666666667,0.011190875,51340,40.51988473659533,266148.8057842119,81348.02407532642,2.15,0.6413333333333333,30.828481138426344,0.25,366.337515302835,3.4226666666666667,zone_summaries_plus_local_wrench_bids,proposed_model_based_hierarchical_scale,hierarchical_wrench_market,model_based,proposed,hierarchical,0,model_based_tuning_optional,13,False,False,zone_hierarchical_wrench_market,0.005866666666666667,51,3750,15000,227,0.005866666666666667,0.0,-16343.038844260927,0.027163499999999997,382.4173000175506,0.7773333333333333,-16343.038844260927,True,1.0,0.1344,38.59064123397466,False,0.0,44.387594048032476,1373765.6823856314,0.1344,fleet_ladder_extended,1653.4055763786453,0.17653333333333332,0.499838707265808
SP8_MC_fleet_ladder_extended,fleet_ladder_extended,fleet_15000r_3750l_seed10002,10002,ours_mean_field_approximation,Ours mean-field approximation,0.4806666666666667,0.028509625,18750,40.51988473659533,56250000.0,80982.55315060008,2.15,0.7392,67.41097486468766,0.25,364.6916767959808,1.25,aggregate_density_broadcasts,proposed_model_based_decentralized_scale,mean_field_density_controller,model_based,proposed,decentralized,0,model_based_tuning_optional,7,False,False,mean_field_density_allocation,0.005866666666666667,51,3750,15000,227,0.04106666666666667,0.0010162831864607422,-16343.038844260927,0.0330785,333.3555000135675,0.7784,-16376.291966319153,True,1.0,0.037066666666666664,10.643053832385869,False,0.0,56.681105923415515,1367593.787984928,0.037066666666666664,fleet_ladder_extended,1653.4055763786453,0.053066666666666665,0.9101441068304739
SP8_MC_fleet_ladder_extended,fleet_ladder_extended,fleet_20000r_5000l_seed10002,10002,centralized_hungarian_expanded,Centralized Hungarian expanded,0.0,1.0,100000000,41.43296723500879,8000000000000.0,nan,2424.0,0.0,nan,0.25,nan,5000.0,global_all_robot_load_slots,baseline_classic_centralized_scale,centralized_expanded_assignment,classic,baseline,centralized,0,none,1,False,False,expanded_slot_hungarian_polynomial_but_scalar,nan,59,5000,20000,262,nan,1.0,-24987.658843806435,nan,60000.0,0.0,-1000000.0,False,0.0,0.0,0.0,True,1.0,nan,nan,0.0,fleet_ladder_extended,1909.1883092036783,0.0,nan
SP8_MC_fleet_ladder_extended,fleet_ladder_extended,fleet_20000r_5000l_seed10002,10002,centralized_coalition_oracle,Centralized coalition oracle,0.0,1.0,100000000,41.43296723500879,1342177280000.0,nan,2424.0,0.0,nan,0.25,nan,5000.0,global_all_subsets,reference_model_based_oracle_centralized_scale,centralized_subset_coalition_search,model_based_oracle,reference,centralized,0,none,2,False,False,exact_like_small_scale_coalition_search_timeout_large,nan,59,5000,20000,262,nan,1.0,-24987.658843806435,nan,60000.0,0.0,-1000000.0,False,0.0,0.0,0.0,True,1.0,nan,nan,0.0,fleet_ladder_extended,1909.1883092036783,0.0,nan
SP8_MC_fleet_ladder_extended,fleet_ladder_extended,fleet_20000r_5000l_seed10002,10002,centralized_time_expanded_mpc,Centralized time-expanded MPC,0.0,1.0,100000000,41.43296723500879,125000000000000.0,nan,40000.0,0.0,nan,0.25,nan,5000.0,global_time_expanded_state,baseline_sota_centralized_scale,centralized_time_expanded_mpc,sota,baseline,centralized,0,none,8,False,False,time_expanded_mpc_timeout_large,nan,59,5000,20000,262,nan,1.0,-24987.658843806435,nan,60000.0,0.0,-1000000.0,False,0.0,0.0,0.0,True,1.0,nan,nan,0.0,fleet_ladder_extended,1909.1883092036783,0.0,nan
SP8_MC_fleet_ladder_extended,fleet_ladder_extended,fleet_20000r_5000l_seed10002,10002,classic_local_greedy,Classic local greedy,0.4808,0.027542500000000004,67696,41.43296723500879,100000000.0,122938.51492467555,2.2,0.7466,63.169664440164134,0.25,414.4091643632702,3.3848,local_distance_beacons,baseline_classic_decentralized_scale,distributed_nearest_greedy,classic,baseline,decentralized,0,none,2,False,False,nearest_local_greedy,0.0064,59,5000,20000,262,0.038,0.0,-24987.658843806435,0.03409,446.95869996212423,0.7934,-24840.950320496173,True,1.0,0.0444,15.003084091660135,False,0.0,54.286657538960675,2072045.8218163508,0.0444,fleet_ladder_extended,1909.1883092036783,0.059,0.8513696320813415
SP8_MC_fleet_ladder_extended,fleet_ladder_extended,fleet_20000r_5000l_seed10002,10002,cbba_partitioned,CBBA partitioned,0.4808,0.025779375000000004,67696,41.43296723500879,1428771237.9549448,123601.40108072021,2.2,0.7478,67.27869388011224,0.25,416.6436642526073,3.3848,zone_auction_bids,baseline_sota_decentralized_scale,partitioned_cbba_auction,sota,baseline,decentralized,0,none,6,False,False,partitioned_cbba_like_auction,0.0064,59,5000,20000,262,0.038,8.130275019880304e-05,-24987.658843806435,0.027037500000000003,1976.606099982746,0.7806,-24991.722386256424,True,1.0,0.0316,10.677870659830186,False,0.0,58.09905642527188,2083218.3212630367,0.0316,fleet_ladder_extended,1909.1883092036783,0.0438,0.9073537311457086
SP8_MC_fleet_ladder_extended,fleet_ladder_extended,fleet_20000r_5000l_seed10002,10002,auction_market_local,Auction market local,0.4808,0.025950000000000004,67696,41.43296723500879,1428771237.9549448,123448.54368573532,2.2,0.7472,62.178224806936434,0.25,416.1284025759777,3.3848,local_prices_and_bids,baseline_sota_decentralized_scale,local_market_auction,sota,baseline,decentralized,0,none,6,False,False,local_market_auction,0.0064,59,5000,20000,262,0.038,0.0,-24987.658843806435,0.027720000000000005,449.4399999966845,0.796,-24941.375994558657,True,1.0,0.0466,15.746480150255907,False,0.0,53.55672178460306,2080642.0128798885,0.0466,fleet_ladder_extended,1909.1883092036783,0.061,0.8372706721486138
SP8_MC_fleet_ladder_extended,fleet_ladder_extended,fleet_20000r_5000l_seed10002,10002,ours_primal_dual_spatial,Ours primal-dual spatial,0.4808,0.010052499999999999,67696,41.43296723500879,100000000.0,124171.34781783322,2.2,0.6442,30.983840670230123,0.25,418.5648778869454,3.3848,local_deficit_capacity_prices,proposed_model_based_decentralized_scale,distributed_primal_dual_prices,model_based,proposed,decentralized,0,model_based_tuning_optional,9,False,False,spatial_primal_dual_capacity_prices,0.0064,59,5000,20000,262,0.0052,0.0,-24987.658843806435,0.02317,527.6518000755459,0.7924,-24963.477025016797,True,1.0,0.1472,49.73995446604441,False,0.0,44.08831836405602,2092824.389434727,0.1472,fleet_ladder_extended,1909.1883092036783,0.1884,0.4943168073175064
SP8_MC_fleet_ladder_extended,fleet_ladder_extended,fleet_20000r_5000l_seed10002,10002,ours_tensor_quorum_flow,Ours tensor quorum flow,0.4808,0.0051224999999999994,67696,41.43296723500879,365241.0118609203,124386.64013011972,2.2,0.645,31.003576180596067,0.25,419.2905992549247,3.3848,local_density_tensor_field,proposed_model_based_decentralized_scale,distributed_tensor_quorum_flow,model_based,proposed,decentralized,0,model_based_tuning_optional,11,False,False,tensor_quorum_flow_density_obstacle_aware,0.0002,59,5000,20000,262,0.0004,0.0004123894778489544,-24987.658843806435,0.01953,3341.998799936846,0.7934,-25008.27705409542,True,1.0,0.1482,50.077861765406126,False,0.0,44.106065306220614,2096452.9962746236,0.1482,fleet_ladder_extended,1909.1883092036783,0.1882,0.4945620718727334
SP8_MC_fleet_ladder_extended,fleet_ladder_extended,fleet_20000r_5000l_seed10002,10002,ours_wrench_market_hierarchical,Ours wrench-market hierarchical,0.4808,0.009483749999999999,68464,41.43296723500879,365241.0118609203,124272.81074470935,2.2,0.6364,30.360788866843695,0.25,418.90689573844105,3.4232,zone_summaries_plus_local_wrench_bids,proposed_model_based_hierarchical_scale,hierarchical_wrench_market,model_based,proposed,hierarchical,0,model_based_tuning_optional,13,False,False,zone_hierarchical_wrench_market,0.0064,59,5000,20000,262,0.0052,0.0,-24987.658843806435,0.020895,545.4494999721646,0.7816,-24987.658843806435,True,1.0,0.144,48.65865110808692,False,0.0,44.92360269584994,2094534.4786922052,0.144,fleet_ladder_extended,1909.1883092036783,0.1872,0.4924897804430429
SP8_MC_fleet_ladder_extended,fleet_ladder_extended,fleet_20000r_5000l_seed10002,10002,ours_mean_field_approximation,Ours mean-field approximation,0.4808,0.02538125,25000,41.43296723500879,100000000.0,123648.21963014899,2.2,0.7466,67.18934574617374,0.25,416.80148327260576,1.25,aggregate_density_broadcasts,proposed_model_based_decentralized_scale,mean_field_density_controller,model_based,proposed,decentralized,0,model_based_tuning_optional,7,False,False,mean_field_density_allocation,0.0064,59,5000,20000,262,0.038,0.0,-24987.658843806435,0.025445000000000002,456.38139999937266,0.7812,-24980.069127756346,True,1.0,0.0336,11.353685258553615,False,0.0,58.294028431669155,2084007.4163630288,0.0336,fleet_ladder_extended,1909.1883092036783,0.0466,0.9081114671140247
SP8_MC_fleet_ladder_extended,fleet_ladder_extended,fleet_25000r_6250l_seed10002,10002,centralized_hungarian_expanded,Centralized Hungarian expanded,0.0,1.0,156250000,42.14120904376099,15625000000000.0,nan,3774.0,0.0,nan,0.25,nan,6250.0,global_all_robot_load_slots,baseline_classic_centralized_scale,centralized_expanded_assignment,classic,baseline,centralized,0,none,1,False,False,expanded_slot_hungarian_polynomial_but_scalar,nan,66,6250,25000,293,nan,1.0,-34724.17565801039,nan,60000.0,0.0,-1000000.0,False,0.0,0.0,0.0,True,1.0,nan,nan,0.0,fleet_ladder_extended,2134.537420613656,0.0,nan
SP8_MC_fleet_ladder_extended,fleet_ladder_extended,fleet_25000r_6250l_seed10002,10002,centralized_coalition_oracle,Centralized coalition oracle,0.0,1.0,156250000,42.14120904376099,1677721600000.0,nan,3774.0,0.0,nan,0.25,nan,6250.0,global_all_subsets,reference_model_based_oracle_centralized_scale,centralized_subset_coalition_search,model_based_oracle,reference,centralized,0,none,2,False,False,exact_like_small_scale_coalition_search_timeout_large,nan,66,6250,25000,293,nan,1.0,-34724.17565801039,nan,60000.0,0.0,-1000000.0,False,0.0,0.0,0.0,True,1.0,nan,nan,0.0,fleet_ladder_extended,2134.537420613656,0.0,nan
SP8_MC_fleet_ladder_extended,fleet_ladder_extended,fleet_25000r_6250l_seed10002,10002,centralized_time_expanded_mpc,Centralized time-expanded MPC,0.0,1.0,156250000,42.14120904376099,244140625000000.0,nan,62500.0,0.0,nan,0.25,nan,6250.0,global_time_expanded_state,baseline_sota_centralized_scale,centralized_time_expanded_mpc,sota,baseline,centralized,0,none,8,False,False,time_expanded_mpc_timeout_large,nan,66,6250,25000,293,nan,1.0,-34724.17565801039,nan,60000.0,0.0,-1000000.0,False,0.0,0.0,0.0,True,1.0,nan,nan,0.0,fleet_ladder_extended,2134.537420613656,0.0,nan
SP8_MC_fleet_ladder_extended,fleet_ladder_extended,fleet_25000r_6250l_seed10002,10002,classic_local_greedy,Classic local greedy,0.48352,0.03017575,85028,42.14120904376099,156250000.0,171066.72200416832,2.25,0.7456,63.383349811260935,0.25,460.3007226367083,3.40112,local_distance_beacons,baseline_classic_decentralized_scale,distributed_nearest_greedy,classic,baseline,decentralized,0,none,2,False,False,nearest_local_greedy,0.00544,66,6250,25000,293,0.04368,0.0,-34724.17565801039,0.035551,521.7793999472633,0.79072,-34507.57386715307,True,1.0,0.04288,17.866666666666667,False,0.0,52.98010299459215,2876879.516479427,0.04288,fleet_ladder_extended,2134.537420613656,0.06032,0.8530235698977087
SP8_MC_fleet_ladder_extended,fleet_ladder_extended,fleet_25000r_6250l_seed10002,10002,cbba_partitioned,CBBA partitioned,0.48352,0.0283370625,85028,42.14120904376099,2282756324.1307516,171969.0951296389,2.25,0.73824,68.24494352191574,0.25,462.72879863463345,3.40112,zone_auction_bids,baseline_sota_decentralized_scale,partitioned_cbba_auction,sota,baseline,decentralized,0,none,6,False,False,partitioned_cbba_like_auction,0.00544,66,6250,25000,293,0.04368,0.0,-34724.17565801039,0.028196249999999996,2714.554200065322,0.77504,-34701.64049929757,True,1.0,0.03504,14.6,False,0.0,57.194293523819816,2892054.991466459,0.03504,fleet_ladder_extended,2134.537420613656,0.04768,0.9189824025139477
SP8_MC_fleet_ladder_extended,fleet_ladder_extended,fleet_25000r_6250l_seed10002,10002,auction_market_local,Auction market local,0.48352,0.028515000000000002,85028,42.14120904376099,2282756324.1307516,171674.5600450097,2.25,0.74816,62.22125491310947,0.25,461.93627329301034,3.40112,local_prices_and_bids,baseline_sota_decentralized_scale,local_market_auction,sota,baseline,decentralized,0,none,6,False,False,local_market_auction,0.00544,66,6250,25000,293,0.04368,0.0,-34724.17565801039,0.028908,592.297499999404,0.79424,-34628.80419447578,True,1.0,0.04416,18.4,False,0.0,52.31048976022619,2887101.708081315,0.04416,fleet_ladder_extended,2134.537420613656,0.06048,0.839850093522757
SP8_MC_fleet_ladder_extended,fleet_ladder_extended,fleet_25000r_6250l_seed10002,10002,ours_primal_dual_spatial,Ours primal-dual spatial,0.48352,0.01026475,85028,42.14120904376099,156250000.0,172571.00869838134,2.25,0.65104,31.761900465633193,0.25,464.3484079158017,3.40112,local_deficit_capacity_prices,proposed_model_based_decentralized_scale,distributed_primal_dual_prices,model_based,proposed,decentralized,0,model_based_tuning_optional,9,False,False,spatial_primal_dual_capacity_prices,0.00544,66,6250,25000,293,0.00576,0.0,-34724.17565801039,0.024162999999999997,718.9444999676198,0.78896,-34694.93730818509,True,1.0,0.1368,57.0,False,0.0,43.70003442216764,2902177.5494737606,0.1368,fleet_ladder_extended,2134.537420613656,0.17856,0.5057367365419786
SP8_MC_fleet_ladder_extended,fleet_ladder_extended,fleet_25000r_6250l_seed10002,10002,ours_tensor_quorum_flow,Ours tensor quorum flow,0.48352,0.005691749999999999,85028,42.14120904376099,466611.51779138047,172802.56954363547,2.25,0.65056,31.74127704297101,0.25,464.9714842403848,3.40112,local_density_tensor_field,proposed_model_based_decentralized_scale,distributed_tensor_quorum_flow,model_based,proposed,decentralized,0,model_based_tuning_optional,11,False,False,tensor_quorum_flow_density_obstacle_aware,0.00128,66,6250,25000,293,0.00048,0.00027490515359026863,-34724.17565801039,0.020366999999999996,4659.764499985613,0.7896,-34743.272892528854,True,1.0,0.13856,57.733333333333334,False,0.0,43.759218544415056,2906071.7765024053,0.13856,fleet_ladder_extended,2134.537420613656,0.17872,0.505821008322561
SP8_MC_fleet_ladder_extended,fleet_ladder_extended,fleet_25000r_6250l_seed10002,10002,ours_wrench_market_hierarchical,Ours wrench-market hierarchical,0.48352,0.009671625,85852,42.14120904376099,466611.51779138047,172736.70132644882,2.25,0.63248,31.02619917427337,0.25,464.7942482028049,3.43408,zone_summaries_plus_local_wrench_bids,proposed_model_based_hierarchical_scale,hierarchical_wrench_market,model_based,proposed,hierarchical,0,model_based_tuning_optional,13,False,False,zone_hierarchical_wrench_market,0.00544,66,6250,25000,293,0.00576,0.0,-34724.17565801039,0.021790499999999997,686.4478000206873,0.77504,-34724.17565801039,True,1.0,0.14128,58.86666666666667,False,0.0,44.57763069355948,2904964.051267531,0.14128,fleet_ladder_extended,2134.537420613656,0.17824,0.503268995267599
SP8_MC_fleet_ladder_extended,fleet_ladder_extended,fleet_25000r_6250l_seed10002,10002,ours_mean_field_approximation,Ours mean-field approximation,0.48352,0.027921875,31250,42.14120904376099,156250000.0,172014.32019023012,2.25,0.74016,67.71062253146901,0.25,462.8504887437764,1.25,aggregate_density_broadcasts,proposed_model_based_decentralized_scale,mean_field_density_controller,model_based,proposed,decentralized,0,model_based_tuning_optional,7,False,False,mean_field_density_allocation,0.00544,66,6250,25000,293,0.04368,0.0,-34724.17565801039,0.026535499999999997,587.8358000190929,0.77728,-34686.54511658325,True,1.0,0.03552,14.8,False,0.0,56.94698638822977,2892815.5546486024,0.03552,fleet_ladder_extended,2134.537420613656,0.048,0.9117633077188229
SP8_MC_fleet_ladder_extended,fleet_ladder_extended,fleet_50000r_12500l_seed10002,10002,centralized_hungarian_expanded,Centralized Hungarian expanded,0.0,1.0,625000000,44.34120904376099,125000000000000.0,nan,15024.0,0.0,nan,0.25,nan,12500.0,global_all_robot_load_slots,baseline_classic_centralized_scale,centralized_expanded_assignment,classic,baseline,centralized,0,none,1,False,False,expanded_slot_hungarian_polynomial_but_scalar,nan,94,12500,50000,414,nan,1.0,-97763.5161970581,nan,60000.0,0.0,-1000000.0,False,0.0,0.0,0.0,True,1.0,nan,nan,0.0,fleet_ladder_extended,3018.691769624716,0.0,nan
SP8_MC_fleet_ladder_extended,fleet_ladder_extended,fleet_50000r_12500l_seed10002,10002,centralized_coalition_oracle,Centralized coalition oracle,0.0,1.0,625000000,44.34120904376099,3355443200000.0,nan,15024.0,0.0,nan,0.25,nan,12500.0,global_all_subsets,reference_model_based_oracle_centralized_scale,centralized_subset_coalition_search,model_based_oracle,reference,centralized,0,none,2,False,False,exact_like_small_scale_coalition_search_timeout_large,nan,94,12500,50000,414,nan,1.0,-97763.5161970581,nan,60000.0,0.0,-1000000.0,False,0.0,0.0,0.0,True,1.0,nan,nan,0.0,fleet_ladder_extended,3018.691769624716,0.0,nan
SP8_MC_fleet_ladder_extended,fleet_ladder_extended,fleet_50000r_12500l_seed10002,10002,centralized_time_expanded_mpc,Centralized time-expanded MPC,0.0,1.0,625000000,44.34120904376099,1953125000000000.0,nan,250000.0,0.0,nan,0.25,nan,12500.0,global_time_expanded_state,baseline_sota_centralized_scale,centralized_time_expanded_mpc,sota,baseline,centralized,0,none,8,False,False,time_expanded_mpc_timeout_large,nan,94,12500,50000,414,nan,1.0,-97763.5161970581,nan,60000.0,0.0,-1000000.0,False,0.0,0.0,0.0,True,1.0,nan,nan,0.0,fleet_ladder_extended,3018.691769624716,0.0,nan
SP8_MC_fleet_ladder_extended,fleet_ladder_extended,fleet_50000r_12500l_seed10002,10002,classic_local_greedy,Classic local greedy,0.48456,0.029766,170368,44.34120904376099,625000000.0,483479.10808475927,2.5,0.74072,62.025181980548695,0.25,647.2191590687407,3.40736,local_distance_beacons,baseline_classic_decentralized_scale,distributed_nearest_greedy,classic,baseline,decentralized,0,none,2,False,False,nearest_local_greedy,0.00592,94,12500,50000,414,0.04272,0.0,-97763.5161970581,0.035064,1150.5935000022873,0.7892,-97098.92117381112,True,1.0,0.04616,38.46666666666667,False,0.0,52.958655196640315,8090239.488359259,0.04616,fleet_ladder_extended,3018.691769624716,0.06272,0.8408654964147944
SP8_MC_fleet_ladder_extended,fleet_ladder_extended,fleet_50000r_12500l_seed10002,10002,cbba_partitioned,CBBA partitioned,0.48456,0.0279525,170368,44.34120904376099,9756025296.523006,485538.5488369228,2.5,0.74368,67.4519020709777,0.25,649.9760713933442,3.40736,zone_auction_bids,baseline_sota_decentralized_scale,partitioned_cbba_auction,sota,baseline,decentralized,0,none,6,False,False,partitioned_cbba_like_auction,0.00592,94,12500,50000,414,0.04272,0.0,-97763.5161970581,0.027809999999999998,5661.369600100443,0.78248,-97527.75437860173,True,1.0,0.03736,31.133333333333333,False,0.0,58.57351673170293,8124700.892416803,0.03736,fleet_ladder_extended,3018.691769624716,0.04976,0.916414383640554
SP8_MC_fleet_ladder_extended,fleet_ladder_extended,fleet_50000r_12500l_seed10002,10002,auction_market_local,Auction market local,0.48456,0.028128,170368,44.34120904376099,9756025296.523006,485082.8643316904,2.5,0.7416,61.846430378772084,0.25,649.3660600457072,3.40736,local_prices_and_bids,baseline_sota_decentralized_scale,local_market_auction,sota,baseline,decentralized,0,none,6,False,False,local_market_auction,0.00592,94,12500,50000,414,0.04272,0.0,-97763.5161970581,0.028512,1249.0393000189215,0.78952,-97421.59180615611,True,1.0,0.04544,37.86666666666667,False,0.0,52.739297621836236,8117075.75057134,0.04544,fleet_ladder_extended,3018.691769624716,0.06264,0.83759687257359
SP8_MC_fleet_ladder_extended,fleet_ladder_extended,fleet_50000r_12500l_seed10002,10002,ours_primal_dual_spatial,Ours primal-dual spatial,0.48456,0.010542,170368,44.34120904376099,625000000.0,487058.00555943494,2.5,0.64288,30.832548420380792,0.25,652.010123094319,3.40736,local_deficit_capacity_prices,proposed_model_based_decentralized_scale,distributed_primal_dual_prices,model_based,proposed,decentralized,0,model_based_tuning_optional,9,False,False,spatial_primal_dual_capacity_prices,0.00592,94,12500,50000,414,0.00624,0.0,-97763.5161970581,0.023831999999999996,1990.633299923502,0.78792,-97698.0909374478,True,1.0,0.14336,119.46666666666667,False,0.0,44.63314124211839,8150126.538678989,0.14336,fleet_ladder_extended,3018.691769624716,0.18512,0.4984420523479415
SP8_MC_fleet_ladder_extended,fleet_ladder_extended,fleet_50000r_12500l_seed10002,10002,ours_tensor_quorum_flow,Ours tensor quorum flow,0.48456,0.0055499999999999985,170368,44.34120904376099,995723.0355827609,487762.99477520515,2.5,0.6428,30.80059724031617,0.25,652.9538712723756,3.40736,local_density_tensor_field,proposed_model_based_decentralized_scale,distributed_tensor_quorum_flow,model_based,proposed,decentralized,0,model_based_tuning_optional,11,False,False,tensor_quorum_flow_density_obstacle_aware,0.0008,94,12500,50000,414,0.00064,0.0004223208956937241,-97763.5161970581,0.020087999999999995,10503.16809990909,0.78768,-97846.12665895627,True,1.0,0.1448,120.66666666666667,False,0.0,44.64693900109249,8161923.390904696,0.1448,fleet_ladder_extended,3018.691769624716,0.18512,0.49820094221420497
SP8_MC_fleet_ladder_extended,fleet_ladder_extended,fleet_50000r_12500l_seed10002,10002,ours_wrench_market_hierarchical,Ours wrench-market hierarchical,0.48456,0.009956999999999999,171912,44.34120904376099,995723.0355827609,487383.0169195346,2.5,0.6304,30.1392875751367,0.25,652.4452061737201,3.43824,zone_summaries_plus_local_wrench_bids,proposed_model_based_hierarchical_scale,hierarchical_wrench_market,model_based,proposed,hierarchical,0,model_based_tuning_optional,13,False,False,zone_hierarchical_wrench_market,0.00592,94,12500,50000,414,0.00624,0.0,-97763.5161970581,0.021491999999999997,1364.4310000818223,0.7752,-97763.5161970581,True,1.0,0.1432,119.33333333333333,False,0.0,45.35891079512784,8155565.077171501,0.1432,fleet_ladder_extended,3018.691769624716,0.18464,0.496275819724819
SP8_MC_fleet_ladder_extended,fleet_ladder_extended,fleet_50000r_12500l_seed10002,10002,ours_mean_field_approximation,Ours mean-field approximation,0.48456,0.027543,62500,44.34120904376099,625000000.0,485728.4529132361,2.5,0.7432,67.39849026802173,0.25,650.2302903544531,1.25,aggregate_density_broadcasts,proposed_model_based_decentralized_scale,mean_field_density_controller,model_based,proposed,decentralized,0,model_based_tuning_optional,7,False,False,mean_field_density_allocation,0.00592,94,12500,50000,414,0.04272,0.0,-97763.5161970581,0.026171999999999997,1145.2907000202686,0.7824,-97517.933203868,True,1.0,0.03752,31.266666666666666,False,0.0,58.26239132962756,8127878.629430665,0.03752,fleet_ladder_extended,3018.691769624716,0.05024,0.9149901345982577
