paragraph_id,chapter,section,path,line_start,line_end,words,sentences,text,normalized_sha256,query_fragment,sample_rank,sampled
pre-thesis/sections/source-snapshot/frontmatter/01-summary.tex:1:p001,Preliminares: Resumen,(sin encabezado local),pre-thesis/sections/source-snapshot/frontmatter/01-summary.tex,1,6,46,2,"Resumen Este TFM estudia el transporte cooperativo de cargas heterogéneas mediante tres subproblemas: SP1 forma coaliciones y asigna roles; SP2 aproxima, acopla, transporta y sustituye miembros; SP3 coordina rutas y reservas entre misiones. El modo primario, Cargo, trata la carga soportada como un cuerpo rígido planar.",58d5ff61daa24dd09f8ae2c6f5f93ffa9adfe1071ee6e75dfe48ddd417046ce7,asigna roles SP2 aproxima acopla transporta y sustituye miembros SP3 coordina rutas,f8f7920705ed6cc9c9e4f5b3d56513d34ab34597cd755fa718b1684c306494af,False
pre-thesis/sections/source-snapshot/frontmatter/01-summary.tex:8:p002,Preliminares: Resumen,(sin encabezado local),pre-thesis/sections/source-snapshot/frontmatter/01-summary.tex,8,14,74,3,"La propuesta combina referencias LP/MILP, juegos potenciales, dinámica primal--dual, cierre entero y contratos de recursos, contacto, movimiento, recuperación y red. Se prueban regulación de cuotas, estabilidad local de Cargo bajo contacto fijo y realización exacta del wrench, terminación de mejoras de rutas e imposibilidad de garantizar optimalidad global cuando la desconexión oculta instancias localmente indistinguibles con óptimos incompatibles. Las campañas usan mundos pareados, semillas explícitas y oráculos globales identificados como techos experimentales.",77056be9a75753b7a644685509218c859896a56f6c15a2ced30b7eb9d8feb24a,propuesta combina referencias LP MILP juegos potenciales dinámica primal dual cierre entero,8c3081aacf31832ba6094eb7fd88c8179e93b90881a93d06868393ccb4989a82,True
pre-thesis/sections/source-snapshot/frontmatter/01-summary.tex:16:p003,Preliminares: Resumen,(sin encabezado local),pre-thesis/sections/source-snapshot/frontmatter/01-summary.tex,16,23,81,4,"SP1 regula cuotas bajo condiciones explícitas, separa la capacidad heterogénea y reduce falsos factibles nominales en la interfaz SP1--SP2. SP2 revela un intercambio adverso entre seguridad y progreso y restaura los certificados recuperables del banco estático; en su juego de reparación, el peor equilibrio no admite una cota uniforme. En SP3, la reserva reduce interbloqueos en el catálogo discreto; el piloto congestionado no entrega. Cargo completa casi todas las misiones sin ejecutar como una sola cadena todos los mecanismos teóricos.",ea5eaa1792a0fba045e7fa0209d3942a573382a6195806c6ef3da0710ebdb5f9,factibles nominales en la interfaz SP1 SP2 SP2 revela un intercambio adverso,86fa6a9b4d5ac16992ab58ea86b39e2c1a49889aa8e0ee97a0c288adee186c83,True
pre-thesis/sections/source-snapshot/frontmatter/01-summary.tex:25:p004,Preliminares: Resumen,(sin encabezado local),pre-thesis/sections/source-snapshot/frontmatter/01-summary.tex,25,29,42,3,"La contribución es una arquitectura verificable de contratos y juegos locales, más una composición funcional planar. No demuestra estabilidad híbrida global, optimalidad social, coordinación completamente distribuida ni validez industrial. El contacto instrumentado, el hardware y caging quedan fuera de la evidencia confirmatoria.",304e550036c14fcb3cd8fee27da9d827392415cb273fd31c89d627bc9f457d31,demuestra estabilidad híbrida global optimalidad social coordinación completamente distribuida ni validez industrial,ff716731a9820d3efd83791927dfb6a7b7f58d18bf7aa76f33523682be40c726,False
pre-thesis/sections/source-snapshot/frontmatter/02-abstract.tex:1:p001,Preliminares: Abstract,(sin encabezado local),pre-thesis/sections/source-snapshot/frontmatter/02-abstract.tex,1,6,45,2,"Abstract This thesis studies cooperative transport of heterogeneous payloads through three subproblems: SP1 forms coalitions and assigns roles; SP2 approaches, docks, transports, and replaces members; SP3 coordinates routes and reservations across missions. The primary Cargo mode models a supported payload as a planar rigid body.",4e96453d0b492bcd95bab2b963d470400fa9915d0b78f4f62c470172e69a7673,Abstract This thesis studies cooperative transport of heterogeneous payloads through three subproblems,0b747b360d279fd1190ba81fa6a65cf4094a0afb3ad3c7a432b8c9dfd45e70d9,True
pre-thesis/sections/source-snapshot/frontmatter/02-abstract.tex:8:p002,Preliminares: Abstract,(sin encabezado local),pre-thesis/sections/source-snapshot/frontmatter/02-abstract.tex,8,14,70,3,"The proposal combines LP/MILP references, potential games, primal--dual dynamics, integer closure, and contracts for resources, contact, motion, recovery, and communication. Formal results cover quota regulation, local Cargo stability under fixed contact and exact wrench realisation, termination of route improvements, and the impossibility of guaranteeing global optimality when disconnection hides locally indistinguishable instances with incompatible optima. Experiments use paired worlds, explicit seeds, and global oracles identified as experimental ceilings.",c30cdad6e59a10d0130bc89b02382bddaa940437a9644ed2a276064e5ac400a3,when disconnection hides locally indistinguishable instances with incompatible optima Experiments use paired,9142f8fae79fe0d4aed89b42372c5acc62f357e457f8f17491ae217310155b2e,False
pre-thesis/sections/source-snapshot/frontmatter/02-abstract.tex:16:p003,Preliminares: Abstract,(sin encabezado local),pre-thesis/sections/source-snapshot/frontmatter/02-abstract.tex,16,23,77,4,"SP1 regulates quotas under explicit conditions, separates heterogeneous capacity, and reduces nominal false feasibility at the SP1--SP2 interface. SP2 exhibits an adverse safety--progress trade-off and restores all recoverable certificates in the static benchmark; the worst equilibrium of its repair game has no uniform bound. In SP3, resource reservation reduces deadlocks in the discrete catalogue; the congested pilot makes no delivery. Cargo completes almost all missions without executing all prior theoretical mechanisms as one chain.",185aa8533abc2e7600f557c55c08b9cdb04057ed6002014c6df5d741a2de9e99,exhibits an adverse safety progress trade off and restores all recoverable certificates,b35fe663a05d4c721b05583a61f9ef3f60a6952cf1fbdc95af96973fc4752f6a,False
pre-thesis/sections/source-snapshot/frontmatter/02-abstract.tex:25:p004,Preliminares: Abstract,(sin encabezado local),pre-thesis/sections/source-snapshot/frontmatter/02-abstract.tex,25,29,43,3,"The contribution is a verifiable architecture of contracts and local games, together with a planar functional composition. It does not establish global hybrid stability, social optimality, fully distributed coordination, or industrial validity. Instrumented contact, hardware, and caging remain outside the reported confirmatory evidence.",6ffcfcafb41bacdd0d203c0d619e5589d6635d861573be1a7a4f52c289816e56,hybrid stability social optimality fully distributed coordination or industrial validity Instrumented contact,0c6f198d3c00703b4d10a8134791433550182a4e1999338b67236054d50e9dfc,True
pre-thesis/sections/frontmatter-evidence-key.tex:4:p001,Otro,Guía de lectura y niveles de evidencia,pre-thesis/sections/frontmatter-evidence-key.tex,4,8,53,3,"La memoria separa lo demostrado, lo observado y lo pendiente. Cada afirmación fuerte remite a una prueba o a datos regenerables; su alcance queda restringido por el modelo, la información y la planta declarados. Esta convención evita transferir a hardware una conclusión obtenida en simulación o confundir un equilibrio estratégico con factibilidad mecánica.",1e952df688b21dd42543fce9a35f49cf4ad472ca8e073934b0777fbdaa602526,declarados Esta convención evita transferir a hardware una conclusión obtenida en simulación,7c240a7edfc691c8efb6b279f4375dc6266163b90495549be5b9410170778605,False
pre-thesis/sections/frontmatter-evidence-key.tex:27:p002,Otro,Guía de lectura y niveles de evidencia,pre-thesis/sections/frontmatter-evidence-key.tex,27,32,55,3,"Un teorema incluye supuestos y demostración; una proposición declara un alcance más estrecho; una conjetura no se presenta como hecho; una observación empírica informa configuración, semillas y estadística. Las magnitudes físicas usan unidades SI. Las cifras del Capítulo 6 proceden de macros generadas, y las tablas distinguen explícitamente los oráculos globales de los mecanismos distribuidos.",bd5ba8d7504c1501052bd3d3a7dee27ed07c9636b4f59f015ee60fcd1ec74d36,observación empírica informa configuración semillas y estadística Las magnitudes físicas usan unidades,6556e8909baac35bd57f08af4f8d7e7205fbee6acbd8b3d6f8db2a6a6ac3b8d3,False
pre-thesis/sections/frontmatter-evidence-key.tex:46:p003,Otro,Guía de lectura y niveles de evidencia,pre-thesis/sections/frontmatter-evidence-key.tex,46,47,25,1,"Esta cadena es el contrato de lectura del documento: si falta un eslabón, el estado se degrada y la conclusión se limita de forma explícita.",9d01a0a5512435fadcc3fe51d587076383a82182a1b288dcb4a805f3835075d9,cadena es el contrato de lectura del documento si falta un eslabón,4d36aee05afc177fb49a9c82e327b340e721e44673dc9b9aff909cac71c9f730,False
pre-thesis/sections/source-snapshot/mainmatter/01-introduction.tex:4:p001,1. Introducción,Introducción,pre-thesis/sections/source-snapshot/mainmatter/01-introduction.tex,4,11,67,3,"La IFR registró 102\,900 robots de servicio para transporte y logística en 2024: un 14\,% más que el año anterior y más de la mitad de las unidades profesionales de su muestra . En almacenes, Kiva documentó la coordinación de flotas para mover estanterías ; Geek+ y MiR ofrecen soluciones comerciales para preparación de pedidos y transporte interno . Estas aplicaciones se benefician de interfaces repetibles y recorridos conocidos.",8364cd996b026f87321ae3c349cebc06d6760d55b1c5597906638cacfe531004,mover estanterías Geek y MiR ofrecen soluciones comerciales para preparación de pedidos,5acd72a5b335f648bfa79f5d23581d2e48a89b2f55bb9f733c44fef306f58306,True
pre-thesis/sections/source-snapshot/mainmatter/01-introduction.tex:13:p002,1. Introducción,Introducción,pre-thesis/sections/source-snapshot/mainmatter/01-introduction.tex,13,17,61,4,"El problema cambia cuando una carga rebasa la capacidad individual o exige apoyo en varios puntos. Un bastidor pesado, por ejemplo, puede requerir varios AMR y una pose de entrega precisa. Una coalición temporal reparte la tarea sin dimensionar toda la flota para la carga máxima . La modularidad se conserva, pero la decisión deja de ser una asignación uno a uno.",8573c987b2ade275a160900eeb8791e7a549a8ebfb88973fce73c62ea02775c8,exige apoyo en varios puntos Un bastidor pesado por ejemplo puede requerir,bb7fec3d9b4dac42de1eb48475c31f5fc4e1257acc3a4f6e05b74696f6855bd3,False
pre-thesis/sections/source-snapshot/mainmatter/01-introduction.tex:19:p003,1. Introducción,Introducción,pre-thesis/sections/source-snapshot/mainmatter/01-introduction.tex,19,27,67,4,"La asignación multi-robot aporta las variables para seleccionar participantes , y los modelos de coalición representan el valor de una composición . Esa salida lógica es solo la primera interfaz. El equipo debe ocupar contactos compatibles antes de producir el wrench requerido; después, el control regula la pose bajo los límites de los actuadores . Un fallo en cualquiera de esas interfaces reabre la selección o detiene la tarea.",8a9d6d2e979db9f5500713c257976ab22594275bc8a9922f0c2229fbb662ff0e,equipo debe ocupar contactos compatibles antes de producir el wrench requerido después,22fac27f916e95e04d82d80fddbda274535b68bfbdb7c3701d7a764c14eaab1c,True
pre-thesis/sections/source-snapshot/mainmatter/01-introduction.tex:29:p004,1. Introducción,Introducción,pre-thesis/sections/source-snapshot/mainmatter/01-introduction.tex,29,33,52,2,"La Figura fija la lectura espacial del problema: una carga puede seguir reclutando, otra puede estar ya en transporte y una tercera puede ser atendida por un solo robot. El dibujo representa la arquitectura objetivo sin coordinador central; las dependencias globales que conserva la implementación evaluada se declaran después en la metodología.",0c995f55ca42343f98341ad7b9d8f7389569654f73d5ac569aa49326a9c99587,lectura espacial del problema una carga puede seguir reclutando otra puede estar,a5435f2e2cd80aa262b150d79e09116bd2e69e5ec3f53726c5bb09452033335a,False
pre-thesis/sections/source-snapshot/mainmatter/01-introduction.tex:37:p005,1. Introducción,Introducción,pre-thesis/sections/source-snapshot/mainmatter/01-introduction.tex,37,46,77,5,"La literatura revisada resuelve partes diferentes de esa cadena. MURDOCH y CBBA adjudican tareas mediante negociación ; ASyMTRe comprueba composiciones funcionales . El control cooperativo parte, en cambio, de un grupo ya constituido . Las garantías de estos métodos responden a estados de entrada distintos. Dentro del corpus y del criterio de inclusión documentados en el Capítulo 5, no se identificó una solución que conectara la decisión de coalición con la ejecución física, la recuperación y la degradación de red.",2be5fb40bd44d8d7fbeda359d861ad14f1d610eafc7cca147c5c7ed46db31a07,cadena MURDOCH y CBBA adjudican tareas mediante negociación ASyMTRe comprueba composiciones funcionales,eb5352d80816b875035540e2916b9117c81f36a055dca0c511735be81964e84d,False
pre-thesis/sections/source-snapshot/mainmatter/01-introduction.tex:48:p006,1. Introducción,Introducción,pre-thesis/sections/source-snapshot/mainmatter/01-introduction.tex,48,54,70,5,"Este trabajo especifica la entrada y la salida de cada interfaz. Los robots revisan decisiones a partir de su estado y de mensajes vecinales. El cierre entero y varios cálculos por carga consultan agregados globales; el registro del simulador también resuelve identificadores fuera del vecindario. Por eso la implementación evaluada es híbrida. Los optimizadores centralizados solo fijan referencias en instancias acotadas, y su ventaja informativa se declara en cada comparación.",cfda4959ffd2f5c2bab6a97c49e922d5561e774a3ccd94702a9a60f91d505785,optimizadores centralizados solo fijan referencias en instancias acotadas y su ventaja informativa,748bfe6d64deb9a0bb22b738a067b49f654a21cd1ee9adcfd7ca7c981a48dd7e,True
pre-thesis/sections/source-snapshot/mainmatter/01-introduction.tex:56:p007,1. Introducción,Introducción,pre-thesis/sections/source-snapshot/mainmatter/01-introduction.tex,56,67,120,9,"Los experimentos siguen SP1--SP3. El primero pasa de asignación unitaria a cuotas y servicio heterogéneo. El segundo exige un wrench planar y regula la pose después del acoplamiento. El tercero evalúa seguridad, recuperación y tráfico, y registra mensajes y CPU dentro de catálogos finitos. La campaña de calidad al escalar la red se conserva en la monografía y no adjudica H5b en esta memoria. Demostraciones, enumeraciones y mundos pareados separan resultados formales de observaciones empíricas. Un demostrador Cargo comprueba la compatibilidad funcional de selección, acoplamiento, transporte y reemplazo. Como sustituye parte de los mecanismos parciales de SP1 y SP2, sus resultados no constituyen una validación integrada de ambos subproblemas. El piloto tridimensional aporta un ensayo cinemático adicional de congestión.",c2c2d1360964e12eca8bc6547f06e18212e121903d7b0fc8f0078280d34111ea,adjudica H5b en esta memoria Demostraciones enumeraciones y mundos pareados separan resultados,c34a8e5da7286581d87f4fe1bede7d953a97c22a03a8fc90770d8eca5a177e39,False
pre-thesis/sections/source-snapshot/mainmatter/01-introduction.tex:69:p008,1. Introducción,Introducción,pre-thesis/sections/source-snapshot/mainmatter/01-introduction.tex,69,75,69,5,"La modalidad física principal es Cargo soportada. Tras el acoplamiento, carga y robots se modelan como un cuerpo planar de contactos fijos con wrench acotado. Las proposiciones formales se refieren a componentes concretos de ese modelo; los dominios experimentales aparecen en las tablas de protocolo. El soporte tridimensional, la interacción rueda--suelo y la percepción completa requieren otro modelo. Tampoco se ensayaron agarre físico ni empuje por confinamiento geométrico.",c0fe90aa3f504c58d57220808e30944c1be757a5ea0a92127e8308819fb75f0b,percepción completa requieren otro modelo Tampoco se ensayaron agarre físico ni empuje,d8357c6b283a5faa6527a3a43098efcee5558979987d337af2b2d8cd8126ff9e,False
pre-thesis/sections/source-snapshot/mainmatter/01-introduction.tex:79:p009,1. Introducción,Introducción,pre-thesis/sections/source-snapshot/mainmatter/01-introduction.tex,79,82,42,3,"Los Capítulos 2 a 5 fijan objetivos, hipótesis, protocolo y fundamentos. El Capítulo 6 presenta la evidencia; el Capítulo 7 responde a las hipótesis y delimita la transferencia de los resultados. Los anexos contienen las demostraciones completas y el estado de reproducibilidad.",d036bbbc18f4609960977c9c8ebff5d4f578451f580a2febfd7a21a43cbdf066,2 a 5 fijan objetivos hipótesis protocolo y fundamentos El Capítulo 6,aa2db691dd7577c61e65c606e0b7c150457e941e539a2e363d15a574662cdc78,False
pre-thesis/sections/intro-contracts.tex:4:p001,Otro,Contrato entre decisión y transporte,pre-thesis/sections/intro-contracts.tex,4,10,64,3,"Una revisión local consulta el estado del AMR y mensajes vecinales; el cierre entero y la infraestructura compartida añaden las dependencias globales que se declaran en la metodología. En transporte colectivo, el valor de incorporar a depende de , de su llegada y del contacto disponible. Los mercados para tareas complejas representan parte de esa dependencia ; la coalición física exige además concurrencia en contactos compatibles.",320726b6c70bf323e38cc3c0b76f8edbd823bbf363c15b00749009e463dd25eb,contacto disponible Los mercados para tareas complejas representan parte de esa dependencia,02972aec2c9d40fbe40cc97ce2e42599cb893a1a4e406ce55ca1613f5de7bd2a,True
pre-thesis/sections/intro-contracts.tex:12:p002,Otro,Contrato entre decisión y transporte,pre-thesis/sections/intro-contracts.tex,12,16,32,2,"La carga debe cerrar , realizar el wrench y solo entonces ejecutar el transporte con su filtro de seguridad . La Figura codifica esas entregas; una garantía extremo a extremo requeriría demostrar su composición.",44f793a9695365810eb4c06518ad87626bde2035e4682aff4d23737ac366f92f,Figura codifica esas entregas una garantía extremo a extremo requeriría demostrar su,609a4ea0e139218eb593579f2ff1cff19455bce7d50d753546fd2764349e57fc,False
pre-thesis/sections/intro-contracts.tex:57:p003,Otro,Contrato entre decisión y transporte,pre-thesis/sections/intro-contracts.tex,57,61,42,3,"Cada estimación se vincula con su instante y vecindario. La ejecución permanece digital aunque las activaciones sean asíncronas: integrador, muestreo y política de mensajes determinan la trayectoria. Cargo usa contactos soportados y bilaterales; caging parte de fuerzas unilaterales y exige otra prueba .",c9b599df64b3a4585d5fe2561ae0b59b7caf692b68db74d520f024b9d19d9b87,ejecución permanece digital aunque las activaciones sean asíncronas integrador muestreo y política,49de4c75583e8e3abdc6eaa77e3197fd5855fb578bb52924d6c78f3cf8759e07,False
pre-thesis/sections/source-snapshot/mainmatter/02-objectives.tex:4:p001,2. Objetivos,Objetivos,pre-thesis/sections/source-snapshot/mainmatter/02-objectives.tex,4,6,31,2,La coalición seleccionada debe poder acoplarse a la carga y completar el transporte. Los objetivos relacionan esa exigencia física con la decisión estratégica y con la información disponible durante la ejecución.,c02b4ce7d5d87aa15c5609bdef804024ec5c7eaeeb21c94f46c759193b1e0aad,completar el transporte Los objetivos relacionan esa exigencia física con la decisión,d30cba2c104297eef50272948c7681a12e2541e6051c58581c83d152c42eb4c6,False
pre-thesis/sections/source-snapshot/mainmatter/02-objectives.tex:10:p002,2. Objetivos,Objetivo general,pre-thesis/sections/source-snapshot/mainmatter/02-objectives.tex,10,14,48,2,"Desarrollar una arquitectura híbrida e interpretable que conecte revisiones estratégicas vecinales con cierre entero y guardias físicas para el transporte cooperativo de cargas heterogéneas. Su evaluación comparará factibilidad, calidad operacional y coste de información con referencias globales, y registrará la respuesta ante obstáculos, fallos y degradación de red.",d629cdf389f57efa5d8e4548ae9c8bd2c78780262cf8e141d4ef9ce937d5e5f2,Desarrollar una arquitectura híbrida e interpretable que conecte revisiones estratégicas vecinales con,505536d21429d904bfad658a49c19741c58255f4f02c5e187988bee28493226a,True
pre-thesis/sections/source-snapshot/mainmatter/02-objectives.tex:26:p003,2. Objetivos,Objetivos específicos,pre-thesis/sections/source-snapshot/mainmatter/02-objectives.tex,26,29,44,2,Formalizar la transición desde la asignación homogénea uno a uno hasta las cuotas variables y el servicio heterogéneo. Para cada caso se determinarán las condiciones de equilibrio y cierre; los experimentos medirán factibilidad y brecha respecto de la referencia global en abundancia y escasez.,d8c43231cb8832d462ff1d24005a4494d47e704f509eef416b80bdba54bd9ab1,transición desde la asignación homogénea uno a uno hasta las cuotas variables,93bdd160e586d4d33b89047c95bf8778c709990c0998ab62d399be1410f8bd61,True
pre-thesis/sections/source-snapshot/mainmatter/02-objectives.tex:31:p004,2. Objetivos,Objetivos específicos,pre-thesis/sections/source-snapshot/mainmatter/02-objectives.tex,31,35,52,2,Definir para Cargo un certificado planar que evalúe si la matriz de agarre y los límites de actuación realizan el wrench solicitado con el residual permitido. Ese certificado debe proporcionar la condición de entrada para el acoplamiento de robots diferenciales y para el servocontrol de pose en el dominio de estabilidad local.,d06a2a26d36aeb563e3011cfd105ff4fa9eff677e371396bbc77ba96a8c13868,realizan el wrench solicitado con el residual permitido Ese certificado debe proporcionar,5db9d3076af723b476da085e29dc37776c2e7939fbc8b57a6e873143766881aa,True
pre-thesis/sections/source-snapshot/mainmatter/02-objectives.tex:37:p005,2. Objetivos,Objetivos específicos,pre-thesis/sections/source-snapshot/mainmatter/02-objectives.tex,37,41,49,2,"Evaluar la seguridad y la recuperación ante obstáculos y un fallo simple, usando como respuestas la colisión, el progreso y el tiempo necesario para restaurar el certificado. Los conflictos de circulación se estudiarán sobre el grafo discreto; su invariante de exclusión se mantendrá separado de la distancia física continua.",4a50faaccef29fbe6869938c15b16dc6b0f824969f61be8eb4013947cbf38a3f,recuperación ante obstáculos y un fallo simple usando como respuestas la colisión,f37380488fde3cbc0a8affdd7cc21bb026f147d58da1ed24cff0a99039f5215a,False
pre-thesis/sections/source-snapshot/mainmatter/02-objectives.tex:43:p006,2. Objetivos,Objetivos específicos,pre-thesis/sections/source-snapshot/mainmatter/02-objectives.tex,43,46,43,2,"Medir tiempo de CPU y mensajes en los catálogos activos, y delimitar el estudio de escala y red. La comparación entre coordinación por eventos, retransmisión periódica e información perfecta se conserva como campaña histórica en la monografía; no adjudica H5b en esta memoria.",ae39f4142e54b71c8b8e20eb45f2922be669c34a7baa65e58d44f515ce63fd88,comparación entre coordinación por eventos retransmisión periódica e información perfecta se conserva,abf6757c25392e6a9cf0161712bcf14f1e6f6f7fd5734ef2eafe6d16545eca1d,False
pre-thesis/sections/source-snapshot/mainmatter/02-objectives.tex:48:p007,2. Objetivos,Objetivos específicos,pre-thesis/sections/source-snapshot/mainmatter/02-objectives.tex,48,52,58,2,"Construir un demostrador Cargo en el que el cierre de la coalición habilite el acoplamiento, el transporte continúe bajo la guardia de seguridad y un fallo active el reemplazo. Las ablaciones identificarán qué etapas sostienen el éxito; la comparación con las etapas experimentales de SP1--SP2 y con el piloto cinemático de SP3 delimitará el alcance del demostrador.",5c47ccb398b58cf225ac60267e9d9f2c5cb4d5ef6aabb32cd65cb79c422c3bb6,fallo active el reemplazo Las ablaciones identificarán qué etapas sostienen el éxito,b271c0d5834f14cfeb0c600fdb9e9ec18ec49cc0e0666035fdc89ad4e978ceb8,False
pre-thesis/sections/source-snapshot/mainmatter/03-hypotheses.tex:4:p001,3. Hipótesis,Hipótesis de partida,pre-thesis/sections/source-snapshot/mainmatter/03-hypotheses.tex,4,7,31,2,La hipótesis principal se contrasta mediante resultados parciales cuyos dominios no son intercambiables. Las hipótesis específicas fijan la propiedad esperada; la Tabla separa después el estimando y la regla de decisión.,6d225eac2955100e973995891ac7ff06a80052765f3e7b9d338d8d9956528ac1,contrasta mediante resultados parciales cuyos dominios no son intercambiables Las hipótesis específicas,d1082e756e61eb47e34f8fd39618fdb088305acf550f8ff3417a5feea034a95a,False
pre-thesis/sections/source-snapshot/mainmatter/03-hypotheses.tex:11:p002,3. Hipótesis,Hipótesis principal,pre-thesis/sections/source-snapshot/mainmatter/03-hypotheses.tex,11,19,87,5,". En una región donde la flota cubra la demanda, el certificado Cargo planar sea factible y el horizonte alcance para ejecutar la tarea, la arquitectura híbrida formará coaliciones factibles y completará el transporte. Las referencias globales medirán la brecha de calidad y el coste de usar información vecinal. El demostrador solo contrasta la compatibilidad funcional de su cadena concreta, pues sustituye parte de los mecanismos formales parciales de SP1--SP2. La hipótesis tampoco incluye una prueba de estabilidad del sistema híbrido ni validación industrial o en hardware.",507b7b2888ef1179685fc8127ed53832867488496c58371bb741b2c54701377c,concreta pues sustituye parte de los mecanismos formales parciales de SP1 SP2,d3ea969ab4e0bebc2ed22ba5ced1170474e0e3dd9e261c825c4e39c243b6314f,False
pre-thesis/sections/source-snapshot/mainmatter/03-hypotheses.tex:23:p003,3. Hipótesis,Hipótesis específicas,pre-thesis/sections/source-snapshot/mainmatter/03-hypotheses.tex,23,26,30,3,"1a. Realizabilidad estratégica. En la etapa de cuota de SP1, una penalización mayor que el coste unilateral máximo hará coincidir los equilibrios de Nash puros con asignaciones de cuota exacta.",319eb33dc3c0c8fef4158b70974d5c3a0b3ac9fe720b2d7fe1fc8678aa0e228e,coste unilateral máximo hará coincidir los equilibrios de Nash puros con asignaciones,515e06171904d57359a73262cadd2ba0f4fbbcbf133526ca6740d789a079bd54,False
pre-thesis/sections/source-snapshot/mainmatter/03-hypotheses.tex:28:p004,3. Hipótesis,Hipótesis específicas,pre-thesis/sections/source-snapshot/mainmatter/03-hypotheses.tex,28,31,30,3,"1b. Cierre entero. En condiciones de escasez, el cierre por ranking y cuórum (QR) aplicado a la relajación de Smith reducirá la fracción de robots que permanece en coaliciones parciales.",099d8549faf9969a841ec0c1eb6f3919970eeef8b1fb65d4302a95aebfe59f97,por ranking y cuórum QR aplicado a la relajación de Smith reducirá,066a62a21e6297b76d9126f70ef3334e8a43f89b154d784b341d7035bd5248ba,True
pre-thesis/sections/source-snapshot/mainmatter/03-hypotheses.tex:33:p005,3. Hipótesis,Hipótesis específicas,pre-thesis/sections/source-snapshot/mainmatter/03-hypotheses.tex,33,35,24,3,"1c. Incentivo de cuórum. Con el cierre QR fijado, el beneficio de cuórum aumentará el valor de las cargas completadas frente al beneficio lineal.",11136e171946e26ef382d27632164e79bffc5f4fd1e1375a452b731d091f7a2a,cuórum aumentará el valor de las cargas completadas frente al beneficio lineal,2541273e942685371b5bb7b78979192c285db9eaf60d7882d8432edbe9371f36,True
pre-thesis/sections/source-snapshot/mainmatter/03-hypotheses.tex:37:p006,3. Hipótesis,Hipótesis específicas,pre-thesis/sections/source-snapshot/mainmatter/03-hypotheses.tex,37,40,25,3,2. Factibilidad mecánica. La guardia vectorial de wrench planar reducirá las falsas aceptaciones respecto al criterio escalar y conservará cobertura sobre las coaliciones factibles disponibles.,db89cd431d57e68e492c790d0a945ca39ebd1d4ae3a63faa7907fc4caffb12cf,reducirá las falsas aceptaciones respecto al criterio escalar y conservará cobertura sobre,92866a084d12af61d5d0a65e6e931e873714f02e1e700951d65f8b4a189f5072,False
pre-thesis/sections/source-snapshot/mainmatter/03-hypotheses.tex:42:p007,3. Hipótesis,Hipótesis específicas,pre-thesis/sections/source-snapshot/mainmatter/03-hypotheses.tex,42,45,28,3,"3. Acoplamiento espacial. Bajo el régimen de red degradada fijado, incorporar el coste espacial a la decisión estratégica reducirá el tiempo de terminación frente a la variante desacoplada.",86918cad1ffc0208b4ef5e9dc81d6c0b2159ac535008fe73cc3f82993f33b12a,3 Acoplamiento espacial Bajo el régimen de red degradada fijado incorporar,2daa87a75e031b186f9f2899600239b922c048f23853837e015366768e3c5e33,True
pre-thesis/sections/source-snapshot/mainmatter/03-hypotheses.tex:47:p008,3. Hipótesis,Hipótesis específicas,pre-thesis/sections/source-snapshot/mainmatter/03-hypotheses.tex,47,50,37,4,"4. Reparación. Tras un fallo simple, el juego restaurará el certificado aditivo cuando la reserva completa cubra el déficit. En la misión integrada, continuar con reemplazo aumentará el éxito frente a detener la misión tras el fallo.",64dee370ab8ce5c71472c8f94730491142f0646839f752cbf5e92786841dd570,4 Reparación Tras un fallo simple el juego restaurará el certificado aditivo,4b5e38fc9759fd5bc7408ae32b734e2382353fd215a615c1cc1a0496069f0378,False
pre-thesis/sections/source-snapshot/mainmatter/03-hypotheses.tex:52:p009,3. Hipótesis,Hipótesis específicas,pre-thesis/sections/source-snapshot/mainmatter/03-hypotheses.tex,52,55,37,4,"5a. Coste de escala. En la etapa de red y escala de SP3, una activación local tendrá coste proporcional al grado vecinal. El oráculo exhaustivo implementado crecerá con el número de perfiles dentro de su dominio certificado.",aa5982a0dfed42d9c26e11071790163843787e7985a954a6d669b5da708b2822,local tendrá coste proporcional al grado vecinal El oráculo exhaustivo implementado crecerá,56a3b6e56c8144341817adc4ef566ce5601a994a2a0961ecbd86e23c096835ed,False
pre-thesis/sections/source-snapshot/mainmatter/03-hypotheses.tex:57:p010,3. Hipótesis,Hipótesis específicas,pre-thesis/sections/source-snapshot/mainmatter/03-hypotheses.tex,57,59,28,3,5b. Calidad bajo escala. La tasa global de perfiles libres de conflicto del método con retransmisión periódica se mantendrá por encima de cero en todos los tamaños ensayados.,6b013b65aaa6d5767d05ddec6d9424dcb771f5d257f3806ab55f4f1dfbb7c3e1,periódica se mantendrá por encima de cero en todos los tamaños ensayados,f75d2f85f7da31118e9106f23048bf468da7afe49bcb6b2064ded3fda0266ffb,False
pre-thesis/sections/source-snapshot/mainmatter/03-hypotheses.tex:63:p011,3. Hipótesis,Estimandos y reglas de decisión,pre-thesis/sections/source-snapshot/mainmatter/03-hypotheses.tex,63,65,26,2,La tabla asigna un criterio observable a cada predicción. Un intervalo que incluye cero deja una ventaja direccional sin sustento; no constituye una prueba de equivalencia.,3df858dcf3797e9162c270aa56dccd65b3476e4d3f8be5c5fac4d5d62d1216fc,predicción Un intervalo que incluye cero deja una ventaja direccional sin sustento,a88d2c53aa22fb5f9e361c6a7f5b01bb8f92508c0fbf3724b4ac0b92c87aad8f,False
pre-thesis/sections/source-snapshot/mainmatter/03-hypotheses.tex:100:p012,3. Hipótesis,Estimandos y reglas de decisión,pre-thesis/sections/source-snapshot/mainmatter/03-hypotheses.tex,100,103,38,3,"Los contrastes estocásticos emplearán mundos y semillas pareados. El análisis mantendrá en el denominador colisiones, fallos de convergencia y agotamientos del horizonte. SP2 evalúa seguridad física local y SP3 exclusión lógica de tráfico; sus resultados conservan esos dominios.",a2972aff8805e9d3af62e36312562edb298a6d2a7fda6e9bcce4c0b0b8101b24,Los contrastes estocásticos emplearán mundos y semillas pareados El análisis mantendrá en,3c964588e1cbfb7f718a584fc902313d7ba53d0ebe790f8c405c56623e8dc404,True
pre-thesis/sections/source-snapshot/mainmatter/04-methodology.tex:4:p001,4. Metodología,Metodología,pre-thesis/sections/source-snapshot/mainmatter/04-methodology.tex,4,11,98,5,"Se estudia una flota de AMR heterogéneos que forma coaliciones y transporta cargas entre una pose inicial y una pose objetivo. El trabajo adopta Cargo planar soportado como modo primario: los robots ocupan puntos de apoyo conocidos y transmiten fuerza y momento a un cuerpo compuesto. La extensión caging se limita a su definición geométrica y a contactos unilaterales. La evidencia abarca la asignación, la factibilidad física, el movimiento, los obstáculos, el fallo de un robot, el tráfico y la comunicación imperfecta. El contacto tridimensional, la percepción real y la validación en hardware permanecen fuera de la campaña.",ec9397a4dffc87bcd44ae2ede254c76d0d3a48811f548d439b0643fb5188496a,trabajo adopta Cargo planar soportado como modo primario los robots ocupan puntos,1e9b58f90ddc2a99a2db56faa54f861f30264b70f8bb21827b79f47a56e4a094,True
pre-thesis/sections/source-snapshot/mainmatter/04-methodology.tex:16:p002,4. Metodología,"Alcance, modelo y control",pre-thesis/sections/source-snapshot/mainmatter/04-methodology.tex,16,20,47,2,"El robot es un uniciclo con estado \(q_i=(p_ x,i ,p_ y,i , _i)\) y entradas acotadas \((v_i, _i)\). La carga tiene pose planar \(q_k^L=(p_ x,k ^L,p_ y,k ^L, _k^L)\). La variable indica pertenencia a una coalición",4ba984d25a345a659b5784fd4f6150652cee168413c3bcf63085fb1d48b7507c,i La carga tiene pose planar q k L p x,21915697848619f6b92a37aab38e4d37b3206a23c71063bc9db77c8bd3032344,True
pre-thesis/sections/source-snapshot/mainmatter/04-methodology.tex:31:p003,4. Metodología,"Alcance, modelo y control",pre-thesis/sections/source-snapshot/mainmatter/04-methodology.tex,31,33,29,2,"En el modelo de la Ecuación , fija la dirección de avance, gobierna la traslación y el giro. Dos robots intercambian mensajes vecinales cuando su separación no supera el radio .",9ec3714b23711a73f5423968fe1123ed93a2b9227bc8a786197d07ade9c535c4,avance gobierna la traslación y el giro Dos robots intercambian mensajes vecinales,78bd8f742cf98be1e6f8a8c97e0886262bec4c7bb41421fa92f109a743d3649d,False
pre-thesis/sections/source-snapshot/mainmatter/04-methodology.tex:35:p004,4. Metodología,"Alcance, modelo y control",pre-thesis/sections/source-snapshot/mainmatter/04-methodology.tex,35,39,45,2,"La Figura conserva la construcción geométrica del uniciclo. El punto auxiliar adelantado \( h_i=p_i+ ( _i, _i)^ \) hace visible el rumbo a una distancia ; es una salida geométrica y no un estado físico adicional ni una ley de control común a todas las campañas.",debda28e4cafaf441e33a94234d9c4a944fc07cdd6c19ae54bced6aa77e7b787,la construcción geométrica del uniciclo El punto auxiliar adelantado h i p,f08e05daf9a97243d6b549c77aebffcbe03c7ba704358b783e5c4f734ac587bd,False
pre-thesis/sections/source-snapshot/mainmatter/04-methodology.tex:117:p005,4. Metodología,"Alcance, modelo y control",pre-thesis/sections/source-snapshot/mainmatter/04-methodology.tex,117,123,78,5,"Las campañas locales actualizan cada robot con estado propio y mensajes recibidos dentro del radio de comunicación. El cierre entero, algunos agregados por carga y los certificados físicos consultan información global, de modo que la implementación evaluada es híbrida. Toda simulación digital declara su paso . Varios SP ejecutan mejores respuestas asíncronas; el demostrador Cargo, en cambio, completa siete o diez eventos de comunicación antes de cada selección. Cada resultado se interpreta bajo el régimen temporal que lo produjo.",688f67f945014c676657b431c2a6864c0fd4d25819de6c01169672d36143622d,Toda simulación digital declara su paso Varios SP ejecutan mejores respuestas asíncronas,ad4e8422be504035de128621fc7a9d4008ea196e3cb77053592497e52c879b2e,False
pre-thesis/sections/source-snapshot/mainmatter/04-methodology.tex:128:p006,4. Metodología,Cargo y caging,pre-thesis/sections/source-snapshot/mainmatter/04-methodology.tex,128,131,48,2,"En Cargo, los robots se acoplan a puestos conocidos y la carga se mueve como un cuerpo compuesto. Para una coalición fija, \(G_ C_k (q)\) transforma los esfuerzos de contacto en fuerza y momento. La coalición se acepta cuando el residual normalizado es menor que la tolerancia",c9b6859d723fc90a9bcd2eac8b1c3a0d8820ce84a9fe9e2bc2a387e62db3f40f,compuesto Para una coalición fija G C k q transforma los esfuerzos,57259d158725700dc626026dce0f435c57eee52890f91e0f74c67ad9089c9d62,False
pre-thesis/sections/source-snapshot/mainmatter/04-methodology.tex:144:p007,4. Metodología,Cargo y caging,pre-thesis/sections/source-snapshot/mainmatter/04-methodology.tex,144,153,94,5,"En la etapa de certificación de SP1, se sustituye por la demanda estática ; la forma PD corresponde al transporte de SP2. Aquí, certifica la realizabilidad del wrench y genera la referencia de pose. El modelo supone contactos fijos, límites de actuación y dinámica planar reducida; bajo esos supuestos, la guardia se valida entre SP1 y SP2. El demostrador integrado admite coaliciones mediante un criterio agregado de cardinalidad, carga útil y fuerza, seguido por una distribución del wrench. Su evidencia establece compatibilidad funcional, mientras que el certificado de queda circunscrito a la interfaz SP1--SP2.",2760e20f9d4219f9477c525f8bf741ef085ef289bb2c5fa69cdce6de73438830,demanda estática la forma PD corresponde al transporte de SP2 Aquí certifica,33a2b267e16ebfc824511da6fad88e60422c599657f6e0f1499f967254259d6b,False
pre-thesis/sections/source-snapshot/mainmatter/04-methodology.tex:155:p008,4. Metodología,Cargo y caging,pre-thesis/sections/source-snapshot/mainmatter/04-methodology.tex,155,160,66,4,"En caging, la fuerza normal satisface , por lo que cada robot empuja la carga desde un contacto unilateral. Una configuración pertenece a cuando la carga carece de una ruta continua de escape con los robots fijados. La geometría y la resolución del espacio libre determinan esta condición. Su validación exige una campaña propia, distinta de la prueba de estabilidad y del certificado de wrench de Cargo.",a201114873e51a1918b8666692c3f5bb08bea3924c5555dc11a5f870fc07d275,espacio libre determinan esta condición Su validación exige una campaña propia distinta,e836bc67d11651d6b25aff427f8989c1312b1552ea098b5bee5cb89a382c1f57,False
pre-thesis/sections/source-snapshot/mainmatter/04-methodology.tex:251:p009,4. Metodología,Aporte y validación por subproblema,pre-thesis/sections/source-snapshot/mainmatter/04-methodology.tex,251,258,87,5,"La arquitectura contiene tres subproblemas. SP1 incorpora asignación, cardinalidad, heterogeneidad y roles/contactos; SP2 integra acoplamiento, transporte, seguridad y recuperación; SP3 estudia tráfico y replanteamiento, y registra comunicación en el catálogo activo. Escala y red degradada permanecen en la campaña histórica E8 de la monografía. Cada etapa emplea el modelo y los comparadores vinculados con su pregunta local, y sus garantías se restringen a esos supuestos. La misión Cargo comprueba que varios módulos coexisten en un demostrador híbrido; no ejecuta un único juego común a SP1--SP3.",4fc76ccdf865341ee31a65a368b9734abdd69244c77019312036dec231934c45,tres subproblemas SP1 incorpora asignación cardinalidad heterogeneidad y roles contactos SP2 integra,28f9d8f1fca238e4545c00c4c161b7119fffc0d0102317f1b19f9c6a5ac65884,True
pre-thesis/sections/source-snapshot/mainmatter/04-methodology.tex:283:p010,4. Metodología,Aporte y validación por subproblema,pre-thesis/sections/source-snapshot/mainmatter/04-methodology.tex,283,287,52,3,"Las etapas históricas E0--E1 y E5--E8 disponen de generadores versionados. En E2--E4, las observaciones históricas, el postproceso, las tablas y las auditorías permiten recalcular las cifras publicadas. La ausencia de parte de los generadores originales impide producir mundos nuevos equivalentes; por eso, estas tres etapas se presentan como reanálisis.",7881d8b7546aaff9dfef6f63ca661942659adb877f4f349ccb82dab53192e57b,E0 E1 y E5 E8 disponen de generadores versionados En E2 E4,bd569b7143c689513684f2226155adba8dadee82907cc19be2f62c116418779e,False
pre-thesis/sections/source-snapshot/mainmatter/04-methodology.tex:289:p011,4. Metodología,Aporte y validación por subproblema,pre-thesis/sections/source-snapshot/mainmatter/04-methodology.tex,289,300,144,7,"El tratamiento Cargo denominado ``vecinal'' propaga identificadores mediante gossip. El ejecutor consulta el estado global para elegir un líder temporal y resuelve distancia, carga útil y fuerza en un registro también global. Cuando el grafo generado es disconexo, añade aristas de anillo antes de simular pérdida y retardo. El conteo de mensajes y bytes comprende el gossip, pero excluye la elección de líder, los atributos y las consultas al registro. La cifra resultante es una cota inferior del tráfico exigido por una realización carente de esa infraestructura. La ablación ``sin guardia física'' retira a la vez el criterio agregado, el punto intermedio y el filtro, de modo que estima su efecto conjunto. La ablación ``sin reparación'' detiene la misión tras el fallo y mide el efecto de continuar con reemplazo frente a detenerse; no compara el juego de reparación de SP2 con otro reasignador.",53ee6c0ac41f7d6db364db9bc07c3e709e01a5787a21a5abc9efaa8e2aedd287,grafo generado es disconexo añade aristas de anillo antes de simular pérdida,1f706142bd8d8ff24ac548a981c1699491028c0bee8d1102f521b68e29d1d529,True
pre-thesis/sections/source-snapshot/mainmatter/04-methodology.tex:305:p012,4. Metodología,"Escenarios, variables y métricas",pre-thesis/sections/source-snapshot/mainmatter/04-methodology.tex,305,307,26,2,Cada mundo se genera una vez y se reutiliza entre tratamientos. La Tabla fija los factores manipulados y los endpoints correspondientes a cada familia de escenarios.,da15cd1b20111b134d6f5ee197e028264049ff2e6d5dead740a996b796e2c8d0,vez y se reutiliza entre tratamientos La Tabla fija los factores manipulados,3be367fb705c08a65c8bd391291b8d0b7f06f7dd5da9b480bacad54d230e8601,False
pre-thesis/sections/source-snapshot/mainmatter/04-methodology.tex:336:p013,4. Metodología,"Escenarios, variables y métricas",pre-thesis/sections/source-snapshot/mainmatter/04-methodology.tex,336,340,52,3,"En cada comparación se fijan las poses iniciales, la semilla, el mapa, el horizonte, el integrador, los límites de actuación y la definición de éxito. Los robots y las muestras temporales están anidados en el mundo; no cuentan como réplicas. Colisiones, bloqueos, errores numéricos y agotamientos del horizonte permanecen en el denominador.",01f09426785001ab63d8cfb40cd754ecf3d1eb794e75741c35b92d9473c9993b,cuentan como réplicas Colisiones bloqueos errores numéricos y agotamientos del horizonte permanecen,e9ed45e1a4008d3d45afd477ad9d73a8bf545f5e1148cc09aca471bb9634b795,False
pre-thesis/sections/source-snapshot/mainmatter/04-methodology.tex:345:p014,4. Metodología,Validación estadística y CoppeliaSim,pre-thesis/sections/source-snapshot/mainmatter/04-methodology.tex,345,346,26,1,"Cada mundo \(w=(s_w, _w, _w)\) reúne escenario, factores y semilla, y se ejecuta con todos los métodos. El efecto pareado de la Ecuación es",546fdcb45a21c793b4cbfcca82e08b9d3b67a9687b0383cb4ae28f97a5fd0eae,w reúne escenario factores y semilla y se ejecuta con todos los,41ada3a6c3c28bcc82bb7250032f512a379400cbb773398b30ef0413ccf7c8d9,False
pre-thesis/sections/source-snapshot/mainmatter/04-methodology.tex:352:p015,4. Metodología,Validación estadística y CoppeliaSim,pre-thesis/sections/source-snapshot/mainmatter/04-methodology.tex,352,358,76,4,"Las instancias pequeñas se verifican por enumeración o mediante un oráculo con brecha registrada. Las campañas usan al menos 30 semillas cuando el coste lo permite. McNemar exacto contrasta endpoints binarios, Wilcoxon compara respuestas continuas u ordinales por pares y Friedman cubre el contraste ómnibus cuando intervienen tres o más métodos. Cada contraste informa el efecto, su intervalo obtenido con el número de remuestreos de bootstrap pareado predeclarado por campaña y el valor corregido mediante Holm.",973cdab57a02482b424e2cbb8d56b265e20506cddb27611f6f1206c707636de9,permite McNemar exacto contrasta endpoints binarios Wilcoxon compara respuestas continuas u ordinales,f3f95689756a288516be9335bd5302681fb55b36d5d5e1d510dae4ecbbddde91,False
pre-thesis/sections/source-snapshot/mainmatter/04-methodology.tex:360:p016,4. Metodología,Validación estadística y CoppeliaSim,pre-thesis/sections/source-snapshot/mainmatter/04-methodology.tex,360,367,61,4,"El modelo de CoppeliaSim representa un almacén de m construido sobre la escena de AWS RoboMaker . Incluye estanterías, cuatro zonas de despacho y destino, un paso central compartido y cuatro bases para Pioneer P3-DX. Opera con cargas activas y en cola, cuyos requisitos abarcan uno, dos o tres robots. El radio de sensado es m y el de comunicación m.",4cad19b4e054b13156b3fbf0a7cb0be0753b370a146c4361f1cda67bd23fa3e0,P3 DX Opera con cargas activas y en cola cuyos requisitos abarcan,2092bf56fc0474d363aa14cbdab266fdebfbe2f10db6214e15627bbdf5f4d337,True
pre-thesis/sections/source-snapshot/mainmatter/04-methodology.tex:369:p017,4. Metodología,Validación estadística y CoppeliaSim,pre-thesis/sections/source-snapshot/mainmatter/04-methodology.tex,369,375,69,5,"Una ejecución recorre despacho, reclutamiento, aproximación, transporte y entrega. En el paso central, las coaliciones comparten espacio con una carretilla, dos peatones controlados y un AMR libre. El protocolo introduce además el fallo de un miembro, su reemplazo y un retorno acelerado por batería. Los registros contienen poses, enlaces de comunicación, detecciones, entregas, cola pendiente y estado del fallo. La vista del montaje acompaña los resultados del piloto industrial.",4a4b592d32a6b5443da6282d71d228a80d9e21af87a6972535beedd760b0e0f9,batería Los registros contienen poses enlaces de comunicación detecciones entregas cola pendiente,45ee5502edb0c33f5f95af6a8508db953c8c4c3d676a198d141337fda444349a,False
pre-thesis/sections/source-snapshot/mainmatter/04-methodology.tex:390:p018,4. Metodología,Validación estadística y CoppeliaSim,pre-thesis/sections/source-snapshot/mainmatter/04-methodology.tex,390,393,37,2,"La evidencia de CoppeliaSim se limita a la integración geométrica y al replay cinemático de estas interfaces. El agarre, la fricción rueda--suelo, la dinámica de contacto y el comportamiento en hardware requieren modelos y ensayos adicionales.",ce4958ef565ca069ed3194c61f7092b5fdb70fd059a773e107a5b2055c221cec,al replay cinemático de estas interfaces El agarre la fricción rueda suelo,d3c9048c7bcd8b5e510726ca49b3ed6701c69955aa07a866b5f06411c5d4d751,False
pre-thesis/sections/source-snapshot/mainmatter/04-methodology.tex:403:p019,4. Metodología,Formulación general y arquitectura,pre-thesis/sections/source-snapshot/mainmatter/04-methodology.tex,403,403,33,3,"Sean los robots y las cargas. Para cada par , y representan capacidad y requisito, la preferencia y la pertenencia. Los costes estratégicos se expresan en escala normalizada; las variables físicas usan unidades SI.",2fc3b61ec7c6ae7fb5972a3df107bb2153e8b8ca1153854e38780a1950c2c22d,costes estratégicos se expresan en escala normalizada las variables físicas usan unidades,fedfde0b8fbe2e4066bb73db50c078d05a43d0d38199b3a18aa8136e42ef051c,False
pre-thesis/sections/source-snapshot/mainmatter/04-methodology.tex:405:p020,4. Metodología,Formulación general y arquitectura,pre-thesis/sections/source-snapshot/mainmatter/04-methodology.tex,405,405,64,3,"La Tabla documenta qué etapa consulta agregados o cierres globales y cuál es su planta. Los códigos E0--E8 corresponden a los nombres históricos de las campañas sp0--sp8; no son subproblemas adicionales. El capítulo de resultados activa E2, E3, E4, E6, E7 y Cargo; E0, E1, E5 y E8 permanecen como procedencia y material de monografía, no como evidencia de una conclusión VIU.",151b69b67f84aab03f0926d022a23071dc62b4ae32a99b3bee8f1776c7cf3eb1,resultados activa E2 E3 E4 E6 E7 y Cargo E0 E1 E5,1737593b367180dd4d12568dcc314fbae343a174b352c8b72bf4cf6f9d5ab17f,True
pre-thesis/sections/source-snapshot/mainmatter/04-methodology.tex:433:p021,4. Metodología,Formulación general y arquitectura,pre-thesis/sections/source-snapshot/mainmatter/04-methodology.tex,433,433,79,5,"Una garantía puede pasar a la capa siguiente únicamente si esta conserva el estado, la información y el modelo de la prueba. Por ejemplo, la cobertura nominal de recursos debe someterse todavía al certificado de contacto antes de salir de SP1. En Cargo, los enlaces vecinales descubren identificadores; el ejecutor consulta estado global para elegir líder y resolver atributos. Su admisión inicial usa un criterio agregado distinto del QP de la etapa E3. Estas dependencias hacen híbrida la arquitectura.",9f623938a95f56874b1dcd18deb84baa35a5deb71f84874a7365508ca9c2077a,enlaces vecinales descubren identificadores el ejecutor consulta estado global para elegir líder,2a38b6a1b8d65357bea2191e33f5d4a1c6746243254eab20a1887b0fe8504466,True
pre-thesis/sections/source-snapshot/mainmatter/04-methodology.tex:439:p022,4. Metodología,Protocolo común y métodos de referencia,pre-thesis/sections/source-snapshot/mainmatter/04-methodology.tex,439,439,66,4,"Cada celda experimental reutiliza el mundo y la semilla entre métodos, con idénticos límites de actuación, horizonte y criterio de éxito. Las colisiones, los bloqueos y los agotamientos del horizonte permanecen en el denominador. Las tablas distinguen el oráculo con información global del método, los comparadores y las ablaciones. La clase de complejidad corresponde al problema; el tiempo o la cota informados corresponden al algoritmo ejecutado.",cbbc33c996d75e8d8632a6e86b090067709ed3e62034c704e715957ed879a807,clase de complejidad corresponde al problema el tiempo o la cota informados,d811fe2afad2934dc44f5e5bdbe90a4356405c91a4574014782a7fc94bce283c,False
pre-thesis/sections/source-snapshot/mainmatter/04-methodology.tex:441:p023,4. Metodología,Protocolo común y métodos de referencia,pre-thesis/sections/source-snapshot/mainmatter/04-methodology.tex,441,441,49,3,"Las etapas E2--E4 son reanálisis de observaciones archivadas, con postproceso, tablas y auditorías disponibles. Parte de sus generadores históricos falta. Cargo sí puede regenerarse desde su configuración y reproduce el demostrador híbrido implementado; esta campaña no ejecuta la composición exacta de los mecanismos parciales de SP1 y SP2.",b546a9b5afb80196377dcadcd44be8b80ba7206d757c7d013294e6f023c9bba6,Las etapas E2 E4 son reanálisis de observaciones archivadas con postproceso tablas,2c7941f3a37a74a516b7d570c97bf94aeaa02d50021287b8f1da18ab4a724c7b,False
pre-thesis/sections/method-comparison.tex:4:p001,Otro,Criterios de comparación,pre-thesis/sections/method-comparison.tex,4,6,29,2,La Tabla clasifica la salida que cada familia entrega a la capa siguiente. ``Parcial'' indica que la propiedad depende de un módulo o de supuestos externos al problema tratado.,5980a780a04588f39e4d8b1d518a5aa78d738978bc4ba91b12e08c26f3bc366c,propiedad depende de un módulo o de supuestos externos al problema tratado,5917787041b509d87100a28f2207d1df7eb1c08ab74e2d8d5d609df1e0068866,False
pre-thesis/sections/method-comparison.tex:33:p002,Otro,Criterios de comparación,pre-thesis/sections/method-comparison.tex,33,37,55,3,"Las familias parten de objetos distintos: asignación consume utilidad, formación consume un equipo, seguridad consume un control nominal y MAPF una abstracción espacio--temporal. En instancias pequeñas, el oráculo global fija un techo bajo información privilegiada; la brecha, la comunicación y la conectividad se miden por separado. El oráculo no se presenta como competidor distribuido.",993336f5fffec72554e983bd2e15fdc748ad4fac39b56669076c6cfc5ec202c6,familias parten de objetos distintos asignación consume utilidad formación consume un equipo,b5a79b7bc2018b7a07fdadb305a6a876f4edb709cc377d622a4ac1efa5465b3b,False
pre-thesis/sections/method-comparison.tex:39:p003,Otro,Criterios de comparación,pre-thesis/sections/method-comparison.tex,39,47,59,3,"Con restricciones compartidas y las condiciones de regularidad declaradas, un Nash generalizado variacional se caracteriza como solución de una desigualdad variacional y admite multiplicadores comunes . Las dinámicas primal--dual actualizan esos multiplicadores junto con las decisiones bajo convexidad, monotonicidad y conectividad . El precio dual representa congestión o déficit; la integralidad y el coste social requieren mecanismos y estimandos separados.",c1288e4aa0ddf4c53637120b4a7d31f928ff394ce447fb964151d606b182d021,primal dual actualizan esos multiplicadores junto con las decisiones bajo convexidad monotonicidad,225ca424d2eba6fbaa5deaff0effb0ca7dc1d6c74772790abe2a1fe2c96b9a30,True
pre-thesis/sections/method-comparison.tex:49:p004,Otro,Criterios de comparación,pre-thesis/sections/method-comparison.tex,49,54,57,3,"El protocolo exige que una prueba de pasividad identifique puertos, almacenamiento y suministro, y que una prueba de Lyapunov fije dominio y signo de la derivada . Un cambio de contacto, la saturación o la discretización alteran esas hipótesis. La interconexión híbrida necesita una prueba composicional incluso si la capa estratégica y la planta poseen resultados locales propios.",4f494c8097443ee424056f999a9d7ae0e775ed0024a63b8c04e9c41688ba4faf,discretización alteran esas hipótesis La interconexión híbrida necesita una prueba composicional incluso,2a09603bcd2e3e7fabc2fea2c5e147706330ca702623aebc4622499fc77bcd15,False
pre-thesis/sections/source-snapshot/mainmatter/05-theoretical-framework.tex:4:p001,5. Marco teórico,Marco teórico y estado del arte,pre-thesis/sections/source-snapshot/mainmatter/05-theoretical-framework.tex,4,4,60,3,"Cada capa del transporte cooperativo certifica una propiedad distinta. La asignación entrega una composición nominal; la comprobación mecánica decide si esa composición puede realizar el wrench requerido, y el controlador regula el movimiento dentro de sus restricciones. Estas verificaciones deben conservarse separadas: un perfil Nash aún puede ser ineficiente y una suma de capacidades compatible puede ocultar un torque irrealizable.",d41da6742d8f52e93d3ea7224e34abbb7c4e10ddcaade4229bcf936ab964f44c,Estas verificaciones deben conservarse separadas un perfil Nash aún puede ser ineficiente,cf5e4c4e615f86afb879c9e1dc5956eef64eb94b812d3202967fe506db5df7a6,False
pre-thesis/sections/source-snapshot/mainmatter/05-theoretical-framework.tex:6:p002,5. Marco teórico,Marco teórico y estado del arte,pre-thesis/sections/source-snapshot/mainmatter/05-theoretical-framework.tex,6,6,47,2,"Un contrato entre capas especifica la salida producida, los supuestos que la sostienen y la comprobación que debe efectuar el consumidor. Este criterio permite comparar MRTA, juegos, estimación, mecánica y control por la propiedad que entregan a la etapa siguiente, en lugar de tratarlos como soluciones intercambiables.",c21767de767b233b1c52c7b94b507b6a17c7dd95e4a175999f28f3bafd006c02,debe efectuar el consumidor Este criterio permite comparar MRTA juegos estimación mecánica,1177656061ebbd3b028716cf033de2c3e1edb8c9b022f5b47a3dc9359cad9604,True
pre-thesis/sections/source-snapshot/mainmatter/05-theoretical-framework.tex:11:p003,5. Marco teórico,Asignación y formación de coaliciones,pre-thesis/sections/source-snapshot/mainmatter/05-theoretical-framework.tex,11,11,42,3,"La asignación multi-robot de tareas (MRTA) clasifica relaciones entre robots, tareas y horizonte de decisión . El caso uno a uno admite asignación bipartita y el algoritmo húngaro . Una carga que requiere varios robots introduce dependencias entre ganadores. Su formulación mínima incluye",9b321bd307636e6a2e32cfa6d35d8566d9dc2531a1ee863f41ca43735beb2b95,que requiere varios robots introduce dependencias entre ganadores Su formulación mínima incluye,845a31dec6dc3a89171031e99da63a199ddb069e7418784f4385e0d9c5cdf57e,False
pre-thesis/sections/source-snapshot/mainmatter/05-theoretical-framework.tex:19:p004,5. Marco teórico,Asignación y formación de coaliciones,pre-thesis/sections/source-snapshot/mainmatter/05-theoretical-framework.tex,19,19,61,4,"La Ecuación certifica exclusividad, cuota y cobertura nominal de recursos. La admisibilidad mecánica sigue pendiente porque carece de variables de contacto y fuerza. Dividir una carga entre plazas independientes también pierde la condición simultánea de cierre. El algoritmo húngaro es la referencia para el caso uno a uno; las coaliciones con recursos múltiples requieren una formulación MILP o de set partitioning.",4ef2cb0a1fbc4b4dc2d5084cd9066b5f18ccaa522991376b7e2ca8d4880a8cb1,fuerza Dividir una carga entre plazas independientes también pierde la condición simultánea,00ea60cab58132c8d525dd787602563537606cbe002eed4ea6cc1040de061689,True
pre-thesis/sections/source-snapshot/mainmatter/05-theoretical-framework.tex:21:p005,5. Marco teórico,Asignación y formación de coaliciones,pre-thesis/sections/source-snapshot/mainmatter/05-theoretical-framework.tex,21,21,68,4,"La función objetivo debe valorar el cierre de la carga antes de premiar cobertura parcial. De otro modo, un coste de movilización bajo puede corresponder a una coalición incompleta. Cuando la demanda total supera los recursos, una variable de activación decide qué cargas entran en servicio. Este modelo separa la factibilidad global de la instancia, la admisibilidad de cada coalición y el coste social de una asignación factible.",12d77665384941b3bf2c4d48490acc4ad11c5d91716023ed4721bdef7a8f616a,total supera los recursos una variable de activación decide qué cargas entran,a45cb41859bdb3c0337446513f882b02c016d96af9d2b9b086e00b86eb898b9f,False
pre-thesis/sections/source-snapshot/mainmatter/05-theoretical-framework.tex:23:p006,5. Marco teórico,Asignación y formación de coaliciones,pre-thesis/sections/source-snapshot/mainmatter/05-theoretical-framework.tex,23,23,54,3,"Las subastas distribuyen la negociación mediante precios. Bertsekas resuelve la asignación clásica ; MURDOCH emplea contratos entre robots , y CBBA/ACBBA construyen paquetes bajo consenso y mensajes desordenados . El precio y el paquete son observables, pero una coalición física necesita además una regla común de cierre que sincronice la llegada y reserve puestos de contacto.",804929f7d40ccc3285a28e37b8555d40654a03a3579adb4b404d9faf3a41e995,asignación clásica MURDOCH emplea contratos entre robots y CBBA ACBBA construyen paquetes,f0fcb022811c1a90741a193b87438e0f9aabf7ef4b563585cde177a52ce28a24,False
pre-thesis/sections/source-snapshot/mainmatter/05-theoretical-framework.tex:25:p007,5. Marco teórico,Asignación y formación de coaliciones,pre-thesis/sections/source-snapshot/mainmatter/05-theoretical-framework.tex,25,25,58,4,"Los modelos anytime, basados en capacidades y hedónicos hacen depender de la coalición que recibe al robot . Esa dependencia representa complementariedad, a cambio de explorar subconjuntos y comprobar desviaciones locales. La estabilidad obtenida se refiere a dichas desviaciones. El coste social mínimo exige una comparación adicional, y la alcanzabilidad depende de la información y de los movimientos admitidos.",5166f13c8bbdff8c6e47df1052a2f18a31a344602d6dd71469d206025d73ea19,dependencia representa complementariedad a cambio de explorar subconjuntos y comprobar desviaciones locales,67ec8f326b4ce38e8f8384836770aa4a2377369b7ed83ac6c8e80744f1a44dca,False
pre-thesis/sections/source-snapshot/mainmatter/05-theoretical-framework.tex:27:p008,5. Marco teórico,Asignación y formación de coaliciones,pre-thesis/sections/source-snapshot/mainmatter/05-theoretical-framework.tex,27,27,53,3,"ASyMTRe compone equipos mediante esquemas funcionales, e IQ-ASyMTRe descarta composiciones incompatibles por interacción o calidad de información . Su salida certifica que sensores, recursos y comportamientos forman una cadena funcional. La realizabilidad física requiere todavía comprobar, en la pose de ejecución, que los contactos y los límites de actuación producen el wrench solicitado.",f85d02731edc2345ed0f4a9e54984dd1a90425e60a220c7f0279edc40b5af29a,compone equipos mediante esquemas funcionales e IQ ASyMTRe descarta composiciones incompatibles por,e74385620f0c64c83096fc0a024e79551b9251ff7138ac93bd7c170cd9936502,False
pre-thesis/sections/source-snapshot/mainmatter/05-theoretical-framework.tex:29:p009,5. Marco teórico,Asignación y formación de coaliciones,pre-thesis/sections/source-snapshot/mainmatter/05-theoretical-framework.tex,29,36,91,11,"Los trabajos recientes incorporan distintos tipos de dinámica a MRTA. Shan et al. distribuyen la asignación del transporte colectivo con restricciones temporales . Dai et al. aprenden formación y rutas, y Bezerra et al. emplean mapas espaciales e intención para revisar la asignación . Qiu et al. actualizan por consenso la capacidad consumida; Shida et al. aprenden a excluir tareas inviables . Estas salidas dinámicas constituyen comparadores empíricos. El problema focal añade una interfaz explícita que entrega a las capas físicas la composición, el certificado mecánico y la condición de reapertura de la decisión.",da62ddbb5c09ef77baa8b7fbb497238352f6ecfb1d8989c6a2dc37e6317f0115,consumida Shida et al aprenden a excluir tareas inviables Estas salidas dinámicas,7b1b47d2f8a8172fcc453fe28b0c7b5887c0bcf619d40968e07ceb48dd50c54b,False
pre-thesis/sections/source-snapshot/mainmatter/05-theoretical-framework.tex:41:p010,5. Marco teórico,"Información local, juegos y optimización distribuida",pre-thesis/sections/source-snapshot/mainmatter/05-theoretical-framework.tex,41,41,80,4,"En el grafo de comunicación \( G_c(t)=( , E_c(t))\), \( _2(L)>0\) mide conectividad algebraica cuando la topología es no dirigida . El resultado conmutado de permite conmutación arbitraria dentro de una colección finita cuyos digrafos son, cada uno, balanceados y fuertemente conectados; no se sustituye esa premisa por conectividad conjunta. Un grafo de sensado \( G_s(t)\) distinto codifica los obstáculos y cargas observables. El modelo de observación completa ambos grafos con la magnitud recibida y su precisión.",26ece3ba89f134b69341b30b0f0828befdd89bc60c44663fdf4fdd2dd7fbac82,E c t 2 L 0 mide conectividad algebraica cuando la topología,df22f7e0e2298e32bfaff0809bd60e289f5b1a4e086bea3c87fb993b65c7385f,False
pre-thesis/sections/source-snapshot/mainmatter/05-theoretical-framework.tex:43:p011,5. Marco teórico,"Información local, juegos y optimización distribuida",pre-thesis/sections/source-snapshot/mainmatter/05-theoretical-framework.tex,43,43,65,4,"El consenso estático aproxima una cantidad fija. El consenso dinámico sigue el agregado cuando sus entradas cambian durante el movimiento . La cota de error depende de la conectividad, la variación de entrada, las ganancias y la discretización. El residual de ocupación estimada debe entrar en el pago que usa esa ocupación; la selección de carga y la estabilidad de la planta pertenecen a contratos posteriores.",605d5ed42d2e9b66e359be8d4f30ef6c1c0d4ac82d29a360935dd2a6c8489987,cantidad fija El consenso dinámico sigue el agregado cuando sus entradas cambian,8e62e7196a4e1bca48f13d52320da333242a6d0da54492e71d15168e577e3c29,False
pre-thesis/sections/source-snapshot/mainmatter/05-theoretical-framework.tex:45:p012,5. Marco teórico,"Información local, juegos y optimización distribuida",pre-thesis/sections/source-snapshot/mainmatter/05-theoretical-framework.tex,45,45,59,3,"Las activaciones locales permiten ejecutar revisiones sin una ronda global. El resultado asíncrono citado supone activación persistente y retardos acotados ; una copia que excede esa cota queda fuera de su dominio. Distribuido describe la localización de la información, asíncrono describe la agenda de actualización y robusto a red exige una propiedad adicional bajo el modelo de pérdida o retardo.",1f5e022f3d83c28ba78dbe2fa1a53e7b7d842a14a757875a2db2cea34b9b266a,asíncrono citado supone activación persistente y retardos acotados una copia que excede,670a5a11850c919e76d535393bc946b1c82741fb7fc65c7b9dd16f0a0209a47c,False
pre-thesis/sections/source-snapshot/mainmatter/05-theoretical-framework.tex:47:p013,5. Marco teórico,"Información local, juegos y optimización distribuida",pre-thesis/sections/source-snapshot/mainmatter/05-theoretical-framework.tex,47,47,55,3,"Los juegos poblacionales describen preferencias continuas sobre acciones. Sea la masa distribuida entre estrategias, el pago de la estrategia y el pago medio. En un Nash poblacional, toda estrategia con masa positiva alcanza el pago máximo bajo el estado agregado . Los juegos de potencial añaden una función escalar cuya variación coincide con cada desviación unilateral",6223819b875703b528b9f35d3c8cda545c4c7c237977edea760345087663734d,poblacionales describen preferencias continuas sobre acciones Sea la masa distribuida entre estrategias,e8ad09431170df319cecd6a0dd0429c03462a11393c0b9e1c485728d40f7525d,False
pre-thesis/sections/source-snapshot/mainmatter/05-theoretical-framework.tex:53:p014,5. Marco teórico,"Información local, juegos y optimización distribuida",pre-thesis/sections/source-snapshot/mainmatter/05-theoretical-framework.tex,53,53,65,4,"La identidad se verifica con el pago implementado, incluidas sus proyecciones y descuentos. En un juego finito, su cumplimiento ordena las desviaciones y asegura la existencia de al menos un equilibrio puro. La eficiencia de ese equilibrio se evalúa aparte mediante coste social. Bajo mensajes locales, cada robot reconstruye un potencial visible cuya coincidencia con el potencial analítico depende de la coherencia de los agregados.",61d11a4186b1b18600e1d506ce67ec7d728cfee8cf4e4cb7a60e11a369149f5c,social Bajo mensajes locales cada robot reconstruye un potencial visible cuya coincidencia,13ac677a0b7146394ccf0384bdd84e9d19a9e62a6c7afcd4e5088304e59e5ec5,True
pre-thesis/sections/source-snapshot/mainmatter/05-theoretical-framework.tex:66:p015,5. Marco teórico,"Información local, juegos y optimización distribuida",pre-thesis/sections/source-snapshot/mainmatter/05-theoretical-framework.tex,66,66,38,3,"donde y es la envolvente convexa de las estrategias de pago máximo. La continuidad, la exploración y la conservación del soporte cambian entre protocolos. El cierre entero se aplica después de esta evolución continua mediante una regla adicional.",645acd1c60397c8e663d6ca949682afc8023470ca646d94405444d326af1053d,conservación del soporte cambian entre protocolos El cierre entero se aplica después,fe5e6b19d1482ef0290ec9c45a9ab2f8236de7e11df70340a0d6b251da4629ac,False
pre-thesis/sections/source-snapshot/mainmatter/05-theoretical-framework.tex:193:p016,5. Marco teórico,"Información local, juegos y optimización distribuida",pre-thesis/sections/source-snapshot/mainmatter/05-theoretical-framework.tex,193,193,63,4,"La Figura permite leer dos diferencias decisivas. La replicadora conserva en cero una estrategia ausente, mientras logit le asigna masa positiva; la mejor respuesta cambia de dirección en las fronteras de indiferencia. Smith y BNN redistribuyen masa mediante comparaciones pares y excesos sobre . El estado inicial y el valor de pueden, por ello, alterar el transitorio aunque coincidan estados estacionarios bajo pagos ideales.",d8072978bb25d450be10fed42c0869b71ae203eb3ea563fae1ad1a332dbf30fe,estrategia ausente mientras logit le asigna masa positiva la mejor respuesta cambia,ee7ccd0999ecac948436416303368f90c417204485c3446a02f9ed528be1e2dc,False
pre-thesis/sections/source-snapshot/mainmatter/05-theoretical-framework.tex:195:p017,5. Marco teórico,"Información local, juegos y optimización distribuida",pre-thesis/sections/source-snapshot/mainmatter/05-theoretical-framework.tex,195,195,60,3,La dinámica produce preferencias continuas y el cierre las transforma en bajo exclusividad y recursos. Una proyección o un redondeo puede cambiar el potencial de la relajación y crear déficit. La convergencia continua solo se conserva en la ejecución entera si la regla de cierre y su resolución de empates preservan la propiedad demostrada; ambas forman parte del contrato implementado.,571e77ab09b8d0f866dbb16529c466fde9560630b029a6913ca126518d74e322,resolución de empates preservan la propiedad demostrada ambas forman parte del contrato,4a8a8d3cbc1ee547de35ace64cc027d56324e68693b0c6c7dce5c64a430a0b21,True
pre-thesis/sections/source-snapshot/mainmatter/05-theoretical-framework.tex:200:p018,5. Marco teórico,"Información local, juegos y optimización distribuida",pre-thesis/sections/source-snapshot/mainmatter/05-theoretical-framework.tex,200,200,49,3,La conectividad del grafo certifica propagación de información; la rigidez geométrica conserva localmente la forma salvo movimientos rígidos del conjunto . Una formación rígida todavía puede exceder los límites de fuerza o adherencia. Cargo incorpora una interfaz de apoyo que transmite a la carga los esfuerzos acotados de los actuadores.,40145f985234b42e106b5a350bb5875a9b1d40502aa8e298d1364d0c4bb4760b,forma salvo movimientos rígidos del conjunto Una formación rígida todavía puede exceder,8733e3170ee37cee8a9ed6b826d9924286102b538577873cf33dc8b9e5aaa6c8,False
pre-thesis/sections/source-snapshot/mainmatter/05-theoretical-framework.tex:208:p019,5. Marco teórico,"Información local, juegos y optimización distribuida",pre-thesis/sections/source-snapshot/mainmatter/05-theoretical-framework.tex,208,208,72,4,"La Ecuación separa el wrench resultante de las fuerzas internas . Dos vectores pueden producir la misma resultante y cargar de manera distinta los actuadores. Las componentes del núcleo de \(G_C(q)\) afectan compresión, saturación y pérdida de contacto aunque el cuerpo ideal no se mueva. La geometría determina el cierre ; la prueba pertinente es \(W_k^ req W_C(q)=\ G_C(q) : U_C\ \), no una suma escalar de capacidades.",b74c9ef73805a3f4b0858ca46d9fc537fb6ac8a5bb7412cdf1d40da5af356233,actuadores Las componentes del núcleo de G C q afectan compresión saturación,daa3c377d1bb188114ea17395cae657ac02b961447c1397d8d3547c1c3343d71,False
pre-thesis/sections/source-snapshot/mainmatter/05-theoretical-framework.tex:210:p020,5. Marco teórico,"Información local, juegos y optimización distribuida",pre-thesis/sections/source-snapshot/mainmatter/05-theoretical-framework.tex,210,210,57,3,"Como y dependen de la configuración, el margen de torque puede cambiar al rotar la carga o recolocar un contacto. El certificado de reclutamiento debe asociar su veredicto con una demanda de wrench, una geometría, límites de actuación y tolerancia. Un resultado inconcluso produce abstención; la imposibilidad exige demostrar que la demanda queda fuera del conjunto realizable.",afa1da07838c455d67dca76e0236696516d326e22518c89def793a0da999e348,actuación y tolerancia Un resultado inconcluso produce abstención la imposibilidad exige demostrar,c09cc84ce3334714c8eec814d25ca8b1cdd3b383ab95f5ed5f6aab3f716be239,False
pre-thesis/sections/source-snapshot/mainmatter/05-theoretical-framework.tex:212:p021,5. Marco teórico,"Información local, juegos y optimización distribuida",pre-thesis/sections/source-snapshot/mainmatter/05-theoretical-framework.tex,212,212,50,3,"Con y los contactos fijados, el controlador regula la pose del cuerpo compuesto. Las estructuras virtuales distribuyen referencias entre robots, y la optimización restringida reparte esfuerzo o impone evitación para esa formación . Estos resultados consumen un equipo ya elegido, por lo que el reclutamiento debe entregarles una composición mecánicamente admisible.",64658461e02a72ad536b259ac854b164e3c25ee581f36486c9657bf2b8e302ac,optimización restringida reparte esfuerzo o impone evitación para esa formación Estos resultados,064e4c99092af121efcb43d6056661f0395c7da2283b1294f44b4642ec21037a,True
pre-thesis/sections/source-snapshot/mainmatter/05-theoretical-framework.tex:214:p022,5. Marco teórico,"Información local, juegos y optimización distribuida",pre-thesis/sections/source-snapshot/mainmatter/05-theoretical-framework.tex,214,214,60,3,"Una prueba de seguimiento fija la planta, el marco del error y los límites de perturbación. En el modelo planar rígido, una función de Lyapunov local puede incorporar amortiguamiento y residual de wrench. Cuando cambia un contacto o se retira un robot, el dominio de contacto fijo deja de aplicar y la coalición debe recertificarse antes de reutilizar el resultado.",52491f290eb9252ba302cdc4ae6021b02e01022f67e6ef1b8bf8a73267c05bd3,planar rígido una función de Lyapunov local puede incorporar amortiguamiento y residual,d850f17b24c73858c771aff46e0926fa14d8c772eccde026558c0677e977c847,False
pre-thesis/sections/source-snapshot/mainmatter/05-theoretical-framework.tex:216:p023,5. Marco teórico,"Información local, juegos y optimización distribuida",pre-thesis/sections/source-snapshot/mainmatter/05-theoretical-framework.tex,216,216,48,4,"En empuje, incorpora unilateralidad y fricción, y la dinámica admite pérdida de contacto. El certificado de caging comprueba que la configuración confina el objeto . Cargo, en cambio, certifica soporte y realización de wrench. La selección estratégica puede alimentar ambas ramas, pero cada una conserva su propio contrato físico.",094ff846a87afcdb26f5277dcb72f126a5fd1ee5c01f71afcc94c810e6f6df55,estratégica puede alimentar ambas ramas pero cada una conserva su propio contrato,dccaee9f53cf71731d468d77503ec385c01f61f45a81f9fe925866d2d94a56b4,False
pre-thesis/sections/source-snapshot/mainmatter/05-theoretical-framework.tex:221:p024,5. Marco teórico,"Seguridad, fallos y red imperfecta",pre-thesis/sections/source-snapshot/mainmatter/05-theoretical-framework.tex,221,221,67,4,"Los campos potenciales combinan atracción al objetivo y repulsión de obstáculos con bajo coste de cálculo. Sus mínimos locales permiten mantener separación y, al mismo tiempo, perder progreso hacia la meta . RVO traslada la predicción al espacio de velocidades y reparte la maniobra; ORCA construye semiplanos recíprocamente admisibles . En una coalición Cargo, la reciprocidad, el horizonte y la geometría deben aplicarse a la huella del cuerpo compuesto.",e579a41bf6b36f406859b9dc630e48dbcd3ee45d811c7700a787c1fec682ff7a,al mismo tiempo perder progreso hacia la meta RVO traslada la predicción,4b03e676b453e053aa4b72188cc89ad3a80c849aae89b340a9f96729a51bc531,True
pre-thesis/sections/source-snapshot/mainmatter/05-theoretical-framework.tex:223:p025,5. Marco teórico,"Seguridad, fallos y red imperfecta",pre-thesis/sections/source-snapshot/mainmatter/05-theoretical-framework.tex,223,223,66,4,"Una CBF define un conjunto seguro y una condición de invariancia hacia delante. El filtro CBF-QP proyecta el control nominal sobre las desigualdades admisibles bajo el modelo, el grado relativo y el estado declarados . Los certificados distribuidos imponen separación entre pares y pueden recurrir a frenado de emergencia . Para Cargo, la función de barrera debe representar la huella compuesta o una envolvente conservadora de ella.",235b3df6726b90b81b0db5ba3842a858770dfa62c29f415d6e8875ed5169e984,estado declarados Los certificados distribuidos imponen separación entre pares y pueden recurrir,b703e31f3ffd9c88e1b9d7513397bcc2a3b8937bbe8d074e7b825b81e3cb7f99,False
pre-thesis/sections/source-snapshot/mainmatter/05-theoretical-framework.tex:225:p026,5. Marco teórico,"Seguridad, fallos y red imperfecta",pre-thesis/sections/source-snapshot/mainmatter/05-theoretical-framework.tex,225,225,66,4,La invariancia del conjunto seguro y la llegada al destino exigen endpoints distintos. Una detención puede conservar distancia durante todo el horizonte y terminar sin entrega. La saturación o el reparto de wrench pueden separar la acción ejecutada de la orden nominal y de la salida del filtro. La distancia mínima muestreada caracteriza los instantes registrados; cubrir el intervalo entre muestras requiere una cota continua adicional.,7a92c787fdc158f09a19362122b034904aa30f1909ab29bc29d2c9bb87c4f909,llegada al destino exigen endpoints distintos Una detención puede conservar distancia durante,c88e2b180d79bfe1e1f23e82168b7c6d6f24b0b6ba84a493c19deaa93056912b,False
pre-thesis/sections/source-snapshot/mainmatter/05-theoretical-framework.tex:227:p027,5. Marco teórico,"Seguridad, fallos y red imperfecta",pre-thesis/sections/source-snapshot/mainmatter/05-theoretical-framework.tex,227,227,43,3,"ALLIANCE activa alternativas mediante impaciencia y aquiescencia, y las subastas dinámicas reabren la adjudicación después de un evento . En una tarea débilmente acoplada, esa revisión puede sustituir a un ejecutor. El transporte colectivo debe además reconstruir porque el fallo cambia una composición compartida.",6c8d483c94883508d62d5c0eb34d2c29ec65fff07abad76decd4df4d3282b7ac,ALLIANCE activa alternativas mediante impaciencia y aquiescencia y las subastas dinámicas reabren,aa3f19a576d207ecc4b40759c3ba00257204876594a08e320da4d9fb1d9d2207,False
pre-thesis/sections/source-snapshot/mainmatter/05-theoretical-framework.tex:229:p028,5. Marco teórico,"Seguridad, fallos y red imperfecta",pre-thesis/sections/source-snapshot/mainmatter/05-theoretical-framework.tex,229,229,67,4,"La retirada de un miembro modifica la geometría de apoyo y el conjunto realizable de wrench. La reparación necesita una reserva alcanzable y tiempo suficiente para recertificar la nueva coalición antes de consumir el margen seguro. La minimalidad por inclusión elimina miembros redundantes; el coste mínimo compara además todas las combinaciones admisibles. Cuando la capacidad remanente resulta insuficiente, el resultado correcto es detener o abortar la carga.",643bb809ecd34fbf7dc650e4327f8c4b8b65d9d8bd524a39d5ad654f34c0a455,compara además todas las combinaciones admisibles Cuando la capacidad remanente resulta insuficiente,abf6fdde09bfbe236bbc78fe4390fb4dae7668ec8c7964d535d69849e6384955,False
pre-thesis/sections/source-snapshot/mainmatter/05-theoretical-framework.tex:231:p029,5. Marco teórico,"Seguridad, fallos y red imperfecta",pre-thesis/sections/source-snapshot/mainmatter/05-theoretical-framework.tex,231,231,62,4,"El tráfico entre coaliciones requiere resolver conflictos espacio--temporales además de evitar colisiones reactivamente. CBS alterna detección de conflictos y planificación individual, con completitud y optimalidad en su modelo discreto; ECBS acepta suboptimalidad acotada para reducir coste . LA-MAPF incorpora la huella de cuerpos extensos . MAPF-LNS2 escala mediante reparaciones parciales de gran vecindario y carece de la cota propia de ECBS .",ab6c29de6e2ef342f0ce0db8c0175dbd46a7146395a37f96f8fc73f3ea26900f,resolver conflictos espacio temporales además de evitar colisiones reactivamente CBS alterna detección,1cb5804b0731d48bf67568e028ef4201601080e590120206c9e78e2b95575159,True
pre-thesis/sections/source-snapshot/mainmatter/05-theoretical-framework.tex:233:p030,5. Marco teórico,"Seguridad, fallos y red imperfecta",pre-thesis/sections/source-snapshot/mainmatter/05-theoretical-framework.tex,233,233,68,5,"SP3 usa esos planificadores como referencias centrales de tráfico. Una reserva de vértice o arista certifica exclusión dentro del grafo y del tiempo discretizado. La separación euclídea entre muestras depende de la interpolación, la huella y la cinemática. ORCA o una CBF cubren esa capa local, aunque las prioridades de pasillo requieren todavía arbitraje para evitar bloqueo mutuo. La interfaz integrada enlaza ruta reservada, huella y control continuo.",5af180e5efaceb529e0c966e3b686f22498806569a65f5a030248987354a1d73,todavía arbitraje para evitar bloqueo mutuo La interfaz integrada enlaza ruta reservada,d371846014e57bbf6d57931f575ea463e894ccd0ed6179b64205269a8ecec26f,False
pre-thesis/sections/source-snapshot/mainmatter/05-theoretical-framework.tex:235:p031,5. Marco teórico,"Seguridad, fallos y red imperfecta",pre-thesis/sections/source-snapshot/mainmatter/05-theoretical-framework.tex,235,235,86,5,"El retardo, la pérdida y la topología modifican las copias usadas para evaluar pagos y reservas. El gossip aleatorio caracteriza el coste de mezclar promedios ; el consenso con enlaces imperfectos depende del modelo estadístico y de la conectividad . La proyección sobre conjuntos convexos locales permite imponer restricciones durante el consenso bajo el modelo de grafo variable de ; ese resultado no modela ruido de canal. ACBBA aporta evidencia específica bajo pérdida de mensajes . Las decisiones enteras y la planta móvil quedan fuera de esos resultados de consenso.",d62b028c6df1464adb16413acda7779362caf4c0a5501e3a3686e4493f204c72,proyección sobre conjuntos convexos locales permite imponer restricciones durante el consenso bajo,5473b514d3078657b50d0151a76a838fe6ebc8003cf6b9326d0a0a18c7c4cf15,True
pre-thesis/sections/source-snapshot/mainmatter/05-theoretical-framework.tex:237:p032,5. Marco teórico,"Seguridad, fallos y red imperfecta",pre-thesis/sections/source-snapshot/mainmatter/05-theoretical-framework.tex,237,237,89,4,"Con copias vecinales, el equilibrio se define respecto de la información visible y puede conservar un conflicto remoto. Bajo pérdidas independientes, la retransmisión periódica aumenta la probabilidad de recibir un estado congelado y consume más mensajes; la activación por evento reduce ese tráfico, pero una copia ausente puede permanecer sin actualizar. La campaña histórica E8, conservada en la monografía y no usada como evidencia VIU activa, relaciona conectividad y edad de copia con calidad operacional y carga comunicativa. La consistencia global exige observar las interacciones que afectan el pago.",bce201b03ee6ce1bcc39444645796194972dd7be0b6f45402bd56c8c0e9644d6,una copia ausente puede permanecer sin actualizar La campaña histórica E8 conservada,5a86ea48fd18eb6ff60eeaf72fc5803f34036d60116d591396c36595abad24c2,True
pre-thesis/sections/source-snapshot/mainmatter/05-theoretical-framework.tex:242:p033,5. Marco teórico,Brecha de investigación,pre-thesis/sections/source-snapshot/mainmatter/05-theoretical-framework.tex,242,245,43,2,"El corpus se organiza por la propiedad que cada familia entrega a la capa siguiente. La comparación operacional y sus asimetrías de información se fijan en la metodología; aquí se localiza la interfaz todavía abierta entre composición nominal, certificado mecánico, recuperación y tráfico.",b7ef49d81d5638ceb29a2eaa97d6c42f63d0b543ec75871d85841f2c2d0c204c,metodología aquí se localiza la interfaz todavía abierta entre composición nominal certificado,7985fa8dc48edc0294d4613d9f0acf2e03b483031c065fc1850857b3fcee3768,False
pre-thesis/sections/source-snapshot/mainmatter/05-theoretical-framework.tex:247:p034,5. Marco teórico,Brecha de investigación,pre-thesis/sections/source-snapshot/mainmatter/05-theoretical-framework.tex,247,252,63,4,"La Figura resume el corpus auditado en dos paneles. El primero sitúa hitos verificados por familia y periodo; el segundo cuenta las fuentes por los identificadores históricos SP0--SP8 y muestra el alcance declarado. Esos identificadores son etapas experimentales agrupadas hoy en SP1--SP3, no nueve subproblemas canónicos. Una fuente puede contar en varias filas y la figura no es una bibliometría exhaustiva.",1d9685b346bb3643d5f29e39a6a5439cd460aa291cbd0bd680812eb50c892405,son etapas experimentales agrupadas hoy en SP1 SP3 no nueve subproblemas canónicos,5ebf40a137ce083898298c9d1cc663e24e9bea7bf69b623c07c9d84441416df6,False
pre-thesis/sections/source-snapshot/mainmatter/05-theoretical-framework.tex:357:p035,5. Marco teórico,Brecha de investigación,pre-thesis/sections/source-snapshot/mainmatter/05-theoretical-framework.tex,357,360,42,2,"La Figura organiza además el corpus por arquitectura de información y explicitud del mecanismo; no representa calidad, impacto ni rendimiento. Las políticas aprendidas cubren MAPF descentralizado y transporte con capas locales y globales ; esta clasificación describe arquitectura y alcance, no calidad experimental.",4f5dce26bd216bacbb8c8ff26c6d7f087b992b54dd9d2f8c6860941cd83b9257,no representa calidad impacto ni rendimiento Las políticas aprendidas cubren MAPF descentralizado,2de6aeff95b9ba0291646543f6ddafd16631fec45793c1a0be33420fd3903ac7,True
pre-thesis/sections/source-snapshot/mainmatter/05-theoretical-framework.tex:467:p036,5. Marco teórico,Brecha de investigación,pre-thesis/sections/source-snapshot/mainmatter/05-theoretical-framework.tex,467,467,54,2,El corpus auditado deja abierta una interfaz concreta: MRTA entrega una composición nominal y el control cooperativo suele recibir un equipo físico ya fijado. Dentro del conjunto verificado faltan entre ambos un certificado mecánico consumible y una regla que reabra la decisión tras un fallo; esta observación se restringe al protocolo de búsqueda documentado.,14aea3a23881f5d3b7814e2304e520196063a8954e0f757eac3384905ffc2daf,suele recibir un equipo físico ya fijado Dentro del conjunto verificado faltan,3d27eeb5a87050c3aa82b5bffee75525612e5e13a6d40376d2b947b02b332902,True
pre-thesis/sections/source-snapshot/mainmatter/05-theoretical-framework.tex:469:p037,5. Marco teórico,Brecha de investigación,pre-thesis/sections/source-snapshot/mainmatter/05-theoretical-framework.tex,469,469,55,3,"La arquitectura propuesta conecta esos contratos mediante juegos locales con supuestos propios. SP1--SP3 los evalúan por separado y Cargo reúne sus funciones con reglas simplificadas, líder por carga y registro global. La composición acredita compatibilidad funcional, mientras cada garantía permanece en el componente donde se demostró; extenderla al sistema híbrido exigiría una prueba adicional.",94558e9692f3420186cb80029eba4f07127dc337dca293e1fe97911de5cdfecc,propuesta conecta esos contratos mediante juegos locales con supuestos propios SP1 SP3,0291423405be66d0e6eb31869ed16c7eaad68c01bfbcea3bf1e9c2701692bc26,True
pre-thesis/sections/thesis-results.tex:5:p001,6. Resultados y análisis,Resultados y análisis,pre-thesis/sections/thesis-results.tex,5,5,50,3,La evaluación conecta la asignación lógica con la misión física mediante tres interfaces verificables. SP1 forma coaliciones y asigna contactos; SP2 ejecuta el transporte y repara fallos; SP3 reserva rutas para coaliciones tratadas como agentes compuestos. Los identificadores históricos se conservan únicamente en las fuentes y en los artefactos reproducibles.,5a121fe105c2b66ef3b3eb29c449845fadcb577149c7e25a26fabfa474e5d3ed,repara fallos SP3 reserva rutas para coaliciones tratadas como agentes compuestos Los,f43a4016a16998a6a20c8890ce24eb92e6610e86a59b360775beccbf0e1c81cb,False
pre-thesis/sections/thesis-results.tex:15:p002,6. Resultados y análisis,SP1: formación distribuida de coaliciones,pre-thesis/sections/thesis-results.tex,15,15,46,3,SP1 decide la composición y los contactos antes de autorizar el movimiento de una carga. La primera etapa retenida comprueba capacidad heterogénea; la segunda sustituye la suma escalar por factibilidad de wrench. Ambas etapas delimitan lo que la capa estratégica puede certificar sin atribuirle estabilidad mecánica.,ae974c7c11566098ea238cb78addd8cefb64318e25f589a60517ddc6731bd6d9,primera etapa retenida comprueba capacidad heterogénea la segunda sustituye la suma escalar,05efbe618f7ba2625da211e4cc8bf7ae343a20fc428b44cbea3626c33d93d21c,True
pre-thesis/sections/thesis-results.tex:17:p003,6. Resultados y análisis,SP1: formación distribuida de coaliciones,pre-thesis/sections/thesis-results.tex,17,17,29,2,"La regulación de cardinalidad admite un resultado exacto antes de introducir capacidad vectorial. Sean , y , donde deja al robot libre y . Para cuotas obligatorias y costes adimensionales fijos , defínanse",6d4f71294d8cc9846650a2c890f4f8d9885fdc923be63886d48a09484094c3e3,resultado exacto antes de introducir capacidad vectorial Sean y donde deja al,c6975beab7a26c58f74021d6ca56917a6781cec1f7c7a9a080f8d4ba0bfa230c,False
pre-thesis/sections/thesis-results.tex:29:p004,6. Resultados y análisis,SP1: formación distribuida de coaliciones,pre-thesis/sections/thesis-results.tex,29,36,165,8,"potencial exacto y regulación finita de cuotas demostrado bajo activación asíncrona justa y continuación maximal. [Potencial exacto y regulación de cuotas] Para el juego de , si y , es un potencial exacto y los equilibrios de Nash puros son exactamente los perfiles con para todo . Toda ejecución asíncrona justa de mejor respuesta que continúe mientras exista una mejora estricta alcanza uno de esos perfiles después de, a lo sumo, cambios aceptados. Los máximos globales de son las asignaciones de cuota exacta con coste mínimo. Al retirar a se obtiene el mismo perfil de referencia antes y después de cualquier desviación unilateral; por tanto, . En un perfil inexacto, un robot libre que entra en una carga deficitaria mejora al menos . Si no hay robots libres, la realizabilidad obliga a que un déficit coexista con un exceso: trasladar un robot entre ambos reduce en dos y cambia a lo sumo en ; si solo hay exceso, retirar un miembro redundante reduce sin aumentar . Luego ningún perfil inexacto es Nash.",60bc3a5854f70472b168d9770b8c638eb68d3d85f002599dbbac55162cb54edf,exceso retirar un miembro redundante reduce sin aumentar Luego ningún perfil inexacto,53095d03c543461e28fa6483dfbd844f6b35594a214035cc0ca37f6b05599005,False
pre-thesis/sections/thesis-results.tex:38:p005,6. Resultados y análisis,SP1: formación distribuida de coaliciones,pre-thesis/sections/thesis-results.tex,38,41,102,5,"En un perfil exacto, salir crea déficit, entrar desde el estado libre crea exceso y trasladarse crea déficit y exceso; el posible ahorro de coste es menor que la penalización, luego ninguna desviación es rentable. Cada cambio aceptado aumenta estrictamente y no puede repetir uno de los perfiles. La justicia activa finalmente una mejora disponible y la maximalidad impide detenerse antes de un Nash; sobre el conjunto exacto, maximizar equivale a minimizar . La cota cuenta cambios estratégicos aceptados, no segundos ni rondas globales. Tampoco se transfiere a Smith muestreado, al cierre QR bajo escasez, a comunicación imperfecta o a la planta mecánica.",50d6865a08007948cfe233f391c508333ffd582d19e1476acb7abf37415a5db3,cuenta cambios estratégicos aceptados no segundos ni rondas globales Tampoco se transfiere,40e3cd8a7319e82c20a4a7444bf514d86c25ad2f01c193cca5381f29b7b36279,True
pre-thesis/sections/thesis-results.tex:52:p006,6. Resultados y análisis,SP2: ejecución y transporte cooperativo,pre-thesis/sections/thesis-results.tex,52,52,75,3,"SP2 recibe una coalición cerrada y estudia llegada, acoplamiento, seguimiento y recuperación. El Anexo prueba la equivalencia entre twist de la carga y ruedas, las monotonicidades opuestas al retirar un miembro y la insuficiencia de capacidad escalar; estas condiciones preceden a la estabilidad nominal y evitan identificar cardinalidad con ejecutabilidad. Los resultados numéricos pertenecen al modelo declarado en cada etapa, y la campaña Cargo física nueva permanece sujeta a los gates de instrumentación y repetibilidad.",bf97876d2eb1a3df3f065f3b25e4acad08de4b2cb51c0d0b862f9a0ff3a55de9,evitan identificar cardinalidad con ejecutabilidad Los resultados numéricos pertenecen al modelo declarado,d1ee86426e4e4f37ec03408e720feea45144d25a17b07cc7fb8fb35073313bb0,False
pre-thesis/sections/thesis-results.tex:64:p007,6. Resultados y análisis,SP3: planificación y tráfico de coaliciones,pre-thesis/sections/thesis-results.tex,64,64,51,3,"SP3 coordina rutas y reservas locales después del certificado de ejecutabilidad de SP2. El juego de rutas separa la mejora estratégica de la exclusión lógica, mientras el piloto AWS localiza cuellos de botella de vivacidad sin presentarse como evidencia dinámica. Esta distinción impide transferir ausencia de solapamiento cinemático a seguridad física.",76db5b06131504b7f92dfda47a5a751d55104155de0fa3edcd497fc1f0964124,presentarse como evidencia dinámica Esta distinción impide transferir ausencia de solapamiento cinemático,d385f346517d2f8db40279cecfb61d8b5a1a9dc933e07a7055290dd03493ced4,False
pre-thesis/sections/thesis-results.tex:76:p008,6. Resultados y análisis,Síntesis transversal,pre-thesis/sections/thesis-results.tex,76,76,57,3,"Las tres interfaces producen certificados distintos. La cobertura de capacidad no implica un wrench realizable, un reparto realizable no implica estabilidad fuera del supuesto de contacto fijo y una ruta discreta sin conflicto no implica ausencia de colisión continua. Por ello, cada conclusión conserva el dominio, la planta y el contrato de información que generaron su evidencia.",7c6024f3cfc3c5c96e8a878250fb617125e8d7bb4150fc4ac898dd40bd811613,ruta discreta sin conflicto no implica ausencia de colisión continua Por ello,6de945ac86625c5a1950dd8ae8bf8ce028d0e9d37e9f0410b662135457140ae5,False
pre-thesis/sections/thesis-results.tex:78:p009,6. Resultados y análisis,Síntesis transversal,pre-thesis/sections/thesis-results.tex,78,78,51,3,"El demostrador Cargo ejecuta conjuntamente reclutamiento, movimiento y sustitución bajo un contrato híbrido con información global declarada. Ese resultado acredita coexistencia funcional en su banco numérico, no convergencia global ni transferencia industrial. La campaña MuJoCo con Pioneer P3DX deberá decidir si el certificado vectorial reduce falsos positivos dentro del dominio parametrizado.",e4f12ae5618bd07ae2fff07e363b4c6f1b7fa1c1e1ca159e0beef3db6e1b8be6,Pioneer P3DX deberá decidir si el certificado vectorial reduce falsos positivos dentro,9ee729618e5cba95b3f9ba7fe8ae4aeb07e0137f00131c3594d4481523cce439,False
pre-thesis/sections/thesis-results.tex:97:p010,6. Resultados y análisis,Síntesis transversal,pre-thesis/sections/thesis-results.tex,97,97,40,2,La Tabla es una regla de composición: una capa consume el certificado anterior sin ampliar su dominio. Una garantía extremo a extremo necesitaría además invariancia durante las conmutaciones y compatibilidad entre los tres modelos; esa prueba no se reclama aquí.,b6a2a5faeace1e0301e13c4768a5298ff7478455e0bda1ac055cf1a0bf6ecf2f,ampliar su dominio Una garantía extremo a extremo necesitaría además invariancia durante,5a1cdee248c549afb3b2424190e4a734a161bb041227ce99e9e7346a5379a3b0,False
pre-thesis/sections/thesis-results.tex:101:p011,6. Resultados y análisis,Síntesis transversal,pre-thesis/sections/thesis-results.tex,101,112,161,8,"límite informacional transversal bajo partición demostrado para algoritmos deterministas basados en historial local. [Límite informacional bajo partición] Sea una clase de juegos que contiene dos instancias con el mismo historial observable para una componente conectada , pero con proyecciones disjuntas sobre de sus conjuntos de óptimos globales. Ningún algoritmo determinista cuyo estado y salida en dependan solo de ese historial puede devolver un óptimo global en ambas instancias. Si el predicado ``existe interacción remota'' difiere entre e , tampoco puede detectarlo correctamente en ambas. La indistinguibilidad obliga al algoritmo a producir la misma salida local en ambas instancias. Si fuese globalmente óptima en las dos, pertenecería a la intersección de las proyecciones de sus óptimos, que es vacía. Para el predicado remoto, la salida binaria también debe coincidir mientras los valores verdaderos difieren. El resultado exige ese par indistinguible: no excluye optimalidad en una familia singleton, cuando la interacción remota es nula o conocida, ni cuando ambas instancias comparten una acción local óptima.",eac64f62473542f626b372dbeb8ee6c3f44f580c6f4bb14f0a262c4006680df3,límite informacional transversal bajo partición demostrado para algoritmos deterministas basados en historial,17251d00349f71b0da978c0d030dc8295c6f1168d147cad0380e9e62a29286ce,True
pre-thesis/sections/results-interface.tex:5:p001,Otro,Interfaz y protocolo transversal,pre-thesis/sections/results-interface.tex,5,5,37,3,"El capítulo se lee como una cadena de certificados, no como tres algoritmos independientes. Cada interfaz separa decisión, mecánica y tráfico; una salida solo habilita la comprobación siguiente. La Figura resume esa composición y las realimentaciones permitidas.",5a169d522eaee86a1b027f0fb5e79ae454b192b8cb398063ea87e9be55caa991,independientes Cada interfaz separa decisión mecánica y tráfico una salida solo habilita,ce36a3ba847d196e59a6b86faed9883a3f6019658a43f6ee47b8648bd132d51f,False
pre-thesis/sections/results-interface.tex:52:p002,Otro,Interfaz y protocolo transversal,pre-thesis/sections/results-interface.tex,52,52,45,2,"Un término falso produce abstención, espera o recuperación; no se repara el dato para convertirlo en éxito. La estabilidad local de SP2 se enuncia solo para contactos bilaterales fijos y realización exacta del wrench; el banco físico mide precisamente cuándo esa hipótesis deja de sostenerse.",a5d4128f2cc023e70f64fe5314759594ef083937bf1cf23aef053c312c02d861,término falso produce abstención espera o recuperación no se repara el dato,16fbb83ea41a29a08ca55b639b7b1aa02184bc560b1c353eefab0fce191a3298,True
pre-thesis/sections/results-interface.tex:57:p003,Otro,Unidad experimental y comparación,pre-thesis/sections/results-interface.tex,57,57,44,3,"Una unidad experimental es un mundo, una semilla y una configuración congelada. Los métodos reciben el mismo mundo; cuando un oráculo usa información global, se presenta como techo y no como par arquitectónicamente equivalente. La Tabla fija las operaciones comunes a las tres campañas.",a9e57540ba6300cb36c64107378e26e63674dab19abc2fb189cc4acd2976e56f,par arquitectónicamente equivalente La Tabla fija las operaciones comunes a las tres,17b16a09465720a68c5e078cebfde85ac02d7d3411accf0f9ae05ac3e99e2d27,True
pre-thesis/sections/results-interface.tex:86:p004,Otro,Unidad experimental y comparación,pre-thesis/sections/results-interface.tex,86,86,36,2,"donde es la decisión de la guardia y el éxito físico completo. Esta definición obliga a observar también los rechazos y evita llamar éxito a una corrida que incumple contacto, deslizamiento, colisión, límites o criterio terminal.",9c412b12c67e07613faee7d20820c28eeebccf3b01c011a5277986b3b2801cbf,evita llamar éxito a una corrida que incumple contacto deslizamiento colisión límites,331dde777ae68470d0cb4b66c34b59535ded141b3291ec93ed6ba45e899ac49c,False
pre-thesis/sections/results-interface.tex:91:p005,Otro,Contrato de evidencia,pre-thesis/sections/results-interface.tex,91,91,40,3,La evidencia se eleva por el predicado más débil comprobado. Una identidad de potencial es analítica; una tasa de éxito pertenece al dominio muestreado; una escena auditada solo acredita su estructura. La Tabla determina qué afirmación puede cruzar cada gate.,3960a48fa2c7618181a46386b6ae03c55d9b4a538bdd41c36bd84a44c0ba4a63,éxito pertenece al dominio muestreado una escena auditada solo acredita su estructura,fe9df40c30f49c14b4ef7fcb12d7036351c6396af0170ea09c83b325648c6a5d,False
pre-thesis/sections/results-interface.tex:133:p006,Otro,Contrato de evidencia,pre-thesis/sections/results-interface.tex,133,133,43,2,Las cifras del capítulo se insertan desde macros generadas y las pruebas completas remiten a los anexos activos. Los resultados negativos se conservan porque delimitan el mecanismo; los artefactos incompletos permanecen en la monografía o en el archivo de procedencia sin sostener conclusiones.,525d766ec29eb1204601ba3271f619b33a6306ada88b889ba944649cbd4460e0,insertan desde macros generadas y las pruebas completas remiten a los anexos,259153f9b8bcbd4efede5161d60036a2612bb077f5c8adabddab67e0c2d27cfc,True
pre-thesis/sections/source-snapshot/mainmatter/06-results-and-analysis/sp2.tex:6:p001,6. Resultados y análisis,Etapa 1.3: servicio operacional heterogéneo,pre-thesis/sections/source-snapshot/mainmatter/06-results-and-analysis/sp2.tex,6,6,52,3,"Dos coaliciones de igual cardinalidad pueden producir valores distintos de servicio . E2 conserva la exclusividad, el cierre y las poses estáticas, y asigna a cada pareja robot--carga una contribución calculada con carga útil nominal, batería y distancia. Este índice sirve para comparar disponibilidad operacional; la factibilidad mecánica se evalúa por separado.",97cf6c365ff4b270734d5848cb4d23a0066c41c9c73e3c0961e4f50a208ac98e,útil nominal batería y distancia Este índice sirve para comparar disponibilidad operacional,4e0b31a738dd361d33ed6a7707fce7d36ba6a7f621788b26271932095f60fb0c,False
pre-thesis/sections/source-snapshot/mainmatter/06-results-and-analysis/sp2.tex:43:p002,6. Resultados y análisis,Índice operacional de servicio,pre-thesis/sections/source-snapshot/mainmatter/06-results-and-analysis/sp2.tex,43,43,35,2,"Sea la carga útil nominal del robot en kilogramos, su fracción de batería y la reserva mínima. La distancia inicial robot--carga es y es la escala operacional de distancia. Se definen los factores adimensionales",e8d4b41a3d7aeb1e83c7c0e5a892719aef8d209e00bc62664a82e80ed0f79149,kilogramos su fracción de batería y la reserva mínima La distancia inicial,4b2e061b04f47926e0b0e94a5c94a8b63db9f5538d32e94763aa507b79939bc3,False
pre-thesis/sections/source-snapshot/mainmatter/06-results-and-analysis/sp2.tex:66:p003,6. Resultados y análisis,Índice operacional de servicio,pre-thesis/sections/source-snapshot/mainmatter/06-results-and-analysis/sp2.tex,66,66,40,3,"El factor representa disponibilidad y expresa servicio normalizado, no masa. La elección fija la escala, mientras penaliza el desplazamiento inicial sin modificar la carga útil nominal. Los experimentos suponen compatibilidad unitaria y omiten restricciones independientes de soporte y balance energético.",06cee47d8ea1b4fdd381daaa3b068568a4d1488ab5ee66f918452940f3e78529,suponen compatibilidad unitaria y omiten restricciones independientes de soporte y balance energético,1a871ce211e380467bdb44908849c54ea1044087dda63ff0d605827420756683,True
pre-thesis/sections/source-snapshot/mainmatter/06-results-and-analysis/sp2.tex:87:p004,6. Resultados y análisis,Problemas formales de referencia,pre-thesis/sections/source-snapshot/mainmatter/06-results-and-analysis/sp2.tex,87,87,35,1,"En , el término de puntos/m resuelve empates después de maximizar la suma de razones cubiertas; la diferencia respecto a este objetivo mide cobertura normalizada y no constituye una cota para completitud u otras métricas.",882f97bf6773cb9709dd271f047efc316a04a9cb6b1769ea482d3dcbec327dfd,puntos m resuelve empates después de maximizar la suma de razones cubiertas,f19cc3731c45c68bfb1aa87c5b99271da27027215c2fb6072319afcf2b7176a2,False
pre-thesis/sections/source-snapshot/mainmatter/06-results-and-analysis/sp2.tex:108:p005,6. Resultados y análisis,Problemas formales de referencia,pre-thesis/sections/source-snapshot/mainmatter/06-results-and-analysis/sp2.tex,108,108,40,2,"En , es adimensional y se mide en Wh, de modo que los coeficientes tienen unidades inversas. Los dos MILP reciben la matriz completa , las demandas y los costes; se consideran exactos únicamente en las instancias cuyo optimizador certifica brecha nula.",7932bdf09761585a778f76ff3c5d38126de78991fdf48146029c676ce356b4d2,coeficientes tienen unidades inversas Los dos MILP reciben la matriz completa las,c87745b4ee32120b6b3a2427cc21cfdd7e5250cdb6321c0b85e029db7629cf06,False
pre-thesis/sections/source-snapshot/mainmatter/06-results-and-analysis/sp2.tex:112:p006,6. Resultados y análisis,Métodos de comparación,pre-thesis/sections/source-snapshot/mainmatter/06-results-and-analysis/sp2.tex,112,112,60,4,"Los dos MILP fijan referencias globales para cobertura y completitud. Frente a ellos se evalúan asignadores con información agregada, reglas locales o vecinales y modelos de imitación. El Húngaro expandido y CBBA-capacidad modifican los problemas estudiados en sus fuentes, por lo que sus garantías originales no se transfieren a esta comparación . En la Tabla , denota puestos, rasgos y pesos.",595a0149836ee0be0b161949c5f130702076e6b35a6baead2de35cfd3e04aff1,Húngaro expandido y CBBA capacidad modifican los problemas estudiados en sus fuentes,f034ebb75ff4f58d315f03b89ed8c9b8cb6dc731313d9565233ef396ab2f7999,False
pre-thesis/sections/source-snapshot/mainmatter/06-results-and-analysis/sp2.tex:140:p007,6. Resultados y análisis,Juego de capacidad y alineación marginal,pre-thesis/sections/source-snapshot/mainmatter/06-results-and-analysis/sp2.tex,140,142,59,3,"puntuación de servicio y potencial marginal de E2 demostrado para preferencias continuas y parámetros congelados. Durante una decisión se fija la matriz para separar el efecto de la heterogeneidad del cambio de estado. La variable expresa la preferencia continua del robot por la carga y satisface . Con la presión saturada aplicada a y un coste normalizado , las puntuaciones son",45bba7aa233ad3a7e0d5b1a776d12802ba3fba1b09637dbe69f3324d43d2f70f,potencial marginal de E2 demostrado para preferencias continuas y parámetros congelados Durante,d62a4ace60b6347490c21f39cb43ecff6681ccf90c2f6010e11ef85297886ac6,False
pre-thesis/sections/source-snapshot/mainmatter/06-results-and-analysis/sp2.tex:153:p008,6. Resultados y análisis,Juego de capacidad y alineación marginal,pre-thesis/sections/source-snapshot/mainmatter/06-results-and-analysis/sp2.tex,153,153,22,1,El factor distingue la fracción de demanda que aporta cada robot; su ausencia hace que asigne la misma presión a contribuciones diferentes.,396634e4f03bbb4bbfb68b0094a32d473e65d091ae173af01a69356b9706314f,robot su ausencia hace que asigne la misma presión a contribuciones diferentes,c7309d6edef9aae6b72ef40a600cb1b833d9f972003e4419ae92c92064249b0e,False
pre-thesis/sections/source-snapshot/mainmatter/06-results-and-analysis/sp2.tex:155:p009,6. Resultados y análisis,Juego de capacidad y alineación marginal,pre-thesis/sections/source-snapshot/mainmatter/06-results-and-analysis/sp2.tex,155,157,21,1,"[Alineación marginal del servicio operacional] En una región donde , con , , y fijos, el campo marginal de es el gradiente del potencial",9da73a5261aa7b2d86ef9718109e8f0eb96ce4588b514d707d7be6cd6947724c,Alineación marginal del servicio operacional En una región donde con y fijos,3301cb03fd044be047da1e647709fcad8b454b5df51029af7e19b7ee2bc2fd20,True
pre-thesis/sections/source-snapshot/mainmatter/06-results-and-analysis/sp2.tex:164:p010,6. Resultados y análisis,Juego de capacidad y alineación marginal,pre-thesis/sections/source-snapshot/mainmatter/06-results-and-analysis/sp2.tex,164,166,28,2,"El campo plano no es, en general, integrable como potencial exacto cuando existen con . La identidad se establece para preferencias continuas, parámetros fijos y una región no saturada.",9d805fdf62d949749bfcb01c693ac73462df43ad3a559e9b0b8b60edba31a24a,campo plano no es en general integrable como potencial exacto cuando existen,1e66162a91dfd7ac0ddc5b372cf769985d1dee3c5823654156490d8020bf1422,True
pre-thesis/sections/source-snapshot/mainmatter/06-results-and-analysis/sp2.tex:168:p011,6. Resultados y análisis,Juego de capacidad y alineación marginal,pre-thesis/sections/source-snapshot/mainmatter/06-results-and-analysis/sp2.tex,168,168,29,2,"Por la regla de la cadena, ; al retirar el factor , las derivadas cruzadas dejan de coincidir cuando las contribuciones son heterogéneas. La frontera saturada se trata en el Anexo .",681bc28f409c9f9a2a509558d8e6febfdad5429f2a1fa31bd9079fbcd2e354c0,derivadas cruzadas dejan de coincidir cuando las contribuciones son heterogéneas La frontera,d01a2c322b8922a6f5e3382c7cb5202b0004f1653e1cdd35ba08053519fc4a31,False
pre-thesis/sections/source-snapshot/mainmatter/06-results-and-analysis/sp2.tex:170:p012,6. Resultados y análisis,Juego de capacidad y alineación marginal,pre-thesis/sections/source-snapshot/mainmatter/06-results-and-analysis/sp2.tex,170,170,47,2,"El contrato distribuido requiere que cada robot conozca y , además de estimar con mensajes vecinales. En la campaña, las reglas recibieron el déficit global salvo la variante primal--dual de radio limitado; las variantes Smith se implementaron como ordenaciones secuenciales y no como integraciones de la EDO.",d7b1988454b49e1840dc7c5d007a786976020c62e04eb32877250be004a182e6,dual de radio limitado las variantes Smith se implementaron como ordenaciones secuenciales,a16b27038900c2d2434115d171cfb751a6ac9037f366a1f21b42ce96067174b0,False
pre-thesis/sections/source-snapshot/mainmatter/06-results-and-analysis/sp2.tex:183:p013,6. Resultados y análisis,Regulación del déficit de capacidad,pre-thesis/sections/source-snapshot/mainmatter/06-results-and-analysis/sp2.tex,183,183,25,1,"La realimentación mínima del robot está formada por su contribución , su coste , los parámetros públicos y una estimación del servicio agregado. Con esos datos calcula",039bcf3cd7057b3df80ff30adf4523a2f0bfec1bfa23875e4cfa2f29aa813fe6,parámetros públicos y una estimación del servicio agregado Con esos datos calcula,677c52232895ed61d839535dc563cf77f871f16d2901a88ec3de9ff4de70beb1,False
pre-thesis/sections/source-snapshot/mainmatter/06-results-and-analysis/sp2.tex:193:p014,6. Resultados y análisis,Regulación del déficit de capacidad,pre-thesis/sections/source-snapshot/mainmatter/06-results-and-analysis/sp2.tex,193,193,32,3,"En la realimentación de , puede ser Smith, BNN, replicator o gradiente proyectado. La Proposición establece la identidad para agregados exactos y fija. El cierre entero y la estabilidad muestreada requieren resultados adicionales.",7cf219867368263357c424e4ce8b8b3ee0caae668410971d6c900d24abb7525c,ser Smith BNN replicator o gradiente proyectado La Proposición establece la identidad,11d37a9ba9fdab0bc2fe658cbc75a87dccd6e5ffa0977ee8a84ec21b30f145cb,True
pre-thesis/sections/source-snapshot/mainmatter/06-results-and-analysis/sp2.tex:195:p015,6. Resultados y análisis,Regulación del déficit de capacidad,pre-thesis/sections/source-snapshot/mainmatter/06-results-and-analysis/sp2.tex,195,195,37,2,"La campaña ejecutó una ordenación secuencial con en casi todas las reglas y mantuvo fijas las posiciones, la batería y . Este contraste aísla la puntuación; la ley continua y el observador vecinal no forman parte del estimando.",4ac4fd821d8a191d2ec8fc54e6785aaf2aea6d3df9c944d187025fe775cbfaa5,mantuvo fijas las posiciones la batería y Este contraste aísla la puntuación,48c2f4d5ad4ee847592bbdd4462396247957a47c292b8a3e2bc87691ced7a468,True
pre-thesis/sections/source-snapshot/mainmatter/06-results-and-analysis/sp2.tex:198:p016,6. Resultados y análisis,Diseño experimental,pre-thesis/sections/source-snapshot/mainmatter/06-results-and-analysis/sp2.tex,198,198,45,3,"Las semillas -- producen mundos pareados por método y observaciones método--mundo. El endpoint principal es la completitud; la Tabla resume los escenarios, las métricas auxiliares y la inferencia. La ablación plano--marginal reutiliza los mundos para cuatro reglas y las dos referencias, con comprobaciones válidas.",ae51a8b7c960cc720f1ef575ee95ae43f2c9b1985d30013eab23d0e3e8711974,escenarios las métricas auxiliares y la inferencia La ablación plano marginal reutiliza,461a71d8d10faba81c8838359a206137426ca39ba8d058a0a17818c6642dcaa2,True
pre-thesis/sections/source-snapshot/mainmatter/06-results-and-analysis/sp2.tex:217:p017,6. Resultados y análisis,Diseño experimental,pre-thesis/sections/source-snapshot/mainmatter/06-results-and-analysis/sp2.tex,217,217,32,2,Los datos publicados permiten recalcular el postproceso y reconstruir cada tabla y figura. La ausencia del generador de instancias impide repetir la creación de mundos y limita la reproducibilidad de la simulación.,849b4bfab180ef89308a4eccf8734efaa789132cff07f80fb04ae1ea7809572f,datos publicados permiten recalcular el postproceso y reconstruir cada tabla y figura,552cbf99bb6ffa4d089d68b4d0ddbd2f766dc9456817cb4023471ff6836b376f,False
pre-thesis/sections/source-snapshot/mainmatter/06-results-and-analysis/sp2.tex:221:p018,6. Resultados y análisis,Resultados,pre-thesis/sections/source-snapshot/mainmatter/06-results-and-analysis/sp2.tex,221,221,45,3,La referencia de cobertura alcanzó una cobertura media de y completó de las cargas. El oráculo de puntuación redujo la cobertura a y elevó la completitud a . La diferencia cuantifica el intercambio entre repartir servicio parcial y cerrar cargas en los dos objetivos MILP (Tabla ).,dd44df9b885992440d9c21c6a912cf1eab5a0b80f3e5ab7a40d612c5e9a3f87f,diferencia cuantifica el intercambio entre repartir servicio parcial y cerrar cargas en,8557f2c6f33444df144f6fbd60a212f1641fd96c4c68af90f77f1041d1056aaa,False
pre-thesis/sections/source-snapshot/mainmatter/06-results-and-analysis/sp2.tex:231:p019,6. Resultados y análisis,Resultados,pre-thesis/sections/source-snapshot/mainmatter/06-results-and-analysis/sp2.tex,231,231,44,3,"Entre los métodos aproximados, la red neuronal obtuvo la menor brecha de puntuación, , con completitud y de CPU media. Smith fue más barata, , pero alcanzó una brecha de y completitud . La regla interpretable reduce el coste computacional, aunque no encabeza la calidad de asignación.",fc1aec36c4a93da55b7bb9378a4fe5e05b63432a1a41cef933b97338d6d1a5f5,puntuación con completitud y de CPU media Smith fue más barata pero,6a318e8b80dde4e87d4c709f93dda571afcad8383e01a8ca8edced7300637809,False
pre-thesis/sections/source-snapshot/mainmatter/06-results-and-analysis/sp2.tex:233:p020,6. Resultados y análisis,Resultados,pre-thesis/sections/source-snapshot/mainmatter/06-results-and-analysis/sp2.tex,233,233,62,4,"La ablación de la Tabla evalúa el factor marginal dentro del asignador secuencial. Frente a la puntuación plana, la corrección elevó la completitud de a y redujo la brecha de a ; el efecto pareado sobre la brecha fue (IC del 95\,% , ). El cambio en completitud fue (IC ) y el del servicio retenido en cargas incompletas, . La campaña no integró la EDO Smith.",85e24a20998fc51e34e0e1b05335fae5bffbae2a092c366523ea8656e59606a3,dentro del asignador secuencial Frente a la puntuación plana la corrección elevó,550beff69d6875c37a78c3f7c38935cb84e34bf3f70379d789109e85ae7eb32a,False
pre-thesis/sections/source-snapshot/mainmatter/06-results-and-analysis/sp2.tex:243:p021,6. Resultados y análisis,Resultados,pre-thesis/sections/source-snapshot/mainmatter/06-results-and-analysis/sp2.tex,243,243,46,2,"Para la variante primal--dual ejecutada, la diferencia media de completitud frente al voraz fue (IC del 95\,% , ). Sus selecciones dispersaron capacidad entre cargas sin reflejar la prioridad todo-o-nada; esta observación describe la parametrización ensayada, mientras la corrección marginal sí mejoró la regla secuencial.",230377e904f6ea71f96ce96456ce45dc1f6d0da95d94815b95cb35419108019f,fue IC del 95 Sus selecciones dispersaron capacidad entre cargas sin reflejar,1417b78e0d01f3533a5d7e7f762cbb2a617c98716514bf340f32f0e8c8aefd1d,True
pre-thesis/sections/source-snapshot/mainmatter/06-results-and-analysis/sp2.tex:245:p022,6. Resultados y análisis,Resultados,pre-thesis/sections/source-snapshot/mainmatter/06-results-and-analysis/sp2.tex,245,245,49,3,"Dos amenazas dominan la validez externa. El índice mezcla disponibilidad y distancia sin un modelo mecánico, de modo que una asignación operacionalmente cubierta puede ser físicamente inviable. El uso generalizado del déficit global impide atribuir los resultados a una implementación vecinal; los rangos reportados corresponden a los mundos evaluados.",b00eec9616c83aaa5bc55ed715654413e50eb79bc7ebf60512a657122da9f66f,asignación operacionalmente cubierta puede ser físicamente inviable El uso generalizado del déficit,552bb9888571b9522859dc068b1505c8454db5166c171f103ef19c08cea7e95d,False
pre-thesis/sections/source-snapshot/mainmatter/06-results-and-analysis/sp2.tex:249:p023,6. Resultados y análisis,Síntesis,pre-thesis/sections/source-snapshot/mainmatter/06-results-and-analysis/sp2.tex,249,249,61,3,"La heterogeneidad rompe la equivalencia entre cardinalidad y cobertura, y el objetivo agregado puede repartir capacidad sin completar cargas. Con fija, el factor alinea el campo con el gradiente de ; en la ablación también concentró mejor el servicio. Entre los métodos aproximados, la red neuronal obtuvo la menor brecha y la variante primal--dual quedó por debajo del voraz en completitud.",1e31219c08bf212ce9155fe0dd4ce7d17e474a75b483763cc158a9d9ac5cd736,agregado puede repartir capacidad sin completar cargas Con fija el factor alinea,2a90b0ca5b3891b7b5b669a28336eaa019e8cb4eda372d44996da7ee33c2fc5a,True
pre-thesis/sections/source-snapshot/mainmatter/06-results-and-analysis/sp2.tex:251:p024,6. Resultados y análisis,Síntesis,pre-thesis/sections/source-snapshot/mainmatter/06-results-and-analysis/sp2.tex,251,251,32,2,El umbral puede cumplirse aunque los robots carezcan de puntos de contacto o de brazos de palanca capaces de equilibrar el torque. Ese contraejemplo motiva el certificado geométrico de wrench de E3.,b48d4a1af43e42891f6c26d92071c4566d4db0edd79710dc156723010e95aabd,palanca capaces de equilibrar el torque Ese contraejemplo motiva el certificado geométrico,22eaf6a4aa50849d4e511f82424bdc28a96c6098ae57b3b099af4800ec81c1d8,True
pre-thesis/sections/sp1-wrench-condensed.tex:6:p001,Otro,Etapa 1.4: certificado planar de contacto,pre-thesis/sections/sp1-wrench-condensed.tex,6,9,42,3,"E3 reemplaza la cobertura escalar por un certificado planar de puestos y wrench. La memoria retiene el reparto, su guardia y el contraste; la monografía conserva el juego continuo, las derivaciones y las variantes. El modelo es cuasiestático y anterior al transporte.",cae1d9e2f675d4c3bf2fae8f6dd2724a41dcc753184c3304fc56ff5f179ffb84,continuo las derivaciones y las variantes El modelo es cuasiestático y anterior,d30fb82204c634f90c99a2e50c3988445effff0bdcc1fd770fef6e53f15666aa,False
pre-thesis/sections/sp1-wrench-condensed.tex:28:p002,Otro,Etapa 1.4: certificado planar de contacto,pre-thesis/sections/sp1-wrench-condensed.tex,28,43,80,5,"reparto único y certificado regularizado conservador demostrado para cerrado, convexo y no vacío. [Residual puro frente a reparto regularizado] Si , el QP posee minimizador único y . Por tanto, certifica una realización tolerable, pero la conversa no vale en general. El Anexo demuestra la unicidad, la desigualdad y un contraejemplo escalar. La selección continua que precede al cierre es primal--dual; su potencial corregido y sus KKT se documentan en la monografía, sin transferirlos al cierre entero ni a Euler muestreado.",1e879e4e49d9ccf53c4bf35240de89c0b1b6e0e3d9eb9728014fd2a61f36ec8d,regularizado conservador demostrado para cerrado convexo y no vacío Residual puro frente,acc9f3470ffe171c302ec09ec231fa9b06f825afe5553b579fd03ae88e3aca5d,False
pre-thesis/sections/sp1-wrench-condensed.tex:51:p003,Otro,Etapa 1.4: certificado planar de contacto,pre-thesis/sections/sp1-wrench-condensed.tex,51,54,31,2,"y después asigna como máximo un robot por puesto. La guardia comprueba ; el oráculo enumera instancias pequeñas, Hungarian es solo referencia escalar y CBBA, voraz y dinámicas poblacionales son comparadores aproximados .",9fbefdcc13ceae7b2ce509c58e046fa3e77e9762f0d259b3eb9d2b4c83afbe4a,oráculo enumera instancias pequeñas Hungarian es solo referencia escalar y CBBA voraz,8e12ebc97ae98886a1404974ea6e65711535c4c6c686d68ce89cd4234112e9d9,False
pre-thesis/sections/sp1-wrench-condensed.tex:73:p004,Otro,Etapa 1.4: certificado planar de contacto,pre-thesis/sections/sp1-wrench-condensed.tex,73,77,32,2,"Las ejecuciones, con semillas predeclaradas -- , redujeron los falsos positivos de a en las geometrías evaluadas. El resultado no acredita contacto, estabilidad ni una arquitectura completamente vecinal; SP2 vuelve a certificar el movimiento.",9c4fec9c3a1bd9acf405682bc6d01a1221e324b1485d2188e0a05b818fae63ab,acredita contacto estabilidad ni una arquitectura completamente vecinal SP2 vuelve a certificar,fa5db5c6b07af5799c3b0ef5c419680f730e5c3d13282be480fb3b4da9c53b03,False
pre-thesis/sections/source-snapshot/mainmatter/06-results-and-analysis/sp4.tex:6:p001,6. Resultados y análisis,Etapa 2.1: acoplamiento y transporte cooperativo entre poses,pre-thesis/sections/source-snapshot/mainmatter/06-results-and-analysis/sp4.tex,6,6,59,3,"E4 evalúa primero el acoplamiento mediante el estado de los uniciclos, la llegada segura y el agotamiento del horizonte. En el segundo estrato, una carga ya acoplada sigue una referencia de pose bajo límites de wrench, y se miden tiempo, error y trabajo. Esta división permite distinguir el bloqueo durante la aproximación del error de seguimiento causado por saturación.",23099db9f48ec4fb98e515775b0c3954f031fae0128d7ee7335fce1a8222c5a2,miden tiempo error y trabajo Esta división permite distinguir el bloqueo durante,fc760574cfeb770d92e904d2dc5381f7e19a41befed7d5545996361958378c54,False
pre-thesis/sections/source-snapshot/mainmatter/06-results-and-analysis/sp4.tex:8:p002,6. Resultados y análisis,Etapa 2.1: acoplamiento y transporte cooperativo entre poses,pre-thesis/sections/source-snapshot/mainmatter/06-results-and-analysis/sp4.tex,8,8,44,2,"El primer estrato integra uniciclos dinámicos con límites de par y el segundo usa una carga planar con contactos fijos. La campaña aporta evidencia para cada fase por separado, no para su composición extremo a extremo, y prescinde de una simulación física del contacto.",7334d5999109d2e0f0a30c288f8273a960c0bae44642c0a4586871753c51c1c0,primer estrato integra uniciclos dinámicos con límites de par y el segundo,55e69a7cc77eef30174a63aaae76ceb3969b753e7437f5148d8c174d275fe113,False
pre-thesis/sections/source-snapshot/mainmatter/06-results-and-analysis/sp4.tex:12:p003,6. Resultados y análisis,Aproximación y transporte,pre-thesis/sections/source-snapshot/mainmatter/06-results-and-analysis/sp4.tex,12,12,27,1,"La interfaz entre estratos entrega una coalición acoplada, sus puestos fijos y los límites de esfuerzo; con esos datos comienza el seguimiento de representado en la Figura .",1a28c609ac3d6c225a6b3b4a7e3512a45ccfa715c26f3397a5ab17ee99f0f4fe,esfuerzo con esos datos comienza el seguimiento de representado en la Figura,5a00a4b00f773acd178186099270ad2eb67bd0f6dbfcb6d85ee38b6f9d1dbfc9,False
pre-thesis/sections/source-snapshot/mainmatter/06-results-and-analysis/sp4.tex:56:p004,6. Resultados y análisis,Problema formal de referencia,pre-thesis/sections/source-snapshot/mainmatter/06-results-and-analysis/sp4.tex,56,56,36,1,"Sea la pose real de la carga, su error en metros y radianes, la aceleración lineal/angular del robot y la decisión híbrida de puesto y admisión. Con matrices de normalización y , la referencia central es",4c0c2c4c152a6c223d26c65666755ced8632f9a548d7140ba81ff58bf54170dd,su error en metros y radianes la aceleración lineal angular del robot,b8e922cb89104898e140cfa28fc49b0b74df6e58b7f7165ef5138dfef627bfd2,False
pre-thesis/sections/source-snapshot/mainmatter/06-results-and-analysis/sp4.tex:74:p005,6. Resultados y análisis,Problema formal de referencia,pre-thesis/sections/source-snapshot/mainmatter/06-results-and-analysis/sp4.tex,74,74,44,2,"La ecuación define la referencia híbrida global; no se establece aquí una reducción que permita clasificar su complejidad. El método ejecutado descompone esa referencia en decisiones de admisión y cierre, una guardia de seguridad, el acoplamiento y el control de pose con wrench acotado.",c221fb9949f85803500f5eef69c0403b81697bb4179ba90ee58d2e6916e01483,reducción que permita clasificar su complejidad El método ejecutado descompone esa referencia,2c63aa1cd9b4c1ff46712514e023dc4a00e0c13aa78dfb8584ef5d39bdee58c4,True
pre-thesis/sections/source-snapshot/mainmatter/06-results-and-analysis/sp4.tex:78:p006,6. Resultados y análisis,Métodos de comparación,pre-thesis/sections/source-snapshot/mainmatter/06-results-and-analysis/sp4.tex,78,78,57,3,"La fase de acoplamiento contrasta la coordinación del juego con control directo/CBF y planificación central; para el transporte, PD y Hamiltoniano comparan rapidez y trabajo en el reparto de wrench. SCP es la referencia global de formulación . En la Tabla , es el grado, el número de obstáculos, las iteraciones y el coste del reparto entre contactos.",f7f1dea79ed9a0c013c5b5b8aab941c7faaecb84056dcd42e04e0ec68bafda4d,planificación central para el transporte PD y Hamiltoniano comparan rapidez y trabajo,c7a938ea37a797af667a0bdc99011ea5fa34f39e413ebc1ad218a455f63a8c89,False
pre-thesis/sections/source-snapshot/mainmatter/06-results-and-analysis/sp4.tex:103:p007,6. Resultados y análisis,Juego de vivacidad,pre-thesis/sections/source-snapshot/mainmatter/06-results-and-analysis/sp4.tex,103,103,24,3,"En cada instantánea, mezcla avanzar, ceder y esperar en . Cada conflicto es un recurso unitario , con ocupación e . combina progreso, prioridad y espera. Para",431b19485181524847675409371675d58be01ad419cf9a937bf2be94dc7ca7fc,mezcla avanzar ceder y esperar en Cada conflicto es un recurso unitario,ca6fcc5ba89925163f1c8c9c23899667bf6df3d659d6a0abb53ffff5b12899a5,False
pre-thesis/sections/source-snapshot/mainmatter/06-results-and-analysis/sp4.tex:121:p008,6. Resultados y análisis,Juego de vivacidad,pre-thesis/sections/source-snapshot/mainmatter/06-results-and-analysis/sp4.tex,121,121,32,3,"con y precios . El pago es una utilidad marginal adimensional, distinta de una fuerza o velocidad. Cada robot requiere su coste, los conflictos con y los precios de los recursos que comparte.",bf70d8cd5eb43c76507bef6d7f2504e3e5ad4eaab28ba84f45a13bfdeb0a1d74,utilidad marginal adimensional distinta de una fuerza o velocidad Cada robot requiere,e1581e333b62ae2a607b89eaf691940295e7b772221ca1021c72d293909bbdd0,False
pre-thesis/sections/source-snapshot/mainmatter/06-results-and-analysis/sp4.tex:123:p009,6. Resultados y análisis,Juego de vivacidad,pre-thesis/sections/source-snapshot/mainmatter/06-results-and-analysis/sp4.tex,123,130,99,5,"juego de vivacidad con recursos de conflicto demostrado para la instantánea continua con costes y conflictos congelados. [Potencial exacto y equilibrio variacional de E4] Para costes y conflictos congelados, , simplex no vacíos y restricciones lineales , los costes individuales de definen un juego continuo de potencial exacto . La convexidad fuerte y la condición de Slater hacen coincidir su minimizador, los KKT del problema compartido y el equilibrio variacional de la relajación. La proposición caracteriza una instantánea continua con costes y grafo congelados. El decodificador y la ejecución muestreada se evalúan empíricamente; la identidad de potencial se demuestra en el Anexo .",c4ef286ba7f73f3b2b831ff80139b98b30c0e99d5252ce8fbba5e217f08f0bbd,equilibrio variacional de E4 Para costes y conflictos congelados simplex no vacíos,9e4b6f9a67006d022077592fadf2e4fc329c6c2b0f094a89427312ac95c209bd,False
pre-thesis/sections/source-snapshot/mainmatter/06-results-and-analysis/sp4.tex:139:p010,6. Resultados y análisis,Juego de vivacidad,pre-thesis/sections/source-snapshot/mainmatter/06-results-and-analysis/sp4.tex,139,139,38,3,"La iteración de va seguida por cierre par a par. Replicator emplea una actualización multiplicativa. Las comprobaciones numéricas confirmaron pertenencia al simplex, respeto de capacidad y correspondencia del gradiente; la convergencia uniforme bajo horizonte recedente no se evaluó.",92118c293ff9e3bac586b65846de070fcc002df45edc4aab3cacc5faef0f4c9f,emplea una actualización multiplicativa Las comprobaciones numéricas confirmaron pertenencia al simplex respeto,9510cea842519577bf6599d9615d4b5f1048ae6da36ba21413cac2f6692749a3,False
pre-thesis/sections/source-snapshot/mainmatter/06-results-and-analysis/sp4.tex:149:p011,6. Resultados y análisis,Modelos de acoplamiento y transporte,pre-thesis/sections/source-snapshot/mainmatter/06-results-and-analysis/sp4.tex,149,149,40,2,"La salida de se regula hacia cero. A partir de la pose y velocidad propias, el objetivo y los conflictos vecinales, cada robot selecciona una acción con el juego y proyecta la aceleración mediante la guardia. El estado evoluciona como",41f15bab25308713b1d8ed27e00427f1b34d077289f6196a236221ce24341aa4,propias el objetivo y los conflictos vecinales cada robot selecciona una acción,18b9b0bcf00447268d9fc40867122b80fcfb3469aeb01135344002cf48dcfc65,True
pre-thesis/sections/source-snapshot/mainmatter/06-results-and-analysis/sp4.tex:158:p012,6. Resultados y análisis,Modelos de acoplamiento y transporte,pre-thesis/sections/source-snapshot/mainmatter/06-results-and-analysis/sp4.tex,158,158,30,2,"y se proyecta sobre el conjunto de actuación limitada de . El estudio complementario usó s, orientación integrada a punto medio y comprobación de la barrera con la aceleración finalmente realizable.",9ea0e6175c33ab27cb0db929025505e5e7a31762408f807e7243802de2edcb5c,actuación limitada de El estudio complementario usó s orientación integrada a punto,923185e3a7d4a38440e5f39c173975186c17e97d048c9f1261d8992100a4ed9e,False
pre-thesis/sections/source-snapshot/mainmatter/06-results-and-analysis/sp4.tex:169:p013,6. Resultados y análisis,Modelos de acoplamiento y transporte,pre-thesis/sections/source-snapshot/mainmatter/06-results-and-analysis/sp4.tex,169,169,27,1,"El piloto recibe la pose simulada y calcula centralmente el agregado de transporte; no ejecuta el estimador vecinal , aun cuando la selección de contactos proceda del juego.",9f211603dd59925defc453a47bb52f0614bd16b22f295ca5e173ed2d4cdbbf6d,calcula centralmente el agregado de transporte no ejecuta el estimador vecinal aun,fdef10d1933a144e0efb8b594765233d2199db00c75e9ef26b6fc90631d48914,False
pre-thesis/sections/source-snapshot/mainmatter/06-results-and-analysis/sp4.tex:173:p014,6. Resultados y análisis,Modelos de acoplamiento y transporte,pre-thesis/sections/source-snapshot/mainmatter/06-results-and-analysis/sp4.tex,173,182,88,5,"servorregulación de pose mediante wrench acotado demostrado para contactos bilaterales fijos y realización exacta del wrench nominal. [Disipación y estabilidad local de la pose] Supónganse constante, , , , objetivo fijo, contactos fijos y error angular dentro de una carta de . Con , si entonces y el equilibrio de pose es localmente asintóticamente estable. Si , incorpora el término y satisface una cota de disipación dependiente de , con la escala declarada en el Anexo . El resultado supone contactos bilaterales fijos y realización exacta del wrench nominal; su demostración se presenta en el Anexo .",f86877f54ed91fe072c2b72fcb99e04019b73d688559f5c507633b0c61d23433,pose Supónganse constante objetivo fijo contactos fijos y error angular dentro de,e2bff927732533c8fb31dbeed6e6dca136741eba1555884c34c829fbb6d8e033,False
pre-thesis/sections/source-snapshot/mainmatter/06-results-and-analysis/sp4.tex:186:p015,6. Resultados y análisis,Diseño experimental,pre-thesis/sections/source-snapshot/mainmatter/06-results-and-analysis/sp4.tex,186,186,40,3,"La Tabla define cada unidad experimental como un mundo pareado por método. El acoplamiento reúne mundos y ejecuciones; el transporte aporta mundos por método. El endpoint principal del primer estrato es el éxito seguro y, en el segundo, la entrega.",a845a9dbd126f6e4b6e1c529964f8c275278f555b3902175de5610a2d99a0900,unidad experimental como un mundo pareado por método El acoplamiento reúne mundos,553b80f4a24a7b383cc335adfa4ff843a7e67e699f298e33b1cd34d2a7132187,False
pre-thesis/sections/source-snapshot/mainmatter/06-results-and-analysis/sp4.tex:208:p016,6. Resultados y análisis,Resultados,pre-thesis/sections/source-snapshot/mainmatter/06-results-and-analysis/sp4.tex,208,208,54,3,"La proyección CBF evitó colisiones, pero alcanzó éxito seguro y agotó el horizonte en de los casos. Replicator+CBF elevó el éxito seguro a , redujo el agotamiento a y produjo una diferencia de éxito de (IC del 95\,% [, ], ). La tasa de timeout identifica el fallo de vivacidad aun cuando se satisface la barrera (Tabla ).",de7b94862e786b9213874fb7e1769a90065abf32f516196b55df8d78f222bc56,proyección CBF evitó colisiones pero alcanzó éxito seguro y agotó el horizonte,7338fc6646755f40407c424c82e5ff46808ca02a629eeaa8c38812a36b36a03a,False
pre-thesis/sections/source-snapshot/mainmatter/06-results-and-analysis/sp4.tex:217:p017,6. Resultados y análisis,Resultados,pre-thesis/sections/source-snapshot/mainmatter/06-results-and-analysis/sp4.tex,217,217,52,3,"Replicator+CBF combina el mayor éxito seguro con el mayor residual KKT de la tabla ( ). Este contraste indica que el residual del problema congelado no funciona como proxy de vivacidad. Las trazas son compatibles con que la actualización multiplicativa evite algunos estancamientos de PD, pero el diseño no identifica ese mecanismo causal.",cd12512f627e6661b1cde0e6ef00d200994e04a00d343ea69264d9751d93a696,actualización multiplicativa evite algunos estancamientos de PD pero el diseño no identifica,7d0fc08293166579c2b9e9be764bf6f6bc3cb8cb7fbe5f07caabbb1d4b764a1d,False
pre-thesis/sections/source-snapshot/mainmatter/06-results-and-analysis/sp4.tex:220:p018,6. Resultados y análisis,Resultados,pre-thesis/sections/source-snapshot/mainmatter/06-results-and-analysis/sp4.tex,220,220,49,3,"En los mundos del estudio complementario, PD y Replicator con coordinación alcanzaron éxito seguro , frente a del planificador central y del control directo. No hubo violaciones de barrera en la acción aplicada ni saturaciones de par. El conjunto es demasiado pequeño para someter los actuadores a su régimen límite.",8d4b5f5be2b4a8677183c287eaf3735cd244e56e23316d20bed0e0cdac977cc6,aplicada ni saturaciones de par El conjunto es demasiado pequeño para someter,b15bbc257a35bbfeafea8adacf75ff8458182080a7a66f3c63fa6a0f7d08ea11,False
pre-thesis/sections/source-snapshot/mainmatter/06-results-and-analysis/sp4.tex:222:p019,6. Resultados y análisis,Resultados,pre-thesis/sections/source-snapshot/mainmatter/06-results-and-analysis/sp4.tex,222,222,48,4,"Los cuatro controles entregaron en 18 mundos. PD redujo el tiempo de a s, mientras Hamiltoniano redujo el trabajo de a J. Para el contraste Hamiltoniano menos PD, las diferencias pareadas fueron s (IC del 95\,% ) y J (IC del 95\,% ). La referencia empleó s y J (Tabla ).",016a54ce57851082d03a2da4073c54bb1e7fed0ba40717b74db368ee8848d38f,contraste Hamiltoniano menos PD las diferencias pareadas fueron s IC del 95,bc95cc16badda484df26485f792987289be66deb36b389f0ef22b6d6828d6633,False
pre-thesis/sections/source-snapshot/mainmatter/06-results-and-analysis/sp4.tex:232:p020,6. Resultados y análisis,Resultados,pre-thesis/sections/source-snapshot/mainmatter/06-results-and-analysis/sp4.tex,232,232,42,2,"Esta campaña carece de una ejecución extremo a extremo: el estrato de acoplamiento no mueve la carga y el de transporte comienza ya acoplado. La evaluación integrada corresponde al demostrador Cargo, que usa pose exacta, rigidez impuesta y reglas propias de recuperación.",10d96bc8ae6e84b397c317bed534ead4115994086d691edc6713936e4856e6ff,evaluación integrada corresponde al demostrador Cargo que usa pose exacta rigidez impuesta,2e37a55a810498173f412c479f4825a5d48a2af77c0773b144cc2ca02fb9bd43,True
pre-thesis/sections/source-snapshot/mainmatter/06-results-and-analysis/sp4.tex:236:p021,6. Resultados y análisis,Síntesis,pre-thesis/sections/source-snapshot/mainmatter/06-results-and-analysis/sp4.tex,236,236,58,3,"Para una instantánea congelada, el juego posee un potencial exacto fuertemente convexo; con contactos fijos y realización exacta del wrench, el servolazo estabiliza localmente la pose. El fallo dominante apareció antes del transporte: la proyección CBF sin coordinación agotó el horizonte en de los casos. En los mundos entregados, PD redujo el tiempo y Hamiltoniano redujo el trabajo.",66b4a9da8ce7f4aef7ecbda7f18069ec971567095bcf6c5a470f3625dac673d9,fallo dominante apareció antes del transporte la proyección CBF sin coordinación agotó,47a4061e7580438f6996b079668e5fddf025597e5ad2f1f071a5987b5827906b,True
pre-thesis/sections/source-snapshot/mainmatter/06-results-and-analysis/sp6.tex:4:p001,6. Resultados y análisis,Etapa 2.3: re-reclutamiento y sustitución tras un fallo,pre-thesis/sections/source-snapshot/mainmatter/06-results-and-analysis/sp6.tex,4,4,59,3,"Cuando falla un miembro, la coalición puede perder el certificado de soporte, fuerza o torque aun con la carga detenida. E6 publica ese déficit y permite que las reservas revisen su participación antes de reanudar la misión. La campaña considera una carga y un fallo; el reemplazo viaja a velocidad acotada hacia un contacto prefijado en una trayectoria libre.",9c41d2838b40d4edf7b770ae9c283d3c5b052e4a5ce0a44822cfb48a8411c8d2,carga detenida E6 publica ese déficit y permite que las reservas revisen,53c4d6824545f17ff67be940d2274d1b734f35ea93dbe76bc28244d7435cde43,False
pre-thesis/sections/source-snapshot/mainmatter/06-results-and-analysis/sp6.tex:8:p002,6. Resultados y análisis,Fallo y reserva,pre-thesis/sections/source-snapshot/mainmatter/06-results-and-analysis/sp6.tex,8,8,26,1,"El reemplazo solo se moviliza después de que las revisiones locales reduzcan a cero, y la guardia vuelve a comprobar el certificado antes del arribo (Figura ).",406ddc17c3aaf11ceaf8770e1ef9fbe02631393be3bdfc31a0b71a5e52e48f8c,solo se moviliza después de que las revisiones locales reduzcan a cero,636a33dea9ce91e6f91b40e1b297127e2779892efdc26b01058aaca2c1237a41,False
pre-thesis/sections/source-snapshot/mainmatter/06-results-and-analysis/sp6.tex:62:p003,6. Resultados y análisis,Problema de optimización de referencia,pre-thesis/sections/source-snapshot/mainmatter/06-results-and-analysis/sp6.tex,62,62,26,3,"Sea la reserva, , los recursos, el déficit y la contribución normalizada. Sus tres componentes son soporte, fuerza y torque. recluta y agrega desplazamiento y cambio adimensionales.",31201a74c0f6ce8ea2dae0a2a15ffc9a1c59d3f8d0868b0c45c0e69754964783,Sus tres componentes son soporte fuerza y torque recluta y agrega desplazamiento,14ca17bb5f77f786e40f0767a68d31f5852c3c22d094dc791ba7b19c1ac3a3a2,True
pre-thesis/sections/source-snapshot/mainmatter/06-results-and-analysis/sp6.tex:73:p004,6. Resultados y análisis,Problema de optimización de referencia,pre-thesis/sections/source-snapshot/mainmatter/06-results-and-analysis/sp6.tex,73,73,21,1,La enumeración de los perfiles certifica el coste mínimo postfallo con información global y fija el techo para los métodos locales.,88623dca693ef061ec112baf25e709cbbcd1b41256ff28b8d729bff4e3e61b0a,enumeración de los perfiles certifica el coste mínimo postfallo con información global,2889e0eb167fbb4df26a08a323cde2c4955b8b9abb13fde85deb49a4ed060014,True
pre-thesis/sections/source-snapshot/mainmatter/06-results-and-analysis/sp6.tex:77:p005,6. Resultados y análisis,Métodos de comparación,pre-thesis/sections/source-snapshot/mainmatter/06-results-and-analysis/sp6.tex,77,77,42,2,"ALLIANCE aporta el antecedente de activación alternativa ; las subastas dinámicas, ACBBA y CBBA-PR motivan la revisión asíncrona tras eventos . Como esas fuentes no incorporan el certificado de wrench usado aquí, la Tabla distingue el mecanismo de reasignación de la guardia física.",b631fd64fa32f0b13eb9ee3327bba4aef0a1aaf81f307bdfb1a26a3380da0432,subastas dinámicas ACBBA y CBBA PR motivan la revisión asíncrona tras eventos,92178f5f3bed4193cd445cb742f5eb42a72852e3add8fe3f36789add3938d395,False
pre-thesis/sections/source-snapshot/mainmatter/06-results-and-analysis/sp6.tex:120:p006,6. Resultados y análisis,Juego de reparación,pre-thesis/sections/source-snapshot/mainmatter/06-results-and-analysis/sp6.tex,120,123,39,2,"[potencial exacto y terminación] El juego definido por es un juego de potencial exacto con potencial . Existe al menos un Nash puro y todo camino maximal de mejoras estrictas termina en un Nash después de, como máximo, cambios aceptados.",60e946ee2db331100aa8ae6d5d9799a9bc4a49585d097e3e840652026220b7a9,menos un Nash puro y todo camino maximal de mejoras estrictas termina,6123e1a95ca4fffe36579085f2467c0bba3e0173b8e82ba0e7cce5ca4fff4040,False
pre-thesis/sections/source-snapshot/mainmatter/06-results-and-analysis/sp6.tex:125:p007,6. Resultados y análisis,Juego de reparación,pre-thesis/sections/source-snapshot/mainmatter/06-results-and-analysis/sp6.tex,125,127,31,2,es Nash si ningún robot libre satisface y ningún miembro ahorra al salir más que el déficit inducido. Estas dos condiciones caracterizan todos los equilibrios; la derivación aparece en el Anexo .,d9a05f5d189a2711af320b841d109f3a22df0e2ef70fdae96e6684a7c0fef32b,déficit inducido Estas dos condiciones caracterizan todos los equilibrios la derivación aparece,ffd46eece0abaaa0d631820e1bb3cef8f66af807a0b87203fbeb30b789794e2f,False
pre-thesis/sections/source-snapshot/mainmatter/06-results-and-analysis/sp6.tex:138:p008,6. Resultados y análisis,Juego de reparación,pre-thesis/sections/source-snapshot/mainmatter/06-results-and-analysis/sp6.tex,138,140,37,2,"[caracterización exacta de los Nash] Supónganse capacidades no negativas, , costes para todo y un déficit postfallo no trivial . Si la reserva completa cubre , entonces . Si , los Nash puros coinciden exactamente con las coaliciones factibles mínimas por inclusión",d4f4f80c1fd139c7978f2d1891c8d3604d501dea60c383380b440f9610a67cb8,cubre entonces Si los Nash puros coinciden exactamente con las coaliciones factibles,59a474da369fe17601cfa1ebf6b6d890b8b53b8c595f6ca194788d29bcf1b6a4,False
pre-thesis/sections/source-snapshot/mainmatter/06-results-and-analysis/sp6.tex:148:p009,6. Resultados y análisis,Juego de reparación,pre-thesis/sections/source-snapshot/mainmatter/06-results-and-analysis/sp6.tex,148,148,39,2,"La demostración considera las dos desviaciones unilaterales: ingresar reduce un déficit y salir de una coalición mínima crea al menos . Con el umbral indicado, la penalización domina el ahorro de salida y un ingreso redundante aumenta el coste (Anexo ).",8a5cab6261dba6b551ac1125cb076c622b71254b9013c1be686454ae696fe7e3,demostración considera las dos desviaciones unilaterales ingresar reduce un déficit y salir,a5b93740af25ee1ac834566de17f71de8236f83e44d0e53b25946fd7ae944c1d,False
pre-thesis/sections/source-snapshot/mainmatter/06-results-and-analysis/sp6.tex:150:p010,6. Resultados y análisis,Juego de reparación,pre-thesis/sections/source-snapshot/mainmatter/06-results-and-analysis/sp6.tex,150,150,26,1,"Como los costes son positivos, toda reparación factible de coste mínimo es mínima por inclusión y, por el Teorema , es Nash. De esta inclusión se sigue",172219058ead4dd338073b1e2357796a65a6ef601f0b1d4f3858f10e5ccbe339,son positivos toda reparación factible de coste mínimo es mínima por inclusión,a43e0de542a3ac61555d01f1040830cfbd82fd0eb58ca569e21df19855cc6cf8,False
pre-thesis/sections/source-snapshot/mainmatter/06-results-and-analysis/sp6.tex:155:p011,6. Resultados y análisis,Juego de reparación,pre-thesis/sections/source-snapshot/mainmatter/06-results-and-analysis/sp6.tex,155,155,20,1,El conjunto de Nash contiene un óptimo social; la trayectoria de mejoras puede terminar en cualquier reparación mínima por inclusión.,415a46dad971e51f1b1508f6b63079fdcf93867a88090440ddf7a3a6ef5fcb1d,óptimo social la trayectoria de mejoras puede terminar en cualquier reparación mínima,6dd59bafba80e48357272ad21b58504b1788b62152d6c32f6194ad8ca8472836,False
pre-thesis/sections/source-snapshot/mainmatter/06-results-and-analysis/sp6.tex:157:p012,6. Resultados y análisis,Juego de reparación,pre-thesis/sections/source-snapshot/mainmatter/06-results-and-analysis/sp6.tex,157,160,38,1,"[ineficiencia no acotada del peor Nash] No existe una cota uniforme, independiente de la instancia y de , para el cociente entre el coste del peor Nash factible y el oráculo , incluso con un solo recurso y tres robots.",0cefc8b158f9ffdedf91d0ed695660af2ab1d6f65e82f2e3abb14db5b72db99b,ineficiencia no acotada del peor Nash No existe una cota uniforme independiente,4340e971bfd82c404a55e7d410381d7d684d43aee2977543ac4de0abf14ffa7e,True
pre-thesis/sections/source-snapshot/mainmatter/06-results-and-analysis/sp6.tex:162:p013,6. Resultados y análisis,Juego de reparación,pre-thesis/sections/source-snapshot/mainmatter/06-results-and-analysis/sp6.tex,162,162,30,2,"La construcción del Anexo usa un soporte de coste y dos complementarios de coste total dos. Ambos son Nash y el cociente diverge, de donde aunque exista un equilibrio óptimo.",425f432f9717458fc34c28972b13bb98d9ea24d2540dd861761e1057bb6877c6,complementarios de coste total dos Ambos son Nash y el cociente diverge,111901131a763c7c832fc35481039498a69f4ba97fe2d126ad6e26282056d137,True
pre-thesis/sections/source-snapshot/mainmatter/06-results-and-analysis/sp6.tex:164:p014,6. Resultados y análisis,Juego de reparación,pre-thesis/sections/source-snapshot/mainmatter/06-results-and-analysis/sp6.tex,164,167,59,4,"equilibrio de recuperación sujeto a certificado demostrado para el juego binario con déficit y costes congelados. La utilidad enlaza el déficit físico con la decisión de cada reserva. El umbral del Teorema excluye equilibrios deficitarios y los costes positivos excluyen miembros redundantes. Estas condiciones no controlan el coste del peor equilibrio, que puede crecer sin cota frente al oráculo.",0d81b2356cdac3af63f70ac818afe1a2c6cdb16758d905ca3ea89f9b774b51d1,Teorema excluye equilibrios deficitarios y los costes positivos excluyen miembros redundantes Estas,6a3b01f1fd6452d998b0739ee8325fa911da5c4f3bb0b886b4789641ce3d8ed7,False
pre-thesis/sections/source-snapshot/mainmatter/06-results-and-analysis/sp6.tex:171:p015,6. Resultados y análisis,Movimiento del reemplazo,pre-thesis/sections/source-snapshot/mainmatter/06-results-and-analysis/sp6.tex,171,171,78,4,"Una decisión guardada no reanuda instantáneamente el transporte. Para el reemplazo , sean la distancia al contacto, una velocidad garantizada y el asentamiento. Sea una cota desde el fallo hasta su detección y una cota para cada ventana agregada posterior: desde la detección o el último cambio aceptado hasta el siguiente cambio aceptado, o hasta la certificación terminal; la ventana incluye todas las activaciones que no cambian el perfil. Esta hipótesis cuantitativa es más fuerte que la sola justicia.",880a69f58119b567eb50028c9a1bed27c62dbf5d6074b46895c20da8bd6fb496,ventana agregada posterior desde la detección o el último cambio aceptado hasta,bacf8b30856f05ef83a403014f57d1c54efceb268dfe9cef8706d64fdf4739a0,False
pre-thesis/sections/source-snapshot/mainmatter/06-results-and-analysis/sp6.tex:173:p016,6. Resultados y análisis,Movimiento del reemplazo,pre-thesis/sections/source-snapshot/mainmatter/06-results-and-analysis/sp6.tex,173,175,37,1,"[cota temporal de reparación] Bajo los supuestos de los Teoremas -- , una política que prolonga un camino maximal y acota por cada ventana agregada entre cambios aceptados o certificación, con trayectorias de reemplazo libres y velocidades inferiores positivas",9197f25c1b5cef1547044482d95495f21b40bc25ad6b881c2d8f8a9b60a7c147,aceptados o certificación con trayectorias de reemplazo libres y velocidades inferiores positivas,289b3bdce05b971e31a40264fc1804aa0173812208c16d7cfca67805942e9333,True
pre-thesis/sections/source-snapshot/mainmatter/06-results-and-analysis/sp6.tex:182:p017,6. Resultados y análisis,Movimiento del reemplazo,pre-thesis/sections/source-snapshot/mainmatter/06-results-and-analysis/sp6.tex,182,183,22,1,"Si el lado derecho no supera el tiempo seguro remanente , el certificado puede restaurarse antes del plazo bajo este modelo de arribo.",2da91a78cc830747d4e30be6ce788a45898f1ac60934741bd78bfed453a34525,lado derecho no supera el tiempo seguro remanente el certificado puede restaurarse,eda81fddd2e13f9cef29d72f1bbef53d889c49cde28ef0c5f0982e7a89df989e,False
pre-thesis/sections/source-snapshot/mainmatter/06-results-and-analysis/sp6.tex:185:p018,6. Resultados y análisis,Movimiento del reemplazo,pre-thesis/sections/source-snapshot/mainmatter/06-results-and-analysis/sp6.tex,185,185,33,2,"El término aproxima el viaje por un segmento libre y omite el giro y la evitación; representa el asentamiento por separado. La campaña evalúa cierre, restauración del certificado y puntualidad hasta el contacto.",fd7d4e83b31d75ae46c9dd5e0f4348a87410c4e0e52004ac50c58229920031eb,término aproxima el viaje por un segmento libre y omite el giro,0e98871dee7775dbfd8a0d64637d5464a61be0c7a5bd9bc66b3d5aa935518b8f,True
pre-thesis/sections/source-snapshot/mainmatter/06-results-and-analysis/sp6.tex:189:p019,6. Resultados y análisis,Diseño experimental,pre-thesis/sections/source-snapshot/mainmatter/06-results-and-analysis/sp6.tex,189,190,26,2,"La Tabla resume mundos pareados y ejecuciones. De ellos, disponen de reserva suficiente y carecen de un recurso; el endpoint principal es la restauración del certificado.",b1f56f1f48d8c5b0c900f64d8f09113a6b31410a985475d44e2df6a8c560098f,Tabla resume mundos pareados y ejecuciones De ellos disponen de reserva suficiente,3243195c24294b4dd456a0cf12446cfa9fbbc78882ebdd1b3c218b95829f18c9,True
pre-thesis/sections/source-snapshot/mainmatter/06-results-and-analysis/sp6.tex:212:p020,6. Resultados y análisis,Resultados,pre-thesis/sections/source-snapshot/mainmatter/06-results-and-analysis/sp6.tex,212,212,27,1,"En los 480 mundos, todo método que intenta reparar alcanza una tasa de certificado de , pues una cuarta parte de las instancias es imposible por construcción (Tabla ).",2b75913516ff0798fe397b86626e845485b5e8d1427230bc265e6c3dea3e327a,480 mundos todo método que intenta reparar alcanza una tasa de certificado,937ed0dbb1e7ba6a947faa4ffd886edb66cab400aecaf83d9aef91f97ff3d4a1,False
pre-thesis/sections/source-snapshot/mainmatter/06-results-and-analysis/sp6.tex:223:p021,6. Resultados y análisis,Resultados,pre-thesis/sections/source-snapshot/mainmatter/06-results-and-analysis/sp6.tex,223,223,50,3,"Condicionado a factibilidad física, el juego restaura el certificado en de los mundos y no reabre ninguno de reserva insuficiente. Frente a no reparar, el efecto no condicionado es con IC del 95\,% y . En la enumeración, todos los Nash fueron factibles y mínimos por inclusión, como predicen los teoremas.",9964de0b8134066b5a1e48b5465dd0f3eee8d84fb7848d10efe3fd8fd50f668c,enumeración todos los Nash fueron factibles y mínimos por inclusión como predicen,3410b6b45f20a5f5474bade9fddf70c03d6f19b4a25f46d000cef996b59c54b6,True
pre-thesis/sections/source-snapshot/mainmatter/06-results-and-analysis/sp6.tex:225:p022,6. Resultados y análisis,Resultados,pre-thesis/sections/source-snapshot/mainmatter/06-results-and-analysis/sp6.tex,225,225,49,3,"El juego eliminó miembros unilateralmente redundantes, a diferencia del voraz, con efecto medio y . La reparación mínima por inclusión presentó una brecha media de movilización frente al oráculo y contabilizó mensajes por mundo, entre el voraz y la subasta marginal. La diferencia absoluta de coste frente al oráculo fue ( ).",e099212ffd72a8b4328c0c9592c7b5740b4800cd4754b4c0c962c89c0a6ee3b7,juego eliminó miembros unilateralmente redundantes a diferencia del voraz con efecto medio,4fc1f7025e4c3bcc039da72a6a9f66b36a0e4eba4ea2085e7abcc63688618462,False
pre-thesis/sections/source-snapshot/mainmatter/06-results-and-analysis/sp6.tex:227:p023,6. Resultados y análisis,Resultados,pre-thesis/sections/source-snapshot/mainmatter/06-results-and-analysis/sp6.tex,227,227,49,2,"En los escenarios recuperables sin plazo estrecho, todos los métodos activos restauraron el certificado y llegaron a tiempo. Al estrechar el plazo, el éxito temporal del juego cayó a frente a del voraz; la distancia de la reserva domina una decisión estratégicamente factible cuando el tiempo físico resulta insuficiente.",717722e37e3d474da9fd120e395a9c56c8c22356e8ed0113dee65b2db57b01c9,escenarios recuperables sin plazo estrecho todos los métodos activos restauraron el certificado,1afde20087f390d1478b31b2431c227290a7a5bcb66675447f06f5b03fa7b266,True
pre-thesis/sections/source-snapshot/mainmatter/06-results-and-analysis/sp6.tex:230:p024,6. Resultados y análisis,Resultados,pre-thesis/sections/source-snapshot/mainmatter/06-results-and-analysis/sp6.tex,230,230,26,1,"No se definió una función que combinara coste, puntualidad y comunicación; el juego priorizó restauración sin redundancia y pagó una brecha de movilización frente al oráculo.",551e76ec2cc1dc88451327712b8b00aaf18724379fa53763caa39096a2973f6d,que combinara coste puntualidad y comunicación el juego priorizó restauración sin redundancia,d0686958f794e156ad28d5f9b0354d941d142cec28c4210b22e4955c2230389c,False
pre-thesis/sections/source-snapshot/mainmatter/06-results-and-analysis/sp6.tex:232:p025,6. Resultados y análisis,Resultados,pre-thesis/sections/source-snapshot/mainmatter/06-results-and-analysis/sp6.tex,232,232,40,2,La validez depende sobre todo del certificado aditivo y de la calibración exponencial de fuera de línea. Un QP geométrico y una trayectoria con obstáculos podrían cambiar tanto la coalición elegida como la puntualidad; los fallos múltiples no se ensayaron.,aee1bfa0e2d12aaf0ca066e2aa1b273b0b48f222e9aefb9bd74a5f30e5166b1b,podrían cambiar tanto la coalición elegida como la puntualidad los fallos múltiples,923bab3dd122bc9e202bec6a9cdffc41e9055c69416384eb404a949b7209d4a4,False
pre-thesis/sections/source-snapshot/mainmatter/06-results-and-analysis/sp6.tex:236:p026,6. Resultados y análisis,Síntesis,pre-thesis/sections/source-snapshot/mainmatter/06-results-and-analysis/sp6.tex,236,236,55,3,"Con reserva suficiente y una penalización por encima del umbral, los Nash puros coinciden con reparaciones factibles mínimas por inclusión y la mejor respuesta termina en un número finito de cambios. Las 480 instancias respetaron esa caracterización. El plazo estrecho reveló la limitación operativa: restaurar el certificado produjo éxito temporal , por debajo de del voraz.",368cf13db395cf4bcee1c3b655040e017b04f61c3732c4131b4f57a879f58576,480 instancias respetaron esa caracterización El plazo estrecho reveló la limitación operativa,1f3bf67dfd5489ab084bbd51c5c3464a32e535b035815d708bbbed5613428602,True
pre-thesis/sections/source-snapshot/mainmatter/06-results-and-analysis/sp6.tex:238:p027,6. Resultados y análisis,Síntesis,pre-thesis/sections/source-snapshot/mainmatter/06-results-and-analysis/sp6.tex,238,238,25,2,"garantiza que existe un Nash óptimo, pero permite equilibrios arbitrariamente caros. E7 toma las coaliciones restauradas como agentes compuestos y evalúa sus conflictos de ruta.",3795797cbeb97eac586a04857ea3b55f17c8150246149352998dee233be8b0a8,permite equilibrios arbitrariamente caros E7 toma las coaliciones restauradas como agentes compuestos,f01d2455ebaffedc55fa0934902632f3721ff4ffd88633a06d861ed85db279b9,False
pre-thesis/sections/source-snapshot/mainmatter/06-results-and-analysis/cargo-e2e.tex:6:p001,6. Resultados y análisis,Etapa 2.4: demostrador híbrido de la cadena Cargo,pre-thesis/sections/source-snapshot/mainmatter/06-results-and-analysis/cargo-e2e.tex,6,6,60,3,"El demostrador ejecuta reclutamiento, acoplamiento, transporte y recuperación sobre una misma planta planar. Su selección mediante líder, su criterio agregado y su reemplazo voraz difieren de los mecanismos evaluados en las etapas históricas sp2, sp3 y sp6. La campaña evalúa la compatibilidad funcional de esta arquitectura híbrida; las garantías parciales de SP1 y SP2 no se componen automáticamente en ella.",c2eebdf210b63558df94a81bee0f009c2d1f921853555c270353dab19154cd41,etapas históricas sp2 sp3 y sp6 La campaña evalúa la compatibilidad funcional,44b9cbf80b5a8eedc96ed7005869763dfc2fa749f26e18d6f5a7c9f9f950cff0,True
pre-thesis/sections/source-snapshot/mainmatter/06-results-and-analysis/cargo-e2e.tex:10:p002,6. Resultados y análisis,Ejecución común,pre-thesis/sections/source-snapshot/mainmatter/06-results-and-analysis/cargo-e2e.tex,10,10,76,4,"Durante siete eventos se propagan identificadores en los regímenes nominal, con obstáculo y con fallo; el régimen de red degradada usa diez eventos. El ejecutor determina con el estado global qué robot activo está más cerca de la carga y lo designa líder; el menor identificador resuelve empates. No se implementa una elección distribuida. Los mensajes contienen identificadores, mientras posición, carga útil y fuerza se resuelven después en el registro global. Para cada candidato se definen",0bd33abec7bdf4e6bb7e4a70f023747419eb5b9175c36046f66da2c3d3aeb561,implementa una elección distribuida Los mensajes contienen identificadores mientras posición carga útil,2d306bb101a1b79af47df130d59296d15d1fe2b2a26ec5c12a574e8e91913e26,True
pre-thesis/sections/source-snapshot/mainmatter/06-results-and-analysis/cargo-e2e.tex:23:p003,6. Resultados y análisis,Ejecución común,pre-thesis/sections/source-snapshot/mainmatter/06-results-and-analysis/cargo-e2e.tex,23,23,49,3,"de modo que el identificador resuelve los empates de puntuación. Las referencias unitarias conservan exactamente el orden numérico de la campaña archivada, mientras los tres términos y sus pesos son adimensionales. Esta regla empírica no es el pago de E2. Para una carga , el criterio agregado de elegibilidad exige",e5be3dd29beb53b86169c591d3a21f6f20ae721d7f1a560d47186382fc10014a,referencias unitarias conservan exactamente el orden numérico de la campaña archivada mientras,6dcb7513819051ad3be811b0eec67f5bd1771f3bcd6046e4a2d588edb0c587d4,False
pre-thesis/sections/source-snapshot/mainmatter/06-results-and-analysis/cargo-e2e.tex:30:p004,6. Resultados y análisis,Ejecución común,pre-thesis/sections/source-snapshot/mainmatter/06-results-and-analysis/cargo-e2e.tex,30,30,33,2,"Si la vista no permite satisfacer las tres desigualdades, el líder se abstiene. Este criterio no usa geometría, torque ni el QP de E3 y, por tanto, no constituye su certificado de wrench.",e1dba912de0b82e0e022d827724a93d06ed36f012c2fec78bda44a98dff9dc46,tres desigualdades el líder se abstiene Este criterio no usa geometría torque,b37dc5fa386242a139359e2754c24452450ef450c147867c3584ec42afbc9db7,False
pre-thesis/sections/source-snapshot/mainmatter/06-results-and-analysis/cargo-e2e.tex:32:p005,6. Resultados y análisis,Ejecución común,pre-thesis/sections/source-snapshot/mainmatter/06-results-and-analysis/cargo-e2e.tex,32,69,183,1,"[!htbp] Demostrador Cargo híbrido: selección, acoplamiento, transporte y sustitución [1] conjunto de identificadores activos, registro global de atributos, demanda agregada de la carga, guardia de seguridad entrega en pose destino, o abstención, o fallo declarado con su causa propagar identificadores durante 7 eventos, o 10 bajo red degradada 10 si la red está degradada formar la vista del líder designado globalmente resolver atributos en el registro global ordenar candidatos de forma ascendente por no se satisface y quedan candidatos añadir el siguiente candidato a la coalición no se satisface abstención criterio agregado, no el QP de E3 integrar el acoplamiento de uniciclos el acoplamiento no termina en 16 s agotamiento de acoplamiento transportar la carga planar hacia el destino con punto intermedio y filtro cuando la guardia está activa falla el miembro de menor límite de fuerza detener la carga y retirar su identificador repetir propagación y selección con los miembros restantes fijos desplazar el primer candidato añadido al puesto liberado, máx.\ 16 s llega y vuelve a cumplirse reanudar el transporte fallo de recuperación o agotamiento del horizonte entrega en pose destino",1709ba3bd70faa956ece84378def55a766d1b674dbd677436e7c3ddb19488a4f,desplazar el primer candidato añadido al puesto liberado máx 16 s llega,43cfd38b9134a39c5b49d596176b4f1865ecea01a4158cb58a21da137fbd3a94,True
pre-thesis/sections/source-snapshot/mainmatter/06-results-and-analysis/cargo-e2e.tex:71:p006,6. Resultados y análisis,Ejecución común,pre-thesis/sections/source-snapshot/mainmatter/06-results-and-analysis/cargo-e2e.tex,71,74,27,2,"Ordenar cuesta y propagar mensajes por barrido. Cada fila del registro anota identidad del mundo, miembros, certificados, terminación, tiempos, errores, seguridad, wrench, energía, comunicación, CPU y fases.",139df754bf93ba28ebdfb25b6c9b21675f65362f3e188397b6c47f7315f6bc4f,anota identidad del mundo miembros certificados terminación tiempos errores seguridad wrench energía,a0b7091e963e6e6e143392881304718895a764461b37e079def62338144fd3c7,False
pre-thesis/sections/source-snapshot/mainmatter/06-results-and-analysis/cargo-e2e.tex:96:p007,6. Resultados y análisis,Ejecución común,pre-thesis/sections/source-snapshot/mainmatter/06-results-and-analysis/cargo-e2e.tex,96,96,87,6,"Aproximación y reemplazo integran uniciclos con pares saturados. El acoplamiento inicial exige distancia no mayor que 0,12 m y velocidad no mayor que 0,08 m/s durante cinco muestras; el reemplazo se acepta en la primera muestra que satisface ambos umbrales. Ninguno verifica orientación, contacto ni colisiones de aproximación. Después, la carga planar fija las poses por desplazamientos rígidos. El wrench usa reparto vectorial, pero la admisión inicial agrega carga útil y fuerza sin el QP geométrico de E3. Con déficit, la carga se detiene.",e16b3a70846d4f49cf554deeeb96b1e499d2f7352accd7953c120b05dbb5e417,primera muestra que satisface ambos umbrales Ninguno verifica orientación contacto ni colisiones,9e0a42a2f510c8213572f5bed7783b2650aac5fe295538abd8e39a7f77f94ff5,False
pre-thesis/sections/source-snapshot/mainmatter/06-results-and-analysis/cargo-e2e.tex:100:p008,6. Resultados y análisis,Contrato de información y ablaciones,pre-thesis/sections/source-snapshot/mainmatter/06-results-and-analysis/cargo-e2e.tex,100,100,73,3,"El grafo se construye por radio y, si queda desconectado, se añaden las aristas de anillo necesarias antes de aplicar pérdida y retardo. La campaña estudia así una red conectada con mensajes imperfectos, no particiones permanentes. El tratamiento llamado ``vecinal'' abrevia gossip de identificadores más selección por líder y registro global; la vista perfecta elimina la incertidumbre de identificadores y la referencia central enumera coaliciones, pero las tres comparten docking, planta y control.",befbed89b11e36c84bd84a50bd013fcc140d341cb34066b866db9a4e1826d26e,particiones permanentes El tratamiento llamado vecinal abrevia gossip de identificadores más selección,fd908dc6e7ddec7562bc9912414bc2ce85ed5a40ca3fd1edb3aa5630fde4a107,False
pre-thesis/sections/source-snapshot/mainmatter/06-results-and-analysis/cargo-e2e.tex:102:p009,6. Resultados y análisis,Contrato de información y ablaciones,pre-thesis/sections/source-snapshot/mainmatter/06-results-and-analysis/cargo-e2e.tex,102,102,95,4,"La contabilidad asigna 16 B de cabecera y 32 B por identificador. No incluye elección de líder, atributos, pose de carga ni consultas al registro, por lo que no estima el tráfico de una realización completamente distribuida. La ablación ``sin guardia física'' retira a la vez el criterio de fuerza, el punto intermedio y el filtro de velocidad; identifica el bloque conjunto, no cada componente. ``Sin reparación'' detiene la misión cuando aparece el fallo, de modo que su contraste mide continuar con reemplazo frente a detenerse y no compara el juego E6 con otro reasignador.",d1e01a7e37dc336b6cf668699eb49e7d57cbcaaace4c00275700011bca76e074,contabilidad asigna 16 B de cabecera y 32 B por identificador No,752f1742183e8b808c31a2d70bf76b3af05b42141680dc27a7c6cea0da65fddf,False
pre-thesis/sections/source-snapshot/mainmatter/06-results-and-analysis/cargo-e2e.tex:106:p010,6. Resultados y análisis,Protocolo confirmatorio,pre-thesis/sections/source-snapshot/mainmatter/06-results-and-analysis/cargo-e2e.tex,106,106,55,3,"Tras un piloto de 36 instancias, el confirmatorio cruzó cuatro regímenes, y 30 semillas: instancias y ejecuciones. La Tabla fija pérdida y retardo de hasta dos eventos para el régimen degradado, frente a pérdida y retardo nulo en los otros tres. Se comparan el demostrador híbrido, su vista perfecta, tres ablaciones y la referencia central.",38c7ee9de8f149fe4824af37c7009e579422fac86ab7b9bcb6124d9894759cb8,piloto de 36 instancias el confirmatorio cruzó cuatro regímenes y 30 semillas,89a624af18dc2b5eb4c0aebfadd430a683cc8c9f3f088ade79fcc2a4594c5ae0,False
pre-thesis/sections/source-snapshot/mainmatter/06-results-and-analysis/cargo-e2e.tex:126:p011,6. Resultados y análisis,Protocolo confirmatorio,pre-thesis/sections/source-snapshot/mainmatter/06-results-and-analysis/cargo-e2e.tex,126,126,38,3,"Se miden éxito, intersección, tiempo, recuperación, error, wrench, saturación, energía, trabajo, comunicación y CPU. Comparaciones pareadas usan bootstrap, McNemar/Wilcoxon, efecto y Holm. Para escenarios repetidos se promedia por tamaño--semilla y remuestrean 90 instancias, no 270 pares.",d1ede1d98f019dcac80dc263a45e57edb0fc22bff24afc0e88385d5e712fd2cf,Comparaciones pareadas usan bootstrap McNemar Wilcoxon efecto y Holm Para escenarios repetidos,7ad749aa4ba697344f3f757fceafe8ae000315f16f7425630a4ee4a5ad246d7d,False
pre-thesis/sections/source-snapshot/mainmatter/06-results-and-analysis/cargo-e2e.tex:130:p012,6. Resultados y análisis,Resultados,pre-thesis/sections/source-snapshot/mainmatter/06-results-and-analysis/cargo-e2e.tex,130,130,83,6,"Según la Tabla , el demostrador alcanzó una tasa de misión sin intersección durante transporte; un reemplazo agotó el horizonte. No se mide colisión continua de aproximación, robot--robot ni 3D. La referencia central alcanzó . El demostrador y la vista perfecta eligieron la misma coalición inicial en todo el banco; bajo red degradada ambos alcanzaron . Esta coincidencia describe un benchmark poco discriminante para calidad de selección y no prueba equivalencia. El demostrador promedió mensajes; en red fueron y kB, sin los datos del registro.",37d58e73db805328854159acbcc662b859009c8e21530c673febc1b2864bd44d,degradada ambos alcanzaron Esta coincidencia describe un benchmark poco discriminante para calidad,dab5b4fcb5df96d53d8a67922219bbf072e11faea2440c2cdb61c2d052c74857,False
pre-thesis/sections/source-snapshot/mainmatter/06-results-and-analysis/cargo-e2e.tex:141:p013,6. Resultados y análisis,Resultados,pre-thesis/sections/source-snapshot/mainmatter/06-results-and-analysis/cargo-e2e.tex,141,141,24,2,Los tiempos de la Tabla son medias incondicionales: terminar por colisión puede parecer rápido. ``Recuperación'' vale cero sin reparación y no es duración condicionada.,811664e4eb0462044f3cb8d54504e166d6a919481240fa13eeb78e9fdb5304f6,son medias incondicionales terminar por colisión puede parecer rápido Recuperación vale cero,a3d5716b617afd0dbdce71175bf651d18e59ebdcf5211f330c152f5fbc821108,False
pre-thesis/sections/source-snapshot/mainmatter/06-results-and-analysis/cargo-e2e.tex:143:p014,6. Resultados y análisis,Resultados,pre-thesis/sections/source-snapshot/mainmatter/06-results-and-analysis/cargo-e2e.tex,143,143,128,4,"La ablación conjunta retiró el criterio agregado de fuerza, el punto de rodeo y el filtro de seguridad. En E2E-H2, condicionado a obstáculo estático, red degradada y fallo durante el transporte (el régimen nominal abierto quedó fuera del contraste), el efecto sobre el éxito fue (IC del 95\,% , Wilcoxon unilateral sobre la media por instancia, ); la intersección, agregada sobre los cuatro regímenes, alcanzó . La variante sin ese bloque conservó el criterio agregado completo en de mundos, mientras el reparto del método completo registró residual numérico y saturación nula; el contraste discrimina principalmente rodeo y filtrado, no certificación mecánica. En el régimen de fallo, continuar con reemplazo elevó el éxito en frente a detenerse (IC , McNemar exacto unilateral, ); no compara el juego E6 con otro método de reparación.",828163c18da3a671260e834744eba05115a5e5308cb03c1620767b41fe225170,filtro de seguridad En E2E H2 condicionado a obstáculo estático red degradada,fa2fb8f8f41f16e804f078ad03a5c697178db77e50daa3442302c49e7a97fcff,False
pre-thesis/sections/source-snapshot/mainmatter/06-results-and-analysis/cargo-e2e.tex:145:p015,6. Resultados y análisis,Resultados,pre-thesis/sections/source-snapshot/mainmatter/06-results-and-analysis/cargo-e2e.tex,145,145,47,3,"La penalización espacial cambió el tiempo medio en s bajo red degradada frente a la selección desacoplada, pero el IC incluyó cero y Holm dejó . E2E-H1 no queda sustentada. Selección con visibilidad restringida, acoplamiento, transporte y recuperación sí coexistieron dentro de la misma planta planar reducida.",e9065e7e9909e9bae7c5cdd4352115d1b22c0d0891dd0bb25ce6f00b5729e19e,Holm dejó E2E H1 no queda sustentada Selección con visibilidad restringida acoplamiento,8d9c16fd9ff0a3ea2893f97eb209880d1b1ffb68be43b0ac3c9092628db24b26,False
pre-thesis/sections/source-snapshot/mainmatter/06-results-and-analysis/cargo-e2e.tex:157:p016,6. Resultados y análisis,Resultados,pre-thesis/sections/source-snapshot/mainmatter/06-results-and-analysis/cargo-e2e.tex,157,157,59,4,"El modelo usa pose exacta, contacto fijo y grafo estático conectado por intercambio. La evidencia confirma coexistencia funcional bajo ese contrato, pero no un juego distribuido acoplado ni el coste completo de descentralizarlo. La misión termina al alcanzar la pose de entrega: no se ejecutan liberación ni desacoplamiento. Tampoco se modelan soporte, fricción, percepción, radio real, tracción ni hardware.",9239c6e8a86d05751e98cd48d6d2b5b20764ff7a343421593ccfc47904770b21,ejecutan liberación ni desacoplamiento Tampoco se modelan soporte fricción percepción radio real,694c5f7004b880e6910d9ef606d9b5f1144eb161faf4bff05255c297268ece0b,False
pre-thesis/sections/source-snapshot/mainmatter/06-results-and-analysis/sp7.tex:4:p001,6. Resultados y análisis,Etapa 3.1: juego de rutas y reserva local entre coaliciones,pre-thesis/sections/source-snapshot/mainmatter/06-results-and-analysis/sp7.tex,4,4,66,3,"Dos coaliciones que cumplen sus restricciones individuales pueden quedar enfrentadas en un pasillo sin compartir celda. E7 representa cada cuerpo compuesto mediante una huella inflada que avanza una celda por evento, elige entre dos rutas y solicita una reserva local antes de ocupar una zona común. Esta abstracción evalúa exclusión lógica y progreso para dos a cuatro coaliciones; no integra la dinámica de robots y carga.",cb8fb425d08593c194d6aad8bc5be62153f95021a6d74a2528576c9058d4a8d3,individuales pueden quedar enfrentadas en un pasillo sin compartir celda E7 representa,594aa7f14dd19c0aa951aa94f0fff310325804eed0b430b37588082fc6cb6988,False
pre-thesis/sections/source-snapshot/mainmatter/06-results-and-analysis/sp7.tex:8:p002,6. Resultados y análisis,Cruces y pasillos,pre-thesis/sections/source-snapshot/mainmatter/06-results-and-analysis/sp7.tex,8,8,24,1,"Una coalición puede aceptar el desvío para reducir la contención prevista, mientras la reserva decide qué huella entra primero en el recurso compartido (Figura ).",44ec4657271c38509420bc593ffb71aa2f1209a2fb1be7890cfe4212c4bb5b96,reducir la contención prevista mientras la reserva decide qué huella entra primero,ca22d8141afedab9e9914010c60d8b6c5a9e642d6be9f33250af468feb5a41e0,False
pre-thesis/sections/source-snapshot/mainmatter/06-results-and-analysis/sp7.tex:57:p003,6. Resultados y análisis,Problema de optimización de referencia,pre-thesis/sections/source-snapshot/mainmatter/06-results-and-analysis/sp7.tex,57,57,29,3,"Sea el conjunto de coaliciones, sus rutas, el horizonte y la prioridad. Los nodos son poses tras inflar obstáculos por . es ocupación, llegada y bloqueos dinámicos. El oráculo resuelve",ee0109de21b293e4b68ff0ccd3b399d512fd69d00db789571c879a26a624b1f9,prioridad Los nodos son poses tras inflar obstáculos por es ocupación llegada,d817b1145c98dea5745e398d68a53b1c14781f2b6cdbfa2abe1947f955bfd1ba,False
pre-thesis/sections/source-snapshot/mainmatter/06-results-and-analysis/sp7.tex:63:p004,6. Resultados y análisis,Problema de optimización de referencia,pre-thesis/sections/source-snapshot/mainmatter/06-results-and-analysis/sp7.tex,63,63,35,3,"El programa de está sujeto a exclusión de vértice, arista, zona y . Con , la enumeración de combinaciones certifica el óptimo dentro del catálogo restringido. MAPF con un conjunto general de rutas constituye un problema distinto.",1f6492a78af25a07e8dcb8d220ce663ffbf1d942a2c35c11c94d3c719fb19f1f,enumeración de combinaciones certifica el óptimo dentro del catálogo restringido MAPF con,37cba59d0d9857601f26b8f8b11712ba043eb1652642a6b699fbc9576fa2e66e,True
pre-thesis/sections/source-snapshot/mainmatter/06-results-and-analysis/sp7.tex:67:p005,6. Resultados y análisis,Métodos de comparación,pre-thesis/sections/source-snapshot/mainmatter/06-results-and-analysis/sp7.tex,67,67,37,2,"CBS/ECBS proporcionan el contexto de MAPF, LA-MAPF trata agentes extensos y ORCA opera en velocidades continuas . La campaña ejecuta un catálogo discreto propio, por lo que la Tabla distingue esas referencias de los tratamientos comparados.",3c0b4e01c5c4341fbb96c36875c20fa5ee0aa0e45d216933e9fd6223cba1c230,CBS ECBS proporcionan el contexto de MAPF LA MAPF trata agentes extensos,731aaaf93f07906b5d1569c8f7e6469c480844685d3f7cf8e6eccfee73b868d3,False
pre-thesis/sections/source-snapshot/mainmatter/06-results-and-analysis/sp7.tex:91:p006,6. Resultados y análisis,Juego de rutas,pre-thesis/sections/source-snapshot/mainmatter/06-results-and-analysis/sp7.tex,91,92,23,1,"Para , sea el conjunto de recursos que cruza, su coste base adimensional y . Defínase el número de pares en conflicto y el potencial",79bd4224e51abe3144d707ac52f50960566a086aba0f88b93c1aa56c3139f74b,que cruza su coste base adimensional y Defínase el número de pares,60551ffcfd90f0c5c477e190b9c6762453f2ef58b492fc086ab5614a39fca42c,False
pre-thesis/sections/source-snapshot/mainmatter/06-results-and-analysis/sp7.tex:107:p007,6. Resultados y análisis,Juego de rutas,pre-thesis/sections/source-snapshot/mainmatter/06-results-and-analysis/sp7.tex,107,110,38,2,"[potencial exacto y propiedad de mejora finita] El juego es de potencial exacto con potencial . Posee al menos un Nash puro y todo camino maximal de mejoras estrictas termina en un Nash después de, como máximo, cambios aceptados.",daa02e891397f31205be6e9fb36484d6af03f3b15a3799f21e1a600957cf5520,menos un Nash puro y todo camino maximal de mejoras estrictas termina,4223781fdcbf6a08fa32380e86d060fd428305956028597300a91a843040d3cb,True
pre-thesis/sections/source-snapshot/mainmatter/06-results-and-analysis/sp7.tex:127:p008,6. Resultados y análisis,Juego de rutas,pre-thesis/sections/source-snapshot/mainmatter/06-results-and-analysis/sp7.tex,127,127,32,1,"La accesibilidad exigida por la Proposición se cumplió en los cruces y falló en el pasillo y el cuello; en estos dos escenarios, el testigo temporal es necesario para ordenar el avance.",5dbe7b1a88e731b683999a903ade3f901db3595a366a83ea02f271b15b9274e5,cuello en estos dos escenarios el testigo temporal es necesario para ordenar,171e16b27fe8c88098cc4afa54c4d1fd6acbd1ddcd5f376132246f207a8ca109,True
pre-thesis/sections/source-snapshot/mainmatter/06-results-and-analysis/sp7.tex:129:p009,6. Resultados y análisis,Juego de rutas,pre-thesis/sections/source-snapshot/mainmatter/06-results-and-analysis/sp7.tex,129,134,63,4,"selección anticipativa de rutas y reserva local separadas demostrado para el juego de rutas; la reserva muestreada se valida empíricamente en el dominio declarado. reduce la contención prevista durante la elección de ruta. Después, un testigo vecinal ordenado por prioridad y espera excluye entradas incompatibles. La Proposición especifica cuándo la primera capa alcanza ; los pasillos de la campaña violan su supuesto de accesibilidad.",93ded954b4a4d86d0fc3e9695d9eaf33959fd5766df06b271c41922e262b2904,espera excluye entradas incompatibles La Proposición especifica cuándo la primera capa alcanza,57ee9ee7d34ef532b21cbfd779f96eca256ef81b09cf8c73a0d3d620375bb349,False
pre-thesis/sections/source-snapshot/mainmatter/06-results-and-analysis/sp7.tex:138:p010,6. Resultados y análisis,Reserva y avance discreto,pre-thesis/sections/source-snapshot/mainmatter/06-results-and-analysis/sp7.tex,138,143,52,4,"La salida alcanza cero bajo . El Algoritmo fija la regla que cada coalición ejecuta por evento con información exclusivamente vecinal. El identificador interviene solo como desempate determinista, de modo que la ejecución es reproducible para una semilla dada. El simulador usa paso digital unitario, horizonte 48 y actualización simultánea de posiciones aceptadas.",0235a9550f6c700e5597f72c508ebf3c9fcd706a503281647eba89e6250e14d5,dada El simulador usa paso digital unitario horizonte 48 y actualización simultánea,358d87d2e9d0541fd233aceee02131790c068f4f0bd8309a55a9677e0cb7fe5b,True
pre-thesis/sections/source-snapshot/mainmatter/06-results-and-analysis/sp7.tex:145:p011,6. Resultados y análisis,Reserva y avance discreto,pre-thesis/sections/source-snapshot/mainmatter/06-results-and-analysis/sp7.tex,145,175,96,1,"[!htbp] Reserva vecinal y avance discreto de una coalición (E7) [1] celda , huella inflada , espera , prioridad ; intención, prioridad y ocupación estimadas de los vecinos celda siguiente y estado del testigo pertenece a una zona compartida y no se posee el testigo solicitar testigo con la terna solicitudes vecinas visibles de esa zona y la zona está libre conceder testigo a prioridad por espera acumulada ; espera; envejecimiento libre y no hay intercambio de arista con un vecino ; ; posee el testigo y ha abandonado la zona y completado un paso de despeje liberar testigo hipótesis de la Prop.",9e81b326675c2410f977c6820562f688f6819e4e048ac37739d56316316e17c7,E7 1 celda huella inflada espera prioridad intención prioridad y ocupación estimadas,4f01979a1cd3825a4ee00fb6c7b56b1a2f5961ebb1e2cbd85814c174b7cbf04e,False
pre-thesis/sections/source-snapshot/mainmatter/06-results-and-analysis/sp7.tex:177:p012,6. Resultados y análisis,Reserva y avance discreto,pre-thesis/sections/source-snapshot/mainmatter/06-results-and-analysis/sp7.tex,177,179,30,1,"La liberación del testigo tras el paso de despeje es exactamente la hipótesis que la Proposición necesita: sin ella, la terna lexicográfica ordena las concesiones pero no acota la espera.",fcf813544e885c59268438b7aa28da776ab620054736828bc2ad539c2e259b90,necesita sin ella la terna lexicográfica ordena las concesiones pero no acota,83a13255010dcb0c0bd800d545dd50a81690a831514539ad07af0dfc57427efe,False
pre-thesis/sections/source-snapshot/mainmatter/06-results-and-analysis/sp7.tex:181:p013,6. Resultados y análisis,Reserva y avance discreto,pre-thesis/sections/source-snapshot/mainmatter/06-results-and-analysis/sp7.tex,181,188,109,5,"[Ausencia condicional de inanición en una zona] Considérese un conjunto finito de solicitantes persistentes de una misma zona. Si cada propietario libera el testigo en un número finito y uniformemente acotado de pasos y, después de atravesar la zona, deja de competir por ella, entonces la regla concede el testigo a cada solicitante en tiempo finito. La proposición garantiza concesión finita para una zona cuyos propietarios liberan el testigo y no vuelven a competir. La completitud del problema completo depende además del horizonte y de la interacción entre zonas. La exclusión se verifica sobre celdas discretas; una planta continua requeriría recuperar la saturación y la guardia geométrica de E5.",d0c6bfe30c1b15850d5dcdb7f0d26ca21e5d7787d6b298108d2ccb5b66385946,finito La proposición garantiza concesión finita para una zona cuyos propietarios liberan,90d0c67760a7cb9d63a84df81283cddc451b4f3a70d7d121cbdf34c4ea0b2fe6,False
pre-thesis/sections/source-snapshot/mainmatter/06-results-and-analysis/sp7.tex:192:p014,6. Resultados y análisis,Diseño experimental,pre-thesis/sections/source-snapshot/mainmatter/06-results-and-analysis/sp7.tex,192,193,25,2,La Tabla resume mundos pareados y ejecuciones. El endpoint principal es la entrega dentro de 48 pasos; ocho pasos consecutivos sin movimiento definen un bloqueo.,4ec770fe628ee892299c9ccb2f7851edce4314ec0f98efdce27939c016d366ce,dentro de 48 pasos ocho pasos consecutivos sin movimiento definen un bloqueo,297b1acadb1dcfc83845a3b636ffb2c0c5888f4bc3ac94288dc415d4c58972a4,True
pre-thesis/sections/source-snapshot/mainmatter/06-results-and-analysis/sp7.tex:215:p015,6. Resultados y análisis,Resultados,pre-thesis/sections/source-snapshot/mainmatter/06-results-and-analysis/sp7.tex,215,215,41,2,"El juego con reserva entregó todas las cargas con tiempo medio de terminación . Al retirar el testigo, la tasa cayó a y únicamente de los pasillos se completó; las demás ejecuciones quedaron bloqueadas pese a mantener la exclusión de celda (Tabla ).",3ea7b884fd4ce2173ccb01f33786b5d19bcfd7c88fc0fe078e9faf73cb1b4e58,los pasillos se completó las demás ejecuciones quedaron bloqueadas pese a mantener,12634c6b30b0feb3798d50c6333a51d1c5aada3fe9b3f9bbc832506372400d60,True
pre-thesis/sections/source-snapshot/mainmatter/06-results-and-analysis/sp7.tex:226:p016,6. Resultados y análisis,Resultados,pre-thesis/sections/source-snapshot/mainmatter/06-results-and-analysis/sp7.tex,226,226,52,3,"El efecto pareado de la reserva sobre entrega fue (IC del 95\,% , ). A igualdad de reserva, retirar la penalización elevó cuatro pasos el tiempo de terminación: para completo menos ablación, con . El cruce y el cuello dinámico se resolvieron con la guardia puntual, mientras el pasillo opuesto necesitó propiedad temporal del recurso.",2f922cf0d3bef68c86548cd6289c9c13660142c923ff2dde3f8b6efd77c48668,resolvieron con la guardia puntual mientras el pasillo opuesto necesitó propiedad temporal,3e0cedcf98a10d9b10e3319140974c9db7da7d8b70db8b84f80f623a7dc4ca94,True
pre-thesis/sections/source-snapshot/mainmatter/06-results-and-analysis/sp7.tex:229:p017,6. Resultados y análisis,Resultados,pre-thesis/sections/source-snapshot/mainmatter/06-results-and-analysis/sp7.tex,229,229,47,3,El método completo alcanzó un tiempo medio de terminación de y contabilizó mensajes por mundo. El oráculo restringido redujo el tiempo en pasos ( ) hasta . La CPU media fue ms para el juego y ms para enumerar el catálogo; esta comparación caracteriza el coste interno de esas implementaciones.,de04c5059b617e20809d6a3fea40409d6df4a845495d1d033f4ead7579b97bd3,restringido redujo el tiempo en pasos hasta La CPU media fue ms,4ceb6e1eeb0d155b9421a57ad5d3eb9a1ba928872e1701eabf6ba5d43160d8fc,False
pre-thesis/sections/source-snapshot/mainmatter/06-results-and-analysis/sp7.tex:231:p018,6. Resultados y análisis,Resultados,pre-thesis/sections/source-snapshot/mainmatter/06-results-and-analysis/sp7.tex,231,231,55,3,"La reserva recuperó la entrega en los pasillos opuestos y la penalización redujo cuatro pasos el tiempo medio respecto de su ablación. El oráculo mantiene pasos de ventaja dentro del catálogo de dos rutas. La comparación no incluye CBS, ECBS u ORCA, y el recuento de comunicación registra mensajes sin modelar bytes, retardo o pérdida.",51091f3205cfb32dfbf88f3f006052784ca576c782c6c5179170faa4bca402bb,incluye CBS ECBS u ORCA y el recuento de comunicación registra mensajes,f24b66d77e1e29ef3bf0d75d5b5db928a9ebde58a3583f9b3897d2a967fa39e6,False
pre-thesis/sections/source-snapshot/mainmatter/06-results-and-analysis/sp7.tex:235:p019,6. Resultados y análisis,Síntesis,pre-thesis/sections/source-snapshot/mainmatter/06-results-and-analysis/sp7.tex,235,235,40,3,"El potencial exacto garantiza terminación de las mejoras de ruta. Alcanzar exige además accesibilidad unilateral y , condiciones que fallan en algunos pasillos. La reserva local entregó las instancias; al retirarla, la tasa perdió puntos porcentuales por interbloqueos entre huellas opuestas.",b5704ec1af60e37f4b2e71e9b3ab68e674edae91e177fc22def885da6a7daf63,al retirarla la tasa perdió puntos porcentuales por interbloqueos entre huellas opuestas,10082df9d5da9f557a39d797a3f48a6db7db379a28001b1a77073b263be2bc3a,True
pre-thesis/sections/source-snapshot/mainmatter/06-results-and-analysis/sp7.tex:237:p020,6. Resultados y análisis,Síntesis,pre-thesis/sections/source-snapshot/mainmatter/06-results-and-analysis/sp7.tex,237,237,39,2,"La evidencia activa cubre exclusión y progreso en el ejecutor discreto descrito. E8 reutiliza ese juego y degrada las vistas con escala, retardo y pérdida, pero se conserva como campaña histórica en la monografía y no sustenta conclusiones VIU.",1510a6becf2d930281f3a298c4520de20fab5e638f2c4bce6401ff9d4d09e0cd,ejecutor discreto descrito E8 reutiliza ese juego y degrada las vistas con,b78c8de2d0480a04921c364337307ac690d434880b9bb618acc4418295d3956a,False
pre-thesis/sections/sp3-execution-envelope.tex:4:p001,Otro,Interfaz entre reserva discreta y movimiento,pre-thesis/sections/sp3-execution-envelope.tex,4,7,39,3,"Una reserva lógica autoriza una celda; no prescribe una trayectoria continua. La interfaz infla la huella, conserva separación temporal y devuelve a SP2 una referencia compatible con ruedas y contacto. La Tabla fija los chequeos y la respuesta conservadora.",8210f11a07a3144ed75ae6ecbf576bb5299218e88a012d6444538b022379b27e,lógica autoriza una celda no prescribe una trayectoria continua La interfaz infla,157425bb07194ca3718af2fe6a202668dc787987941f9afd67fb85b185ff760c,True
pre-thesis/sections/sp3-execution-envelope.tex:50:p002,Otro,Interfaz entre reserva discreta y movimiento,pre-thesis/sections/sp3-execution-envelope.tex,50,54,56,3,"El contrato intercambia intención, versión, prioridad y ocupación local; su coste se registra en mensajes y bytes. La prueba de rutas y la reserva pertenecen al modelo discreto; los chequeos cinemático y mecánico se repiten durante la ejecución. El piloto AWS mueve actores cinemáticamente: evidencia integración lógica y visual, no contacto físico ni un gemelo digital.",f3137c1d96702a188a369997a431893a3304fe7835bd524df20388eb437c50e4,piloto AWS mueve actores cinemáticamente evidencia integración lógica y visual no contacto,0a7cb8b2f0803777caa8a4a78a0dacf0107321edba87c9bcc2c2a9142018af1c,True
pre-thesis/sections/source-snapshot/mainmatter/06-results-and-analysis/aws-industrial2.tex:4:p001,6. Resultados y análisis,Etapa 3.3: piloto AWS Industrial,pre-thesis/sections/source-snapshot/mainmatter/06-results-and-analysis/aws-industrial2.tex,4,4,66,5,"Industrial somete la arquitectura a modos de fallo que la campaña Cargo, con una sola carga, no expone. La escena modificada toma como procedencia el almacén de AWS RoboMaker, cuyo repositorio oficial se distribuye bajo licencia MIT-0 . Contiene AMR, cargas activas, en cola y tráfico controlado (Figura ). Sensado y comunicación usan radios y m. El acoplamiento cinemático omite agarre, fricción, tracción, wrench y dinámica 3D.",0b6ce30306074c5260fda5cce61c345db6bd4b38f30b01c9a4c3b814a479b7db,AWS RoboMaker cuyo repositorio oficial se distribuye bajo licencia MIT 0 Contiene,826269b2301fc5da3737acdd743644c60b3f0400b805676e8c9ba3f7eea976b3,False
pre-thesis/sections/source-snapshot/mainmatter/06-results-and-analysis/aws-industrial2.tex:14:p002,6. Resultados y análisis,Etapa 3.3: piloto AWS Industrial,pre-thesis/sections/source-snapshot/mainmatter/06-results-and-analysis/aws-industrial2.tex,14,14,96,6,"Se cruzaron cuatro métodos, cuatro escenarios y dos semillas: ejecuciones de s. La referencia central usa un MILP instantáneo global sin planificación espacio--temporal. Subasta, reciprocidad y predictor son proxies que no reproducen CBBA, ORCA o DMPC. En el escenario abierto, Central MILP + preview obtuvo , Auction + reciprocal proxy , Auction + predictive CBF proxy y Replicator + CBF (TFM) cargas por ejecución; los otros tres escenarios obtuvieron cero. La referencia central optimiza la asignación de cada instantánea, pero no anticipa reservas espacio--temporales. Su valor documenta un bloqueo del ejecutor integrado y no un fallo del MILP de asignación.",6109e1e3e4f48a3090aeaf635a5e6ca9a5ccb604952007b4255cb2a83b385c10,escenario abierto Central MILP preview obtuvo Auction reciprocal proxy Auction predictive CBF,86de0f567c2e66b8500ae0dd0091290e8a3fbfafb7c7f8f41e3738fb11aa8177,False
pre-thesis/sections/source-snapshot/mainmatter/06-results-and-analysis/aws-industrial2.tex:16:p003,6. Resultados y análisis,Etapa 3.3: piloto AWS Industrial,pre-thesis/sections/source-snapshot/mainmatter/06-results-and-analysis/aws-industrial2.tex,16,16,55,3,"Las ejecuciones no registraron solapamientos muestreados, pero el verificador contabilizó violaciones de la desigualdad de barrera: residual seguro máximo y residual ejecutado máximo . La discrepancia distingue el certificado algebraico de la intersección geométrica muestreada. Replicator--CBF permaneció bloqueado durante una fracción -- del tiempo simulado; dos semillas no permiten establecer un ranking ni estimar fiabilidad industrial.",f27d8f9a227a6a82f505454054f63f1a65d87920435aaa1cf6ca2b9cfa70c19e,simulado dos semillas no permiten establecer un ranking ni estimar fiabilidad industrial,55b429afcd6d92f0aca865ed034e6f9dbd7aa1af762b67603b0112edcad710d0,False
pre-thesis/sections/source-snapshot/mainmatter/07-conclusions.tex:4:p001,7. Conclusiones,Conclusiones y recomendaciones,pre-thesis/sections/source-snapshot/mainmatter/07-conclusions.tex,4,10,67,4,La pregunta principal admite una respuesta condicionada. Los contratos por capas permiten formar coaliciones y el demostrador Cargo completa una misión en una planta planar reducida mediante una arquitectura híbrida e interpretable. Sus reglas integradas no reproducen todos los mecanismos parciales de SP1--SP2. Las garantías pertenecen a capas distintas: un Nash no certifica viabilidad mecánica y una simulación satisfactoria no demuestra estabilidad global ni validez industrial.,99f4ac206c133fb85d6678769b42292662c6d2ce448e08cc775fb3cf6c40c61d,pregunta principal admite una respuesta condicionada Los contratos por capas permiten formar,c14a15e5548273263ba62f6f5b9136624d529a25ecf40498ac3486f15543bbaf,False
pre-thesis/sections/source-snapshot/mainmatter/07-conclusions.tex:14:p002,7. Conclusiones,Contribución y resultados principales,pre-thesis/sections/source-snapshot/mainmatter/07-conclusions.tex,14,17,44,3,"SP1 caracteriza la formación estratégica mediante una regulación exacta de cuotas y dos interfaces de capacidad. La penalización suficiente obtiene una cuota realizable. La contribución marginal incorpora heterogeneidad operacional, y la guardia de wrench asigna contactos y separa cobertura nominal de factibilidad mecánica planar.",dc69c64560c81ac4e85e116c93848169fbccc7ff93afdeb797d3cf3fe80ecc69,penalización suficiente obtiene una cuota realizable La contribución marginal incorpora heterogeneidad operacional,42a3c716957f9c39fbef46eac4721816bd1a33c486a0bbb3af19760bcc2ec3ab,True
pre-thesis/sections/source-snapshot/mainmatter/07-conclusions.tex:19:p003,7. Conclusiones,Contribución y resultados principales,pre-thesis/sections/source-snapshot/mainmatter/07-conclusions.tex,19,28,98,4,"SP2 introduce la ejecución física. En instancias, la guardia situada en la interfaz SP1--SP2 cambió la tasa de falsos positivos en , con cobertura y abstención ; el QP sigue siendo central y planar. El servocontrol es localmente estable con contactos fijos y realización exacta, el filtro de seguridad elimina las colisiones observadas en su campaña y la reparación restaura una fracción de los certificados recuperables, aunque el peor Nash de ese juego no admite una cota uniforme. En SP3, la reserva excluye conflictos lógicos sin representar cuerpos continuos: el juego completo alcanzó de entrega frente a al retirarla.",82355168ead391b7f2b9bdfe4ca00dc74bf6de2a499aa3c936985e4dde203228,uniforme En SP3 la reserva excluye conflictos lógicos sin representar cuerpos continuos,141d73b0ea1c36de7162b7735d06d18422d09474f5e237be4ed0626a1da536bf,True
pre-thesis/sections/source-snapshot/mainmatter/07-conclusions.tex:30:p004,7. Conclusiones,Contribución y resultados principales,pre-thesis/sections/source-snapshot/mainmatter/07-conclusions.tex,30,36,70,4,"Cargo combina las seis etapas mediante reglas propias del ejecutor y alcanzó una tasa de misión sin intersección carga--obstáculo durante el transporte. Las ablaciones de seguridad y reparación degradaron el éxito. Las variantes vecinal y perfecta completaron el régimen degradado ensayado; estos datos acreditan compatibilidad funcional, no validación integrada de SP1--SP2. En Industrial 2, todos los escenarios congestionados agotaron el horizonte sin entregas aunque no se observaran solapamientos.",cb33b24fea7bec6a0b1c32a861976a5c5a03f754eff23032bf4160978c8b0e06,perfecta completaron el régimen degradado ensayado estos datos acreditan compatibilidad funcional no,4e494e1a6aa5ee426e1875749758794f2fd3e6decb24f24b4986e448fc9117d7,False
pre-thesis/sections/source-snapshot/mainmatter/07-conclusions.tex:40:p005,7. Conclusiones,Cumplimiento de los objetivos,pre-thesis/sections/source-snapshot/mainmatter/07-conclusions.tex,40,47,94,6,"El objetivo general se cumple parcialmente. Se formalizan los contratos entre capas y se demuestra una composición funcional planar, pero no una arquitectura completamente distribuida ni la integración exacta de todos los mecanismos propuestos. OE1 caracteriza asignación, cuotas y heterogeneidad. OE2 relaciona certificado mecánico y control de pose por separado; Cargo no incorpora el QP geométrico inicial, por lo que la conexión integrada queda parcial. OE3 evalúa obstáculo, fallo y tráfico sin confundir sus métricas. OE4 mide CPU y mensajes en los catálogos activos; escala y red degradada no se adjudican en la memoria.",1d91dc006ea90980efe62ae505957344f296f5a6fe33dfc66aaaba26a1fbff82,mecanismos propuestos OE1 caracteriza asignación cuotas y heterogeneidad OE2 relaciona certificado mecánico,9384687e17959c8fb7ecb6975b2a531116dfab6daecf6128e8abfcdb6574f9da,False
pre-thesis/sections/source-snapshot/mainmatter/07-conclusions.tex:49:p006,7. Conclusiones,Cumplimiento de los objetivos,pre-thesis/sections/source-snapshot/mainmatter/07-conclusions.tex,49,56,85,4,"OE5 se cumple como demostrador de compatibilidad funcional: reúne las seis etapas previstas, declara sus diferencias frente a las etapas de SP1--SP2 y emplea ablaciones para los bloques de seguridad y reparación. No demuestra que las garantías de los SP sobrevivan a la composición. De forma independiente, la reproducibilidad es parcial: las campañas incluidas en esta memoria conservan configuración, semillas y artefactos, mientras otras etapas históricas solo permiten reanalizar observaciones archivadas. El piloto CoppeliaSim aporta auditoría geométrica y reproducción cinemática, no validación dinámica independiente.",164e32529a52cc9816d87f0e3c6bc0902c2cf2ab01b475a378368e950cb75f55,históricas solo permiten reanalizar observaciones archivadas El piloto CoppeliaSim aporta auditoría geométrica,96a6a1bc7fe1e1f214d067a243f91375c43888e6fcac9f0b5e994bc3317c95f6,False
pre-thesis/sections/source-snapshot/mainmatter/07-conclusions.tex:60:p007,7. Conclusiones,Respuesta a las preguntas de investigación,pre-thesis/sections/source-snapshot/mainmatter/07-conclusions.tex,60,63,39,4,RQ1. Recursos y penalización suficientes permiten cuotas exactas; la escasez exige selección todo-o-nada. El contraste específico de QR queda fuera del cuerpo activo. La contribución marginal mejora la alineación sin heredar optimalidad social ni ejecución vecinal completa.,ca99732a6c6d63407dbcadaccbd7227f125a5068156d9f8578b5a030d6c828e0,RQ1 Recursos y penalización suficientes permiten cuotas exactas la escasez exige selección,b568d8809de4825cd4fd8567046abd3cc25454e910f64730389da107d9eef071,False
pre-thesis/sections/source-snapshot/mainmatter/07-conclusions.tex:65:p008,7. Conclusiones,Respuesta a las preguntas de investigación,pre-thesis/sections/source-snapshot/mainmatter/07-conclusions.tex,65,68,40,3,"RQ2. El acoplamiento entre decisión y movimiento fue operativo, pero el contraste temporal no sustentó una aceleración. La mensajería vecinal mantuvo la ejecución en el régimen degradado ensayado, aunque el registro global impide atribuir el resultado a coordinación local completa.",97f8b6386348589c4f025d1c9b8a2f90e925a92f72e20f3a10211560e6a63e8e,fue operativo pero el contraste temporal no sustentó una aceleración La mensajería,3110f6234df55d580a163faa66a3fb5f4d8ed3916862defde57b4296fa9bd4a6,True
pre-thesis/sections/source-snapshot/mainmatter/07-conclusions.tex:70:p009,7. Conclusiones,Respuesta a las preguntas de investigación,pre-thesis/sections/source-snapshot/mainmatter/07-conclusions.tex,70,73,23,3,RQ3. La factibilidad física exige ; cardinalidad y servicio no son certificados mecánicos. El QP evaluado es planar y supone contactos y demanda conocidos.,53921676dd2a7acba8db5d2b84a404841fa2b2bcc1b21a6196f23844bebfddad,RQ3 La factibilidad física exige cardinalidad y servicio no son certificados mecánicos,6228d2de40606e836e3dd4ef1bfd1b6a41114049bc48b2d79583d55077674d7c,False
pre-thesis/sections/source-snapshot/mainmatter/07-conclusions.tex:75:p010,7. Conclusiones,Respuesta a las preguntas de investigación,pre-thesis/sections/source-snapshot/mainmatter/07-conclusions.tex,75,80,46,4,RQ4. La etapa de reparación de SP2 restauró una fracción de los certificados estáticos recuperables; Cargo alcanzó en el escenario con fallo al continuar con reemplazo. La batería solo se modeló como disponibilidad en la etapa heterogénea de SP1. La exclusión lógica no evitó bloqueos congestionados.,deae15df54608fe7b49ddc7e7057f2f53971fd610cd7f6e96d4933788837be6d,etapa heterogénea de SP1 La exclusión lógica no evitó bloqueos congestionados,151f19c975d8908acb653fd3d82929d816807e055db65add8a83e24155418fe4,True
pre-thesis/sections/source-snapshot/mainmatter/07-conclusions.tex:82:p011,7. Conclusiones,Respuesta a las preguntas de investigación,pre-thesis/sections/source-snapshot/mainmatter/07-conclusions.tex,82,86,48,3,"RQ5. En el catálogo activo de SP3, el juego contabilizó mensajes por mundo y la reserva recuperó puntos porcentuales de entrega frente a su ablación. El coste observado combina mensajes y CPU; no caracteriza escala de red ni incluye por completo el tráfico del registro global de Cargo.",228f0581cfc782b23f913ffe973379099420b95f104b2f27727fd0652daff697,recuperó puntos porcentuales de entrega frente a su ablación El coste observado,cbfd8fffdd25a36780f32738729bebb0193557d838c9c5a0cbde36020d0629ed,False
pre-thesis/sections/source-snapshot/mainmatter/07-conclusions.tex:120:p012,7. Conclusiones,Limitaciones,pre-thesis/sections/source-snapshot/mainmatter/07-conclusions.tex,120,120,93,5,"No existe una función de Lyapunov común para el sistema híbrido. El modelo usa carga planar, pose conocida, contactos fijos y fuerzas acotadas; omite soporte vertical, fricción 3D, deslizamiento, percepción y tracción rueda--suelo. Cargo considera una carga y un fallo simple, con líder temporal, registro global, grafo estático y pérdidas Bernoulli; los bancos activos no miden energía de radio. Sus intervalos describen generadores sintéticos y la tasa no estima una probabilidad industrial. Industrial 2 solo tiene dos semillas por escenario y usa adaptaciones piloto, no implementaciones completas de CBBA, ORCA o DMPC.",f8c34488bb9bc33cf33a3e5b3573ebeefb728532df3818d1d9a7127854b8bd16,fuerzas acotadas omite soporte vertical fricción 3D deslizamiento percepción y tracción rueda,e96738c3b35a1d4a0fa901a676fe6a268ff6d26c7f7ee30861736dee97c63d59,False
pre-thesis/sections/source-snapshot/mainmatter/07-conclusions.tex:124:p013,7. Conclusiones,Recomendaciones y trabajo futuro,pre-thesis/sections/source-snapshot/mainmatter/07-conclusions.tex,124,124,101,5,"Primero deben sustituirse las reglas empíricas de Cargo por los mecanismos de SP1--SP2 que se pretendan reclamar como integrados y repetirse sus ablaciones. Una planta física independiente deberá incorporar fricción, agarre, saturación, incertidumbre y ruido; ROS 2 permitirá medir edad de información, bytes, memoria, energía y CPU bajo topología móvil. Las campañas FULL--AGG y de canal degradado quedan delimitadas en SP1.N4, fuera del cuerpo activo. Múltiples cargas exigirán un oráculo espacio--temporal y comparadores publicados de subasta, MAPF y control. El empuje/caging mantendrá un modelo unilateral separado, con mundos pareados, ablaciones y resultados negativos conservados como regresión.",76ed6ab3a716df764a1d9ff57a18879c5c579175943975115d6b5c90032a9e84,deberá incorporar fricción agarre saturación incertidumbre y ruido ROS 2 permitirá medir,fc2dc054caac753768f45db7c098e1443552cb8aa24f2a6e6ed476d53ce15eee,False
pre-thesis/sections/thesis-appendices.tex:4:p001,Anexos,Reproducibilidad y disponibilidad,pre-thesis/sections/thesis-appendices.tex,4,9,69,3,"Los estimandos y resultados principales de la memoria se enlazan con tablas o macros generadas; parámetros de protocolo y ejemplos analíticos permanecen declarados en las fuentes. La instantánea documental conserva la procedencia de cada artefacto y el banco Cargo nuevo registra configuración, semilla, entorno y hashes por ejecución. Una campaña solo podrá elevar una afirmación cuando sus datos procesados, pruebas y enlace con la matriz de evidencia estén disponibles.",1238616eb96829acefb7ef6e3fbd5067493cfc37c7d5af4cfeb90c38aaadd8e7,solo podrá elevar una afirmación cuando sus datos procesados pruebas y enlace,2328051a38e85d1e9b54923a01c011b8f21f1da04419717c3eb6d64804aaa4eb,True
pre-thesis/sections/thesis-appendices.tex:29:p002,Anexos,Demostraciones compactas de recuperación,pre-thesis/sections/thesis-appendices.tex,29,29,48,4,"Por tanto, es un potencial exacto. Al ser finito, el potencial alcanza un máximo, que es Nash. Un camino de mejoras estrictas no repite perfiles; si es maximal, acaba en un Nash tras no más de cambios aceptados. La cota se refiere a eventos, no a tiempo físico.",3872ed18052e9c9e4ca748a3d1191167ca2bd90adbfba8ba053318bc4f075722,Un camino de mejoras estrictas no repite perfiles si es maximal acaba,05194dbb8a9ba846e250e84ffadd0d22b46a02a948453d9f05cdf8c9c856463f,True
pre-thesis/sections/thesis-appendices.tex:31:p003,Anexos,Demostraciones compactas de recuperación,pre-thesis/sections/thesis-appendices.tex,31,39,74,5,"Si el camino acepta cambios, contiene como máximo ventanas agregadas: detección--primer cambio aceptado, intervalos entre cambios aceptados y certificación terminal. Cada ventana incluye las revisiones que no alteran el perfil. Por tanto, su duración estratégica no supera . Los reemplazos viajan en paralelo, de modo que el último tarda a lo sumo ; al añadir se obtiene . La cota requiere las ventanas, trayectorias libres y velocidades positivas del Corolario ; la sola justicia no la implica.",f72aacbec0e6c6869b07ec535d8e28105fba205304f33f23cd2824aa1ecb3503,acepta cambios contiene como máximo ventanas agregadas detección primer cambio aceptado intervalos,2f7ef489c62048504666224729eec5c2eb07750d1c7ad3c7f63b19d8c4ff25a9,False
pre-thesis/sections/thesis-appendices.tex:44:p004,Anexos,Factibilidad y minimalidad,pre-thesis/sections/thesis-appendices.tex,44,44,56,4,"Considérese un perfil deficitario. La factibilidad de la reserva completa implica que algún robot no seleccionado reduce estrictamente ; como hay finitos perfiles deficitarios, el mínimo es positivo. Con , ese ingreso aumenta , de modo que ningún perfil deficitario es Nash. Si un Nash factible tuviera un miembro redundante, su salida conservaría y aumentaría el potencial en , contradicción.",9ec3a50dc0bb9174dffeb537fc58b7f01b66a4b2b3542461256cb1b58f810120,seleccionado reduce estrictamente como hay finitos perfiles deficitarios el mínimo es positivo,258cde4ab08ad1dd3be9a106351aacacef516bcc9b69b83df14fa3ff8d202196,False
pre-thesis/sections/thesis-appendices.tex:46:p005,Anexos,Factibilidad y minimalidad,pre-thesis/sections/thesis-appendices.tex,46,46,66,5,"Recíprocamente, en una coalición factible mínima por inclusión, el ingreso de un robot externo modifica en . La salida de un miembro crea un déficit al menos y produce una variación no mayor que . No hay otra desviación binaria; el perfil es Nash. Así se prueba el Teorema . La positividad de los costes hace mínima por inclusión a toda solución factible de coste mínimo, lo que establece .",9352bf424b987c26a1e7013a178a8c7a4231f030f0fb3f4fb26d884ab90939a0,mayor que No hay otra desviación binaria el perfil es Nash Así,efec356ef4d5170e10f14676d83766c2f4f7436b5f1807a9321de6d7d3dc6535,False
pre-thesis/sections/thesis-appendices.tex:48:p006,Anexos,Factibilidad y minimalidad,pre-thesis/sections/thesis-appendices.tex,48,48,72,5,"Para la Proposición , tómese una demanda escalar unitaria, capacidades , costes con y . Se tiene y se cumple el umbral. Los perfiles y son coaliciones factibles mínimas y, por el teorema, Nash; sus costes son y . El cociente diverge cuando , por lo que no existe una cota uniforme del peor equilibrio. Las derivaciones alternativas y la comprobación enumerativa se conservan en la monografía técnica; estos resultados no certifican la estabilidad nominal de Cargo.",23748feabf54be09760821999d3087ce49017fd2fb8b34986d60ad4cc250ae04,comprobación enumerativa se conservan en la monografía técnica estos resultados no certifican,c72dd8476354bf596b845edb74d357df505c645f08e2e89bbf2083de32e1de90,False
pre-thesis/sections/source-snapshot/appendices/04-sp2-proofs.tex:4:p001,Anexos,Demostraciones complementarias de la etapa E2 (SP1),pre-thesis/sections/source-snapshot/appendices/04-sp2-proofs.tex,4,4,47,3,"La alineación marginal de E2 se demuestra para preferencias continuas, umbrales positivos y una matriz de servicio fija durante cada decisión. El resultado identifica el gradiente del potencial con el pago marginal. El cierre entero, la mecánica y la ejecución vecinal discretizada se tratan mediante resultados independientes.",1e6bbf716a8ad161aefcdf11e9f084781962dc4993fea050be81a88ed3917e89,La alineación marginal de E2 se demuestra para preferencias continuas umbrales positivos,f9ba9c2557c7172ce46edb46b1fa0e4bb6a7cbec19237fa57fdfe605949265e7,False
pre-thesis/sections/source-snapshot/appendices/04-sp2-proofs.tex:26:p002,Anexos,Potencial de la puntuación marginal y frontera de integrabilidad,pre-thesis/sections/source-snapshot/appendices/04-sp2-proofs.tex,26,26,39,1,"Si , estas expresiones difieren y violan la condición de simetría necesaria para que el campo plano sea el gradiente de un potencial escalar dos veces diferenciable en esa región. Para la puntuación marginal, en cambio, ambas derivadas cruzadas valen",3b7adbec2bc0cd1708186d6f20c9901f4873fd81a77b8202f83d83c093ade866,esa región Para la puntuación marginal en cambio ambas derivadas cruzadas valen,822901ead9e9e48d6a6875ddd82af3a4bb94922d87c3cfe80b1a1624a60c4720,False
pre-thesis/sections/source-snapshot/appendices/04-sp2-proofs.tex:31:p003,Anexos,Potencial de la puntuación marginal y frontera de integrabilidad,pre-thesis/sections/source-snapshot/appendices/04-sp2-proofs.tex,31,31,47,4,"La función es continua en . Su integral también es continua y diferenciable, aunque su segunda derivada cambie por tramos. El potencial de enlaza de forma continua las regiones y . En ambas regiones, y mediante la derivada correspondiente en la frontera, su gradiente coincide con la puntuación marginal.",74777359e2c27c7ea8b3ffaf23fefee5e1f698f65c4339c5d529d94afcfba058,integral también es continua y diferenciable aunque su segunda derivada cambie por,ed7b45b953c53144e486d6485c455235f892151d57d71e531aa5a8e97094ae40,False
pre-thesis/sections/sp1-wrench-proofs-condensed.tex:4:p001,Otro,Certificado de contacto de E3,pre-thesis/sections/sp1-wrench-proofs-condensed.tex,4,8,32,2,"El objetivo de es coercivo y su Hessiano es definido positivo. Sobre cerrado, convexo y no vacío existe por tanto un minimizador único; si ninguna desigualdad es activa, anular el gradiente produce .",ac5751d501f2e1e51758ba1fb8887fd3527f843666804139c59d4a688519d466,su Hessiano es definido positivo Sobre cerrado convexo y no vacío existe,7ae60606684515cdcd609882928b0904e5489eeb7a9e70821ffc56e77160a926,False
pre-thesis/sections/sp1-wrench-proofs-condensed.tex:10:p002,Otro,Certificado de contacto de E3,pre-thesis/sections/sp1-wrench-proofs-condensed.tex,10,18,52,4,"El reparto regularizado es admisible. Por la definición del mínimo puro, , de modo que aceptar con implica factibilidad pura. La conversa falla: para , y , el reparto tiene residual cero, mientras el regularizado es y su residual . Esto demuestra la Proposición sin atribuir el resultado al cierre entero ni a la planta dinámica.",752cb7f6f9313bb1f82ec547d7b89ba0a546cca3a8e340a82d9806759421d8a7,puro de modo que aceptar con implica factibilidad pura La conversa falla,1974722f86f590239f6b3e0c1c49b95dc553794e29792723b45bdf59a65a8f43,True
pre-thesis/sections/source-snapshot/appendices/06-sp4-proofs.tex:4:p001,Anexos,Demostraciones complementarias de la etapa E4 (SP2),pre-thesis/sections/source-snapshot/appendices/06-sp4-proofs.tex,4,4,40,3,"E4 aporta dos resultados con dominios distintos. El juego de vivacidad posee convexidad fuerte para una instantánea congelada. El servolazo planar disipa energía mientras permanece el contacto modelado; la conmutación, la actualización recedente y la dinámica física requieren análisis adicionales.",7cc7dce05c4eb679d107353e4a82bc0ce7a9fe8cf9cf20bc98a3c9324f7d08e3,vivacidad posee convexidad fuerte para una instantánea congelada El servolazo planar disipa,4916a2d6ef99369ff6b2712c118eabc3a58bf8022374f1c427fd6702715b81c9,False
pre-thesis/sections/source-snapshot/appendices/06-sp4-proofs.tex:15:p002,Anexos,Potencial y equilibrio variacional del juego de vivacidad,pre-thesis/sections/source-snapshot/appendices/06-sp4-proofs.tex,15,15,40,2,"El coste escalar del robot en conserva el término de congestión completo, pero solo incluye el coste lineal y la regularización propios. Para cualquier desviación unilateral factible , los términos lineales y cuadráticos de los demás robots permanecen constantes. Por tanto",24ba1328a72fbfbc70d4249f22362f9803437d7381042ec3aa97f0c27fcd2e2c,regularización propios Para cualquier desviación unilateral factible los términos lineales y cuadráticos,31af41b3e9e0b61b4289587458e39cef0c1a70130b2c60dcb5f3d16994dff134,False
pre-thesis/sections/source-snapshot/appendices/06-sp4-proofs.tex:25:p003,Anexos,Potencial y equilibrio variacional del juego de vivacidad,pre-thesis/sections/source-snapshot/appendices/06-sp4-proofs.tex,25,25,35,2,"por lo que el negativo del gradiente, más el precio compartido, coincide con el pago de . El precio es el multiplicador común de la restricción compartida y no altera la identidad del juego sin restricciones.",61e47e57675a2a808d948cbd441310acaaa7affe5c8abc4390c1e2bf7f5a9a1a,precio es el multiplicador común de la restricción compartida y no altera,07df51850f4d86cd790e429a5e4e14b0341cbc497c7dea27b0f35a1f65da5e18,True
pre-thesis/sections/source-snapshot/appendices/06-sp4-proofs.tex:31:p004,Anexos,Potencial y equilibrio variacional del juego de vivacidad,pre-thesis/sections/source-snapshot/appendices/06-sp4-proofs.tex,31,31,36,3,"La desigualdad anterior hace a -fuertemente convexo. El conjunto factible, intersección del producto de símplex con , es convexo y compacto. Como la acción esperar proporciona un punto de Slater con ocupación nula, existe un único minimizador .",f325d20b84073066ab29567bf2baea448a70a5e75d04cef1657824117bbbfd83,desigualdad anterior hace a fuertemente convexo El conjunto factible intersección del producto,252e41c875c46dc9cecb3b01b1c83e398114825415cb6e7613438f81e2f76185,True
pre-thesis/sections/source-snapshot/appendices/06-sp4-proofs.tex:40:p005,Anexos,Potencial y equilibrio variacional del juego de vivacidad,pre-thesis/sections/source-snapshot/appendices/06-sp4-proofs.tex,40,40,47,3,Al sustituir por el vector de pagos de cada robot se obtiene la desigualdad variacional del juego con restricciones compartidas. Su solución coincide con el único minimizador . La Proposición se restringe a la instantánea continua anterior al cierre entero y a la actualización de costes o conflictos.,fa0b0035ea950374057b176f737e957836c14e13d86316e9255eaf2a8737d3c2,obtiene la desigualdad variacional del juego con restricciones compartidas Su solución coincide,02af4e918aa045ae19262c92a9bd8d8fabf5605212a31c3e2791b940523a0f84,True
pre-thesis/sections/source-snapshot/appendices/06-sp4-proofs.tex:63:p006,Anexos,Disipación del servolazo de pose,pre-thesis/sections/source-snapshot/appendices/06-sp4-proofs.tex,63,63,30,4,"Si , . En el mayor conjunto invariante contenido en se cumple y, por la dinámica, . Como , . El principio de invariancia de LaSalle da estabilidad asintótica local en la carta angular considerada.",295605029b48ed086857302ae332785ca9059ff193d1937cbd7c2e2ed20550c6,invariancia de LaSalle da estabilidad asintótica local en la carta angular considerada,c1bd52f62fb765acd821924b003abbeec3b1aabd7fd6569accb942f93a862075,False
pre-thesis/sections/source-snapshot/appendices/06-sp4-proofs.tex:65:p007,Anexos,Disipación del servolazo de pose,pre-thesis/sections/source-snapshot/appendices/06-sp4-proofs.tex,65,73,33,3,"Para se fija una longitud de referencia y se normalizan las coordenadas mediante , con . Defínanse , y . Así, las componentes traslacionales y rotacionales se comparan en una métrica declarada. La desigualdad de Young implica",81381b6ea23cfdd738ac23ab4bceb187209d0f5bf83667e2359f4a40a25879ef,Así las componentes traslacionales y rotacionales se comparan en una métrica declarada,0648fec026cf0a57e7469f1b4c7ca148564641da502612d049b69c0cb89a1190,True
pre-thesis/sections/source-snapshot/appendices/06-sp4-proofs.tex:84:p008,Anexos,Disipación del servolazo de pose,pre-thesis/sections/source-snapshot/appendices/06-sp4-proofs.tex,84,88,46,2,"La cota establece disipación con como entrada para la escala fijada; su valor numérico no es invariante frente a un cambio de esa escala. Cuando el residual persiste, el término \(\| r_k^W\|_2^2/(2 _D)\) impide deducir convergencia exacta a partir de esta desigualdad.",528a7f2420d93ab395ec5c2c01f3d1de2248ef5cd70816e9df307e2d932aa3dd,término r k W 2 2 2 D impide deducir convergencia exacta,20900efa1f90aa81b3f86c9dbae56142ef0f8bf5e789077760f6a64298f3c900,True
pre-thesis/sections/source-snapshot/appendices/08-sp7-proofs.tex:4:p001,Anexos,Demostraciones complementarias de la etapa E7 (SP3),pre-thesis/sections/source-snapshot/appendices/08-sp7-proofs.tex,4,4,36,2,"E7 formaliza tráfico sobre un grafo inflado y movimiento muestreado. El potencial usa catálogos finitos, recursos no ponderados y costes fijos; los invariantes exigen mensajes coherentes y no cubren dinámica continua, contacto, localización ni red imperfecta.",2e268393db2b73c94e61ecbfb80d43e4ab49aafc062f54a785b6ea81e0038c26,invariantes exigen mensajes coherentes y no cubren dinámica continua contacto localización ni,014ca67a102a1c638460884c352f781bdb1104986051842df73329642dc6ca03,True
pre-thesis/sections/source-snapshot/appendices/08-sp7-proofs.tex:9:p002,Anexos,Identidad de potencial exacto,pre-thesis/sections/source-snapshot/appendices/08-sp7-proofs.tex,9,9,21,1,"Fijadas , sea el número de sus rutas que usa . Como , añadir la ruta de incrementa cada término de pares en y",9a3d705d89e0afab5862821995b1226e120d4f34e2ee92748980f6e0ee5eaa3d,sus rutas que usa Como añadir la ruta de incrementa cada término,262181943041c161d2bcc28668eace9704032254d5c4e7381d4db6c8b1702ced,False
pre-thesis/sections/source-snapshot/appendices/08-sp7-proofs.tex:14:p003,Anexos,Identidad de potencial exacto,pre-thesis/sections/source-snapshot/appendices/08-sp7-proofs.tex,14,14,35,2,"Esta es la identidad de potencial exacto . Una mejora estricta no repite ninguno de los perfiles; todo camino maximal alcanza un Nash en, a lo sumo, cambios, pero una trayectoria truncada no hereda la conclusión.",150998a67760f041ca1490c820ce02660f5d6b07dd65da62a291319f78db4b08,mejora estricta no repite ninguno de los perfiles todo camino maximal alcanza,770a033b14a34683558d475d5d10e1dc147ec66f0648736e71fd276b2d0e8b1c,False
pre-thesis/sections/source-snapshot/appendices/08-sp7-proofs.tex:19:p004,Anexos,Condición suficiente para excluir conflictos,pre-thesis/sections/source-snapshot/appendices/08-sp7-proofs.tex,19,19,55,5,"Si y , la definición proporciona una desviación con y , donde . Para , se cumple . Para , la definición da , con el mismo signo positivo. La exactitud transfiere esta mejora del potencial al pago unilateral; por eso, todo Nash satisface . Cuando ninguna desviación unilateral reduce , se obtiene y la proposición deja fuera ese pasillo o cuello de botella.",6617059e2a06f42204aefd364c86f3f69e9c00ba5b76c702b90f0ec5351bc18b,definición da con el mismo signo positivo La exactitud transfiere esta mejora,581c51a1da021ec348fa08ea943fb9533954b39c82e87642afdce1258ed04ac2,False
pre-thesis/sections/source-snapshot/appendices/08-sp7-proofs.tex:24:p005,Anexos,Invariante lógico de la reserva,pre-thesis/sections/source-snapshot/appendices/08-sp7-proofs.tex,24,24,48,2,"Desde una zona libre, el arbitraje asigna un propietario único y conserva el testigo hasta observar su salida y el despeje. Cada autorización mantiene destino único, evita el intercambio opuesto y excluye nodos estacionarios; por inducción, dos entradas incompatibles nunca quedan autorizadas y los nodos activos permanecen distintos.",c18aabea25d007bbc7def7e63571c9d1f88e2764be00f5db69b15e93d565a2f5,autorización mantiene destino único evita el intercambio opuesto y excluye nodos estacionarios,3112681a2115e080cb535aebe72aaca0c1b935653bd235e9ef58ce02549d170e,False
pre-thesis/sections/source-snapshot/appendices/08-sp7-proofs.tex:29:p006,Anexos,Ausencia condicional de inanición,pre-thesis/sections/source-snapshot/appendices/08-sp7-proofs.tex,29,29,54,4,"Sea un conjunto finito de solicitantes persistentes. Mientras espera, aumenta; tras cruzar, el propietario libera y abandona la competencia. En cada liberación se elige el máximo lexicográfico de . Si algún nunca fuese elegido, los demás saldrían en tiempo finito y sería el máximo siguiente, contradicción que requiere liberación, finito y ausencia de reingreso indefinido.",eb4b6a2508b7534f2991061a3546251a5a32121559cda41fd8922d2f6de01417,solicitantes persistentes Mientras espera aumenta tras cruzar el propietario libera y abandona,b376accd804ed2dc708b0b672ad77908b2faffff53e64f2f472e808f4b344193,False
pre-thesis/sections/source-snapshot/appendices/08-sp7-proofs.tex:31:p007,Anexos,Ausencia condicional de inanición,pre-thesis/sections/source-snapshot/appendices/08-sp7-proofs.tex,31,31,30,2,Los invariantes certifican exclusión lógica en instantes muestreados. La separación entre muestras requiere que inflación e interpolación respeten la huella; la ejecución física añade una guardia como la de E5.,4bfd3eaece8ba5511c72942cf150167be454be6d374615ccbcda9a2d0bf64326,instantes muestreados La separación entre muestras requiere que inflación e interpolación respeten,90e2c022f5f03bf1e382a61ce772e07ef389db3daa29a74ac241614ac9d412ef,False
